[log] /scratch/users/ntu/kenneth0/FYP-SmartObjectCounter/logs/train_rgbt_late_e400_12844540.pbs101_20260207_174356.log
[job] name=train_rgbt_late_e400 id=12844540.pbs101 host=x1000c3s5b0n0 time=Sat Feb  7 17:43:56 +08 2026
torch 2.6.0+cu118 cuda True
[init] device = cuda
[init] train = 1030  val = 200  workers = 4
/scratch/users/ntu/kenneth0/FYP-SmartObjectCounter/scripts/train_rgbt.py:383: FutureWarning: `torch.cuda.amp.GradScaler(args...)` is deprecated. Please use `torch.amp.GradScaler('cuda', args...)` instead.
  scaler = GradScaler(enabled = bool(args.amp))
[e001 s0001/1030] loss = 279.644684
[e001 s0050/1030] loss = 12.886390
[e001 s0100/1030] loss = 7.384389
[e001 s0150/1030] loss = 5.454519
[e001 s0200/1030] loss = 4.731481
[e001 s0250/1030] loss = 4.347600
[e001 s0300/1030] loss = 3.979777
[e001 s0350/1030] loss = 3.784931
[e001 s0400/1030] loss = 3.737745
[e001 s0450/1030] loss = 4.610442
[e001 s0500/1030] loss = 4.372829
[e001 s0550/1030] loss = 4.184769
[e001 s0600/1030] loss = 4.085379
[e001 s0650/1030] loss = 4.024824
[e001 s0700/1030] loss = 3.987264
[e001 s0750/1030] loss = 3.919184
[e001 s0800/1030] loss = 3.817874
[e001 s0850/1030] loss = 3.872286
[e001 s0900/1030] loss = 3.767037
[e001 s0950/1030] loss = 3.809593
[e001 s1000/1030] loss = 3.755427
Epoch 001: train_loss = 3.731151  MAE/GAME0 = 23.228  RMSE = 42.235  GAME1 = 23.235  GAME2 = 23.244  GAME3 = 23.250  lr = 1.00e-05  time = 14.9s
[e002 s0001/1030] loss = 0.050044
[e002 s0050/1030] loss = 1.817613
[e002 s0100/1030] loss = 1.870137
[e002 s0150/1030] loss = 2.469768
[e002 s0200/1030] loss = 2.348617
[e002 s0250/1030] loss = 2.495804
[e002 s0300/1030] loss = 2.923622
[e002 s0350/1030] loss = 3.558527
[e002 s0400/1030] loss = 3.565541
[e002 s0450/1030] loss = 4.072881
[e002 s0500/1030] loss = 3.938538
[e002 s0550/1030] loss = 3.775837
[e002 s0600/1030] loss = 3.731143
[e002 s0650/1030] loss = 3.722843
[e002 s0700/1030] loss = 3.742232
[e002 s0750/1030] loss = 3.615969
[e002 s0800/1030] loss = 3.629808
[e002 s0850/1030] loss = 3.633968
[e002 s0900/1030] loss = 3.566814
[e002 s0950/1030] loss = 3.563266
[e002 s1000/1030] loss = 3.555884
Epoch 002: train_loss = 3.527761  MAE/GAME0 = 23.243  RMSE = 42.247  GAME1 = 23.243  GAME2 = 23.246  GAME3 = 23.246  lr = 1.00e-05  time = 12.9s
[e003 s0001/1030] loss = 0.000000
[e003 s0050/1030] loss = 1.970350
[e003 s0100/1030] loss = 2.353100
[e003 s0150/1030] loss = 2.847807
[e003 s0200/1030] loss = 5.525661
[e003 s0250/1030] loss = 4.788542
[e003 s0300/1030] loss = 4.613147
[e003 s0350/1030] loss = 4.213469
[e003 s0400/1030] loss = 4.309626
[e003 s0450/1030] loss = 4.068170
[e003 s0500/1030] loss = 3.935077
[e003 s0550/1030] loss = 3.760560
[e003 s0600/1030] loss = 3.707991
[e003 s0650/1030] loss = 3.592145
[e003 s0700/1030] loss = 3.547410
[e003 s0750/1030] loss = 3.504989
[e003 s0800/1030] loss = 3.442090
[e003 s0850/1030] loss = 3.475861
[e003 s0900/1030] loss = 3.546903
[e003 s0950/1030] loss = 3.556396
[e003 s1000/1030] loss = 3.504401
Epoch 003: train_loss = 3.528745  MAE/GAME0 = 23.243  RMSE = 42.247  GAME1 = 23.243  GAME2 = 23.247  GAME3 = 23.247  lr = 1.00e-05  time = 12.8s
[e004 s0001/1030] loss = 0.110926
[e004 s0050/1030] loss = 2.809505
[e004 s0100/1030] loss = 2.697449
[e004 s0150/1030] loss = 2.881736
[e004 s0200/1030] loss = 2.943143
[e004 s0250/1030] loss = 2.709350
[e004 s0300/1030] loss = 2.960338
[e004 s0350/1030] loss = 3.220384
[e004 s0400/1030] loss = 3.121220
[e004 s0450/1030] loss = 3.087640
[e004 s0500/1030] loss = 2.965603
[e004 s0550/1030] loss = 2.904485
[e004 s0600/1030] loss = 3.041731
[e004 s0650/1030] loss = 3.155906
[e004 s0700/1030] loss = 3.010627
[e004 s0750/1030] loss = 3.067537
[e004 s0800/1030] loss = 3.099711
[e004 s0850/1030] loss = 3.291912
[e004 s0900/1030] loss = 3.279722
[e004 s0950/1030] loss = 3.486192
[e004 s1000/1030] loss = 3.545621
Epoch 004: train_loss = 3.690908  MAE/GAME0 = 23.243  RMSE = 42.247  GAME1 = 23.243  GAME2 = 23.247  GAME3 = 23.247  lr = 1.00e-05  time = 13.5s
[e005 s0001/1030] loss = 0.219530
[e005 s0050/1030] loss = 2.321338
[e005 s0100/1030] loss = 2.345322
[e005 s0150/1030] loss = 2.823966
[e005 s0200/1030] loss = 2.795113
[e005 s0250/1030] loss = 3.260049
[e005 s0300/1030] loss = 3.050272
[e005 s0350/1030] loss = 2.840849
[e005 s0400/1030] loss = 3.287060
[e005 s0450/1030] loss = 3.163387
[e005 s0500/1030] loss = 3.115709
[e005 s0550/1030] loss = 3.089981
[e005 s0600/1030] loss = 2.975710
[e005 s0650/1030] loss = 3.181898
[e005 s0700/1030] loss = 3.148425
[e005 s0750/1030] loss = 3.153560
[e005 s0800/1030] loss = 3.032727
[e005 s0850/1030] loss = 3.028407
[e005 s0900/1030] loss = 3.004199
[e005 s0950/1030] loss = 2.952496
[e005 s1000/1030] loss = 3.012039
Epoch 005: train_loss = 2.978535  MAE/GAME0 = 23.244  RMSE = 42.247  GAME1 = 23.244  GAME2 = 23.246  GAME3 = 23.246  lr = 1.00e-05  time = 12.9s
[e006 s0001/1030] loss = 0.050044
[e006 s0050/1030] loss = 2.285461
[e006 s0100/1030] loss = 2.626123
[e006 s0150/1030] loss = 2.672749
[e006 s0200/1030] loss = 2.736881
[e006 s0250/1030] loss = 2.595358
[e006 s0300/1030] loss = 2.577211
[e006 s0350/1030] loss = 2.569381
[e006 s0400/1030] loss = 3.761721
[e006 s0450/1030] loss = 3.570714
[e006 s0500/1030] loss = 3.443025
[e006 s0550/1030] loss = 3.396066
[e006 s0600/1030] loss = 3.296307
[e006 s0650/1030] loss = 3.705547
[e006 s0700/1030] loss = 3.730072
[e006 s0750/1030] loss = 3.807908
[e006 s0800/1030] loss = 3.885497
[e006 s0850/1030] loss = 3.779266
[e006 s0900/1030] loss = 3.761723
[e006 s0950/1030] loss = 3.889368
[e006 s1000/1030] loss = 3.895988
Epoch 006: train_loss = 3.901970  MAE/GAME0 = 23.244  RMSE = 42.248  GAME1 = 23.244  GAME2 = 23.246  GAME3 = 23.246  lr = 1.00e-05  time = 13.0s
[e007 s0001/1030] loss = 8.647887
[e007 s0050/1030] loss = 3.860817
[e007 s0100/1030] loss = 3.752408
[e007 s0150/1030] loss = 3.264125
[e007 s0200/1030] loss = 3.166164
[e007 s0250/1030] loss = 3.355997
[e007 s0300/1030] loss = 3.327245
[e007 s0350/1030] loss = 3.859436
[e007 s0400/1030] loss = 4.358153
[e007 s0450/1030] loss = 4.606302
[e007 s0500/1030] loss = 4.423792
[e007 s0550/1030] loss = 4.368999
[e007 s0600/1030] loss = 4.206766
[e007 s0650/1030] loss = 4.072930
[e007 s0700/1030] loss = 3.932744
[e007 s0750/1030] loss = 3.832643
[e007 s0800/1030] loss = 3.724758
[e007 s0850/1030] loss = 3.681412
[e007 s0900/1030] loss = 3.679330
[e007 s0950/1030] loss = 3.686087
[e007 s1000/1030] loss = 3.664626
Epoch 007: train_loss = 3.642018  MAE/GAME0 = 23.245  RMSE = 42.248  GAME1 = 23.245  GAME2 = 23.245  GAME3 = 23.245  lr = 1.00e-05  time = 12.9s
[e008 s0001/1030] loss = 6.657078
[e008 s0050/1030] loss = 2.194220
[e008 s0100/1030] loss = 3.001729
[e008 s0150/1030] loss = 3.536990
[e008 s0200/1030] loss = 3.380329
[e008 s0250/1030] loss = 3.313532
[e008 s0300/1030] loss = 3.322329
[e008 s0350/1030] loss = 3.200634
[e008 s0400/1030] loss = 3.145294
[e008 s0450/1030] loss = 3.735692
[e008 s0500/1030] loss = 3.590828
[e008 s0550/1030] loss = 3.507621
[e008 s0600/1030] loss = 3.518330
[e008 s0650/1030] loss = 3.660384
[e008 s0700/1030] loss = 3.656263
[e008 s0750/1030] loss = 3.565571
[e008 s0800/1030] loss = 3.528082
[e008 s0850/1030] loss = 3.440390
[e008 s0900/1030] loss = 3.444555
[e008 s0950/1030] loss = 3.398666
[e008 s1000/1030] loss = 3.300972
Epoch 008: train_loss = 3.318436  MAE/GAME0 = 23.245  RMSE = 42.248  GAME1 = 23.245  GAME2 = 23.245  GAME3 = 23.245  lr = 1.00e-05  time = 13.2s
[e009 s0001/1030] loss = 1.763189
[e009 s0050/1030] loss = 4.239100
[e009 s0100/1030] loss = 5.030204
[e009 s0150/1030] loss = 5.269857
[e009 s0200/1030] loss = 5.539195
[e009 s0250/1030] loss = 4.659827
[e009 s0300/1030] loss = 4.451604
[e009 s0350/1030] loss = 4.090758
[e009 s0400/1030] loss = 4.006040
[e009 s0450/1030] loss = 3.909777
[e009 s0500/1030] loss = 3.780467
[e009 s0550/1030] loss = 3.718548
[e009 s0600/1030] loss = 3.600534
[e009 s0650/1030] loss = 3.459738
[e009 s0700/1030] loss = 3.346798
[e009 s0750/1030] loss = 3.368079
[e009 s0800/1030] loss = 3.282831
[e009 s0850/1030] loss = 3.303859
[e009 s0900/1030] loss = 3.245737
[e009 s0950/1030] loss = 3.170558
[e009 s1000/1030] loss = 3.176179
Epoch 009: train_loss = 3.213748  MAE/GAME0 = 23.245  RMSE = 42.248  GAME1 = 23.245  GAME2 = 23.245  GAME3 = 23.245  lr = 1.00e-05  time = 13.1s
[e010 s0001/1030] loss = 0.450283
[e010 s0050/1030] loss = 3.816215
[e010 s0100/1030] loss = 3.312390
[e010 s0150/1030] loss = 3.668774
[e010 s0200/1030] loss = 3.328729
[e010 s0250/1030] loss = 3.854969
[e010 s0300/1030] loss = 3.683333
[e010 s0350/1030] loss = 3.506167
[e010 s0400/1030] loss = 3.556781
[e010 s0450/1030] loss = 3.985690
[e010 s0500/1030] loss = 3.839875
[e010 s0550/1030] loss = 3.697146
[e010 s0600/1030] loss = 3.578495
[e010 s0650/1030] loss = 3.610862
[e010 s0700/1030] loss = 3.572192
[e010 s0750/1030] loss = 3.432063
[e010 s0800/1030] loss = 3.394956
[e010 s0850/1030] loss = 3.383311
[e010 s0900/1030] loss = 3.418846
[e010 s0950/1030] loss = 3.502166
[e010 s1000/1030] loss = 3.430271
Epoch 010: train_loss = 3.428511  MAE/GAME0 = 23.245  RMSE = 42.248  GAME1 = 23.245  GAME2 = 23.245  GAME3 = 23.245  lr = 1.00e-05  time = 12.9s
[e011 s0001/1030] loss = 1.040717
[e011 s0050/1030] loss = 2.231812
[e011 s0100/1030] loss = 3.132366
[e011 s0150/1030] loss = 3.224287
[e011 s0200/1030] loss = 3.835753
[e011 s0250/1030] loss = 3.332265
[e011 s0300/1030] loss = 3.080738
[e011 s0350/1030] loss = 3.048752
[e011 s0400/1030] loss = 3.186292
[e011 s0450/1030] loss = 3.025261
[e011 s0500/1030] loss = 2.972755
[e011 s0550/1030] loss = 2.980717
[e011 s0600/1030] loss = 2.875909
[e011 s0650/1030] loss = 2.916051
[e011 s0700/1030] loss = 2.946712
[e011 s0750/1030] loss = 2.946939
[e011 s0800/1030] loss = 2.939012
[e011 s0850/1030] loss = 2.936166
[e011 s0900/1030] loss = 3.144353
[e011 s0950/1030] loss = 3.583864
[e011 s1000/1030] loss = 3.517790
Epoch 011: train_loss = 3.472866  MAE/GAME0 = 23.245  RMSE = 42.248  GAME1 = 23.245  GAME2 = 23.245  GAME3 = 23.245  lr = 1.00e-05  time = 12.9s
[e012 s0001/1030] loss = 0.000000
[e012 s0050/1030] loss = 1.758609
[e012 s0100/1030] loss = 1.965184
[e012 s0150/1030] loss = 2.728539
[e012 s0200/1030] loss = 2.699004
[e012 s0250/1030] loss = 2.989925
[e012 s0300/1030] loss = 2.935361
[e012 s0350/1030] loss = 2.860009
[e012 s0400/1030] loss = 2.744544
[e012 s0450/1030] loss = 2.904544
[e012 s0500/1030] loss = 2.825863
[e012 s0550/1030] loss = 3.012522
[e012 s0600/1030] loss = 3.127031
[e012 s0650/1030] loss = 3.454618
[e012 s0700/1030] loss = 3.563905
[e012 s0750/1030] loss = 3.493197
[e012 s0800/1030] loss = 3.479245
[e012 s0850/1030] loss = 3.588502
[e012 s0900/1030] loss = 3.521450
[e012 s0950/1030] loss = 3.472335
[e012 s1000/1030] loss = 3.468643
Epoch 012: train_loss = 3.467749  MAE/GAME0 = 23.245  RMSE = 42.248  GAME1 = 23.245  GAME2 = 23.245  GAME3 = 23.245  lr = 1.00e-05  time = 13.0s
[e013 s0001/1030] loss = 11.850760
[e013 s0050/1030] loss = 4.163100
[e013 s0100/1030] loss = 2.787635
[e013 s0150/1030] loss = 2.384250
[e013 s0200/1030] loss = 2.383253
[e013 s0250/1030] loss = 2.899717
[e013 s0300/1030] loss = 3.055929
[e013 s0350/1030] loss = 3.148423
[e013 s0400/1030] loss = 3.061619
[e013 s0450/1030] loss = 2.980065
[e013 s0500/1030] loss = 2.939259
[e013 s0550/1030] loss = 2.872818
[e013 s0600/1030] loss = 2.833997
[e013 s0650/1030] loss = 3.184959
[e013 s0700/1030] loss = 3.152360
[e013 s0750/1030] loss = 3.105556
[e013 s0800/1030] loss = 3.061429
[e013 s0850/1030] loss = 3.047017
[e013 s0900/1030] loss = 3.101090
[e013 s0950/1030] loss = 3.141012
[e013 s1000/1030] loss = 3.071161
Epoch 013: train_loss = 3.324624  MAE/GAME0 = 23.245  RMSE = 42.248  GAME1 = 23.245  GAME2 = 23.245  GAME3 = 23.245  lr = 1.00e-05  time = 12.9s
[e014 s0001/1030] loss = 0.784086
[e014 s0050/1030] loss = 1.768140
[e014 s0100/1030] loss = 2.410741
[e014 s0150/1030] loss = 2.594080
[e014 s0200/1030] loss = 2.210940
[e014 s0250/1030] loss = 2.193298
[e014 s0300/1030] loss = 2.217814
[e014 s0350/1030] loss = 2.816201
[e014 s0400/1030] loss = 3.332172
[e014 s0450/1030] loss = 3.259595
[e014 s0500/1030] loss = 3.146748
[e014 s0550/1030] loss = 3.383513
[e014 s0600/1030] loss = 3.581061
[e014 s0650/1030] loss = 3.552842
[e014 s0700/1030] loss = 3.553091
[e014 s0750/1030] loss = 3.537156
[e014 s0800/1030] loss = 3.658937
[e014 s0850/1030] loss = 3.560345
[e014 s0900/1030] loss = 3.469454
[e014 s0950/1030] loss = 3.707116
[e014 s1000/1030] loss = 3.691813
Epoch 014: train_loss = 3.736084  MAE/GAME0 = 23.245  RMSE = 42.248  GAME1 = 23.245  GAME2 = 23.245  GAME3 = 23.245  lr = 1.00e-05  time = 12.9s
[e015 s0001/1030] loss = 0.050645
[e015 s0050/1030] loss = 2.525505
[e015 s0100/1030] loss = 4.278430
[e015 s0150/1030] loss = 3.943139
[e015 s0200/1030] loss = 3.699918
[e015 s0250/1030] loss = 3.659297
[e015 s0300/1030] loss = 3.405159
[e015 s0350/1030] loss = 3.477812
[e015 s0400/1030] loss = 3.375479
[e015 s0450/1030] loss = 3.320748
[e015 s0500/1030] loss = 3.367562
[e015 s0550/1030] loss = 3.454829
[e015 s0600/1030] loss = 3.358886
[e015 s0650/1030] loss = 3.275502
[e015 s0700/1030] loss = 3.311070
[e015 s0750/1030] loss = 3.370847
[e015 s0800/1030] loss = 3.342779
[e015 s0850/1030] loss = 3.556505
[e015 s0900/1030] loss = 3.614250
[e015 s0950/1030] loss = 3.648610
[e015 s1000/1030] loss = 3.574789
Epoch 015: train_loss = 3.592796  MAE/GAME0 = 23.245  RMSE = 42.248  GAME1 = 23.245  GAME2 = 23.245  GAME3 = 23.245  lr = 1.00e-05  time = 12.9s
[e016 s0001/1030] loss = 0.231778
[e016 s0050/1030] loss = 2.215677
[e016 s0100/1030] loss = 2.106727
[e016 s0150/1030] loss = 3.394071
[e016 s0200/1030] loss = 4.100852
[e016 s0250/1030] loss = 3.904146
[e016 s0300/1030] loss = 3.647235
[e016 s0350/1030] loss = 3.945611
[e016 s0400/1030] loss = 4.001885
[e016 s0450/1030] loss = 4.003246
[e016 s0500/1030] loss = 3.942382
[e016 s0550/1030] loss = 3.872460
[e016 s0600/1030] loss = 3.757854
[e016 s0650/1030] loss = 3.605419
[e016 s0700/1030] loss = 3.697353
[e016 s0750/1030] loss = 3.643649
[e016 s0800/1030] loss = 3.517107
[e016 s0850/1030] loss = 3.453001
[e016 s0900/1030] loss = 3.421315
[e016 s0950/1030] loss = 3.472767
[e016 s1000/1030] loss = 3.422082
Epoch 016: train_loss = 3.377220  MAE/GAME0 = 23.245  RMSE = 42.248  GAME1 = 23.245  GAME2 = 23.245  GAME3 = 23.245  lr = 1.00e-05  time = 13.0s
[e017 s0001/1030] loss = 4.258626
[e017 s0050/1030] loss = 2.844089
[e017 s0100/1030] loss = 3.351311
[e017 s0150/1030] loss = 3.829041
[e017 s0200/1030] loss = 3.307104
[e017 s0250/1030] loss = 3.040161
[e017 s0300/1030] loss = 3.045297
[e017 s0350/1030] loss = 2.967675
[e017 s0400/1030] loss = 3.002315
[e017 s0450/1030] loss = 3.046021
[e017 s0500/1030] loss = 3.380560
[e017 s0550/1030] loss = 3.285187
[e017 s0600/1030] loss = 3.215518
[e017 s0650/1030] loss = 3.192225
[e017 s0700/1030] loss = 3.136286
[e017 s0750/1030] loss = 3.144735
[e017 s0800/1030] loss = 3.185855
[e017 s0850/1030] loss = 3.120196
[e017 s0900/1030] loss = 3.303735
[e017 s0950/1030] loss = 3.274523
[e017 s1000/1030] loss = 3.253483
Epoch 017: train_loss = 3.200278  MAE/GAME0 = 23.245  RMSE = 42.248  GAME1 = 23.245  GAME2 = 23.245  GAME3 = 23.245  lr = 1.00e-05  time = 12.9s
[e018 s0001/1030] loss = 0.067631
[e018 s0050/1030] loss = 3.206159
[e018 s0100/1030] loss = 3.479549
[e018 s0150/1030] loss = 3.136155
[e018 s0200/1030] loss = 3.254352
[e018 s0250/1030] loss = 3.292430
[e018 s0300/1030] loss = 3.975336
[e018 s0350/1030] loss = 3.729278
[e018 s0400/1030] loss = 3.572365
[e018 s0450/1030] loss = 3.533310
[e018 s0500/1030] loss = 3.468005
[e018 s0550/1030] loss = 3.534874
[e018 s0600/1030] loss = 3.408541
[e018 s0650/1030] loss = 3.343038
[e018 s0700/1030] loss = 3.403018
[e018 s0750/1030] loss = 3.264207
[e018 s0800/1030] loss = 3.230741
[e018 s0850/1030] loss = 3.207875
[e018 s0900/1030] loss = 3.129311
[e018 s0950/1030] loss = 3.099046
[e018 s1000/1030] loss = 3.165364
Epoch 018: train_loss = 3.404810  MAE/GAME0 = 23.245  RMSE = 42.248  GAME1 = 23.245  GAME2 = 23.245  GAME3 = 23.245  lr = 1.00e-05  time = 12.7s
[e019 s0001/1030] loss = 3.607594
[e019 s0050/1030] loss = 2.567940
[e019 s0100/1030] loss = 2.910180
[e019 s0150/1030] loss = 3.453216
[e019 s0200/1030] loss = 3.124335
[e019 s0250/1030] loss = 3.860926
[e019 s0300/1030] loss = 3.639752
[e019 s0350/1030] loss = 3.525888
[e019 s0400/1030] loss = 3.649882
[e019 s0450/1030] loss = 3.770336
[e019 s0500/1030] loss = 3.587232
[e019 s0550/1030] loss = 3.428248
[e019 s0600/1030] loss = 3.307567
[e019 s0650/1030] loss = 3.188194
[e019 s0700/1030] loss = 3.103342
[e019 s0750/1030] loss = 3.200673
[e019 s0800/1030] loss = 3.145024
[e019 s0850/1030] loss = 3.154655
[e019 s0900/1030] loss = 3.188540
[e019 s0950/1030] loss = 3.176582
[e019 s1000/1030] loss = 3.117007
Epoch 019: train_loss = 3.074027  MAE/GAME0 = 23.245  RMSE = 42.248  GAME1 = 23.245  GAME2 = 23.245  GAME3 = 23.245  lr = 1.00e-05  time = 13.1s
[e020 s0001/1030] loss = 2.408193
[e020 s0050/1030] loss = 3.105135
[e020 s0100/1030] loss = 3.560005
[e020 s0150/1030] loss = 3.189788
[e020 s0200/1030] loss = 2.934188
[e020 s0250/1030] loss = 3.654682
[e020 s0300/1030] loss = 3.435260
[e020 s0350/1030] loss = 3.597187
[e020 s0400/1030] loss = 3.525426
[e020 s0450/1030] loss = 3.602188
[e020 s0500/1030] loss = 3.380144
[e020 s0550/1030] loss = 3.650977
[e020 s0600/1030] loss = 3.618257
[e020 s0650/1030] loss = 3.575588
[e020 s0700/1030] loss = 3.451925
[e020 s0750/1030] loss = 3.449600
[e020 s0800/1030] loss = 3.442536
[e020 s0850/1030] loss = 3.392574
[e020 s0900/1030] loss = 3.329447
[e020 s0950/1030] loss = 3.268850
[e020 s1000/1030] loss = 3.249266
Epoch 020: train_loss = 3.328164  MAE/GAME0 = 23.245  RMSE = 42.248  GAME1 = 23.245  GAME2 = 23.245  GAME3 = 23.245  lr = 1.00e-05  time = 13.0s
[e021 s0001/1030] loss = 0.845309
[e021 s0050/1030] loss = 2.444054
[e021 s0100/1030] loss = 2.929812
[e021 s0150/1030] loss = 2.848963
[e021 s0200/1030] loss = 3.035276
[e021 s0250/1030] loss = 3.300923
[e021 s0300/1030] loss = 3.291754
[e021 s0350/1030] loss = 3.031798
[e021 s0400/1030] loss = 3.140233
[e021 s0450/1030] loss = 3.242562
[e021 s0500/1030] loss = 3.170764
[e021 s0550/1030] loss = 3.141495
[e021 s0600/1030] loss = 3.029907
[e021 s0650/1030] loss = 3.065419
[e021 s0700/1030] loss = 3.080244
[e021 s0750/1030] loss = 2.978773
[e021 s0800/1030] loss = 2.979017
[e021 s0850/1030] loss = 3.574397
[e021 s0900/1030] loss = 3.552621
[e021 s0950/1030] loss = 3.466312
[e021 s1000/1030] loss = 3.758828
Epoch 021: train_loss = 3.707864  MAE/GAME0 = 23.245  RMSE = 42.248  GAME1 = 23.245  GAME2 = 23.245  GAME3 = 23.245  lr = 1.00e-05  time = 13.2s
[e022 s0001/1030] loss = 6.384504
[e022 s0050/1030] loss = 1.458674
[e022 s0100/1030] loss = 1.883352
[e022 s0150/1030] loss = 2.311570
[e022 s0200/1030] loss = 2.700163
[e022 s0250/1030] loss = 2.784764
[e022 s0300/1030] loss = 2.905664
[e022 s0350/1030] loss = 3.480695
[e022 s0400/1030] loss = 3.635344
[e022 s0450/1030] loss = 3.609843
[e022 s0500/1030] loss = 3.944706
[e022 s0550/1030] loss = 3.964299
[e022 s0600/1030] loss = 4.131660
[e022 s0650/1030] loss = 3.961398
[e022 s0700/1030] loss = 3.855772
[e022 s0750/1030] loss = 3.715001
[e022 s0800/1030] loss = 3.634301
[e022 s0850/1030] loss = 3.569000
[e022 s0900/1030] loss = 3.521005
[e022 s0950/1030] loss = 3.441501
[e022 s1000/1030] loss = 3.410531
Epoch 022: train_loss = 3.372406  MAE/GAME0 = 23.245  RMSE = 42.248  GAME1 = 23.245  GAME2 = 23.245  GAME3 = 23.245  lr = 1.00e-05  time = 13.1s
[e023 s0001/1030] loss = 1.677038
[e023 s0050/1030] loss = 2.132694
[e023 s0100/1030] loss = 2.924938
[e023 s0150/1030] loss = 2.915102
[e023 s0200/1030] loss = 2.965449
[e023 s0250/1030] loss = 2.990478
[e023 s0300/1030] loss = 2.972056
[e023 s0350/1030] loss = 2.936131
[e023 s0400/1030] loss = 2.928164
[e023 s0450/1030] loss = 2.939642
[e023 s0500/1030] loss = 2.874331
[e023 s0550/1030] loss = 2.907244
[e023 s0600/1030] loss = 3.158014
[e023 s0650/1030] loss = 3.098860
[e023 s0700/1030] loss = 3.316971
[e023 s0750/1030] loss = 3.427828
[e023 s0800/1030] loss = 3.428923
[e023 s0850/1030] loss = 3.430143
[e023 s0900/1030] loss = 3.412559
[e023 s0950/1030] loss = 3.399832
[e023 s1000/1030] loss = 3.416166
Epoch 023: train_loss = 3.414806  MAE/GAME0 = 23.245  RMSE = 42.248  GAME1 = 23.245  GAME2 = 23.245  GAME3 = 23.245  lr = 1.00e-05  time = 13.2s
[e024 s0001/1030] loss = 4.027434
[e024 s0050/1030] loss = 3.598332
[e024 s0100/1030] loss = 3.570743
[e024 s0150/1030] loss = 3.215274
[e024 s0200/1030] loss = 3.137381
[e024 s0250/1030] loss = 3.015058
[e024 s0300/1030] loss = 3.394475
[e024 s0350/1030] loss = 3.257216
[e024 s0400/1030] loss = 3.307418
[e024 s0450/1030] loss = 3.286675
[e024 s0500/1030] loss = 3.169528
[e024 s0550/1030] loss = 3.064613
[e024 s0600/1030] loss = 2.998831
[e024 s0650/1030] loss = 2.975355
[e024 s0700/1030] loss = 2.907195
[e024 s0750/1030] loss = 2.943160
[e024 s0800/1030] loss = 3.138435
[e024 s0850/1030] loss = 3.100360
[e024 s0900/1030] loss = 3.119649
[e024 s0950/1030] loss = 3.127750
[e024 s1000/1030] loss = 3.050422
Epoch 024: train_loss = 3.025106  MAE/GAME0 = 23.245  RMSE = 42.248  GAME1 = 23.245  GAME2 = 23.245  GAME3 = 23.245  lr = 1.00e-05  time = 12.9s
[e025 s0001/1030] loss = 0.120269
[e025 s0050/1030] loss = 1.855002
[e025 s0100/1030] loss = 2.250800
[e025 s0150/1030] loss = 2.452504
[e025 s0200/1030] loss = 2.383053
[e025 s0250/1030] loss = 3.037253
[e025 s0300/1030] loss = 3.017555
[e025 s0350/1030] loss = 3.520064
[e025 s0400/1030] loss = 3.295027
[e025 s0450/1030] loss = 3.170613
[e025 s0500/1030] loss = 3.041951
[e025 s0550/1030] loss = 2.921374
[e025 s0600/1030] loss = 2.980805
[e025 s0650/1030] loss = 2.868648
[e025 s0700/1030] loss = 2.828196
[e025 s0750/1030] loss = 2.781675
[e025 s0800/1030] loss = 2.760499
[e025 s0850/1030] loss = 2.780338
[e025 s0900/1030] loss = 2.751726
[e025 s0950/1030] loss = 2.724417
[e025 s1000/1030] loss = 2.778551
Epoch 025: train_loss = 3.098194  MAE/GAME0 = 23.245  RMSE = 42.248  GAME1 = 23.245  GAME2 = 23.245  GAME3 = 23.245  lr = 1.00e-05  time = 13.1s
[e026 s0001/1030] loss = 0.247515
[e026 s0050/1030] loss = 3.456947
[e026 s0100/1030] loss = 3.147695
[e026 s0150/1030] loss = 2.975900
[e026 s0200/1030] loss = 2.889943
[e026 s0250/1030] loss = 2.964232
[e026 s0300/1030] loss = 3.879969
[e026 s0350/1030] loss = 3.606152
[e026 s0400/1030] loss = 3.617986
[e026 s0450/1030] loss = 3.659393
[e026 s0500/1030] loss = 3.650224
[e026 s0550/1030] loss = 3.543295
[e026 s0600/1030] loss = 3.395238
[e026 s0650/1030] loss = 3.448209
[e026 s0700/1030] loss = 3.423519
[e026 s0750/1030] loss = 3.617677
[e026 s0800/1030] loss = 3.497402
[e026 s0850/1030] loss = 3.438845
[e026 s0900/1030] loss = 3.391639
[e026 s0950/1030] loss = 3.335555
[e026 s1000/1030] loss = 3.253623
Epoch 026: train_loss = 3.325224  MAE/GAME0 = 23.245  RMSE = 42.248  GAME1 = 23.245  GAME2 = 23.245  GAME3 = 23.245  lr = 1.00e-05  time = 13.1s
[e027 s0001/1030] loss = 1.599529
[e027 s0050/1030] loss = 3.981330
[e027 s0100/1030] loss = 3.209782
[e027 s0150/1030] loss = 3.023389
[e027 s0200/1030] loss = 2.765084
[e027 s0250/1030] loss = 2.878678
[e027 s0300/1030] loss = 3.125730
[e027 s0350/1030] loss = 3.162437
[e027 s0400/1030] loss = 3.211370
[e027 s0450/1030] loss = 3.087510
[e027 s0500/1030] loss = 3.253914
[e027 s0550/1030] loss = 3.238569
[e027 s0600/1030] loss = 3.222126
[e027 s0650/1030] loss = 3.440972
[e027 s0700/1030] loss = 3.447843
[e027 s0750/1030] loss = 3.403772
[e027 s0800/1030] loss = 3.379139
[e027 s0850/1030] loss = 3.253129
[e027 s0900/1030] loss = 3.258967
[e027 s0950/1030] loss = 3.419509
[e027 s1000/1030] loss = 3.388207
Epoch 027: train_loss = 3.648191  MAE/GAME0 = 23.245  RMSE = 42.248  GAME1 = 23.245  GAME2 = 23.245  GAME3 = 23.245  lr = 1.00e-05  time = 12.9s
[e028 s0001/1030] loss = 0.536331
[e028 s0050/1030] loss = 5.029423
[e028 s0100/1030] loss = 3.881661
[e028 s0150/1030] loss = 3.152297
[e028 s0200/1030] loss = 3.222428
[e028 s0250/1030] loss = 3.103811
[e028 s0300/1030] loss = 3.072017
[e028 s0350/1030] loss = 3.223441
[e028 s0400/1030] loss = 3.216677
[e028 s0450/1030] loss = 3.111052
[e028 s0500/1030] loss = 3.111667
[e028 s0550/1030] loss = 3.009010
[e028 s0600/1030] loss = 2.976160
[e028 s0650/1030] loss = 2.907215
[e028 s0700/1030] loss = 3.549724
[e028 s0750/1030] loss = 3.483758
[e028 s0800/1030] loss = 3.552660
[e028 s0850/1030] loss = 3.494417
[e028 s0900/1030] loss = 3.444575
[e028 s0950/1030] loss = 3.414945
[e028 s1000/1030] loss = 3.379269
Epoch 028: train_loss = 3.382265  MAE/GAME0 = 23.245  RMSE = 42.248  GAME1 = 23.245  GAME2 = 23.245  GAME3 = 23.245  lr = 1.00e-05  time = 12.9s
[e029 s0001/1030] loss = 1.117643
[e029 s0050/1030] loss = 4.615601
[e029 s0100/1030] loss = 3.532140
[e029 s0150/1030] loss = 3.302280
[e029 s0200/1030] loss = 3.275542
[e029 s0250/1030] loss = 3.833120
[e029 s0300/1030] loss = 3.641879
[e029 s0350/1030] loss = 3.411677
[e029 s0400/1030] loss = 3.338322
[e029 s0450/1030] loss = 3.289965
[e029 s0500/1030] loss = 3.244619
[e029 s0550/1030] loss = 3.135259
[e029 s0600/1030] loss = 3.005369
[e029 s0650/1030] loss = 4.111646
[e029 s0700/1030] loss = 4.185145
[e029 s0750/1030] loss = 4.070606
[e029 s0800/1030] loss = 4.019046
[e029 s0850/1030] loss = 3.905284
[e029 s0900/1030] loss = 3.828584
[e029 s0950/1030] loss = 3.747275
[e029 s1000/1030] loss = 3.725932
Epoch 029: train_loss = 3.707767  MAE/GAME0 = 23.245  RMSE = 42.248  GAME1 = 23.245  GAME2 = 23.245  GAME3 = 23.245  lr = 1.00e-05  time = 13.0s
[e030 s0001/1030] loss = 2.173678
[e030 s0050/1030] loss = 4.247185
[e030 s0100/1030] loss = 3.607093
[e030 s0150/1030] loss = 3.918820
[e030 s0200/1030] loss = 3.835510
[e030 s0250/1030] loss = 4.377667
[e030 s0300/1030] loss = 4.255672
[e030 s0350/1030] loss = 4.125752
[e030 s0400/1030] loss = 4.023482
[e030 s0450/1030] loss = 3.774003
[e030 s0500/1030] loss = 3.600660
[e030 s0550/1030] loss = 3.497208
[e030 s0600/1030] loss = 3.427005
[e030 s0650/1030] loss = 3.249694
[e030 s0700/1030] loss = 3.200282
[e030 s0750/1030] loss = 3.509578
[e030 s0800/1030] loss = 3.795093
[e030 s0850/1030] loss = 3.790512
[e030 s0900/1030] loss = 3.687950
[e030 s0950/1030] loss = 3.680156
[e030 s1000/1030] loss = 3.633381
Epoch 030: train_loss = 3.704863  MAE/GAME0 = 23.245  RMSE = 42.248  GAME1 = 23.245  GAME2 = 23.245  GAME3 = 23.245  lr = 1.00e-05  time = 12.9s
[e031 s0001/1030] loss = 1.294066
[e031 s0050/1030] loss = 3.124296
[e031 s0100/1030] loss = 2.924520
[e031 s0150/1030] loss = 2.479805
[e031 s0200/1030] loss = 2.702969
[e031 s0250/1030] loss = 2.572440
[e031 s0300/1030] loss = 2.567692
[e031 s0350/1030] loss = 2.716023
[e031 s0400/1030] loss = 2.702116
[e031 s0450/1030] loss = 2.773043
[e031 s0500/1030] loss = 2.731519
[e031 s0550/1030] loss = 2.824381
[e031 s0600/1030] loss = 2.827994
[e031 s0650/1030] loss = 2.781975
[e031 s0700/1030] loss = 2.730845
[e031 s0750/1030] loss = 2.977843
[e031 s0800/1030] loss = 3.616081
[e031 s0850/1030] loss = 3.591904
[e031 s0900/1030] loss = 3.692694
[e031 s0950/1030] loss = 3.677469
[e031 s1000/1030] loss = 3.618281
Epoch 031: train_loss = 3.586786  MAE/GAME0 = 23.245  RMSE = 42.248  GAME1 = 23.245  GAME2 = 23.245  GAME3 = 23.245  lr = 1.00e-05  time = 15.2s
[e032 s0001/1030] loss = 7.219456
[e032 s0050/1030] loss = 3.482807
[e032 s0100/1030] loss = 4.351542
[e032 s0150/1030] loss = 3.682263
[e032 s0200/1030] loss = 3.663604
[e032 s0250/1030] loss = 3.561041
[e032 s0300/1030] loss = 3.425607
[e032 s0350/1030] loss = 3.483588
[e032 s0400/1030] loss = 3.515918
[e032 s0450/1030] loss = 3.765966
[e032 s0500/1030] loss = 3.640751
[e032 s0550/1030] loss = 3.454407
[e032 s0600/1030] loss = 3.437027
[e032 s0650/1030] loss = 3.405138
[e032 s0700/1030] loss = 3.404607
[e032 s0750/1030] loss = 3.663349
[e032 s0800/1030] loss = 3.559596
[e032 s0850/1030] loss = 3.519329
[e032 s0900/1030] loss = 3.461916
[e032 s0950/1030] loss = 3.536758
[e032 s1000/1030] loss = 3.461236
Epoch 032: train_loss = 3.412940  MAE/GAME0 = 23.245  RMSE = 42.248  GAME1 = 23.245  GAME2 = 23.245  GAME3 = 23.245  lr = 1.00e-05  time = 13.0s
[e033 s0001/1030] loss = 3.741660
[e033 s0050/1030] loss = 2.326365
[e033 s0100/1030] loss = 2.531200
[e033 s0150/1030] loss = 2.305330
[e033 s0200/1030] loss = 2.267362
[e033 s0250/1030] loss = 2.326875
[e033 s0300/1030] loss = 2.270685
[e033 s0350/1030] loss = 2.302718
[e033 s0400/1030] loss = 2.566182
[e033 s0450/1030] loss = 3.557114
[e033 s0500/1030] loss = 3.448273
[e033 s0550/1030] loss = 3.554392
[e033 s0600/1030] loss = 3.396257
[e033 s0650/1030] loss = 3.410774
[e033 s0700/1030] loss = 3.282613
[e033 s0750/1030] loss = 3.333784
[e033 s0800/1030] loss = 3.270907
[e033 s0850/1030] loss = 3.210190
[e033 s0900/1030] loss = 3.220735
[e033 s0950/1030] loss = 3.124532
[e033 s1000/1030] loss = 3.268197
Epoch 033: train_loss = 3.227936  MAE/GAME0 = 23.245  RMSE = 42.248  GAME1 = 23.245  GAME2 = 23.245  GAME3 = 23.245  lr = 1.00e-05  time = 12.9s
[e034 s0001/1030] loss = 0.050042
[e034 s0050/1030] loss = 2.135056
[e034 s0100/1030] loss = 3.194365
[e034 s0150/1030] loss = 2.818793
[e034 s0200/1030] loss = 2.811264
[e034 s0250/1030] loss = 2.771032
[e034 s0300/1030] loss = 2.839201
[e034 s0350/1030] loss = 3.216938
[e034 s0400/1030] loss = 3.132714
[e034 s0450/1030] loss = 3.028289
[e034 s0500/1030] loss = 3.143723
[e034 s0550/1030] loss = 3.385444
[e034 s0600/1030] loss = 3.450994
[e034 s0650/1030] loss = 3.310752
[e034 s0700/1030] loss = 3.388495
[e034 s0750/1030] loss = 3.444577
[e034 s0800/1030] loss = 3.383830
[e034 s0850/1030] loss = 3.325746
[e034 s0900/1030] loss = 3.342565
[e034 s0950/1030] loss = 3.269978
[e034 s1000/1030] loss = 3.243236
Epoch 034: train_loss = 3.232490  MAE/GAME0 = 23.245  RMSE = 42.248  GAME1 = 23.245  GAME2 = 23.245  GAME3 = 23.245  lr = 1.00e-05  time = 13.2s
[e035 s0001/1030] loss = 5.208903
[e035 s0050/1030] loss = 3.698664
[e035 s0100/1030] loss = 3.611464
[e035 s0150/1030] loss = 3.098473
[e035 s0200/1030] loss = 3.108925
[e035 s0250/1030] loss = 3.493161
[e035 s0300/1030] loss = 3.248669
[e035 s0350/1030] loss = 3.920589
[e035 s0400/1030] loss = 3.663276
[e035 s0450/1030] loss = 3.596600
[e035 s0500/1030] loss = 3.513654
[e035 s0550/1030] loss = 3.438391
[e035 s0600/1030] loss = 3.304229
[e035 s0650/1030] loss = 3.300156
[e035 s0700/1030] loss = 3.256247
[e035 s0750/1030] loss = 3.190732
[e035 s0800/1030] loss = 3.138137
[e035 s0850/1030] loss = 3.103846
[e035 s0900/1030] loss = 3.113202
[e035 s0950/1030] loss = 3.134883
[e035 s1000/1030] loss = 3.290232
Epoch 035: train_loss = 3.300864  MAE/GAME0 = 23.245  RMSE = 42.248  GAME1 = 23.245  GAME2 = 23.245  GAME3 = 23.245  lr = 1.00e-05  time = 12.6s
[e036 s0001/1030] loss = 0.142811
[e036 s0050/1030] loss = 7.103275
[e036 s0100/1030] loss = 4.964671
[e036 s0150/1030] loss = 4.254730
[e036 s0200/1030] loss = 3.831112
[e036 s0250/1030] loss = 4.626696
[e036 s0300/1030] loss = 4.211983
[e036 s0350/1030] loss = 3.939152
[e036 s0400/1030] loss = 3.725636
[e036 s0450/1030] loss = 3.704948
[e036 s0500/1030] loss = 3.695293
[e036 s0550/1030] loss = 3.867783
[e036 s0600/1030] loss = 3.777335
[e036 s0650/1030] loss = 3.707407
[e036 s0700/1030] loss = 3.652583
[e036 s0750/1030] loss = 3.663534
[e036 s0800/1030] loss = 3.583482
[e036 s0850/1030] loss = 3.514940
[e036 s0900/1030] loss = 3.531489
[e036 s0950/1030] loss = 3.438832
[e036 s1000/1030] loss = 3.376472
Epoch 036: train_loss = 3.345831  MAE/GAME0 = 23.245  RMSE = 42.248  GAME1 = 23.245  GAME2 = 23.245  GAME3 = 23.245  lr = 1.00e-05  time = 13.1s
[e037 s0001/1030] loss = 0.375565
[e037 s0050/1030] loss = 1.312364
[e037 s0100/1030] loss = 2.351372
[e037 s0150/1030] loss = 2.250875
[e037 s0200/1030] loss = 2.610169
[e037 s0250/1030] loss = 2.647876
[e037 s0300/1030] loss = 2.584479
[e037 s0350/1030] loss = 2.662979
[e037 s0400/1030] loss = 2.804064
[e037 s0450/1030] loss = 2.631188
[e037 s0500/1030] loss = 2.570442
[e037 s0550/1030] loss = 2.694513
[e037 s0600/1030] loss = 2.760077
[e037 s0650/1030] loss = 2.763286
[e037 s0700/1030] loss = 2.863575
[e037 s0750/1030] loss = 3.120581
[e037 s0800/1030] loss = 3.113017
[e037 s0850/1030] loss = 3.118158
[e037 s0900/1030] loss = 3.143225
[e037 s0950/1030] loss = 3.387986
[e037 s1000/1030] loss = 3.347628
Epoch 037: train_loss = 3.282609  MAE/GAME0 = 23.245  RMSE = 42.248  GAME1 = 23.245  GAME2 = 23.245  GAME3 = 23.245  lr = 1.00e-05  time = 13.0s
[e038 s0001/1030] loss = 0.041822
[e038 s0050/1030] loss = 5.202803
[e038 s0100/1030] loss = 5.004705
[e038 s0150/1030] loss = 6.333924
[e038 s0200/1030] loss = 5.648298
[e038 s0250/1030] loss = 5.169904
[e038 s0300/1030] loss = 4.558652
[e038 s0350/1030] loss = 4.462168
[e038 s0400/1030] loss = 4.488959
[e038 s0450/1030] loss = 4.406163
[e038 s0500/1030] loss = 4.306650
[e038 s0550/1030] loss = 4.132669
[e038 s0600/1030] loss = 4.037407
[e038 s0650/1030] loss = 3.879844
[e038 s0700/1030] loss = 3.816241
[e038 s0750/1030] loss = 3.723858
[e038 s0800/1030] loss = 3.595819
[e038 s0850/1030] loss = 3.630133
[e038 s0900/1030] loss = 3.599207
[e038 s0950/1030] loss = 3.562903
[e038 s1000/1030] loss = 3.533883
Epoch 038: train_loss = 3.484558  MAE/GAME0 = 23.245  RMSE = 42.248  GAME1 = 23.245  GAME2 = 23.245  GAME3 = 23.245  lr = 1.00e-05  time = 13.2s
[e039 s0001/1030] loss = 0.092299
[e039 s0050/1030] loss = 2.100444
[e039 s0100/1030] loss = 2.991347
[e039 s0150/1030] loss = 3.020154
[e039 s0200/1030] loss = 3.326266
[e039 s0250/1030] loss = 3.038906
[e039 s0300/1030] loss = 3.244856
[e039 s0350/1030] loss = 3.171429
[e039 s0400/1030] loss = 3.958568
[e039 s0450/1030] loss = 3.704928
[e039 s0500/1030] loss = 3.608096
[e039 s0550/1030] loss = 3.469163
[e039 s0600/1030] loss = 3.312588
[e039 s0650/1030] loss = 3.276325
[e039 s0700/1030] loss = 3.238240
[e039 s0750/1030] loss = 3.204046
[e039 s0800/1030] loss = 3.419364
[e039 s0850/1030] loss = 3.355661
[e039 s0900/1030] loss = 3.330682
[e039 s0950/1030] loss = 3.488464
[e039 s1000/1030] loss = 3.389604
Epoch 039: train_loss = 3.369896  MAE/GAME0 = 23.245  RMSE = 42.248  GAME1 = 23.245  GAME2 = 23.245  GAME3 = 23.245  lr = 1.00e-05  time = 13.7s
[e040 s0001/1030] loss = 0.032703
[e040 s0050/1030] loss = 2.650318
[e040 s0100/1030] loss = 4.535044
[e040 s0150/1030] loss = 3.888502
[e040 s0200/1030] loss = 4.614418
[e040 s0250/1030] loss = 4.482821
[e040 s0300/1030] loss = 4.244246
[e040 s0350/1030] loss = 3.977997
[e040 s0400/1030] loss = 4.078598
[e040 s0450/1030] loss = 4.030016
[e040 s0500/1030] loss = 3.821671
[e040 s0550/1030] loss = 3.661626
[e040 s0600/1030] loss = 3.545257
[e040 s0650/1030] loss = 3.419068
[e040 s0700/1030] loss = 3.347311
[e040 s0750/1030] loss = 3.435006
[e040 s0800/1030] loss = 3.354381
[e040 s0850/1030] loss = 3.293046
[e040 s0900/1030] loss = 3.256003
[e040 s0950/1030] loss = 3.250088
[e040 s1000/1030] loss = 3.207111
Epoch 040: train_loss = 3.344623  MAE/GAME0 = 23.245  RMSE = 42.248  GAME1 = 23.245  GAME2 = 23.245  GAME3 = 23.245  lr = 1.00e-05  time = 13.0s
[e041 s0001/1030] loss = 1.217784
[e041 s0050/1030] loss = 3.103461
[e041 s0100/1030] loss = 2.984059
[e041 s0150/1030] loss = 4.601818
[e041 s0200/1030] loss = 4.366843
[e041 s0250/1030] loss = 4.133794
[e041 s0300/1030] loss = 4.402411
[e041 s0350/1030] loss = 4.192185
[e041 s0400/1030] loss = 3.984840
[e041 s0450/1030] loss = 3.851950
[e041 s0500/1030] loss = 3.786194
[e041 s0550/1030] loss = 4.499934
[e041 s0600/1030] loss = 4.276368
[e041 s0650/1030] loss = 4.172509
[e041 s0700/1030] loss = 4.110322
[e041 s0750/1030] loss = 4.033889
[e041 s0800/1030] loss = 3.947250
[e041 s0850/1030] loss = 3.844411
[e041 s0900/1030] loss = 3.816954
[e041 s0950/1030] loss = 3.802298
[e041 s1000/1030] loss = 3.700572
Epoch 041: train_loss = 3.669516  MAE/GAME0 = 23.245  RMSE = 42.248  GAME1 = 23.245  GAME2 = 23.245  GAME3 = 23.245  lr = 1.00e-05  time = 13.0s
[e042 s0001/1030] loss = 0.231506
[e042 s0050/1030] loss = 3.440849
[e042 s0100/1030] loss = 3.152246
[e042 s0150/1030] loss = 2.728544
[e042 s0200/1030] loss = 2.544257
[e042 s0250/1030] loss = 2.392702
[e042 s0300/1030] loss = 3.024773
[e042 s0350/1030] loss = 3.533810
[e042 s0400/1030] loss = 3.427455
[e042 s0450/1030] loss = 3.432245
[e042 s0500/1030] loss = 3.350586
[e042 s0550/1030] loss = 3.299112
[e042 s0600/1030] loss = 3.305561
[e042 s0650/1030] loss = 3.260166
[e042 s0700/1030] loss = 3.206543
[e042 s0750/1030] loss = 3.182230
[e042 s0800/1030] loss = 3.185133
[e042 s0850/1030] loss = 3.102025
[e042 s0900/1030] loss = 3.017306
[e042 s0950/1030] loss = 3.021712
[e042 s1000/1030] loss = 2.991558
Epoch 042: train_loss = 3.010368  MAE/GAME0 = 23.245  RMSE = 42.248  GAME1 = 23.245  GAME2 = 23.245  GAME3 = 23.245  lr = 1.00e-05  time = 13.2s
[e043 s0001/1030] loss = 0.339774
[e043 s0050/1030] loss = 5.218421
[e043 s0100/1030] loss = 3.735118
[e043 s0150/1030] loss = 3.498925
[e043 s0200/1030] loss = 3.133561
[e043 s0250/1030] loss = 2.943600
[e043 s0300/1030] loss = 3.020302
[e043 s0350/1030] loss = 3.225567
[e043 s0400/1030] loss = 3.135614
[e043 s0450/1030] loss = 3.152136
[e043 s0500/1030] loss = 3.016743
[e043 s0550/1030] loss = 3.315745
[e043 s0600/1030] loss = 3.278640
[e043 s0650/1030] loss = 3.445764
[e043 s0700/1030] loss = 3.459646
[e043 s0750/1030] loss = 3.454383
[e043 s0800/1030] loss = 3.437768
[e043 s0850/1030] loss = 3.548776
[e043 s0900/1030] loss = 3.440584
[e043 s0950/1030] loss = 3.401403
[e043 s1000/1030] loss = 3.473740
Epoch 043: train_loss = 3.435177  MAE/GAME0 = 23.245  RMSE = 42.248  GAME1 = 23.245  GAME2 = 23.245  GAME3 = 23.245  lr = 1.00e-05  time = 12.9s
[e044 s0001/1030] loss = 2.593602
[e044 s0050/1030] loss = 5.034773
[e044 s0100/1030] loss = 5.664110
[e044 s0150/1030] loss = 4.665980
[e044 s0200/1030] loss = 4.194632
[e044 s0250/1030] loss = 3.785202
[e044 s0300/1030] loss = 4.262447
[e044 s0350/1030] loss = 4.015242
[e044 s0400/1030] loss = 3.906187
[e044 s0450/1030] loss = 3.766057
[e044 s0500/1030] loss = 3.651337
[e044 s0550/1030] loss = 3.666538
[e044 s0600/1030] loss = 3.629980
[e044 s0650/1030] loss = 3.474199
[e044 s0700/1030] loss = 3.571230
[e044 s0750/1030] loss = 3.422600
[e044 s0800/1030] loss = 3.658724
[e044 s0850/1030] loss = 3.550351
[e044 s0900/1030] loss = 3.501028
[e044 s0950/1030] loss = 3.575999
[e044 s1000/1030] loss = 3.542666
Epoch 044: train_loss = 3.569023  MAE/GAME0 = 23.245  RMSE = 42.248  GAME1 = 23.245  GAME2 = 23.245  GAME3 = 23.245  lr = 1.00e-05  time = 13.1s
[e045 s0001/1030] loss = 0.086151
[e045 s0050/1030] loss = 3.575174
[e045 s0100/1030] loss = 3.831535
[e045 s0150/1030] loss = 3.529873
[e045 s0200/1030] loss = 3.513352
[e045 s0250/1030] loss = 4.104212
[e045 s0300/1030] loss = 3.791837
[e045 s0350/1030] loss = 3.620258
[e045 s0400/1030] loss = 3.600185
[e045 s0450/1030] loss = 3.533362
[e045 s0500/1030] loss = 3.354878
[e045 s0550/1030] loss = 3.301276
[e045 s0600/1030] loss = 3.335870
[e045 s0650/1030] loss = 3.385011
[e045 s0700/1030] loss = 3.273601
[e045 s0750/1030] loss = 3.167172
[e045 s0800/1030] loss = 3.164617
[e045 s0850/1030] loss = 3.162727
[e045 s0900/1030] loss = 3.093519
[e045 s0950/1030] loss = 3.174942
[e045 s1000/1030] loss = 3.173904
Epoch 045: train_loss = 3.176758  MAE/GAME0 = 23.234  RMSE = 42.238  GAME1 = 23.240  GAME2 = 23.249  GAME3 = 23.252  lr = 1.00e-05  time = 13.2s
[e046 s0001/1030] loss = 10.130668
[e046 s0050/1030] loss = 3.377059
[e046 s0100/1030] loss = 3.403706
[e046 s0150/1030] loss = 3.310001
[e046 s0200/1030] loss = 3.094183
[e046 s0250/1030] loss = 3.596054
[e046 s0300/1030] loss = 3.272918
[e046 s0350/1030] loss = 3.325984
[e046 s0400/1030] loss = 3.239965
[e046 s0450/1030] loss = 3.261952
[e046 s0500/1030] loss = 3.135773
[e046 s0550/1030] loss = 3.057431
[e046 s0600/1030] loss = 3.220835
[e046 s0650/1030] loss = 3.279456
[e046 s0700/1030] loss = 3.399139
[e046 s0750/1030] loss = 3.646120
[e046 s0800/1030] loss = 3.786232
[e046 s0850/1030] loss = 3.950640
[e046 s0900/1030] loss = 3.921898
[e046 s0950/1030] loss = 3.856960
[e046 s1000/1030] loss = 3.811546
Epoch 046: train_loss = 3.792206  MAE/GAME0 = 23.245  RMSE = 42.248  GAME1 = 23.245  GAME2 = 23.245  GAME3 = 23.245  lr = 1.00e-05  time = 13.1s
[e047 s0001/1030] loss = 20.660812
[e047 s0050/1030] loss = 3.734553
[e047 s0100/1030] loss = 3.223320
[e047 s0150/1030] loss = 2.869157
[e047 s0200/1030] loss = 3.421891
[e047 s0250/1030] loss = 3.359197
[e047 s0300/1030] loss = 3.116475
[e047 s0350/1030] loss = 3.330587
[e047 s0400/1030] loss = 3.293528
[e047 s0450/1030] loss = 3.098343
[e047 s0500/1030] loss = 3.105605
[e047 s0550/1030] loss = 3.218417
[e047 s0600/1030] loss = 3.167190
[e047 s0650/1030] loss = 3.099094
[e047 s0700/1030] loss = 3.101809
[e047 s0750/1030] loss = 3.268806
[e047 s0800/1030] loss = 3.289264
[e047 s0850/1030] loss = 3.410142
[e047 s0900/1030] loss = 3.326267
[e047 s0950/1030] loss = 3.292531
[e047 s1000/1030] loss = 3.258262
Epoch 047: train_loss = 3.227899  MAE/GAME0 = 23.245  RMSE = 42.248  GAME1 = 23.245  GAME2 = 23.245  GAME3 = 23.245  lr = 1.00e-05  time = 13.2s
[e048 s0001/1030] loss = 2.026964
[e048 s0050/1030] loss = 1.844705
[e048 s0100/1030] loss = 2.058469
[e048 s0150/1030] loss = 2.231919
[e048 s0200/1030] loss = 2.188196
[e048 s0250/1030] loss = 2.151045
[e048 s0300/1030] loss = 2.277197
[e048 s0350/1030] loss = 2.444522
[e048 s0400/1030] loss = 2.744561
[e048 s0450/1030] loss = 2.673660
[e048 s0500/1030] loss = 3.516664
[e048 s0550/1030] loss = 3.430753
[e048 s0600/1030] loss = 3.478930
[e048 s0650/1030] loss = 3.461753
[e048 s0700/1030] loss = 3.437519
[e048 s0750/1030] loss = 3.422997
[e048 s0800/1030] loss = 3.328309
[e048 s0850/1030] loss = 3.270638
[e048 s0900/1030] loss = 3.227520
[e048 s0950/1030] loss = 3.156579
[e048 s1000/1030] loss = 3.355410
Epoch 048: train_loss = 3.359140  MAE/GAME0 = 23.245  RMSE = 42.248  GAME1 = 23.245  GAME2 = 23.245  GAME3 = 23.245  lr = 1.00e-05  time = 12.9s
[e049 s0001/1030] loss = 3.662727
[e049 s0050/1030] loss = 2.022876
[e049 s0100/1030] loss = 3.216129
[e049 s0150/1030] loss = 2.697198
[e049 s0200/1030] loss = 2.818962
[e049 s0250/1030] loss = 2.638964
[e049 s0300/1030] loss = 2.679427
[e049 s0350/1030] loss = 2.528385
[e049 s0400/1030] loss = 3.077775
[e049 s0450/1030] loss = 3.065135
[e049 s0500/1030] loss = 3.048321
[e049 s0550/1030] loss = 2.987193
[e049 s0600/1030] loss = 2.963663
[e049 s0650/1030] loss = 3.330515
[e049 s0700/1030] loss = 3.262208
[e049 s0750/1030] loss = 3.205601
[e049 s0800/1030] loss = 3.097738
[e049 s0850/1030] loss = 3.242700
[e049 s0900/1030] loss = 3.156406
[e049 s0950/1030] loss = 3.141923
[e049 s1000/1030] loss = 3.153672
Epoch 049: train_loss = 3.109934  MAE/GAME0 = 23.245  RMSE = 42.248  GAME1 = 23.245  GAME2 = 23.245  GAME3 = 23.245  lr = 1.00e-05  time = 13.1s
[e050 s0001/1030] loss = 0.762745
[e050 s0050/1030] loss = 4.276321
[e050 s0100/1030] loss = 3.902972
[e050 s0150/1030] loss = 3.476207
[e050 s0200/1030] loss = 3.803374
[e050 s0250/1030] loss = 4.460837
[e050 s0300/1030] loss = 4.225271
[e050 s0350/1030] loss = 4.117568
[e050 s0400/1030] loss = 3.868120
[e050 s0450/1030] loss = 3.624054
[e050 s0500/1030] loss = 3.573257
[e050 s0550/1030] loss = 3.643843
[e050 s0600/1030] loss = 3.546341
[e050 s0650/1030] loss = 3.450326
[e050 s0700/1030] loss = 3.486257
[e050 s0750/1030] loss = 3.476625
[e050 s0800/1030] loss = 3.554353
[e050 s0850/1030] loss = 3.529068
[e050 s0900/1030] loss = 3.524122
[e050 s0950/1030] loss = 3.713233
[e050 s1000/1030] loss = 3.666595
Epoch 050: train_loss = 3.611525  MAE/GAME0 = 23.245  RMSE = 42.248  GAME1 = 23.245  GAME2 = 23.245  GAME3 = 23.245  lr = 1.00e-05  time = 13.3s
[e051 s0001/1030] loss = 4.714591
[e051 s0050/1030] loss = 3.377986
[e051 s0100/1030] loss = 2.721150
[e051 s0150/1030] loss = 2.558036
[e051 s0200/1030] loss = 2.447515
[e051 s0250/1030] loss = 3.377044
[e051 s0300/1030] loss = 3.172456
[e051 s0350/1030] loss = 3.338512
[e051 s0400/1030] loss = 3.292134
[e051 s0450/1030] loss = 3.152612
[e051 s0500/1030] loss = 3.121144
[e051 s0550/1030] loss = 3.597766
[e051 s0600/1030] loss = 3.439826
[e051 s0650/1030] loss = 3.395857
[e051 s0700/1030] loss = 3.414606
[e051 s0750/1030] loss = 3.396643
[e051 s0800/1030] loss = 3.357014
[e051 s0850/1030] loss = 3.284816
[e051 s0900/1030] loss = 3.318589
[e051 s0950/1030] loss = 3.234323
[e051 s1000/1030] loss = 3.174365
Epoch 051: train_loss = 3.197132  MAE/GAME0 = 23.245  RMSE = 42.248  GAME1 = 23.245  GAME2 = 23.245  GAME3 = 23.245  lr = 1.00e-05  time = 13.0s
[e052 s0001/1030] loss = 0.000000
[e052 s0050/1030] loss = 3.169461
[e052 s0100/1030] loss = 2.787166
[e052 s0150/1030] loss = 4.247212
[e052 s0200/1030] loss = 3.726797
[e052 s0250/1030] loss = 3.794188
[e052 s0300/1030] loss = 3.684811
[e052 s0350/1030] loss = 3.506015
[e052 s0400/1030] loss = 3.422211
[e052 s0450/1030] loss = 3.326967
[e052 s0500/1030] loss = 3.330926
[e052 s0550/1030] loss = 3.284794
[e052 s0600/1030] loss = 3.923367
[e052 s0650/1030] loss = 3.901467
[e052 s0700/1030] loss = 3.895972
[e052 s0750/1030] loss = 3.781966
[e052 s0800/1030] loss = 3.891090
[e052 s0850/1030] loss = 3.860316
[e052 s0900/1030] loss = 3.896135
[e052 s0950/1030] loss = 3.808443
[e052 s1000/1030] loss = 3.772916
Epoch 052: train_loss = 3.717799  MAE/GAME0 = 15.709  RMSE = 36.836  GAME1 = 21.002  GAME2 = 24.986  GAME3 = 26.383  lr = 1.00e-05  time = 13.0s
[e053 s0001/1030] loss = 0.324480
[e053 s0050/1030] loss = 5.414140
[e053 s0100/1030] loss = 3.726341
[e053 s0150/1030] loss = 3.248129
[e053 s0200/1030] loss = 2.845710
[e053 s0250/1030] loss = 2.630620
[e053 s0300/1030] loss = 2.634757
[e053 s0350/1030] loss = 3.222636
[e053 s0400/1030] loss = 3.250449
[e053 s0450/1030] loss = 3.062766
[e053 s0500/1030] loss = 3.287809
[e053 s0550/1030] loss = 3.204377
[e053 s0600/1030] loss = 3.070145
[e053 s0650/1030] loss = 2.940799
[e053 s0700/1030] loss = 2.858766
[e053 s0750/1030] loss = 2.847655
[e053 s0800/1030] loss = 2.924658
[e053 s0850/1030] loss = 2.907222
[e053 s0900/1030] loss = 3.059371
[e053 s0950/1030] loss = 3.130645
[e053 s1000/1030] loss = 3.120216
Epoch 053: train_loss = 3.068016  MAE/GAME0 = 16.796  RMSE = 37.953  GAME1 = 19.027  GAME2 = 21.020  GAME3 = 22.120  lr = 1.00e-05  time = 12.8s
[e054 s0001/1030] loss = 0.453166
[e054 s0050/1030] loss = 2.165090
[e054 s0100/1030] loss = 2.014560
[e054 s0150/1030] loss = 2.504060
[e054 s0200/1030] loss = 2.523102
[e054 s0250/1030] loss = 2.607289
[e054 s0300/1030] loss = 2.458611
[e054 s0350/1030] loss = 2.429698
[e054 s0400/1030] loss = 2.901361
[e054 s0450/1030] loss = 2.806900
[e054 s0500/1030] loss = 2.750228
[e054 s0550/1030] loss = 2.641093
[e054 s0600/1030] loss = 2.566698
[e054 s0650/1030] loss = 2.525741
[e054 s0700/1030] loss = 2.470255
[e054 s0750/1030] loss = 2.418604
[e054 s0800/1030] loss = 2.361154
[e054 s0850/1030] loss = 2.450760
[e054 s0900/1030] loss = 2.432611
[e054 s0950/1030] loss = 2.396654
[e054 s1000/1030] loss = 2.414925
Epoch 054: train_loss = 2.367948  MAE/GAME0 = 18.316  RMSE = 39.173  GAME1 = 19.383  GAME2 = 20.587  GAME3 = 21.245  lr = 1.00e-05  time = 13.3s
[e055 s0001/1030] loss = 0.247315
[e055 s0050/1030] loss = 2.903863
[e055 s0100/1030] loss = 3.039966
[e055 s0150/1030] loss = 2.777143
[e055 s0200/1030] loss = 2.586337
[e055 s0250/1030] loss = 2.465593
[e055 s0300/1030] loss = 2.801129
[e055 s0350/1030] loss = 2.717524
[e055 s0400/1030] loss = 2.550191
[e055 s0450/1030] loss = 2.756471
[e055 s0500/1030] loss = 2.824973
[e055 s0550/1030] loss = 3.188818
[e055 s0600/1030] loss = 3.015587
[e055 s0650/1030] loss = 2.913644
[e055 s0700/1030] loss = 3.008650
[e055 s0750/1030] loss = 2.919590
[e055 s0800/1030] loss = 2.889300
[e055 s0850/1030] loss = 2.865054
[e055 s0900/1030] loss = 2.802974
[e055 s0950/1030] loss = 2.784110
[e055 s1000/1030] loss = 2.714124
Epoch 055: train_loss = 2.680385  MAE/GAME0 = 15.624  RMSE = 37.155  GAME1 = 17.808  GAME2 = 19.804  GAME3 = 20.899  lr = 1.00e-05  time = 13.0s
[e056 s0001/1030] loss = 0.115602
[e056 s0050/1030] loss = 8.851377
[e056 s0100/1030] loss = 5.966324
[e056 s0150/1030] loss = 5.418591
[e056 s0200/1030] loss = 4.367566
[e056 s0250/1030] loss = 4.506728
[e056 s0300/1030] loss = 3.949330
[e056 s0350/1030] loss = 3.561524
[e056 s0400/1030] loss = 3.293538
[e056 s0450/1030] loss = 3.126419
[e056 s0500/1030] loss = 3.034436
[e056 s0550/1030] loss = 2.901247
[e056 s0600/1030] loss = 2.832430
[e056 s0650/1030] loss = 2.754241
[e056 s0700/1030] loss = 2.797076
[e056 s0750/1030] loss = 2.929296
[e056 s0800/1030] loss = 2.882858
[e056 s0850/1030] loss = 2.987217
[e056 s0900/1030] loss = 2.961113
[e056 s0950/1030] loss = 2.897104
[e056 s1000/1030] loss = 2.849285
Epoch 056: train_loss = 2.812674  MAE/GAME0 = 15.238  RMSE = 34.444  GAME1 = 18.729  GAME2 = 21.713  GAME3 = 23.502  lr = 1.00e-05  time = 12.8s
[e057 s0001/1030] loss = 0.595087
[e057 s0050/1030] loss = 1.651343
[e057 s0100/1030] loss = 1.559194
[e057 s0150/1030] loss = 1.531495
[e057 s0200/1030] loss = 1.538213
[e057 s0250/1030] loss = 1.653332
[e057 s0300/1030] loss = 1.686234
[e057 s0350/1030] loss = 1.854454
[e057 s0400/1030] loss = 2.017204
[e057 s0450/1030] loss = 1.986924
[e057 s0500/1030] loss = 1.915169
[e057 s0550/1030] loss = 1.965199
[e057 s0600/1030] loss = 1.961476
[e057 s0650/1030] loss = 2.261123
[e057 s0700/1030] loss = 2.199595
[e057 s0750/1030] loss = 2.238668
[e057 s0800/1030] loss = 2.229510
[e057 s0850/1030] loss = 2.184076
[e057 s0900/1030] loss = 2.187510
[e057 s0950/1030] loss = 2.164618
[e057 s1000/1030] loss = 2.241633
Epoch 057: train_loss = 2.372363  MAE/GAME0 = 15.964  RMSE = 37.816  GAME1 = 17.557  GAME2 = 19.275  GAME3 = 20.277  lr = 1.00e-05  time = 12.9s
[e058 s0001/1030] loss = 0.030632
[e058 s0050/1030] loss = 3.558337
[e058 s0100/1030] loss = 2.537464
[e058 s0150/1030] loss = 2.158773
[e058 s0200/1030] loss = 2.849530
[e058 s0250/1030] loss = 2.610405
[e058 s0300/1030] loss = 3.002598
[e058 s0350/1030] loss = 2.954322
[e058 s0400/1030] loss = 2.832148
[e058 s0450/1030] loss = 2.758492
[e058 s0500/1030] loss = 2.595599
[e058 s0550/1030] loss = 2.558668
[e058 s0600/1030] loss = 2.509231
[e058 s0650/1030] loss = 2.454797
[e058 s0700/1030] loss = 2.391575
[e058 s0750/1030] loss = 2.334720
[e058 s0800/1030] loss = 2.255563
[e058 s0850/1030] loss = 2.236610
[e058 s0900/1030] loss = 2.458488
[e058 s0950/1030] loss = 2.427477
[e058 s1000/1030] loss = 2.481099
Epoch 058: train_loss = 2.482705  MAE/GAME0 = 15.188  RMSE = 34.738  GAME1 = 18.363  GAME2 = 21.238  GAME3 = 22.873  lr = 1.00e-05  time = 13.7s
[e059 s0001/1030] loss = 1.388900
[e059 s0050/1030] loss = 1.127307
[e059 s0100/1030] loss = 1.695169
[e059 s0150/1030] loss = 1.680069
[e059 s0200/1030] loss = 2.424014
[e059 s0250/1030] loss = 2.518885
[e059 s0300/1030] loss = 2.597201
[e059 s0350/1030] loss = 2.449381
[e059 s0400/1030] loss = 2.450991
[e059 s0450/1030] loss = 2.352347
[e059 s0500/1030] loss = 2.326496
[e059 s0550/1030] loss = 2.237028
[e059 s0600/1030] loss = 2.147342
[e059 s0650/1030] loss = 2.359768
[e059 s0700/1030] loss = 2.333502
[e059 s0750/1030] loss = 2.252425
[e059 s0800/1030] loss = 2.287483
[e059 s0850/1030] loss = 2.326870
[e059 s0900/1030] loss = 2.425773
[e059 s0950/1030] loss = 2.416560
[e059 s1000/1030] loss = 2.471332
Epoch 059: train_loss = 2.466680  MAE/GAME0 = 14.877  RMSE = 35.425  GAME1 = 17.740  GAME2 = 20.472  GAME3 = 22.027  lr = 1.00e-05  time = 13.0s
[e060 s0001/1030] loss = 0.711800
[e060 s0050/1030] loss = 3.759773
[e060 s0100/1030] loss = 2.451526
[e060 s0150/1030] loss = 2.404247
[e060 s0200/1030] loss = 2.862172
[e060 s0250/1030] loss = 2.554134
[e060 s0300/1030] loss = 2.739389
[e060 s0350/1030] loss = 2.572313
[e060 s0400/1030] loss = 3.175081
[e060 s0450/1030] loss = 2.982445
[e060 s0500/1030] loss = 2.853775
[e060 s0550/1030] loss = 2.748442
[e060 s0600/1030] loss = 2.682505
[e060 s0650/1030] loss = 2.605867
[e060 s0700/1030] loss = 2.495620
[e060 s0750/1030] loss = 2.449241
[e060 s0800/1030] loss = 2.379642
[e060 s0850/1030] loss = 2.314787
[e060 s0900/1030] loss = 2.261961
[e060 s0950/1030] loss = 2.248080
[e060 s1000/1030] loss = 2.212821
Epoch 060: train_loss = 2.192565  MAE/GAME0 = 14.399  RMSE = 34.738  GAME1 = 17.320  GAME2 = 20.239  GAME3 = 21.675  lr = 1.00e-05  time = 13.1s
[e061 s0001/1030] loss = 0.732946
[e061 s0050/1030] loss = 2.084067
[e061 s0100/1030] loss = 2.311227
[e061 s0150/1030] loss = 2.007089
[e061 s0200/1030] loss = 1.937603
[e061 s0250/1030] loss = 1.845008
[e061 s0300/1030] loss = 1.782579
[e061 s0350/1030] loss = 1.701740
[e061 s0400/1030] loss = 1.800973
[e061 s0450/1030] loss = 1.782145
[e061 s0500/1030] loss = 1.763773
[e061 s0550/1030] loss = 1.767792
[e061 s0600/1030] loss = 2.424458
[e061 s0650/1030] loss = 2.461860
[e061 s0700/1030] loss = 2.370832
[e061 s0750/1030] loss = 2.609953
[e061 s0800/1030] loss = 2.556256
[e061 s0850/1030] loss = 2.566512
[e061 s0900/1030] loss = 2.510247
[e061 s0950/1030] loss = 2.476872
[e061 s1000/1030] loss = 2.478409
Epoch 061: train_loss = 2.481457  MAE/GAME0 = 13.829  RMSE = 35.064  GAME1 = 16.826  GAME2 = 19.734  GAME3 = 21.176  lr = 1.00e-05  time = 13.3s
[e062 s0001/1030] loss = 0.572675
[e062 s0050/1030] loss = 1.906666
[e062 s0100/1030] loss = 3.363841
[e062 s0150/1030] loss = 2.716010
[e062 s0200/1030] loss = 2.514026
[e062 s0250/1030] loss = 2.258878
[e062 s0300/1030] loss = 2.071014
[e062 s0350/1030] loss = 1.877247
[e062 s0400/1030] loss = 1.898017
[e062 s0450/1030] loss = 1.860023
[e062 s0500/1030] loss = 1.807219
[e062 s0550/1030] loss = 1.856116
[e062 s0600/1030] loss = 1.758537
[e062 s0650/1030] loss = 1.751319
[e062 s0700/1030] loss = 2.130112
[e062 s0750/1030] loss = 2.170023
[e062 s0800/1030] loss = 2.187872
[e062 s0850/1030] loss = 2.285454
[e062 s0900/1030] loss = 2.317254
[e062 s0950/1030] loss = 2.284426
[e062 s1000/1030] loss = 2.277708
Epoch 062: train_loss = 2.264969  MAE/GAME0 = 16.214  RMSE = 35.513  GAME1 = 18.720  GAME2 = 21.429  GAME3 = 22.924  lr = 1.00e-05  time = 13.0s
[e063 s0001/1030] loss = 0.318188
[e063 s0050/1030] loss = 3.870864
[e063 s0100/1030] loss = 2.415353
[e063 s0150/1030] loss = 3.111864
[e063 s0200/1030] loss = 2.906838
[e063 s0250/1030] loss = 2.680368
[e063 s0300/1030] loss = 2.442097
[e063 s0350/1030] loss = 2.242628
[e063 s0400/1030] loss = 2.156214
[e063 s0450/1030] loss = 2.270996
[e063 s0500/1030] loss = 2.940328
[e063 s0550/1030] loss = 2.775579
[e063 s0600/1030] loss = 2.678047
[e063 s0650/1030] loss = 2.628773
[e063 s0700/1030] loss = 2.613607
[e063 s0750/1030] loss = 2.634391
[e063 s0800/1030] loss = 2.627326
[e063 s0850/1030] loss = 2.546309
[e063 s0900/1030] loss = 2.474599
[e063 s0950/1030] loss = 2.433890
[e063 s1000/1030] loss = 2.381120
Epoch 063: train_loss = 2.401921  MAE/GAME0 = 14.160  RMSE = 35.134  GAME1 = 16.914  GAME2 = 19.851  GAME3 = 21.290  lr = 1.00e-05  time = 13.1s
[e064 s0001/1030] loss = 1.256774
[e064 s0050/1030] loss = 1.441562
[e064 s0100/1030] loss = 1.708799
[e064 s0150/1030] loss = 1.622491
[e064 s0200/1030] loss = 1.475035
[e064 s0250/1030] loss = 1.599528
[e064 s0300/1030] loss = 1.624089
[e064 s0350/1030] loss = 1.615673
[e064 s0400/1030] loss = 1.560835
[e064 s0450/1030] loss = 1.678237
[e064 s0500/1030] loss = 1.664784
[e064 s0550/1030] loss = 1.635004
[e064 s0600/1030] loss = 1.664828
[e064 s0650/1030] loss = 1.694162
[e064 s0700/1030] loss = 2.168513
[e064 s0750/1030] loss = 2.138021
[e064 s0800/1030] loss = 2.071793
[e064 s0850/1030] loss = 2.017370
[e064 s0900/1030] loss = 2.018805
[e064 s0950/1030] loss = 2.014468
[e064 s1000/1030] loss = 1.973146
Epoch 064: train_loss = 1.940944  MAE/GAME0 = 15.075  RMSE = 35.389  GAME1 = 17.604  GAME2 = 20.388  GAME3 = 21.796  lr = 1.00e-05  time = 13.1s
[e065 s0001/1030] loss = 0.137225
[e065 s0050/1030] loss = 5.527787
[e065 s0100/1030] loss = 4.122729
[e065 s0150/1030] loss = 3.163318
[e065 s0200/1030] loss = 2.683014
[e065 s0250/1030] loss = 2.413806
[e065 s0300/1030] loss = 2.332950
[e065 s0350/1030] loss = 2.299156
[e065 s0400/1030] loss = 2.172349
[e065 s0450/1030] loss = 2.114183
[e065 s0500/1030] loss = 2.128514
[e065 s0550/1030] loss = 2.198307
[e065 s0600/1030] loss = 2.228491
[e065 s0650/1030] loss = 2.207132
[e065 s0700/1030] loss = 2.176853
[e065 s0750/1030] loss = 2.204238
[e065 s0800/1030] loss = 2.170757
[e065 s0850/1030] loss = 2.125124
[e065 s0900/1030] loss = 2.075605
[e065 s0950/1030] loss = 2.074048
[e065 s1000/1030] loss = 2.036271
Epoch 065: train_loss = 2.021322  MAE/GAME0 = 12.699  RMSE = 35.678  GAME1 = 15.154  GAME2 = 17.632  GAME3 = 18.745  lr = 1.00e-05  time = 13.0s
[e066 s0001/1030] loss = 0.648766
[e066 s0050/1030] loss = 1.140910
[e066 s0100/1030] loss = 1.452807
[e066 s0150/1030] loss = 1.519228
[e066 s0200/1030] loss = 1.419782
[e066 s0250/1030] loss = 1.370435
[e066 s0300/1030] loss = 1.310557
[e066 s0350/1030] loss = 2.638057
[e066 s0400/1030] loss = 2.502278
[e066 s0450/1030] loss = 2.328581
[e066 s0500/1030] loss = 2.529431
[e066 s0550/1030] loss = 2.486407
[e066 s0600/1030] loss = 2.488912
[e066 s0650/1030] loss = 2.433055
[e066 s0700/1030] loss = 2.410283
[e066 s0750/1030] loss = 2.413239
[e066 s0800/1030] loss = 2.343190
[e066 s0850/1030] loss = 2.287578
[e066 s0900/1030] loss = 2.292979
[e066 s0950/1030] loss = 2.226146
[e066 s1000/1030] loss = 2.194463
Epoch 066: train_loss = 2.173431  MAE/GAME0 = 12.945  RMSE = 35.848  GAME1 = 15.418  GAME2 = 17.735  GAME3 = 18.765  lr = 1.00e-05  time = 13.0s
[e067 s0001/1030] loss = 0.113414
[e067 s0050/1030] loss = 0.999586
[e067 s0100/1030] loss = 1.858179
[e067 s0150/1030] loss = 1.738141
[e067 s0200/1030] loss = 1.706992
[e067 s0250/1030] loss = 1.528041
[e067 s0300/1030] loss = 1.610656
[e067 s0350/1030] loss = 1.635070
[e067 s0400/1030] loss = 1.635897
[e067 s0450/1030] loss = 1.576542
[e067 s0500/1030] loss = 2.024282
[e067 s0550/1030] loss = 2.019893
[e067 s0600/1030] loss = 1.982711
[e067 s0650/1030] loss = 1.952104
[e067 s0700/1030] loss = 1.942615
[e067 s0750/1030] loss = 1.974375
[e067 s0800/1030] loss = 1.983082
[e067 s0850/1030] loss = 1.982975
[e067 s0900/1030] loss = 1.994731
[e067 s0950/1030] loss = 1.978210
[e067 s1000/1030] loss = 1.953748
Epoch 067: train_loss = 1.925802  MAE/GAME0 = 13.707  RMSE = 36.240  GAME1 = 16.552  GAME2 = 18.827  GAME3 = 19.877  lr = 1.00e-05  time = 13.3s
[e068 s0001/1030] loss = 1.479119
[e068 s0050/1030] loss = 4.613585
[e068 s0100/1030] loss = 2.984222
[e068 s0150/1030] loss = 2.538021
[e068 s0200/1030] loss = 2.209804
[e068 s0250/1030] loss = 2.051139
[e068 s0300/1030] loss = 1.913067
[e068 s0350/1030] loss = 1.773980
[e068 s0400/1030] loss = 1.710664
[e068 s0450/1030] loss = 1.682949
[e068 s0500/1030] loss = 1.705366
[e068 s0550/1030] loss = 1.696873
[e068 s0600/1030] loss = 1.648496
[e068 s0650/1030] loss = 1.624892
[e068 s0700/1030] loss = 1.761957
[e068 s0750/1030] loss = 1.733259
[e068 s0800/1030] loss = 2.079793
[e068 s0850/1030] loss = 2.087563
[e068 s0900/1030] loss = 2.074644
[e068 s0950/1030] loss = 2.085126
[e068 s1000/1030] loss = 2.020410
Epoch 068: train_loss = 1.995146  MAE/GAME0 = 13.128  RMSE = 34.942  GAME1 = 15.911  GAME2 = 18.584  GAME3 = 19.846  lr = 1.00e-05  time = 13.2s
[e069 s0001/1030] loss = 0.995436
[e069 s0050/1030] loss = 1.760757
[e069 s0100/1030] loss = 1.887189
[e069 s0150/1030] loss = 1.852159
[e069 s0200/1030] loss = 2.223238
[e069 s0250/1030] loss = 1.970322
[e069 s0300/1030] loss = 1.918465
[e069 s0350/1030] loss = 3.019866
[e069 s0400/1030] loss = 2.824635
[e069 s0450/1030] loss = 2.693218
[e069 s0500/1030] loss = 2.656582
[e069 s0550/1030] loss = 2.660729
[e069 s0600/1030] loss = 2.716312
[e069 s0650/1030] loss = 2.671839
[e069 s0700/1030] loss = 2.578256
[e069 s0750/1030] loss = 2.580633
[e069 s0800/1030] loss = 2.495284
[e069 s0850/1030] loss = 2.419387
[e069 s0900/1030] loss = 2.404340
[e069 s0950/1030] loss = 2.344177
[e069 s1000/1030] loss = 2.296701
Epoch 069: train_loss = 2.273710  MAE/GAME0 = 14.107  RMSE = 35.142  GAME1 = 16.831  GAME2 = 19.724  GAME3 = 21.127  lr = 1.00e-05  time = 13.3s
[e070 s0001/1030] loss = 0.350033
[e070 s0050/1030] loss = 1.249665
[e070 s0100/1030] loss = 1.104216
[e070 s0150/1030] loss = 1.098107
[e070 s0200/1030] loss = 1.221643
[e070 s0250/1030] loss = 1.318585
[e070 s0300/1030] loss = 1.339245
[e070 s0350/1030] loss = 1.437647
[e070 s0400/1030] loss = 1.511162
[e070 s0450/1030] loss = 2.037720
[e070 s0500/1030] loss = 2.152824
[e070 s0550/1030] loss = 2.206578
[e070 s0600/1030] loss = 2.111345
[e070 s0650/1030] loss = 2.094511
[e070 s0700/1030] loss = 2.079084
[e070 s0750/1030] loss = 2.072060
[e070 s0800/1030] loss = 2.020432
[e070 s0850/1030] loss = 1.989420
[e070 s0900/1030] loss = 1.990825
[e070 s0950/1030] loss = 2.025766
[e070 s1000/1030] loss = 2.030651
Epoch 070: train_loss = 2.018547  MAE/GAME0 = 14.365  RMSE = 35.292  GAME1 = 16.521  GAME2 = 19.253  GAME3 = 20.603  lr = 1.00e-05  time = 12.8s
[e071 s0001/1030] loss = 0.794931
[e071 s0050/1030] loss = 1.000264
[e071 s0100/1030] loss = 1.595300
[e071 s0150/1030] loss = 1.690091
[e071 s0200/1030] loss = 1.718017
[e071 s0250/1030] loss = 1.587876
[e071 s0300/1030] loss = 2.009108
[e071 s0350/1030] loss = 2.114335
[e071 s0400/1030] loss = 2.047246
[e071 s0450/1030] loss = 2.002431
[e071 s0500/1030] loss = 1.942511
[e071 s0550/1030] loss = 1.874901
[e071 s0600/1030] loss = 1.789185
[e071 s0650/1030] loss = 1.795673
[e071 s0700/1030] loss = 2.250438
[e071 s0750/1030] loss = 2.173681
[e071 s0800/1030] loss = 2.131557
[e071 s0850/1030] loss = 2.128073
[e071 s0900/1030] loss = 2.091601
[e071 s0950/1030] loss = 2.055963
[e071 s1000/1030] loss = 2.037769
Epoch 071: train_loss = 2.024163  MAE/GAME0 = 14.281  RMSE = 35.287  GAME1 = 16.690  GAME2 = 19.405  GAME3 = 20.691  lr = 1.00e-05  time = 12.9s
[e072 s0001/1030] loss = 0.394644
[e072 s0050/1030] loss = 1.419131
[e072 s0100/1030] loss = 2.434072
[e072 s0150/1030] loss = 2.282022
[e072 s0200/1030] loss = 2.041182
[e072 s0250/1030] loss = 1.928893
[e072 s0300/1030] loss = 1.828404
[e072 s0350/1030] loss = 1.740941
[e072 s0400/1030] loss = 1.800280
[e072 s0450/1030] loss = 2.447110
[e072 s0500/1030] loss = 2.300069
[e072 s0550/1030] loss = 2.254440
[e072 s0600/1030] loss = 2.151270
[e072 s0650/1030] loss = 2.071993
[e072 s0700/1030] loss = 2.109269
[e072 s0750/1030] loss = 2.040993
[e072 s0800/1030] loss = 2.004886
[e072 s0850/1030] loss = 1.992881
[e072 s0900/1030] loss = 1.990780
[e072 s0950/1030] loss = 1.942450
[e072 s1000/1030] loss = 1.903559
Epoch 072: train_loss = 1.889540  MAE/GAME0 = 12.748  RMSE = 35.580  GAME1 = 15.598  GAME2 = 18.014  GAME3 = 19.034  lr = 1.00e-05  time = 13.1s
[e073 s0001/1030] loss = 3.837065
[e073 s0050/1030] loss = 0.976381
[e073 s0100/1030] loss = 1.139692
[e073 s0150/1030] loss = 1.158382
[e073 s0200/1030] loss = 1.304678
[e073 s0250/1030] loss = 1.337292
[e073 s0300/1030] loss = 1.374505
[e073 s0350/1030] loss = 1.348275
[e073 s0400/1030] loss = 1.675925
[e073 s0450/1030] loss = 1.729795
[e073 s0500/1030] loss = 1.694285
[e073 s0550/1030] loss = 1.919321
[e073 s0600/1030] loss = 1.890691
[e073 s0650/1030] loss = 1.882635
[e073 s0700/1030] loss = 2.027983
[e073 s0750/1030] loss = 1.981602
[e073 s0800/1030] loss = 1.974244
[e073 s0850/1030] loss = 1.953670
[e073 s0900/1030] loss = 1.922625
[e073 s0950/1030] loss = 1.873932
[e073 s1000/1030] loss = 1.835383
Epoch 073: train_loss = 1.823692  MAE/GAME0 = 14.053  RMSE = 35.010  GAME1 = 16.482  GAME2 = 19.114  GAME3 = 20.417  lr = 1.00e-05  time = 12.9s
[e074 s0001/1030] loss = 0.724346
[e074 s0050/1030] loss = 1.793582
[e074 s0100/1030] loss = 1.664128
[e074 s0150/1030] loss = 1.911928
[e074 s0200/1030] loss = 1.831141
[e074 s0250/1030] loss = 1.764608
[e074 s0300/1030] loss = 1.713199
[e074 s0350/1030] loss = 1.728377
[e074 s0400/1030] loss = 1.627842
[e074 s0450/1030] loss = 1.559786
[e074 s0500/1030] loss = 1.616313
[e074 s0550/1030] loss = 1.650616
[e074 s0600/1030] loss = 1.700127
[e074 s0650/1030] loss = 1.676899
[e074 s0700/1030] loss = 1.666890
[e074 s0750/1030] loss = 1.800461
[e074 s0800/1030] loss = 1.783758
[e074 s0850/1030] loss = 1.722097
[e074 s0900/1030] loss = 1.676398
[e074 s0950/1030] loss = 1.660077
[e074 s1000/1030] loss = 1.699018
Epoch 074: train_loss = 1.713764  MAE/GAME0 = 12.524  RMSE = 35.697  GAME1 = 14.924  GAME2 = 17.335  GAME3 = 18.335  lr = 1.00e-05  time = 13.8s
[e075 s0001/1030] loss = 3.957907
[e075 s0050/1030] loss = 1.390707
[e075 s0100/1030] loss = 1.044256
[e075 s0150/1030] loss = 1.261998
[e075 s0200/1030] loss = 1.450787
[e075 s0250/1030] loss = 1.353157
[e075 s0300/1030] loss = 1.359159
[e075 s0350/1030] loss = 1.338332
[e075 s0400/1030] loss = 1.474108
[e075 s0450/1030] loss = 1.409538
[e075 s0500/1030] loss = 1.407653
[e075 s0550/1030] loss = 1.474289
[e075 s0600/1030] loss = 2.184992
[e075 s0650/1030] loss = 2.125359
[e075 s0700/1030] loss = 2.192075
[e075 s0750/1030] loss = 2.141666
[e075 s0800/1030] loss = 2.072732
[e075 s0850/1030] loss = 2.028475
[e075 s0900/1030] loss = 1.983639
[e075 s0950/1030] loss = 1.998663
[e075 s1000/1030] loss = 1.947187
Epoch 075: train_loss = 1.943211  MAE/GAME0 = 18.648  RMSE = 35.910  GAME1 = 20.754  GAME2 = 23.303  GAME3 = 24.670  lr = 1.00e-05  time = 13.0s
[e076 s0001/1030] loss = 0.960909
[e076 s0050/1030] loss = 2.356424
[e076 s0100/1030] loss = 2.187957
[e076 s0150/1030] loss = 3.179750
[e076 s0200/1030] loss = 2.663543
[e076 s0250/1030] loss = 2.394913
[e076 s0300/1030] loss = 2.188662
[e076 s0350/1030] loss = 2.097539
[e076 s0400/1030] loss = 1.998321
[e076 s0450/1030] loss = 1.932300
[e076 s0500/1030] loss = 1.917379
[e076 s0550/1030] loss = 2.004686
[e076 s0600/1030] loss = 2.001176
[e076 s0650/1030] loss = 1.930887
[e076 s0700/1030] loss = 1.876085
[e076 s0750/1030] loss = 1.847443
[e076 s0800/1030] loss = 1.973577
[e076 s0850/1030] loss = 1.966988
[e076 s0900/1030] loss = 1.974821
[e076 s0950/1030] loss = 1.918183
[e076 s1000/1030] loss = 1.884226
Epoch 076: train_loss = 1.929951  MAE/GAME0 = 13.217  RMSE = 36.011  GAME1 = 14.976  GAME2 = 16.809  GAME3 = 17.613  lr = 1.00e-05  time = 13.2s
[e077 s0001/1030] loss = 0.328727
[e077 s0050/1030] loss = 2.504712
[e077 s0100/1030] loss = 2.040441
[e077 s0150/1030] loss = 1.751514
[e077 s0200/1030] loss = 1.642963
[e077 s0250/1030] loss = 1.518855
[e077 s0300/1030] loss = 1.500836
[e077 s0350/1030] loss = 1.592132
[e077 s0400/1030] loss = 1.559870
[e077 s0450/1030] loss = 1.975812
[e077 s0500/1030] loss = 1.958370
[e077 s0550/1030] loss = 1.946218
[e077 s0600/1030] loss = 1.887709
[e077 s0650/1030] loss = 1.894835
[e077 s0700/1030] loss = 1.870003
[e077 s0750/1030] loss = 1.891677
[e077 s0800/1030] loss = 1.944601
[e077 s0850/1030] loss = 1.903763
[e077 s0900/1030] loss = 1.865908
[e077 s0950/1030] loss = 1.820340
[e077 s1000/1030] loss = 1.901316
Epoch 077: train_loss = 1.941952  MAE/GAME0 = 12.670  RMSE = 35.449  GAME1 = 15.161  GAME2 = 17.438  GAME3 = 18.469  lr = 1.00e-05  time = 13.0s
[e078 s0001/1030] loss = 0.062508
[e078 s0050/1030] loss = 1.642009
[e078 s0100/1030] loss = 1.647911
[e078 s0150/1030] loss = 2.392334
[e078 s0200/1030] loss = 1.954528
[e078 s0250/1030] loss = 1.732515
[e078 s0300/1030] loss = 1.754647
[e078 s0350/1030] loss = 1.901480
[e078 s0400/1030] loss = 1.792016
[e078 s0450/1030] loss = 1.697577
[e078 s0500/1030] loss = 1.636288
[e078 s0550/1030] loss = 1.602485
[e078 s0600/1030] loss = 1.585697
[e078 s0650/1030] loss = 1.587559
[e078 s0700/1030] loss = 1.582213
[e078 s0750/1030] loss = 1.599579
[e078 s0800/1030] loss = 1.607759
[e078 s0850/1030] loss = 1.591062
[e078 s0900/1030] loss = 1.566847
[e078 s0950/1030] loss = 1.609560
[e078 s1000/1030] loss = 1.601865
Epoch 078: train_loss = 1.607872  MAE/GAME0 = 12.567  RMSE = 35.318  GAME1 = 14.993  GAME2 = 17.509  GAME3 = 18.652  lr = 1.00e-05  time = 13.0s
[e079 s0001/1030] loss = 0.633318
[e079 s0050/1030] loss = 1.529268
[e079 s0100/1030] loss = 1.823958
[e079 s0150/1030] loss = 1.590503
[e079 s0200/1030] loss = 1.523184
[e079 s0250/1030] loss = 1.621771
[e079 s0300/1030] loss = 1.744500
[e079 s0350/1030] loss = 1.814247
[e079 s0400/1030] loss = 1.928986
[e079 s0450/1030] loss = 1.934744
[e079 s0500/1030] loss = 1.966236
[e079 s0550/1030] loss = 1.921509
[e079 s0600/1030] loss = 1.901506
[e079 s0650/1030] loss = 1.825517
[e079 s0700/1030] loss = 1.787284
[e079 s0750/1030] loss = 1.752185
[e079 s0800/1030] loss = 1.864010
[e079 s0850/1030] loss = 2.390901
[e079 s0900/1030] loss = 2.401347
[e079 s0950/1030] loss = 2.317422
[e079 s1000/1030] loss = 2.243839
Epoch 079: train_loss = 2.198839  MAE/GAME0 = 12.868  RMSE = 35.825  GAME1 = 15.336  GAME2 = 17.513  GAME3 = 18.442  lr = 1.00e-05  time = 13.0s
[e080 s0001/1030] loss = 0.287578
[e080 s0050/1030] loss = 1.813763
[e080 s0100/1030] loss = 2.549788
[e080 s0150/1030] loss = 2.167715
[e080 s0200/1030] loss = 2.044159
[e080 s0250/1030] loss = 1.928530
[e080 s0300/1030] loss = 2.361432
[e080 s0350/1030] loss = 2.173980
[e080 s0400/1030] loss = 2.153050
[e080 s0450/1030] loss = 2.042781
[e080 s0500/1030] loss = 1.967913
[e080 s0550/1030] loss = 2.002478
[e080 s0600/1030] loss = 1.968543
[e080 s0650/1030] loss = 1.932320
[e080 s0700/1030] loss = 2.020876
[e080 s0750/1030] loss = 1.983489
[e080 s0800/1030] loss = 2.005308
[e080 s0850/1030] loss = 1.948479
[e080 s0900/1030] loss = 1.922415
[e080 s0950/1030] loss = 1.894211
[e080 s1000/1030] loss = 1.892468
Epoch 080: train_loss = 1.895446  MAE/GAME0 = 19.268  RMSE = 37.771  GAME1 = 20.819  GAME2 = 23.064  GAME3 = 24.270  lr = 1.00e-05  time = 13.3s
[e081 s0001/1030] loss = 0.182026
[e081 s0050/1030] loss = 3.839685
[e081 s0100/1030] loss = 2.678565
[e081 s0150/1030] loss = 2.676560
[e081 s0200/1030] loss = 2.429083
[e081 s0250/1030] loss = 2.271276
[e081 s0300/1030] loss = 2.115799
[e081 s0350/1030] loss = 2.174797
[e081 s0400/1030] loss = 2.129512
[e081 s0450/1030] loss = 2.078474
[e081 s0500/1030] loss = 2.131988
[e081 s0550/1030] loss = 2.038698
[e081 s0600/1030] loss = 1.990456
[e081 s0650/1030] loss = 1.997110
[e081 s0700/1030] loss = 1.977910
[e081 s0750/1030] loss = 1.932085
[e081 s0800/1030] loss = 1.941774
[e081 s0850/1030] loss = 1.912210
[e081 s0900/1030] loss = 1.896528
[e081 s0950/1030] loss = 1.875143
[e081 s1000/1030] loss = 1.837277
Epoch 081: train_loss = 1.815289  MAE/GAME0 = 12.225  RMSE = 35.233  GAME1 = 14.833  GAME2 = 17.290  GAME3 = 18.414  lr = 1.00e-05  time = 12.9s
[e082 s0001/1030] loss = 0.367556
[e082 s0050/1030] loss = 2.589911
[e082 s0100/1030] loss = 2.883790
[e082 s0150/1030] loss = 2.558678
[e082 s0200/1030] loss = 2.200480
[e082 s0250/1030] loss = 2.030078
[e082 s0300/1030] loss = 2.040503
[e082 s0350/1030] loss = 1.865795
[e082 s0400/1030] loss = 1.871289
[e082 s0450/1030] loss = 2.028168
[e082 s0500/1030] loss = 2.003794
[e082 s0550/1030] loss = 2.012651
[e082 s0600/1030] loss = 2.378774
[e082 s0650/1030] loss = 2.347856
[e082 s0700/1030] loss = 2.259690
[e082 s0750/1030] loss = 2.214589
[e082 s0800/1030] loss = 2.185288
[e082 s0850/1030] loss = 2.105450
[e082 s0900/1030] loss = 2.074324
[e082 s0950/1030] loss = 2.048433
[e082 s1000/1030] loss = 1.989926
Epoch 082: train_loss = 1.989624  MAE/GAME0 = 14.286  RMSE = 35.028  GAME1 = 17.374  GAME2 = 20.141  GAME3 = 21.406  lr = 1.00e-05  time = 12.9s
[e083 s0001/1030] loss = 0.618795
[e083 s0050/1030] loss = 1.266927
[e083 s0100/1030] loss = 1.523890
[e083 s0150/1030] loss = 1.466233
[e083 s0200/1030] loss = 1.445620
[e083 s0250/1030] loss = 1.370335
[e083 s0300/1030] loss = 1.362712
[e083 s0350/1030] loss = 1.422471
[e083 s0400/1030] loss = 1.513493
[e083 s0450/1030] loss = 1.492756
[e083 s0500/1030] loss = 1.518319
[e083 s0550/1030] loss = 1.456478
[e083 s0600/1030] loss = 1.513524
[e083 s0650/1030] loss = 1.473653
[e083 s0700/1030] loss = 1.811282
[e083 s0750/1030] loss = 1.777463
[e083 s0800/1030] loss = 1.740116
[e083 s0850/1030] loss = 1.701750
[e083 s0900/1030] loss = 1.690662
[e083 s0950/1030] loss = 1.679320
[e083 s1000/1030] loss = 1.663886
Epoch 083: train_loss = 1.715921  MAE/GAME0 = 13.191  RMSE = 36.075  GAME1 = 15.149  GAME2 = 16.998  GAME3 = 17.780  lr = 1.00e-05  time = 12.9s
[e084 s0001/1030] loss = 1.743769
[e084 s0050/1030] loss = 2.204022
[e084 s0100/1030] loss = 2.402548
[e084 s0150/1030] loss = 2.061586
[e084 s0200/1030] loss = 1.844391
[e084 s0250/1030] loss = 1.896401
[e084 s0300/1030] loss = 1.756783
[e084 s0350/1030] loss = 1.697735
[e084 s0400/1030] loss = 1.785465
[e084 s0450/1030] loss = 1.692852
[e084 s0500/1030] loss = 1.634395
[e084 s0550/1030] loss = 1.617450
[e084 s0600/1030] loss = 1.552667
[e084 s0650/1030] loss = 1.494032
[e084 s0700/1030] loss = 1.478589
[e084 s0750/1030] loss = 1.449270
[e084 s0800/1030] loss = 1.490131
[e084 s0850/1030] loss = 1.499265
[e084 s0900/1030] loss = 1.523764
[e084 s0950/1030] loss = 1.520660
[e084 s1000/1030] loss = 1.495045
Epoch 084: train_loss = 1.484202  MAE/GAME0 = 14.946  RMSE = 35.413  GAME1 = 16.965  GAME2 = 19.614  GAME3 = 20.904  lr = 1.00e-05  time = 13.0s
[e085 s0001/1030] loss = 0.621291
[e085 s0050/1030] loss = 1.838160
[e085 s0100/1030] loss = 2.296368
[e085 s0150/1030] loss = 2.526066
[e085 s0200/1030] loss = 2.980320
[e085 s0250/1030] loss = 2.829372
[e085 s0300/1030] loss = 2.543403
[e085 s0350/1030] loss = 2.345977
[e085 s0400/1030] loss = 2.367736
[e085 s0450/1030] loss = 2.225089
[e085 s0500/1030] loss = 2.245714
[e085 s0550/1030] loss = 2.172422
[e085 s0600/1030] loss = 2.110353
[e085 s0650/1030] loss = 2.037151
[e085 s0700/1030] loss = 2.006457
[e085 s0750/1030] loss = 1.939652
[e085 s0800/1030] loss = 1.906970
[e085 s0850/1030] loss = 1.965511
[e085 s0900/1030] loss = 1.948630
[e085 s0950/1030] loss = 1.942404
[e085 s1000/1030] loss = 1.928245
Epoch 085: train_loss = 1.900572  MAE/GAME0 = 12.507  RMSE = 35.160  GAME1 = 14.924  GAME2 = 17.405  GAME3 = 18.597  lr = 1.00e-05  time = 13.0s
[e086 s0001/1030] loss = 0.462653
[e086 s0050/1030] loss = 4.192202
[e086 s0100/1030] loss = 3.332033
[e086 s0150/1030] loss = 2.676451
[e086 s0200/1030] loss = 2.280154
[e086 s0250/1030] loss = 1.988857
[e086 s0300/1030] loss = 1.827000
[e086 s0350/1030] loss = 1.843744
[e086 s0400/1030] loss = 1.847875
[e086 s0450/1030] loss = 1.814806
[e086 s0500/1030] loss = 2.047928
[e086 s0550/1030] loss = 2.059666
[e086 s0600/1030] loss = 1.983394
[e086 s0650/1030] loss = 1.959048
[e086 s0700/1030] loss = 2.031698
[e086 s0750/1030] loss = 1.981628
[e086 s0800/1030] loss = 2.066207
[e086 s0850/1030] loss = 2.039552
[e086 s0900/1030] loss = 1.986500
[e086 s0950/1030] loss = 1.958453
[e086 s1000/1030] loss = 1.910402
Epoch 086: train_loss = 1.885906  MAE/GAME0 = 12.323  RMSE = 35.256  GAME1 = 14.934  GAME2 = 17.396  GAME3 = 18.414  lr = 1.00e-05  time = 13.0s
[e087 s0001/1030] loss = 4.714613
[e087 s0050/1030] loss = 1.837612
[e087 s0100/1030] loss = 1.451836
[e087 s0150/1030] loss = 1.404996
[e087 s0200/1030] loss = 1.329196
[e087 s0250/1030] loss = 1.306059
[e087 s0300/1030] loss = 1.850519
[e087 s0350/1030] loss = 1.789863
[e087 s0400/1030] loss = 1.744093
[e087 s0450/1030] loss = 1.692921
[e087 s0500/1030] loss = 1.663621
[e087 s0550/1030] loss = 1.670789
[e087 s0600/1030] loss = 1.645095
[e087 s0650/1030] loss = 1.868527
[e087 s0700/1030] loss = 1.835697
[e087 s0750/1030] loss = 1.816012
[e087 s0800/1030] loss = 1.812381
[e087 s0850/1030] loss = 1.822490
[e087 s0900/1030] loss = 1.799199
[e087 s0950/1030] loss = 1.753658
[e087 s1000/1030] loss = 1.764291
Epoch 087: train_loss = 1.762738  MAE/GAME0 = 13.509  RMSE = 35.267  GAME1 = 15.449  GAME2 = 18.024  GAME3 = 19.231  lr = 1.00e-05  time = 13.0s
[e088 s0001/1030] loss = 0.108926
[e088 s0050/1030] loss = 1.544969
[e088 s0100/1030] loss = 3.226775
[e088 s0150/1030] loss = 2.799375
[e088 s0200/1030] loss = 2.661379
[e088 s0250/1030] loss = 2.360995
[e088 s0300/1030] loss = 2.148114
[e088 s0350/1030] loss = 2.388711
[e088 s0400/1030] loss = 2.310097
[e088 s0450/1030] loss = 2.168066
[e088 s0500/1030] loss = 2.287524
[e088 s0550/1030] loss = 2.181488
[e088 s0600/1030] loss = 2.107026
[e088 s0650/1030] loss = 2.691991
[e088 s0700/1030] loss = 2.706597
[e088 s0750/1030] loss = 2.569510
[e088 s0800/1030] loss = 2.483804
[e088 s0850/1030] loss = 2.427239
[e088 s0900/1030] loss = 2.346967
[e088 s0950/1030] loss = 2.375122
[e088 s1000/1030] loss = 2.347298
Epoch 088: train_loss = 2.309581  MAE/GAME0 = 12.700  RMSE = 35.738  GAME1 = 14.748  GAME2 = 16.634  GAME3 = 17.494  lr = 1.00e-05  time = 12.9s
[e089 s0001/1030] loss = 0.333566
[e089 s0050/1030] loss = 0.801055
[e089 s0100/1030] loss = 1.711219
[e089 s0150/1030] loss = 1.390897
[e089 s0200/1030] loss = 1.450822
[e089 s0250/1030] loss = 1.333856
[e089 s0300/1030] loss = 1.649624
[e089 s0350/1030] loss = 1.572368
[e089 s0400/1030] loss = 1.535034
[e089 s0450/1030] loss = 1.545897
[e089 s0500/1030] loss = 1.570931
[e089 s0550/1030] loss = 1.573587
[e089 s0600/1030] loss = 1.514404
[e089 s0650/1030] loss = 1.532894
[e089 s0700/1030] loss = 1.602010
[e089 s0750/1030] loss = 1.563917
[e089 s0800/1030] loss = 1.603928
[e089 s0850/1030] loss = 1.596226
[e089 s0900/1030] loss = 1.587302
[e089 s0950/1030] loss = 1.579960
[e089 s1000/1030] loss = 1.595512
Epoch 089: train_loss = 1.594722  MAE/GAME0 = 14.140  RMSE = 34.944  GAME1 = 16.831  GAME2 = 19.571  GAME3 = 20.889  lr = 1.00e-05  time = 14.8s
[e090 s0001/1030] loss = 0.205920
[e090 s0050/1030] loss = 0.896995
[e090 s0100/1030] loss = 1.293748
[e090 s0150/1030] loss = 1.332338
[e090 s0200/1030] loss = 1.224683
[e090 s0250/1030] loss = 1.443009
[e090 s0300/1030] loss = 1.322378
[e090 s0350/1030] loss = 1.353558
[e090 s0400/1030] loss = 1.421653
[e090 s0450/1030] loss = 1.485377
[e090 s0500/1030] loss = 1.419813
[e090 s0550/1030] loss = 1.526288
[e090 s0600/1030] loss = 1.481940
[e090 s0650/1030] loss = 1.564007
[e090 s0700/1030] loss = 1.742500
[e090 s0750/1030] loss = 1.781194
[e090 s0800/1030] loss = 1.886469
[e090 s0850/1030] loss = 1.880774
[e090 s0900/1030] loss = 1.822491
[e090 s0950/1030] loss = 1.789079
[e090 s1000/1030] loss = 1.784827
Epoch 090: train_loss = 1.789166  MAE/GAME0 = 12.661  RMSE = 35.225  GAME1 = 14.868  GAME2 = 17.298  GAME3 = 18.413  lr = 1.00e-05  time = 12.9s
[e091 s0001/1030] loss = 0.272832
[e091 s0050/1030] loss = 1.732774
[e091 s0100/1030] loss = 1.506345
[e091 s0150/1030] loss = 1.667334
[e091 s0200/1030] loss = 1.609392
[e091 s0250/1030] loss = 1.505662
[e091 s0300/1030] loss = 1.418385
[e091 s0350/1030] loss = 1.337754
[e091 s0400/1030] loss = 1.367145
[e091 s0450/1030] loss = 1.357026
[e091 s0500/1030] loss = 1.315952
[e091 s0550/1030] loss = 1.330826
[e091 s0600/1030] loss = 1.297345
[e091 s0650/1030] loss = 1.259853
[e091 s0700/1030] loss = 1.250520
[e091 s0750/1030] loss = 1.464550
[e091 s0800/1030] loss = 1.455283
[e091 s0850/1030] loss = 1.418027
[e091 s0900/1030] loss = 1.395198
[e091 s0950/1030] loss = 1.374644
[e091 s1000/1030] loss = 1.405047
Epoch 091: train_loss = 1.412817  MAE/GAME0 = 15.144  RMSE = 35.116  GAME1 = 17.316  GAME2 = 19.855  GAME3 = 21.048  lr = 1.00e-05  time = 13.0s
[e092 s0001/1030] loss = 1.128587
[e092 s0050/1030] loss = 2.383887
[e092 s0100/1030] loss = 1.951000
[e092 s0150/1030] loss = 2.536090
[e092 s0200/1030] loss = 2.306389
[e092 s0250/1030] loss = 2.053292
[e092 s0300/1030] loss = 1.924497
[e092 s0350/1030] loss = 1.772053
[e092 s0400/1030] loss = 1.681764
[e092 s0450/1030] loss = 1.739199
[e092 s0500/1030] loss = 1.768944
[e092 s0550/1030] loss = 1.714147
[e092 s0600/1030] loss = 1.675343
[e092 s0650/1030] loss = 1.631495
[e092 s0700/1030] loss = 1.643545
[e092 s0750/1030] loss = 1.648277
[e092 s0800/1030] loss = 1.617586
[e092 s0850/1030] loss = 1.613548
[e092 s0900/1030] loss = 1.644777
[e092 s0950/1030] loss = 1.639503
[e092 s1000/1030] loss = 1.690476
Epoch 092: train_loss = 1.747936  MAE/GAME0 = 14.446  RMSE = 35.007  GAME1 = 16.909  GAME2 = 19.612  GAME3 = 21.004  lr = 1.00e-05  time = 12.9s
[e093 s0001/1030] loss = 0.268746
[e093 s0050/1030] loss = 1.870129
[e093 s0100/1030] loss = 1.439439
[e093 s0150/1030] loss = 1.464845
[e093 s0200/1030] loss = 1.425144
[e093 s0250/1030] loss = 1.406302
[e093 s0300/1030] loss = 1.299703
[e093 s0350/1030] loss = 1.299935
[e093 s0400/1030] loss = 1.412468
[e093 s0450/1030] loss = 1.429117
[e093 s0500/1030] loss = 1.433299
[e093 s0550/1030] loss = 1.383747
[e093 s0600/1030] loss = 1.378115
[e093 s0650/1030] loss = 1.503146
[e093 s0700/1030] loss = 1.494756
[e093 s0750/1030] loss = 1.515454
[e093 s0800/1030] loss = 1.486695
[e093 s0850/1030] loss = 1.492687
[e093 s0900/1030] loss = 1.967172
[e093 s0950/1030] loss = 1.948105
[e093 s1000/1030] loss = 1.920064
Epoch 093: train_loss = 1.911092  MAE/GAME0 = 13.360  RMSE = 34.719  GAME1 = 16.307  GAME2 = 18.807  GAME3 = 20.079  lr = 1.00e-05  time = 13.1s
[e094 s0001/1030] loss = 1.642559
[e094 s0050/1030] loss = 1.575608
[e094 s0100/1030] loss = 1.919704
[e094 s0150/1030] loss = 1.803992
[e094 s0200/1030] loss = 1.679949
[e094 s0250/1030] loss = 3.284703
[e094 s0300/1030] loss = 3.021429
[e094 s0350/1030] loss = 2.753479
[e094 s0400/1030] loss = 2.651171
[e094 s0450/1030] loss = 2.490415
[e094 s0500/1030] loss = 2.358470
[e094 s0550/1030] loss = 2.358752
[e094 s0600/1030] loss = 2.288876
[e094 s0650/1030] loss = 2.234511
[e094 s0700/1030] loss = 2.145758
[e094 s0750/1030] loss = 2.116194
[e094 s0800/1030] loss = 2.102551
[e094 s0850/1030] loss = 2.196130
[e094 s0900/1030] loss = 2.176265
[e094 s0950/1030] loss = 2.149018
[e094 s1000/1030] loss = 2.092685
Epoch 094: train_loss = 2.063681  MAE/GAME0 = 12.733  RMSE = 35.712  GAME1 = 14.735  GAME2 = 16.970  GAME3 = 18.022  lr = 1.00e-05  time = 13.1s
[e095 s0001/1030] loss = 0.826575
[e095 s0050/1030] loss = 1.861680
[e095 s0100/1030] loss = 1.625838
[e095 s0150/1030] loss = 1.574614
[e095 s0200/1030] loss = 1.503795
[e095 s0250/1030] loss = 1.517470
[e095 s0300/1030] loss = 1.530501
[e095 s0350/1030] loss = 1.409919
[e095 s0400/1030] loss = 1.418796
[e095 s0450/1030] loss = 1.385353
[e095 s0500/1030] loss = 1.346291
[e095 s0550/1030] loss = 1.976487
[e095 s0600/1030] loss = 1.911740
[e095 s0650/1030] loss = 1.871986
[e095 s0700/1030] loss = 1.817974
[e095 s0750/1030] loss = 1.769392
[e095 s0800/1030] loss = 1.701305
[e095 s0850/1030] loss = 1.696448
[e095 s0900/1030] loss = 1.659067
[e095 s0950/1030] loss = 1.636190
[e095 s1000/1030] loss = 1.701066
Epoch 095: train_loss = 1.693917  MAE/GAME0 = 14.035  RMSE = 36.418  GAME1 = 16.063  GAME2 = 17.893  GAME3 = 18.753  lr = 1.00e-05  time = 12.9s
[e096 s0001/1030] loss = 0.159891
[e096 s0050/1030] loss = 2.268245
[e096 s0100/1030] loss = 2.050168
[e096 s0150/1030] loss = 1.974314
[e096 s0200/1030] loss = 1.765505
[e096 s0250/1030] loss = 1.629120
[e096 s0300/1030] loss = 2.863342
[e096 s0350/1030] loss = 2.618344
[e096 s0400/1030] loss = 2.401093
[e096 s0450/1030] loss = 2.238952
[e096 s0500/1030] loss = 2.169988
[e096 s0550/1030] loss = 2.109656
[e096 s0600/1030] loss = 2.046658
[e096 s0650/1030] loss = 1.958846
[e096 s0700/1030] loss = 1.913498
[e096 s0750/1030] loss = 1.860606
[e096 s0800/1030] loss = 1.838120
[e096 s0850/1030] loss = 1.875350
[e096 s0900/1030] loss = 2.010712
[e096 s0950/1030] loss = 1.990343
[e096 s1000/1030] loss = 2.050266
Epoch 096: train_loss = 2.024202  MAE/GAME0 = 12.426  RMSE = 35.374  GAME1 = 14.674  GAME2 = 17.039  GAME3 = 18.136  lr = 1.00e-05  time = 12.9s
[e097 s0001/1030] loss = 0.988139
[e097 s0050/1030] loss = 1.002312
[e097 s0100/1030] loss = 1.085349
[e097 s0150/1030] loss = 1.850741
[e097 s0200/1030] loss = 1.645641
[e097 s0250/1030] loss = 1.532203
[e097 s0300/1030] loss = 1.483098
[e097 s0350/1030] loss = 1.492146
[e097 s0400/1030] loss = 1.448216
[e097 s0450/1030] loss = 1.396958
[e097 s0500/1030] loss = 1.437574
[e097 s0550/1030] loss = 1.482433
[e097 s0600/1030] loss = 1.482683
[e097 s0650/1030] loss = 1.477324
[e097 s0700/1030] loss = 1.438617
[e097 s0750/1030] loss = 1.405822
[e097 s0800/1030] loss = 1.408456
[e097 s0850/1030] loss = 1.379226
[e097 s0900/1030] loss = 1.375168
[e097 s0950/1030] loss = 1.353801
[e097 s1000/1030] loss = 1.733349
Epoch 097: train_loss = 1.705015  MAE/GAME0 = 12.228  RMSE = 35.204  GAME1 = 14.327  GAME2 = 16.507  GAME3 = 17.491  lr = 1.00e-05  time = 13.0s
[e098 s0001/1030] loss = 1.027024
[e098 s0050/1030] loss = 1.922768
[e098 s0100/1030] loss = 1.392233
[e098 s0150/1030] loss = 1.345911
[e098 s0200/1030] loss = 1.475619
[e098 s0250/1030] loss = 1.873646
[e098 s0300/1030] loss = 1.744198
[e098 s0350/1030] loss = 1.797558
[e098 s0400/1030] loss = 1.746127
[e098 s0450/1030] loss = 1.669947
[e098 s0500/1030] loss = 1.602391
[e098 s0550/1030] loss = 1.516526
[e098 s0600/1030] loss = 1.704235
[e098 s0650/1030] loss = 1.643895
[e098 s0700/1030] loss = 1.609752
[e098 s0750/1030] loss = 1.609329
[e098 s0800/1030] loss = 1.576242
[e098 s0850/1030] loss = 1.688495
[e098 s0900/1030] loss = 1.633652
[e098 s0950/1030] loss = 1.638667
[e098 s1000/1030] loss = 1.608895
Epoch 098: train_loss = 1.608668  MAE/GAME0 = 12.310  RMSE = 35.152  GAME1 = 14.497  GAME2 = 16.752  GAME3 = 17.779  lr = 1.00e-05  time = 12.9s
[e099 s0001/1030] loss = 0.218278
[e099 s0050/1030] loss = 1.476635
[e099 s0100/1030] loss = 1.448641
[e099 s0150/1030] loss = 1.345032
[e099 s0200/1030] loss = 1.763879
[e099 s0250/1030] loss = 1.669982
[e099 s0300/1030] loss = 1.827594
[e099 s0350/1030] loss = 1.788239
[e099 s0400/1030] loss = 1.761791
[e099 s0450/1030] loss = 1.776777
[e099 s0500/1030] loss = 1.741860
[e099 s0550/1030] loss = 1.825259
[e099 s0600/1030] loss = 1.836962
[e099 s0650/1030] loss = 1.770489
[e099 s0700/1030] loss = 1.695835
[e099 s0750/1030] loss = 1.663966
[e099 s0800/1030] loss = 1.621513
[e099 s0850/1030] loss = 1.605930
[e099 s0900/1030] loss = 1.569515
[e099 s0950/1030] loss = 1.659261
[e099 s1000/1030] loss = 1.696943
Epoch 099: train_loss = 1.809996  MAE/GAME0 = 13.633  RMSE = 35.021  GAME1 = 15.707  GAME2 = 18.137  GAME3 = 19.342  lr = 1.00e-05  time = 13.0s
[e100 s0001/1030] loss = 0.975103
[e100 s0050/1030] loss = 1.598529
[e100 s0100/1030] loss = 1.581560
[e100 s0150/1030] loss = 1.524583
[e100 s0200/1030] loss = 1.526186
[e100 s0250/1030] loss = 1.560609
[e100 s0300/1030] loss = 1.437765
[e100 s0350/1030] loss = 1.432872
[e100 s0400/1030] loss = 1.401341
[e100 s0450/1030] loss = 1.638476
[e100 s0500/1030] loss = 1.605189
[e100 s0550/1030] loss = 1.552037
[e100 s0600/1030] loss = 1.521397
[e100 s0650/1030] loss = 1.478699
[e100 s0700/1030] loss = 1.433595
[e100 s0750/1030] loss = 1.420940
[e100 s0800/1030] loss = 1.877813
[e100 s0850/1030] loss = 1.878343
[e100 s0900/1030] loss = 1.863334
[e100 s0950/1030] loss = 1.827220
[e100 s1000/1030] loss = 1.838430
Epoch 100: train_loss = 1.811130  MAE/GAME0 = 12.187  RMSE = 35.105  GAME1 = 14.515  GAME2 = 16.951  GAME3 = 18.080  lr = 1.00e-05  time = 14.4s
[e101 s0001/1030] loss = 0.709766
[e101 s0050/1030] loss = 0.781453
[e101 s0100/1030] loss = 0.922413
[e101 s0150/1030] loss = 0.927793
[e101 s0200/1030] loss = 1.044810
[e101 s0250/1030] loss = 1.221161
[e101 s0300/1030] loss = 1.282118
[e101 s0350/1030] loss = 1.328149
[e101 s0400/1030] loss = 1.343144
[e101 s0450/1030] loss = 1.339207
[e101 s0500/1030] loss = 1.407427
[e101 s0550/1030] loss = 1.382168
[e101 s0600/1030] loss = 1.377111
[e101 s0650/1030] loss = 1.424294
[e101 s0700/1030] loss = 1.443243
[e101 s0750/1030] loss = 1.427692
[e101 s0800/1030] loss = 1.433673
[e101 s0850/1030] loss = 1.455629
[e101 s0900/1030] loss = 1.441745
[e101 s0950/1030] loss = 1.458789
[e101 s1000/1030] loss = 1.457156
Epoch 101: train_loss = 1.461188  MAE/GAME0 = 12.020  RMSE = 35.188  GAME1 = 14.139  GAME2 = 16.560  GAME3 = 17.673  lr = 1.00e-05  time = 13.0s
[e102 s0001/1030] loss = 0.203682
[e102 s0050/1030] loss = 1.719561
[e102 s0100/1030] loss = 1.548957
[e102 s0150/1030] loss = 1.418431
[e102 s0200/1030] loss = 1.405549
[e102 s0250/1030] loss = 1.384635
[e102 s0300/1030] loss = 1.385543
[e102 s0350/1030] loss = 1.353967
[e102 s0400/1030] loss = 1.907138
[e102 s0450/1030] loss = 1.788546
[e102 s0500/1030] loss = 1.765148
[e102 s0550/1030] loss = 1.715359
[e102 s0600/1030] loss = 1.692521
[e102 s0650/1030] loss = 1.652005
[e102 s0700/1030] loss = 1.652135
[e102 s0750/1030] loss = 1.630880
[e102 s0800/1030] loss = 1.581898
[e102 s0850/1030] loss = 1.611920
[e102 s0900/1030] loss = 1.575147
[e102 s0950/1030] loss = 1.569952
[e102 s1000/1030] loss = 1.600365
Epoch 102: train_loss = 1.572460  MAE/GAME0 = 12.163  RMSE = 35.197  GAME1 = 14.283  GAME2 = 16.670  GAME3 = 17.831  lr = 1.00e-05  time = 13.8s
[e103 s0001/1030] loss = 2.584502
[e103 s0050/1030] loss = 2.948425
[e103 s0100/1030] loss = 3.197838
[e103 s0150/1030] loss = 2.418510
[e103 s0200/1030] loss = 2.137309
[e103 s0250/1030] loss = 3.095258
[e103 s0300/1030] loss = 2.763956
[e103 s0350/1030] loss = 2.647594
[e103 s0400/1030] loss = 2.479111
[e103 s0450/1030] loss = 2.365278
[e103 s0500/1030] loss = 2.394294
[e103 s0550/1030] loss = 2.320052
[e103 s0600/1030] loss = 2.219365
[e103 s0650/1030] loss = 2.253174
[e103 s0700/1030] loss = 2.156946
[e103 s0750/1030] loss = 2.089671
[e103 s0800/1030] loss = 2.035368
[e103 s0850/1030] loss = 1.961445
[e103 s0900/1030] loss = 1.906648
[e103 s0950/1030] loss = 1.872325
[e103 s1000/1030] loss = 1.829672
Epoch 103: train_loss = 1.814107  MAE/GAME0 = 13.296  RMSE = 34.749  GAME1 = 15.446  GAME2 = 17.901  GAME3 = 19.211  lr = 1.00e-05  time = 12.6s
[e104 s0001/1030] loss = 0.425865
[e104 s0050/1030] loss = 8.576488
[e104 s0100/1030] loss = 5.304253
[e104 s0150/1030] loss = 3.873854
[e104 s0200/1030] loss = 3.327777
[e104 s0250/1030] loss = 2.891802
[e104 s0300/1030] loss = 2.532996
[e104 s0350/1030] loss = 2.407601
[e104 s0400/1030] loss = 2.264415
[e104 s0450/1030] loss = 2.394187
[e104 s0500/1030] loss = 2.267951
[e104 s0550/1030] loss = 2.223566
[e104 s0600/1030] loss = 2.180024
[e104 s0650/1030] loss = 2.114362
[e104 s0700/1030] loss = 2.081769
[e104 s0750/1030] loss = 1.983578
[e104 s0800/1030] loss = 1.973506
[e104 s0850/1030] loss = 1.972199
[e104 s0900/1030] loss = 1.943166
[e104 s0950/1030] loss = 1.902621
[e104 s1000/1030] loss = 1.853605
Epoch 104: train_loss = 1.825564  MAE/GAME0 = 13.208  RMSE = 34.543  GAME1 = 15.270  GAME2 = 17.715  GAME3 = 18.980  lr = 1.00e-05  time = 14.2s
[e105 s0001/1030] loss = 0.188110
[e105 s0050/1030] loss = 0.950918
[e105 s0100/1030] loss = 0.925214
[e105 s0150/1030] loss = 0.843107
[e105 s0200/1030] loss = 1.062129
[e105 s0250/1030] loss = 1.099911
[e105 s0300/1030] loss = 1.162084
[e105 s0350/1030] loss = 1.134391
[e105 s0400/1030] loss = 1.105692
[e105 s0450/1030] loss = 1.197642
[e105 s0500/1030] loss = 1.162944
[e105 s0550/1030] loss = 1.240736
[e105 s0600/1030] loss = 1.312204
[e105 s0650/1030] loss = 1.311218
[e105 s0700/1030] loss = 1.347798
[e105 s0750/1030] loss = 1.389911
[e105 s0800/1030] loss = 1.370356
[e105 s0850/1030] loss = 1.349318
[e105 s0900/1030] loss = 1.338432
[e105 s0950/1030] loss = 1.361848
[e105 s1000/1030] loss = 1.403855
Epoch 105: train_loss = 1.392073  MAE/GAME0 = 12.221  RMSE = 35.312  GAME1 = 14.228  GAME2 = 16.279  GAME3 = 17.190  lr = 1.00e-05  time = 13.0s
[e106 s0001/1030] loss = 0.497865
[e106 s0050/1030] loss = 1.018259
[e106 s0100/1030] loss = 0.884231
[e106 s0150/1030] loss = 0.972769
[e106 s0200/1030] loss = 1.142660
[e106 s0250/1030] loss = 1.140617
[e106 s0300/1030] loss = 1.099459
[e106 s0350/1030] loss = 1.167262
[e106 s0400/1030] loss = 1.268999
[e106 s0450/1030] loss = 1.283694
[e106 s0500/1030] loss = 2.196414
[e106 s0550/1030] loss = 2.190917
[e106 s0600/1030] loss = 2.140347
[e106 s0650/1030] loss = 2.091242
[e106 s0700/1030] loss = 2.083772
[e106 s0750/1030] loss = 2.050975
[e106 s0800/1030] loss = 1.999209
[e106 s0850/1030] loss = 2.010170
[e106 s0900/1030] loss = 1.962187
[e106 s0950/1030] loss = 1.916860
[e106 s1000/1030] loss = 1.877358
Epoch 106: train_loss = 1.865326  MAE/GAME0 = 13.021  RMSE = 34.657  GAME1 = 15.107  GAME2 = 17.562  GAME3 = 18.719  lr = 1.00e-05  time = 13.0s
[e107 s0001/1030] loss = 0.860859
[e107 s0050/1030] loss = 2.368719
[e107 s0100/1030] loss = 1.689447
[e107 s0150/1030] loss = 1.579447
[e107 s0200/1030] loss = 1.579231
[e107 s0250/1030] loss = 3.505084
[e107 s0300/1030] loss = 3.365499
[e107 s0350/1030] loss = 3.156008
[e107 s0400/1030] loss = 2.900973
[e107 s0450/1030] loss = 2.828284
[e107 s0500/1030] loss = 2.812019
[e107 s0550/1030] loss = 2.681487
[e107 s0600/1030] loss = 2.560298
[e107 s0650/1030] loss = 2.459001
[e107 s0700/1030] loss = 2.366051
[e107 s0750/1030] loss = 2.300723
[e107 s0800/1030] loss = 2.223199
[e107 s0850/1030] loss = 2.183277
[e107 s0900/1030] loss = 2.122823
[e107 s0950/1030] loss = 2.055867
[e107 s1000/1030] loss = 2.026801
Epoch 107: train_loss = 2.019221  MAE/GAME0 = 17.656  RMSE = 36.610  GAME1 = 19.199  GAME2 = 21.440  GAME3 = 22.638  lr = 1.00e-05  time = 12.9s
[e108 s0001/1030] loss = 2.736005
[e108 s0050/1030] loss = 1.476912
[e108 s0100/1030] loss = 1.310461
[e108 s0150/1030] loss = 1.424661
[e108 s0200/1030] loss = 1.346131
[e108 s0250/1030] loss = 1.315967
[e108 s0300/1030] loss = 1.277089
[e108 s0350/1030] loss = 1.292444
[e108 s0400/1030] loss = 1.271409
[e108 s0450/1030] loss = 2.002757
[e108 s0500/1030] loss = 1.919027
[e108 s0550/1030] loss = 1.818183
[e108 s0600/1030] loss = 1.923263
[e108 s0650/1030] loss = 1.906397
[e108 s0700/1030] loss = 1.866082
[e108 s0750/1030] loss = 1.826614
[e108 s0800/1030] loss = 1.793330
[e108 s0850/1030] loss = 1.750885
[e108 s0900/1030] loss = 1.737914
[e108 s0950/1030] loss = 1.784598
[e108 s1000/1030] loss = 1.801789
Epoch 108: train_loss = 1.789167  MAE/GAME0 = 13.125  RMSE = 34.914  GAME1 = 15.183  GAME2 = 17.571  GAME3 = 18.900  lr = 1.00e-05  time = 13.0s
[e109 s0001/1030] loss = 0.817455
[e109 s0050/1030] loss = 1.110839
[e109 s0100/1030] loss = 1.144688
[e109 s0150/1030] loss = 1.630819
[e109 s0200/1030] loss = 2.808458
[e109 s0250/1030] loss = 2.514494
[e109 s0300/1030] loss = 2.255720
[e109 s0350/1030] loss = 2.250835
[e109 s0400/1030] loss = 2.192565
[e109 s0450/1030] loss = 2.084517
[e109 s0500/1030] loss = 2.013351
[e109 s0550/1030] loss = 1.975012
[e109 s0600/1030] loss = 1.942413
[e109 s0650/1030] loss = 1.884863
[e109 s0700/1030] loss = 1.796643
[e109 s0750/1030] loss = 1.765148
[e109 s0800/1030] loss = 1.808293
[e109 s0850/1030] loss = 1.773873
[e109 s0900/1030] loss = 1.784887
[e109 s0950/1030] loss = 1.797280
[e109 s1000/1030] loss = 1.760272
Epoch 109: train_loss = 1.735246  MAE/GAME0 = 11.917  RMSE = 34.808  GAME1 = 14.152  GAME2 = 16.488  GAME3 = 17.615  lr = 1.00e-05  time = 13.9s
[e110 s0001/1030] loss = 0.328955
[e110 s0050/1030] loss = 1.277511
[e110 s0100/1030] loss = 1.357899
[e110 s0150/1030] loss = 1.262243
[e110 s0200/1030] loss = 1.216298
[e110 s0250/1030] loss = 2.044723
[e110 s0300/1030] loss = 1.952540
[e110 s0350/1030] loss = 1.906113
[e110 s0400/1030] loss = 1.800621
[e110 s0450/1030] loss = 1.821568
[e110 s0500/1030] loss = 1.751032
[e110 s0550/1030] loss = 1.674463
[e110 s0600/1030] loss = 1.624506
[e110 s0650/1030] loss = 1.592387
[e110 s0700/1030] loss = 1.638184
[e110 s0750/1030] loss = 1.626940
[e110 s0800/1030] loss = 1.649805
[e110 s0850/1030] loss = 1.606338
[e110 s0900/1030] loss = 1.595318
[e110 s0950/1030] loss = 1.596422
[e110 s1000/1030] loss = 1.592253
Epoch 110: train_loss = 1.653875  MAE/GAME0 = 21.891  RMSE = 37.763  GAME1 = 23.332  GAME2 = 25.403  GAME3 = 26.656  lr = 1.00e-05  time = 13.1s
[e111 s0001/1030] loss = 0.612912
[e111 s0050/1030] loss = 4.955402
[e111 s0100/1030] loss = 2.896000
[e111 s0150/1030] loss = 2.328748
[e111 s0200/1030] loss = 2.026561
[e111 s0250/1030] loss = 1.915244
[e111 s0300/1030] loss = 1.855297
[e111 s0350/1030] loss = 1.767809
[e111 s0400/1030] loss = 1.963774
[e111 s0450/1030] loss = 1.922079
[e111 s0500/1030] loss = 1.862945
[e111 s0550/1030] loss = 1.828878
[e111 s0600/1030] loss = 1.843633
[e111 s0650/1030] loss = 1.798943
[e111 s0700/1030] loss = 1.810430
[e111 s0750/1030] loss = 1.763065
[e111 s0800/1030] loss = 1.722047
[e111 s0850/1030] loss = 1.668347
[e111 s0900/1030] loss = 1.682786
[e111 s0950/1030] loss = 1.672357
[e111 s1000/1030] loss = 1.653654
Epoch 111: train_loss = 1.647042  MAE/GAME0 = 12.804  RMSE = 35.073  GAME1 = 14.745  GAME2 = 17.304  GAME3 = 18.517  lr = 1.00e-05  time = 13.0s
[e112 s0001/1030] loss = 1.695233
[e112 s0050/1030] loss = 2.990771
[e112 s0100/1030] loss = 2.059838
[e112 s0150/1030] loss = 1.733762
[e112 s0200/1030] loss = 3.696901
[e112 s0250/1030] loss = 3.211102
[e112 s0300/1030] loss = 2.825185
[e112 s0350/1030] loss = 2.569585
[e112 s0400/1030] loss = 2.474098
[e112 s0450/1030] loss = 2.416767
[e112 s0500/1030] loss = 2.315864
[e112 s0550/1030] loss = 2.256068
[e112 s0600/1030] loss = 2.124577
[e112 s0650/1030] loss = 2.064374
[e112 s0700/1030] loss = 2.064944
[e112 s0750/1030] loss = 2.152386
[e112 s0800/1030] loss = 2.171732
[e112 s0850/1030] loss = 2.149874
[e112 s0900/1030] loss = 2.080327
[e112 s0950/1030] loss = 2.023228
[e112 s1000/1030] loss = 1.994480
Epoch 112: train_loss = 1.958051  MAE/GAME0 = 11.780  RMSE = 34.987  GAME1 = 14.029  GAME2 = 16.261  GAME3 = 17.316  lr = 1.00e-05  time = 12.9s
[e113 s0001/1030] loss = 0.059237
[e113 s0050/1030] loss = 0.869177
[e113 s0100/1030] loss = 0.786152
[e113 s0150/1030] loss = 0.843958
[e113 s0200/1030] loss = 1.012990
[e113 s0250/1030] loss = 1.137512
[e113 s0300/1030] loss = 1.193330
[e113 s0350/1030] loss = 1.128958
[e113 s0400/1030] loss = 1.159784
[e113 s0450/1030] loss = 1.151278
[e113 s0500/1030] loss = 1.180749
[e113 s0550/1030] loss = 1.230375
[e113 s0600/1030] loss = 1.224974
[e113 s0650/1030] loss = 1.200372
[e113 s0700/1030] loss = 1.229912
[e113 s0750/1030] loss = 1.295845
[e113 s0800/1030] loss = 1.309530
[e113 s0850/1030] loss = 1.294422
[e113 s0900/1030] loss = 1.378101
[e113 s0950/1030] loss = 1.365160
[e113 s1000/1030] loss = 1.369861
Epoch 113: train_loss = 1.644796  MAE/GAME0 = 12.127  RMSE = 34.589  GAME1 = 14.241  GAME2 = 16.647  GAME3 = 17.743  lr = 1.00e-05  time = 13.1s
[e114 s0001/1030] loss = 0.077253
[e114 s0050/1030] loss = 2.141798
[e114 s0100/1030] loss = 1.884833
[e114 s0150/1030] loss = 1.564242
[e114 s0200/1030] loss = 1.523392
[e114 s0250/1030] loss = 1.427382
[e114 s0300/1030] loss = 1.327517
[e114 s0350/1030] loss = 1.303397
[e114 s0400/1030] loss = 1.292082
[e114 s0450/1030] loss = 1.326838
[e114 s0500/1030] loss = 1.321090
[e114 s0550/1030] loss = 1.260328
[e114 s0600/1030] loss = 1.280584
[e114 s0650/1030] loss = 1.252624
[e114 s0700/1030] loss = 1.229277
[e114 s0750/1030] loss = 1.311454
[e114 s0800/1030] loss = 1.356473
[e114 s0850/1030] loss = 1.320297
[e114 s0900/1030] loss = 1.766601
[e114 s0950/1030] loss = 1.728132
[e114 s1000/1030] loss = 1.687289
Epoch 114: train_loss = 1.661887  MAE/GAME0 = 12.548  RMSE = 34.558  GAME1 = 14.824  GAME2 = 17.295  GAME3 = 18.523  lr = 1.00e-05  time = 13.2s
[e115 s0001/1030] loss = 0.169214
[e115 s0050/1030] loss = 1.502765
[e115 s0100/1030] loss = 1.258559
[e115 s0150/1030] loss = 1.516529
[e115 s0200/1030] loss = 1.599658
[e115 s0250/1030] loss = 1.569001
[e115 s0300/1030] loss = 1.565849
[e115 s0350/1030] loss = 1.585351
[e115 s0400/1030] loss = 1.806259
[e115 s0450/1030] loss = 1.753838
[e115 s0500/1030] loss = 1.696001
[e115 s0550/1030] loss = 1.663027
[e115 s0600/1030] loss = 1.695762
[e115 s0650/1030] loss = 1.660658
[e115 s0700/1030] loss = 1.650891
[e115 s0750/1030] loss = 1.618332
[e115 s0800/1030] loss = 1.586155
[e115 s0850/1030] loss = 1.600618
[e115 s0900/1030] loss = 1.574069
[e115 s0950/1030] loss = 1.581565
[e115 s1000/1030] loss = 1.597318
Epoch 115: train_loss = 1.591567  MAE/GAME0 = 12.576  RMSE = 34.648  GAME1 = 14.748  GAME2 = 17.149  GAME3 = 18.316  lr = 1.00e-05  time = 14.8s
[e116 s0001/1030] loss = 9.280890
[e116 s0050/1030] loss = 1.674201
[e116 s0100/1030] loss = 1.542535
[e116 s0150/1030] loss = 1.657649
[e116 s0200/1030] loss = 1.613533
[e116 s0250/1030] loss = 1.569228
[e116 s0300/1030] loss = 1.505590
[e116 s0350/1030] loss = 1.439734
[e116 s0400/1030] loss = 1.407307
[e116 s0450/1030] loss = 1.476367
[e116 s0500/1030] loss = 1.454515
[e116 s0550/1030] loss = 1.858296
[e116 s0600/1030] loss = 1.817302
[e116 s0650/1030] loss = 1.772787
[e116 s0700/1030] loss = 1.726704
[e116 s0750/1030] loss = 1.660397
[e116 s0800/1030] loss = 1.653038
[e116 s0850/1030] loss = 1.657902
[e116 s0900/1030] loss = 1.633934
[e116 s0950/1030] loss = 1.609553
[e116 s1000/1030] loss = 1.571341
Epoch 116: train_loss = 1.560799  MAE/GAME0 = 12.214  RMSE = 35.038  GAME1 = 14.274  GAME2 = 16.569  GAME3 = 17.722  lr = 1.00e-05  time = 13.3s
[e117 s0001/1030] loss = 0.527201
[e117 s0050/1030] loss = 0.972460
[e117 s0100/1030] loss = 0.987723
[e117 s0150/1030] loss = 1.083988
[e117 s0200/1030] loss = 1.057669
[e117 s0250/1030] loss = 1.055928
[e117 s0300/1030] loss = 1.051802
[e117 s0350/1030] loss = 1.001695
[e117 s0400/1030] loss = 1.020666
[e117 s0450/1030] loss = 1.026630
[e117 s0500/1030] loss = 1.089643
[e117 s0550/1030] loss = 1.085468
[e117 s0600/1030] loss = 1.194616
[e117 s0650/1030] loss = 1.169654
[e117 s0700/1030] loss = 1.342427
[e117 s0750/1030] loss = 1.515715
[e117 s0800/1030] loss = 1.497358
[e117 s0850/1030] loss = 1.494423
[e117 s0900/1030] loss = 1.472230
[e117 s0950/1030] loss = 1.455682
[e117 s1000/1030] loss = 1.503108
Epoch 117: train_loss = 1.503628  MAE/GAME0 = 12.982  RMSE = 34.305  GAME1 = 15.094  GAME2 = 17.942  GAME3 = 19.382  lr = 1.00e-05  time = 14.5s
[e118 s0001/1030] loss = 0.100818
[e118 s0050/1030] loss = 1.511683
[e118 s0100/1030] loss = 1.500990
[e118 s0150/1030] loss = 1.450899
[e118 s0200/1030] loss = 1.524321
[e118 s0250/1030] loss = 1.486809
[e118 s0300/1030] loss = 1.509098
[e118 s0350/1030] loss = 1.535624
[e118 s0400/1030] loss = 1.451497
[e118 s0450/1030] loss = 1.475543
[e118 s0500/1030] loss = 1.490683
[e118 s0550/1030] loss = 1.910906
[e118 s0600/1030] loss = 1.816552
[e118 s0650/1030] loss = 1.780134
[e118 s0700/1030] loss = 1.765858
[e118 s0750/1030] loss = 1.715037
[e118 s0800/1030] loss = 1.698790
[e118 s0850/1030] loss = 1.664672
[e118 s0900/1030] loss = 1.625220
[e118 s0950/1030] loss = 1.604316
[e118 s1000/1030] loss = 1.595920
Epoch 118: train_loss = 1.573032  MAE/GAME0 = 12.023  RMSE = 34.932  GAME1 = 14.010  GAME2 = 16.614  GAME3 = 17.703  lr = 1.00e-05  time = 13.0s
[e119 s0001/1030] loss = 0.676854
[e119 s0050/1030] loss = 1.942329
[e119 s0100/1030] loss = 1.754701
[e119 s0150/1030] loss = 1.582373
[e119 s0200/1030] loss = 1.624633
[e119 s0250/1030] loss = 1.493734
[e119 s0300/1030] loss = 1.486818
[e119 s0350/1030] loss = 1.816470
[e119 s0400/1030] loss = 1.722050
[e119 s0450/1030] loss = 1.716805
[e119 s0500/1030] loss = 1.853308
[e119 s0550/1030] loss = 1.796679
[e119 s0600/1030] loss = 2.621482
[e119 s0650/1030] loss = 2.482593
[e119 s0700/1030] loss = 2.426381
[e119 s0750/1030] loss = 2.326951
[e119 s0800/1030] loss = 2.249133
[e119 s0850/1030] loss = 2.187310
[e119 s0900/1030] loss = 2.137353
[e119 s0950/1030] loss = 2.061663
[e119 s1000/1030] loss = 2.024515
Epoch 119: train_loss = 2.031019  MAE/GAME0 = 12.076  RMSE = 34.432  GAME1 = 14.034  GAME2 = 16.473  GAME3 = 17.665  lr = 1.00e-05  time = 13.3s
[e120 s0001/1030] loss = 2.089324
[e120 s0050/1030] loss = 1.312632
[e120 s0100/1030] loss = 1.326999
[e120 s0150/1030] loss = 1.215786
[e120 s0200/1030] loss = 1.267929
[e120 s0250/1030] loss = 2.111993
[e120 s0300/1030] loss = 1.996381
[e120 s0350/1030] loss = 1.841004
[e120 s0400/1030] loss = 1.778786
[e120 s0450/1030] loss = 1.710919
[e120 s0500/1030] loss = 1.677844
[e120 s0550/1030] loss = 1.706042
[e120 s0600/1030] loss = 1.660021
[e120 s0650/1030] loss = 1.669340
[e120 s0700/1030] loss = 1.681283
[e120 s0750/1030] loss = 1.644111
[e120 s0800/1030] loss = 1.664808
[e120 s0850/1030] loss = 1.640620
[e120 s0900/1030] loss = 1.609741
[e120 s0950/1030] loss = 1.593127
[e120 s1000/1030] loss = 1.594361
Epoch 120: train_loss = 1.592057  MAE/GAME0 = 14.077  RMSE = 34.434  GAME1 = 15.870  GAME2 = 18.280  GAME3 = 19.540  lr = 1.00e-05  time = 13.0s
[e121 s0001/1030] loss = 0.126387
[e121 s0050/1030] loss = 1.549283
[e121 s0100/1030] loss = 1.662830
[e121 s0150/1030] loss = 1.372839
[e121 s0200/1030] loss = 1.200628
[e121 s0250/1030] loss = 1.242090
[e121 s0300/1030] loss = 1.185952
[e121 s0350/1030] loss = 1.165986
[e121 s0400/1030] loss = 1.140688
[e121 s0450/1030] loss = 1.895308
[e121 s0500/1030] loss = 1.837781
[e121 s0550/1030] loss = 1.826094
[e121 s0600/1030] loss = 1.789395
[e121 s0650/1030] loss = 1.764553
[e121 s0700/1030] loss = 1.772475
[e121 s0750/1030] loss = 1.727156
[e121 s0800/1030] loss = 1.709984
[e121 s0850/1030] loss = 1.728217
[e121 s0900/1030] loss = 1.693953
[e121 s0950/1030] loss = 1.651929
[e121 s1000/1030] loss = 1.611456
Epoch 121: train_loss = 1.590173  MAE/GAME0 = 12.126  RMSE = 34.539  GAME1 = 14.255  GAME2 = 16.584  GAME3 = 17.781  lr = 1.00e-05  time = 13.0s
[e122 s0001/1030] loss = 1.253375
[e122 s0050/1030] loss = 1.105080
[e122 s0100/1030] loss = 1.108077
[e122 s0150/1030] loss = 1.241387
[e122 s0200/1030] loss = 1.253176
[e122 s0250/1030] loss = 1.151920
[e122 s0300/1030] loss = 1.118314
[e122 s0350/1030] loss = 1.193853
[e122 s0400/1030] loss = 1.246428
[e122 s0450/1030] loss = 1.244585
[e122 s0500/1030] loss = 1.252173
[e122 s0550/1030] loss = 1.310408
[e122 s0600/1030] loss = 1.300909
[e122 s0650/1030] loss = 1.341257
[e122 s0700/1030] loss = 1.309862
[e122 s0750/1030] loss = 1.284778
[e122 s0800/1030] loss = 1.287511
[e122 s0850/1030] loss = 1.285053
[e122 s0900/1030] loss = 1.677960
[e122 s0950/1030] loss = 1.632808
[e122 s1000/1030] loss = 1.659293
Epoch 122: train_loss = 1.637829  MAE/GAME0 = 12.940  RMSE = 35.823  GAME1 = 14.846  GAME2 = 16.574  GAME3 = 17.439  lr = 1.00e-05  time = 13.1s
[e123 s0001/1030] loss = 0.190231
[e123 s0050/1030] loss = 1.010517
[e123 s0100/1030] loss = 1.044895
[e123 s0150/1030] loss = 1.375062
[e123 s0200/1030] loss = 1.303186
[e123 s0250/1030] loss = 1.414060
[e123 s0300/1030] loss = 1.329327
[e123 s0350/1030] loss = 1.285387
[e123 s0400/1030] loss = 1.255936
[e123 s0450/1030] loss = 1.247926
[e123 s0500/1030] loss = 1.220453
[e123 s0550/1030] loss = 1.349995
[e123 s0600/1030] loss = 1.496959
[e123 s0650/1030] loss = 1.470656
[e123 s0700/1030] loss = 1.469348
[e123 s0750/1030] loss = 1.428217
[e123 s0800/1030] loss = 1.432433
[e123 s0850/1030] loss = 1.448678
[e123 s0900/1030] loss = 1.431740
[e123 s0950/1030] loss = 1.476219
[e123 s1000/1030] loss = 1.457577
Epoch 123: train_loss = 1.451844  MAE/GAME0 = 11.954  RMSE = 34.847  GAME1 = 14.040  GAME2 = 16.305  GAME3 = 17.495  lr = 1.00e-05  time = 13.0s
[e124 s0001/1030] loss = 0.323582
[e124 s0050/1030] loss = 1.203006
[e124 s0100/1030] loss = 1.310384
[e124 s0150/1030] loss = 1.228996
[e124 s0200/1030] loss = 1.198932
[e124 s0250/1030] loss = 1.221469
[e124 s0300/1030] loss = 1.382238
[e124 s0350/1030] loss = 1.366100
[e124 s0400/1030] loss = 1.444493
[e124 s0450/1030] loss = 1.392421
[e124 s0500/1030] loss = 1.412202
[e124 s0550/1030] loss = 1.356808
[e124 s0600/1030] loss = 1.374455
[e124 s0650/1030] loss = 1.336299
[e124 s0700/1030] loss = 1.326372
[e124 s0750/1030] loss = 1.346077
[e124 s0800/1030] loss = 1.343617
[e124 s0850/1030] loss = 1.315314
[e124 s0900/1030] loss = 1.480008
[e124 s0950/1030] loss = 1.458384
[e124 s1000/1030] loss = 1.427398
Epoch 124: train_loss = 1.483939  MAE/GAME0 = 15.539  RMSE = 35.026  GAME1 = 17.194  GAME2 = 19.471  GAME3 = 20.842  lr = 1.00e-05  time = 12.9s
[e125 s0001/1030] loss = 0.303332
[e125 s0050/1030] loss = 1.853572
[e125 s0100/1030] loss = 1.879554
[e125 s0150/1030] loss = 1.814117
[e125 s0200/1030] loss = 2.156116
[e125 s0250/1030] loss = 2.057053
[e125 s0300/1030] loss = 2.009828
[e125 s0350/1030] loss = 1.936873
[e125 s0400/1030] loss = 1.770696
[e125 s0450/1030] loss = 1.682299
[e125 s0500/1030] loss = 1.653097
[e125 s0550/1030] loss = 1.597370
[e125 s0600/1030] loss = 1.602662
[e125 s0650/1030] loss = 1.678930
[e125 s0700/1030] loss = 1.682825
[e125 s0750/1030] loss = 1.665472
[e125 s0800/1030] loss = 1.668566
[e125 s0850/1030] loss = 1.611899
[e125 s0900/1030] loss = 1.607645
[e125 s0950/1030] loss = 1.572852
[e125 s1000/1030] loss = 1.756307
Epoch 125: train_loss = 1.730839  MAE/GAME0 = 12.077  RMSE = 35.117  GAME1 = 13.723  GAME2 = 15.645  GAME3 = 16.693  lr = 1.00e-05  time = 13.1s
[e126 s0001/1030] loss = 0.070102
[e126 s0050/1030] loss = 0.891971
[e126 s0100/1030] loss = 1.295725
[e126 s0150/1030] loss = 3.611431
[e126 s0200/1030] loss = 3.063609
[e126 s0250/1030] loss = 2.725472
[e126 s0300/1030] loss = 2.485409
[e126 s0350/1030] loss = 2.218339
[e126 s0400/1030] loss = 2.087167
[e126 s0450/1030] loss = 2.075783
[e126 s0500/1030] loss = 2.001865
[e126 s0550/1030] loss = 1.951357
[e126 s0600/1030] loss = 1.849395
[e126 s0650/1030] loss = 1.788691
[e126 s0700/1030] loss = 1.776985
[e126 s0750/1030] loss = 1.727168
[e126 s0800/1030] loss = 1.711800
[e126 s0850/1030] loss = 1.659311
[e126 s0900/1030] loss = 1.655666
[e126 s0950/1030] loss = 1.604462
[e126 s1000/1030] loss = 1.566903
Epoch 126: train_loss = 1.578931  MAE/GAME0 = 11.739  RMSE = 34.905  GAME1 = 13.434  GAME2 = 15.480  GAME3 = 16.537  lr = 1.00e-05  time = 15.0s
[e127 s0001/1030] loss = 0.498623
[e127 s0050/1030] loss = 1.059806
[e127 s0100/1030] loss = 1.085351
[e127 s0150/1030] loss = 1.322465
[e127 s0200/1030] loss = 1.173185
[e127 s0250/1030] loss = 1.255799
[e127 s0300/1030] loss = 1.444864
[e127 s0350/1030] loss = 1.383041
[e127 s0400/1030] loss = 1.339779
[e127 s0450/1030] loss = 1.334290
[e127 s0500/1030] loss = 1.290016
[e127 s0550/1030] loss = 1.327575
[e127 s0600/1030] loss = 1.383989
[e127 s0650/1030] loss = 1.386073
[e127 s0700/1030] loss = 1.350068
[e127 s0750/1030] loss = 1.367346
[e127 s0800/1030] loss = 1.328838
[e127 s0850/1030] loss = 1.296195
[e127 s0900/1030] loss = 1.268789
[e127 s0950/1030] loss = 1.283494
[e127 s1000/1030] loss = 1.284588
Epoch 127: train_loss = 1.300658  MAE/GAME0 = 11.830  RMSE = 34.282  GAME1 = 13.858  GAME2 = 16.205  GAME3 = 17.417  lr = 1.00e-05  time = 12.9s
[e128 s0001/1030] loss = 3.997200
[e128 s0050/1030] loss = 1.491623
[e128 s0100/1030] loss = 1.372374
[e128 s0150/1030] loss = 1.288457
[e128 s0200/1030] loss = 1.194470
[e128 s0250/1030] loss = 1.163930
[e128 s0300/1030] loss = 1.138844
[e128 s0350/1030] loss = 1.167233
[e128 s0400/1030] loss = 1.237521
[e128 s0450/1030] loss = 1.278795
[e128 s0500/1030] loss = 1.496418
[e128 s0550/1030] loss = 1.428557
[e128 s0600/1030] loss = 1.404326
[e128 s0650/1030] loss = 1.385831
[e128 s0700/1030] loss = 1.364225
[e128 s0750/1030] loss = 1.373867
[e128 s0800/1030] loss = 1.387851
[e128 s0850/1030] loss = 1.359071
[e128 s0900/1030] loss = 1.609109
[e128 s0950/1030] loss = 1.595494
[e128 s1000/1030] loss = 1.584218
Epoch 128: train_loss = 1.583189  MAE/GAME0 = 12.598  RMSE = 33.981  GAME1 = 14.406  GAME2 = 16.834  GAME3 = 18.025  lr = 1.00e-05  time = 14.7s
[e129 s0001/1030] loss = 0.283350
[e129 s0050/1030] loss = 0.981761
[e129 s0100/1030] loss = 1.602681
[e129 s0150/1030] loss = 1.376447
[e129 s0200/1030] loss = 1.706147
[e129 s0250/1030] loss = 1.635603
[e129 s0300/1030] loss = 1.577148
[e129 s0350/1030] loss = 1.568167
[e129 s0400/1030] loss = 1.460686
[e129 s0450/1030] loss = 1.626178
[e129 s0500/1030] loss = 1.648192
[e129 s0550/1030] loss = 1.590740
[e129 s0600/1030] loss = 1.569494
[e129 s0650/1030] loss = 1.587461
[e129 s0700/1030] loss = 1.551739
[e129 s0750/1030] loss = 1.515455
[e129 s0800/1030] loss = 1.528677
[e129 s0850/1030] loss = 1.561711
[e129 s0900/1030] loss = 2.018335
[e129 s0950/1030] loss = 1.970127
[e129 s1000/1030] loss = 1.924910
Epoch 129: train_loss = 1.908162  MAE/GAME0 = 11.945  RMSE = 33.029  GAME1 = 13.899  GAME2 = 16.148  GAME3 = 17.430  lr = 1.00e-05  time = 13.0s
[e130 s0001/1030] loss = 1.004035
[e130 s0050/1030] loss = 0.604158
[e130 s0100/1030] loss = 0.964352
[e130 s0150/1030] loss = 0.985090
[e130 s0200/1030] loss = 1.051271
[e130 s0250/1030] loss = 1.082356
[e130 s0300/1030] loss = 1.184796
[e130 s0350/1030] loss = 1.126324
[e130 s0400/1030] loss = 1.178912
[e130 s0450/1030] loss = 1.174956
[e130 s0500/1030] loss = 1.184106
[e130 s0550/1030] loss = 1.171394
[e130 s0600/1030] loss = 1.159823
[e130 s0650/1030] loss = 1.127101
[e130 s0700/1030] loss = 1.116621
[e130 s0750/1030] loss = 1.182870
[e130 s0800/1030] loss = 1.197900
[e130 s0850/1030] loss = 1.203139
[e130 s0900/1030] loss = 1.350668
[e130 s0950/1030] loss = 1.377016
[e130 s1000/1030] loss = 1.343540
Epoch 130: train_loss = 1.329251  MAE/GAME0 = 11.654  RMSE = 33.509  GAME1 = 13.501  GAME2 = 16.007  GAME3 = 17.167  lr = 1.00e-05  time = 12.9s
[e131 s0001/1030] loss = 0.800546
[e131 s0050/1030] loss = 0.985613
[e131 s0100/1030] loss = 1.038172
[e131 s0150/1030] loss = 1.111511
[e131 s0200/1030] loss = 1.122466
[e131 s0250/1030] loss = 1.138278
[e131 s0300/1030] loss = 1.024730
[e131 s0350/1030] loss = 1.032194
[e131 s0400/1030] loss = 1.047473
[e131 s0450/1030] loss = 1.134098
[e131 s0500/1030] loss = 1.156624
[e131 s0550/1030] loss = 1.207979
[e131 s0600/1030] loss = 1.182046
[e131 s0650/1030] loss = 1.233264
[e131 s0700/1030] loss = 1.281694
[e131 s0750/1030] loss = 1.260005
[e131 s0800/1030] loss = 1.238401
[e131 s0850/1030] loss = 1.231370
[e131 s0900/1030] loss = 1.304370
[e131 s0950/1030] loss = 1.293740
[e131 s1000/1030] loss = 1.303217
Epoch 131: train_loss = 1.364044  MAE/GAME0 = 24.033  RMSE = 37.162  GAME1 = 25.279  GAME2 = 27.664  GAME3 = 29.123  lr = 1.00e-05  time = 13.0s
[e132 s0001/1030] loss = 2.426114
[e132 s0050/1030] loss = 1.379116
[e132 s0100/1030] loss = 1.531087
[e132 s0150/1030] loss = 1.369425
[e132 s0200/1030] loss = 1.478524
[e132 s0250/1030] loss = 1.386241
[e132 s0300/1030] loss = 1.356733
[e132 s0350/1030] loss = 1.368573
[e132 s0400/1030] loss = 1.416204
[e132 s0450/1030] loss = 1.379982
[e132 s0500/1030] loss = 1.453837
[e132 s0550/1030] loss = 1.424308
[e132 s0600/1030] loss = 1.423336
[e132 s0650/1030] loss = 1.411970
[e132 s0700/1030] loss = 1.414034
[e132 s0750/1030] loss = 1.415650
[e132 s0800/1030] loss = 1.439169
[e132 s0850/1030] loss = 1.457156
[e132 s0900/1030] loss = 1.437565
[e132 s0950/1030] loss = 1.428535
[e132 s1000/1030] loss = 1.520469
Epoch 132: train_loss = 1.522988  MAE/GAME0 = 11.868  RMSE = 33.124  GAME1 = 13.622  GAME2 = 16.114  GAME3 = 17.331  lr = 1.00e-05  time = 13.0s
[e133 s0001/1030] loss = 0.590465
[e133 s0050/1030] loss = 0.736681
[e133 s0100/1030] loss = 1.358458
[e133 s0150/1030] loss = 1.173685
[e133 s0200/1030] loss = 1.260171
[e133 s0250/1030] loss = 1.184041
[e133 s0300/1030] loss = 1.188224
[e133 s0350/1030] loss = 1.196331
[e133 s0400/1030] loss = 1.148110
[e133 s0450/1030] loss = 1.133124
[e133 s0500/1030] loss = 1.201694
[e133 s0550/1030] loss = 1.208892
[e133 s0600/1030] loss = 1.221772
[e133 s0650/1030] loss = 1.193235
[e133 s0700/1030] loss = 1.211542
[e133 s0750/1030] loss = 1.632540
[e133 s0800/1030] loss = 1.611207
[e133 s0850/1030] loss = 1.612555
[e133 s0900/1030] loss = 1.571428
[e133 s0950/1030] loss = 1.619308
[e133 s1000/1030] loss = 1.605956
Epoch 133: train_loss = 1.597080  MAE/GAME0 = 12.353  RMSE = 33.984  GAME1 = 14.212  GAME2 = 16.689  GAME3 = 17.977  lr = 1.00e-05  time = 12.9s
[e134 s0001/1030] loss = 0.101120
[e134 s0050/1030] loss = 0.581733
[e134 s0100/1030] loss = 0.916904
[e134 s0150/1030] loss = 0.974269
[e134 s0200/1030] loss = 1.024719
[e134 s0250/1030] loss = 2.397885
[e134 s0300/1030] loss = 2.218383
[e134 s0350/1030] loss = 2.102097
[e134 s0400/1030] loss = 1.969956
[e134 s0450/1030] loss = 1.896253
[e134 s0500/1030] loss = 1.835430
[e134 s0550/1030] loss = 1.781889
[e134 s0600/1030] loss = 1.784807
[e134 s0650/1030] loss = 1.743081
[e134 s0700/1030] loss = 1.727667
[e134 s0750/1030] loss = 1.700515
[e134 s0800/1030] loss = 1.657322
[e134 s0850/1030] loss = 1.674591
[e134 s0900/1030] loss = 1.640323
[e134 s0950/1030] loss = 1.640406
[e134 s1000/1030] loss = 1.590405
Epoch 134: train_loss = 1.589025  MAE/GAME0 = 11.421  RMSE = 33.981  GAME1 = 13.262  GAME2 = 15.662  GAME3 = 16.789  lr = 1.00e-05  time = 13.1s
[e135 s0001/1030] loss = 0.808658
[e135 s0050/1030] loss = 1.111581
[e135 s0100/1030] loss = 0.972062
[e135 s0150/1030] loss = 1.021825
[e135 s0200/1030] loss = 1.244149
[e135 s0250/1030] loss = 2.320037
[e135 s0300/1030] loss = 2.143647
[e135 s0350/1030] loss = 1.965978
[e135 s0400/1030] loss = 1.862568
[e135 s0450/1030] loss = 1.790844
[e135 s0500/1030] loss = 1.718750
[e135 s0550/1030] loss = 1.673116
[e135 s0600/1030] loss = 1.647274
[e135 s0650/1030] loss = 1.733338
[e135 s0700/1030] loss = 1.682557
[e135 s0750/1030] loss = 1.658351
[e135 s0800/1030] loss = 1.608471
[e135 s0850/1030] loss = 1.571321
[e135 s0900/1030] loss = 1.613219
[e135 s0950/1030] loss = 1.581789
[e135 s1000/1030] loss = 1.537706
Epoch 135: train_loss = 1.536186  MAE/GAME0 = 12.842  RMSE = 34.876  GAME1 = 14.282  GAME2 = 15.764  GAME3 = 16.516  lr = 1.00e-05  time = 13.9s
[e136 s0001/1030] loss = 0.062982
[e136 s0050/1030] loss = 1.061945
[e136 s0100/1030] loss = 1.251444
[e136 s0150/1030] loss = 1.133008
[e136 s0200/1030] loss = 1.188790
[e136 s0250/1030] loss = 1.193686
[e136 s0300/1030] loss = 1.534939
[e136 s0350/1030] loss = 1.593629
[e136 s0400/1030] loss = 1.493609
[e136 s0450/1030] loss = 1.452028
[e136 s0500/1030] loss = 2.282578
[e136 s0550/1030] loss = 2.190883
[e136 s0600/1030] loss = 2.085338
[e136 s0650/1030] loss = 2.035052
[e136 s0700/1030] loss = 1.964054
[e136 s0750/1030] loss = 1.925457
[e136 s0800/1030] loss = 1.895529
[e136 s0850/1030] loss = 1.868764
[e136 s0900/1030] loss = 1.807514
[e136 s0950/1030] loss = 1.774168
[e136 s1000/1030] loss = 1.738930
Epoch 136: train_loss = 1.722705  MAE/GAME0 = 11.582  RMSE = 33.016  GAME1 = 13.544  GAME2 = 15.884  GAME3 = 17.034  lr = 1.00e-05  time = 12.9s
[e137 s0001/1030] loss = 0.247836
[e137 s0050/1030] loss = 0.712066
[e137 s0100/1030] loss = 1.062594
[e137 s0150/1030] loss = 0.962164
[e137 s0200/1030] loss = 0.999062
[e137 s0250/1030] loss = 1.055378
[e137 s0300/1030] loss = 1.071308
[e137 s0350/1030] loss = 1.079473
[e137 s0400/1030] loss = 1.009752
[e137 s0450/1030] loss = 1.020075
[e137 s0500/1030] loss = 1.745187
[e137 s0550/1030] loss = 1.699142
[e137 s0600/1030] loss = 1.814370
[e137 s0650/1030] loss = 1.778257
[e137 s0700/1030] loss = 1.785048
[e137 s0750/1030] loss = 1.800893
[e137 s0800/1030] loss = 1.742525
[e137 s0850/1030] loss = 1.680408
[e137 s0900/1030] loss = 1.624930
[e137 s0950/1030] loss = 1.600059
[e137 s1000/1030] loss = 1.633855
Epoch 137: train_loss = 1.626356  MAE/GAME0 = 12.496  RMSE = 33.242  GAME1 = 14.249  GAME2 = 16.926  GAME3 = 18.045  lr = 1.00e-05  time = 12.9s
[e138 s0001/1030] loss = 0.259856
[e138 s0050/1030] loss = 1.039816
[e138 s0100/1030] loss = 0.900108
[e138 s0150/1030] loss = 1.012865
[e138 s0200/1030] loss = 1.027929
[e138 s0250/1030] loss = 1.162092
[e138 s0300/1030] loss = 1.177472
[e138 s0350/1030] loss = 1.165109
[e138 s0400/1030] loss = 1.171247
[e138 s0450/1030] loss = 1.363537
[e138 s0500/1030] loss = 1.338026
[e138 s0550/1030] loss = 1.313977
[e138 s0600/1030] loss = 1.404941
[e138 s0650/1030] loss = 1.397147
[e138 s0700/1030] loss = 1.347517
[e138 s0750/1030] loss = 1.353100
[e138 s0800/1030] loss = 1.332821
[e138 s0850/1030] loss = 1.305657
[e138 s0900/1030] loss = 1.700582
[e138 s0950/1030] loss = 1.650434
[e138 s1000/1030] loss = 1.620607
Epoch 138: train_loss = 1.599937  MAE/GAME0 = 11.403  RMSE = 33.190  GAME1 = 13.194  GAME2 = 15.456  GAME3 = 16.662  lr = 1.00e-05  time = 13.2s
[e139 s0001/1030] loss = 0.039860
[e139 s0050/1030] loss = 6.932303
[e139 s0100/1030] loss = 4.053144
[e139 s0150/1030] loss = 3.198394
[e139 s0200/1030] loss = 2.602434
[e139 s0250/1030] loss = 2.215867
[e139 s0300/1030] loss = 2.056416
[e139 s0350/1030] loss = 1.918508
[e139 s0400/1030] loss = 1.841359
[e139 s0450/1030] loss = 1.743200
[e139 s0500/1030] loss = 1.666350
[e139 s0550/1030] loss = 1.663620
[e139 s0600/1030] loss = 1.599334
[e139 s0650/1030] loss = 1.641723
[e139 s0700/1030] loss = 1.598750
[e139 s0750/1030] loss = 1.572613
[e139 s0800/1030] loss = 1.618910
[e139 s0850/1030] loss = 1.594570
[e139 s0900/1030] loss = 1.595862
[e139 s0950/1030] loss = 1.576290
[e139 s1000/1030] loss = 1.594649
Epoch 139: train_loss = 1.595168  MAE/GAME0 = 12.553  RMSE = 32.581  GAME1 = 14.230  GAME2 = 16.749  GAME3 = 17.917  lr = 1.00e-05  time = 13.1s
[e140 s0001/1030] loss = 0.276522
[e140 s0050/1030] loss = 0.815875
[e140 s0100/1030] loss = 1.025314
[e140 s0150/1030] loss = 1.127797
[e140 s0200/1030] loss = 1.051382
[e140 s0250/1030] loss = 1.002778
[e140 s0300/1030] loss = 1.034208
[e140 s0350/1030] loss = 1.043375
[e140 s0400/1030] loss = 1.064654
[e140 s0450/1030] loss = 1.024175
[e140 s0500/1030] loss = 1.141518
[e140 s0550/1030] loss = 1.102660
[e140 s0600/1030] loss = 1.102962
[e140 s0650/1030] loss = 1.081046
[e140 s0700/1030] loss = 1.051088
[e140 s0750/1030] loss = 1.124158
[e140 s0800/1030] loss = 1.424004
[e140 s0850/1030] loss = 1.441925
[e140 s0900/1030] loss = 1.393965
[e140 s0950/1030] loss = 1.376679
[e140 s1000/1030] loss = 1.374649
Epoch 140: train_loss = 1.395169  MAE/GAME0 = 14.341  RMSE = 32.821  GAME1 = 16.017  GAME2 = 18.517  GAME3 = 19.737  lr = 1.00e-05  time = 13.1s
[e141 s0001/1030] loss = 0.171834
[e141 s0050/1030] loss = 1.503024
[e141 s0100/1030] loss = 1.524282
[e141 s0150/1030] loss = 1.280757
[e141 s0200/1030] loss = 1.200787
[e141 s0250/1030] loss = 1.140883
[e141 s0300/1030] loss = 1.336957
[e141 s0350/1030] loss = 1.390245
[e141 s0400/1030] loss = 1.358219
[e141 s0450/1030] loss = 1.352524
[e141 s0500/1030] loss = 1.368874
[e141 s0550/1030] loss = 1.345511
[e141 s0600/1030] loss = 1.590448
[e141 s0650/1030] loss = 1.581107
[e141 s0700/1030] loss = 1.525918
[e141 s0750/1030] loss = 1.542042
[e141 s0800/1030] loss = 1.514942
[e141 s0850/1030] loss = 1.490108
[e141 s0900/1030] loss = 1.464004
[e141 s0950/1030] loss = 1.428779
[e141 s1000/1030] loss = 1.442092
Epoch 141: train_loss = 1.438725  MAE/GAME0 = 11.448  RMSE = 33.016  GAME1 = 13.710  GAME2 = 16.364  GAME3 = 17.551  lr = 1.00e-05  time = 13.0s
[e142 s0001/1030] loss = 0.364241
[e142 s0050/1030] loss = 1.934140
[e142 s0100/1030] loss = 2.292293
[e142 s0150/1030] loss = 1.783703
[e142 s0200/1030] loss = 3.294602
[e142 s0250/1030] loss = 2.811304
[e142 s0300/1030] loss = 2.722282
[e142 s0350/1030] loss = 2.471906
[e142 s0400/1030] loss = 2.253306
[e142 s0450/1030] loss = 2.086588
[e142 s0500/1030] loss = 1.988707
[e142 s0550/1030] loss = 1.918295
[e142 s0600/1030] loss = 1.862976
[e142 s0650/1030] loss = 1.768425
[e142 s0700/1030] loss = 1.717120
[e142 s0750/1030] loss = 1.719436
[e142 s0800/1030] loss = 1.683169
[e142 s0850/1030] loss = 1.684158
[e142 s0900/1030] loss = 1.659808
[e142 s0950/1030] loss = 1.633960
[e142 s1000/1030] loss = 1.658671
Epoch 142: train_loss = 1.632664  MAE/GAME0 = 11.028  RMSE = 32.661  GAME1 = 13.136  GAME2 = 15.947  GAME3 = 17.198  lr = 1.00e-05  time = 13.1s
[e143 s0001/1030] loss = 0.071217
[e143 s0050/1030] loss = 0.898540
[e143 s0100/1030] loss = 0.985770
[e143 s0150/1030] loss = 0.960175
[e143 s0200/1030] loss = 1.053125
[e143 s0250/1030] loss = 1.097997
[e143 s0300/1030] loss = 1.019744
[e143 s0350/1030] loss = 1.017425
[e143 s0400/1030] loss = 1.028711
[e143 s0450/1030] loss = 1.040175
[e143 s0500/1030] loss = 1.036925
[e143 s0550/1030] loss = 1.072614
[e143 s0600/1030] loss = 1.085372
[e143 s0650/1030] loss = 1.090137
[e143 s0700/1030] loss = 1.142972
[e143 s0750/1030] loss = 1.173307
[e143 s0800/1030] loss = 1.513218
[e143 s0850/1030] loss = 1.479700
[e143 s0900/1030] loss = 1.493897
[e143 s0950/1030] loss = 1.459039
[e143 s1000/1030] loss = 1.441922
Epoch 143: train_loss = 1.464309  MAE/GAME0 = 11.713  RMSE = 34.272  GAME1 = 13.460  GAME2 = 15.481  GAME3 = 16.511  lr = 1.00e-05  time = 13.0s
[e144 s0001/1030] loss = 0.031168
[e144 s0050/1030] loss = 0.635963
[e144 s0100/1030] loss = 0.710843
[e144 s0150/1030] loss = 0.872829
[e144 s0200/1030] loss = 0.882651
[e144 s0250/1030] loss = 1.004310
[e144 s0300/1030] loss = 1.111464
[e144 s0350/1030] loss = 1.236147
[e144 s0400/1030] loss = 1.209587
[e144 s0450/1030] loss = 1.276640
[e144 s0500/1030] loss = 1.698055
[e144 s0550/1030] loss = 1.637663
[e144 s0600/1030] loss = 1.613792
[e144 s0650/1030] loss = 1.594361
[e144 s0700/1030] loss = 1.554301
[e144 s0750/1030] loss = 1.554390
[e144 s0800/1030] loss = 1.540094
[e144 s0850/1030] loss = 1.539548
[e144 s0900/1030] loss = 1.531697
[e144 s0950/1030] loss = 1.500531
[e144 s1000/1030] loss = 1.524382
Epoch 144: train_loss = 1.501328  MAE/GAME0 = 11.086  RMSE = 32.523  GAME1 = 13.077  GAME2 = 15.374  GAME3 = 16.587  lr = 1.00e-05  time = 13.1s
[e145 s0001/1030] loss = 5.829661
[e145 s0050/1030] loss = 1.720394
[e145 s0100/1030] loss = 1.381621
[e145 s0150/1030] loss = 1.299126
[e145 s0200/1030] loss = 1.147346
[e145 s0250/1030] loss = 1.270512
[e145 s0300/1030] loss = 1.222397
[e145 s0350/1030] loss = 1.156102
[e145 s0400/1030] loss = 1.119890
[e145 s0450/1030] loss = 1.111421
[e145 s0500/1030] loss = 1.072722
[e145 s0550/1030] loss = 1.089055
[e145 s0600/1030] loss = 1.074465
[e145 s0650/1030] loss = 1.049150
[e145 s0700/1030] loss = 1.295057
[e145 s0750/1030] loss = 1.386521
[e145 s0800/1030] loss = 1.363658
[e145 s0850/1030] loss = 1.334263
[e145 s0900/1030] loss = 1.328724
[e145 s0950/1030] loss = 1.319929
[e145 s1000/1030] loss = 1.346274
Epoch 145: train_loss = 1.330272  MAE/GAME0 = 12.402  RMSE = 33.227  GAME1 = 14.539  GAME2 = 17.148  GAME3 = 18.554  lr = 1.00e-05  time = 13.0s
[e146 s0001/1030] loss = 3.526523
[e146 s0050/1030] loss = 1.225703
[e146 s0100/1030] loss = 1.025734
[e146 s0150/1030] loss = 0.970919
[e146 s0200/1030] loss = 0.960038
[e146 s0250/1030] loss = 0.900791
[e146 s0300/1030] loss = 1.035639
[e146 s0350/1030] loss = 1.235450
[e146 s0400/1030] loss = 1.297294
[e146 s0450/1030] loss = 1.287849
[e146 s0500/1030] loss = 1.259002
[e146 s0550/1030] loss = 1.291226
[e146 s0600/1030] loss = 1.273206
[e146 s0650/1030] loss = 1.244389
[e146 s0700/1030] loss = 1.214414
[e146 s0750/1030] loss = 1.221935
[e146 s0800/1030] loss = 1.195234
[e146 s0850/1030] loss = 1.677155
[e146 s0900/1030] loss = 1.750963
[e146 s0950/1030] loss = 1.780270
[e146 s1000/1030] loss = 1.764331
Epoch 146: train_loss = 1.740469  MAE/GAME0 = 11.200  RMSE = 33.479  GAME1 = 13.207  GAME2 = 15.395  GAME3 = 16.478  lr = 1.00e-05  time = 16.7s
[e147 s0001/1030] loss = 0.035205
[e147 s0050/1030] loss = 1.193706
[e147 s0100/1030] loss = 1.159582
[e147 s0150/1030] loss = 1.286848
[e147 s0200/1030] loss = 1.485479
[e147 s0250/1030] loss = 1.457954
[e147 s0300/1030] loss = 1.521694
[e147 s0350/1030] loss = 1.518228
[e147 s0400/1030] loss = 1.569659
[e147 s0450/1030] loss = 1.545353
[e147 s0500/1030] loss = 1.496153
[e147 s0550/1030] loss = 1.459609
[e147 s0600/1030] loss = 1.450099
[e147 s0650/1030] loss = 1.442689
[e147 s0700/1030] loss = 1.420787
[e147 s0750/1030] loss = 1.658958
[e147 s0800/1030] loss = 1.593230
[e147 s0850/1030] loss = 1.573198
[e147 s0900/1030] loss = 1.547648
[e147 s0950/1030] loss = 1.502516
[e147 s1000/1030] loss = 1.474163
Epoch 147: train_loss = 1.460948  MAE/GAME0 = 11.412  RMSE = 32.721  GAME1 = 13.434  GAME2 = 15.774  GAME3 = 17.019  lr = 1.00e-05  time = 13.0s
[e148 s0001/1030] loss = 0.176830
[e148 s0050/1030] loss = 1.059626
[e148 s0100/1030] loss = 1.199769
[e148 s0150/1030] loss = 1.051522
[e148 s0200/1030] loss = 1.271831
[e148 s0250/1030] loss = 1.278927
[e148 s0300/1030] loss = 1.301121
[e148 s0350/1030] loss = 1.381358
[e148 s0400/1030] loss = 1.424528
[e148 s0450/1030] loss = 1.441935
[e148 s0500/1030] loss = 1.438163
[e148 s0550/1030] loss = 1.394367
[e148 s0600/1030] loss = 1.407188
[e148 s0650/1030] loss = 1.360835
[e148 s0700/1030] loss = 1.348896
[e148 s0750/1030] loss = 2.017442
[e148 s0800/1030] loss = 1.951428
[e148 s0850/1030] loss = 1.927826
[e148 s0900/1030] loss = 1.965458
[e148 s0950/1030] loss = 1.962275
[e148 s1000/1030] loss = 1.934441
Epoch 148: train_loss = 1.907006  MAE/GAME0 = 11.050  RMSE = 32.390  GAME1 = 13.185  GAME2 = 15.660  GAME3 = 16.878  lr = 1.00e-05  time = 12.8s
[e149 s0001/1030] loss = 0.431051
[e149 s0050/1030] loss = 1.194470
[e149 s0100/1030] loss = 1.344607
[e149 s0150/1030] loss = 1.087107
[e149 s0200/1030] loss = 1.159955
[e149 s0250/1030] loss = 1.077093
[e149 s0300/1030] loss = 1.048862
[e149 s0350/1030] loss = 1.217788
[e149 s0400/1030] loss = 1.165166
[e149 s0450/1030] loss = 1.135264
[e149 s0500/1030] loss = 1.184277
[e149 s0550/1030] loss = 1.161891
[e149 s0600/1030] loss = 1.177021
[e149 s0650/1030] loss = 1.175376
[e149 s0700/1030] loss = 1.156833
[e149 s0750/1030] loss = 1.761783
[e149 s0800/1030] loss = 1.766482
[e149 s0850/1030] loss = 1.744763
[e149 s0900/1030] loss = 1.709499
[e149 s0950/1030] loss = 1.670886
[e149 s1000/1030] loss = 1.631107
Epoch 149: train_loss = 1.626011  MAE/GAME0 = 11.083  RMSE = 30.994  GAME1 = 13.010  GAME2 = 15.424  GAME3 = 16.613  lr = 1.00e-05  time = 12.9s
[e150 s0001/1030] loss = 3.538580
[e150 s0050/1030] loss = 1.851590
[e150 s0100/1030] loss = 1.472797
[e150 s0150/1030] loss = 1.679753
[e150 s0200/1030] loss = 1.452839
[e150 s0250/1030] loss = 1.303064
[e150 s0300/1030] loss = 1.279550
[e150 s0350/1030] loss = 1.234410
[e150 s0400/1030] loss = 1.291992
[e150 s0450/1030] loss = 1.294502
[e150 s0500/1030] loss = 1.887734
[e150 s0550/1030] loss = 1.799969
[e150 s0600/1030] loss = 1.778197
[e150 s0650/1030] loss = 1.703712
[e150 s0700/1030] loss = 1.679993
[e150 s0750/1030] loss = 1.714623
[e150 s0800/1030] loss = 1.650029
[e150 s0850/1030] loss = 1.653264
[e150 s0900/1030] loss = 1.625462
[e150 s0950/1030] loss = 1.639495
[e150 s1000/1030] loss = 1.630283
Epoch 150: train_loss = 1.602414  MAE/GAME0 = 11.157  RMSE = 30.825  GAME1 = 13.210  GAME2 = 15.822  GAME3 = 17.039  lr = 1.00e-05  time = 13.1s
[e151 s0001/1030] loss = 4.970032
[e151 s0050/1030] loss = 1.044444
[e151 s0100/1030] loss = 1.458358
[e151 s0150/1030] loss = 1.427542
[e151 s0200/1030] loss = 1.299213
[e151 s0250/1030] loss = 1.266151
[e151 s0300/1030] loss = 1.242334
[e151 s0350/1030] loss = 1.195923
[e151 s0400/1030] loss = 1.260741
[e151 s0450/1030] loss = 1.212865
[e151 s0500/1030] loss = 1.200197
[e151 s0550/1030] loss = 1.153108
[e151 s0600/1030] loss = 1.185642
[e151 s0650/1030] loss = 1.210432
[e151 s0700/1030] loss = 1.403733
[e151 s0750/1030] loss = 1.360544
[e151 s0800/1030] loss = 1.361398
[e151 s0850/1030] loss = 1.365105
[e151 s0900/1030] loss = 1.375519
[e151 s0950/1030] loss = 1.344350
[e151 s1000/1030] loss = 1.329570
Epoch 151: train_loss = 1.313195  MAE/GAME0 = 12.891  RMSE = 31.402  GAME1 = 14.610  GAME2 = 17.386  GAME3 = 18.629  lr = 1.00e-05  time = 13.0s
[e152 s0001/1030] loss = 1.121863
[e152 s0050/1030] loss = 2.515906
[e152 s0100/1030] loss = 2.181199
[e152 s0150/1030] loss = 1.730773
[e152 s0200/1030] loss = 1.682735
[e152 s0250/1030] loss = 1.559552
[e152 s0300/1030] loss = 1.461129
[e152 s0350/1030] loss = 1.452538
[e152 s0400/1030] loss = 1.405414
[e152 s0450/1030] loss = 1.459538
[e152 s0500/1030] loss = 1.455774
[e152 s0550/1030] loss = 1.403983
[e152 s0600/1030] loss = 1.381494
[e152 s0650/1030] loss = 1.344962
[e152 s0700/1030] loss = 1.319797
[e152 s0750/1030] loss = 1.360447
[e152 s0800/1030] loss = 1.350758
[e152 s0850/1030] loss = 1.511815
[e152 s0900/1030] loss = 1.515216
[e152 s0950/1030] loss = 1.478349
[e152 s1000/1030] loss = 1.449476
Epoch 152: train_loss = 1.445088  MAE/GAME0 = 12.590  RMSE = 30.791  GAME1 = 14.188  GAME2 = 16.849  GAME3 = 18.232  lr = 1.00e-05  time = 13.2s
[e153 s0001/1030] loss = 0.116418
[e153 s0050/1030] loss = 0.719435
[e153 s0100/1030] loss = 0.944056
[e153 s0150/1030] loss = 0.973813
[e153 s0200/1030] loss = 0.945733
[e153 s0250/1030] loss = 2.968783
[e153 s0300/1030] loss = 2.917284
[e153 s0350/1030] loss = 3.022245
[e153 s0400/1030] loss = 2.847859
[e153 s0450/1030] loss = 2.625278
[e153 s0500/1030] loss = 2.489681
[e153 s0550/1030] loss = 2.364630
[e153 s0600/1030] loss = 2.241048
[e153 s0650/1030] loss = 2.156744
[e153 s0700/1030] loss = 2.089725
[e153 s0750/1030] loss = 2.038880
[e153 s0800/1030] loss = 1.993660
[e153 s0850/1030] loss = 1.926751
[e153 s0900/1030] loss = 1.941840
[e153 s0950/1030] loss = 1.912059
[e153 s1000/1030] loss = 1.904842
Epoch 153: train_loss = 1.921103  MAE/GAME0 = 11.407  RMSE = 32.269  GAME1 = 13.491  GAME2 = 15.797  GAME3 = 17.015  lr = 1.00e-05  time = 13.2s
[e154 s0001/1030] loss = 0.584937
[e154 s0050/1030] loss = 0.734445
[e154 s0100/1030] loss = 0.782322
[e154 s0150/1030] loss = 1.184352
[e154 s0200/1030] loss = 1.130209
[e154 s0250/1030] loss = 1.078209
[e154 s0300/1030] loss = 1.123047
[e154 s0350/1030] loss = 1.086796
[e154 s0400/1030] loss = 1.088026
[e154 s0450/1030] loss = 1.202303
[e154 s0500/1030] loss = 1.215543
[e154 s0550/1030] loss = 1.222669
[e154 s0600/1030] loss = 1.214723
[e154 s0650/1030] loss = 1.955861
[e154 s0700/1030] loss = 1.890850
[e154 s0750/1030] loss = 1.835045
[e154 s0800/1030] loss = 1.817332
[e154 s0850/1030] loss = 1.813762
[e154 s0900/1030] loss = 1.767677
[e154 s0950/1030] loss = 1.715768
[e154 s1000/1030] loss = 1.685134
Epoch 154: train_loss = 1.665243  MAE/GAME0 = 11.076  RMSE = 31.210  GAME1 = 13.059  GAME2 = 15.632  GAME3 = 16.947  lr = 1.00e-05  time = 13.2s
[e155 s0001/1030] loss = 0.934492
[e155 s0050/1030] loss = 1.043199
[e155 s0100/1030] loss = 1.009779
[e155 s0150/1030] loss = 1.058966
[e155 s0200/1030] loss = 1.081656
[e155 s0250/1030] loss = 1.493242
[e155 s0300/1030] loss = 1.443447
[e155 s0350/1030] loss = 1.396985
[e155 s0400/1030] loss = 1.464680
[e155 s0450/1030] loss = 1.454458
[e155 s0500/1030] loss = 1.444600
[e155 s0550/1030] loss = 1.447530
[e155 s0600/1030] loss = 1.394739
[e155 s0650/1030] loss = 1.387314
[e155 s0700/1030] loss = 1.376696
[e155 s0750/1030] loss = 1.404422
[e155 s0800/1030] loss = 1.383448
[e155 s0850/1030] loss = 1.365610
[e155 s0900/1030] loss = 1.377659
[e155 s0950/1030] loss = 1.733154
[e155 s1000/1030] loss = 1.710080
Epoch 155: train_loss = 1.685396  MAE/GAME0 = 11.451  RMSE = 27.773  GAME1 = 13.439  GAME2 = 16.181  GAME3 = 17.590  lr = 1.00e-05  time = 15.0s
[e156 s0001/1030] loss = 0.317220
[e156 s0050/1030] loss = 1.555673
[e156 s0100/1030] loss = 1.283580
[e156 s0150/1030] loss = 1.170264
[e156 s0200/1030] loss = 1.087286
[e156 s0250/1030] loss = 1.095833
[e156 s0300/1030] loss = 1.139995
[e156 s0350/1030] loss = 1.142520
[e156 s0400/1030] loss = 1.116521
[e156 s0450/1030] loss = 1.110146
[e156 s0500/1030] loss = 1.109665
[e156 s0550/1030] loss = 1.082745
[e156 s0600/1030] loss = 1.093088
[e156 s0650/1030] loss = 1.071759
[e156 s0700/1030] loss = 1.060722
[e156 s0750/1030] loss = 1.083338
[e156 s0800/1030] loss = 1.099491
[e156 s0850/1030] loss = 1.093730
[e156 s0900/1030] loss = 1.534815
[e156 s0950/1030] loss = 1.530816
[e156 s1000/1030] loss = 1.548691
Epoch 156: train_loss = 1.544780  MAE/GAME0 = 11.403  RMSE = 31.140  GAME1 = 12.992  GAME2 = 15.178  GAME3 = 16.395  lr = 1.00e-05  time = 13.0s
[e157 s0001/1030] loss = 0.370639
[e157 s0050/1030] loss = 2.310299
[e157 s0100/1030] loss = 1.834267
[e157 s0150/1030] loss = 1.451493
[e157 s0200/1030] loss = 1.370065
[e157 s0250/1030] loss = 1.339553
[e157 s0300/1030] loss = 1.539679
[e157 s0350/1030] loss = 1.476080
[e157 s0400/1030] loss = 1.425357
[e157 s0450/1030] loss = 1.356672
[e157 s0500/1030] loss = 1.361038
[e157 s0550/1030] loss = 1.325347
[e157 s0600/1030] loss = 1.342518
[e157 s0650/1030] loss = 1.326076
[e157 s0700/1030] loss = 1.300178
[e157 s0750/1030] loss = 1.267942
[e157 s0800/1030] loss = 1.243428
[e157 s0850/1030] loss = 1.259131
[e157 s0900/1030] loss = 1.490462
[e157 s0950/1030] loss = 1.518913
[e157 s1000/1030] loss = 1.504956
Epoch 157: train_loss = 1.503574  MAE/GAME0 = 10.851  RMSE = 29.856  GAME1 = 12.832  GAME2 = 15.337  GAME3 = 16.593  lr = 1.00e-05  time = 13.0s
[e158 s0001/1030] loss = 0.490505
[e158 s0050/1030] loss = 0.758807
[e158 s0100/1030] loss = 0.875570
[e158 s0150/1030] loss = 0.814960
[e158 s0200/1030] loss = 0.976145
[e158 s0250/1030] loss = 0.970266
[e158 s0300/1030] loss = 1.015554
[e158 s0350/1030] loss = 1.053375
[e158 s0400/1030] loss = 1.333048
[e158 s0450/1030] loss = 1.291043
[e158 s0500/1030] loss = 1.288145
[e158 s0550/1030] loss = 1.266712
[e158 s0600/1030] loss = 1.306493
[e158 s0650/1030] loss = 1.363977
[e158 s0700/1030] loss = 1.390404
[e158 s0750/1030] loss = 1.352376
[e158 s0800/1030] loss = 1.448236
[e158 s0850/1030] loss = 1.440193
[e158 s0900/1030] loss = 1.468031
[e158 s0950/1030] loss = 1.465799
[e158 s1000/1030] loss = 1.423078
Epoch 158: train_loss = 1.392094  MAE/GAME0 = 11.109  RMSE = 31.640  GAME1 = 12.873  GAME2 = 14.718  GAME3 = 15.747  lr = 1.00e-05  time = 12.9s
[e159 s0001/1030] loss = 1.492339
[e159 s0050/1030] loss = 1.132062
[e159 s0100/1030] loss = 0.903996
[e159 s0150/1030] loss = 0.943896
[e159 s0200/1030] loss = 1.032350
[e159 s0250/1030] loss = 1.069282
[e159 s0300/1030] loss = 1.394407
[e159 s0350/1030] loss = 1.338947
[e159 s0400/1030] loss = 1.358831
[e159 s0450/1030] loss = 1.296848
[e159 s0500/1030] loss = 1.328222
[e159 s0550/1030] loss = 1.450308
[e159 s0600/1030] loss = 1.451836
[e159 s0650/1030] loss = 1.443183
[e159 s0700/1030] loss = 1.416928
[e159 s0750/1030] loss = 1.394270
[e159 s0800/1030] loss = 1.365711
[e159 s0850/1030] loss = 1.359924
[e159 s0900/1030] loss = 1.335898
[e159 s0950/1030] loss = 1.307115
[e159 s1000/1030] loss = 1.331155
Epoch 159: train_loss = 1.315484  MAE/GAME0 = 11.045  RMSE = 31.759  GAME1 = 12.630  GAME2 = 14.636  GAME3 = 15.631  lr = 1.00e-05  time = 13.4s
[e160 s0001/1030] loss = 0.031197
[e160 s0050/1030] loss = 1.186381
[e160 s0100/1030] loss = 1.050790
[e160 s0150/1030] loss = 1.141592
[e160 s0200/1030] loss = 1.187421
[e160 s0250/1030] loss = 1.596818
[e160 s0300/1030] loss = 1.496605
[e160 s0350/1030] loss = 1.496569
[e160 s0400/1030] loss = 1.410017
[e160 s0450/1030] loss = 1.399192
[e160 s0500/1030] loss = 1.382091
[e160 s0550/1030] loss = 1.496619
[e160 s0600/1030] loss = 1.472853
[e160 s0650/1030] loss = 1.488577
[e160 s0700/1030] loss = 1.470246
[e160 s0750/1030] loss = 1.431253
[e160 s0800/1030] loss = 1.420552
[e160 s0850/1030] loss = 1.404255
[e160 s0900/1030] loss = 1.389496
[e160 s0950/1030] loss = 1.358212
[e160 s1000/1030] loss = 1.360185
Epoch 160: train_loss = 1.340785  MAE/GAME0 = 10.860  RMSE = 32.619  GAME1 = 12.812  GAME2 = 15.120  GAME3 = 16.287  lr = 1.00e-05  time = 13.0s
[e161 s0001/1030] loss = 0.651318
[e161 s0050/1030] loss = 0.764286
[e161 s0100/1030] loss = 0.788050
[e161 s0150/1030] loss = 1.017637
[e161 s0200/1030] loss = 0.982741
[e161 s0250/1030] loss = 0.950560
[e161 s0300/1030] loss = 2.327745
[e161 s0350/1030] loss = 2.158883
[e161 s0400/1030] loss = 2.061346
[e161 s0450/1030] loss = 1.966151
[e161 s0500/1030] loss = 1.862276
[e161 s0550/1030] loss = 1.794754
[e161 s0600/1030] loss = 1.721991
[e161 s0650/1030] loss = 1.655997
[e161 s0700/1030] loss = 1.613597
[e161 s0750/1030] loss = 1.589874
[e161 s0800/1030] loss = 1.560610
[e161 s0850/1030] loss = 1.540283
[e161 s0900/1030] loss = 1.534259
[e161 s0950/1030] loss = 1.511277
[e161 s1000/1030] loss = 1.516153
Epoch 161: train_loss = 1.520863  MAE/GAME0 = 12.166  RMSE = 30.392  GAME1 = 13.839  GAME2 = 16.278  GAME3 = 17.605  lr = 1.00e-05  time = 12.9s
[e162 s0001/1030] loss = 0.069831
[e162 s0050/1030] loss = 1.101440
[e162 s0100/1030] loss = 4.927220
[e162 s0150/1030] loss = 3.726667
[e162 s0200/1030] loss = 3.010527
[e162 s0250/1030] loss = 2.675764
[e162 s0300/1030] loss = 2.395878
[e162 s0350/1030] loss = 2.282820
[e162 s0400/1030] loss = 2.093228
[e162 s0450/1030] loss = 1.969551
[e162 s0500/1030] loss = 1.846236
[e162 s0550/1030] loss = 1.772185
[e162 s0600/1030] loss = 1.725855
[e162 s0650/1030] loss = 1.688911
[e162 s0700/1030] loss = 1.612793
[e162 s0750/1030] loss = 1.580411
[e162 s0800/1030] loss = 1.535639
[e162 s0850/1030] loss = 1.514094
[e162 s0900/1030] loss = 1.564451
[e162 s0950/1030] loss = 1.534733
[e162 s1000/1030] loss = 1.505979
Epoch 162: train_loss = 1.503280  MAE/GAME0 = 10.569  RMSE = 29.997  GAME1 = 12.491  GAME2 = 14.756  GAME3 = 15.921  lr = 1.00e-05  time = 13.0s
[e163 s0001/1030] loss = 0.845117
[e163 s0050/1030] loss = 1.399745
[e163 s0100/1030] loss = 1.050474
[e163 s0150/1030] loss = 1.232243
[e163 s0200/1030] loss = 1.342493
[e163 s0250/1030] loss = 1.232660
[e163 s0300/1030] loss = 1.164579
[e163 s0350/1030] loss = 1.098233
[e163 s0400/1030] loss = 1.099479
[e163 s0450/1030] loss = 1.159099
[e163 s0500/1030] loss = 1.187979
[e163 s0550/1030] loss = 1.222292
[e163 s0600/1030] loss = 1.260773
[e163 s0650/1030] loss = 1.532409
[e163 s0700/1030] loss = 1.487898
[e163 s0750/1030] loss = 1.503493
[e163 s0800/1030] loss = 1.548326
[e163 s0850/1030] loss = 1.574282
[e163 s0900/1030] loss = 1.544736
[e163 s0950/1030] loss = 1.511828
[e163 s1000/1030] loss = 1.480054
Epoch 163: train_loss = 1.492420  MAE/GAME0 = 13.190  RMSE = 29.209  GAME1 = 14.729  GAME2 = 17.268  GAME3 = 18.659  lr = 1.00e-05  time = 12.9s
[e164 s0001/1030] loss = 0.932477
[e164 s0050/1030] loss = 0.655718
[e164 s0100/1030] loss = 0.730762
[e164 s0150/1030] loss = 0.749998
[e164 s0200/1030] loss = 0.986101
[e164 s0250/1030] loss = 1.047856
[e164 s0300/1030] loss = 1.062340
[e164 s0350/1030] loss = 1.142620
[e164 s0400/1030] loss = 1.117838
[e164 s0450/1030] loss = 1.245698
[e164 s0500/1030] loss = 1.241721
[e164 s0550/1030] loss = 1.231788
[e164 s0600/1030] loss = 1.234685
[e164 s0650/1030] loss = 1.229463
[e164 s0700/1030] loss = 1.225628
[e164 s0750/1030] loss = 1.190336
[e164 s0800/1030] loss = 1.190484
[e164 s0850/1030] loss = 1.577466
[e164 s0900/1030] loss = 1.540789
[e164 s0950/1030] loss = 1.498090
[e164 s1000/1030] loss = 1.483085
Epoch 164: train_loss = 1.478854  MAE/GAME0 = 10.994  RMSE = 26.219  GAME1 = 12.849  GAME2 = 15.559  GAME3 = 16.857  lr = 1.00e-05  time = 13.0s
[e165 s0001/1030] loss = 0.787639
[e165 s0050/1030] loss = 1.246099
[e165 s0100/1030] loss = 1.331118
[e165 s0150/1030] loss = 1.521957
[e165 s0200/1030] loss = 1.640925
[e165 s0250/1030] loss = 1.472161
[e165 s0300/1030] loss = 1.502359
[e165 s0350/1030] loss = 1.558690
[e165 s0400/1030] loss = 1.525380
[e165 s0450/1030] loss = 1.475507
[e165 s0500/1030] loss = 1.915208
[e165 s0550/1030] loss = 1.858781
[e165 s0600/1030] loss = 1.787509
[e165 s0650/1030] loss = 1.738751
[e165 s0700/1030] loss = 1.695621
[e165 s0750/1030] loss = 1.653238
[e165 s0800/1030] loss = 1.648977
[e165 s0850/1030] loss = 1.614321
[e165 s0900/1030] loss = 1.575678
[e165 s0950/1030] loss = 1.567464
[e165 s1000/1030] loss = 1.563970
Epoch 165: train_loss = 1.542109  MAE/GAME0 = 10.440  RMSE = 29.135  GAME1 = 12.477  GAME2 = 14.843  GAME3 = 16.012  lr = 1.00e-05  time = 13.0s
[e166 s0001/1030] loss = 0.186407
[e166 s0050/1030] loss = 1.294091
[e166 s0100/1030] loss = 1.036177
[e166 s0150/1030] loss = 0.992542
[e166 s0200/1030] loss = 1.030116
[e166 s0250/1030] loss = 1.048493
[e166 s0300/1030] loss = 1.136261
[e166 s0350/1030] loss = 1.396580
[e166 s0400/1030] loss = 1.358162
[e166 s0450/1030] loss = 1.288765
[e166 s0500/1030] loss = 1.275824
[e166 s0550/1030] loss = 1.287437
[e166 s0600/1030] loss = 1.350155
[e166 s0650/1030] loss = 1.332921
[e166 s0700/1030] loss = 1.316760
[e166 s0750/1030] loss = 1.320993
[e166 s0800/1030] loss = 1.326980
[e166 s0850/1030] loss = 1.304885
[e166 s0900/1030] loss = 1.304426
[e166 s0950/1030] loss = 1.273461
[e166 s1000/1030] loss = 1.258027
Epoch 166: train_loss = 1.244719  MAE/GAME0 = 10.443  RMSE = 30.064  GAME1 = 12.320  GAME2 = 14.542  GAME3 = 15.707  lr = 1.00e-05  time = 13.0s
[e167 s0001/1030] loss = 1.142343
[e167 s0050/1030] loss = 1.060275
[e167 s0100/1030] loss = 1.176583
[e167 s0150/1030] loss = 1.059711
[e167 s0200/1030] loss = 1.353658
[e167 s0250/1030] loss = 1.323380
[e167 s0300/1030] loss = 1.309010
[e167 s0350/1030] loss = 1.246122
[e167 s0400/1030] loss = 1.358618
[e167 s0450/1030] loss = 1.291695
[e167 s0500/1030] loss = 1.287191
[e167 s0550/1030] loss = 1.838817
[e167 s0600/1030] loss = 1.863529
[e167 s0650/1030] loss = 1.773799
[e167 s0700/1030] loss = 1.707374
[e167 s0750/1030] loss = 1.646972
[e167 s0800/1030] loss = 1.633683
[e167 s0850/1030] loss = 1.628378
[e167 s0900/1030] loss = 1.560464
[e167 s0950/1030] loss = 1.528539
[e167 s1000/1030] loss = 1.519999
Epoch 167: train_loss = 1.505139  MAE/GAME0 = 10.724  RMSE = 31.118  GAME1 = 12.758  GAME2 = 15.249  GAME3 = 16.443  lr = 1.00e-05  time = 13.1s
[e168 s0001/1030] loss = 1.834882
[e168 s0050/1030] loss = 1.154660
[e168 s0100/1030] loss = 1.024274
[e168 s0150/1030] loss = 1.009638
[e168 s0200/1030] loss = 1.921530
[e168 s0250/1030] loss = 1.768337
[e168 s0300/1030] loss = 1.613389
[e168 s0350/1030] loss = 1.611887
[e168 s0400/1030] loss = 1.503480
[e168 s0450/1030] loss = 1.539572
[e168 s0500/1030] loss = 1.656937
[e168 s0550/1030] loss = 1.603525
[e168 s0600/1030] loss = 1.534270
[e168 s0650/1030] loss = 1.516212
[e168 s0700/1030] loss = 1.483861
[e168 s0750/1030] loss = 1.443783
[e168 s0800/1030] loss = 1.411469
[e168 s0850/1030] loss = 1.385874
[e168 s0900/1030] loss = 1.359237
[e168 s0950/1030] loss = 1.417643
[e168 s1000/1030] loss = 1.419714
Epoch 168: train_loss = 1.407086  MAE/GAME0 = 10.794  RMSE = 31.105  GAME1 = 12.611  GAME2 = 15.032  GAME3 = 16.263  lr = 1.00e-05  time = 12.7s
[e169 s0001/1030] loss = 0.278300
[e169 s0050/1030] loss = 1.476671
[e169 s0100/1030] loss = 1.322600
[e169 s0150/1030] loss = 1.516002
[e169 s0200/1030] loss = 1.393917
[e169 s0250/1030] loss = 1.288603
[e169 s0300/1030] loss = 1.319373
[e169 s0350/1030] loss = 1.263491
[e169 s0400/1030] loss = 1.367155
[e169 s0450/1030] loss = 1.310095
[e169 s0500/1030] loss = 1.256275
[e169 s0550/1030] loss = 1.810728
[e169 s0600/1030] loss = 1.775816
[e169 s0650/1030] loss = 1.706828
[e169 s0700/1030] loss = 1.700474
[e169 s0750/1030] loss = 1.661748
[e169 s0800/1030] loss = 1.603263
[e169 s0850/1030] loss = 1.569844
[e169 s0900/1030] loss = 1.531486
[e169 s0950/1030] loss = 1.504029
[e169 s1000/1030] loss = 1.482834
Epoch 169: train_loss = 1.474407  MAE/GAME0 = 10.669  RMSE = 30.392  GAME1 = 12.355  GAME2 = 14.741  GAME3 = 15.790  lr = 1.00e-05  time = 12.8s
[e170 s0001/1030] loss = 0.037672
[e170 s0050/1030] loss = 1.385562
[e170 s0100/1030] loss = 1.191349
[e170 s0150/1030] loss = 1.073680
[e170 s0200/1030] loss = 1.210635
[e170 s0250/1030] loss = 1.172395
[e170 s0300/1030] loss = 1.226925
[e170 s0350/1030] loss = 1.174445
[e170 s0400/1030] loss = 1.190872
[e170 s0450/1030] loss = 1.245349
[e170 s0500/1030] loss = 1.252538
[e170 s0550/1030] loss = 1.274041
[e170 s0600/1030] loss = 1.254314
[e170 s0650/1030] loss = 1.265793
[e170 s0700/1030] loss = 1.236881
[e170 s0750/1030] loss = 1.206512
[e170 s0800/1030] loss = 1.440096
[e170 s0850/1030] loss = 1.416169
[e170 s0900/1030] loss = 1.432714
[e170 s0950/1030] loss = 1.391230
[e170 s1000/1030] loss = 1.373533
Epoch 170: train_loss = 1.414079  MAE/GAME0 = 11.471  RMSE = 26.152  GAME1 = 13.381  GAME2 = 15.886  GAME3 = 17.273  lr = 1.00e-05  time = 13.0s
[e171 s0001/1030] loss = 0.435517
[e171 s0050/1030] loss = 1.405358
[e171 s0100/1030] loss = 1.150933
[e171 s0150/1030] loss = 1.058980
[e171 s0200/1030] loss = 1.162831
[e171 s0250/1030] loss = 1.046831
[e171 s0300/1030] loss = 1.016305
[e171 s0350/1030] loss = 1.040991
[e171 s0400/1030] loss = 1.042374
[e171 s0450/1030] loss = 1.018250
[e171 s0500/1030] loss = 1.016167
[e171 s0550/1030] loss = 1.259394
[e171 s0600/1030] loss = 1.213619
[e171 s0650/1030] loss = 1.242729
[e171 s0700/1030] loss = 1.189787
[e171 s0750/1030] loss = 1.167893
[e171 s0800/1030] loss = 1.167061
[e171 s0850/1030] loss = 1.140188
[e171 s0900/1030] loss = 1.115662
[e171 s0950/1030] loss = 1.163855
[e171 s1000/1030] loss = 1.149516
Epoch 171: train_loss = 1.147451  MAE/GAME0 = 10.800  RMSE = 31.156  GAME1 = 12.570  GAME2 = 14.871  GAME3 = 16.037  lr = 1.00e-05  time = 13.2s
[e172 s0001/1030] loss = 0.454003
[e172 s0050/1030] loss = 0.962917
[e172 s0100/1030] loss = 1.367356
[e172 s0150/1030] loss = 1.310127
[e172 s0200/1030] loss = 1.773528
[e172 s0250/1030] loss = 1.702180
[e172 s0300/1030] loss = 1.683054
[e172 s0350/1030] loss = 1.604630
[e172 s0400/1030] loss = 1.509905
[e172 s0450/1030] loss = 1.451376
[e172 s0500/1030] loss = 1.400244
[e172 s0550/1030] loss = 1.385359
[e172 s0600/1030] loss = 1.356544
[e172 s0650/1030] loss = 1.322800
[e172 s0700/1030] loss = 1.316358
[e172 s0750/1030] loss = 1.298261
[e172 s0800/1030] loss = 1.276574
[e172 s0850/1030] loss = 1.245491
[e172 s0900/1030] loss = 1.659042
[e172 s0950/1030] loss = 1.647305
[e172 s1000/1030] loss = 1.620679
Epoch 172: train_loss = 1.605448  MAE/GAME0 = 11.127  RMSE = 28.631  GAME1 = 13.161  GAME2 = 15.743  GAME3 = 17.069  lr = 1.00e-05  time = 13.7s
[e173 s0001/1030] loss = 0.141776
[e173 s0050/1030] loss = 1.015277
[e173 s0100/1030] loss = 1.132421
[e173 s0150/1030] loss = 1.046300
[e173 s0200/1030] loss = 1.014659
[e173 s0250/1030] loss = 2.005399
[e173 s0300/1030] loss = 2.010528
[e173 s0350/1030] loss = 1.948733
[e173 s0400/1030] loss = 1.900180
[e173 s0450/1030] loss = 1.900109
[e173 s0500/1030] loss = 1.826133
[e173 s0550/1030] loss = 1.766341
[e173 s0600/1030] loss = 1.717937
[e173 s0650/1030] loss = 1.680409
[e173 s0700/1030] loss = 1.667166
[e173 s0750/1030] loss = 1.657001
[e173 s0800/1030] loss = 1.638370
[e173 s0850/1030] loss = 1.643019
[e173 s0900/1030] loss = 1.642305
[e173 s0950/1030] loss = 1.605849
[e173 s1000/1030] loss = 1.568672
Epoch 173: train_loss = 1.538569  MAE/GAME0 = 10.230  RMSE = 28.585  GAME1 = 12.224  GAME2 = 14.661  GAME3 = 15.843  lr = 1.00e-05  time = 13.0s
[e174 s0001/1030] loss = 0.103473
[e174 s0050/1030] loss = 1.030898
[e174 s0100/1030] loss = 1.294381
[e174 s0150/1030] loss = 1.273315
[e174 s0200/1030] loss = 1.305948
[e174 s0250/1030] loss = 1.436669
[e174 s0300/1030] loss = 1.316811
[e174 s0350/1030] loss = 1.285335
[e174 s0400/1030] loss = 1.258165
[e174 s0450/1030] loss = 1.244435
[e174 s0500/1030] loss = 2.050137
[e174 s0550/1030] loss = 2.029567
[e174 s0600/1030] loss = 1.928630
[e174 s0650/1030] loss = 1.954552
[e174 s0700/1030] loss = 2.001701
[e174 s0750/1030] loss = 1.970464
[e174 s0800/1030] loss = 1.949187
[e174 s0850/1030] loss = 1.968452
[e174 s0900/1030] loss = 1.907131
[e174 s0950/1030] loss = 1.857409
[e174 s1000/1030] loss = 1.810525
Epoch 174: train_loss = 1.796681  MAE/GAME0 = 14.837  RMSE = 26.269  GAME1 = 16.328  GAME2 = 18.524  GAME3 = 19.675  lr = 1.00e-05  time = 13.0s
[e175 s0001/1030] loss = 2.910680
[e175 s0050/1030] loss = 4.734502
[e175 s0100/1030] loss = 2.788679
[e175 s0150/1030] loss = 2.211825
[e175 s0200/1030] loss = 1.840263
[e175 s0250/1030] loss = 1.644647
[e175 s0300/1030] loss = 1.608867
[e175 s0350/1030] loss = 1.522924
[e175 s0400/1030] loss = 1.485357
[e175 s0450/1030] loss = 1.441722
[e175 s0500/1030] loss = 1.388354
[e175 s0550/1030] loss = 1.371758
[e175 s0600/1030] loss = 1.358934
[e175 s0650/1030] loss = 1.339735
[e175 s0700/1030] loss = 1.313047
[e175 s0750/1030] loss = 1.279345
[e175 s0800/1030] loss = 1.264036
[e175 s0850/1030] loss = 1.271076
[e175 s0900/1030] loss = 1.241899
[e175 s0950/1030] loss = 1.231333
[e175 s1000/1030] loss = 1.234729
Epoch 175: train_loss = 1.244990  MAE/GAME0 = 12.675  RMSE = 27.017  GAME1 = 14.266  GAME2 = 16.951  GAME3 = 18.254  lr = 1.00e-05  time = 12.9s
[e176 s0001/1030] loss = 0.966780
[e176 s0050/1030] loss = 0.994245
[e176 s0100/1030] loss = 1.655213
[e176 s0150/1030] loss = 1.405631
[e176 s0200/1030] loss = 1.318177
[e176 s0250/1030] loss = 1.214451
[e176 s0300/1030] loss = 1.219626
[e176 s0350/1030] loss = 1.117471
[e176 s0400/1030] loss = 1.115847
[e176 s0450/1030] loss = 1.291466
[e176 s0500/1030] loss = 1.268301
[e176 s0550/1030] loss = 1.309405
[e176 s0600/1030] loss = 1.256468
[e176 s0650/1030] loss = 1.253985
[e176 s0700/1030] loss = 1.285932
[e176 s0750/1030] loss = 1.314599
[e176 s0800/1030] loss = 1.304527
[e176 s0850/1030] loss = 1.317697
[e176 s0900/1030] loss = 1.311311
[e176 s0950/1030] loss = 1.321924
[e176 s1000/1030] loss = 1.354018
Epoch 176: train_loss = 1.355535  MAE/GAME0 = 9.779  RMSE = 23.864  GAME1 = 11.932  GAME2 = 14.577  GAME3 = 15.788  lr = 1.00e-05  time = 13.0s
[e177 s0001/1030] loss = 0.048820
[e177 s0050/1030] loss = 1.064071
[e177 s0100/1030] loss = 1.037531
[e177 s0150/1030] loss = 1.034193
[e177 s0200/1030] loss = 0.971076
[e177 s0250/1030] loss = 0.910078
[e177 s0300/1030] loss = 1.267549
[e177 s0350/1030] loss = 1.367499
[e177 s0400/1030] loss = 1.339621
[e177 s0450/1030] loss = 1.279988
[e177 s0500/1030] loss = 1.313984
[e177 s0550/1030] loss = 1.281258
[e177 s0600/1030] loss = 1.227319
[e177 s0650/1030] loss = 1.196323
[e177 s0700/1030] loss = 1.194152
[e177 s0750/1030] loss = 1.182335
[e177 s0800/1030] loss = 1.772012
[e177 s0850/1030] loss = 1.757506
[e177 s0900/1030] loss = 1.736849
[e177 s0950/1030] loss = 1.694624
[e177 s1000/1030] loss = 1.653967
Epoch 177: train_loss = 1.628129  MAE/GAME0 = 10.096  RMSE = 24.990  GAME1 = 11.913  GAME2 = 14.348  GAME3 = 15.516  lr = 1.00e-05  time = 14.8s
[e178 s0001/1030] loss = 0.743833
[e178 s0050/1030] loss = 1.110502
[e178 s0100/1030] loss = 1.366015
[e178 s0150/1030] loss = 1.105653
[e178 s0200/1030] loss = 1.111386
[e178 s0250/1030] loss = 1.108781
[e178 s0300/1030] loss = 1.082522
[e178 s0350/1030] loss = 1.046950
[e178 s0400/1030] loss = 1.002887
[e178 s0450/1030] loss = 1.070634
[e178 s0500/1030] loss = 1.671679
[e178 s0550/1030] loss = 1.649801
[e178 s0600/1030] loss = 1.654733
[e178 s0650/1030] loss = 1.632260
[e178 s0700/1030] loss = 1.573128
[e178 s0750/1030] loss = 1.564575
[e178 s0800/1030] loss = 1.573879
[e178 s0850/1030] loss = 1.552003
[e178 s0900/1030] loss = 1.522614
[e178 s0950/1030] loss = 1.570287
[e178 s1000/1030] loss = 1.535732
Epoch 178: train_loss = 1.526675  MAE/GAME0 = 10.337  RMSE = 24.353  GAME1 = 12.312  GAME2 = 14.660  GAME3 = 15.997  lr = 1.00e-05  time = 13.0s
[e179 s0001/1030] loss = 3.182442
[e179 s0050/1030] loss = 1.054280
[e179 s0100/1030] loss = 1.160373
[e179 s0150/1030] loss = 1.105411
[e179 s0200/1030] loss = 1.019652
[e179 s0250/1030] loss = 1.019916
[e179 s0300/1030] loss = 1.874018
[e179 s0350/1030] loss = 1.787570
[e179 s0400/1030] loss = 1.670719
[e179 s0450/1030] loss = 1.677171
[e179 s0500/1030] loss = 1.638491
[e179 s0550/1030] loss = 1.605865
[e179 s0600/1030] loss = 1.600503
[e179 s0650/1030] loss = 1.548784
[e179 s0700/1030] loss = 1.520257
[e179 s0750/1030] loss = 1.484043
[e179 s0800/1030] loss = 1.453748
[e179 s0850/1030] loss = 1.430945
[e179 s0900/1030] loss = 1.421299
[e179 s0950/1030] loss = 1.403035
[e179 s1000/1030] loss = 1.377041
Epoch 179: train_loss = 1.365409  MAE/GAME0 = 10.419  RMSE = 26.804  GAME1 = 12.264  GAME2 = 14.732  GAME3 = 15.892  lr = 1.00e-05  time = 13.1s
[e180 s0001/1030] loss = 6.606592
[e180 s0050/1030] loss = 1.113633
[e180 s0100/1030] loss = 0.884276
[e180 s0150/1030] loss = 1.083556
[e180 s0200/1030] loss = 1.059910
[e180 s0250/1030] loss = 1.042338
[e180 s0300/1030] loss = 1.137565
[e180 s0350/1030] loss = 1.151530
[e180 s0400/1030] loss = 1.148255
[e180 s0450/1030] loss = 1.146694
[e180 s0500/1030] loss = 1.129055
[e180 s0550/1030] loss = 1.116105
[e180 s0600/1030] loss = 1.111276
[e180 s0650/1030] loss = 1.294884
[e180 s0700/1030] loss = 1.318285
[e180 s0750/1030] loss = 1.273182
[e180 s0800/1030] loss = 1.241689
[e180 s0850/1030] loss = 1.217873
[e180 s0900/1030] loss = 1.185282
[e180 s0950/1030] loss = 1.151970
[e180 s1000/1030] loss = 1.170772
Epoch 180: train_loss = 1.164787  MAE/GAME0 = 10.183  RMSE = 28.822  GAME1 = 11.817  GAME2 = 13.946  GAME3 = 15.051  lr = 1.00e-05  time = 12.9s
[e181 s0001/1030] loss = 0.920867
[e181 s0050/1030] loss = 1.486724
[e181 s0100/1030] loss = 0.976146
[e181 s0150/1030] loss = 0.939230
[e181 s0200/1030] loss = 1.799525
[e181 s0250/1030] loss = 1.665151
[e181 s0300/1030] loss = 1.530521
[e181 s0350/1030] loss = 1.456716
[e181 s0400/1030] loss = 1.401436
[e181 s0450/1030] loss = 1.341006
[e181 s0500/1030] loss = 1.308591
[e181 s0550/1030] loss = 1.304100
[e181 s0600/1030] loss = 1.264506
[e181 s0650/1030] loss = 1.247887
[e181 s0700/1030] loss = 1.222065
[e181 s0750/1030] loss = 1.277545
[e181 s0800/1030] loss = 1.257560
[e181 s0850/1030] loss = 1.233292
[e181 s0900/1030] loss = 1.281105
[e181 s0950/1030] loss = 1.305755
[e181 s1000/1030] loss = 1.304733
Epoch 181: train_loss = 1.296183  MAE/GAME0 = 10.607  RMSE = 30.802  GAME1 = 12.517  GAME2 = 14.727  GAME3 = 15.834  lr = 1.00e-05  time = 14.2s
[e182 s0001/1030] loss = 0.640237
[e182 s0050/1030] loss = 2.235599
[e182 s0100/1030] loss = 1.587970
[e182 s0150/1030] loss = 1.320621
[e182 s0200/1030] loss = 1.180501
[e182 s0250/1030] loss = 1.114449
[e182 s0300/1030] loss = 1.148716
[e182 s0350/1030] loss = 1.163599
[e182 s0400/1030] loss = 1.115591
[e182 s0450/1030] loss = 1.181131
[e182 s0500/1030] loss = 1.150788
[e182 s0550/1030] loss = 1.140137
[e182 s0600/1030] loss = 1.129650
[e182 s0650/1030] loss = 1.100367
[e182 s0700/1030] loss = 1.096798
[e182 s0750/1030] loss = 1.073717
[e182 s0800/1030] loss = 1.091965
[e182 s0850/1030] loss = 1.125895
[e182 s0900/1030] loss = 1.135307
[e182 s0950/1030] loss = 1.162535
[e182 s1000/1030] loss = 1.200208
Epoch 182: train_loss = 1.190728  MAE/GAME0 = 11.331  RMSE = 33.344  GAME1 = 12.820  GAME2 = 14.501  GAME3 = 15.360  lr = 1.00e-05  time = 13.2s
[e183 s0001/1030] loss = 0.337501
[e183 s0050/1030] loss = 0.940305
[e183 s0100/1030] loss = 0.889661
[e183 s0150/1030] loss = 1.118913
[e183 s0200/1030] loss = 1.133135
[e183 s0250/1030] loss = 1.196573
[e183 s0300/1030] loss = 1.196136
[e183 s0350/1030] loss = 1.590051
[e183 s0400/1030] loss = 1.490626
[e183 s0450/1030] loss = 1.410979
[e183 s0500/1030] loss = 1.358407
[e183 s0550/1030] loss = 1.308452
[e183 s0600/1030] loss = 1.290643
[e183 s0650/1030] loss = 1.273454
[e183 s0700/1030] loss = 1.231816
[e183 s0750/1030] loss = 1.234659
[e183 s0800/1030] loss = 1.216746
[e183 s0850/1030] loss = 1.192129
[e183 s0900/1030] loss = 1.196219
[e183 s0950/1030] loss = 1.292181
[e183 s1000/1030] loss = 1.270376
Epoch 183: train_loss = 1.261479  MAE/GAME0 = 10.664  RMSE = 31.723  GAME1 = 12.430  GAME2 = 14.776  GAME3 = 15.945  lr = 1.00e-05  time = 17.3s
[e184 s0001/1030] loss = 0.509795
[e184 s0050/1030] loss = 0.744967
[e184 s0100/1030] loss = 1.141056
[e184 s0150/1030] loss = 0.962832
[e184 s0200/1030] loss = 1.078467
[e184 s0250/1030] loss = 1.126573
[e184 s0300/1030] loss = 1.075282
[e184 s0350/1030] loss = 1.073789
[e184 s0400/1030] loss = 1.564293
[e184 s0450/1030] loss = 1.646063
[e184 s0500/1030] loss = 1.587291
[e184 s0550/1030] loss = 1.530079
[e184 s0600/1030] loss = 1.490716
[e184 s0650/1030] loss = 1.464995
[e184 s0700/1030] loss = 1.416996
[e184 s0750/1030] loss = 1.385618
[e184 s0800/1030] loss = 1.340814
[e184 s0850/1030] loss = 1.334296
[e184 s0900/1030] loss = 1.318558
[e184 s0950/1030] loss = 1.340958
[e184 s1000/1030] loss = 1.363620
Epoch 184: train_loss = 1.340793  MAE/GAME0 = 11.583  RMSE = 32.514  GAME1 = 13.172  GAME2 = 14.789  GAME3 = 15.756  lr = 1.00e-05  time = 13.0s
[e185 s0001/1030] loss = 0.221839
[e185 s0050/1030] loss = 1.283344
[e185 s0100/1030] loss = 1.087982
[e185 s0150/1030] loss = 1.054022
[e185 s0200/1030] loss = 0.999249
[e185 s0250/1030] loss = 1.011658
[e185 s0300/1030] loss = 1.086062
[e185 s0350/1030] loss = 1.076259
[e185 s0400/1030] loss = 1.127800
[e185 s0450/1030] loss = 1.224192
[e185 s0500/1030] loss = 1.182517
[e185 s0550/1030] loss = 1.154422
[e185 s0600/1030] loss = 1.443797
[e185 s0650/1030] loss = 1.442801
[e185 s0700/1030] loss = 1.596219
[e185 s0750/1030] loss = 1.570744
[e185 s0800/1030] loss = 1.518647
[e185 s0850/1030] loss = 1.490098
[e185 s0900/1030] loss = 1.473029
[e185 s0950/1030] loss = 1.430302
[e185 s1000/1030] loss = 1.455029
Epoch 185: train_loss = 1.436160  MAE/GAME0 = 10.282  RMSE = 29.669  GAME1 = 12.178  GAME2 = 14.681  GAME3 = 15.920  lr = 1.00e-05  time = 12.9s
[e186 s0001/1030] loss = 0.111280
[e186 s0050/1030] loss = 1.601727
[e186 s0100/1030] loss = 1.172361
[e186 s0150/1030] loss = 0.955542
[e186 s0200/1030] loss = 0.916212
[e186 s0250/1030] loss = 0.997736
[e186 s0300/1030] loss = 1.027518
[e186 s0350/1030] loss = 1.171401
[e186 s0400/1030] loss = 1.188485
[e186 s0450/1030] loss = 1.180700
[e186 s0500/1030] loss = 1.140478
[e186 s0550/1030] loss = 1.141573
[e186 s0600/1030] loss = 1.130255
[e186 s0650/1030] loss = 1.427932
[e186 s0700/1030] loss = 1.391852
[e186 s0750/1030] loss = 1.392194
[e186 s0800/1030] loss = 1.356819
[e186 s0850/1030] loss = 1.328869
[e186 s0900/1030] loss = 1.298050
[e186 s0950/1030] loss = 1.272339
[e186 s1000/1030] loss = 1.259028
Epoch 186: train_loss = 1.244830  MAE/GAME0 = 10.152  RMSE = 28.262  GAME1 = 12.007  GAME2 = 14.595  GAME3 = 15.785  lr = 1.00e-05  time = 13.1s
[e187 s0001/1030] loss = 0.366540
[e187 s0050/1030] loss = 1.427853
[e187 s0100/1030] loss = 1.383613
[e187 s0150/1030] loss = 1.352963
[e187 s0200/1030] loss = 1.200697
[e187 s0250/1030] loss = 1.242330
[e187 s0300/1030] loss = 1.186412
[e187 s0350/1030] loss = 1.179532
[e187 s0400/1030] loss = 1.189660
[e187 s0450/1030] loss = 1.180532
[e187 s0500/1030] loss = 1.183233
[e187 s0550/1030] loss = 1.196467
[e187 s0600/1030] loss = 1.217645
[e187 s0650/1030] loss = 1.180075
[e187 s0700/1030] loss = 1.164354
[e187 s0750/1030] loss = 1.137698
[e187 s0800/1030] loss = 1.126092
[e187 s0850/1030] loss = 1.442142
[e187 s0900/1030] loss = 1.465525
[e187 s0950/1030] loss = 1.450818
[e187 s1000/1030] loss = 1.422275
Epoch 187: train_loss = 1.406756  MAE/GAME0 = 10.192  RMSE = 27.775  GAME1 = 12.018  GAME2 = 14.434  GAME3 = 15.672  lr = 1.00e-05  time = 13.3s
[e188 s0001/1030] loss = 0.064965
[e188 s0050/1030] loss = 0.955129
[e188 s0100/1030] loss = 1.514849
[e188 s0150/1030] loss = 1.378430
[e188 s0200/1030] loss = 1.466023
[e188 s0250/1030] loss = 1.330045
[e188 s0300/1030] loss = 1.330423
[e188 s0350/1030] loss = 1.232670
[e188 s0400/1030] loss = 1.294435
[e188 s0450/1030] loss = 1.307375
[e188 s0500/1030] loss = 1.330985
[e188 s0550/1030] loss = 1.292403
[e188 s0600/1030] loss = 1.335730
[e188 s0650/1030] loss = 1.324635
[e188 s0700/1030] loss = 1.282140
[e188 s0750/1030] loss = 1.264547
[e188 s0800/1030] loss = 1.300805
[e188 s0850/1030] loss = 1.286033
[e188 s0900/1030] loss = 1.251388
[e188 s0950/1030] loss = 1.227495
[e188 s1000/1030] loss = 1.272810
Epoch 188: train_loss = 1.252764  MAE/GAME0 = 10.057  RMSE = 28.931  GAME1 = 12.038  GAME2 = 14.399  GAME3 = 15.531  lr = 1.00e-05  time = 13.0s
[e189 s0001/1030] loss = 0.508283
[e189 s0050/1030] loss = 1.209172
[e189 s0100/1030] loss = 1.057550
[e189 s0150/1030] loss = 1.040761
[e189 s0200/1030] loss = 1.019085
[e189 s0250/1030] loss = 1.054897
[e189 s0300/1030] loss = 1.069479
[e189 s0350/1030] loss = 1.065269
[e189 s0400/1030] loss = 1.064906
[e189 s0450/1030] loss = 1.117556
[e189 s0500/1030] loss = 1.068691
[e189 s0550/1030] loss = 1.130819
[e189 s0600/1030] loss = 1.146795
[e189 s0650/1030] loss = 1.216172
[e189 s0700/1030] loss = 1.182025
[e189 s0750/1030] loss = 1.154737
[e189 s0800/1030] loss = 1.116099
[e189 s0850/1030] loss = 1.085083
[e189 s0900/1030] loss = 1.093879
[e189 s0950/1030] loss = 1.069735
[e189 s1000/1030] loss = 1.284713
Epoch 189: train_loss = 1.289908  MAE/GAME0 = 9.852  RMSE = 19.444  GAME1 = 12.403  GAME2 = 14.894  GAME3 = 16.173  lr = 1.00e-05  time = 13.0s
[e190 s0001/1030] loss = 0.025173
[e190 s0050/1030] loss = 1.036116
[e190 s0100/1030] loss = 1.318016
[e190 s0150/1030] loss = 1.730230
[e190 s0200/1030] loss = 1.557683
[e190 s0250/1030] loss = 1.368216
[e190 s0300/1030] loss = 1.287198
[e190 s0350/1030] loss = 1.208657
[e190 s0400/1030] loss = 1.166604
[e190 s0450/1030] loss = 1.208486
[e190 s0500/1030] loss = 1.238299
[e190 s0550/1030] loss = 1.192877
[e190 s0600/1030] loss = 1.181951
[e190 s0650/1030] loss = 1.170637
[e190 s0700/1030] loss = 1.147793
[e190 s0750/1030] loss = 1.123563
[e190 s0800/1030] loss = 1.114073
[e190 s0850/1030] loss = 1.127360
[e190 s0900/1030] loss = 1.165681
[e190 s0950/1030] loss = 1.155222
[e190 s1000/1030] loss = 1.141603
Epoch 190: train_loss = 1.135846  MAE/GAME0 = 10.255  RMSE = 29.076  GAME1 = 11.973  GAME2 = 14.146  GAME3 = 15.211  lr = 1.00e-05  time = 13.5s
[e191 s0001/1030] loss = 0.395474
[e191 s0050/1030] loss = 4.683233
[e191 s0100/1030] loss = 3.119018
[e191 s0150/1030] loss = 2.466056
[e191 s0200/1030] loss = 2.371041
[e191 s0250/1030] loss = 2.110862
[e191 s0300/1030] loss = 1.894833
[e191 s0350/1030] loss = 1.825300
[e191 s0400/1030] loss = 1.753987
[e191 s0450/1030] loss = 1.683616
[e191 s0500/1030] loss = 1.637501
[e191 s0550/1030] loss = 1.569617
[e191 s0600/1030] loss = 1.501446
[e191 s0650/1030] loss = 1.470556
[e191 s0700/1030] loss = 1.434294
[e191 s0750/1030] loss = 1.425529
[e191 s0800/1030] loss = 1.413740
[e191 s0850/1030] loss = 1.389733
[e191 s0900/1030] loss = 1.348250
[e191 s0950/1030] loss = 1.347484
[e191 s1000/1030] loss = 1.307009
Epoch 191: train_loss = 1.294887  MAE/GAME0 = 10.234  RMSE = 24.890  GAME1 = 11.908  GAME2 = 14.216  GAME3 = 15.501  lr = 1.00e-05  time = 13.1s
[e192 s0001/1030] loss = 0.195112
[e192 s0050/1030] loss = 1.029068
[e192 s0100/1030] loss = 1.020032
[e192 s0150/1030] loss = 1.020445
[e192 s0200/1030] loss = 0.962834
[e192 s0250/1030] loss = 1.064684
[e192 s0300/1030] loss = 1.052783
[e192 s0350/1030] loss = 1.618602
[e192 s0400/1030] loss = 1.497473
[e192 s0450/1030] loss = 1.453811
[e192 s0500/1030] loss = 1.429400
[e192 s0550/1030] loss = 1.363431
[e192 s0600/1030] loss = 1.314373
[e192 s0650/1030] loss = 1.284223
[e192 s0700/1030] loss = 1.259641
[e192 s0750/1030] loss = 1.225408
[e192 s0800/1030] loss = 1.201972
[e192 s0850/1030] loss = 1.193260
[e192 s0900/1030] loss = 1.208252
[e192 s0950/1030] loss = 1.213449
[e192 s1000/1030] loss = 1.204621
Epoch 192: train_loss = 1.228678  MAE/GAME0 = 9.954  RMSE = 26.891  GAME1 = 11.860  GAME2 = 14.229  GAME3 = 15.471  lr = 1.00e-05  time = 13.7s
[e193 s0001/1030] loss = 0.916418
[e193 s0050/1030] loss = 0.565251
[e193 s0100/1030] loss = 0.886701
[e193 s0150/1030] loss = 0.939935
[e193 s0200/1030] loss = 0.933416
[e193 s0250/1030] loss = 0.990929
[e193 s0300/1030] loss = 1.044597
[e193 s0350/1030] loss = 1.015988
[e193 s0400/1030] loss = 1.028077
[e193 s0450/1030] loss = 1.087763
[e193 s0500/1030] loss = 1.103349
[e193 s0550/1030] loss = 1.140867
[e193 s0600/1030] loss = 1.211518
[e193 s0650/1030] loss = 1.214668
[e193 s0700/1030] loss = 1.195690
[e193 s0750/1030] loss = 1.167628
[e193 s0800/1030] loss = 1.170991
[e193 s0850/1030] loss = 1.150040
[e193 s0900/1030] loss = 1.132749
[e193 s0950/1030] loss = 1.123539
[e193 s1000/1030] loss = 1.272631
Epoch 193: train_loss = 1.271534  MAE/GAME0 = 14.536  RMSE = 34.758  GAME1 = 15.824  GAME2 = 17.205  GAME3 = 17.782  lr = 1.00e-05  time = 13.0s
[e194 s0001/1030] loss = 6.363473
[e194 s0050/1030] loss = 1.173971
[e194 s0100/1030] loss = 0.881998
[e194 s0150/1030] loss = 0.859627
[e194 s0200/1030] loss = 0.823644
[e194 s0250/1030] loss = 0.908954
[e194 s0300/1030] loss = 1.041800
[e194 s0350/1030] loss = 1.005118
[e194 s0400/1030] loss = 0.997939
[e194 s0450/1030] loss = 1.324367
[e194 s0500/1030] loss = 1.351433
[e194 s0550/1030] loss = 1.335370
[e194 s0600/1030] loss = 1.318300
[e194 s0650/1030] loss = 1.304162
[e194 s0700/1030] loss = 1.271516
[e194 s0750/1030] loss = 1.257435
[e194 s0800/1030] loss = 1.230088
[e194 s0850/1030] loss = 1.244094
[e194 s0900/1030] loss = 1.225295
[e194 s0950/1030] loss = 1.246211
[e194 s1000/1030] loss = 1.270581
Epoch 194: train_loss = 1.264611  MAE/GAME0 = 10.129  RMSE = 28.768  GAME1 = 11.985  GAME2 = 13.953  GAME3 = 14.986  lr = 1.00e-05  time = 12.9s
[e195 s0001/1030] loss = 0.072132
[e195 s0050/1030] loss = 2.789287
[e195 s0100/1030] loss = 2.157747
[e195 s0150/1030] loss = 1.779764
[e195 s0200/1030] loss = 1.521529
[e195 s0250/1030] loss = 1.425327
[e195 s0300/1030] loss = 1.403735
[e195 s0350/1030] loss = 1.298931
[e195 s0400/1030] loss = 1.294904
[e195 s0450/1030] loss = 1.279521
[e195 s0500/1030] loss = 1.265215
[e195 s0550/1030] loss = 1.246032
[e195 s0600/1030] loss = 1.232299
[e195 s0650/1030] loss = 1.186981
[e195 s0700/1030] loss = 1.161162
[e195 s0750/1030] loss = 1.118926
[e195 s0800/1030] loss = 1.110131
[e195 s0850/1030] loss = 1.102838
[e195 s0900/1030] loss = 1.077085
[e195 s0950/1030] loss = 1.109664
[e195 s1000/1030] loss = 1.097324
Epoch 195: train_loss = 1.110962  MAE/GAME0 = 10.948  RMSE = 21.496  GAME1 = 12.979  GAME2 = 15.485  GAME3 = 16.797  lr = 1.00e-05  time = 13.1s
[e196 s0001/1030] loss = 1.074276
[e196 s0050/1030] loss = 1.041992
[e196 s0100/1030] loss = 0.938051
[e196 s0150/1030] loss = 0.930470
[e196 s0200/1030] loss = 1.172920
[e196 s0250/1030] loss = 1.263772
[e196 s0300/1030] loss = 1.219553
[e196 s0350/1030] loss = 1.253382
[e196 s0400/1030] loss = 1.354821
[e196 s0450/1030] loss = 1.315105
[e196 s0500/1030] loss = 1.277995
[e196 s0550/1030] loss = 1.289719
[e196 s0600/1030] loss = 1.253466
[e196 s0650/1030] loss = 1.244198
[e196 s0700/1030] loss = 1.246772
[e196 s0750/1030] loss = 1.208528
[e196 s0800/1030] loss = 1.559807
[e196 s0850/1030] loss = 1.582117
[e196 s0900/1030] loss = 1.540302
[e196 s0950/1030] loss = 1.500852
[e196 s1000/1030] loss = 1.517768
Epoch 196: train_loss = 1.496793  MAE/GAME0 = 9.238  RMSE = 22.150  GAME1 = 11.312  GAME2 = 13.612  GAME3 = 14.759  lr = 1.00e-05  time = 12.9s
[e197 s0001/1030] loss = 2.703722
[e197 s0050/1030] loss = 1.083280
[e197 s0100/1030] loss = 1.987263
[e197 s0150/1030] loss = 1.637872
[e197 s0200/1030] loss = 1.436870
[e197 s0250/1030] loss = 1.860468
[e197 s0300/1030] loss = 1.868656
[e197 s0350/1030] loss = 1.700276
[e197 s0400/1030] loss = 1.645944
[e197 s0450/1030] loss = 1.623140
[e197 s0500/1030] loss = 1.557482
[e197 s0550/1030] loss = 1.495855
[e197 s0600/1030] loss = 1.452301
[e197 s0650/1030] loss = 1.460080
[e197 s0700/1030] loss = 1.415952
[e197 s0750/1030] loss = 1.402842
[e197 s0800/1030] loss = 1.353378
[e197 s0850/1030] loss = 1.351290
[e197 s0900/1030] loss = 1.338291
[e197 s0950/1030] loss = 1.361497
[e197 s1000/1030] loss = 1.346664
Epoch 197: train_loss = 1.331291  MAE/GAME0 = 9.554  RMSE = 23.185  GAME1 = 11.557  GAME2 = 13.776  GAME3 = 14.815  lr = 1.00e-05  time = 12.9s
[e198 s0001/1030] loss = 0.380147
[e198 s0050/1030] loss = 2.498472
[e198 s0100/1030] loss = 1.677969
[e198 s0150/1030] loss = 1.385835
[e198 s0200/1030] loss = 1.267825
[e198 s0250/1030] loss = 1.242716
[e198 s0300/1030] loss = 1.197819
[e198 s0350/1030] loss = 1.179312
[e198 s0400/1030] loss = 1.148005
[e198 s0450/1030] loss = 1.203930
[e198 s0500/1030] loss = 1.216597
[e198 s0550/1030] loss = 1.180030
[e198 s0600/1030] loss = 1.151364
[e198 s0650/1030] loss = 1.162739
[e198 s0700/1030] loss = 1.222180
[e198 s0750/1030] loss = 1.197597
[e198 s0800/1030] loss = 1.224932
[e198 s0850/1030] loss = 1.485271
[e198 s0900/1030] loss = 1.513398
[e198 s0950/1030] loss = 1.495582
[e198 s1000/1030] loss = 1.495168
Epoch 198: train_loss = 1.478203  MAE/GAME0 = 8.704  RMSE = 15.468  GAME1 = 12.016  GAME2 = 14.548  GAME3 = 15.779  lr = 1.00e-05  time = 12.9s
[e199 s0001/1030] loss = 5.488425
[e199 s0050/1030] loss = 0.784814
[e199 s0100/1030] loss = 1.378139
[e199 s0150/1030] loss = 1.129997
[e199 s0200/1030] loss = 1.057640
[e199 s0250/1030] loss = 1.348625
[e199 s0300/1030] loss = 1.235145
[e199 s0350/1030] loss = 1.247768
[e199 s0400/1030] loss = 1.176657
[e199 s0450/1030] loss = 1.164665
[e199 s0500/1030] loss = 1.202727
[e199 s0550/1030] loss = 1.277934
[e199 s0600/1030] loss = 1.232770
[e199 s0650/1030] loss = 1.260316
[e199 s0700/1030] loss = 1.219051
[e199 s0750/1030] loss = 1.199839
[e199 s0800/1030] loss = 1.250015
[e199 s0850/1030] loss = 1.228397
[e199 s0900/1030] loss = 1.239314
[e199 s0950/1030] loss = 1.223573
[e199 s1000/1030] loss = 1.250124
Epoch 199: train_loss = 1.247904  MAE/GAME0 = 9.926  RMSE = 28.850  GAME1 = 11.998  GAME2 = 14.235  GAME3 = 15.346  lr = 1.00e-05  time = 13.1s
[e200 s0001/1030] loss = 0.026649
[e200 s0050/1030] loss = 1.648739
[e200 s0100/1030] loss = 1.156582
[e200 s0150/1030] loss = 1.181677
[e200 s0200/1030] loss = 1.153620
[e200 s0250/1030] loss = 1.093395
[e200 s0300/1030] loss = 0.999229
[e200 s0350/1030] loss = 0.990122
[e200 s0400/1030] loss = 0.982870
[e200 s0450/1030] loss = 1.221905
[e200 s0500/1030] loss = 1.179170
[e200 s0550/1030] loss = 1.154750
[e200 s0600/1030] loss = 1.129872
[e200 s0650/1030] loss = 1.126458
[e200 s0700/1030] loss = 1.108189
[e200 s0750/1030] loss = 1.103446
[e200 s0800/1030] loss = 1.113844
[e200 s0850/1030] loss = 1.092536
[e200 s0900/1030] loss = 1.092428
[e200 s0950/1030] loss = 1.087978
[e200 s1000/1030] loss = 1.105235
Epoch 200: train_loss = 1.094288  MAE/GAME0 = 10.257  RMSE = 28.016  GAME1 = 12.026  GAME2 = 14.151  GAME3 = 15.354  lr = 1.00e-05  time = 13.4s
[e201 s0001/1030] loss = 1.186497
[e201 s0050/1030] loss = 1.347350
[e201 s0100/1030] loss = 0.939606
[e201 s0150/1030] loss = 0.948793
[e201 s0200/1030] loss = 0.938083
[e201 s0250/1030] loss = 0.985891
[e201 s0300/1030] loss = 0.927475
[e201 s0350/1030] loss = 1.936824
[e201 s0400/1030] loss = 1.838283
[e201 s0450/1030] loss = 1.911497
[e201 s0500/1030] loss = 1.820721
[e201 s0550/1030] loss = 1.734387
[e201 s0600/1030] loss = 1.646467
[e201 s0650/1030] loss = 1.576106
[e201 s0700/1030] loss = 1.513324
[e201 s0750/1030] loss = 1.514376
[e201 s0800/1030] loss = 1.456772
[e201 s0850/1030] loss = 1.416205
[e201 s0900/1030] loss = 1.392780
[e201 s0950/1030] loss = 1.365598
[e201 s1000/1030] loss = 1.362586
Epoch 201: train_loss = 1.349987  MAE/GAME0 = 9.393  RMSE = 20.861  GAME1 = 11.352  GAME2 = 13.679  GAME3 = 14.832  lr = 1.00e-05  time = 12.9s
[e202 s0001/1030] loss = 0.013172
[e202 s0050/1030] loss = 1.188514
[e202 s0100/1030] loss = 1.102506
[e202 s0150/1030] loss = 1.218399
[e202 s0200/1030] loss = 1.250771
[e202 s0250/1030] loss = 1.453467
[e202 s0300/1030] loss = 1.336647
[e202 s0350/1030] loss = 1.252761
[e202 s0400/1030] loss = 1.194912
[e202 s0450/1030] loss = 1.176714
[e202 s0500/1030] loss = 1.165031
[e202 s0550/1030] loss = 1.132468
[e202 s0600/1030] loss = 1.134253
[e202 s0650/1030] loss = 1.092143
[e202 s0700/1030] loss = 1.078335
[e202 s0750/1030] loss = 1.096194
[e202 s0800/1030] loss = 1.085699
[e202 s0850/1030] loss = 1.068398
[e202 s0900/1030] loss = 1.067653
[e202 s0950/1030] loss = 1.064802
[e202 s1000/1030] loss = 1.097862
Epoch 202: train_loss = 1.084565  MAE/GAME0 = 9.983  RMSE = 27.617  GAME1 = 11.929  GAME2 = 14.024  GAME3 = 15.170  lr = 1.00e-05  time = 13.1s
[e203 s0001/1030] loss = 0.229990
[e203 s0050/1030] loss = 0.576425
[e203 s0100/1030] loss = 0.822741
[e203 s0150/1030] loss = 1.395421
[e203 s0200/1030] loss = 1.284813
[e203 s0250/1030] loss = 1.252451
[e203 s0300/1030] loss = 1.172918
[e203 s0350/1030] loss = 1.320457
[e203 s0400/1030] loss = 1.310914
[e203 s0450/1030] loss = 1.284697
[e203 s0500/1030] loss = 1.236698
[e203 s0550/1030] loss = 1.203380
[e203 s0600/1030] loss = 1.185903
[e203 s0650/1030] loss = 1.148342
[e203 s0700/1030] loss = 1.225172
[e203 s0750/1030] loss = 1.210366
[e203 s0800/1030] loss = 1.189598
[e203 s0850/1030] loss = 1.176710
[e203 s0900/1030] loss = 1.158772
[e203 s0950/1030] loss = 1.160694
[e203 s1000/1030] loss = 1.139254
Epoch 203: train_loss = 1.170016  MAE/GAME0 = 9.519  RMSE = 26.106  GAME1 = 11.509  GAME2 = 13.815  GAME3 = 14.951  lr = 1.00e-05  time = 13.4s
[e204 s0001/1030] loss = 0.723750
[e204 s0050/1030] loss = 0.889733
[e204 s0100/1030] loss = 0.835926
[e204 s0150/1030] loss = 0.859305
[e204 s0200/1030] loss = 0.884921
[e204 s0250/1030] loss = 0.888229
[e204 s0300/1030] loss = 0.998090
[e204 s0350/1030] loss = 1.001050
[e204 s0400/1030] loss = 1.095993
[e204 s0450/1030] loss = 1.117728
[e204 s0500/1030] loss = 1.143281
[e204 s0550/1030] loss = 1.147170
[e204 s0600/1030] loss = 1.177828
[e204 s0650/1030] loss = 1.179179
[e204 s0700/1030] loss = 1.232865
[e204 s0750/1030] loss = 1.219757
[e204 s0800/1030] loss = 1.342289
[e204 s0850/1030] loss = 1.308088
[e204 s0900/1030] loss = 1.272080
[e204 s0950/1030] loss = 1.285305
[e204 s1000/1030] loss = 1.243349
Epoch 204: train_loss = 1.258647  MAE/GAME0 = 9.955  RMSE = 27.927  GAME1 = 11.892  GAME2 = 14.062  GAME3 = 15.260  lr = 1.00e-05  time = 13.0s
[e205 s0001/1030] loss = 0.348397
[e205 s0050/1030] loss = 1.360194
[e205 s0100/1030] loss = 1.115668
[e205 s0150/1030] loss = 1.048606
[e205 s0200/1030] loss = 1.029883
[e205 s0250/1030] loss = 0.953718
[e205 s0300/1030] loss = 0.998066
[e205 s0350/1030] loss = 1.022884
[e205 s0400/1030] loss = 1.027321
[e205 s0450/1030] loss = 1.139766
[e205 s0500/1030] loss = 1.162346
[e205 s0550/1030] loss = 1.146658
[e205 s0600/1030] loss = 1.135012
[e205 s0650/1030] loss = 1.131937
[e205 s0700/1030] loss = 1.117979
[e205 s0750/1030] loss = 1.190352
[e205 s0800/1030] loss = 1.155970
[e205 s0850/1030] loss = 1.239609
[e205 s0900/1030] loss = 1.236061
[e205 s0950/1030] loss = 1.209023
[e205 s1000/1030] loss = 1.234298
Epoch 205: train_loss = 1.226291  MAE/GAME0 = 10.865  RMSE = 32.076  GAME1 = 12.504  GAME2 = 14.732  GAME3 = 15.908  lr = 1.00e-05  time = 13.0s
[e206 s0001/1030] loss = 0.515986
[e206 s0050/1030] loss = 0.556506
[e206 s0100/1030] loss = 0.638716
[e206 s0150/1030] loss = 0.706843
[e206 s0200/1030] loss = 0.716367
[e206 s0250/1030] loss = 0.773904
[e206 s0300/1030] loss = 0.884726
[e206 s0350/1030] loss = 0.976966
[e206 s0400/1030] loss = 1.017461
[e206 s0450/1030] loss = 1.259091
[e206 s0500/1030] loss = 1.301869
[e206 s0550/1030] loss = 1.299857
[e206 s0600/1030] loss = 1.257320
[e206 s0650/1030] loss = 1.236397
[e206 s0700/1030] loss = 1.247153
[e206 s0750/1030] loss = 1.227729
[e206 s0800/1030] loss = 1.482349
[e206 s0850/1030] loss = 1.462341
[e206 s0900/1030] loss = 1.433327
[e206 s0950/1030] loss = 1.398429
[e206 s1000/1030] loss = 1.370266
Epoch 206: train_loss = 1.352337  MAE/GAME0 = 9.945  RMSE = 21.987  GAME1 = 11.960  GAME2 = 13.796  GAME3 = 14.748  lr = 1.00e-05  time = 12.9s
[e207 s0001/1030] loss = 0.030576
[e207 s0050/1030] loss = 0.770533
[e207 s0100/1030] loss = 1.104262
[e207 s0150/1030] loss = 1.053998
[e207 s0200/1030] loss = 0.981067
[e207 s0250/1030] loss = 0.918264
[e207 s0300/1030] loss = 0.998483
[e207 s0350/1030] loss = 1.050072
[e207 s0400/1030] loss = 1.054468
[e207 s0450/1030] loss = 1.029463
[e207 s0500/1030] loss = 1.064502
[e207 s0550/1030] loss = 1.079337
[e207 s0600/1030] loss = 1.054899
[e207 s0650/1030] loss = 1.286298
[e207 s0700/1030] loss = 1.293074
[e207 s0750/1030] loss = 1.400248
[e207 s0800/1030] loss = 1.403930
[e207 s0850/1030] loss = 1.375919
[e207 s0900/1030] loss = 1.347975
[e207 s0950/1030] loss = 1.327782
[e207 s1000/1030] loss = 1.318205
Epoch 207: train_loss = 1.305379  MAE/GAME0 = 11.008  RMSE = 29.308  GAME1 = 12.654  GAME2 = 15.038  GAME3 = 16.262  lr = 1.00e-05  time = 13.1s
[e208 s0001/1030] loss = 0.565120
[e208 s0050/1030] loss = 0.951546
[e208 s0100/1030] loss = 0.936241
[e208 s0150/1030] loss = 0.905970
[e208 s0200/1030] loss = 0.965424
[e208 s0250/1030] loss = 0.973052
[e208 s0300/1030] loss = 0.909659
[e208 s0350/1030] loss = 0.941056
[e208 s0400/1030] loss = 0.997828
[e208 s0450/1030] loss = 1.016007
[e208 s0500/1030] loss = 1.065593
[e208 s0550/1030] loss = 1.100856
[e208 s0600/1030] loss = 1.077412
[e208 s0650/1030] loss = 1.112164
[e208 s0700/1030] loss = 1.132319
[e208 s0750/1030] loss = 1.153834
[e208 s0800/1030] loss = 1.135745
[e208 s0850/1030] loss = 1.123119
[e208 s0900/1030] loss = 1.104082
[e208 s0950/1030] loss = 1.096779
[e208 s1000/1030] loss = 1.125700
Epoch 208: train_loss = 1.119153  MAE/GAME0 = 10.201  RMSE = 28.089  GAME1 = 12.020  GAME2 = 14.318  GAME3 = 15.601  lr = 1.00e-05  time = 13.0s
[e209 s0001/1030] loss = 0.085376
[e209 s0050/1030] loss = 0.729605
[e209 s0100/1030] loss = 1.125737
[e209 s0150/1030] loss = 1.021806
[e209 s0200/1030] loss = 0.946483
[e209 s0250/1030] loss = 0.922274
[e209 s0300/1030] loss = 0.963331
[e209 s0350/1030] loss = 0.961716
[e209 s0400/1030] loss = 0.991156
[e209 s0450/1030] loss = 1.620992
[e209 s0500/1030] loss = 1.565476
[e209 s0550/1030] loss = 1.525281
[e209 s0600/1030] loss = 1.491296
[e209 s0650/1030] loss = 1.431807
[e209 s0700/1030] loss = 1.419312
[e209 s0750/1030] loss = 1.371235
[e209 s0800/1030] loss = 1.353161
[e209 s0850/1030] loss = 1.317324
[e209 s0900/1030] loss = 1.288273
[e209 s0950/1030] loss = 1.263659
[e209 s1000/1030] loss = 1.269856
Epoch 209: train_loss = 1.263270  MAE/GAME0 = 9.539  RMSE = 22.556  GAME1 = 11.413  GAME2 = 13.836  GAME3 = 15.040  lr = 1.00e-05  time = 13.0s
[e210 s0001/1030] loss = 0.275267
[e210 s0050/1030] loss = 0.638678
[e210 s0100/1030] loss = 0.682718
[e210 s0150/1030] loss = 0.956279
[e210 s0200/1030] loss = 1.257310
[e210 s0250/1030] loss = 1.140431
[e210 s0300/1030] loss = 1.303872
[e210 s0350/1030] loss = 1.257112
[e210 s0400/1030] loss = 1.213024
[e210 s0450/1030] loss = 1.174845
[e210 s0500/1030] loss = 1.343503
[e210 s0550/1030] loss = 1.295689
[e210 s0600/1030] loss = 1.274610
[e210 s0650/1030] loss = 1.249272
[e210 s0700/1030] loss = 1.225681
[e210 s0750/1030] loss = 1.228541
[e210 s0800/1030] loss = 1.231132
[e210 s0850/1030] loss = 1.203515
[e210 s0900/1030] loss = 1.189782
[e210 s0950/1030] loss = 1.170475
[e210 s1000/1030] loss = 1.163730
Epoch 210: train_loss = 1.165510  MAE/GAME0 = 9.881  RMSE = 25.980  GAME1 = 11.836  GAME2 = 14.068  GAME3 = 15.283  lr = 1.00e-05  time = 13.0s
[e211 s0001/1030] loss = 0.227063
[e211 s0050/1030] loss = 1.251731
[e211 s0100/1030] loss = 1.075455
[e211 s0150/1030] loss = 1.364590
[e211 s0200/1030] loss = 1.309005
[e211 s0250/1030] loss = 1.338947
[e211 s0300/1030] loss = 1.406184
[e211 s0350/1030] loss = 1.323353
[e211 s0400/1030] loss = 1.320419
[e211 s0450/1030] loss = 1.307848
[e211 s0500/1030] loss = 1.295087
[e211 s0550/1030] loss = 1.512594
[e211 s0600/1030] loss = 1.494806
[e211 s0650/1030] loss = 1.477733
[e211 s0700/1030] loss = 1.438859
[e211 s0750/1030] loss = 1.440240
[e211 s0800/1030] loss = 1.413698
[e211 s0850/1030] loss = 1.378130
[e211 s0900/1030] loss = 1.358286
[e211 s0950/1030] loss = 1.326156
[e211 s1000/1030] loss = 1.320955
Epoch 211: train_loss = 1.313121  MAE/GAME0 = 9.776  RMSE = 26.140  GAME1 = 11.463  GAME2 = 13.531  GAME3 = 14.693  lr = 1.00e-05  time = 13.0s
[e212 s0001/1030] loss = 0.033500
[e212 s0050/1030] loss = 1.087601
[e212 s0100/1030] loss = 1.276755
[e212 s0150/1030] loss = 1.364535
[e212 s0200/1030] loss = 1.240912
[e212 s0250/1030] loss = 1.234829
[e212 s0300/1030] loss = 1.308522
[e212 s0350/1030] loss = 1.238629
[e212 s0400/1030] loss = 1.177429
[e212 s0450/1030] loss = 1.182365
[e212 s0500/1030] loss = 1.162668
[e212 s0550/1030] loss = 1.178578
[e212 s0600/1030] loss = 1.689534
[e212 s0650/1030] loss = 1.626100
[e212 s0700/1030] loss = 1.613589
[e212 s0750/1030] loss = 1.600396
[e212 s0800/1030] loss = 1.537953
[e212 s0850/1030] loss = 1.523618
[e212 s0900/1030] loss = 1.507789
[e212 s0950/1030] loss = 1.472671
[e212 s1000/1030] loss = 1.441177
Epoch 212: train_loss = 1.454433  MAE/GAME0 = 10.020  RMSE = 21.453  GAME1 = 12.218  GAME2 = 14.718  GAME3 = 16.007  lr = 1.00e-05  time = 13.0s
[e213 s0001/1030] loss = 1.162485
[e213 s0050/1030] loss = 0.640414
[e213 s0100/1030] loss = 0.751500
[e213 s0150/1030] loss = 0.862948
[e213 s0200/1030] loss = 1.190584
[e213 s0250/1030] loss = 1.233462
[e213 s0300/1030] loss = 1.347047
[e213 s0350/1030] loss = 1.257527
[e213 s0400/1030] loss = 1.180060
[e213 s0450/1030] loss = 1.144458
[e213 s0500/1030] loss = 1.114692
[e213 s0550/1030] loss = 1.133881
[e213 s0600/1030] loss = 1.116667
[e213 s0650/1030] loss = 1.077152
[e213 s0700/1030] loss = 1.068531
[e213 s0750/1030] loss = 1.069779
[e213 s0800/1030] loss = 1.048379
[e213 s0850/1030] loss = 1.052165
[e213 s0900/1030] loss = 1.025603
[e213 s0950/1030] loss = 1.034526
[e213 s1000/1030] loss = 1.058043
Epoch 213: train_loss = 1.058998  MAE/GAME0 = 10.467  RMSE = 24.676  GAME1 = 12.630  GAME2 = 14.529  GAME3 = 15.455  lr = 1.00e-05  time = 13.0s
[e214 s0001/1030] loss = 0.531095
[e214 s0050/1030] loss = 1.208651
[e214 s0100/1030] loss = 0.985908
[e214 s0150/1030] loss = 4.521286
[e214 s0200/1030] loss = 3.727087
[e214 s0250/1030] loss = 3.239378
[e214 s0300/1030] loss = 2.823294
[e214 s0350/1030] loss = 2.689136
[e214 s0400/1030] loss = 2.468071
[e214 s0450/1030] loss = 2.494766
[e214 s0500/1030] loss = 2.432409
[e214 s0550/1030] loss = 2.345928
[e214 s0600/1030] loss = 2.239221
[e214 s0650/1030] loss = 2.157711
[e214 s0700/1030] loss = 2.075984
[e214 s0750/1030] loss = 1.990006
[e214 s0800/1030] loss = 1.917360
[e214 s0850/1030] loss = 1.876698
[e214 s0900/1030] loss = 1.804925
[e214 s0950/1030] loss = 1.745845
[e214 s1000/1030] loss = 1.718737
Epoch 214: train_loss = 1.708118  MAE/GAME0 = 9.416  RMSE = 21.634  GAME1 = 11.245  GAME2 = 13.572  GAME3 = 14.722  lr = 1.00e-05  time = 13.1s
[e215 s0001/1030] loss = 0.241803
[e215 s0050/1030] loss = 0.635647
[e215 s0100/1030] loss = 0.771335
[e215 s0150/1030] loss = 0.723126
[e215 s0200/1030] loss = 0.995306
[e215 s0250/1030] loss = 0.913227
[e215 s0300/1030] loss = 1.031714
[e215 s0350/1030] loss = 1.055694
[e215 s0400/1030] loss = 1.015886
[e215 s0450/1030] loss = 1.099731
[e215 s0500/1030] loss = 1.157300
[e215 s0550/1030] loss = 1.169212
[e215 s0600/1030] loss = 1.264815
[e215 s0650/1030] loss = 1.229439
[e215 s0700/1030] loss = 1.229078
[e215 s0750/1030] loss = 1.242179
[e215 s0800/1030] loss = 1.307696
[e215 s0850/1030] loss = 1.280847
[e215 s0900/1030] loss = 1.280015
[e215 s0950/1030] loss = 1.268757
[e215 s1000/1030] loss = 1.283663
Epoch 215: train_loss = 1.275286  MAE/GAME0 = 10.118  RMSE = 24.542  GAME1 = 11.951  GAME2 = 14.436  GAME3 = 15.733  lr = 1.00e-05  time = 12.9s
[e216 s0001/1030] loss = 0.143512
[e216 s0050/1030] loss = 0.627670
[e216 s0100/1030] loss = 0.684807
[e216 s0150/1030] loss = 2.654793
[e216 s0200/1030] loss = 2.351091
[e216 s0250/1030] loss = 2.083679
[e216 s0300/1030] loss = 1.954511
[e216 s0350/1030] loss = 1.970717
[e216 s0400/1030] loss = 1.856119
[e216 s0450/1030] loss = 1.753501
[e216 s0500/1030] loss = 1.691273
[e216 s0550/1030] loss = 1.616289
[e216 s0600/1030] loss = 1.534909
[e216 s0650/1030] loss = 1.478810
[e216 s0700/1030] loss = 1.428733
[e216 s0750/1030] loss = 1.421298
[e216 s0800/1030] loss = 1.407640
[e216 s0850/1030] loss = 1.374999
[e216 s0900/1030] loss = 1.385460
[e216 s0950/1030] loss = 1.394064
[e216 s1000/1030] loss = 1.364313
Epoch 216: train_loss = 1.343476  MAE/GAME0 = 9.446  RMSE = 23.871  GAME1 = 11.114  GAME2 = 13.215  GAME3 = 14.291  lr = 1.00e-05  time = 13.2s
[e217 s0001/1030] loss = 0.789014
[e217 s0050/1030] loss = 1.856778
[e217 s0100/1030] loss = 1.431942
[e217 s0150/1030] loss = 1.170131
[e217 s0200/1030] loss = 1.064255
[e217 s0250/1030] loss = 2.721305
[e217 s0300/1030] loss = 2.488204
[e217 s0350/1030] loss = 2.255692
[e217 s0400/1030] loss = 2.079380
[e217 s0450/1030] loss = 1.940520
[e217 s0500/1030] loss = 1.865402
[e217 s0550/1030] loss = 1.819603
[e217 s0600/1030] loss = 1.764538
[e217 s0650/1030] loss = 1.714990
[e217 s0700/1030] loss = 1.667824
[e217 s0750/1030] loss = 1.634939
[e217 s0800/1030] loss = 1.593855
[e217 s0850/1030] loss = 1.546582
[e217 s0900/1030] loss = 1.520748
[e217 s0950/1030] loss = 1.503840
[e217 s1000/1030] loss = 1.473327
Epoch 217: train_loss = 1.474241  MAE/GAME0 = 11.921  RMSE = 20.859  GAME1 = 13.727  GAME2 = 15.991  GAME3 = 17.175  lr = 1.00e-05  time = 12.8s
[e218 s0001/1030] loss = 0.400169
[e218 s0050/1030] loss = 1.246434
[e218 s0100/1030] loss = 0.929165
[e218 s0150/1030] loss = 0.906159
[e218 s0200/1030] loss = 0.859890
[e218 s0250/1030] loss = 0.933567
[e218 s0300/1030] loss = 0.939380
[e218 s0350/1030] loss = 0.950946
[e218 s0400/1030] loss = 0.907676
[e218 s0450/1030] loss = 0.882509
[e218 s0500/1030] loss = 0.886814
[e218 s0550/1030] loss = 0.857884
[e218 s0600/1030] loss = 0.899766
[e218 s0650/1030] loss = 0.902096
[e218 s0700/1030] loss = 0.885193
[e218 s0750/1030] loss = 1.158206
[e218 s0800/1030] loss = 1.193615
[e218 s0850/1030] loss = 1.193526
[e218 s0900/1030] loss = 1.174681
[e218 s0950/1030] loss = 1.155563
[e218 s1000/1030] loss = 1.152353
Epoch 218: train_loss = 1.142701  MAE/GAME0 = 11.174  RMSE = 23.594  GAME1 = 12.788  GAME2 = 15.202  GAME3 = 16.391  lr = 1.00e-05  time = 13.0s
[e219 s0001/1030] loss = 0.872161
[e219 s0050/1030] loss = 1.745487
[e219 s0100/1030] loss = 2.115083
[e219 s0150/1030] loss = 1.792407
[e219 s0200/1030] loss = 1.529372
[e219 s0250/1030] loss = 1.418163
[e219 s0300/1030] loss = 1.400747
[e219 s0350/1030] loss = 1.372384
[e219 s0400/1030] loss = 1.334641
[e219 s0450/1030] loss = 1.261719
[e219 s0500/1030] loss = 1.236781
[e219 s0550/1030] loss = 1.225478
[e219 s0600/1030] loss = 1.228720
[e219 s0650/1030] loss = 1.185061
[e219 s0700/1030] loss = 1.155323
[e219 s0750/1030] loss = 1.169661
[e219 s0800/1030] loss = 1.194620
[e219 s0850/1030] loss = 1.190132
[e219 s0900/1030] loss = 1.171022
[e219 s0950/1030] loss = 1.237966
[e219 s1000/1030] loss = 1.211630
Epoch 219: train_loss = 1.207928  MAE/GAME0 = 11.489  RMSE = 23.553  GAME1 = 13.054  GAME2 = 15.256  GAME3 = 16.450  lr = 1.00e-05  time = 13.2s
[e220 s0001/1030] loss = 0.296839
[e220 s0050/1030] loss = 0.925991
[e220 s0100/1030] loss = 1.027382
[e220 s0150/1030] loss = 1.044038
[e220 s0200/1030] loss = 1.311903
[e220 s0250/1030] loss = 1.231650
[e220 s0300/1030] loss = 1.143699
[e220 s0350/1030] loss = 1.176756
[e220 s0400/1030] loss = 1.123399
[e220 s0450/1030] loss = 1.142708
[e220 s0500/1030] loss = 1.199283
[e220 s0550/1030] loss = 1.180320
[e220 s0600/1030] loss = 1.560441
[e220 s0650/1030] loss = 1.594767
[e220 s0700/1030] loss = 1.528793
[e220 s0750/1030] loss = 1.507017
[e220 s0800/1030] loss = 1.459536
[e220 s0850/1030] loss = 1.451963
[e220 s0900/1030] loss = 1.435466
[e220 s0950/1030] loss = 1.400386
[e220 s1000/1030] loss = 1.381942
Epoch 220: train_loss = 1.359520  MAE/GAME0 = 9.099  RMSE = 22.054  GAME1 = 10.949  GAME2 = 12.956  GAME3 = 14.056  lr = 1.00e-05  time = 12.7s
[e221 s0001/1030] loss = 0.742181
[e221 s0050/1030] loss = 1.048570
[e221 s0100/1030] loss = 1.047499
[e221 s0150/1030] loss = 0.988066
[e221 s0200/1030] loss = 1.028647
[e221 s0250/1030] loss = 0.947398
[e221 s0300/1030] loss = 0.953784
[e221 s0350/1030] loss = 0.927685
[e221 s0400/1030] loss = 0.959682
[e221 s0450/1030] loss = 0.936317
[e221 s0500/1030] loss = 0.924076
[e221 s0550/1030] loss = 0.911940
[e221 s0600/1030] loss = 0.935192
[e221 s0650/1030] loss = 1.000870
[e221 s0700/1030] loss = 0.993767
[e221 s0750/1030] loss = 0.978344
[e221 s0800/1030] loss = 0.983699
[e221 s0850/1030] loss = 0.993611
[e221 s0900/1030] loss = 1.011138
[e221 s0950/1030] loss = 1.029639
[e221 s1000/1030] loss = 1.097054
Epoch 221: train_loss = 1.088226  MAE/GAME0 = 8.746  RMSE = 19.758  GAME1 = 11.267  GAME2 = 13.358  GAME3 = 14.434  lr = 1.00e-05  time = 13.6s
[e222 s0001/1030] loss = 1.659081
[e222 s0050/1030] loss = 0.831571
[e222 s0100/1030] loss = 0.968400
[e222 s0150/1030] loss = 0.981835
[e222 s0200/1030] loss = 1.090729
[e222 s0250/1030] loss = 1.190325
[e222 s0300/1030] loss = 1.154435
[e222 s0350/1030] loss = 1.144280
[e222 s0400/1030] loss = 1.104466
[e222 s0450/1030] loss = 1.111526
[e222 s0500/1030] loss = 1.061206
[e222 s0550/1030] loss = 1.077555
[e222 s0600/1030] loss = 1.104148
[e222 s0650/1030] loss = 1.161274
[e222 s0700/1030] loss = 1.149501
[e222 s0750/1030] loss = 1.139162
[e222 s0800/1030] loss = 1.167555
[e222 s0850/1030] loss = 1.153121
[e222 s0900/1030] loss = 1.172408
[e222 s0950/1030] loss = 1.150973
[e222 s1000/1030] loss = 1.199136
Epoch 222: train_loss = 1.186131  MAE/GAME0 = 7.770  RMSE = 14.401  GAME1 = 11.904  GAME2 = 14.266  GAME3 = 15.556  lr = 1.00e-05  time = 13.2s
[e223 s0001/1030] loss = 0.204855
[e223 s0050/1030] loss = 3.356559
[e223 s0100/1030] loss = 2.349113
[e223 s0150/1030] loss = 1.892291
[e223 s0200/1030] loss = 1.614438
[e223 s0250/1030] loss = 1.416473
[e223 s0300/1030] loss = 1.794130
[e223 s0350/1030] loss = 1.722100
[e223 s0400/1030] loss = 1.607955
[e223 s0450/1030] loss = 1.568000
[e223 s0500/1030] loss = 1.503584
[e223 s0550/1030] loss = 1.473786
[e223 s0600/1030] loss = 1.540378
[e223 s0650/1030] loss = 1.504561
[e223 s0700/1030] loss = 1.475812
[e223 s0750/1030] loss = 1.476280
[e223 s0800/1030] loss = 1.443155
[e223 s0850/1030] loss = 1.410503
[e223 s0900/1030] loss = 1.379590
[e223 s0950/1030] loss = 1.352879
[e223 s1000/1030] loss = 1.352864
Epoch 223: train_loss = 1.353800  MAE/GAME0 = 10.085  RMSE = 22.037  GAME1 = 12.060  GAME2 = 13.653  GAME3 = 14.330  lr = 1.00e-05  time = 13.1s
[e224 s0001/1030] loss = 0.121280
[e224 s0050/1030] loss = 1.486790
[e224 s0100/1030] loss = 1.790335
[e224 s0150/1030] loss = 2.670641
[e224 s0200/1030] loss = 2.395906
[e224 s0250/1030] loss = 2.108589
[e224 s0300/1030] loss = 1.877950
[e224 s0350/1030] loss = 1.712288
[e224 s0400/1030] loss = 1.653484
[e224 s0450/1030] loss = 1.621937
[e224 s0500/1030] loss = 1.585281
[e224 s0550/1030] loss = 1.513237
[e224 s0600/1030] loss = 1.442955
[e224 s0650/1030] loss = 1.457669
[e224 s0700/1030] loss = 1.419297
[e224 s0750/1030] loss = 1.383003
[e224 s0800/1030] loss = 1.352199
[e224 s0850/1030] loss = 1.325737
[e224 s0900/1030] loss = 1.328888
[e224 s0950/1030] loss = 1.323153
[e224 s1000/1030] loss = 1.287860
Epoch 224: train_loss = 1.289955  MAE/GAME0 = 13.206  RMSE = 20.971  GAME1 = 15.008  GAME2 = 17.089  GAME3 = 18.218  lr = 1.00e-05  time = 13.0s
[e225 s0001/1030] loss = 0.784257
[e225 s0050/1030] loss = 0.854755
[e225 s0100/1030] loss = 1.039604
[e225 s0150/1030] loss = 1.446803
[e225 s0200/1030] loss = 1.411943
[e225 s0250/1030] loss = 1.256839
[e225 s0300/1030] loss = 1.210798
[e225 s0350/1030] loss = 1.162360
[e225 s0400/1030] loss = 1.193823
[e225 s0450/1030] loss = 1.191895
[e225 s0500/1030] loss = 1.374896
[e225 s0550/1030] loss = 1.299385
[e225 s0600/1030] loss = 1.245708
[e225 s0650/1030] loss = 1.311383
[e225 s0700/1030] loss = 1.282858
[e225 s0750/1030] loss = 1.292868
[e225 s0800/1030] loss = 1.284886
[e225 s0850/1030] loss = 1.254705
[e225 s0900/1030] loss = 1.260191
[e225 s0950/1030] loss = 1.244783
[e225 s1000/1030] loss = 1.212176
Epoch 225: train_loss = 1.195322  MAE/GAME0 = 8.778  RMSE = 20.051  GAME1 = 11.053  GAME2 = 13.038  GAME3 = 13.941  lr = 1.00e-05  time = 13.0s
[e226 s0001/1030] loss = 0.082709
[e226 s0050/1030] loss = 0.753774
[e226 s0100/1030] loss = 1.273842
[e226 s0150/1030] loss = 1.452838
[e226 s0200/1030] loss = 1.408931
[e226 s0250/1030] loss = 1.283734
[e226 s0300/1030] loss = 1.201492
[e226 s0350/1030] loss = 1.200013
[e226 s0400/1030] loss = 1.237678
[e226 s0450/1030] loss = 1.194109
[e226 s0500/1030] loss = 1.163861
[e226 s0550/1030] loss = 1.240393
[e226 s0600/1030] loss = 1.229925
[e226 s0650/1030] loss = 1.193876
[e226 s0700/1030] loss = 1.178107
[e226 s0750/1030] loss = 1.198976
[e226 s0800/1030] loss = 1.171310
[e226 s0850/1030] loss = 1.163021
[e226 s0900/1030] loss = 1.155751
[e226 s0950/1030] loss = 1.217559
[e226 s1000/1030] loss = 1.219283
Epoch 226: train_loss = 1.230669  MAE/GAME0 = 8.451  RMSE = 17.502  GAME1 = 10.856  GAME2 = 13.081  GAME3 = 14.128  lr = 1.00e-05  time = 13.3s
[e227 s0001/1030] loss = 0.419276
[e227 s0050/1030] loss = 0.845443
[e227 s0100/1030] loss = 0.814727
[e227 s0150/1030] loss = 0.820516
[e227 s0200/1030] loss = 0.828408
[e227 s0250/1030] loss = 0.897664
[e227 s0300/1030] loss = 0.969799
[e227 s0350/1030] loss = 1.191352
[e227 s0400/1030] loss = 1.118288
[e227 s0450/1030] loss = 1.141858
[e227 s0500/1030] loss = 1.105221
[e227 s0550/1030] loss = 1.091411
[e227 s0600/1030] loss = 1.049601
[e227 s0650/1030] loss = 1.093896
[e227 s0700/1030] loss = 1.087877
[e227 s0750/1030] loss = 1.090048
[e227 s0800/1030] loss = 1.066610
[e227 s0850/1030] loss = 1.071427
[e227 s0900/1030] loss = 1.049814
[e227 s0950/1030] loss = 1.049795
[e227 s1000/1030] loss = 1.039936
Epoch 227: train_loss = 1.058449  MAE/GAME0 = 9.792  RMSE = 24.809  GAME1 = 11.375  GAME2 = 13.650  GAME3 = 14.830  lr = 1.00e-05  time = 12.9s
[e228 s0001/1030] loss = 0.206805
[e228 s0050/1030] loss = 0.964425
[e228 s0100/1030] loss = 1.016633
[e228 s0150/1030] loss = 0.937614
[e228 s0200/1030] loss = 1.027304
[e228 s0250/1030] loss = 1.010705
[e228 s0300/1030] loss = 0.989487
[e228 s0350/1030] loss = 0.933709
[e228 s0400/1030] loss = 0.885618
[e228 s0450/1030] loss = 0.974296
[e228 s0500/1030] loss = 0.988135
[e228 s0550/1030] loss = 0.967686
[e228 s0600/1030] loss = 0.985156
[e228 s0650/1030] loss = 1.009531
[e228 s0700/1030] loss = 1.000363
[e228 s0750/1030] loss = 1.123438
[e228 s0800/1030] loss = 1.114245
[e228 s0850/1030] loss = 1.109304
[e228 s0900/1030] loss = 1.103447
[e228 s0950/1030] loss = 1.231715
[e228 s1000/1030] loss = 1.222165
Epoch 228: train_loss = 1.220894  MAE/GAME0 = 11.047  RMSE = 34.846  GAME1 = 12.604  GAME2 = 14.488  GAME3 = 15.462  lr = 1.00e-05  time = 12.9s
[e229 s0001/1030] loss = 1.757135
[e229 s0050/1030] loss = 1.252611
[e229 s0100/1030] loss = 1.251923
[e229 s0150/1030] loss = 1.223096
[e229 s0200/1030] loss = 1.171309
[e229 s0250/1030] loss = 1.283800
[e229 s0300/1030] loss = 1.177010
[e229 s0350/1030] loss = 1.781845
[e229 s0400/1030] loss = 1.706860
[e229 s0450/1030] loss = 1.680439
[e229 s0500/1030] loss = 1.682547
[e229 s0550/1030] loss = 1.622277
[e229 s0600/1030] loss = 1.597748
[e229 s0650/1030] loss = 1.589881
[e229 s0700/1030] loss = 1.530360
[e229 s0750/1030] loss = 1.483505
[e229 s0800/1030] loss = 1.458310
[e229 s0850/1030] loss = 1.429778
[e229 s0900/1030] loss = 1.383160
[e229 s0950/1030] loss = 1.345966
[e229 s1000/1030] loss = 1.386321
Epoch 229: train_loss = 1.373573  MAE/GAME0 = 11.675  RMSE = 33.241  GAME1 = 13.854  GAME2 = 16.057  GAME3 = 17.103  lr = 1.00e-05  time = 12.9s
[e230 s0001/1030] loss = 0.088224
[e230 s0050/1030] loss = 0.872683
[e230 s0100/1030] loss = 0.952895
[e230 s0150/1030] loss = 1.220253
[e230 s0200/1030] loss = 1.099248
[e230 s0250/1030] loss = 1.106938
[e230 s0300/1030] loss = 1.074002
[e230 s0350/1030] loss = 1.095561
[e230 s0400/1030] loss = 1.033616
[e230 s0450/1030] loss = 1.026291
[e230 s0500/1030] loss = 1.005516
[e230 s0550/1030] loss = 0.981535
[e230 s0600/1030] loss = 0.983058
[e230 s0650/1030] loss = 1.006377
[e230 s0700/1030] loss = 1.019482
[e230 s0750/1030] loss = 1.510097
[e230 s0800/1030] loss = 1.481663
[e230 s0850/1030] loss = 1.520605
[e230 s0900/1030] loss = 1.529007
[e230 s0950/1030] loss = 1.506527
[e230 s1000/1030] loss = 1.473207
Epoch 230: train_loss = 1.451667  MAE/GAME0 = 9.526  RMSE = 24.077  GAME1 = 11.270  GAME2 = 13.417  GAME3 = 14.524  lr = 1.00e-05  time = 12.9s
[e231 s0001/1030] loss = 1.095166
[e231 s0050/1030] loss = 0.841374
[e231 s0100/1030] loss = 0.828726
[e231 s0150/1030] loss = 0.846490
[e231 s0200/1030] loss = 0.793457
[e231 s0250/1030] loss = 0.843216
[e231 s0300/1030] loss = 0.978539
[e231 s0350/1030] loss = 1.048754
[e231 s0400/1030] loss = 1.060990
[e231 s0450/1030] loss = 1.045217
[e231 s0500/1030] loss = 1.265708
[e231 s0550/1030] loss = 1.225492
[e231 s0600/1030] loss = 1.182243
[e231 s0650/1030] loss = 1.217266
[e231 s0700/1030] loss = 1.212482
[e231 s0750/1030] loss = 1.249178
[e231 s0800/1030] loss = 1.278031
[e231 s0850/1030] loss = 1.246551
[e231 s0900/1030] loss = 1.290425
[e231 s0950/1030] loss = 1.325091
[e231 s1000/1030] loss = 1.324668
Epoch 231: train_loss = 1.319753  MAE/GAME0 = 9.728  RMSE = 26.952  GAME1 = 11.474  GAME2 = 13.738  GAME3 = 14.807  lr = 1.00e-05  time = 12.9s
[e232 s0001/1030] loss = 0.697478
[e232 s0050/1030] loss = 0.941008
[e232 s0100/1030] loss = 0.787666
[e232 s0150/1030] loss = 0.891972
[e232 s0200/1030] loss = 0.845347
[e232 s0250/1030] loss = 0.908322
[e232 s0300/1030] loss = 0.910560
[e232 s0350/1030] loss = 1.052653
[e232 s0400/1030] loss = 1.042470
[e232 s0450/1030] loss = 1.010427
[e232 s0500/1030] loss = 1.111213
[e232 s0550/1030] loss = 1.080236
[e232 s0600/1030] loss = 1.081845
[e232 s0650/1030] loss = 1.272555
[e232 s0700/1030] loss = 1.242177
[e232 s0750/1030] loss = 1.228541
[e232 s0800/1030] loss = 1.222628
[e232 s0850/1030] loss = 1.253083
[e232 s0900/1030] loss = 1.243999
[e232 s0950/1030] loss = 1.230336
[e232 s1000/1030] loss = 1.211034
Epoch 232: train_loss = 1.198265  MAE/GAME0 = 9.803  RMSE = 27.745  GAME1 = 11.423  GAME2 = 13.440  GAME3 = 14.525  lr = 1.00e-05  time = 13.0s
[e233 s0001/1030] loss = 0.185860
[e233 s0050/1030] loss = 0.880957
[e233 s0100/1030] loss = 0.873673
[e233 s0150/1030] loss = 0.864088
[e233 s0200/1030] loss = 0.829417
[e233 s0250/1030] loss = 0.884258
[e233 s0300/1030] loss = 0.904002
[e233 s0350/1030] loss = 0.876684
[e233 s0400/1030] loss = 0.835655
[e233 s0450/1030] loss = 0.847313
[e233 s0500/1030] loss = 0.847253
[e233 s0550/1030] loss = 0.856866
[e233 s0600/1030] loss = 1.070493
[e233 s0650/1030] loss = 1.052066
[e233 s0700/1030] loss = 1.055882
[e233 s0750/1030] loss = 1.050438
[e233 s0800/1030] loss = 1.030677
[e233 s0850/1030] loss = 1.028454
[e233 s0900/1030] loss = 1.006148
[e233 s0950/1030] loss = 1.038542
[e233 s1000/1030] loss = 1.062312
Epoch 233: train_loss = 1.061552  MAE/GAME0 = 10.142  RMSE = 27.039  GAME1 = 11.868  GAME2 = 14.069  GAME3 = 15.075  lr = 1.00e-05  time = 12.9s
[e234 s0001/1030] loss = 1.470841
[e234 s0050/1030] loss = 0.719857
[e234 s0100/1030] loss = 0.867728
[e234 s0150/1030] loss = 1.192107
[e234 s0200/1030] loss = 1.138114
[e234 s0250/1030] loss = 1.043939
[e234 s0300/1030] loss = 1.137287
[e234 s0350/1030] loss = 1.123580
[e234 s0400/1030] loss = 1.090625
[e234 s0450/1030] loss = 1.090453
[e234 s0500/1030] loss = 1.079140
[e234 s0550/1030] loss = 1.550961
[e234 s0600/1030] loss = 1.570580
[e234 s0650/1030] loss = 1.570003
[e234 s0700/1030] loss = 1.518962
[e234 s0750/1030] loss = 1.524629
[e234 s0800/1030] loss = 1.471271
[e234 s0850/1030] loss = 1.484972
[e234 s0900/1030] loss = 1.434492
[e234 s0950/1030] loss = 1.409399
[e234 s1000/1030] loss = 1.387796
Epoch 234: train_loss = 1.362310  MAE/GAME0 = 9.218  RMSE = 23.628  GAME1 = 10.985  GAME2 = 13.260  GAME3 = 14.355  lr = 1.00e-05  time = 13.1s
[e235 s0001/1030] loss = 0.315734
[e235 s0050/1030] loss = 0.594952
[e235 s0100/1030] loss = 0.866382
[e235 s0150/1030] loss = 1.024898
[e235 s0200/1030] loss = 0.992945
[e235 s0250/1030] loss = 1.011976
[e235 s0300/1030] loss = 0.972631
[e235 s0350/1030] loss = 0.943939
[e235 s0400/1030] loss = 0.939019
[e235 s0450/1030] loss = 1.694180
[e235 s0500/1030] loss = 1.640109
[e235 s0550/1030] loss = 1.582990
[e235 s0600/1030] loss = 1.553696
[e235 s0650/1030] loss = 1.543701
[e235 s0700/1030] loss = 1.515928
[e235 s0750/1030] loss = 1.453684
[e235 s0800/1030] loss = 1.430337
[e235 s0850/1030] loss = 1.403349
[e235 s0900/1030] loss = 1.374886
[e235 s0950/1030] loss = 1.363792
[e235 s1000/1030] loss = 1.366333
Epoch 235: train_loss = 1.358927  MAE/GAME0 = 9.120  RMSE = 19.300  GAME1 = 11.028  GAME2 = 13.126  GAME3 = 14.307  lr = 1.00e-05  time = 12.9s
[e236 s0001/1030] loss = 0.257715
[e236 s0050/1030] loss = 0.637858
[e236 s0100/1030] loss = 0.967843
[e236 s0150/1030] loss = 1.113944
[e236 s0200/1030] loss = 0.973521
[e236 s0250/1030] loss = 0.907766
[e236 s0300/1030] loss = 0.883812
[e236 s0350/1030] loss = 0.873401
[e236 s0400/1030] loss = 0.863433
[e236 s0450/1030] loss = 0.849686
[e236 s0500/1030] loss = 0.887297
[e236 s0550/1030] loss = 0.875016
[e236 s0600/1030] loss = 1.108773
[e236 s0650/1030] loss = 1.160224
[e236 s0700/1030] loss = 1.165567
[e236 s0750/1030] loss = 1.208800
[e236 s0800/1030] loss = 1.197602
[e236 s0850/1030] loss = 1.202254
[e236 s0900/1030] loss = 1.210981
[e236 s0950/1030] loss = 1.184211
[e236 s1000/1030] loss = 1.177211
Epoch 236: train_loss = 1.178045  MAE/GAME0 = 10.341  RMSE = 32.602  GAME1 = 12.015  GAME2 = 14.131  GAME3 = 15.295  lr = 1.00e-05  time = 12.9s
[e237 s0001/1030] loss = 0.455949
[e237 s0050/1030] loss = 8.765955
[e237 s0100/1030] loss = 5.087700
[e237 s0150/1030] loss = 3.623923
[e237 s0200/1030] loss = 2.988177
[e237 s0250/1030] loss = 2.621065
[e237 s0300/1030] loss = 2.287061
[e237 s0350/1030] loss = 2.161512
[e237 s0400/1030] loss = 2.073565
[e237 s0450/1030] loss = 1.906416
[e237 s0500/1030] loss = 1.824672
[e237 s0550/1030] loss = 1.768106
[e237 s0600/1030] loss = 1.676741
[e237 s0650/1030] loss = 1.617795
[e237 s0700/1030] loss = 1.553875
[e237 s0750/1030] loss = 1.508617
[e237 s0800/1030] loss = 1.491126
[e237 s0850/1030] loss = 1.481797
[e237 s0900/1030] loss = 1.445625
[e237 s0950/1030] loss = 1.417010
[e237 s1000/1030] loss = 1.388866
Epoch 237: train_loss = 1.377303  MAE/GAME0 = 8.929  RMSE = 21.912  GAME1 = 10.665  GAME2 = 12.740  GAME3 = 13.818  lr = 1.00e-05  time = 12.8s
[e238 s0001/1030] loss = 0.479436
[e238 s0050/1030] loss = 1.663242
[e238 s0100/1030] loss = 1.986097
[e238 s0150/1030] loss = 1.583249
[e238 s0200/1030] loss = 1.405916
[e238 s0250/1030] loss = 1.328129
[e238 s0300/1030] loss = 1.217373
[e238 s0350/1030] loss = 1.195237
[e238 s0400/1030] loss = 1.221015
[e238 s0450/1030] loss = 1.164697
[e238 s0500/1030] loss = 1.137983
[e238 s0550/1030] loss = 1.162643
[e238 s0600/1030] loss = 1.281076
[e238 s0650/1030] loss = 1.252359
[e238 s0700/1030] loss = 1.242343
[e238 s0750/1030] loss = 1.238677
[e238 s0800/1030] loss = 1.205729
[e238 s0850/1030] loss = 1.160507
[e238 s0900/1030] loss = 1.289656
[e238 s0950/1030] loss = 1.270199
[e238 s1000/1030] loss = 1.257389
Epoch 238: train_loss = 1.250392  MAE/GAME0 = 9.008  RMSE = 20.779  GAME1 = 10.854  GAME2 = 13.020  GAME3 = 14.134  lr = 1.00e-05  time = 13.0s
[e239 s0001/1030] loss = 0.030509
[e239 s0050/1030] loss = 0.694106
[e239 s0100/1030] loss = 1.061773
[e239 s0150/1030] loss = 1.068729
[e239 s0200/1030] loss = 1.080848
[e239 s0250/1030] loss = 1.054718
[e239 s0300/1030] loss = 1.269663
[e239 s0350/1030] loss = 1.275307
[e239 s0400/1030] loss = 1.415578
[e239 s0450/1030] loss = 1.391444
[e239 s0500/1030] loss = 1.320450
[e239 s0550/1030] loss = 1.275493
[e239 s0600/1030] loss = 1.592484
[e239 s0650/1030] loss = 1.594640
[e239 s0700/1030] loss = 1.562263
[e239 s0750/1030] loss = 1.567851
[e239 s0800/1030] loss = 1.541972
[e239 s0850/1030] loss = 1.500562
[e239 s0900/1030] loss = 1.443120
[e239 s0950/1030] loss = 1.470550
[e239 s1000/1030] loss = 1.434606
Epoch 239: train_loss = 1.410489  MAE/GAME0 = 9.275  RMSE = 23.059  GAME1 = 11.323  GAME2 = 13.322  GAME3 = 14.302  lr = 1.00e-05  time = 13.0s
[e240 s0001/1030] loss = 0.770378
[e240 s0050/1030] loss = 1.426348
[e240 s0100/1030] loss = 1.120325
[e240 s0150/1030] loss = 0.999727
[e240 s0200/1030] loss = 0.999699
[e240 s0250/1030] loss = 1.014911
[e240 s0300/1030] loss = 0.970102
[e240 s0350/1030] loss = 0.999098
[e240 s0400/1030] loss = 0.990864
[e240 s0450/1030] loss = 1.028770
[e240 s0500/1030] loss = 1.046755
[e240 s0550/1030] loss = 1.051169
[e240 s0600/1030] loss = 1.118559
[e240 s0650/1030] loss = 1.101318
[e240 s0700/1030] loss = 1.066467
[e240 s0750/1030] loss = 1.038730
[e240 s0800/1030] loss = 1.088171
[e240 s0850/1030] loss = 1.094874
[e240 s0900/1030] loss = 1.115206
[e240 s0950/1030] loss = 1.286515
[e240 s1000/1030] loss = 1.314680
Epoch 240: train_loss = 1.374680  MAE/GAME0 = 10.000  RMSE = 22.228  GAME1 = 12.089  GAME2 = 14.556  GAME3 = 15.930  lr = 1.00e-05  time = 12.9s
[e241 s0001/1030] loss = 2.125368
[e241 s0050/1030] loss = 1.175751
[e241 s0100/1030] loss = 0.916203
[e241 s0150/1030] loss = 1.129505
[e241 s0200/1030] loss = 1.081214
[e241 s0250/1030] loss = 1.021732
[e241 s0300/1030] loss = 1.076374
[e241 s0350/1030] loss = 1.052771
[e241 s0400/1030] loss = 1.181958
[e241 s0450/1030] loss = 1.336551
[e241 s0500/1030] loss = 1.302854
[e241 s0550/1030] loss = 1.292443
[e241 s0600/1030] loss = 1.267230
[e241 s0650/1030] loss = 1.230287
[e241 s0700/1030] loss = 1.184835
[e241 s0750/1030] loss = 1.167268
[e241 s0800/1030] loss = 1.132221
[e241 s0850/1030] loss = 1.130894
[e241 s0900/1030] loss = 1.112894
[e241 s0950/1030] loss = 1.100558
[e241 s1000/1030] loss = 1.081289
Epoch 241: train_loss = 1.115265  MAE/GAME0 = 11.238  RMSE = 22.351  GAME1 = 13.108  GAME2 = 15.402  GAME3 = 16.760  lr = 1.00e-05  time = 13.0s
[e242 s0001/1030] loss = 0.116383
[e242 s0050/1030] loss = 1.099956
[e242 s0100/1030] loss = 1.375125
[e242 s0150/1030] loss = 1.276737
[e242 s0200/1030] loss = 1.416639
[e242 s0250/1030] loss = 1.285818
[e242 s0300/1030] loss = 1.319687
[e242 s0350/1030] loss = 1.237860
[e242 s0400/1030] loss = 1.204251
[e242 s0450/1030] loss = 1.459624
[e242 s0500/1030] loss = 1.509073
[e242 s0550/1030] loss = 1.463298
[e242 s0600/1030] loss = 1.401070
[e242 s0650/1030] loss = 1.362584
[e242 s0700/1030] loss = 1.309291
[e242 s0750/1030] loss = 1.304889
[e242 s0800/1030] loss = 1.267783
[e242 s0850/1030] loss = 1.230265
[e242 s0900/1030] loss = 1.223640
[e242 s0950/1030] loss = 1.208552
[e242 s1000/1030] loss = 1.230812
Epoch 242: train_loss = 1.229543  MAE/GAME0 = 8.624  RMSE = 18.786  GAME1 = 11.044  GAME2 = 13.431  GAME3 = 14.400  lr = 1.00e-05  time = 13.0s
[e243 s0001/1030] loss = 0.272607
[e243 s0050/1030] loss = 0.946175
[e243 s0100/1030] loss = 1.392212
[e243 s0150/1030] loss = 1.254196
[e243 s0200/1030] loss = 1.286750
[e243 s0250/1030] loss = 1.215794
[e243 s0300/1030] loss = 1.242654
[e243 s0350/1030] loss = 1.304827
[e243 s0400/1030] loss = 1.228104
[e243 s0450/1030] loss = 1.184844
[e243 s0500/1030] loss = 1.139859
[e243 s0550/1030] loss = 1.081314
[e243 s0600/1030] loss = 1.090934
[e243 s0650/1030] loss = 1.080692
[e243 s0700/1030] loss = 1.109854
[e243 s0750/1030] loss = 1.142171
[e243 s0800/1030] loss = 1.706912
[e243 s0850/1030] loss = 1.684710
[e243 s0900/1030] loss = 1.641942
[e243 s0950/1030] loss = 1.597405
[e243 s1000/1030] loss = 1.558746
Epoch 243: train_loss = 1.558378  MAE/GAME0 = 10.687  RMSE = 29.730  GAME1 = 12.293  GAME2 = 14.427  GAME3 = 15.593  lr = 1.00e-05  time = 12.9s
[e244 s0001/1030] loss = 0.533691
[e244 s0050/1030] loss = 1.687288
[e244 s0100/1030] loss = 1.735661
[e244 s0150/1030] loss = 1.514226
[e244 s0200/1030] loss = 1.450796
[e244 s0250/1030] loss = 1.351009
[e244 s0300/1030] loss = 1.321924
[e244 s0350/1030] loss = 1.308645
[e244 s0400/1030] loss = 1.241133
[e244 s0450/1030] loss = 1.337777
[e244 s0500/1030] loss = 1.326255
[e244 s0550/1030] loss = 1.343912
[e244 s0600/1030] loss = 1.277017
[e244 s0650/1030] loss = 1.252211
[e244 s0700/1030] loss = 1.239656
[e244 s0750/1030] loss = 1.228475
[e244 s0800/1030] loss = 1.202461
[e244 s0850/1030] loss = 1.189773
[e244 s0900/1030] loss = 1.407552
[e244 s0950/1030] loss = 1.388787
[e244 s1000/1030] loss = 1.369028
Epoch 244: train_loss = 1.345181  MAE/GAME0 = 9.610  RMSE = 23.576  GAME1 = 11.549  GAME2 = 13.929  GAME3 = 15.148  lr = 1.00e-05  time = 13.2s
[e245 s0001/1030] loss = 1.171496
[e245 s0050/1030] loss = 1.728059
[e245 s0100/1030] loss = 1.383791
[e245 s0150/1030] loss = 1.107490
[e245 s0200/1030] loss = 1.250483
[e245 s0250/1030] loss = 1.251304
[e245 s0300/1030] loss = 1.247120
[e245 s0350/1030] loss = 1.341197
[e245 s0400/1030] loss = 1.395974
[e245 s0450/1030] loss = 1.325355
[e245 s0500/1030] loss = 1.288203
[e245 s0550/1030] loss = 1.277931
[e245 s0600/1030] loss = 1.271539
[e245 s0650/1030] loss = 1.288354
[e245 s0700/1030] loss = 1.251643
[e245 s0750/1030] loss = 1.241729
[e245 s0800/1030] loss = 1.222947
[e245 s0850/1030] loss = 1.208784
[e245 s0900/1030] loss = 1.215834
[e245 s0950/1030] loss = 1.190422
[e245 s1000/1030] loss = 1.174449
Epoch 245: train_loss = 1.163999  MAE/GAME0 = 10.126  RMSE = 28.097  GAME1 = 11.882  GAME2 = 14.184  GAME3 = 15.383  lr = 1.00e-05  time = 13.0s
[e246 s0001/1030] loss = 0.227726
[e246 s0050/1030] loss = 0.981689
[e246 s0100/1030] loss = 1.031771
[e246 s0150/1030] loss = 0.923305
[e246 s0200/1030] loss = 0.857240
[e246 s0250/1030] loss = 0.957264
[e246 s0300/1030] loss = 0.902570
[e246 s0350/1030] loss = 1.382778
[e246 s0400/1030] loss = 1.416190
[e246 s0450/1030] loss = 1.388027
[e246 s0500/1030] loss = 1.364426
[e246 s0550/1030] loss = 1.329743
[e246 s0600/1030] loss = 1.323183
[e246 s0650/1030] loss = 1.333267
[e246 s0700/1030] loss = 1.304654
[e246 s0750/1030] loss = 1.304943
[e246 s0800/1030] loss = 1.276929
[e246 s0850/1030] loss = 1.331250
[e246 s0900/1030] loss = 1.323891
[e246 s0950/1030] loss = 1.282432
[e246 s1000/1030] loss = 1.253934
Epoch 246: train_loss = 1.261097  MAE/GAME0 = 10.145  RMSE = 18.216  GAME1 = 12.323  GAME2 = 14.645  GAME3 = 15.822  lr = 1.00e-05  time = 14.7s
[e247 s0001/1030] loss = 0.280245
[e247 s0050/1030] loss = 0.832440
[e247 s0100/1030] loss = 0.903534
[e247 s0150/1030] loss = 0.794238
[e247 s0200/1030] loss = 0.958325
[e247 s0250/1030] loss = 1.068792
[e247 s0300/1030] loss = 1.034316
[e247 s0350/1030] loss = 0.956965
[e247 s0400/1030] loss = 1.005516
[e247 s0450/1030] loss = 1.001364
[e247 s0500/1030] loss = 0.970216
[e247 s0550/1030] loss = 0.966741
[e247 s0600/1030] loss = 0.959235
[e247 s0650/1030] loss = 1.235271
[e247 s0700/1030] loss = 1.218700
[e247 s0750/1030] loss = 1.214288
[e247 s0800/1030] loss = 1.245779
[e247 s0850/1030] loss = 1.213847
[e247 s0900/1030] loss = 1.199181
[e247 s0950/1030] loss = 1.185752
[e247 s1000/1030] loss = 1.159703
Epoch 247: train_loss = 1.147459  MAE/GAME0 = 9.221  RMSE = 25.375  GAME1 = 10.863  GAME2 = 13.000  GAME3 = 14.057  lr = 1.00e-05  time = 13.0s
[e248 s0001/1030] loss = 0.158705
[e248 s0050/1030] loss = 1.355823
[e248 s0100/1030] loss = 2.343106
[e248 s0150/1030] loss = 1.987395
[e248 s0200/1030] loss = 1.722619
[e248 s0250/1030] loss = 1.648628
[e248 s0300/1030] loss = 1.588468
[e248 s0350/1030] loss = 1.538382
[e248 s0400/1030] loss = 1.424512
[e248 s0450/1030] loss = 1.365542
[e248 s0500/1030] loss = 1.473171
[e248 s0550/1030] loss = 1.430244
[e248 s0600/1030] loss = 1.408118
[e248 s0650/1030] loss = 1.356257
[e248 s0700/1030] loss = 1.329988
[e248 s0750/1030] loss = 1.312826
[e248 s0800/1030] loss = 1.278767
[e248 s0850/1030] loss = 1.259473
[e248 s0900/1030] loss = 1.233222
[e248 s0950/1030] loss = 1.222150
[e248 s1000/1030] loss = 1.203296
Epoch 248: train_loss = 1.201940  MAE/GAME0 = 9.024  RMSE = 19.649  GAME1 = 11.003  GAME2 = 13.311  GAME3 = 14.584  lr = 1.00e-05  time = 16.7s
[e249 s0001/1030] loss = 0.268062
[e249 s0050/1030] loss = 0.849471
[e249 s0100/1030] loss = 2.842569
[e249 s0150/1030] loss = 2.233943
[e249 s0200/1030] loss = 1.865201
[e249 s0250/1030] loss = 1.720118
[e249 s0300/1030] loss = 1.555780
[e249 s0350/1030] loss = 1.431214
[e249 s0400/1030] loss = 1.347559
[e249 s0450/1030] loss = 1.280008
[e249 s0500/1030] loss = 1.220876
[e249 s0550/1030] loss = 1.212422
[e249 s0600/1030] loss = 1.158115
[e249 s0650/1030] loss = 1.128686
[e249 s0700/1030] loss = 1.107512
[e249 s0750/1030] loss = 1.224016
[e249 s0800/1030] loss = 1.221914
[e249 s0850/1030] loss = 1.221402
[e249 s0900/1030] loss = 1.199271
[e249 s0950/1030] loss = 1.176940
[e249 s1000/1030] loss = 1.165584
Epoch 249: train_loss = 1.146049  MAE/GAME0 = 10.588  RMSE = 32.683  GAME1 = 12.254  GAME2 = 13.960  GAME3 = 14.964  lr = 1.00e-05  time = 12.9s
[e250 s0001/1030] loss = 0.469238
[e250 s0050/1030] loss = 0.756950
[e250 s0100/1030] loss = 0.684902
[e250 s0150/1030] loss = 0.987641
[e250 s0200/1030] loss = 0.999083
[e250 s0250/1030] loss = 0.957721
[e250 s0300/1030] loss = 0.964177
[e250 s0350/1030] loss = 1.096390
[e250 s0400/1030] loss = 1.190487
[e250 s0450/1030] loss = 1.155629
[e250 s0500/1030] loss = 1.168718
[e250 s0550/1030] loss = 1.132802
[e250 s0600/1030] loss = 1.104527
[e250 s0650/1030] loss = 1.068108
[e250 s0700/1030] loss = 1.039198
[e250 s0750/1030] loss = 1.023609
[e250 s0800/1030] loss = 1.005478
[e250 s0850/1030] loss = 1.229517
[e250 s0900/1030] loss = 1.246991
[e250 s0950/1030] loss = 1.223194
[e250 s1000/1030] loss = 1.234713
Epoch 250: train_loss = 1.224080  MAE/GAME0 = 10.299  RMSE = 20.686  GAME1 = 12.481  GAME2 = 14.813  GAME3 = 16.116  lr = 1.00e-05  time = 13.1s
[e251 s0001/1030] loss = 2.660050
[e251 s0050/1030] loss = 0.917962
[e251 s0100/1030] loss = 1.240545
[e251 s0150/1030] loss = 1.316769
[e251 s0200/1030] loss = 1.219035
[e251 s0250/1030] loss = 1.156599
[e251 s0300/1030] loss = 1.197373
[e251 s0350/1030] loss = 1.166041
[e251 s0400/1030] loss = 1.138875
[e251 s0450/1030] loss = 1.091564
[e251 s0500/1030] loss = 1.053072
[e251 s0550/1030] loss = 1.038253
[e251 s0600/1030] loss = 0.996245
[e251 s0650/1030] loss = 0.976834
[e251 s0700/1030] loss = 1.023869
[e251 s0750/1030] loss = 1.026510
[e251 s0800/1030] loss = 1.001574
[e251 s0850/1030] loss = 0.987180
[e251 s0900/1030] loss = 0.980871
[e251 s0950/1030] loss = 1.076442
[e251 s1000/1030] loss = 1.059970
Epoch 251: train_loss = 1.048976  MAE/GAME0 = 9.211  RMSE = 24.651  GAME1 = 10.944  GAME2 = 13.214  GAME3 = 14.400  lr = 1.00e-05  time = 14.3s
[e252 s0001/1030] loss = 0.073714
[e252 s0050/1030] loss = 0.972584
[e252 s0100/1030] loss = 1.036820
[e252 s0150/1030] loss = 0.969987
[e252 s0200/1030] loss = 0.894828
[e252 s0250/1030] loss = 0.917934
[e252 s0300/1030] loss = 0.922073
[e252 s0350/1030] loss = 0.903261
[e252 s0400/1030] loss = 0.932322
[e252 s0450/1030] loss = 1.061712
[e252 s0500/1030] loss = 1.021871
[e252 s0550/1030] loss = 1.107334
[e252 s0600/1030] loss = 1.081893
[e252 s0650/1030] loss = 1.050175
[e252 s0700/1030] loss = 1.053570
[e252 s0750/1030] loss = 1.130794
[e252 s0800/1030] loss = 1.249466
[e252 s0850/1030] loss = 1.249670
[e252 s0900/1030] loss = 1.247446
[e252 s0950/1030] loss = 1.259102
[e252 s1000/1030] loss = 1.251420
Epoch 252: train_loss = 1.245500  MAE/GAME0 = 8.821  RMSE = 22.302  GAME1 = 10.557  GAME2 = 12.600  GAME3 = 13.706  lr = 1.00e-05  time = 13.0s
[e253 s0001/1030] loss = 0.761679
[e253 s0050/1030] loss = 1.007178
[e253 s0100/1030] loss = 1.105457
[e253 s0150/1030] loss = 1.094268
[e253 s0200/1030] loss = 1.029452
[e253 s0250/1030] loss = 0.984102
[e253 s0300/1030] loss = 1.033562
[e253 s0350/1030] loss = 1.063736
[e253 s0400/1030] loss = 1.014130
[e253 s0450/1030] loss = 0.988552
[e253 s0500/1030] loss = 0.943001
[e253 s0550/1030] loss = 0.959469
[e253 s0600/1030] loss = 0.970452
[e253 s0650/1030] loss = 0.960701
[e253 s0700/1030] loss = 0.957546
[e253 s0750/1030] loss = 0.962702
[e253 s0800/1030] loss = 0.947822
[e253 s0850/1030] loss = 0.920952
[e253 s0900/1030] loss = 0.927401
[e253 s0950/1030] loss = 0.911636
[e253 s1000/1030] loss = 0.908268
Epoch 253: train_loss = 0.945989  MAE/GAME0 = 9.037  RMSE = 21.175  GAME1 = 10.901  GAME2 = 13.128  GAME3 = 14.285  lr = 1.00e-05  time = 13.0s
[e254 s0001/1030] loss = 0.253025
[e254 s0050/1030] loss = 0.980891
[e254 s0100/1030] loss = 0.880332
[e254 s0150/1030] loss = 1.094703
[e254 s0200/1030] loss = 1.030763
[e254 s0250/1030] loss = 1.104298
[e254 s0300/1030] loss = 1.114935
[e254 s0350/1030] loss = 1.053420
[e254 s0400/1030] loss = 1.048572
[e254 s0450/1030] loss = 1.053052
[e254 s0500/1030] loss = 1.052892
[e254 s0550/1030] loss = 1.021481
[e254 s0600/1030] loss = 1.013330
[e254 s0650/1030] loss = 0.983185
[e254 s0700/1030] loss = 0.953923
[e254 s0750/1030] loss = 0.950370
[e254 s0800/1030] loss = 0.925809
[e254 s0850/1030] loss = 0.915130
[e254 s0900/1030] loss = 0.921799
[e254 s0950/1030] loss = 0.914939
[e254 s1000/1030] loss = 0.966564
Epoch 254: train_loss = 0.989893  MAE/GAME0 = 11.297  RMSE = 30.119  GAME1 = 13.051  GAME2 = 15.317  GAME3 = 16.638  lr = 1.00e-05  time = 12.8s
[e255 s0001/1030] loss = 0.300033
[e255 s0050/1030] loss = 2.701297
[e255 s0100/1030] loss = 2.013918
[e255 s0150/1030] loss = 1.705845
[e255 s0200/1030] loss = 1.538664
[e255 s0250/1030] loss = 1.400385
[e255 s0300/1030] loss = 1.296356
[e255 s0350/1030] loss = 1.237016
[e255 s0400/1030] loss = 1.218018
[e255 s0450/1030] loss = 1.170546
[e255 s0500/1030] loss = 1.237952
[e255 s0550/1030] loss = 1.188686
[e255 s0600/1030] loss = 1.155404
[e255 s0650/1030] loss = 1.170442
[e255 s0700/1030] loss = 1.164720
[e255 s0750/1030] loss = 1.147073
[e255 s0800/1030] loss = 1.129323
[e255 s0850/1030] loss = 1.113123
[e255 s0900/1030] loss = 1.136636
[e255 s0950/1030] loss = 1.114807
[e255 s1000/1030] loss = 1.094100
Epoch 255: train_loss = 1.114344  MAE/GAME0 = 11.494  RMSE = 23.250  GAME1 = 13.029  GAME2 = 15.392  GAME3 = 16.697  lr = 1.00e-05  time = 13.4s
[e256 s0001/1030] loss = 1.491703
[e256 s0050/1030] loss = 1.258396
[e256 s0100/1030] loss = 1.088434
[e256 s0150/1030] loss = 0.928313
[e256 s0200/1030] loss = 0.973253
[e256 s0250/1030] loss = 0.863958
[e256 s0300/1030] loss = 1.064549
[e256 s0350/1030] loss = 1.041261
[e256 s0400/1030] loss = 1.017944
[e256 s0450/1030] loss = 1.111261
[e256 s0500/1030] loss = 1.077258
[e256 s0550/1030] loss = 1.065814
[e256 s0600/1030] loss = 1.178372
[e256 s0650/1030] loss = 1.136395
[e256 s0700/1030] loss = 1.118975
[e256 s0750/1030] loss = 1.113531
[e256 s0800/1030] loss = 1.100324
[e256 s0850/1030] loss = 1.114758
[e256 s0900/1030] loss = 1.118022
[e256 s0950/1030] loss = 1.104983
[e256 s1000/1030] loss = 1.099908
Epoch 256: train_loss = 1.112840  MAE/GAME0 = 9.338  RMSE = 22.956  GAME1 = 11.253  GAME2 = 13.518  GAME3 = 14.793  lr = 1.00e-05  time = 12.8s
[e257 s0001/1030] loss = 0.341713
[e257 s0050/1030] loss = 1.025718
[e257 s0100/1030] loss = 0.961365
[e257 s0150/1030] loss = 0.949047
[e257 s0200/1030] loss = 0.987492
[e257 s0250/1030] loss = 1.093808
[e257 s0300/1030] loss = 1.055212
[e257 s0350/1030] loss = 1.586028
[e257 s0400/1030] loss = 1.632364
[e257 s0450/1030] loss = 1.550594
[e257 s0500/1030] loss = 1.526421
[e257 s0550/1030] loss = 1.495321
[e257 s0600/1030] loss = 1.469445
[e257 s0650/1030] loss = 1.463927
[e257 s0700/1030] loss = 1.440050
[e257 s0750/1030] loss = 1.372062
[e257 s0800/1030] loss = 1.341401
[e257 s0850/1030] loss = 1.327461
[e257 s0900/1030] loss = 1.303067
[e257 s0950/1030] loss = 1.299689
[e257 s1000/1030] loss = 1.278467
Epoch 257: train_loss = 1.262456  MAE/GAME0 = 8.957  RMSE = 22.953  GAME1 = 10.765  GAME2 = 12.877  GAME3 = 14.016  lr = 1.00e-05  time = 13.0s
[e258 s0001/1030] loss = 0.076854
[e258 s0050/1030] loss = 0.896417
[e258 s0100/1030] loss = 1.176971
[e258 s0150/1030] loss = 1.061494
[e258 s0200/1030] loss = 1.113010
[e258 s0250/1030] loss = 1.057634
[e258 s0300/1030] loss = 1.037228
[e258 s0350/1030] loss = 1.118925
[e258 s0400/1030] loss = 1.112023
[e258 s0450/1030] loss = 1.127322
[e258 s0500/1030] loss = 1.126919
[e258 s0550/1030] loss = 1.130742
[e258 s0600/1030] loss = 1.138441
[e258 s0650/1030] loss = 1.105203
[e258 s0700/1030] loss = 1.284605
[e258 s0750/1030] loss = 1.262883
[e258 s0800/1030] loss = 1.269902
[e258 s0850/1030] loss = 1.245099
[e258 s0900/1030] loss = 1.244766
[e258 s0950/1030] loss = 1.232694
[e258 s1000/1030] loss = 1.222173
Epoch 258: train_loss = 1.216475  MAE/GAME0 = 11.373  RMSE = 24.352  GAME1 = 12.898  GAME2 = 15.223  GAME3 = 16.469  lr = 1.00e-05  time = 13.0s
[e259 s0001/1030] loss = 1.394881
[e259 s0050/1030] loss = 1.189188
[e259 s0100/1030] loss = 0.980512
[e259 s0150/1030] loss = 0.965553
[e259 s0200/1030] loss = 0.954333
[e259 s0250/1030] loss = 0.948872
[e259 s0300/1030] loss = 0.953763
[e259 s0350/1030] loss = 0.982352
[e259 s0400/1030] loss = 1.026330
[e259 s0450/1030] loss = 1.086284
[e259 s0500/1030] loss = 1.048501
[e259 s0550/1030] loss = 1.465535
[e259 s0600/1030] loss = 1.488435
[e259 s0650/1030] loss = 1.480132
[e259 s0700/1030] loss = 1.435228
[e259 s0750/1030] loss = 1.389858
[e259 s0800/1030] loss = 1.351268
[e259 s0850/1030] loss = 1.336604
[e259 s0900/1030] loss = 1.330357
[e259 s0950/1030] loss = 1.307788
[e259 s1000/1030] loss = 1.281905
Epoch 259: train_loss = 1.294435  MAE/GAME0 = 8.634  RMSE = 18.856  GAME1 = 10.827  GAME2 = 12.732  GAME3 = 13.608  lr = 1.00e-05  time = 13.0s
[e260 s0001/1030] loss = 0.138969
[e260 s0050/1030] loss = 0.958729
[e260 s0100/1030] loss = 0.874469
[e260 s0150/1030] loss = 0.933666
[e260 s0200/1030] loss = 1.107093
[e260 s0250/1030] loss = 1.081932
[e260 s0300/1030] loss = 1.025183
[e260 s0350/1030] loss = 0.996883
[e260 s0400/1030] loss = 0.984311
[e260 s0450/1030] loss = 0.980352
[e260 s0500/1030] loss = 0.952703
[e260 s0550/1030] loss = 0.932422
[e260 s0600/1030] loss = 0.930716
[e260 s0650/1030] loss = 0.949817
[e260 s0700/1030] loss = 0.939402
[e260 s0750/1030] loss = 0.935427
[e260 s0800/1030] loss = 1.009180
[e260 s0850/1030] loss = 0.993369
[e260 s0900/1030] loss = 0.976440
[e260 s0950/1030] loss = 0.995256
[e260 s1000/1030] loss = 0.994942
Epoch 260: train_loss = 1.080382  MAE/GAME0 = 12.310  RMSE = 25.240  GAME1 = 14.236  GAME2 = 16.605  GAME3 = 17.954  lr = 1.00e-05  time = 12.9s
[e261 s0001/1030] loss = 1.631353
[e261 s0050/1030] loss = 1.446849
[e261 s0100/1030] loss = 1.233227
[e261 s0150/1030] loss = 1.044381
[e261 s0200/1030] loss = 2.918530
[e261 s0250/1030] loss = 2.702916
[e261 s0300/1030] loss = 2.373095
[e261 s0350/1030] loss = 2.196319
[e261 s0400/1030] loss = 2.038062
[e261 s0450/1030] loss = 1.930077
[e261 s0500/1030] loss = 1.883838
[e261 s0550/1030] loss = 1.794949
[e261 s0600/1030] loss = 1.742346
[e261 s0650/1030] loss = 1.675217
[e261 s0700/1030] loss = 1.628067
[e261 s0750/1030] loss = 1.557074
[e261 s0800/1030] loss = 1.514361
[e261 s0850/1030] loss = 1.477539
[e261 s0900/1030] loss = 1.472084
[e261 s0950/1030] loss = 1.443718
[e261 s1000/1030] loss = 1.475156
Epoch 261: train_loss = 1.449406  MAE/GAME0 = 8.746  RMSE = 17.714  GAME1 = 11.106  GAME2 = 12.734  GAME3 = 13.535  lr = 1.00e-05  time = 13.0s
[e262 s0001/1030] loss = 3.633885
[e262 s0050/1030] loss = 0.845672
[e262 s0100/1030] loss = 0.841263
[e262 s0150/1030] loss = 0.932856
[e262 s0200/1030] loss = 1.013111
[e262 s0250/1030] loss = 0.990445
[e262 s0300/1030] loss = 1.100466
[e262 s0350/1030] loss = 1.064219
[e262 s0400/1030] loss = 1.064086
[e262 s0450/1030] loss = 1.272149
[e262 s0500/1030] loss = 1.213099
[e262 s0550/1030] loss = 1.182253
[e262 s0600/1030] loss = 1.188149
[e262 s0650/1030] loss = 1.237389
[e262 s0700/1030] loss = 1.299737
[e262 s0750/1030] loss = 1.288806
[e262 s0800/1030] loss = 1.266099
[e262 s0850/1030] loss = 1.226383
[e262 s0900/1030] loss = 1.210724
[e262 s0950/1030] loss = 1.268264
[e262 s1000/1030] loss = 1.239046
Epoch 262: train_loss = 1.218753  MAE/GAME0 = 10.267  RMSE = 27.774  GAME1 = 12.013  GAME2 = 14.228  GAME3 = 15.481  lr = 1.00e-05  time = 16.0s
[e263 s0001/1030] loss = 4.466402
[e263 s0050/1030] loss = 1.336572
[e263 s0100/1030] loss = 1.457368
[e263 s0150/1030] loss = 1.227818
[e263 s0200/1030] loss = 1.158075
[e263 s0250/1030] loss = 1.183711
[e263 s0300/1030] loss = 1.285832
[e263 s0350/1030] loss = 1.246384
[e263 s0400/1030] loss = 1.328456
[e263 s0450/1030] loss = 1.277353
[e263 s0500/1030] loss = 1.242265
[e263 s0550/1030] loss = 1.218301
[e263 s0600/1030] loss = 1.220640
[e263 s0650/1030] loss = 1.206319
[e263 s0700/1030] loss = 1.167287
[e263 s0750/1030] loss = 1.156767
[e263 s0800/1030] loss = 1.131339
[e263 s0850/1030] loss = 1.122402
[e263 s0900/1030] loss = 1.098035
[e263 s0950/1030] loss = 1.092179
[e263 s1000/1030] loss = 1.107587
Epoch 263: train_loss = 1.099901  MAE/GAME0 = 9.487  RMSE = 25.566  GAME1 = 11.332  GAME2 = 13.705  GAME3 = 14.885  lr = 1.00e-05  time = 12.9s
[e264 s0001/1030] loss = 0.982744
[e264 s0050/1030] loss = 2.265851
[e264 s0100/1030] loss = 1.634049
[e264 s0150/1030] loss = 1.432115
[e264 s0200/1030] loss = 1.410734
[e264 s0250/1030] loss = 1.346917
[e264 s0300/1030] loss = 1.265621
[e264 s0350/1030] loss = 1.252990
[e264 s0400/1030] loss = 1.234911
[e264 s0450/1030] loss = 1.271508
[e264 s0500/1030] loss = 1.262730
[e264 s0550/1030] loss = 1.238556
[e264 s0600/1030] loss = 1.216280
[e264 s0650/1030] loss = 1.184542
[e264 s0700/1030] loss = 1.169713
[e264 s0750/1030] loss = 1.218074
[e264 s0800/1030] loss = 1.186267
[e264 s0850/1030] loss = 1.148083
[e264 s0900/1030] loss = 1.140351
[e264 s0950/1030] loss = 1.132297
[e264 s1000/1030] loss = 1.126487
Epoch 264: train_loss = 1.128136  MAE/GAME0 = 9.607  RMSE = 26.228  GAME1 = 11.383  GAME2 = 13.346  GAME3 = 14.506  lr = 1.00e-05  time = 15.3s
[e265 s0001/1030] loss = 1.217022
[e265 s0050/1030] loss = 1.923526
[e265 s0100/1030] loss = 1.342753
[e265 s0150/1030] loss = 1.126808
[e265 s0200/1030] loss = 1.097149
[e265 s0250/1030] loss = 1.021792
[e265 s0300/1030] loss = 0.994896
[e265 s0350/1030] loss = 0.931031
[e265 s0400/1030] loss = 0.924430
[e265 s0450/1030] loss = 0.892189
[e265 s0500/1030] loss = 0.855517
[e265 s0550/1030] loss = 1.003975
[e265 s0600/1030] loss = 1.025225
[e265 s0650/1030] loss = 1.179002
[e265 s0700/1030] loss = 1.132767
[e265 s0750/1030] loss = 1.114802
[e265 s0800/1030] loss = 1.096304
[e265 s0850/1030] loss = 1.063139
[e265 s0900/1030] loss = 1.062161
[e265 s0950/1030] loss = 1.048704
[e265 s1000/1030] loss = 1.061669
Epoch 265: train_loss = 1.093992  MAE/GAME0 = 11.789  RMSE = 27.236  GAME1 = 12.975  GAME2 = 14.318  GAME3 = 15.063  lr = 1.00e-05  time = 13.1s
[e266 s0001/1030] loss = 0.153937
[e266 s0050/1030] loss = 0.516187
[e266 s0100/1030] loss = 1.139915
[e266 s0150/1030] loss = 1.291195
[e266 s0200/1030] loss = 1.118127
[e266 s0250/1030] loss = 1.068890
[e266 s0300/1030] loss = 1.045698
[e266 s0350/1030] loss = 1.080181
[e266 s0400/1030] loss = 1.114543
[e266 s0450/1030] loss = 1.116416
[e266 s0500/1030] loss = 1.108457
[e266 s0550/1030] loss = 1.068476
[e266 s0600/1030] loss = 1.041606
[e266 s0650/1030] loss = 1.024318
[e266 s0700/1030] loss = 1.043946
[e266 s0750/1030] loss = 1.209565
[e266 s0800/1030] loss = 1.246920
[e266 s0850/1030] loss = 1.282844
[e266 s0900/1030] loss = 1.284000
[e266 s0950/1030] loss = 1.326053
[e266 s1000/1030] loss = 1.331939
Epoch 266: train_loss = 1.311901  MAE/GAME0 = 9.830  RMSE = 27.668  GAME1 = 11.491  GAME2 = 13.324  GAME3 = 14.341  lr = 1.00e-05  time = 13.3s
[e267 s0001/1030] loss = 2.618319
[e267 s0050/1030] loss = 6.337181
[e267 s0100/1030] loss = 3.831074
[e267 s0150/1030] loss = 2.920408
[e267 s0200/1030] loss = 2.411101
[e267 s0250/1030] loss = 2.076481
[e267 s0300/1030] loss = 1.873462
[e267 s0350/1030] loss = 1.730477
[e267 s0400/1030] loss = 1.605136
[e267 s0450/1030] loss = 1.506354
[e267 s0500/1030] loss = 1.486272
[e267 s0550/1030] loss = 1.410735
[e267 s0600/1030] loss = 1.359046
[e267 s0650/1030] loss = 1.303647
[e267 s0700/1030] loss = 1.253231
[e267 s0750/1030] loss = 1.221400
[e267 s0800/1030] loss = 1.233040
[e267 s0850/1030] loss = 1.225201
[e267 s0900/1030] loss = 1.207748
[e267 s0950/1030] loss = 1.234667
[e267 s1000/1030] loss = 1.224670
Epoch 267: train_loss = 1.209810  MAE/GAME0 = 8.951  RMSE = 19.562  GAME1 = 11.104  GAME2 = 13.252  GAME3 = 14.403  lr = 1.00e-05  time = 13.0s
[e268 s0001/1030] loss = 0.416130
[e268 s0050/1030] loss = 1.077280
[e268 s0100/1030] loss = 1.155057
[e268 s0150/1030] loss = 1.055904
[e268 s0200/1030] loss = 0.966628
[e268 s0250/1030] loss = 0.863993
[e268 s0300/1030] loss = 0.819377
[e268 s0350/1030] loss = 0.935510
[e268 s0400/1030] loss = 0.912593
[e268 s0450/1030] loss = 0.906240
[e268 s0500/1030] loss = 0.894406
[e268 s0550/1030] loss = 0.888024
[e268 s0600/1030] loss = 0.922235
[e268 s0650/1030] loss = 0.940270
[e268 s0700/1030] loss = 0.927842
[e268 s0750/1030] loss = 0.918080
[e268 s0800/1030] loss = 1.086847
[e268 s0850/1030] loss = 1.108115
[e268 s0900/1030] loss = 1.087117
[e268 s0950/1030] loss = 1.068860
[e268 s1000/1030] loss = 1.062407
Epoch 268: train_loss = 1.059461  MAE/GAME0 = 12.878  RMSE = 30.918  GAME1 = 14.223  GAME2 = 16.392  GAME3 = 17.592  lr = 1.00e-05  time = 13.3s
[e269 s0001/1030] loss = 0.130536
[e269 s0050/1030] loss = 1.232974
[e269 s0100/1030] loss = 0.933606
[e269 s0150/1030] loss = 1.011806
[e269 s0200/1030] loss = 0.947931
[e269 s0250/1030] loss = 1.164073
[e269 s0300/1030] loss = 2.227367
[e269 s0350/1030] loss = 2.065593
[e269 s0400/1030] loss = 1.901215
[e269 s0450/1030] loss = 1.763781
[e269 s0500/1030] loss = 1.709521
[e269 s0550/1030] loss = 1.642979
[e269 s0600/1030] loss = 1.563297
[e269 s0650/1030] loss = 1.627767
[e269 s0700/1030] loss = 1.558609
[e269 s0750/1030] loss = 1.512131
[e269 s0800/1030] loss = 1.462911
[e269 s0850/1030] loss = 1.427768
[e269 s0900/1030] loss = 1.401613
[e269 s0950/1030] loss = 1.364851
[e269 s1000/1030] loss = 1.347548
Epoch 269: train_loss = 1.333249  MAE/GAME0 = 11.043  RMSE = 22.750  GAME1 = 12.720  GAME2 = 14.939  GAME3 = 16.269  lr = 1.00e-05  time = 13.0s
[e270 s0001/1030] loss = 0.502813
[e270 s0050/1030] loss = 0.700833
[e270 s0100/1030] loss = 0.657542
[e270 s0150/1030] loss = 0.865713
[e270 s0200/1030] loss = 1.111125
[e270 s0250/1030] loss = 1.162698
[e270 s0300/1030] loss = 1.163075
[e270 s0350/1030] loss = 1.118759
[e270 s0400/1030] loss = 1.062933
[e270 s0450/1030] loss = 1.046211
[e270 s0500/1030] loss = 1.047299
[e270 s0550/1030] loss = 1.054756
[e270 s0600/1030] loss = 1.048811
[e270 s0650/1030] loss = 1.046811
[e270 s0700/1030] loss = 1.026291
[e270 s0750/1030] loss = 1.017253
[e270 s0800/1030] loss = 1.009845
[e270 s0850/1030] loss = 1.033249
[e270 s0900/1030] loss = 1.040182
[e270 s0950/1030] loss = 1.169677
[e270 s1000/1030] loss = 1.234712
Epoch 270: train_loss = 1.209521  MAE/GAME0 = 9.392  RMSE = 25.596  GAME1 = 11.051  GAME2 = 12.977  GAME3 = 14.062  lr = 1.00e-05  time = 12.9s
[e271 s0001/1030] loss = 1.785993
[e271 s0050/1030] loss = 1.273005
[e271 s0100/1030] loss = 1.143463
[e271 s0150/1030] loss = 1.584145
[e271 s0200/1030] loss = 1.682614
[e271 s0250/1030] loss = 1.548748
[e271 s0300/1030] loss = 1.428774
[e271 s0350/1030] loss = 1.330587
[e271 s0400/1030] loss = 1.272248
[e271 s0450/1030] loss = 1.271475
[e271 s0500/1030] loss = 1.260761
[e271 s0550/1030] loss = 1.286119
[e271 s0600/1030] loss = 1.262255
[e271 s0650/1030] loss = 1.314913
[e271 s0700/1030] loss = 1.311124
[e271 s0750/1030] loss = 1.260407
[e271 s0800/1030] loss = 1.247915
[e271 s0850/1030] loss = 1.198809
[e271 s0900/1030] loss = 1.189255
[e271 s0950/1030] loss = 1.164715
[e271 s1000/1030] loss = 1.181232
Epoch 271: train_loss = 1.182579  MAE/GAME0 = 9.983  RMSE = 30.110  GAME1 = 11.573  GAME2 = 13.559  GAME3 = 14.624  lr = 1.00e-05  time = 13.1s
[e272 s0001/1030] loss = 0.805556
[e272 s0050/1030] loss = 0.665082
[e272 s0100/1030] loss = 0.767696
[e272 s0150/1030] loss = 0.867398
[e272 s0200/1030] loss = 0.823438
[e272 s0250/1030] loss = 0.895175
[e272 s0300/1030] loss = 1.142959
[e272 s0350/1030] loss = 1.127133
[e272 s0400/1030] loss = 1.100335
[e272 s0450/1030] loss = 1.099438
[e272 s0500/1030] loss = 1.158903
[e272 s0550/1030] loss = 1.113690
[e272 s0600/1030] loss = 1.123928
[e272 s0650/1030] loss = 1.105486
[e272 s0700/1030] loss = 1.077977
[e272 s0750/1030] loss = 1.087934
[e272 s0800/1030] loss = 1.068152
[e272 s0850/1030] loss = 1.049362
[e272 s0900/1030] loss = 1.028249
[e272 s0950/1030] loss = 1.025794
[e272 s1000/1030] loss = 1.073319
Epoch 272: train_loss = 1.083107  MAE/GAME0 = 9.573  RMSE = 25.802  GAME1 = 11.568  GAME2 = 13.863  GAME3 = 14.982  lr = 1.00e-05  time = 13.1s
[e273 s0001/1030] loss = 0.955682
[e273 s0050/1030] loss = 1.260184
[e273 s0100/1030] loss = 1.103494
[e273 s0150/1030] loss = 0.995031
[e273 s0200/1030] loss = 0.955667
[e273 s0250/1030] loss = 1.021972
[e273 s0300/1030] loss = 1.042994
[e273 s0350/1030] loss = 1.043972
[e273 s0400/1030] loss = 1.015024
[e273 s0450/1030] loss = 0.988683
[e273 s0500/1030] loss = 0.992903
[e273 s0550/1030] loss = 1.010739
[e273 s0600/1030] loss = 0.987759
[e273 s0650/1030] loss = 1.107199
[e273 s0700/1030] loss = 1.118421
[e273 s0750/1030] loss = 1.084450
[e273 s0800/1030] loss = 1.075333
[e273 s0850/1030] loss = 1.433478
[e273 s0900/1030] loss = 1.424528
[e273 s0950/1030] loss = 1.402916
[e273 s1000/1030] loss = 1.374091
Epoch 273: train_loss = 1.357176  MAE/GAME0 = 10.180  RMSE = 25.947  GAME1 = 11.945  GAME2 = 14.029  GAME3 = 15.357  lr = 1.00e-05  time = 12.9s
[e274 s0001/1030] loss = 0.976823
[e274 s0050/1030] loss = 0.703283
[e274 s0100/1030] loss = 0.738289
[e274 s0150/1030] loss = 0.810372
[e274 s0200/1030] loss = 0.845602
[e274 s0250/1030] loss = 0.849251
[e274 s0300/1030] loss = 0.908681
[e274 s0350/1030] loss = 0.921195
[e274 s0400/1030] loss = 0.909913
[e274 s0450/1030] loss = 1.108999
[e274 s0500/1030] loss = 1.100183
[e274 s0550/1030] loss = 1.080214
[e274 s0600/1030] loss = 1.060574
[e274 s0650/1030] loss = 1.061704
[e274 s0700/1030] loss = 1.073398
[e274 s0750/1030] loss = 1.057850
[e274 s0800/1030] loss = 1.072213
[e274 s0850/1030] loss = 1.083470
[e274 s0900/1030] loss = 1.066579
[e274 s0950/1030] loss = 1.054106
[e274 s1000/1030] loss = 1.340370
Epoch 274: train_loss = 1.344260  MAE/GAME0 = 8.649  RMSE = 17.429  GAME1 = 12.217  GAME2 = 14.016  GAME3 = 14.997  lr = 1.00e-05  time = 13.0s
[e275 s0001/1030] loss = 0.040246
[e275 s0050/1030] loss = 0.954797
[e275 s0100/1030] loss = 0.968578
[e275 s0150/1030] loss = 1.021679
[e275 s0200/1030] loss = 1.169115
[e275 s0250/1030] loss = 1.143374
[e275 s0300/1030] loss = 1.083150
[e275 s0350/1030] loss = 1.047494
[e275 s0400/1030] loss = 1.039067
[e275 s0450/1030] loss = 1.267363
[e275 s0500/1030] loss = 1.209474
[e275 s0550/1030] loss = 1.213539
[e275 s0600/1030] loss = 1.189894
[e275 s0650/1030] loss = 1.143906
[e275 s0700/1030] loss = 1.112431
[e275 s0750/1030] loss = 1.112780
[e275 s0800/1030] loss = 1.112408
[e275 s0850/1030] loss = 1.088869
[e275 s0900/1030] loss = 1.076878
[e275 s0950/1030] loss = 1.088516
[e275 s1000/1030] loss = 1.074008
Epoch 275: train_loss = 1.070662  MAE/GAME0 = 10.736  RMSE = 19.963  GAME1 = 12.502  GAME2 = 14.669  GAME3 = 15.692  lr = 1.00e-05  time = 13.0s
[e276 s0001/1030] loss = 0.121802
[e276 s0050/1030] loss = 1.479340
[e276 s0100/1030] loss = 1.344313
[e276 s0150/1030] loss = 1.302557
[e276 s0200/1030] loss = 1.222926
[e276 s0250/1030] loss = 1.143713
[e276 s0300/1030] loss = 1.089882
[e276 s0350/1030] loss = 1.083265
[e276 s0400/1030] loss = 1.033694
[e276 s0450/1030] loss = 0.994218
[e276 s0500/1030] loss = 0.980914
[e276 s0550/1030] loss = 0.964412
[e276 s0600/1030] loss = 0.946297
[e276 s0650/1030] loss = 0.917986
[e276 s0700/1030] loss = 0.910436
[e276 s0750/1030] loss = 0.884767
[e276 s0800/1030] loss = 0.877989
[e276 s0850/1030] loss = 0.882787
[e276 s0900/1030] loss = 0.883941
[e276 s0950/1030] loss = 0.912016
[e276 s1000/1030] loss = 0.911088
Epoch 276: train_loss = 0.906471  MAE/GAME0 = 10.236  RMSE = 25.216  GAME1 = 11.883  GAME2 = 14.129  GAME3 = 15.371  lr = 1.00e-05  time = 16.4s
[e277 s0001/1030] loss = 0.774243
[e277 s0050/1030] loss = 0.553122
[e277 s0100/1030] loss = 0.680347
[e277 s0150/1030] loss = 0.652460
[e277 s0200/1030] loss = 0.794033
[e277 s0250/1030] loss = 0.769464
[e277 s0300/1030] loss = 0.812002
[e277 s0350/1030] loss = 0.864719
[e277 s0400/1030] loss = 0.832040
[e277 s0450/1030] loss = 0.894975
[e277 s0500/1030] loss = 1.073564
[e277 s0550/1030] loss = 1.108183
[e277 s0600/1030] loss = 1.131158
[e277 s0650/1030] loss = 1.110952
[e277 s0700/1030] loss = 1.085523
[e277 s0750/1030] loss = 1.192193
[e277 s0800/1030] loss = 1.257742
[e277 s0850/1030] loss = 1.264196
[e277 s0900/1030] loss = 1.268231
[e277 s0950/1030] loss = 1.296436
[e277 s1000/1030] loss = 1.333030
Epoch 277: train_loss = 1.331246  MAE/GAME0 = 10.711  RMSE = 31.522  GAME1 = 12.642  GAME2 = 15.016  GAME3 = 16.514  lr = 1.00e-05  time = 14.8s
[e278 s0001/1030] loss = 1.143580
[e278 s0050/1030] loss = 1.003900
[e278 s0100/1030] loss = 1.022573
[e278 s0150/1030] loss = 1.100360
[e278 s0200/1030] loss = 1.048776
[e278 s0250/1030] loss = 1.329531
[e278 s0300/1030] loss = 1.535181
[e278 s0350/1030] loss = 1.550593
[e278 s0400/1030] loss = 1.571504
[e278 s0450/1030] loss = 1.489876
[e278 s0500/1030] loss = 1.481853
[e278 s0550/1030] loss = 1.509675
[e278 s0600/1030] loss = 1.444455
[e278 s0650/1030] loss = 1.396396
[e278 s0700/1030] loss = 1.344168
[e278 s0750/1030] loss = 1.326102
[e278 s0800/1030] loss = 1.340896
[e278 s0850/1030] loss = 1.296064
[e278 s0900/1030] loss = 1.289226
[e278 s0950/1030] loss = 1.259652
[e278 s1000/1030] loss = 1.258926
Epoch 278: train_loss = 1.288482  MAE/GAME0 = 10.080  RMSE = 26.265  GAME1 = 11.837  GAME2 = 14.012  GAME3 = 15.326  lr = 1.00e-05  time = 12.9s
[e279 s0001/1030] loss = 0.146553
[e279 s0050/1030] loss = 0.895296
[e279 s0100/1030] loss = 0.748187
[e279 s0150/1030] loss = 0.922568
[e279 s0200/1030] loss = 0.844087
[e279 s0250/1030] loss = 0.876374
[e279 s0300/1030] loss = 0.941439
[e279 s0350/1030] loss = 0.923272
[e279 s0400/1030] loss = 0.992606
[e279 s0450/1030] loss = 1.018262
[e279 s0500/1030] loss = 1.160053
[e279 s0550/1030] loss = 1.142703
[e279 s0600/1030] loss = 1.102563
[e279 s0650/1030] loss = 1.080195
[e279 s0700/1030] loss = 1.113033
[e279 s0750/1030] loss = 1.164504
[e279 s0800/1030] loss = 1.123470
[e279 s0850/1030] loss = 1.128874
[e279 s0900/1030] loss = 1.132158
[e279 s0950/1030] loss = 1.101154
[e279 s1000/1030] loss = 1.083159
Epoch 279: train_loss = 1.080037  MAE/GAME0 = 8.322  RMSE = 18.123  GAME1 = 10.539  GAME2 = 12.590  GAME3 = 13.623  lr = 1.00e-05  time = 12.8s
[e280 s0001/1030] loss = 0.043500
[e280 s0050/1030] loss = 0.782797
[e280 s0100/1030] loss = 0.683348
[e280 s0150/1030] loss = 1.059987
[e280 s0200/1030] loss = 1.054649
[e280 s0250/1030] loss = 0.959593
[e280 s0300/1030] loss = 0.939339
[e280 s0350/1030] loss = 0.945760
[e280 s0400/1030] loss = 0.942567
[e280 s0450/1030] loss = 0.926828
[e280 s0500/1030] loss = 0.904947
[e280 s0550/1030] loss = 0.897535
[e280 s0600/1030] loss = 0.968032
[e280 s0650/1030] loss = 0.949847
[e280 s0700/1030] loss = 0.957443
[e280 s0750/1030] loss = 1.025867
[e280 s0800/1030] loss = 1.017235
[e280 s0850/1030] loss = 1.013290
[e280 s0900/1030] loss = 1.053456
[e280 s0950/1030] loss = 1.055883
[e280 s1000/1030] loss = 1.050310
Epoch 280: train_loss = 1.043150  MAE/GAME0 = 8.442  RMSE = 18.182  GAME1 = 11.037  GAME2 = 13.107  GAME3 = 14.156  lr = 1.00e-05  time = 12.9s
[e281 s0001/1030] loss = 0.308469
[e281 s0050/1030] loss = 0.710068
[e281 s0100/1030] loss = 1.589432
[e281 s0150/1030] loss = 1.394864
[e281 s0200/1030] loss = 1.215884
[e281 s0250/1030] loss = 1.226609
[e281 s0300/1030] loss = 1.167948
[e281 s0350/1030] loss = 1.158781
[e281 s0400/1030] loss = 1.297677
[e281 s0450/1030] loss = 1.222766
[e281 s0500/1030] loss = 1.179777
[e281 s0550/1030] loss = 1.259678
[e281 s0600/1030] loss = 1.383571
[e281 s0650/1030] loss = 1.381392
[e281 s0700/1030] loss = 1.333311
[e281 s0750/1030] loss = 1.320427
[e281 s0800/1030] loss = 1.299636
[e281 s0850/1030] loss = 1.280540
[e281 s0900/1030] loss = 1.271935
[e281 s0950/1030] loss = 1.304546
[e281 s1000/1030] loss = 1.270349
Epoch 281: train_loss = 1.255428  MAE/GAME0 = 9.887  RMSE = 25.670  GAME1 = 11.575  GAME2 = 13.651  GAME3 = 14.920  lr = 1.00e-05  time = 12.8s
[e282 s0001/1030] loss = 0.104987
[e282 s0050/1030] loss = 0.684847
[e282 s0100/1030] loss = 0.703987
[e282 s0150/1030] loss = 0.749480
[e282 s0200/1030] loss = 0.909717
[e282 s0250/1030] loss = 0.922208
[e282 s0300/1030] loss = 0.898111
[e282 s0350/1030] loss = 0.936224
[e282 s0400/1030] loss = 0.916109
[e282 s0450/1030] loss = 1.106744
[e282 s0500/1030] loss = 1.074610
[e282 s0550/1030] loss = 1.042319
[e282 s0600/1030] loss = 1.013715
[e282 s0650/1030] loss = 1.000374
[e282 s0700/1030] loss = 0.982129
[e282 s0750/1030] loss = 0.975250
[e282 s0800/1030] loss = 0.968400
[e282 s0850/1030] loss = 0.969098
[e282 s0900/1030] loss = 0.948116
[e282 s0950/1030] loss = 0.953466
[e282 s1000/1030] loss = 0.943379
Epoch 282: train_loss = 0.935596  MAE/GAME0 = 8.620  RMSE = 20.338  GAME1 = 10.721  GAME2 = 12.785  GAME3 = 13.747  lr = 1.00e-05  time = 13.0s
[e283 s0001/1030] loss = 1.406175
[e283 s0050/1030] loss = 1.257516
[e283 s0100/1030] loss = 1.171974
[e283 s0150/1030] loss = 1.152743
[e283 s0200/1030] loss = 1.016804
[e283 s0250/1030] loss = 1.059243
[e283 s0300/1030] loss = 1.021040
[e283 s0350/1030] loss = 1.122605
[e283 s0400/1030] loss = 1.101387
[e283 s0450/1030] loss = 1.051286
[e283 s0500/1030] loss = 1.042212
[e283 s0550/1030] loss = 1.028613
[e283 s0600/1030] loss = 1.020400
[e283 s0650/1030] loss = 0.991065
[e283 s0700/1030] loss = 0.973501
[e283 s0750/1030] loss = 0.945337
[e283 s0800/1030] loss = 0.940118
[e283 s0850/1030] loss = 0.928975
[e283 s0900/1030] loss = 0.986702
[e283 s0950/1030] loss = 1.010096
[e283 s1000/1030] loss = 0.993771
Epoch 283: train_loss = 0.983098  MAE/GAME0 = 9.173  RMSE = 24.878  GAME1 = 10.978  GAME2 = 13.147  GAME3 = 14.344  lr = 1.00e-05  time = 12.9s
[e284 s0001/1030] loss = 0.070429
[e284 s0050/1030] loss = 1.101176
[e284 s0100/1030] loss = 0.964108
[e284 s0150/1030] loss = 1.144694
[e284 s0200/1030] loss = 1.088889
[e284 s0250/1030] loss = 1.019788
[e284 s0300/1030] loss = 1.272799
[e284 s0350/1030] loss = 1.176879
[e284 s0400/1030] loss = 1.146458
[e284 s0450/1030] loss = 1.127203
[e284 s0500/1030] loss = 1.150536
[e284 s0550/1030] loss = 1.094291
[e284 s0600/1030] loss = 1.088968
[e284 s0650/1030] loss = 1.072118
[e284 s0700/1030] loss = 1.103818
[e284 s0750/1030] loss = 1.084884
[e284 s0800/1030] loss = 1.089000
[e284 s0850/1030] loss = 1.101782
[e284 s0900/1030] loss = 1.084623
[e284 s0950/1030] loss = 1.072141
[e284 s1000/1030] loss = 1.054320
Epoch 284: train_loss = 1.051087  MAE/GAME0 = 8.900  RMSE = 20.616  GAME1 = 10.717  GAME2 = 13.005  GAME3 = 14.164  lr = 1.00e-05  time = 13.4s
[e285 s0001/1030] loss = 0.339812
[e285 s0050/1030] loss = 0.759036
[e285 s0100/1030] loss = 0.821108
[e285 s0150/1030] loss = 0.890341
[e285 s0200/1030] loss = 1.263670
[e285 s0250/1030] loss = 1.153818
[e285 s0300/1030] loss = 1.109650
[e285 s0350/1030] loss = 1.064418
[e285 s0400/1030] loss = 1.081388
[e285 s0450/1030] loss = 1.016849
[e285 s0500/1030] loss = 1.040162
[e285 s0550/1030] loss = 1.028571
[e285 s0600/1030] loss = 1.074828
[e285 s0650/1030] loss = 1.053975
[e285 s0700/1030] loss = 1.023680
[e285 s0750/1030] loss = 1.053944
[e285 s0800/1030] loss = 1.034464
[e285 s0850/1030] loss = 1.028029
[e285 s0900/1030] loss = 1.027628
[e285 s0950/1030] loss = 1.003799
[e285 s1000/1030] loss = 1.026726
Epoch 285: train_loss = 1.018259  MAE/GAME0 = 10.920  RMSE = 32.186  GAME1 = 12.631  GAME2 = 14.824  GAME3 = 16.016  lr = 1.00e-05  time = 13.0s
[e286 s0001/1030] loss = 0.020137
[e286 s0050/1030] loss = 0.578169
[e286 s0100/1030] loss = 1.053062
[e286 s0150/1030] loss = 0.934160
[e286 s0200/1030] loss = 0.956241
[e286 s0250/1030] loss = 0.897632
[e286 s0300/1030] loss = 0.867492
[e286 s0350/1030] loss = 0.849402
[e286 s0400/1030] loss = 0.852202
[e286 s0450/1030] loss = 0.869762
[e286 s0500/1030] loss = 0.883333
[e286 s0550/1030] loss = 0.852430
[e286 s0600/1030] loss = 0.860850
[e286 s0650/1030] loss = 0.901461
[e286 s0700/1030] loss = 0.906398
[e286 s0750/1030] loss = 0.923083
[e286 s0800/1030] loss = 0.905797
[e286 s0850/1030] loss = 0.948922
[e286 s0900/1030] loss = 0.958809
[e286 s0950/1030] loss = 0.952304
[e286 s1000/1030] loss = 1.130357
Epoch 286: train_loss = 1.118108  MAE/GAME0 = 10.093  RMSE = 31.480  GAME1 = 11.966  GAME2 = 13.908  GAME3 = 15.097  lr = 1.00e-05  time = 13.1s
[e287 s0001/1030] loss = 0.046328
[e287 s0050/1030] loss = 0.961380
[e287 s0100/1030] loss = 0.994913
[e287 s0150/1030] loss = 0.969874
[e287 s0200/1030] loss = 0.925328
[e287 s0250/1030] loss = 1.021846
[e287 s0300/1030] loss = 1.009340
[e287 s0350/1030] loss = 1.005828
[e287 s0400/1030] loss = 1.028989
[e287 s0450/1030] loss = 1.006030
[e287 s0500/1030] loss = 1.023140
[e287 s0550/1030] loss = 1.031050
[e287 s0600/1030] loss = 0.989000
[e287 s0650/1030] loss = 1.004295
[e287 s0700/1030] loss = 1.017192
[e287 s0750/1030] loss = 1.454671
[e287 s0800/1030] loss = 1.476531
[e287 s0850/1030] loss = 1.435852
[e287 s0900/1030] loss = 1.392149
[e287 s0950/1030] loss = 1.376591
[e287 s1000/1030] loss = 1.358085
Epoch 287: train_loss = 1.339070  MAE/GAME0 = 9.304  RMSE = 21.138  GAME1 = 11.541  GAME2 = 13.896  GAME3 = 15.043  lr = 1.00e-05  time = 12.8s
[e288 s0001/1030] loss = 26.651064
[e288 s0050/1030] loss = 1.409833
[e288 s0100/1030] loss = 1.073557
[e288 s0150/1030] loss = 0.941811
[e288 s0200/1030] loss = 0.924390
[e288 s0250/1030] loss = 1.336516
[e288 s0300/1030] loss = 1.470486
[e288 s0350/1030] loss = 1.377514
[e288 s0400/1030] loss = 1.354647
[e288 s0450/1030] loss = 1.272781
[e288 s0500/1030] loss = 1.229180
[e288 s0550/1030] loss = 1.177027
[e288 s0600/1030] loss = 1.134590
[e288 s0650/1030] loss = 1.121432
[e288 s0700/1030] loss = 1.141210
[e288 s0750/1030] loss = 1.120881
[e288 s0800/1030] loss = 1.121405
[e288 s0850/1030] loss = 1.136096
[e288 s0900/1030] loss = 1.116811
[e288 s0950/1030] loss = 1.088884
[e288 s1000/1030] loss = 1.069765
Epoch 288: train_loss = 1.067028  MAE/GAME0 = 8.588  RMSE = 20.310  GAME1 = 10.743  GAME2 = 12.681  GAME3 = 13.734  lr = 1.00e-05  time = 13.2s
[e289 s0001/1030] loss = 0.783394
[e289 s0050/1030] loss = 1.757073
[e289 s0100/1030] loss = 1.250357
[e289 s0150/1030] loss = 1.131188
[e289 s0200/1030] loss = 1.070202
[e289 s0250/1030] loss = 1.010730
[e289 s0300/1030] loss = 1.080483
[e289 s0350/1030] loss = 1.051576
[e289 s0400/1030] loss = 1.025273
[e289 s0450/1030] loss = 1.011654
[e289 s0500/1030] loss = 0.982830
[e289 s0550/1030] loss = 1.024454
[e289 s0600/1030] loss = 1.031197
[e289 s0650/1030] loss = 1.006804
[e289 s0700/1030] loss = 1.005009
[e289 s0750/1030] loss = 0.993492
[e289 s0800/1030] loss = 1.038932
[e289 s0850/1030] loss = 1.031748
[e289 s0900/1030] loss = 1.074805
[e289 s0950/1030] loss = 1.139465
[e289 s1000/1030] loss = 1.142724
Epoch 289: train_loss = 1.130807  MAE/GAME0 = 9.276  RMSE = 24.633  GAME1 = 11.130  GAME2 = 13.158  GAME3 = 14.238  lr = 1.00e-05  time = 13.0s
[e290 s0001/1030] loss = 0.940477
[e290 s0050/1030] loss = 6.135122
[e290 s0100/1030] loss = 3.905206
[e290 s0150/1030] loss = 2.893512
[e290 s0200/1030] loss = 2.399326
[e290 s0250/1030] loss = 2.111831
[e290 s0300/1030] loss = 1.917610
[e290 s0350/1030] loss = 1.838104
[e290 s0400/1030] loss = 1.744731
[e290 s0450/1030] loss = 1.696179
[e290 s0500/1030] loss = 1.661193
[e290 s0550/1030] loss = 1.547128
[e290 s0600/1030] loss = 1.456496
[e290 s0650/1030] loss = 1.395831
[e290 s0700/1030] loss = 1.356699
[e290 s0750/1030] loss = 1.337346
[e290 s0800/1030] loss = 1.302287
[e290 s0850/1030] loss = 1.256633
[e290 s0900/1030] loss = 1.257215
[e290 s0950/1030] loss = 1.229777
[e290 s1000/1030] loss = 1.219508
Epoch 290: train_loss = 1.201086  MAE/GAME0 = 9.265  RMSE = 27.166  GAME1 = 10.868  GAME2 = 12.952  GAME3 = 14.070  lr = 1.00e-05  time = 12.9s
[e291 s0001/1030] loss = 0.473106
[e291 s0050/1030] loss = 1.067666
[e291 s0100/1030] loss = 0.912424
[e291 s0150/1030] loss = 0.849116
[e291 s0200/1030] loss = 0.850346
[e291 s0250/1030] loss = 0.829789
[e291 s0300/1030] loss = 0.796300
[e291 s0350/1030] loss = 0.775545
[e291 s0400/1030] loss = 0.774175
[e291 s0450/1030] loss = 0.855909
[e291 s0500/1030] loss = 0.921175
[e291 s0550/1030] loss = 0.905984
[e291 s0600/1030] loss = 0.897743
[e291 s0650/1030] loss = 0.878506
[e291 s0700/1030] loss = 0.862524
[e291 s0750/1030] loss = 0.866898
[e291 s0800/1030] loss = 0.863210
[e291 s0850/1030] loss = 0.871348
[e291 s0900/1030] loss = 0.943987
[e291 s0950/1030] loss = 0.941467
[e291 s1000/1030] loss = 0.942073
Epoch 291: train_loss = 0.956377  MAE/GAME0 = 8.627  RMSE = 19.247  GAME1 = 11.206  GAME2 = 13.466  GAME3 = 14.540  lr = 1.00e-05  time = 13.0s
[e292 s0001/1030] loss = 0.812942
[e292 s0050/1030] loss = 0.973577
[e292 s0100/1030] loss = 1.009057
[e292 s0150/1030] loss = 1.034059
[e292 s0200/1030] loss = 0.975173
[e292 s0250/1030] loss = 1.046671
[e292 s0300/1030] loss = 0.966706
[e292 s0350/1030] loss = 0.957111
[e292 s0400/1030] loss = 1.053221
[e292 s0450/1030] loss = 1.026478
[e292 s0500/1030] loss = 1.055237
[e292 s0550/1030] loss = 1.072576
[e292 s0600/1030] loss = 1.071783
[e292 s0650/1030] loss = 1.109212
[e292 s0700/1030] loss = 1.115327
[e292 s0750/1030] loss = 1.095127
[e292 s0800/1030] loss = 1.072693
[e292 s0850/1030] loss = 1.132478
[e292 s0900/1030] loss = 1.124750
[e292 s0950/1030] loss = 1.098721
[e292 s1000/1030] loss = 1.071536
Epoch 292: train_loss = 1.086881  MAE/GAME0 = 9.970  RMSE = 21.458  GAME1 = 12.171  GAME2 = 14.431  GAME3 = 15.515  lr = 1.00e-05  time = 12.9s
[e293 s0001/1030] loss = 7.678875
[e293 s0050/1030] loss = 1.049214
[e293 s0100/1030] loss = 0.785286
[e293 s0150/1030] loss = 0.792928
[e293 s0200/1030] loss = 0.871915
[e293 s0250/1030] loss = 0.943719
[e293 s0300/1030] loss = 1.173679
[e293 s0350/1030] loss = 1.144445
[e293 s0400/1030] loss = 1.100102
[e293 s0450/1030] loss = 1.052045
[e293 s0500/1030] loss = 1.062921
[e293 s0550/1030] loss = 1.078777
[e293 s0600/1030] loss = 1.030649
[e293 s0650/1030] loss = 1.004836
[e293 s0700/1030] loss = 0.982468
[e293 s0750/1030] loss = 1.001040
[e293 s0800/1030] loss = 0.983579
[e293 s0850/1030] loss = 0.969722
[e293 s0900/1030] loss = 0.953073
[e293 s0950/1030] loss = 0.961090
[e293 s1000/1030] loss = 1.082917
Epoch 293: train_loss = 1.082942  MAE/GAME0 = 8.391  RMSE = 16.201  GAME1 = 11.420  GAME2 = 13.680  GAME3 = 14.724  lr = 1.00e-05  time = 13.0s
[e294 s0001/1030] loss = 0.130315
[e294 s0050/1030] loss = 0.864740
[e294 s0100/1030] loss = 0.929931
[e294 s0150/1030] loss = 1.118180
[e294 s0200/1030] loss = 1.040912
[e294 s0250/1030] loss = 0.949848
[e294 s0300/1030] loss = 1.039437
[e294 s0350/1030] loss = 1.055520
[e294 s0400/1030] loss = 1.063822
[e294 s0450/1030] loss = 1.061361
[e294 s0500/1030] loss = 1.041395
[e294 s0550/1030] loss = 1.049524
[e294 s0600/1030] loss = 1.091439
[e294 s0650/1030] loss = 1.136372
[e294 s0700/1030] loss = 1.354823
[e294 s0750/1030] loss = 1.347102
[e294 s0800/1030] loss = 1.330367
[e294 s0850/1030] loss = 1.318560
[e294 s0900/1030] loss = 1.307173
[e294 s0950/1030] loss = 1.312946
[e294 s1000/1030] loss = 1.290580
Epoch 294: train_loss = 1.278385  MAE/GAME0 = 8.284  RMSE = 17.545  GAME1 = 10.725  GAME2 = 12.648  GAME3 = 13.624  lr = 1.00e-05  time = 13.0s
[e295 s0001/1030] loss = 0.278568
[e295 s0050/1030] loss = 1.286731
[e295 s0100/1030] loss = 0.952929
[e295 s0150/1030] loss = 0.830644
[e295 s0200/1030] loss = 0.837654
[e295 s0250/1030] loss = 0.928211
[e295 s0300/1030] loss = 0.928317
[e295 s0350/1030] loss = 0.954212
[e295 s0400/1030] loss = 0.995987
[e295 s0450/1030] loss = 0.974829
[e295 s0500/1030] loss = 0.988808
[e295 s0550/1030] loss = 0.991205
[e295 s0600/1030] loss = 1.149803
[e295 s0650/1030] loss = 1.149997
[e295 s0700/1030] loss = 1.122801
[e295 s0750/1030] loss = 1.114693
[e295 s0800/1030] loss = 1.089118
[e295 s0850/1030] loss = 1.100889
[e295 s0900/1030] loss = 1.075100
[e295 s0950/1030] loss = 1.058919
[e295 s1000/1030] loss = 1.057339
Epoch 295: train_loss = 1.067331  MAE/GAME0 = 7.766  RMSE = 14.908  GAME1 = 10.714  GAME2 = 12.854  GAME3 = 13.791  lr = 1.00e-05  time = 13.2s
[e296 s0001/1030] loss = 0.145496
[e296 s0050/1030] loss = 1.080593
[e296 s0100/1030] loss = 1.146337
[e296 s0150/1030] loss = 1.111189
[e296 s0200/1030] loss = 1.039554
[e296 s0250/1030] loss = 1.413656
[e296 s0300/1030] loss = 1.295216
[e296 s0350/1030] loss = 1.216417
[e296 s0400/1030] loss = 1.166849
[e296 s0450/1030] loss = 1.139734
[e296 s0500/1030] loss = 1.113648
[e296 s0550/1030] loss = 1.104578
[e296 s0600/1030] loss = 1.091411
[e296 s0650/1030] loss = 1.039710
[e296 s0700/1030] loss = 1.038448
[e296 s0750/1030] loss = 1.048441
[e296 s0800/1030] loss = 1.040231
[e296 s0850/1030] loss = 1.048334
[e296 s0900/1030] loss = 1.046760
[e296 s0950/1030] loss = 1.037420
[e296 s1000/1030] loss = 1.019214
Epoch 296: train_loss = 1.029420  MAE/GAME0 = 9.245  RMSE = 21.053  GAME1 = 11.437  GAME2 = 13.558  GAME3 = 14.648  lr = 1.00e-05  time = 12.9s
[e297 s0001/1030] loss = 3.188386
[e297 s0050/1030] loss = 0.596892
[e297 s0100/1030] loss = 0.636919
[e297 s0150/1030] loss = 0.858324
[e297 s0200/1030] loss = 0.940577
[e297 s0250/1030] loss = 1.368799
[e297 s0300/1030] loss = 1.279841
[e297 s0350/1030] loss = 1.213123
[e297 s0400/1030] loss = 1.141985
[e297 s0450/1030] loss = 1.117028
[e297 s0500/1030] loss = 1.140504
[e297 s0550/1030] loss = 1.123196
[e297 s0600/1030] loss = 1.127513
[e297 s0650/1030] loss = 1.144233
[e297 s0700/1030] loss = 1.122119
[e297 s0750/1030] loss = 1.171529
[e297 s0800/1030] loss = 1.196984
[e297 s0850/1030] loss = 1.241394
[e297 s0900/1030] loss = 1.239443
[e297 s0950/1030] loss = 1.229330
[e297 s1000/1030] loss = 1.257809
Epoch 297: train_loss = 1.239050  MAE/GAME0 = 8.800  RMSE = 23.253  GAME1 = 10.930  GAME2 = 12.938  GAME3 = 13.894  lr = 1.00e-05  time = 13.2s
[e298 s0001/1030] loss = 0.335582
[e298 s0050/1030] loss = 1.341346
[e298 s0100/1030] loss = 1.115416
[e298 s0150/1030] loss = 0.984472
[e298 s0200/1030] loss = 0.932017
[e298 s0250/1030] loss = 0.865241
[e298 s0300/1030] loss = 1.393302
[e298 s0350/1030] loss = 1.347547
[e298 s0400/1030] loss = 1.331208
[e298 s0450/1030] loss = 1.277113
[e298 s0500/1030] loss = 1.232200
[e298 s0550/1030] loss = 1.233738
[e298 s0600/1030] loss = 1.189220
[e298 s0650/1030] loss = 1.281634
[e298 s0700/1030] loss = 1.249805
[e298 s0750/1030] loss = 1.214932
[e298 s0800/1030] loss = 1.185282
[e298 s0850/1030] loss = 1.167059
[e298 s0900/1030] loss = 1.146581
[e298 s0950/1030] loss = 1.134132
[e298 s1000/1030] loss = 1.139397
Epoch 298: train_loss = 1.135860  MAE/GAME0 = 8.915  RMSE = 18.607  GAME1 = 11.341  GAME2 = 13.605  GAME3 = 14.705  lr = 1.00e-05  time = 12.9s
[e299 s0001/1030] loss = 0.475486
[e299 s0050/1030] loss = 0.939797
[e299 s0100/1030] loss = 1.095259
[e299 s0150/1030] loss = 1.426283
[e299 s0200/1030] loss = 1.372976
[e299 s0250/1030] loss = 1.225033
[e299 s0300/1030] loss = 1.124534
[e299 s0350/1030] loss = 1.049594
[e299 s0400/1030] loss = 1.027406
[e299 s0450/1030] loss = 1.092455
[e299 s0500/1030] loss = 1.056260
[e299 s0550/1030] loss = 1.009724
[e299 s0600/1030] loss = 0.990220
[e299 s0650/1030] loss = 1.083568
[e299 s0700/1030] loss = 1.065940
[e299 s0750/1030] loss = 1.055638
[e299 s0800/1030] loss = 1.062605
[e299 s0850/1030] loss = 1.046328
[e299 s0900/1030] loss = 1.026508
[e299 s0950/1030] loss = 1.110300
[e299 s1000/1030] loss = 1.104621
Epoch 299: train_loss = 1.094392  MAE/GAME0 = 10.990  RMSE = 31.184  GAME1 = 12.576  GAME2 = 14.728  GAME3 = 15.838  lr = 1.00e-05  time = 17.4s
[e300 s0001/1030] loss = 0.969009
[e300 s0050/1030] loss = 1.040841
[e300 s0100/1030] loss = 0.750620
[e300 s0150/1030] loss = 0.814191
[e300 s0200/1030] loss = 0.830118
[e300 s0250/1030] loss = 0.818883
[e300 s0300/1030] loss = 0.890978
[e300 s0350/1030] loss = 0.883595
[e300 s0400/1030] loss = 0.896967
[e300 s0450/1030] loss = 0.901857
[e300 s0500/1030] loss = 0.936189
[e300 s0550/1030] loss = 0.895847
[e300 s0600/1030] loss = 1.220450
[e300 s0650/1030] loss = 1.198309
[e300 s0700/1030] loss = 1.166721
[e300 s0750/1030] loss = 1.203459
[e300 s0800/1030] loss = 1.188228
[e300 s0850/1030] loss = 1.173003
[e300 s0900/1030] loss = 1.158211
[e300 s0950/1030] loss = 1.150979
[e300 s1000/1030] loss = 1.150344
Epoch 300: train_loss = 1.148962  MAE/GAME0 = 10.374  RMSE = 31.526  GAME1 = 12.360  GAME2 = 14.270  GAME3 = 15.422  lr = 1.00e-05  time = 13.0s
[e301 s0001/1030] loss = 0.446854
[e301 s0050/1030] loss = 0.927699
[e301 s0100/1030] loss = 1.244833
[e301 s0150/1030] loss = 1.137945
[e301 s0200/1030] loss = 1.269273
[e301 s0250/1030] loss = 1.391272
[e301 s0300/1030] loss = 1.335794
[e301 s0350/1030] loss = 1.221267
[e301 s0400/1030] loss = 1.140664
[e301 s0450/1030] loss = 1.118070
[e301 s0500/1030] loss = 1.195771
[e301 s0550/1030] loss = 1.151676
[e301 s0600/1030] loss = 1.153364
[e301 s0650/1030] loss = 1.192994
[e301 s0700/1030] loss = 1.185955
[e301 s0750/1030] loss = 1.156488
[e301 s0800/1030] loss = 1.111972
[e301 s0850/1030] loss = 1.083674
[e301 s0900/1030] loss = 1.060550
[e301 s0950/1030] loss = 1.062055
[e301 s1000/1030] loss = 1.119576
Epoch 301: train_loss = 1.128185  MAE/GAME0 = 10.074  RMSE = 30.067  GAME1 = 11.773  GAME2 = 13.705  GAME3 = 14.790  lr = 1.00e-05  time = 13.0s
[e302 s0001/1030] loss = 0.026568
[e302 s0050/1030] loss = 0.984355
[e302 s0100/1030] loss = 1.062922
[e302 s0150/1030] loss = 0.870984
[e302 s0200/1030] loss = 0.846662
[e302 s0250/1030] loss = 1.012300
[e302 s0300/1030] loss = 0.941319
[e302 s0350/1030] loss = 0.996335
[e302 s0400/1030] loss = 1.268941
[e302 s0450/1030] loss = 1.250398
[e302 s0500/1030] loss = 1.288054
[e302 s0550/1030] loss = 1.237183
[e302 s0600/1030] loss = 1.201784
[e302 s0650/1030] loss = 1.182513
[e302 s0700/1030] loss = 1.148205
[e302 s0750/1030] loss = 1.152531
[e302 s0800/1030] loss = 1.133610
[e302 s0850/1030] loss = 1.154673
[e302 s0900/1030] loss = 1.142135
[e302 s0950/1030] loss = 1.117597
[e302 s1000/1030] loss = 1.104739
Epoch 302: train_loss = 1.122231  MAE/GAME0 = 20.604  RMSE = 27.984  GAME1 = 21.823  GAME2 = 23.343  GAME3 = 24.393  lr = 1.00e-05  time = 13.0s
[e303 s0001/1030] loss = 3.506667
[e303 s0050/1030] loss = 1.141495
[e303 s0100/1030] loss = 0.940263
[e303 s0150/1030] loss = 1.005118
[e303 s0200/1030] loss = 1.005367
[e303 s0250/1030] loss = 0.980681
[e303 s0300/1030] loss = 0.920265
[e303 s0350/1030] loss = 0.880671
[e303 s0400/1030] loss = 1.057862
[e303 s0450/1030] loss = 1.033820
[e303 s0500/1030] loss = 0.995155
[e303 s0550/1030] loss = 1.003204
[e303 s0600/1030] loss = 0.977842
[e303 s0650/1030] loss = 0.943136
[e303 s0700/1030] loss = 0.926006
[e303 s0750/1030] loss = 0.944910
[e303 s0800/1030] loss = 0.934851
[e303 s0850/1030] loss = 0.936603
[e303 s0900/1030] loss = 0.969314
[e303 s0950/1030] loss = 0.974564
[e303 s1000/1030] loss = 0.977168
Epoch 303: train_loss = 0.966184  MAE/GAME0 = 8.545  RMSE = 20.751  GAME1 = 10.546  GAME2 = 12.476  GAME3 = 13.387  lr = 1.00e-05  time = 13.1s
[e304 s0001/1030] loss = 0.883980
[e304 s0050/1030] loss = 0.908056
[e304 s0100/1030] loss = 1.187898
[e304 s0150/1030] loss = 1.113538
[e304 s0200/1030] loss = 1.337041
[e304 s0250/1030] loss = 1.212460
[e304 s0300/1030] loss = 1.854437
[e304 s0350/1030] loss = 1.767878
[e304 s0400/1030] loss = 1.665269
[e304 s0450/1030] loss = 1.586383
[e304 s0500/1030] loss = 1.485212
[e304 s0550/1030] loss = 1.444020
[e304 s0600/1030] loss = 1.397658
[e304 s0650/1030] loss = 1.343164
[e304 s0700/1030] loss = 1.352512
[e304 s0750/1030] loss = 1.312669
[e304 s0800/1030] loss = 1.320678
[e304 s0850/1030] loss = 1.313277
[e304 s0900/1030] loss = 1.302105
[e304 s0950/1030] loss = 1.284590
[e304 s1000/1030] loss = 1.245911
Epoch 304: train_loss = 1.242283  MAE/GAME0 = 8.665  RMSE = 22.379  GAME1 = 10.668  GAME2 = 12.741  GAME3 = 13.734  lr = 1.00e-05  time = 13.0s
[e305 s0001/1030] loss = 2.023243
[e305 s0050/1030] loss = 0.671478
[e305 s0100/1030] loss = 0.938727
[e305 s0150/1030] loss = 0.956173
[e305 s0200/1030] loss = 1.013020
[e305 s0250/1030] loss = 1.604553
[e305 s0300/1030] loss = 1.479139
[e305 s0350/1030] loss = 1.394699
[e305 s0400/1030] loss = 1.333702
[e305 s0450/1030] loss = 1.286720
[e305 s0500/1030] loss = 1.216985
[e305 s0550/1030] loss = 1.201416
[e305 s0600/1030] loss = 1.205421
[e305 s0650/1030] loss = 1.176434
[e305 s0700/1030] loss = 1.158801
[e305 s0750/1030] loss = 1.160933
[e305 s0800/1030] loss = 1.146997
[e305 s0850/1030] loss = 1.124723
[e305 s0900/1030] loss = 1.102342
[e305 s0950/1030] loss = 1.091241
[e305 s1000/1030] loss = 1.078801
Epoch 305: train_loss = 1.076705  MAE/GAME0 = 8.227  RMSE = 17.194  GAME1 = 10.415  GAME2 = 12.546  GAME3 = 13.547  lr = 1.00e-05  time = 12.9s
[e306 s0001/1030] loss = 1.678166
[e306 s0050/1030] loss = 1.125952
[e306 s0100/1030] loss = 1.181789
[e306 s0150/1030] loss = 1.149617
[e306 s0200/1030] loss = 1.052429
[e306 s0250/1030] loss = 1.075027
[e306 s0300/1030] loss = 1.026254
[e306 s0350/1030] loss = 1.093720
[e306 s0400/1030] loss = 1.048893
[e306 s0450/1030] loss = 1.039406
[e306 s0500/1030] loss = 0.997248
[e306 s0550/1030] loss = 1.036460
[e306 s0600/1030] loss = 1.017907
[e306 s0650/1030] loss = 0.983797
[e306 s0700/1030] loss = 0.998243
[e306 s0750/1030] loss = 1.046285
[e306 s0800/1030] loss = 1.041583
[e306 s0850/1030] loss = 1.086146
[e306 s0900/1030] loss = 1.078447
[e306 s0950/1030] loss = 1.077395
[e306 s1000/1030] loss = 1.076062
Epoch 306: train_loss = 1.070446  MAE/GAME0 = 8.566  RMSE = 22.319  GAME1 = 10.491  GAME2 = 12.583  GAME3 = 13.544  lr = 1.00e-05  time = 13.7s
[e307 s0001/1030] loss = 2.083388
[e307 s0050/1030] loss = 1.187543
[e307 s0100/1030] loss = 0.899750
[e307 s0150/1030] loss = 0.738121
[e307 s0200/1030] loss = 0.701374
[e307 s0250/1030] loss = 0.746905
[e307 s0300/1030] loss = 0.809684
[e307 s0350/1030] loss = 0.782985
[e307 s0400/1030] loss = 0.777215
[e307 s0450/1030] loss = 0.833758
[e307 s0500/1030] loss = 0.813860
[e307 s0550/1030] loss = 0.814914
[e307 s0600/1030] loss = 0.849749
[e307 s0650/1030] loss = 0.887404
[e307 s0700/1030] loss = 0.873310
[e307 s0750/1030] loss = 0.894607
[e307 s0800/1030] loss = 0.916025
[e307 s0850/1030] loss = 0.980801
[e307 s0900/1030] loss = 0.974617
[e307 s0950/1030] loss = 0.960630
[e307 s1000/1030] loss = 0.940400
Epoch 307: train_loss = 0.939585  MAE/GAME0 = 8.350  RMSE = 17.501  GAME1 = 11.105  GAME2 = 13.222  GAME3 = 14.230  lr = 1.00e-05  time = 12.9s
[e308 s0001/1030] loss = 0.112369
[e308 s0050/1030] loss = 0.854516
[e308 s0100/1030] loss = 0.777461
[e308 s0150/1030] loss = 0.988980
[e308 s0200/1030] loss = 0.939622
[e308 s0250/1030] loss = 0.869128
[e308 s0300/1030] loss = 0.841183
[e308 s0350/1030] loss = 0.869062
[e308 s0400/1030] loss = 0.873726
[e308 s0450/1030] loss = 0.882540
[e308 s0500/1030] loss = 0.847749
[e308 s0550/1030] loss = 0.824063
[e308 s0600/1030] loss = 0.976265
[e308 s0650/1030] loss = 0.969164
[e308 s0700/1030] loss = 0.951508
[e308 s0750/1030] loss = 0.982720
[e308 s0800/1030] loss = 0.985936
[e308 s0850/1030] loss = 0.983796
[e308 s0900/1030] loss = 0.984101
[e308 s0950/1030] loss = 0.999348
[e308 s1000/1030] loss = 0.993376
Epoch 308: train_loss = 0.982582  MAE/GAME0 = 10.194  RMSE = 33.105  GAME1 = 11.931  GAME2 = 13.812  GAME3 = 14.779  lr = 1.00e-05  time = 13.2s
[e309 s0001/1030] loss = 0.078789
[e309 s0050/1030] loss = 1.120548
[e309 s0100/1030] loss = 0.865963
[e309 s0150/1030] loss = 1.344700
[e309 s0200/1030] loss = 1.161127
[e309 s0250/1030] loss = 1.096718
[e309 s0300/1030] loss = 1.040218
[e309 s0350/1030] loss = 0.984532
[e309 s0400/1030] loss = 1.001708
[e309 s0450/1030] loss = 0.959970
[e309 s0500/1030] loss = 0.966757
[e309 s0550/1030] loss = 0.929245
[e309 s0600/1030] loss = 0.905712
[e309 s0650/1030] loss = 0.916878
[e309 s0700/1030] loss = 1.095784
[e309 s0750/1030] loss = 1.174904
[e309 s0800/1030] loss = 1.146687
[e309 s0850/1030] loss = 1.136840
[e309 s0900/1030] loss = 1.123371
[e309 s0950/1030] loss = 1.143876
[e309 s1000/1030] loss = 1.139031
Epoch 309: train_loss = 1.127481  MAE/GAME0 = 9.175  RMSE = 19.996  GAME1 = 11.462  GAME2 = 13.613  GAME3 = 14.713  lr = 1.00e-05  time = 12.9s
[e310 s0001/1030] loss = 4.413058
[e310 s0050/1030] loss = 0.611962
[e310 s0100/1030] loss = 0.670040
[e310 s0150/1030] loss = 0.748627
[e310 s0200/1030] loss = 0.835966
[e310 s0250/1030] loss = 0.874938
[e310 s0300/1030] loss = 1.280506
[e310 s0350/1030] loss = 1.326968
[e310 s0400/1030] loss = 1.263571
[e310 s0450/1030] loss = 1.217211
[e310 s0500/1030] loss = 1.153989
[e310 s0550/1030] loss = 1.110782
[e310 s0600/1030] loss = 1.083253
[e310 s0650/1030] loss = 1.065327
[e310 s0700/1030] loss = 1.058635
[e310 s0750/1030] loss = 1.041144
[e310 s0800/1030] loss = 1.029421
[e310 s0850/1030] loss = 1.004397
[e310 s0900/1030] loss = 0.984966
[e310 s0950/1030] loss = 0.969079
[e310 s1000/1030] loss = 0.956215
Epoch 310: train_loss = 0.962352  MAE/GAME0 = 9.404  RMSE = 25.560  GAME1 = 11.054  GAME2 = 13.051  GAME3 = 14.202  lr = 1.00e-05  time = 13.1s
[e311 s0001/1030] loss = 0.185600
[e311 s0050/1030] loss = 1.061580
[e311 s0100/1030] loss = 0.862350
[e311 s0150/1030] loss = 0.903393
[e311 s0200/1030] loss = 0.987069
[e311 s0250/1030] loss = 0.932846
[e311 s0300/1030] loss = 0.886436
[e311 s0350/1030] loss = 0.923042
[e311 s0400/1030] loss = 0.923611
[e311 s0450/1030] loss = 0.913473
[e311 s0500/1030] loss = 0.916298
[e311 s0550/1030] loss = 1.000565
[e311 s0600/1030] loss = 1.006884
[e311 s0650/1030] loss = 0.978209
[e311 s0700/1030] loss = 1.002561
[e311 s0750/1030] loss = 1.009558
[e311 s0800/1030] loss = 1.001098
[e311 s0850/1030] loss = 1.126945
[e311 s0900/1030] loss = 1.120162
[e311 s0950/1030] loss = 1.127335
[e311 s1000/1030] loss = 1.108755
Epoch 311: train_loss = 1.095242  MAE/GAME0 = 8.671  RMSE = 18.701  GAME1 = 11.133  GAME2 = 12.921  GAME3 = 13.724  lr = 1.00e-05  time = 13.0s
[e312 s0001/1030] loss = 0.215272
[e312 s0050/1030] loss = 0.963060
[e312 s0100/1030] loss = 0.827457
[e312 s0150/1030] loss = 1.105070
[e312 s0200/1030] loss = 1.153788
[e312 s0250/1030] loss = 1.110710
[e312 s0300/1030] loss = 1.042825
[e312 s0350/1030] loss = 1.006415
[e312 s0400/1030] loss = 0.942558
[e312 s0450/1030] loss = 0.950407
[e312 s0500/1030] loss = 0.937620
[e312 s0550/1030] loss = 0.927329
[e312 s0600/1030] loss = 0.980911
[e312 s0650/1030] loss = 0.951548
[e312 s0700/1030] loss = 0.935009
[e312 s0750/1030] loss = 0.926986
[e312 s0800/1030] loss = 0.932670
[e312 s0850/1030] loss = 0.917705
[e312 s0900/1030] loss = 0.910920
[e312 s0950/1030] loss = 0.925015
[e312 s1000/1030] loss = 1.000890
Epoch 312: train_loss = 1.002834  MAE/GAME0 = 10.476  RMSE = 34.372  GAME1 = 12.041  GAME2 = 13.828  GAME3 = 14.795  lr = 1.00e-05  time = 13.0s
[e313 s0001/1030] loss = 31.076216
[e313 s0050/1030] loss = 1.923271
[e313 s0100/1030] loss = 1.385050
[e313 s0150/1030] loss = 1.203161
[e313 s0200/1030] loss = 1.110338
[e313 s0250/1030] loss = 1.010630
[e313 s0300/1030] loss = 0.979520
[e313 s0350/1030] loss = 0.955080
[e313 s0400/1030] loss = 0.950907
[e313 s0450/1030] loss = 0.988135
[e313 s0500/1030] loss = 1.427062
[e313 s0550/1030] loss = 1.372647
[e313 s0600/1030] loss = 1.315186
[e313 s0650/1030] loss = 1.314458
[e313 s0700/1030] loss = 1.313018
[e313 s0750/1030] loss = 1.281879
[e313 s0800/1030] loss = 1.250786
[e313 s0850/1030] loss = 1.241238
[e313 s0900/1030] loss = 1.206015
[e313 s0950/1030] loss = 1.224355
[e313 s1000/1030] loss = 1.207835
Epoch 313: train_loss = 1.215240  MAE/GAME0 = 10.920  RMSE = 26.904  GAME1 = 12.765  GAME2 = 14.866  GAME3 = 16.065  lr = 1.00e-05  time = 13.1s
[e314 s0001/1030] loss = 3.053418
[e314 s0050/1030] loss = 0.865130
[e314 s0100/1030] loss = 1.062953
[e314 s0150/1030] loss = 1.535992
[e314 s0200/1030] loss = 1.295444
[e314 s0250/1030] loss = 1.186176
[e314 s0300/1030] loss = 1.106360
[e314 s0350/1030] loss = 1.112417
[e314 s0400/1030] loss = 1.056854
[e314 s0450/1030] loss = 1.057842
[e314 s0500/1030] loss = 1.011410
[e314 s0550/1030] loss = 0.993483
[e314 s0600/1030] loss = 0.966881
[e314 s0650/1030] loss = 0.941497
[e314 s0700/1030] loss = 0.951933
[e314 s0750/1030] loss = 0.930022
[e314 s0800/1030] loss = 0.923294
[e314 s0850/1030] loss = 0.945059
[e314 s0900/1030] loss = 0.942062
[e314 s0950/1030] loss = 0.932089
[e314 s1000/1030] loss = 0.921086
Epoch 314: train_loss = 0.915865  MAE/GAME0 = 9.105  RMSE = 24.863  GAME1 = 10.856  GAME2 = 12.881  GAME3 = 13.861  lr = 1.00e-05  time = 13.1s
[e315 s0001/1030] loss = 0.335700
[e315 s0050/1030] loss = 0.478856
[e315 s0100/1030] loss = 1.001725
[e315 s0150/1030] loss = 0.903680
[e315 s0200/1030] loss = 1.058450
[e315 s0250/1030] loss = 0.964401
[e315 s0300/1030] loss = 0.959353
[e315 s0350/1030] loss = 0.916361
[e315 s0400/1030] loss = 0.884622
[e315 s0450/1030] loss = 0.865112
[e315 s0500/1030] loss = 0.966074
[e315 s0550/1030] loss = 0.945934
[e315 s0600/1030] loss = 0.957871
[e315 s0650/1030] loss = 0.956689
[e315 s0700/1030] loss = 0.935071
[e315 s0750/1030] loss = 0.916490
[e315 s0800/1030] loss = 0.932958
[e315 s0850/1030] loss = 0.996724
[e315 s0900/1030] loss = 0.978906
[e315 s0950/1030] loss = 0.989163
[e315 s1000/1030] loss = 0.994918
Epoch 315: train_loss = 0.987100  MAE/GAME0 = 8.840  RMSE = 19.473  GAME1 = 11.224  GAME2 = 13.412  GAME3 = 14.529  lr = 1.00e-05  time = 13.0s
[e316 s0001/1030] loss = 0.417394
[e316 s0050/1030] loss = 1.210404
[e316 s0100/1030] loss = 1.114756
[e316 s0150/1030] loss = 1.083433
[e316 s0200/1030] loss = 0.925209
[e316 s0250/1030] loss = 0.874892
[e316 s0300/1030] loss = 1.153887
[e316 s0350/1030] loss = 1.074664
[e316 s0400/1030] loss = 1.033358
[e316 s0450/1030] loss = 1.083320
[e316 s0500/1030] loss = 1.029560
[e316 s0550/1030] loss = 0.981818
[e316 s0600/1030] loss = 0.948861
[e316 s0650/1030] loss = 0.937515
[e316 s0700/1030] loss = 0.952454
[e316 s0750/1030] loss = 0.970297
[e316 s0800/1030] loss = 0.963330
[e316 s0850/1030] loss = 0.952154
[e316 s0900/1030] loss = 0.996234
[e316 s0950/1030] loss = 0.985834
[e316 s1000/1030] loss = 0.979396
Epoch 316: train_loss = 0.976203  MAE/GAME0 = 9.645  RMSE = 30.296  GAME1 = 11.220  GAME2 = 13.010  GAME3 = 13.985  lr = 1.00e-05  time = 13.0s
[e317 s0001/1030] loss = 0.997884
[e317 s0050/1030] loss = 0.869565
[e317 s0100/1030] loss = 0.693168
[e317 s0150/1030] loss = 0.746769
[e317 s0200/1030] loss = 0.900777
[e317 s0250/1030] loss = 0.903745
[e317 s0300/1030] loss = 0.876396
[e317 s0350/1030] loss = 0.839384
[e317 s0400/1030] loss = 0.842125
[e317 s0450/1030] loss = 0.824496
[e317 s0500/1030] loss = 0.845338
[e317 s0550/1030] loss = 0.850714
[e317 s0600/1030] loss = 0.854733
[e317 s0650/1030] loss = 0.850249
[e317 s0700/1030] loss = 0.836546
[e317 s0750/1030] loss = 0.878482
[e317 s0800/1030] loss = 0.985031
[e317 s0850/1030] loss = 1.007958
[e317 s0900/1030] loss = 1.008640
[e317 s0950/1030] loss = 1.061881
[e317 s1000/1030] loss = 1.087862
Epoch 317: train_loss = 1.073902  MAE/GAME0 = 8.284  RMSE = 17.016  GAME1 = 11.003  GAME2 = 13.029  GAME3 = 14.076  lr = 1.00e-05  time = 13.0s
[e318 s0001/1030] loss = 0.061790
[e318 s0050/1030] loss = 0.903199
[e318 s0100/1030] loss = 1.064381
[e318 s0150/1030] loss = 0.983186
[e318 s0200/1030] loss = 0.874673
[e318 s0250/1030] loss = 0.896375
[e318 s0300/1030] loss = 0.887268
[e318 s0350/1030] loss = 0.871246
[e318 s0400/1030] loss = 0.860944
[e318 s0450/1030] loss = 0.943202
[e318 s0500/1030] loss = 0.995440
[e318 s0550/1030] loss = 0.975800
[e318 s0600/1030] loss = 0.954290
[e318 s0650/1030] loss = 0.987066
[e318 s0700/1030] loss = 0.986420
[e318 s0750/1030] loss = 0.961700
[e318 s0800/1030] loss = 0.941766
[e318 s0850/1030] loss = 1.112414
[e318 s0900/1030] loss = 1.116945
[e318 s0950/1030] loss = 1.104513
[e318 s1000/1030] loss = 1.114664
Epoch 318: train_loss = 1.104226  MAE/GAME0 = 8.384  RMSE = 20.261  GAME1 = 10.705  GAME2 = 12.670  GAME3 = 13.756  lr = 1.00e-05  time = 12.9s
[e319 s0001/1030] loss = 0.609116
[e319 s0050/1030] loss = 1.124728
[e319 s0100/1030] loss = 0.919431
[e319 s0150/1030] loss = 3.432826
[e319 s0200/1030] loss = 2.831805
[e319 s0250/1030] loss = 2.416716
[e319 s0300/1030] loss = 2.182781
[e319 s0350/1030] loss = 1.966420
[e319 s0400/1030] loss = 1.910926
[e319 s0450/1030] loss = 1.803401
[e319 s0500/1030] loss = 1.833189
[e319 s0550/1030] loss = 1.764962
[e319 s0600/1030] loss = 1.683151
[e319 s0650/1030] loss = 1.599576
[e319 s0700/1030] loss = 1.605294
[e319 s0750/1030] loss = 1.571677
[e319 s0800/1030] loss = 1.515613
[e319 s0850/1030] loss = 1.452718
[e319 s0900/1030] loss = 1.409531
[e319 s0950/1030] loss = 1.378112
[e319 s1000/1030] loss = 1.357305
Epoch 319: train_loss = 1.343468  MAE/GAME0 = 8.474  RMSE = 20.576  GAME1 = 10.846  GAME2 = 13.114  GAME3 = 14.153  lr = 1.00e-05  time = 13.0s
[e320 s0001/1030] loss = 1.169397
[e320 s0050/1030] loss = 1.635349
[e320 s0100/1030] loss = 1.099780
[e320 s0150/1030] loss = 1.043475
[e320 s0200/1030] loss = 1.007402
[e320 s0250/1030] loss = 0.932408
[e320 s0300/1030] loss = 0.900091
[e320 s0350/1030] loss = 0.889124
[e320 s0400/1030] loss = 0.866706
[e320 s0450/1030] loss = 0.869533
[e320 s0500/1030] loss = 0.846861
[e320 s0550/1030] loss = 0.846114
[e320 s0600/1030] loss = 0.847758
[e320 s0650/1030] loss = 0.889259
[e320 s0700/1030] loss = 0.964125
[e320 s0750/1030] loss = 0.961801
[e320 s0800/1030] loss = 1.235851
[e320 s0850/1030] loss = 1.211995
[e320 s0900/1030] loss = 1.191498
[e320 s0950/1030] loss = 1.163494
[e320 s1000/1030] loss = 1.134603
Epoch 320: train_loss = 1.130488  MAE/GAME0 = 10.146  RMSE = 32.836  GAME1 = 11.875  GAME2 = 13.810  GAME3 = 14.916  lr = 1.00e-05  time = 16.8s
[e321 s0001/1030] loss = 0.047672
[e321 s0050/1030] loss = 1.131747
[e321 s0100/1030] loss = 1.151420
[e321 s0150/1030] loss = 0.932127
[e321 s0200/1030] loss = 0.908728
[e321 s0250/1030] loss = 0.906610
[e321 s0300/1030] loss = 0.929610
[e321 s0350/1030] loss = 1.098562
[e321 s0400/1030] loss = 1.165930
[e321 s0450/1030] loss = 1.111754
[e321 s0500/1030] loss = 1.743853
[e321 s0550/1030] loss = 1.698533
[e321 s0600/1030] loss = 1.693499
[e321 s0650/1030] loss = 1.641004
[e321 s0700/1030] loss = 1.586897
[e321 s0750/1030] loss = 1.530515
[e321 s0800/1030] loss = 1.482539
[e321 s0850/1030] loss = 1.476112
[e321 s0900/1030] loss = 1.438554
[e321 s0950/1030] loss = 1.392804
[e321 s1000/1030] loss = 1.382082
Epoch 321: train_loss = 1.355550  MAE/GAME0 = 8.658  RMSE = 20.748  GAME1 = 10.540  GAME2 = 12.340  GAME3 = 13.264  lr = 1.00e-05  time = 12.9s
[e322 s0001/1030] loss = 1.160088
[e322 s0050/1030] loss = 1.239691
[e322 s0100/1030] loss = 1.222637
[e322 s0150/1030] loss = 0.985896
[e322 s0200/1030] loss = 0.906314
[e322 s0250/1030] loss = 0.897059
[e322 s0300/1030] loss = 0.834748
[e322 s0350/1030] loss = 0.833160
[e322 s0400/1030] loss = 0.816415
[e322 s0450/1030] loss = 0.829015
[e322 s0500/1030] loss = 0.837488
[e322 s0550/1030] loss = 0.839147
[e322 s0600/1030] loss = 0.815973
[e322 s0650/1030] loss = 0.812291
[e322 s0700/1030] loss = 0.797969
[e322 s0750/1030] loss = 0.785662
[e322 s0800/1030] loss = 0.798742
[e322 s0850/1030] loss = 0.800803
[e322 s0900/1030] loss = 0.868291
[e322 s0950/1030] loss = 0.847970
[e322 s1000/1030] loss = 0.841268
Epoch 322: train_loss = 0.830276  MAE/GAME0 = 8.863  RMSE = 21.785  GAME1 = 10.948  GAME2 = 13.111  GAME3 = 14.251  lr = 1.00e-05  time = 13.1s
[e323 s0001/1030] loss = 0.155779
[e323 s0050/1030] loss = 1.864988
[e323 s0100/1030] loss = 1.369864
[e323 s0150/1030] loss = 1.331477
[e323 s0200/1030] loss = 1.160738
[e323 s0250/1030] loss = 1.062203
[e323 s0300/1030] loss = 1.067912
[e323 s0350/1030] loss = 0.994457
[e323 s0400/1030] loss = 1.006812
[e323 s0450/1030] loss = 0.947153
[e323 s0500/1030] loss = 1.074198
[e323 s0550/1030] loss = 1.017193
[e323 s0600/1030] loss = 1.009614
[e323 s0650/1030] loss = 1.009583
[e323 s0700/1030] loss = 0.991083
[e323 s0750/1030] loss = 1.126231
[e323 s0800/1030] loss = 1.105014
[e323 s0850/1030] loss = 1.078897
[e323 s0900/1030] loss = 1.056500
[e323 s0950/1030] loss = 1.123039
[e323 s1000/1030] loss = 1.112120
Epoch 323: train_loss = 1.120188  MAE/GAME0 = 9.879  RMSE = 19.376  GAME1 = 12.151  GAME2 = 14.120  GAME3 = 15.118  lr = 1.00e-05  time = 12.9s
[e324 s0001/1030] loss = 1.327213
[e324 s0050/1030] loss = 1.681230
[e324 s0100/1030] loss = 1.307342
[e324 s0150/1030] loss = 1.073648
[e324 s0200/1030] loss = 2.223610
[e324 s0250/1030] loss = 1.946857
[e324 s0300/1030] loss = 1.718348
[e324 s0350/1030] loss = 1.601424
[e324 s0400/1030] loss = 1.497626
[e324 s0450/1030] loss = 1.420805
[e324 s0500/1030] loss = 1.369011
[e324 s0550/1030] loss = 1.373616
[e324 s0600/1030] loss = 1.372533
[e324 s0650/1030] loss = 1.324527
[e324 s0700/1030] loss = 1.328218
[e324 s0750/1030] loss = 1.281243
[e324 s0800/1030] loss = 1.252707
[e324 s0850/1030] loss = 1.231281
[e324 s0900/1030] loss = 1.210419
[e324 s0950/1030] loss = 1.197974
[e324 s1000/1030] loss = 1.197702
Epoch 324: train_loss = 1.180885  MAE/GAME0 = 8.928  RMSE = 24.057  GAME1 = 11.000  GAME2 = 13.027  GAME3 = 14.206  lr = 1.00e-05  time = 12.9s
[e325 s0001/1030] loss = 1.549904
[e325 s0050/1030] loss = 0.611075
[e325 s0100/1030] loss = 0.610842
[e325 s0150/1030] loss = 0.893101
[e325 s0200/1030] loss = 1.492159
[e325 s0250/1030] loss = 1.325842
[e325 s0300/1030] loss = 1.222427
[e325 s0350/1030] loss = 1.459543
[e325 s0400/1030] loss = 1.429421
[e325 s0450/1030] loss = 1.362794
[e325 s0500/1030] loss = 1.346833
[e325 s0550/1030] loss = 1.307598
[e325 s0600/1030] loss = 1.249487
[e325 s0650/1030] loss = 1.213723
[e325 s0700/1030] loss = 1.191591
[e325 s0750/1030] loss = 1.145223
[e325 s0800/1030] loss = 1.129082
[e325 s0850/1030] loss = 1.171450
[e325 s0900/1030] loss = 1.173784
[e325 s0950/1030] loss = 1.192231
[e325 s1000/1030] loss = 1.157570
Epoch 325: train_loss = 1.137317  MAE/GAME0 = 7.873  RMSE = 15.543  GAME1 = 10.749  GAME2 = 12.805  GAME3 = 13.768  lr = 1.00e-05  time = 13.0s
[e326 s0001/1030] loss = 0.674158
[e326 s0050/1030] loss = 0.682394
[e326 s0100/1030] loss = 0.858930
[e326 s0150/1030] loss = 1.001247
[e326 s0200/1030] loss = 0.961068
[e326 s0250/1030] loss = 0.901973
[e326 s0300/1030] loss = 0.900736
[e326 s0350/1030] loss = 0.847357
[e326 s0400/1030] loss = 0.913689
[e326 s0450/1030] loss = 0.892181
[e326 s0500/1030] loss = 0.881480
[e326 s0550/1030] loss = 0.892283
[e326 s0600/1030] loss = 0.907786
[e326 s0650/1030] loss = 0.937557
[e326 s0700/1030] loss = 0.983616
[e326 s0750/1030] loss = 1.000109
[e326 s0800/1030] loss = 1.117288
[e326 s0850/1030] loss = 1.085085
[e326 s0900/1030] loss = 1.056938
[e326 s0950/1030] loss = 1.048329
[e326 s1000/1030] loss = 1.037124
Epoch 326: train_loss = 1.045631  MAE/GAME0 = 9.086  RMSE = 19.472  GAME1 = 11.336  GAME2 = 13.428  GAME3 = 14.407  lr = 1.00e-05  time = 13.1s
[e327 s0001/1030] loss = 0.676724
[e327 s0050/1030] loss = 0.980082
[e327 s0100/1030] loss = 0.807242
[e327 s0150/1030] loss = 0.888491
[e327 s0200/1030] loss = 0.867453
[e327 s0250/1030] loss = 0.957193
[e327 s0300/1030] loss = 0.979017
[e327 s0350/1030] loss = 1.119575
[e327 s0400/1030] loss = 1.089458
[e327 s0450/1030] loss = 1.093124
[e327 s0500/1030] loss = 1.123146
[e327 s0550/1030] loss = 1.077416
[e327 s0600/1030] loss = 1.048963
[e327 s0650/1030] loss = 1.036840
[e327 s0700/1030] loss = 1.023335
[e327 s0750/1030] loss = 1.034415
[e327 s0800/1030] loss = 1.026890
[e327 s0850/1030] loss = 1.016996
[e327 s0900/1030] loss = 1.007637
[e327 s0950/1030] loss = 0.995789
[e327 s1000/1030] loss = 1.014785
Epoch 327: train_loss = 1.003052  MAE/GAME0 = 8.828  RMSE = 21.468  GAME1 = 10.846  GAME2 = 12.818  GAME3 = 13.833  lr = 1.00e-05  time = 13.0s
[e328 s0001/1030] loss = 0.937004
[e328 s0050/1030] loss = 1.008945
[e328 s0100/1030] loss = 0.991252
[e328 s0150/1030] loss = 0.831296
[e328 s0200/1030] loss = 0.861729
[e328 s0250/1030] loss = 0.822828
[e328 s0300/1030] loss = 0.843838
[e328 s0350/1030] loss = 0.822833
[e328 s0400/1030] loss = 0.851565
[e328 s0450/1030] loss = 0.821171
[e328 s0500/1030] loss = 0.904453
[e328 s0550/1030] loss = 0.977951
[e328 s0600/1030] loss = 0.985776
[e328 s0650/1030] loss = 1.005178
[e328 s0700/1030] loss = 1.014182
[e328 s0750/1030] loss = 1.031710
[e328 s0800/1030] loss = 0.999707
[e328 s0850/1030] loss = 1.126539
[e328 s0900/1030] loss = 1.122021
[e328 s0950/1030] loss = 1.093059
[e328 s1000/1030] loss = 1.068423
Epoch 328: train_loss = 1.072944  MAE/GAME0 = 10.953  RMSE = 21.623  GAME1 = 13.094  GAME2 = 15.236  GAME3 = 16.431  lr = 1.00e-05  time = 12.9s
[e329 s0001/1030] loss = 0.020321
[e329 s0050/1030] loss = 1.004778
[e329 s0100/1030] loss = 0.891815
[e329 s0150/1030] loss = 1.307633
[e329 s0200/1030] loss = 1.162536
[e329 s0250/1030] loss = 1.082708
[e329 s0300/1030] loss = 1.056119
[e329 s0350/1030] loss = 1.081824
[e329 s0400/1030] loss = 1.036841
[e329 s0450/1030] loss = 1.049136
[e329 s0500/1030] loss = 1.029930
[e329 s0550/1030] loss = 1.077133
[e329 s0600/1030] loss = 1.035457
[e329 s0650/1030] loss = 1.005647
[e329 s0700/1030] loss = 0.989835
[e329 s0750/1030] loss = 0.968488
[e329 s0800/1030] loss = 0.999871
[e329 s0850/1030] loss = 1.002255
[e329 s0900/1030] loss = 0.999236
[e329 s0950/1030] loss = 0.975889
[e329 s1000/1030] loss = 0.977360
Epoch 329: train_loss = 0.966473  MAE/GAME0 = 9.402  RMSE = 25.719  GAME1 = 11.174  GAME2 = 13.274  GAME3 = 14.389  lr = 1.00e-05  time = 13.1s
[e330 s0001/1030] loss = 0.021375
[e330 s0050/1030] loss = 0.643372
[e330 s0100/1030] loss = 0.721746
[e330 s0150/1030] loss = 0.783556
[e330 s0200/1030] loss = 0.776215
[e330 s0250/1030] loss = 0.799241
[e330 s0300/1030] loss = 0.856197
[e330 s0350/1030] loss = 0.940270
[e330 s0400/1030] loss = 0.977928
[e330 s0450/1030] loss = 0.957818
[e330 s0500/1030] loss = 0.924047
[e330 s0550/1030] loss = 0.957230
[e330 s0600/1030] loss = 0.945714
[e330 s0650/1030] loss = 0.966619
[e330 s0700/1030] loss = 1.010644
[e330 s0750/1030] loss = 1.007152
[e330 s0800/1030] loss = 1.023450
[e330 s0850/1030] loss = 1.014237
[e330 s0900/1030] loss = 1.011094
[e330 s0950/1030] loss = 0.983591
[e330 s1000/1030] loss = 0.966956
Epoch 330: train_loss = 1.038781  MAE/GAME0 = 9.881  RMSE = 33.794  GAME1 = 11.843  GAME2 = 13.996  GAME3 = 15.217  lr = 1.00e-05  time = 13.0s
[e331 s0001/1030] loss = 0.208210
[e331 s0050/1030] loss = 0.619220
[e331 s0100/1030] loss = 0.664306
[e331 s0150/1030] loss = 0.671936
[e331 s0200/1030] loss = 0.744873
[e331 s0250/1030] loss = 0.856489
[e331 s0300/1030] loss = 0.802511
[e331 s0350/1030] loss = 0.839164
[e331 s0400/1030] loss = 0.834259
[e331 s0450/1030] loss = 0.863595
[e331 s0500/1030] loss = 1.190875
[e331 s0550/1030] loss = 1.265691
[e331 s0600/1030] loss = 1.283178
[e331 s0650/1030] loss = 1.324093
[e331 s0700/1030] loss = 1.381514
[e331 s0750/1030] loss = 1.403934
[e331 s0800/1030] loss = 1.398364
[e331 s0850/1030] loss = 1.351448
[e331 s0900/1030] loss = 1.348983
[e331 s0950/1030] loss = 1.311427
[e331 s1000/1030] loss = 1.287656
Epoch 331: train_loss = 1.314942  MAE/GAME0 = 10.262  RMSE = 22.147  GAME1 = 12.322  GAME2 = 14.527  GAME3 = 15.615  lr = 1.00e-05  time = 13.0s
[e332 s0001/1030] loss = 0.865124
[e332 s0050/1030] loss = 1.503818
[e332 s0100/1030] loss = 1.077677
[e332 s0150/1030] loss = 0.942690
[e332 s0200/1030] loss = 0.931364
[e332 s0250/1030] loss = 0.854670
[e332 s0300/1030] loss = 0.848954
[e332 s0350/1030] loss = 0.858506
[e332 s0400/1030] loss = 1.438235
[e332 s0450/1030] loss = 1.440727
[e332 s0500/1030] loss = 1.410123
[e332 s0550/1030] loss = 1.354287
[e332 s0600/1030] loss = 1.319670
[e332 s0650/1030] loss = 1.353354
[e332 s0700/1030] loss = 1.364429
[e332 s0750/1030] loss = 1.316241
[e332 s0800/1030] loss = 1.284094
[e332 s0850/1030] loss = 1.244980
[e332 s0900/1030] loss = 1.207977
[e332 s0950/1030] loss = 1.249210
[e332 s1000/1030] loss = 1.229779
Epoch 332: train_loss = 1.228108  MAE/GAME0 = 8.611  RMSE = 18.328  GAME1 = 10.957  GAME2 = 13.040  GAME3 = 13.975  lr = 1.00e-05  time = 12.9s
[e333 s0001/1030] loss = 0.263365
[e333 s0050/1030] loss = 0.826927
[e333 s0100/1030] loss = 0.696309
[e333 s0150/1030] loss = 0.691813
[e333 s0200/1030] loss = 0.875278
[e333 s0250/1030] loss = 0.916381
[e333 s0300/1030] loss = 0.914183
[e333 s0350/1030] loss = 0.884875
[e333 s0400/1030] loss = 0.873538
[e333 s0450/1030] loss = 0.873489
[e333 s0500/1030] loss = 0.871491
[e333 s0550/1030] loss = 0.881203
[e333 s0600/1030] loss = 0.902713
[e333 s0650/1030] loss = 0.877411
[e333 s0700/1030] loss = 0.850963
[e333 s0750/1030] loss = 1.025043
[e333 s0800/1030] loss = 1.021218
[e333 s0850/1030] loss = 1.024740
[e333 s0900/1030] loss = 0.997802
[e333 s0950/1030] loss = 1.016925
[e333 s1000/1030] loss = 1.001815
Epoch 333: train_loss = 0.994914  MAE/GAME0 = 8.568  RMSE = 19.787  GAME1 = 10.552  GAME2 = 12.600  GAME3 = 13.582  lr = 1.00e-05  time = 12.8s
[e334 s0001/1030] loss = 0.496590
[e334 s0050/1030] loss = 0.966581
[e334 s0100/1030] loss = 1.230927
[e334 s0150/1030] loss = 1.154643
[e334 s0200/1030] loss = 1.068117
[e334 s0250/1030] loss = 0.995402
[e334 s0300/1030] loss = 1.016787
[e334 s0350/1030] loss = 0.988870
[e334 s0400/1030] loss = 1.008154
[e334 s0450/1030] loss = 0.990658
[e334 s0500/1030] loss = 0.970778
[e334 s0550/1030] loss = 0.987047
[e334 s0600/1030] loss = 0.984287
[e334 s0650/1030] loss = 0.950790
[e334 s0700/1030] loss = 0.922792
[e334 s0750/1030] loss = 0.902672
[e334 s0800/1030] loss = 0.880980
[e334 s0850/1030] loss = 0.982586
[e334 s0900/1030] loss = 0.997719
[e334 s0950/1030] loss = 0.973166
[e334 s1000/1030] loss = 0.972458
Epoch 334: train_loss = 0.968394  MAE/GAME0 = 8.029  RMSE = 17.432  GAME1 = 10.138  GAME2 = 12.136  GAME3 = 13.062  lr = 1.00e-05  time = 13.8s
[e335 s0001/1030] loss = 0.035833
[e335 s0050/1030] loss = 0.823351
[e335 s0100/1030] loss = 1.034903
[e335 s0150/1030] loss = 0.949915
[e335 s0200/1030] loss = 0.886928
[e335 s0250/1030] loss = 0.832662
[e335 s0300/1030] loss = 0.788337
[e335 s0350/1030] loss = 0.833027
[e335 s0400/1030] loss = 0.873106
[e335 s0450/1030] loss = 0.887437
[e335 s0500/1030] loss = 0.906192
[e335 s0550/1030] loss = 0.879588
[e335 s0600/1030] loss = 0.876151
[e335 s0650/1030] loss = 0.890417
[e335 s0700/1030] loss = 0.943111
[e335 s0750/1030] loss = 0.929001
[e335 s0800/1030] loss = 0.943100
[e335 s0850/1030] loss = 0.942497
[e335 s0900/1030] loss = 0.925957
[e335 s0950/1030] loss = 1.000711
[e335 s1000/1030] loss = 1.001072
Epoch 335: train_loss = 0.989051  MAE/GAME0 = 8.819  RMSE = 21.626  GAME1 = 10.681  GAME2 = 12.648  GAME3 = 13.698  lr = 1.00e-05  time = 12.8s
[e336 s0001/1030] loss = 0.922668
[e336 s0050/1030] loss = 0.866657
[e336 s0100/1030] loss = 0.805572
[e336 s0150/1030] loss = 0.785435
[e336 s0200/1030] loss = 0.752640
[e336 s0250/1030] loss = 0.780458
[e336 s0300/1030] loss = 0.772762
[e336 s0350/1030] loss = 0.810544
[e336 s0400/1030] loss = 0.766735
[e336 s0450/1030] loss = 0.773721
[e336 s0500/1030] loss = 0.784873
[e336 s0550/1030] loss = 0.792917
[e336 s0600/1030] loss = 0.791115
[e336 s0650/1030] loss = 0.778276
[e336 s0700/1030] loss = 0.879456
[e336 s0750/1030] loss = 0.905852
[e336 s0800/1030] loss = 0.880253
[e336 s0850/1030] loss = 0.891591
[e336 s0900/1030] loss = 1.277327
[e336 s0950/1030] loss = 1.275078
[e336 s1000/1030] loss = 1.274557
Epoch 336: train_loss = 1.288776  MAE/GAME0 = 9.189  RMSE = 25.470  GAME1 = 11.048  GAME2 = 13.083  GAME3 = 14.258  lr = 1.00e-05  time = 12.9s
[e337 s0001/1030] loss = 0.693962
[e337 s0050/1030] loss = 0.692629
[e337 s0100/1030] loss = 0.732775
[e337 s0150/1030] loss = 0.818228
[e337 s0200/1030] loss = 0.794890
[e337 s0250/1030] loss = 0.853409
[e337 s0300/1030] loss = 0.824341
[e337 s0350/1030] loss = 0.848706
[e337 s0400/1030] loss = 0.941597
[e337 s0450/1030] loss = 0.951078
[e337 s0500/1030] loss = 0.953757
[e337 s0550/1030] loss = 0.925562
[e337 s0600/1030] loss = 0.949513
[e337 s0650/1030] loss = 0.923395
[e337 s0700/1030] loss = 0.960704
[e337 s0750/1030] loss = 1.088324
[e337 s0800/1030] loss = 1.074312
[e337 s0850/1030] loss = 1.057606
[e337 s0900/1030] loss = 1.032867
[e337 s0950/1030] loss = 1.044078
[e337 s1000/1030] loss = 1.045893
Epoch 337: train_loss = 1.057010  MAE/GAME0 = 9.791  RMSE = 28.432  GAME1 = 11.568  GAME2 = 13.663  GAME3 = 14.974  lr = 1.00e-05  time = 13.2s
[e338 s0001/1030] loss = 0.332823
[e338 s0050/1030] loss = 0.611510
[e338 s0100/1030] loss = 0.692700
[e338 s0150/1030] loss = 0.798903
[e338 s0200/1030] loss = 2.372686
[e338 s0250/1030] loss = 2.057103
[e338 s0300/1030] loss = 1.879373
[e338 s0350/1030] loss = 1.852363
[e338 s0400/1030] loss = 1.719185
[e338 s0450/1030] loss = 1.612108
[e338 s0500/1030] loss = 1.535628
[e338 s0550/1030] loss = 1.547795
[e338 s0600/1030] loss = 1.528262
[e338 s0650/1030] loss = 1.500819
[e338 s0700/1030] loss = 1.496661
[e338 s0750/1030] loss = 1.448853
[e338 s0800/1030] loss = 1.407642
[e338 s0850/1030] loss = 1.390226
[e338 s0900/1030] loss = 1.354057
[e338 s0950/1030] loss = 1.334275
[e338 s1000/1030] loss = 1.309726
Epoch 338: train_loss = 1.288133  MAE/GAME0 = 9.112  RMSE = 28.090  GAME1 = 11.031  GAME2 = 13.176  GAME3 = 14.332  lr = 1.00e-05  time = 13.0s
[e339 s0001/1030] loss = 0.306587
[e339 s0050/1030] loss = 1.223775
[e339 s0100/1030] loss = 0.963199
[e339 s0150/1030] loss = 0.942999
[e339 s0200/1030] loss = 1.028500
[e339 s0250/1030] loss = 0.999393
[e339 s0300/1030] loss = 1.023813
[e339 s0350/1030] loss = 0.968937
[e339 s0400/1030] loss = 1.456407
[e339 s0450/1030] loss = 1.404378
[e339 s0500/1030] loss = 1.349418
[e339 s0550/1030] loss = 1.318118
[e339 s0600/1030] loss = 1.263221
[e339 s0650/1030] loss = 1.219328
[e339 s0700/1030] loss = 1.183877
[e339 s0750/1030] loss = 1.210179
[e339 s0800/1030] loss = 1.176615
[e339 s0850/1030] loss = 1.176860
[e339 s0900/1030] loss = 1.151931
[e339 s0950/1030] loss = 1.140324
[e339 s1000/1030] loss = 1.177466
Epoch 339: train_loss = 1.173606  MAE/GAME0 = 9.018  RMSE = 25.766  GAME1 = 11.007  GAME2 = 13.037  GAME3 = 14.184  lr = 1.00e-05  time = 13.2s
[e340 s0001/1030] loss = 0.193486
[e340 s0050/1030] loss = 0.772736
[e340 s0100/1030] loss = 0.767096
[e340 s0150/1030] loss = 0.687329
[e340 s0200/1030] loss = 0.676150
[e340 s0250/1030] loss = 0.721734
[e340 s0300/1030] loss = 0.702085
[e340 s0350/1030] loss = 0.939402
[e340 s0400/1030] loss = 0.928266
[e340 s0450/1030] loss = 0.944876
[e340 s0500/1030] loss = 0.955930
[e340 s0550/1030] loss = 0.924882
[e340 s0600/1030] loss = 0.923734
[e340 s0650/1030] loss = 0.894948
[e340 s0700/1030] loss = 0.961955
[e340 s0750/1030] loss = 0.941877
[e340 s0800/1030] loss = 0.910262
[e340 s0850/1030] loss = 0.903748
[e340 s0900/1030] loss = 0.969350
[e340 s0950/1030] loss = 0.973670
[e340 s1000/1030] loss = 0.978407
Epoch 340: train_loss = 0.965889  MAE/GAME0 = 10.001  RMSE = 31.616  GAME1 = 11.458  GAME2 = 13.266  GAME3 = 14.236  lr = 1.00e-05  time = 12.9s
[e341 s0001/1030] loss = 2.035468
[e341 s0050/1030] loss = 0.953176
[e341 s0100/1030] loss = 0.798005
[e341 s0150/1030] loss = 0.853981
[e341 s0200/1030] loss = 0.810942
[e341 s0250/1030] loss = 0.812321
[e341 s0300/1030] loss = 0.917111
[e341 s0350/1030] loss = 1.382405
[e341 s0400/1030] loss = 1.303749
[e341 s0450/1030] loss = 1.226437
[e341 s0500/1030] loss = 1.174925
[e341 s0550/1030] loss = 1.124154
[e341 s0600/1030] loss = 1.106512
[e341 s0650/1030] loss = 1.095450
[e341 s0700/1030] loss = 1.068439
[e341 s0750/1030] loss = 1.054719
[e341 s0800/1030] loss = 1.056761
[e341 s0850/1030] loss = 1.047864
[e341 s0900/1030] loss = 1.043050
[e341 s0950/1030] loss = 1.045539
[e341 s1000/1030] loss = 1.044524
Epoch 341: train_loss = 1.037761  MAE/GAME0 = 8.443  RMSE = 18.485  GAME1 = 10.790  GAME2 = 13.029  GAME3 = 13.973  lr = 1.00e-05  time = 13.2s
[e342 s0001/1030] loss = 0.443635
[e342 s0050/1030] loss = 0.696724
[e342 s0100/1030] loss = 0.632282
[e342 s0150/1030] loss = 0.675447
[e342 s0200/1030] loss = 0.684582
[e342 s0250/1030] loss = 0.839935
[e342 s0300/1030] loss = 0.818459
[e342 s0350/1030] loss = 0.906700
[e342 s0400/1030] loss = 0.962575
[e342 s0450/1030] loss = 0.933237
[e342 s0500/1030] loss = 0.957136
[e342 s0550/1030] loss = 0.974916
[e342 s0600/1030] loss = 1.023230
[e342 s0650/1030] loss = 0.987903
[e342 s0700/1030] loss = 0.971785
[e342 s0750/1030] loss = 0.963140
[e342 s0800/1030] loss = 0.957772
[e342 s0850/1030] loss = 0.966022
[e342 s0900/1030] loss = 0.962457
[e342 s0950/1030] loss = 0.945062
[e342 s1000/1030] loss = 0.938495
Epoch 342: train_loss = 0.921693  MAE/GAME0 = 8.176  RMSE = 19.389  GAME1 = 10.331  GAME2 = 12.298  GAME3 = 13.268  lr = 1.00e-05  time = 13.1s
[e343 s0001/1030] loss = 0.392134
[e343 s0050/1030] loss = 0.605247
[e343 s0100/1030] loss = 0.671688
[e343 s0150/1030] loss = 1.651768
[e343 s0200/1030] loss = 1.709109
[e343 s0250/1030] loss = 1.596973
[e343 s0300/1030] loss = 1.571143
[e343 s0350/1030] loss = 1.446613
[e343 s0400/1030] loss = 1.438201
[e343 s0450/1030] loss = 1.414503
[e343 s0500/1030] loss = 1.372301
[e343 s0550/1030] loss = 1.307566
[e343 s0600/1030] loss = 1.269700
[e343 s0650/1030] loss = 1.226661
[e343 s0700/1030] loss = 1.234273
[e343 s0750/1030] loss = 1.294081
[e343 s0800/1030] loss = 1.251113
[e343 s0850/1030] loss = 1.251526
[e343 s0900/1030] loss = 1.233794
[e343 s0950/1030] loss = 1.195678
[e343 s1000/1030] loss = 1.190931
Epoch 343: train_loss = 1.181718  MAE/GAME0 = 8.446  RMSE = 19.562  GAME1 = 10.615  GAME2 = 12.451  GAME3 = 13.316  lr = 1.00e-05  time = 13.0s
[e344 s0001/1030] loss = 0.509003
[e344 s0050/1030] loss = 1.166450
[e344 s0100/1030] loss = 1.079099
[e344 s0150/1030] loss = 1.043001
[e344 s0200/1030] loss = 1.594730
[e344 s0250/1030] loss = 1.394723
[e344 s0300/1030] loss = 1.315827
[e344 s0350/1030] loss = 1.273686
[e344 s0400/1030] loss = 1.268445
[e344 s0450/1030] loss = 1.233575
[e344 s0500/1030] loss = 1.190879
[e344 s0550/1030] loss = 1.200824
[e344 s0600/1030] loss = 1.143155
[e344 s0650/1030] loss = 1.096755
[e344 s0700/1030] loss = 1.054934
[e344 s0750/1030] loss = 1.029980
[e344 s0800/1030] loss = 1.032318
[e344 s0850/1030] loss = 1.024536
[e344 s0900/1030] loss = 1.034184
[e344 s0950/1030] loss = 1.007529
[e344 s1000/1030] loss = 0.994249
Epoch 344: train_loss = 0.985054  MAE/GAME0 = 8.102  RMSE = 17.288  GAME1 = 10.488  GAME2 = 12.687  GAME3 = 13.713  lr = 1.00e-05  time = 13.0s
[e345 s0001/1030] loss = 0.042996
[e345 s0050/1030] loss = 0.779709
[e345 s0100/1030] loss = 1.064012
[e345 s0150/1030] loss = 1.384842
[e345 s0200/1030] loss = 1.220875
[e345 s0250/1030] loss = 1.100791
[e345 s0300/1030] loss = 1.051488
[e345 s0350/1030] loss = 0.984848
[e345 s0400/1030] loss = 0.980353
[e345 s0450/1030] loss = 0.932512
[e345 s0500/1030] loss = 0.972598
[e345 s0550/1030] loss = 1.012501
[e345 s0600/1030] loss = 0.989007
[e345 s0650/1030] loss = 0.968476
[e345 s0700/1030] loss = 0.971545
[e345 s0750/1030] loss = 0.943145
[e345 s0800/1030] loss = 0.947462
[e345 s0850/1030] loss = 0.963174
[e345 s0900/1030] loss = 0.949854
[e345 s0950/1030] loss = 0.928518
[e345 s1000/1030] loss = 0.912761
Epoch 345: train_loss = 0.904929  MAE/GAME0 = 9.841  RMSE = 17.222  GAME1 = 12.393  GAME2 = 14.420  GAME3 = 15.556  lr = 1.00e-05  time = 13.0s
[e346 s0001/1030] loss = 0.776350
[e346 s0050/1030] loss = 0.487757
[e346 s0100/1030] loss = 0.723750
[e346 s0150/1030] loss = 0.842602
[e346 s0200/1030] loss = 0.743189
[e346 s0250/1030] loss = 0.793244
[e346 s0300/1030] loss = 0.823663
[e346 s0350/1030] loss = 0.782804
[e346 s0400/1030] loss = 0.806264
[e346 s0450/1030] loss = 0.846660
[e346 s0500/1030] loss = 0.943432
[e346 s0550/1030] loss = 0.931916
[e346 s0600/1030] loss = 0.942242
[e346 s0650/1030] loss = 0.957028
[e346 s0700/1030] loss = 0.945154
[e346 s0750/1030] loss = 0.924440
[e346 s0800/1030] loss = 0.894819
[e346 s0850/1030] loss = 0.893863
[e346 s0900/1030] loss = 0.894073
[e346 s0950/1030] loss = 0.914445
[e346 s1000/1030] loss = 0.928929
Epoch 346: train_loss = 0.971777  MAE/GAME0 = 9.366  RMSE = 28.970  GAME1 = 11.245  GAME2 = 13.270  GAME3 = 14.319  lr = 1.00e-05  time = 13.1s
[e347 s0001/1030] loss = 0.480478
[e347 s0050/1030] loss = 1.233301
[e347 s0100/1030] loss = 1.172966
[e347 s0150/1030] loss = 0.994419
[e347 s0200/1030] loss = 1.087901
[e347 s0250/1030] loss = 1.070152
[e347 s0300/1030] loss = 0.998455
[e347 s0350/1030] loss = 0.980898
[e347 s0400/1030] loss = 0.936200
[e347 s0450/1030] loss = 0.928404
[e347 s0500/1030] loss = 0.946893
[e347 s0550/1030] loss = 0.941497
[e347 s0600/1030] loss = 0.918609
[e347 s0650/1030] loss = 0.911454
[e347 s0700/1030] loss = 0.945289
[e347 s0750/1030] loss = 0.931978
[e347 s0800/1030] loss = 1.075148
[e347 s0850/1030] loss = 1.105263
[e347 s0900/1030] loss = 1.117328
[e347 s0950/1030] loss = 1.128140
[e347 s1000/1030] loss = 1.123504
Epoch 347: train_loss = 1.107247  MAE/GAME0 = 8.329  RMSE = 18.990  GAME1 = 10.619  GAME2 = 12.587  GAME3 = 13.534  lr = 1.00e-05  time = 13.0s
[e348 s0001/1030] loss = 0.169112
[e348 s0050/1030] loss = 1.057957
[e348 s0100/1030] loss = 0.866276
[e348 s0150/1030] loss = 1.120000
[e348 s0200/1030] loss = 0.943547
[e348 s0250/1030] loss = 0.958239
[e348 s0300/1030] loss = 0.961985
[e348 s0350/1030] loss = 1.140319
[e348 s0400/1030] loss = 1.097151
[e348 s0450/1030] loss = 1.076736
[e348 s0500/1030] loss = 1.053409
[e348 s0550/1030] loss = 1.009672
[e348 s0600/1030] loss = 0.992731
[e348 s0650/1030] loss = 1.024818
[e348 s0700/1030] loss = 1.013397
[e348 s0750/1030] loss = 0.987940
[e348 s0800/1030] loss = 0.970922
[e348 s0850/1030] loss = 0.974823
[e348 s0900/1030] loss = 1.007660
[e348 s0950/1030] loss = 0.999494
[e348 s1000/1030] loss = 0.984934
Epoch 348: train_loss = 0.975779  MAE/GAME0 = 8.015  RMSE = 18.289  GAME1 = 10.286  GAME2 = 12.204  GAME3 = 13.240  lr = 1.00e-05  time = 13.1s
[e349 s0001/1030] loss = 0.096724
[e349 s0050/1030] loss = 0.766931
[e349 s0100/1030] loss = 0.815332
[e349 s0150/1030] loss = 0.814030
[e349 s0200/1030] loss = 0.842033
[e349 s0250/1030] loss = 0.797960
[e349 s0300/1030] loss = 0.910854
[e349 s0350/1030] loss = 0.853386
[e349 s0400/1030] loss = 0.935230
[e349 s0450/1030] loss = 0.983784
[e349 s0500/1030] loss = 0.952699
[e349 s0550/1030] loss = 0.940015
[e349 s0600/1030] loss = 0.967794
[e349 s0650/1030] loss = 0.939780
[e349 s0700/1030] loss = 0.913400
[e349 s0750/1030] loss = 0.942435
[e349 s0800/1030] loss = 0.964512
[e349 s0850/1030] loss = 0.935081
[e349 s0900/1030] loss = 0.924609
[e349 s0950/1030] loss = 0.918464
[e349 s1000/1030] loss = 0.909809
Epoch 349: train_loss = 0.949032  MAE/GAME0 = 11.278  RMSE = 21.466  GAME1 = 13.387  GAME2 = 15.450  GAME3 = 16.524  lr = 1.00e-05  time = 13.0s
[e350 s0001/1030] loss = 5.286337
[e350 s0050/1030] loss = 0.562488
[e350 s0100/1030] loss = 1.242597
[e350 s0150/1030] loss = 1.176543
[e350 s0200/1030] loss = 1.085349
[e350 s0250/1030] loss = 0.964253
[e350 s0300/1030] loss = 0.993949
[e350 s0350/1030] loss = 0.929616
[e350 s0400/1030] loss = 0.949650
[e350 s0450/1030] loss = 0.977637
[e350 s0500/1030] loss = 1.181733
[e350 s0550/1030] loss = 1.153280
[e350 s0600/1030] loss = 1.117521
[e350 s0650/1030] loss = 1.107961
[e350 s0700/1030] loss = 1.063238
[e350 s0750/1030] loss = 1.064256
[e350 s0800/1030] loss = 1.053832
[e350 s0850/1030] loss = 1.052161
[e350 s0900/1030] loss = 1.038543
[e350 s0950/1030] loss = 1.026387
[e350 s1000/1030] loss = 1.018828
Epoch 350: train_loss = 1.004706  MAE/GAME0 = 9.944  RMSE = 33.887  GAME1 = 11.554  GAME2 = 13.355  GAME3 = 14.363  lr = 1.00e-05  time = 12.9s
[e351 s0001/1030] loss = 0.304382
[e351 s0050/1030] loss = 1.327749
[e351 s0100/1030] loss = 1.050898
[e351 s0150/1030] loss = 0.906295
[e351 s0200/1030] loss = 0.881821
[e351 s0250/1030] loss = 0.892541
[e351 s0300/1030] loss = 0.895280
[e351 s0350/1030] loss = 0.903183
[e351 s0400/1030] loss = 0.911293
[e351 s0450/1030] loss = 0.883005
[e351 s0500/1030] loss = 0.912279
[e351 s0550/1030] loss = 0.904268
[e351 s0600/1030] loss = 0.893096
[e351 s0650/1030] loss = 1.404172
[e351 s0700/1030] loss = 1.343744
[e351 s0750/1030] loss = 1.309197
[e351 s0800/1030] loss = 1.280002
[e351 s0850/1030] loss = 1.247422
[e351 s0900/1030] loss = 1.233316
[e351 s0950/1030] loss = 1.243054
[e351 s1000/1030] loss = 1.228103
Epoch 351: train_loss = 1.235182  MAE/GAME0 = 11.622  RMSE = 32.237  GAME1 = 13.259  GAME2 = 15.435  GAME3 = 16.597  lr = 1.00e-05  time = 13.1s
[e352 s0001/1030] loss = 0.455242
[e352 s0050/1030] loss = 0.879214
[e352 s0100/1030] loss = 0.815841
[e352 s0150/1030] loss = 0.802764
[e352 s0200/1030] loss = 0.764015
[e352 s0250/1030] loss = 0.820732
[e352 s0300/1030] loss = 2.088735
[e352 s0350/1030] loss = 1.912696
[e352 s0400/1030] loss = 1.828340
[e352 s0450/1030] loss = 1.679561
[e352 s0500/1030] loss = 1.579871
[e352 s0550/1030] loss = 1.508157
[e352 s0600/1030] loss = 1.459094
[e352 s0650/1030] loss = 1.399515
[e352 s0700/1030] loss = 1.396641
[e352 s0750/1030] loss = 1.342557
[e352 s0800/1030] loss = 1.305098
[e352 s0850/1030] loss = 1.267036
[e352 s0900/1030] loss = 1.243330
[e352 s0950/1030] loss = 1.252537
[e352 s1000/1030] loss = 1.218895
Epoch 352: train_loss = 1.216369  MAE/GAME0 = 12.682  RMSE = 30.229  GAME1 = 13.994  GAME2 = 15.833  GAME3 = 17.040  lr = 1.00e-05  time = 17.1s
[e353 s0001/1030] loss = 4.815366
[e353 s0050/1030] loss = 1.187168
[e353 s0100/1030] loss = 0.963420
[e353 s0150/1030] loss = 0.896779
[e353 s0200/1030] loss = 0.873368
[e353 s0250/1030] loss = 0.839283
[e353 s0300/1030] loss = 0.924018
[e353 s0350/1030] loss = 0.975666
[e353 s0400/1030] loss = 0.933208
[e353 s0450/1030] loss = 0.946397
[e353 s0500/1030] loss = 0.950231
[e353 s0550/1030] loss = 0.957810
[e353 s0600/1030] loss = 0.920358
[e353 s0650/1030] loss = 0.969620
[e353 s0700/1030] loss = 0.946145
[e353 s0750/1030] loss = 0.933825
[e353 s0800/1030] loss = 1.384245
[e353 s0850/1030] loss = 1.374808
[e353 s0900/1030] loss = 1.397369
[e353 s0950/1030] loss = 1.372639
[e353 s1000/1030] loss = 1.350306
Epoch 353: train_loss = 1.339033  MAE/GAME0 = 9.160  RMSE = 26.468  GAME1 = 10.944  GAME2 = 13.024  GAME3 = 14.193  lr = 1.00e-05  time = 13.0s
[e354 s0001/1030] loss = 0.359622
[e354 s0050/1030] loss = 0.859204
[e354 s0100/1030] loss = 1.402669
[e354 s0150/1030] loss = 1.304514
[e354 s0200/1030] loss = 1.150167
[e354 s0250/1030] loss = 1.054633
[e354 s0300/1030] loss = 1.182502
[e354 s0350/1030] loss = 1.137471
[e354 s0400/1030] loss = 1.072299
[e354 s0450/1030] loss = 1.067339
[e354 s0500/1030] loss = 1.050728
[e354 s0550/1030] loss = 1.102783
[e354 s0600/1030] loss = 1.057468
[e354 s0650/1030] loss = 1.033817
[e354 s0700/1030] loss = 1.017524
[e354 s0750/1030] loss = 1.030083
[e354 s0800/1030] loss = 1.016537
[e354 s0850/1030] loss = 1.006373
[e354 s0900/1030] loss = 0.979971
[e354 s0950/1030] loss = 0.989860
[e354 s1000/1030] loss = 0.989120
Epoch 354: train_loss = 0.972812  MAE/GAME0 = 8.082  RMSE = 16.902  GAME1 = 11.001  GAME2 = 13.046  GAME3 = 14.023  lr = 1.00e-05  time = 13.0s
[e355 s0001/1030] loss = 0.039415
[e355 s0050/1030] loss = 0.791336
[e355 s0100/1030] loss = 0.725377
[e355 s0150/1030] loss = 0.801435
[e355 s0200/1030] loss = 0.854281
[e355 s0250/1030] loss = 0.848516
[e355 s0300/1030] loss = 0.879825
[e355 s0350/1030] loss = 0.868799
[e355 s0400/1030] loss = 0.915733
[e355 s0450/1030] loss = 0.914612
[e355 s0500/1030] loss = 0.902816
[e355 s0550/1030] loss = 0.862684
[e355 s0600/1030] loss = 0.839091
[e355 s0650/1030] loss = 0.829499
[e355 s0700/1030] loss = 0.838073
[e355 s0750/1030] loss = 0.829076
[e355 s0800/1030] loss = 0.825265
[e355 s0850/1030] loss = 0.839794
[e355 s0900/1030] loss = 0.835234
[e355 s0950/1030] loss = 0.888786
[e355 s1000/1030] loss = 0.882974
Epoch 355: train_loss = 0.884283  MAE/GAME0 = 8.301  RMSE = 20.116  GAME1 = 10.515  GAME2 = 12.514  GAME3 = 13.274  lr = 1.00e-05  time = 13.3s
[e356 s0001/1030] loss = 0.406986
[e356 s0050/1030] loss = 0.813743
[e356 s0100/1030] loss = 0.835514
[e356 s0150/1030] loss = 0.746237
[e356 s0200/1030] loss = 0.714606
[e356 s0250/1030] loss = 0.699692
[e356 s0300/1030] loss = 0.717400
[e356 s0350/1030] loss = 0.690405
[e356 s0400/1030] loss = 0.675690
[e356 s0450/1030] loss = 0.685734
[e356 s0500/1030] loss = 0.795699
[e356 s0550/1030] loss = 0.839715
[e356 s0600/1030] loss = 1.066338
[e356 s0650/1030] loss = 1.060617
[e356 s0700/1030] loss = 1.053521
[e356 s0750/1030] loss = 1.076470
[e356 s0800/1030] loss = 1.081893
[e356 s0850/1030] loss = 1.083246
[e356 s0900/1030] loss = 1.073581
[e356 s0950/1030] loss = 1.075329
[e356 s1000/1030] loss = 1.064308
Epoch 356: train_loss = 1.045889  MAE/GAME0 = 8.284  RMSE = 20.365  GAME1 = 10.293  GAME2 = 12.127  GAME3 = 13.061  lr = 1.00e-05  time = 13.0s
[e357 s0001/1030] loss = 0.381643
[e357 s0050/1030] loss = 1.509749
[e357 s0100/1030] loss = 1.255476
[e357 s0150/1030] loss = 1.164210
[e357 s0200/1030] loss = 1.016448
[e357 s0250/1030] loss = 1.021678
[e357 s0300/1030] loss = 1.014836
[e357 s0350/1030] loss = 1.020381
[e357 s0400/1030] loss = 1.023385
[e357 s0450/1030] loss = 1.012923
[e357 s0500/1030] loss = 0.992483
[e357 s0550/1030] loss = 0.974531
[e357 s0600/1030] loss = 1.120953
[e357 s0650/1030] loss = 1.102923
[e357 s0700/1030] loss = 1.074064
[e357 s0750/1030] loss = 1.039503
[e357 s0800/1030] loss = 1.025814
[e357 s0850/1030] loss = 1.016877
[e357 s0900/1030] loss = 0.994492
[e357 s0950/1030] loss = 0.974426
[e357 s1000/1030] loss = 0.973016
Epoch 357: train_loss = 0.959729  MAE/GAME0 = 8.185  RMSE = 16.021  GAME1 = 10.842  GAME2 = 12.794  GAME3 = 13.830  lr = 1.00e-05  time = 13.3s
[e358 s0001/1030] loss = 0.879334
[e358 s0050/1030] loss = 0.583676
[e358 s0100/1030] loss = 1.107856
[e358 s0150/1030] loss = 1.099689
[e358 s0200/1030] loss = 1.061680
[e358 s0250/1030] loss = 1.008914
[e358 s0300/1030] loss = 1.004726
[e358 s0350/1030] loss = 1.003829
[e358 s0400/1030] loss = 1.012876
[e358 s0450/1030] loss = 0.978622
[e358 s0500/1030] loss = 0.975168
[e358 s0550/1030] loss = 0.997119
[e358 s0600/1030] loss = 0.967467
[e358 s0650/1030] loss = 1.134002
[e358 s0700/1030] loss = 1.113315
[e358 s0750/1030] loss = 1.078407
[e358 s0800/1030] loss = 1.101843
[e358 s0850/1030] loss = 1.079960
[e358 s0900/1030] loss = 1.062828
[e358 s0950/1030] loss = 1.050062
[e358 s1000/1030] loss = 1.033203
Epoch 358: train_loss = 1.018214  MAE/GAME0 = 9.449  RMSE = 27.926  GAME1 = 11.202  GAME2 = 13.341  GAME3 = 14.452  lr = 1.00e-05  time = 12.9s
[e359 s0001/1030] loss = 0.288385
[e359 s0050/1030] loss = 1.202884
[e359 s0100/1030] loss = 1.002718
[e359 s0150/1030] loss = 0.915289
[e359 s0200/1030] loss = 0.812864
[e359 s0250/1030] loss = 0.821598
[e359 s0300/1030] loss = 1.031371
[e359 s0350/1030] loss = 0.966426
[e359 s0400/1030] loss = 0.950089
[e359 s0450/1030] loss = 0.941922
[e359 s0500/1030] loss = 0.916276
[e359 s0550/1030] loss = 1.003127
[e359 s0600/1030] loss = 1.008860
[e359 s0650/1030] loss = 0.981933
[e359 s0700/1030] loss = 0.965097
[e359 s0750/1030] loss = 0.940779
[e359 s0800/1030] loss = 0.945847
[e359 s0850/1030] loss = 1.067353
[e359 s0900/1030] loss = 1.051718
[e359 s0950/1030] loss = 1.048626
[e359 s1000/1030] loss = 1.033306
Epoch 359: train_loss = 1.024468  MAE/GAME0 = 9.627  RMSE = 29.832  GAME1 = 11.296  GAME2 = 13.135  GAME3 = 14.107  lr = 1.00e-05  time = 13.3s
[e360 s0001/1030] loss = 1.713071
[e360 s0050/1030] loss = 0.937962
[e360 s0100/1030] loss = 1.183831
[e360 s0150/1030] loss = 1.047889
[e360 s0200/1030] loss = 0.939469
[e360 s0250/1030] loss = 0.904601
[e360 s0300/1030] loss = 0.847213
[e360 s0350/1030] loss = 1.358291
[e360 s0400/1030] loss = 1.303472
[e360 s0450/1030] loss = 1.242579
[e360 s0500/1030] loss = 1.241706
[e360 s0550/1030] loss = 1.214027
[e360 s0600/1030] loss = 1.152536
[e360 s0650/1030] loss = 1.148568
[e360 s0700/1030] loss = 1.116437
[e360 s0750/1030] loss = 1.105700
[e360 s0800/1030] loss = 1.098907
[e360 s0850/1030] loss = 1.081785
[e360 s0900/1030] loss = 1.065114
[e360 s0950/1030] loss = 1.107478
[e360 s1000/1030] loss = 1.100315
Epoch 360: train_loss = 1.107763  MAE/GAME0 = 9.736  RMSE = 16.636  GAME1 = 12.441  GAME2 = 14.495  GAME3 = 15.606  lr = 1.00e-05  time = 13.0s
[e361 s0001/1030] loss = 0.333656
[e361 s0050/1030] loss = 0.613352
[e361 s0100/1030] loss = 0.819292
[e361 s0150/1030] loss = 0.865503
[e361 s0200/1030] loss = 0.810776
[e361 s0250/1030] loss = 0.879957
[e361 s0300/1030] loss = 0.861592
[e361 s0350/1030] loss = 0.840703
[e361 s0400/1030] loss = 0.870787
[e361 s0450/1030] loss = 0.848151
[e361 s0500/1030] loss = 0.856868
[e361 s0550/1030] loss = 0.838271
[e361 s0600/1030] loss = 0.870007
[e361 s0650/1030] loss = 0.861696
[e361 s0700/1030] loss = 0.899177
[e361 s0750/1030] loss = 0.891823
[e361 s0800/1030] loss = 0.885377
[e361 s0850/1030] loss = 0.913948
[e361 s0900/1030] loss = 0.911498
[e361 s0950/1030] loss = 0.899489
[e361 s1000/1030] loss = 0.924870
Epoch 361: train_loss = 0.936295  MAE/GAME0 = 7.892  RMSE = 17.273  GAME1 = 10.281  GAME2 = 12.357  GAME3 = 13.361  lr = 1.00e-05  time = 14.4s
[e362 s0001/1030] loss = 0.421320
[e362 s0050/1030] loss = 0.682654
[e362 s0100/1030] loss = 1.103188
[e362 s0150/1030] loss = 1.040428
[e362 s0200/1030] loss = 0.939661
[e362 s0250/1030] loss = 1.081469
[e362 s0300/1030] loss = 1.115777
[e362 s0350/1030] loss = 1.113923
[e362 s0400/1030] loss = 1.077837
[e362 s0450/1030] loss = 1.047996
[e362 s0500/1030] loss = 1.073644
[e362 s0550/1030] loss = 1.076656
[e362 s0600/1030] loss = 1.048408
[e362 s0650/1030] loss = 1.035039
[e362 s0700/1030] loss = 1.023551
[e362 s0750/1030] loss = 1.011799
[e362 s0800/1030] loss = 1.001870
[e362 s0850/1030] loss = 1.029702
[e362 s0900/1030] loss = 1.010862
[e362 s0950/1030] loss = 0.991510
[e362 s1000/1030] loss = 1.016103
Epoch 362: train_loss = 1.001736  MAE/GAME0 = 7.842  RMSE = 16.612  GAME1 = 10.104  GAME2 = 12.178  GAME3 = 13.064  lr = 1.00e-05  time = 12.9s
[e363 s0001/1030] loss = 0.157627
[e363 s0050/1030] loss = 1.090396
[e363 s0100/1030] loss = 0.850711
[e363 s0150/1030] loss = 0.844609
[e363 s0200/1030] loss = 0.941217
[e363 s0250/1030] loss = 0.933341
[e363 s0300/1030] loss = 0.987808
[e363 s0350/1030] loss = 0.999992
[e363 s0400/1030] loss = 0.968939
[e363 s0450/1030] loss = 0.917620
[e363 s0500/1030] loss = 0.883391
[e363 s0550/1030] loss = 0.863810
[e363 s0600/1030] loss = 0.867742
[e363 s0650/1030] loss = 0.870771
[e363 s0700/1030] loss = 0.855636
[e363 s0750/1030] loss = 0.866624
[e363 s0800/1030] loss = 0.884203
[e363 s0850/1030] loss = 0.878136
[e363 s0900/1030] loss = 0.960970
[e363 s0950/1030] loss = 0.948377
[e363 s1000/1030] loss = 0.940366
Epoch 363: train_loss = 0.926592  MAE/GAME0 = 8.581  RMSE = 24.774  GAME1 = 10.508  GAME2 = 12.613  GAME3 = 13.582  lr = 1.00e-05  time = 12.9s
[e364 s0001/1030] loss = 0.215716
[e364 s0050/1030] loss = 1.218577
[e364 s0100/1030] loss = 1.067074
[e364 s0150/1030] loss = 1.074881
[e364 s0200/1030] loss = 0.977300
[e364 s0250/1030] loss = 0.883354
[e364 s0300/1030] loss = 0.967830
[e364 s0350/1030] loss = 0.965262
[e364 s0400/1030] loss = 0.918515
[e364 s0450/1030] loss = 1.008741
[e364 s0500/1030] loss = 1.012827
[e364 s0550/1030] loss = 0.974622
[e364 s0600/1030] loss = 0.964511
[e364 s0650/1030] loss = 0.961877
[e364 s0700/1030] loss = 0.946931
[e364 s0750/1030] loss = 0.926162
[e364 s0800/1030] loss = 0.932422
[e364 s0850/1030] loss = 0.916709
[e364 s0900/1030] loss = 0.897431
[e364 s0950/1030] loss = 0.910527
[e364 s1000/1030] loss = 0.958759
Epoch 364: train_loss = 0.943442  MAE/GAME0 = 8.304  RMSE = 16.527  GAME1 = 10.708  GAME2 = 12.693  GAME3 = 13.700  lr = 1.00e-05  time = 13.0s
[e365 s0001/1030] loss = 2.819568
[e365 s0050/1030] loss = 0.913821
[e365 s0100/1030] loss = 0.728642
[e365 s0150/1030] loss = 0.925209
[e365 s0200/1030] loss = 0.984165
[e365 s0250/1030] loss = 0.919915
[e365 s0300/1030] loss = 1.003020
[e365 s0350/1030] loss = 0.940452
[e365 s0400/1030] loss = 1.020768
[e365 s0450/1030] loss = 1.057540
[e365 s0500/1030] loss = 1.021066
[e365 s0550/1030] loss = 1.075848
[e365 s0600/1030] loss = 1.053426
[e365 s0650/1030] loss = 1.017835
[e365 s0700/1030] loss = 0.991162
[e365 s0750/1030] loss = 0.991072
[e365 s0800/1030] loss = 0.967389
[e365 s0850/1030] loss = 0.992565
[e365 s0900/1030] loss = 0.988080
[e365 s0950/1030] loss = 0.994510
[e365 s1000/1030] loss = 0.969295
Epoch 365: train_loss = 0.973233  MAE/GAME0 = 10.678  RMSE = 31.131  GAME1 = 11.911  GAME2 = 13.377  GAME3 = 14.157  lr = 1.00e-05  time = 13.0s
[e366 s0001/1030] loss = 0.467285
[e366 s0050/1030] loss = 0.640522
[e366 s0100/1030] loss = 0.761449
[e366 s0150/1030] loss = 0.716699
[e366 s0200/1030] loss = 0.711810
[e366 s0250/1030] loss = 0.751401
[e366 s0300/1030] loss = 1.291774
[e366 s0350/1030] loss = 1.459991
[e366 s0400/1030] loss = 1.493486
[e366 s0450/1030] loss = 1.419222
[e366 s0500/1030] loss = 1.345017
[e366 s0550/1030] loss = 1.325397
[e366 s0600/1030] loss = 1.293805
[e366 s0650/1030] loss = 1.281853
[e366 s0700/1030] loss = 1.257248
[e366 s0750/1030] loss = 1.213575
[e366 s0800/1030] loss = 1.216044
[e366 s0850/1030] loss = 1.215534
[e366 s0900/1030] loss = 1.209061
[e366 s0950/1030] loss = 1.203955
[e366 s1000/1030] loss = 1.172877
Epoch 366: train_loss = 1.157531  MAE/GAME0 = 7.941  RMSE = 17.056  GAME1 = 10.441  GAME2 = 12.499  GAME3 = 13.511  lr = 1.00e-05  time = 13.2s
[e367 s0001/1030] loss = 4.011258
[e367 s0050/1030] loss = 0.696901
[e367 s0100/1030] loss = 0.560754
[e367 s0150/1030] loss = 0.550450
[e367 s0200/1030] loss = 1.076425
[e367 s0250/1030] loss = 1.039544
[e367 s0300/1030] loss = 0.968825
[e367 s0350/1030] loss = 0.930241
[e367 s0400/1030] loss = 0.903489
[e367 s0450/1030] loss = 0.874510
[e367 s0500/1030] loss = 0.907564
[e367 s0550/1030] loss = 0.892120
[e367 s0600/1030] loss = 0.900105
[e367 s0650/1030] loss = 0.873832
[e367 s0700/1030] loss = 0.863223
[e367 s0750/1030] loss = 0.861487
[e367 s0800/1030] loss = 0.866513
[e367 s0850/1030] loss = 0.888929
[e367 s0900/1030] loss = 0.887719
[e367 s0950/1030] loss = 0.905524
[e367 s1000/1030] loss = 0.905810
Epoch 367: train_loss = 0.904805  MAE/GAME0 = 7.832  RMSE = 16.580  GAME1 = 10.256  GAME2 = 12.204  GAME3 = 13.093  lr = 1.00e-05  time = 12.9s
[e368 s0001/1030] loss = 0.708688
[e368 s0050/1030] loss = 0.776264
[e368 s0100/1030] loss = 0.839069
[e368 s0150/1030] loss = 0.941773
[e368 s0200/1030] loss = 0.951372
[e368 s0250/1030] loss = 0.914947
[e368 s0300/1030] loss = 0.979528
[e368 s0350/1030] loss = 0.972187
[e368 s0400/1030] loss = 0.917653
[e368 s0450/1030] loss = 0.891320
[e368 s0500/1030] loss = 0.902140
[e368 s0550/1030] loss = 0.988398
[e368 s0600/1030] loss = 1.048014
[e368 s0650/1030] loss = 1.031114
[e368 s0700/1030] loss = 1.011613
[e368 s0750/1030] loss = 0.997843
[e368 s0800/1030] loss = 0.976352
[e368 s0850/1030] loss = 0.959939
[e368 s0900/1030] loss = 0.950918
[e368 s0950/1030] loss = 0.943859
[e368 s1000/1030] loss = 0.963207
Epoch 368: train_loss = 0.957611  MAE/GAME0 = 8.442  RMSE = 23.305  GAME1 = 10.531  GAME2 = 12.401  GAME3 = 13.326  lr = 1.00e-05  time = 13.6s
[e369 s0001/1030] loss = 0.008118
[e369 s0050/1030] loss = 0.859633
[e369 s0100/1030] loss = 0.999317
[e369 s0150/1030] loss = 1.024173
[e369 s0200/1030] loss = 1.185871
[e369 s0250/1030] loss = 1.087066
[e369 s0300/1030] loss = 1.033942
[e369 s0350/1030] loss = 0.982235
[e369 s0400/1030] loss = 0.999691
[e369 s0450/1030] loss = 1.011806
[e369 s0500/1030] loss = 0.976195
[e369 s0550/1030] loss = 0.967667
[e369 s0600/1030] loss = 0.937558
[e369 s0650/1030] loss = 0.920719
[e369 s0700/1030] loss = 0.904747
[e369 s0750/1030] loss = 0.915316
[e369 s0800/1030] loss = 0.896881
[e369 s0850/1030] loss = 0.957036
[e369 s0900/1030] loss = 1.002625
[e369 s0950/1030] loss = 1.035283
[e369 s1000/1030] loss = 1.031616
Epoch 369: train_loss = 1.040002  MAE/GAME0 = 8.534  RMSE = 21.704  GAME1 = 10.958  GAME2 = 13.151  GAME3 = 14.180  lr = 1.00e-05  time = 13.2s
[e370 s0001/1030] loss = 0.960777
[e370 s0050/1030] loss = 0.573126
[e370 s0100/1030] loss = 0.617153
[e370 s0150/1030] loss = 0.622326
[e370 s0200/1030] loss = 0.652085
[e370 s0250/1030] loss = 0.729164
[e370 s0300/1030] loss = 0.729808
[e370 s0350/1030] loss = 0.813816
[e370 s0400/1030] loss = 0.826440
[e370 s0450/1030] loss = 0.831523
[e370 s0500/1030] loss = 0.830662
[e370 s0550/1030] loss = 0.811309
[e370 s0600/1030] loss = 0.847505
[e370 s0650/1030] loss = 0.836103
[e370 s0700/1030] loss = 0.876674
[e370 s0750/1030] loss = 0.856519
[e370 s0800/1030] loss = 0.839287
[e370 s0850/1030] loss = 0.845423
[e370 s0900/1030] loss = 0.927853
[e370 s0950/1030] loss = 0.951076
[e370 s1000/1030] loss = 0.944354
Epoch 370: train_loss = 0.964572  MAE/GAME0 = 8.011  RMSE = 18.737  GAME1 = 10.652  GAME2 = 12.803  GAME3 = 13.834  lr = 1.00e-05  time = 15.8s
[e371 s0001/1030] loss = 0.469808
[e371 s0050/1030] loss = 0.790893
[e371 s0100/1030] loss = 1.123867
[e371 s0150/1030] loss = 0.979064
[e371 s0200/1030] loss = 0.916487
[e371 s0250/1030] loss = 0.921259
[e371 s0300/1030] loss = 0.951827
[e371 s0350/1030] loss = 0.886721
[e371 s0400/1030] loss = 0.883652
[e371 s0450/1030] loss = 0.890301
[e371 s0500/1030] loss = 0.878859
[e371 s0550/1030] loss = 0.855992
[e371 s0600/1030] loss = 0.866369
[e371 s0650/1030] loss = 0.856806
[e371 s0700/1030] loss = 0.829540
[e371 s0750/1030] loss = 0.838424
[e371 s0800/1030] loss = 0.822822
[e371 s0850/1030] loss = 0.825459
[e371 s0900/1030] loss = 1.165886
[e371 s0950/1030] loss = 1.163973
[e371 s1000/1030] loss = 1.177417
Epoch 371: train_loss = 1.167167  MAE/GAME0 = 10.117  RMSE = 32.610  GAME1 = 11.914  GAME2 = 14.019  GAME3 = 15.183  lr = 1.00e-05  time = 12.9s
[e372 s0001/1030] loss = 0.381828
[e372 s0050/1030] loss = 0.667543
[e372 s0100/1030] loss = 0.920260
[e372 s0150/1030] loss = 0.823956
[e372 s0200/1030] loss = 0.918370
[e372 s0250/1030] loss = 1.006303
[e372 s0300/1030] loss = 0.906648
[e372 s0350/1030] loss = 0.891879
[e372 s0400/1030] loss = 0.902962
[e372 s0450/1030] loss = 0.911153
[e372 s0500/1030] loss = 1.152148
[e372 s0550/1030] loss = 1.208139
[e372 s0600/1030] loss = 1.176476
[e372 s0650/1030] loss = 1.134549
[e372 s0700/1030] loss = 1.106599
[e372 s0750/1030] loss = 1.071872
[e372 s0800/1030] loss = 1.089225
[e372 s0850/1030] loss = 1.055857
[e372 s0900/1030] loss = 1.102842
[e372 s0950/1030] loss = 1.097515
[e372 s1000/1030] loss = 1.084338
Epoch 372: train_loss = 1.083606  MAE/GAME0 = 10.285  RMSE = 30.236  GAME1 = 12.275  GAME2 = 14.438  GAME3 = 15.582  lr = 1.00e-05  time = 13.3s
[e373 s0001/1030] loss = 0.038289
[e373 s0050/1030] loss = 0.701151
[e373 s0100/1030] loss = 0.650644
[e373 s0150/1030] loss = 0.794958
[e373 s0200/1030] loss = 0.811526
[e373 s0250/1030] loss = 0.762799
[e373 s0300/1030] loss = 0.814193
[e373 s0350/1030] loss = 0.819188
[e373 s0400/1030] loss = 0.885745
[e373 s0450/1030] loss = 0.850169
[e373 s0500/1030] loss = 0.952984
[e373 s0550/1030] loss = 0.925765
[e373 s0600/1030] loss = 0.914820
[e373 s0650/1030] loss = 0.938517
[e373 s0700/1030] loss = 0.936452
[e373 s0750/1030] loss = 0.920806
[e373 s0800/1030] loss = 0.898917
[e373 s0850/1030] loss = 0.899901
[e373 s0900/1030] loss = 0.910728
[e373 s0950/1030] loss = 0.897325
[e373 s1000/1030] loss = 0.904155
Epoch 373: train_loss = 0.899619  MAE/GAME0 = 9.507  RMSE = 31.065  GAME1 = 11.075  GAME2 = 12.854  GAME3 = 13.889  lr = 1.00e-05  time = 12.8s
[e374 s0001/1030] loss = 0.083344
[e374 s0050/1030] loss = 0.610675
[e374 s0100/1030] loss = 0.586866
[e374 s0150/1030] loss = 0.595972
[e374 s0200/1030] loss = 0.629088
[e374 s0250/1030] loss = 0.663234
[e374 s0300/1030] loss = 0.695904
[e374 s0350/1030] loss = 0.718833
[e374 s0400/1030] loss = 0.746329
[e374 s0450/1030] loss = 0.762256
[e374 s0500/1030] loss = 0.747312
[e374 s0550/1030] loss = 0.938016
[e374 s0600/1030] loss = 0.966346
[e374 s0650/1030] loss = 0.964071
[e374 s0700/1030] loss = 0.941883
[e374 s0750/1030] loss = 0.930875
[e374 s0800/1030] loss = 0.936012
[e374 s0850/1030] loss = 0.932287
[e374 s0900/1030] loss = 0.938779
[e374 s0950/1030] loss = 0.939177
[e374 s1000/1030] loss = 0.938612
Epoch 374: train_loss = 0.928767  MAE/GAME0 = 7.695  RMSE = 17.073  GAME1 = 10.526  GAME2 = 12.437  GAME3 = 13.383  lr = 1.00e-05  time = 13.0s
[e375 s0001/1030] loss = 1.303771
[e375 s0050/1030] loss = 1.637875
[e375 s0100/1030] loss = 1.775610
[e375 s0150/1030] loss = 1.450593
[e375 s0200/1030] loss = 1.449066
[e375 s0250/1030] loss = 1.539371
[e375 s0300/1030] loss = 1.385499
[e375 s0350/1030] loss = 1.385182
[e375 s0400/1030] loss = 1.285873
[e375 s0450/1030] loss = 1.183348
[e375 s0500/1030] loss = 1.144313
[e375 s0550/1030] loss = 1.078161
[e375 s0600/1030] loss = 1.044513
[e375 s0650/1030] loss = 1.015994
[e375 s0700/1030] loss = 0.998221
[e375 s0750/1030] loss = 0.980683
[e375 s0800/1030] loss = 1.045304
[e375 s0850/1030] loss = 1.018762
[e375 s0900/1030] loss = 1.031085
[e375 s0950/1030] loss = 1.041479
[e375 s1000/1030] loss = 1.047257
Epoch 375: train_loss = 1.035698  MAE/GAME0 = 8.790  RMSE = 19.810  GAME1 = 11.119  GAME2 = 13.198  GAME3 = 14.240  lr = 1.00e-05  time = 13.0s
[e376 s0001/1030] loss = 1.276005
[e376 s0050/1030] loss = 0.939860
[e376 s0100/1030] loss = 1.240645
[e376 s0150/1030] loss = 1.187464
[e376 s0200/1030] loss = 1.168366
[e376 s0250/1030] loss = 1.107581
[e376 s0300/1030] loss = 1.052318
[e376 s0350/1030] loss = 1.011423
[e376 s0400/1030] loss = 0.958625
[e376 s0450/1030] loss = 0.925356
[e376 s0500/1030] loss = 0.898341
[e376 s0550/1030] loss = 0.912926
[e376 s0600/1030] loss = 0.909956
[e376 s0650/1030] loss = 0.953669
[e376 s0700/1030] loss = 1.025586
[e376 s0750/1030] loss = 1.004882
[e376 s0800/1030] loss = 0.976994
[e376 s0850/1030] loss = 0.967186
[e376 s0900/1030] loss = 0.952428
[e376 s0950/1030] loss = 0.943109
[e376 s1000/1030] loss = 0.922116
Epoch 376: train_loss = 0.914940  MAE/GAME0 = 7.759  RMSE = 16.380  GAME1 = 10.429  GAME2 = 12.363  GAME3 = 13.280  lr = 1.00e-05  time = 12.9s
[e377 s0001/1030] loss = 0.818585
[e377 s0050/1030] loss = 1.117288
[e377 s0100/1030] loss = 1.069915
[e377 s0150/1030] loss = 1.127334
[e377 s0200/1030] loss = 1.164021
[e377 s0250/1030] loss = 1.138060
[e377 s0300/1030] loss = 1.066933
[e377 s0350/1030] loss = 0.993988
[e377 s0400/1030] loss = 0.963518
[e377 s0450/1030] loss = 0.934395
[e377 s0500/1030] loss = 0.950426
[e377 s0550/1030] loss = 0.945122
[e377 s0600/1030] loss = 0.918812
[e377 s0650/1030] loss = 0.910534
[e377 s0700/1030] loss = 0.923609
[e377 s0750/1030] loss = 1.296593
[e377 s0800/1030] loss = 1.334871
[e377 s0850/1030] loss = 1.305533
[e377 s0900/1030] loss = 1.283038
[e377 s0950/1030] loss = 1.250572
[e377 s1000/1030] loss = 1.219753
Epoch 377: train_loss = 1.223064  MAE/GAME0 = 9.983  RMSE = 29.234  GAME1 = 11.723  GAME2 = 13.724  GAME3 = 14.904  lr = 1.00e-05  time = 13.9s
[e378 s0001/1030] loss = 0.147407
[e378 s0050/1030] loss = 0.453467
[e378 s0100/1030] loss = 0.749717
[e378 s0150/1030] loss = 1.223980
[e378 s0200/1030] loss = 1.111891
[e378 s0250/1030] loss = 1.013269
[e378 s0300/1030] loss = 1.575995
[e378 s0350/1030] loss = 1.535147
[e378 s0400/1030] loss = 1.493026
[e378 s0450/1030] loss = 1.554779
[e378 s0500/1030] loss = 1.494536
[e378 s0550/1030] loss = 1.506893
[e378 s0600/1030] loss = 1.459207
[e378 s0650/1030] loss = 1.419332
[e378 s0700/1030] loss = 1.362373
[e378 s0750/1030] loss = 1.320081
[e378 s0800/1030] loss = 1.306021
[e378 s0850/1030] loss = 1.267063
[e378 s0900/1030] loss = 1.260790
[e378 s0950/1030] loss = 1.222010
[e378 s1000/1030] loss = 1.193912
Epoch 378: train_loss = 1.182598  MAE/GAME0 = 8.853  RMSE = 25.330  GAME1 = 10.513  GAME2 = 12.436  GAME3 = 13.490  lr = 1.00e-05  time = 12.8s
[e379 s0001/1030] loss = 0.054878
[e379 s0050/1030] loss = 0.683913
[e379 s0100/1030] loss = 0.554178
[e379 s0150/1030] loss = 0.607997
[e379 s0200/1030] loss = 0.612672
[e379 s0250/1030] loss = 0.648240
[e379 s0300/1030] loss = 0.714406
[e379 s0350/1030] loss = 0.703362
[e379 s0400/1030] loss = 0.802959
[e379 s0450/1030] loss = 0.814418
[e379 s0500/1030] loss = 0.796571
[e379 s0550/1030] loss = 0.798211
[e379 s0600/1030] loss = 0.828477
[e379 s0650/1030] loss = 0.808003
[e379 s0700/1030] loss = 0.819174
[e379 s0750/1030] loss = 0.817653
[e379 s0800/1030] loss = 0.812841
[e379 s0850/1030] loss = 0.824744
[e379 s0900/1030] loss = 0.829465
[e379 s0950/1030] loss = 0.840279
[e379 s1000/1030] loss = 0.843790
Epoch 379: train_loss = 0.852123  MAE/GAME0 = 8.372  RMSE = 19.217  GAME1 = 10.737  GAME2 = 12.828  GAME3 = 13.913  lr = 1.00e-05  time = 13.1s
[e380 s0001/1030] loss = 0.246792
[e380 s0050/1030] loss = 1.058330
[e380 s0100/1030] loss = 0.951552
[e380 s0150/1030] loss = 0.944589
[e380 s0200/1030] loss = 0.854712
[e380 s0250/1030] loss = 0.826088
[e380 s0300/1030] loss = 0.780134
[e380 s0350/1030] loss = 0.865845
[e380 s0400/1030] loss = 0.911109
[e380 s0450/1030] loss = 0.868752
[e380 s0500/1030] loss = 0.842283
[e380 s0550/1030] loss = 0.832082
[e380 s0600/1030] loss = 0.808134
[e380 s0650/1030] loss = 0.776178
[e380 s0700/1030] loss = 0.763772
[e380 s0750/1030] loss = 0.752030
[e380 s0800/1030] loss = 0.816813
[e380 s0850/1030] loss = 1.162946
[e380 s0900/1030] loss = 1.204544
[e380 s0950/1030] loss = 1.184210
[e380 s1000/1030] loss = 1.174194
Epoch 380: train_loss = 1.179759  MAE/GAME0 = 8.858  RMSE = 20.192  GAME1 = 11.102  GAME2 = 12.863  GAME3 = 13.736  lr = 1.00e-05  time = 13.0s
[e381 s0001/1030] loss = 0.103766
[e381 s0050/1030] loss = 1.630783
[e381 s0100/1030] loss = 1.259162
[e381 s0150/1030] loss = 1.201722
[e381 s0200/1030] loss = 2.744518
[e381 s0250/1030] loss = 2.348565
[e381 s0300/1030] loss = 2.121057
[e381 s0350/1030] loss = 1.928667
[e381 s0400/1030] loss = 1.759159
[e381 s0450/1030] loss = 1.714911
[e381 s0500/1030] loss = 1.664092
[e381 s0550/1030] loss = 1.582124
[e381 s0600/1030] loss = 1.509437
[e381 s0650/1030] loss = 1.454089
[e381 s0700/1030] loss = 1.434786
[e381 s0750/1030] loss = 1.376938
[e381 s0800/1030] loss = 1.331845
[e381 s0850/1030] loss = 1.318876
[e381 s0900/1030] loss = 1.306880
[e381 s0950/1030] loss = 1.292848
[e381 s1000/1030] loss = 1.283191
Epoch 381: train_loss = 1.259575  MAE/GAME0 = 8.247  RMSE = 20.351  GAME1 = 10.328  GAME2 = 12.129  GAME3 = 13.188  lr = 1.00e-05  time = 13.1s
[e382 s0001/1030] loss = 0.640906
[e382 s0050/1030] loss = 0.769286
[e382 s0100/1030] loss = 0.890298
[e382 s0150/1030] loss = 1.058229
[e382 s0200/1030] loss = 1.146573
[e382 s0250/1030] loss = 1.069599
[e382 s0300/1030] loss = 1.086460
[e382 s0350/1030] loss = 1.086870
[e382 s0400/1030] loss = 1.159984
[e382 s0450/1030] loss = 1.109569
[e382 s0500/1030] loss = 1.202405
[e382 s0550/1030] loss = 1.153974
[e382 s0600/1030] loss = 1.105875
[e382 s0650/1030] loss = 1.077857
[e382 s0700/1030] loss = 1.044102
[e382 s0750/1030] loss = 1.005757
[e382 s0800/1030] loss = 0.978755
[e382 s0850/1030] loss = 0.980241
[e382 s0900/1030] loss = 0.985856
[e382 s0950/1030] loss = 0.962764
[e382 s1000/1030] loss = 0.986519
Epoch 382: train_loss = 0.980534  MAE/GAME0 = 7.642  RMSE = 15.572  GAME1 = 10.380  GAME2 = 12.374  GAME3 = 13.480  lr = 1.00e-05  time = 13.1s
[e383 s0001/1030] loss = 0.124466
[e383 s0050/1030] loss = 0.895636
[e383 s0100/1030] loss = 1.031809
[e383 s0150/1030] loss = 1.079253
[e383 s0200/1030] loss = 2.008837
[e383 s0250/1030] loss = 1.845201
[e383 s0300/1030] loss = 1.688054
[e383 s0350/1030] loss = 1.630320
[e383 s0400/1030] loss = 1.589621
[e383 s0450/1030] loss = 1.482122
[e383 s0500/1030] loss = 1.464403
[e383 s0550/1030] loss = 1.429847
[e383 s0600/1030] loss = 1.423660
[e383 s0650/1030] loss = 1.353549
[e383 s0700/1030] loss = 1.326536
[e383 s0750/1030] loss = 1.298031
[e383 s0800/1030] loss = 1.251694
[e383 s0850/1030] loss = 1.251560
[e383 s0900/1030] loss = 1.211552
[e383 s0950/1030] loss = 1.193929
[e383 s1000/1030] loss = 1.161021
Epoch 383: train_loss = 1.172278  MAE/GAME0 = 8.602  RMSE = 23.760  GAME1 = 10.759  GAME2 = 12.613  GAME3 = 13.550  lr = 1.00e-05  time = 13.0s
[e384 s0001/1030] loss = 0.036979
[e384 s0050/1030] loss = 2.836097
[e384 s0100/1030] loss = 1.827817
[e384 s0150/1030] loss = 1.530575
[e384 s0200/1030] loss = 1.378591
[e384 s0250/1030] loss = 1.373510
[e384 s0300/1030] loss = 1.273492
[e384 s0350/1030] loss = 1.205063
[e384 s0400/1030] loss = 1.117379
[e384 s0450/1030] loss = 1.063462
[e384 s0500/1030] loss = 1.066883
[e384 s0550/1030] loss = 1.024180
[e384 s0600/1030] loss = 1.020283
[e384 s0650/1030] loss = 0.994872
[e384 s0700/1030] loss = 0.959896
[e384 s0750/1030] loss = 0.945382
[e384 s0800/1030] loss = 0.924776
[e384 s0850/1030] loss = 0.970093
[e384 s0900/1030] loss = 0.944701
[e384 s0950/1030] loss = 0.942603
[e384 s1000/1030] loss = 0.939584
Epoch 384: train_loss = 0.947580  MAE/GAME0 = 8.939  RMSE = 23.445  GAME1 = 11.179  GAME2 = 13.175  GAME3 = 14.231  lr = 1.00e-05  time = 13.0s
[e385 s0001/1030] loss = 1.082290
[e385 s0050/1030] loss = 1.079208
[e385 s0100/1030] loss = 1.331340
[e385 s0150/1030] loss = 1.152565
[e385 s0200/1030] loss = 1.033824
[e385 s0250/1030] loss = 0.938382
[e385 s0300/1030] loss = 0.889332
[e385 s0350/1030] loss = 0.877912
[e385 s0400/1030] loss = 0.855611
[e385 s0450/1030] loss = 0.857962
[e385 s0500/1030] loss = 0.825607
[e385 s0550/1030] loss = 0.836214
[e385 s0600/1030] loss = 0.844504
[e385 s0650/1030] loss = 0.824931
[e385 s0700/1030] loss = 0.820338
[e385 s0750/1030] loss = 0.824081
[e385 s0800/1030] loss = 0.811146
[e385 s0850/1030] loss = 0.819484
[e385 s0900/1030] loss = 0.850060
[e385 s0950/1030] loss = 1.258891
[e385 s1000/1030] loss = 1.322885
Epoch 385: train_loss = 1.316023  MAE/GAME0 = 9.242  RMSE = 19.593  GAME1 = 11.452  GAME2 = 13.699  GAME3 = 14.632  lr = 1.00e-05  time = 13.0s
[e386 s0001/1030] loss = 1.192922
[e386 s0050/1030] loss = 0.817234
[e386 s0100/1030] loss = 0.739750
[e386 s0150/1030] loss = 0.708598
[e386 s0200/1030] loss = 0.802669
[e386 s0250/1030] loss = 1.002326
[e386 s0300/1030] loss = 1.723575
[e386 s0350/1030] loss = 1.700285
[e386 s0400/1030] loss = 1.599720
[e386 s0450/1030] loss = 1.512694
[e386 s0500/1030] loss = 1.423522
[e386 s0550/1030] loss = 1.380555
[e386 s0600/1030] loss = 1.363400
[e386 s0650/1030] loss = 1.306092
[e386 s0700/1030] loss = 1.247651
[e386 s0750/1030] loss = 1.219068
[e386 s0800/1030] loss = 1.192405
[e386 s0850/1030] loss = 1.195644
[e386 s0900/1030] loss = 1.174735
[e386 s0950/1030] loss = 1.164253
[e386 s1000/1030] loss = 1.128664
Epoch 386: train_loss = 1.118888  MAE/GAME0 = 10.160  RMSE = 31.487  GAME1 = 11.967  GAME2 = 13.921  GAME3 = 15.085  lr = 1.00e-05  time = 13.1s
[e387 s0001/1030] loss = 0.278833
[e387 s0050/1030] loss = 0.867547
[e387 s0100/1030] loss = 1.185141
[e387 s0150/1030] loss = 1.022119
[e387 s0200/1030] loss = 0.963011
[e387 s0250/1030] loss = 0.905046
[e387 s0300/1030] loss = 0.847052
[e387 s0350/1030] loss = 0.825286
[e387 s0400/1030] loss = 0.848753
[e387 s0450/1030] loss = 0.816260
[e387 s0500/1030] loss = 0.816627
[e387 s0550/1030] loss = 0.797513
[e387 s0600/1030] loss = 0.784935
[e387 s0650/1030] loss = 0.770293
[e387 s0700/1030] loss = 0.799656
[e387 s0750/1030] loss = 0.797253
[e387 s0800/1030] loss = 0.798457
[e387 s0850/1030] loss = 0.807586
[e387 s0900/1030] loss = 0.827273
[e387 s0950/1030] loss = 0.836071
[e387 s1000/1030] loss = 0.837555
Epoch 387: train_loss = 0.989438  MAE/GAME0 = 8.395  RMSE = 23.174  GAME1 = 10.385  GAME2 = 12.178  GAME3 = 13.336  lr = 1.00e-05  time = 13.1s
[e388 s0001/1030] loss = 0.342940
[e388 s0050/1030] loss = 0.682842
[e388 s0100/1030] loss = 0.691818
[e388 s0150/1030] loss = 0.645819
[e388 s0200/1030] loss = 0.855267
[e388 s0250/1030] loss = 0.884019
[e388 s0300/1030] loss = 0.839838
[e388 s0350/1030] loss = 0.865275
[e388 s0400/1030] loss = 0.992610
[e388 s0450/1030] loss = 0.983483
[e388 s0500/1030] loss = 0.950296
[e388 s0550/1030] loss = 0.933467
[e388 s0600/1030] loss = 0.934783
[e388 s0650/1030] loss = 0.927037
[e388 s0700/1030] loss = 0.912715
[e388 s0750/1030] loss = 0.898365
[e388 s0800/1030] loss = 0.873620
[e388 s0850/1030] loss = 0.871036
[e388 s0900/1030] loss = 0.893431
[e388 s0950/1030] loss = 0.888377
[e388 s1000/1030] loss = 0.878368
Epoch 388: train_loss = 0.877976  MAE/GAME0 = 8.556  RMSE = 19.432  GAME1 = 10.828  GAME2 = 12.932  GAME3 = 13.951  lr = 1.00e-05  time = 13.1s
[e389 s0001/1030] loss = 0.684707
[e389 s0050/1030] loss = 0.672047
[e389 s0100/1030] loss = 0.853681
[e389 s0150/1030] loss = 0.819710
[e389 s0200/1030] loss = 0.745689
[e389 s0250/1030] loss = 0.859446
[e389 s0300/1030] loss = 0.910706
[e389 s0350/1030] loss = 0.923105
[e389 s0400/1030] loss = 0.880093
[e389 s0450/1030] loss = 0.845880
[e389 s0500/1030] loss = 0.861988
[e389 s0550/1030] loss = 0.893221
[e389 s0600/1030] loss = 0.927801
[e389 s0650/1030] loss = 0.936715
[e389 s0700/1030] loss = 0.923098
[e389 s0750/1030] loss = 0.910999
[e389 s0800/1030] loss = 0.977498
[e389 s0850/1030] loss = 0.970364
[e389 s0900/1030] loss = 0.983566
[e389 s0950/1030] loss = 0.975639
[e389 s1000/1030] loss = 0.997691
Epoch 389: train_loss = 0.986980  MAE/GAME0 = 8.086  RMSE = 21.024  GAME1 = 10.167  GAME2 = 12.076  GAME3 = 13.093  lr = 1.00e-05  time = 13.0s
[e390 s0001/1030] loss = 0.173375
[e390 s0050/1030] loss = 0.457494
[e390 s0100/1030] loss = 0.654701
[e390 s0150/1030] loss = 0.612133
[e390 s0200/1030] loss = 0.745716
[e390 s0250/1030] loss = 0.743582
[e390 s0300/1030] loss = 0.754021
[e390 s0350/1030] loss = 0.832185
[e390 s0400/1030] loss = 0.809015
[e390 s0450/1030] loss = 0.775060
[e390 s0500/1030] loss = 0.804907
[e390 s0550/1030] loss = 0.806172
[e390 s0600/1030] loss = 0.847730
[e390 s0650/1030] loss = 0.856884
[e390 s0700/1030] loss = 0.933933
[e390 s0750/1030] loss = 0.923164
[e390 s0800/1030] loss = 0.947335
[e390 s0850/1030] loss = 0.936755
[e390 s0900/1030] loss = 0.939680
[e390 s0950/1030] loss = 0.942964
[e390 s1000/1030] loss = 0.949485
Epoch 390: train_loss = 0.937688  MAE/GAME0 = 8.469  RMSE = 14.376  GAME1 = 11.784  GAME2 = 13.876  GAME3 = 15.000  lr = 1.00e-05  time = 12.9s
[e391 s0001/1030] loss = 0.571296
[e391 s0050/1030] loss = 1.443917
[e391 s0100/1030] loss = 4.888838
[e391 s0150/1030] loss = 3.572459
[e391 s0200/1030] loss = 2.926663
[e391 s0250/1030] loss = 2.538607
[e391 s0300/1030] loss = 2.345530
[e391 s0350/1030] loss = 2.104005
[e391 s0400/1030] loss = 1.911254
[e391 s0450/1030] loss = 1.860132
[e391 s0500/1030] loss = 1.743152
[e391 s0550/1030] loss = 1.669429
[e391 s0600/1030] loss = 1.575353
[e391 s0650/1030] loss = 1.592913
[e391 s0700/1030] loss = 1.595235
[e391 s0750/1030] loss = 1.541609
[e391 s0800/1030] loss = 1.545491
[e391 s0850/1030] loss = 1.504686
[e391 s0900/1030] loss = 1.475397
[e391 s0950/1030] loss = 1.425700
[e391 s1000/1030] loss = 1.379514
Epoch 391: train_loss = 1.356021  MAE/GAME0 = 9.534  RMSE = 31.251  GAME1 = 11.185  GAME2 = 13.066  GAME3 = 14.178  lr = 1.00e-05  time = 13.0s
[e392 s0001/1030] loss = 1.761137
[e392 s0050/1030] loss = 1.162867
[e392 s0100/1030] loss = 0.947289
[e392 s0150/1030] loss = 0.792667
[e392 s0200/1030] loss = 0.989387
[e392 s0250/1030] loss = 0.957626
[e392 s0300/1030] loss = 1.033521
[e392 s0350/1030] loss = 0.985648
[e392 s0400/1030] loss = 0.982744
[e392 s0450/1030] loss = 0.926304
[e392 s0500/1030] loss = 0.916752
[e392 s0550/1030] loss = 0.968380
[e392 s0600/1030] loss = 0.951465
[e392 s0650/1030] loss = 1.195192
[e392 s0700/1030] loss = 1.170683
[e392 s0750/1030] loss = 1.153304
[e392 s0800/1030] loss = 1.143465
[e392 s0850/1030] loss = 1.111793
[e392 s0900/1030] loss = 1.098063
[e392 s0950/1030] loss = 1.068907
[e392 s1000/1030] loss = 1.050354
Epoch 392: train_loss = 1.042972  MAE/GAME0 = 8.277  RMSE = 20.684  GAME1 = 10.326  GAME2 = 12.226  GAME3 = 13.296  lr = 1.00e-05  time = 13.1s
[e393 s0001/1030] loss = 0.127897
[e393 s0050/1030] loss = 1.196433
[e393 s0100/1030] loss = 1.145947
[e393 s0150/1030] loss = 3.249386
[e393 s0200/1030] loss = 2.634313
[e393 s0250/1030] loss = 2.254182
[e393 s0300/1030] loss = 2.054238
[e393 s0350/1030] loss = 1.950127
[e393 s0400/1030] loss = 1.814380
[e393 s0450/1030] loss = 1.710356
[e393 s0500/1030] loss = 1.597444
[e393 s0550/1030] loss = 1.531226
[e393 s0600/1030] loss = 1.488102
[e393 s0650/1030] loss = 1.438766
[e393 s0700/1030] loss = 1.469482
[e393 s0750/1030] loss = 1.401038
[e393 s0800/1030] loss = 1.360301
[e393 s0850/1030] loss = 1.349367
[e393 s0900/1030] loss = 1.316493
[e393 s0950/1030] loss = 1.307786
[e393 s1000/1030] loss = 1.298327
Epoch 393: train_loss = 1.287702  MAE/GAME0 = 8.350  RMSE = 22.663  GAME1 = 10.200  GAME2 = 11.972  GAME3 = 13.091  lr = 1.00e-05  time = 15.4s
[e394 s0001/1030] loss = 1.035871
[e394 s0050/1030] loss = 0.589178
[e394 s0100/1030] loss = 1.091302
[e394 s0150/1030] loss = 0.883086
[e394 s0200/1030] loss = 1.200186
[e394 s0250/1030] loss = 1.054949
[e394 s0300/1030] loss = 0.977479
[e394 s0350/1030] loss = 0.971368
[e394 s0400/1030] loss = 0.960004
[e394 s0450/1030] loss = 0.935245
[e394 s0500/1030] loss = 0.918253
[e394 s0550/1030] loss = 0.915191
[e394 s0600/1030] loss = 0.885509
[e394 s0650/1030] loss = 0.880497
[e394 s0700/1030] loss = 0.862285
[e394 s0750/1030] loss = 0.872198
[e394 s0800/1030] loss = 0.866535
[e394 s0850/1030] loss = 0.852972
[e394 s0900/1030] loss = 0.844095
[e394 s0950/1030] loss = 0.857730
[e394 s1000/1030] loss = 0.851274
Epoch 394: train_loss = 0.843795  MAE/GAME0 = 8.185  RMSE = 18.705  GAME1 = 10.389  GAME2 = 12.137  GAME3 = 12.938  lr = 1.00e-05  time = 13.1s
[e395 s0001/1030] loss = 0.381810
[e395 s0050/1030] loss = 0.730256
[e395 s0100/1030] loss = 0.736912
[e395 s0150/1030] loss = 0.874164
[e395 s0200/1030] loss = 0.844532
[e395 s0250/1030] loss = 0.809340
[e395 s0300/1030] loss = 0.774724
[e395 s0350/1030] loss = 0.764421
[e395 s0400/1030] loss = 0.771298
[e395 s0450/1030] loss = 0.863340
[e395 s0500/1030] loss = 0.931756
[e395 s0550/1030] loss = 0.922157
[e395 s0600/1030] loss = 0.896184
[e395 s0650/1030] loss = 0.931120
[e395 s0700/1030] loss = 0.907346
[e395 s0750/1030] loss = 0.894933
[e395 s0800/1030] loss = 0.886297
[e395 s0850/1030] loss = 0.875399
[e395 s0900/1030] loss = 0.879148
[e395 s0950/1030] loss = 0.861158
[e395 s1000/1030] loss = 0.868901
Epoch 395: train_loss = 0.866439  MAE/GAME0 = 7.989  RMSE = 19.498  GAME1 = 10.178  GAME2 = 12.105  GAME3 = 13.036  lr = 1.00e-05  time = 12.9s
[e396 s0001/1030] loss = 0.254901
[e396 s0050/1030] loss = 0.550414
[e396 s0100/1030] loss = 0.678211
[e396 s0150/1030] loss = 0.709964
[e396 s0200/1030] loss = 0.853653
[e396 s0250/1030] loss = 0.904799
[e396 s0300/1030] loss = 1.129420
[e396 s0350/1030] loss = 1.090728
[e396 s0400/1030] loss = 1.061773
[e396 s0450/1030] loss = 1.039034
[e396 s0500/1030] loss = 1.010624
[e396 s0550/1030] loss = 1.139521
[e396 s0600/1030] loss = 1.165556
[e396 s0650/1030] loss = 1.117384
[e396 s0700/1030] loss = 1.098012
[e396 s0750/1030] loss = 1.070619
[e396 s0800/1030] loss = 1.036572
[e396 s0850/1030] loss = 1.008197
[e396 s0900/1030] loss = 1.014987
[e396 s0950/1030] loss = 0.994928
[e396 s1000/1030] loss = 0.979979
Epoch 396: train_loss = 0.977452  MAE/GAME0 = 8.638  RMSE = 24.552  GAME1 = 10.766  GAME2 = 12.804  GAME3 = 13.847  lr = 1.00e-05  time = 13.1s
[e397 s0001/1030] loss = 0.436944
[e397 s0050/1030] loss = 0.527563
[e397 s0100/1030] loss = 0.645628
[e397 s0150/1030] loss = 0.671742
[e397 s0200/1030] loss = 0.621192
[e397 s0250/1030] loss = 0.640201
[e397 s0300/1030] loss = 0.749804
[e397 s0350/1030] loss = 0.810012
[e397 s0400/1030] loss = 0.882685
[e397 s0450/1030] loss = 0.974551
[e397 s0500/1030] loss = 0.965684
[e397 s0550/1030] loss = 0.991248
[e397 s0600/1030] loss = 1.009677
[e397 s0650/1030] loss = 0.989751
[e397 s0700/1030] loss = 0.989073
[e397 s0750/1030] loss = 0.985260
[e397 s0800/1030] loss = 0.954197
[e397 s0850/1030] loss = 0.936518
[e397 s0900/1030] loss = 0.955427
[e397 s0950/1030] loss = 0.942187
[e397 s1000/1030] loss = 0.921142
Epoch 397: train_loss = 0.927277  MAE/GAME0 = 9.522  RMSE = 23.948  GAME1 = 11.608  GAME2 = 13.729  GAME3 = 14.887  lr = 1.00e-05  time = 12.9s
[e398 s0001/1030] loss = 1.900208
[e398 s0050/1030] loss = 0.950274
[e398 s0100/1030] loss = 0.970622
[e398 s0150/1030] loss = 0.829454
[e398 s0200/1030] loss = 0.915653
[e398 s0250/1030] loss = 0.871737
[e398 s0300/1030] loss = 0.848753
[e398 s0350/1030] loss = 0.934333
[e398 s0400/1030] loss = 0.917466
[e398 s0450/1030] loss = 0.904900
[e398 s0500/1030] loss = 0.884238
[e398 s0550/1030] loss = 0.864828
[e398 s0600/1030] loss = 0.828380
[e398 s0650/1030] loss = 0.989192
[e398 s0700/1030] loss = 0.986450
[e398 s0750/1030] loss = 0.969513
[e398 s0800/1030] loss = 1.032818
[e398 s0850/1030] loss = 1.019409
[e398 s0900/1030] loss = 1.018042
[e398 s0950/1030] loss = 0.991327
[e398 s1000/1030] loss = 0.984108
Epoch 398: train_loss = 0.979789  MAE/GAME0 = 7.586  RMSE = 14.932  GAME1 = 10.694  GAME2 = 12.515  GAME3 = 13.418  lr = 1.00e-05  time = 12.8s
[e399 s0001/1030] loss = 1.683784
[e399 s0050/1030] loss = 0.825486
[e399 s0100/1030] loss = 0.931184
[e399 s0150/1030] loss = 0.911041
[e399 s0200/1030] loss = 0.834108
[e399 s0250/1030] loss = 0.852465
[e399 s0300/1030] loss = 0.848698
[e399 s0350/1030] loss = 0.848186
[e399 s0400/1030] loss = 0.806951
[e399 s0450/1030] loss = 0.834683
[e399 s0500/1030] loss = 1.095404
[e399 s0550/1030] loss = 1.053007
[e399 s0600/1030] loss = 1.112102
[e399 s0650/1030] loss = 1.077050
[e399 s0700/1030] loss = 1.061520
[e399 s0750/1030] loss = 1.044659
[e399 s0800/1030] loss = 1.038856
[e399 s0850/1030] loss = 1.024530
[e399 s0900/1030] loss = 1.024843
[e399 s0950/1030] loss = 1.000963
[e399 s1000/1030] loss = 1.008979
Epoch 399: train_loss = 1.019358  MAE/GAME0 = 9.415  RMSE = 14.440  GAME1 = 13.184  GAME2 = 15.213  GAME3 = 16.295  lr = 1.00e-05  time = 13.0s
[e400 s0001/1030] loss = 1.404545
[e400 s0050/1030] loss = 1.383550
[e400 s0100/1030] loss = 1.254239
[e400 s0150/1030] loss = 0.981760
[e400 s0200/1030] loss = 0.984433
[e400 s0250/1030] loss = 0.944376
[e400 s0300/1030] loss = 0.920821
[e400 s0350/1030] loss = 0.897425
[e400 s0400/1030] loss = 0.952982
[e400 s0450/1030] loss = 0.944909
[e400 s0500/1030] loss = 0.918226
[e400 s0550/1030] loss = 0.869096
[e400 s0600/1030] loss = 0.902719
[e400 s0650/1030] loss = 0.870905
[e400 s0700/1030] loss = 0.855201
[e400 s0750/1030] loss = 0.838394
[e400 s0800/1030] loss = 0.842300
[e400 s0850/1030] loss = 0.833568
[e400 s0900/1030] loss = 0.832994
[e400 s0950/1030] loss = 0.828869
[e400 s1000/1030] loss = 0.883910
Epoch 400: train_loss = 0.931631  MAE/GAME0 = 8.307  RMSE = 20.947  GAME1 = 10.352  GAME2 = 12.339  GAME3 = 13.350  lr = 1.00e-05  time = 13.2s
[done] best_mae = 7.586  best_path = /scratch/users/ntu/kenneth0/FYP-SmartObjectCounter/outputs/train_rgbt_late_e400/12844540.pbs101_20260207_174356/best.pth
