[log] /scratch/users/ntu/kenneth0/FYP-SmartObjectCounter/logs/train_rgbt_adaptive_fpn_lite_cal_align_tuned_e400_13439345.pbs101_20260330_121126.log
[job] name=train_rgbt_adaptive_fpn_lite_cal_align_tuned_e400 id=13439345.pbs101 host=x1000c0s0b0n0 time=Mon Mar 30 12:11:26 +08 2026
torch 2.6.0+cu118 cuda True
[init] warm-start base = /scratch/users/ntu/kenneth0/FYP-SmartObjectCounter/outputs/train_rgbt_base_e400/13092178.pbs101_20260309_120948/best.pth
[init] device = cuda
[init] val_fullres = True (split=val, img=768x1024)
[init] train = 1030  val = 200  workers = 4
[init] warm-start base from /scratch/users/ntu/kenneth0/FYP-SmartObjectCounter/outputs/train_rgbt_base_e400/13092178.pbs101_20260309_120948/best.pth (missing=18 unexpected=0)
/scratch/users/ntu/kenneth0/FYP-SmartObjectCounter/scripts/train_rgbt_align.py:535: FutureWarning: `torch.cuda.amp.GradScaler(args...)` is deprecated. Please use `torch.amp.GradScaler('cuda', args...)` instead.
  scaler = GradScaler(enabled = bool(args.amp))
[init] adaptive_lite optimizer groups: backbone_params=16264064 head_params=177096
[e001 s0001/1030] loss = 0.916400
[e001 s0050/1030] loss = 0.518710
[e001 s0100/1030] loss = 0.465674
[e001 s0150/1030] loss = 0.417469
[e001 s0200/1030] loss = 0.433957
[e001 s0250/1030] loss = 0.436098
[e001 s0300/1030] loss = 0.455164
[e001 s0350/1030] loss = 0.449489
[e001 s0400/1030] loss = 0.488270
[e001 s0450/1030] loss = 1.066299
[e001 s0500/1030] loss = 1.006725
[e001 s0550/1030] loss = 0.960468
[e001 s0600/1030] loss = 0.936153
[e001 s0650/1030] loss = 0.925352
[e001 s0700/1030] loss = 0.914666
[e001 s0750/1030] loss = 0.894128
[e001 s0800/1030] loss = 0.868916
[e001 s0850/1030] loss = 0.899239
[e001 s0900/1030] loss = 0.876793
[e001 s0950/1030] loss = 0.878640
[e001 s1000/1030] loss = 0.855309
Epoch 001: train_loss = 0.858952  MAE/GAME0 = 18.450  RMSE = 42.118  GAME1 = 22.294  GAME2 = 26.486  GAME3 = 31.281  lr = 1.01e-06  kd = 1.00  time = 19.9s
[e002 s0001/1030] loss = 0.211138
[e002 s0050/1030] loss = 0.458945
[e002 s0100/1030] loss = 0.472189
[e002 s0150/1030] loss = 0.519827
[e002 s0200/1030] loss = 0.538058
[e002 s0250/1030] loss = 0.577525
[e002 s0300/1030] loss = 0.591401
[e002 s0350/1030] loss = 0.934274
[e002 s0400/1030] loss = 0.928447
[e002 s0450/1030] loss = 1.255572
[e002 s0500/1030] loss = 1.229554
[e002 s0550/1030] loss = 1.163524
[e002 s0600/1030] loss = 1.145451
[e002 s0650/1030] loss = 1.155155
[e002 s0700/1030] loss = 1.122176
[e002 s0750/1030] loss = 1.078661
[e002 s0800/1030] loss = 1.067533
[e002 s0850/1030] loss = 1.063613
[e002 s0900/1030] loss = 1.032219
[e002 s0950/1030] loss = 1.005300
[e002 s1000/1030] loss = 0.990875
Epoch 002: train_loss = 0.975448  MAE/GAME0 = 18.451  RMSE = 42.122  GAME1 = 22.295  GAME2 = 26.487  GAME3 = 31.282  lr = 1.06e-06  kd = 1.00  time = 13.4s
[e003 s0001/1030] loss = 0.001007
[e003 s0050/1030] loss = 0.416634
[e003 s0100/1030] loss = 0.555639
[e003 s0150/1030] loss = 0.581002
[e003 s0200/1030] loss = 2.035278
[e003 s0250/1030] loss = 1.686746
[e003 s0300/1030] loss = 1.535730
[e003 s0350/1030] loss = 1.387722
[e003 s0400/1030] loss = 1.300545
[e003 s0450/1030] loss = 1.190214
[e003 s0500/1030] loss = 1.126748
[e003 s0550/1030] loss = 1.066812
[e003 s0600/1030] loss = 1.051835
[e003 s0650/1030] loss = 1.002578
[e003 s0700/1030] loss = 0.980109
[e003 s0750/1030] loss = 0.953585
[e003 s0800/1030] loss = 0.927628
[e003 s0850/1030] loss = 0.925003
[e003 s0900/1030] loss = 0.959136
[e003 s0950/1030] loss = 0.947367
[e003 s1000/1030] loss = 0.929021
Epoch 003: train_loss = 0.943235  MAE/GAME0 = 18.450  RMSE = 42.119  GAME1 = 22.294  GAME2 = 26.487  GAME3 = 31.282  lr = 1.12e-06  kd = 1.00  time = 13.3s
[e004 s0001/1030] loss = 0.150935
[e004 s0050/1030] loss = 0.351531
[e004 s0100/1030] loss = 0.464482
[e004 s0150/1030] loss = 0.511449
[e004 s0200/1030] loss = 0.536171
[e004 s0250/1030] loss = 0.501491
[e004 s0300/1030] loss = 0.520414
[e004 s0350/1030] loss = 0.641111
[e004 s0400/1030] loss = 0.642431
[e004 s0450/1030] loss = 0.633624
[e004 s0500/1030] loss = 0.604880
[e004 s0550/1030] loss = 0.600076
[e004 s0600/1030] loss = 0.615592
[e004 s0650/1030] loss = 0.619524
[e004 s0700/1030] loss = 0.590458
[e004 s0750/1030] loss = 0.613392
[e004 s0800/1030] loss = 0.623148
[e004 s0850/1030] loss = 0.821259
[e004 s0900/1030] loss = 0.809242
[e004 s0950/1030] loss = 0.833175
[e004 s1000/1030] loss = 0.839351
Epoch 004: train_loss = 0.859157  MAE/GAME0 = 18.448  RMSE = 42.114  GAME1 = 22.293  GAME2 = 26.485  GAME3 = 31.281  lr = 1.22e-06  kd = 1.00  time = 13.7s
[e005 s0001/1030] loss = 0.132901
[e005 s0050/1030] loss = 0.491821
[e005 s0100/1030] loss = 0.467431
[e005 s0150/1030] loss = 0.510484
[e005 s0200/1030] loss = 0.502297
[e005 s0250/1030] loss = 0.653959
[e005 s0300/1030] loss = 0.634384
[e005 s0350/1030] loss = 0.605403
[e005 s0400/1030] loss = 0.665652
[e005 s0450/1030] loss = 0.647759
[e005 s0500/1030] loss = 0.644521
[e005 s0550/1030] loss = 0.656219
[e005 s0600/1030] loss = 0.627540
[e005 s0650/1030] loss = 0.771250
[e005 s0700/1030] loss = 0.751179
[e005 s0750/1030] loss = 0.745102
[e005 s0800/1030] loss = 0.714180
[e005 s0850/1030] loss = 0.701777
[e005 s0900/1030] loss = 0.681715
[e005 s0950/1030] loss = 0.666637
[e005 s1000/1030] loss = 0.691391
Epoch 005: train_loss = 0.684217  MAE/GAME0 = 18.449  RMSE = 42.117  GAME1 = 22.294  GAME2 = 26.486  GAME3 = 31.281  lr = 1.34e-06  kd = 1.00  time = 13.3s
[e006 s0001/1030] loss = 0.085469
[e006 s0050/1030] loss = 0.522242
[e006 s0100/1030] loss = 0.592673
[e006 s0150/1030] loss = 0.604484
[e006 s0200/1030] loss = 0.582791
[e006 s0250/1030] loss = 0.563831
[e006 s0300/1030] loss = 0.563581
[e006 s0350/1030] loss = 0.564621
[e006 s0400/1030] loss = 1.224764
[e006 s0450/1030] loss = 1.125063
[e006 s0500/1030] loss = 1.059926
[e006 s0550/1030] loss = 1.006695
[e006 s0600/1030] loss = 0.975401
[e006 s0650/1030] loss = 1.078439
[e006 s0700/1030] loss = 1.054130
[e006 s0750/1030] loss = 1.048381
[e006 s0800/1030] loss = 1.069255
[e006 s0850/1030] loss = 1.060598
[e006 s0900/1030] loss = 1.037886
[e006 s0950/1030] loss = 1.097212
[e006 s1000/1030] loss = 1.078580
Epoch 006: train_loss = 1.068527  MAE/GAME0 = 18.446  RMSE = 42.111  GAME1 = 22.291  GAME2 = 26.484  GAME3 = 31.280  lr = 1.49e-06  kd = 1.00  time = 13.4s
[e007 s0001/1030] loss = 3.527523
[e007 s0050/1030] loss = 0.868456
[e007 s0100/1030] loss = 0.790828
[e007 s0150/1030] loss = 0.766982
[e007 s0200/1030] loss = 0.683874
[e007 s0250/1030] loss = 0.768609
[e007 s0300/1030] loss = 0.769342
[e007 s0350/1030] loss = 0.795646
[e007 s0400/1030] loss = 1.109519
[e007 s0450/1030] loss = 1.129761
[e007 s0500/1030] loss = 1.069672
[e007 s0550/1030] loss = 1.053911
[e007 s0600/1030] loss = 1.006234
[e007 s0650/1030] loss = 0.980737
[e007 s0700/1030] loss = 0.948678
[e007 s0750/1030] loss = 0.921510
[e007 s0800/1030] loss = 0.897414
[e007 s0850/1030] loss = 0.902234
[e007 s0900/1030] loss = 0.893016
[e007 s0950/1030] loss = 0.895616
[e007 s1000/1030] loss = 0.889257
Epoch 007: train_loss = 0.888016  MAE/GAME0 = 18.445  RMSE = 42.109  GAME1 = 22.290  GAME2 = 26.483  GAME3 = 31.279  lr = 1.66e-06  kd = 1.00  time = 13.2s
[e008 s0001/1030] loss = 1.198841
[e008 s0050/1030] loss = 0.570124
[e008 s0100/1030] loss = 0.656435
[e008 s0150/1030] loss = 0.888315
[e008 s0200/1030] loss = 0.842032
[e008 s0250/1030] loss = 0.849290
[e008 s0300/1030] loss = 0.825014
[e008 s0350/1030] loss = 0.794167
[e008 s0400/1030] loss = 0.811970
[e008 s0450/1030] loss = 1.045859
[e008 s0500/1030] loss = 0.980043
[e008 s0550/1030] loss = 0.984950
[e008 s0600/1030] loss = 0.948039
[e008 s0650/1030] loss = 0.940478
[e008 s0700/1030] loss = 0.925999
[e008 s0750/1030] loss = 0.899079
[e008 s0800/1030] loss = 0.871301
[e008 s0850/1030] loss = 0.842187
[e008 s0900/1030] loss = 0.845277
[e008 s0950/1030] loss = 0.838150
[e008 s1000/1030] loss = 0.816393
Epoch 008: train_loss = 0.820552  MAE/GAME0 = 18.444  RMSE = 42.110  GAME1 = 22.290  GAME2 = 26.483  GAME3 = 31.279  lr = 1.86e-06  kd = 1.00  time = 13.1s
[e009 s0001/1030] loss = 0.087821
[e009 s0050/1030] loss = 0.839962
[e009 s0100/1030] loss = 1.479267
[e009 s0150/1030] loss = 1.258089
[e009 s0200/1030] loss = 1.705331
[e009 s0250/1030] loss = 1.407019
[e009 s0300/1030] loss = 1.296891
[e009 s0350/1030] loss = 1.167124
[e009 s0400/1030] loss = 1.109017
[e009 s0450/1030] loss = 1.053711
[e009 s0500/1030] loss = 0.998422
[e009 s0550/1030] loss = 0.979354
[e009 s0600/1030] loss = 0.944824
[e009 s0650/1030] loss = 0.903428
[e009 s0700/1030] loss = 0.870106
[e009 s0750/1030] loss = 0.865086
[e009 s0800/1030] loss = 0.862211
[e009 s0850/1030] loss = 0.841012
[e009 s0900/1030] loss = 0.822410
[e009 s0950/1030] loss = 0.802390
[e009 s1000/1030] loss = 0.808426
Epoch 009: train_loss = 0.802643  MAE/GAME0 = 18.444  RMSE = 42.110  GAME1 = 22.289  GAME2 = 26.482  GAME3 = 31.279  lr = 2.08e-06  kd = 1.00  time = 13.2s
[e010 s0001/1030] loss = 0.154233
[e010 s0050/1030] loss = 0.986098
[e010 s0100/1030] loss = 0.817693
[e010 s0150/1030] loss = 0.764064
[e010 s0200/1030] loss = 0.718971
[e010 s0250/1030] loss = 0.704873
[e010 s0300/1030] loss = 0.715498
[e010 s0350/1030] loss = 0.693545
[e010 s0400/1030] loss = 0.753985
[e010 s0450/1030] loss = 0.952330
[e010 s0500/1030] loss = 0.914860
[e010 s0550/1030] loss = 0.872999
[e010 s0600/1030] loss = 0.853473
[e010 s0650/1030] loss = 0.831938
[e010 s0700/1030] loss = 0.830584
[e010 s0750/1030] loss = 0.795822
[e010 s0800/1030] loss = 0.775305
[e010 s0850/1030] loss = 0.762169
[e010 s0900/1030] loss = 0.788930
[e010 s0950/1030] loss = 0.794505
[e010 s1000/1030] loss = 0.777597
Epoch 010: train_loss = 0.776824  MAE/GAME0 = 18.441  RMSE = 42.105  GAME1 = 22.287  GAME2 = 26.481  GAME3 = 31.278  lr = 2.32e-06  kd = 1.00  time = 13.3s
[e011 s0001/1030] loss = 0.130998
[e011 s0050/1030] loss = 0.518666
[e011 s0100/1030] loss = 0.702909
[e011 s0150/1030] loss = 0.758922
[e011 s0200/1030] loss = 0.805527
[e011 s0250/1030] loss = 0.714539
[e011 s0300/1030] loss = 0.667757
[e011 s0350/1030] loss = 0.665522
[e011 s0400/1030] loss = 0.707056
[e011 s0450/1030] loss = 0.666441
[e011 s0500/1030] loss = 0.638322
[e011 s0550/1030] loss = 0.650999
[e011 s0600/1030] loss = 0.633051
[e011 s0650/1030] loss = 0.631299
[e011 s0700/1030] loss = 0.646204
[e011 s0750/1030] loss = 0.634619
[e011 s0800/1030] loss = 0.628288
[e011 s0850/1030] loss = 0.624377
[e011 s0900/1030] loss = 0.765145
[e011 s0950/1030] loss = 0.966265
[e011 s1000/1030] loss = 0.941708
Epoch 011: train_loss = 0.929177  MAE/GAME0 = 18.439  RMSE = 42.098  GAME1 = 22.285  GAME2 = 26.479  GAME3 = 31.277  lr = 2.58e-06  kd = 1.00  time = 13.7s
[e012 s0001/1030] loss = 0.000667
[e012 s0050/1030] loss = 0.339613
[e012 s0100/1030] loss = 0.465321
[e012 s0150/1030] loss = 0.636114
[e012 s0200/1030] loss = 0.619191
[e012 s0250/1030] loss = 0.634842
[e012 s0300/1030] loss = 0.656803
[e012 s0350/1030] loss = 0.659276
[e012 s0400/1030] loss = 0.629272
[e012 s0450/1030] loss = 0.632832
[e012 s0500/1030] loss = 0.618466
[e012 s0550/1030] loss = 0.610663
[e012 s0600/1030] loss = 0.656014
[e012 s0650/1030] loss = 0.803976
[e012 s0700/1030] loss = 0.791177
[e012 s0750/1030] loss = 0.774553
[e012 s0800/1030] loss = 0.798297
[e012 s0850/1030] loss = 0.815117
[e012 s0900/1030] loss = 0.799487
[e012 s0950/1030] loss = 0.784059
[e012 s1000/1030] loss = 0.778101
Epoch 012: train_loss = 0.775848  MAE/GAME0 = 18.438  RMSE = 42.097  GAME1 = 22.285  GAME2 = 26.479  GAME3 = 31.277  lr = 2.86e-06  kd = 1.00  time = 13.3s
[e013 s0001/1030] loss = 1.171753
[e013 s0050/1030] loss = 0.872483
[e013 s0100/1030] loss = 0.599822
[e013 s0150/1030] loss = 0.561126
[e013 s0200/1030] loss = 0.560381
[e013 s0250/1030] loss = 0.572175
[e013 s0300/1030] loss = 0.627980
[e013 s0350/1030] loss = 0.657149
[e013 s0400/1030] loss = 0.655998
[e013 s0450/1030] loss = 0.659030
[e013 s0500/1030] loss = 0.655668
[e013 s0550/1030] loss = 0.652148
[e013 s0600/1030] loss = 0.652344
[e013 s0650/1030] loss = 0.809317
[e013 s0700/1030] loss = 0.795711
[e013 s0750/1030] loss = 0.771382
[e013 s0800/1030] loss = 0.764244
[e013 s0850/1030] loss = 0.759370
[e013 s0900/1030] loss = 0.778219
[e013 s0950/1030] loss = 0.785317
[e013 s1000/1030] loss = 0.763590
Epoch 013: train_loss = 0.808026  MAE/GAME0 = 18.437  RMSE = 42.097  GAME1 = 22.284  GAME2 = 26.478  GAME3 = 31.276  lr = 3.15e-06  kd = 1.00  time = 13.1s
[e014 s0001/1030] loss = 0.253802
[e014 s0050/1030] loss = 0.360958
[e014 s0100/1030] loss = 0.446402
[e014 s0150/1030] loss = 0.546714
[e014 s0200/1030] loss = 0.469414
[e014 s0250/1030] loss = 0.462456
[e014 s0300/1030] loss = 0.467502
[e014 s0350/1030] loss = 0.521057
[e014 s0400/1030] loss = 0.560619
[e014 s0450/1030] loss = 0.564800
[e014 s0500/1030] loss = 0.547460
[e014 s0550/1030] loss = 0.677494
[e014 s0600/1030] loss = 0.706839
[e014 s0650/1030] loss = 0.721601
[e014 s0700/1030] loss = 0.759037
[e014 s0750/1030] loss = 0.757591
[e014 s0800/1030] loss = 0.763336
[e014 s0850/1030] loss = 0.738795
[e014 s0900/1030] loss = 0.719115
[e014 s0950/1030] loss = 0.839822
[e014 s1000/1030] loss = 0.842856
Epoch 014: train_loss = 0.848661  MAE/GAME0 = 18.434  RMSE = 42.092  GAME1 = 22.281  GAME2 = 26.476  GAME3 = 31.275  lr = 3.46e-06  kd = 1.00  time = 13.4s
[e015 s0001/1030] loss = 0.033803
[e015 s0050/1030] loss = 0.616887
[e015 s0100/1030] loss = 1.695929
[e015 s0150/1030] loss = 1.468086
[e015 s0200/1030] loss = 1.272630
[e015 s0250/1030] loss = 1.179067
[e015 s0300/1030] loss = 1.052590
[e015 s0350/1030] loss = 1.060592
[e015 s0400/1030] loss = 0.990371
[e015 s0450/1030] loss = 0.945653
[e015 s0500/1030] loss = 0.945676
[e015 s0550/1030] loss = 0.957549
[e015 s0600/1030] loss = 0.908690
[e015 s0650/1030] loss = 0.879854
[e015 s0700/1030] loss = 0.886034
[e015 s0750/1030] loss = 0.895690
[e015 s0800/1030] loss = 0.872837
[e015 s0850/1030] loss = 0.896384
[e015 s0900/1030] loss = 0.883262
[e015 s0950/1030] loss = 0.884468
[e015 s1000/1030] loss = 0.865504
Epoch 015: train_loss = 0.869114  MAE/GAME0 = 18.430  RMSE = 42.080  GAME1 = 22.277  GAME2 = 26.472  GAME3 = 31.273  lr = 3.78e-06  kd = 1.00  time = 13.1s
[e016 s0001/1030] loss = 0.366919
[e016 s0050/1030] loss = 0.429585
[e016 s0100/1030] loss = 0.475655
[e016 s0150/1030] loss = 0.799610
[e016 s0200/1030] loss = 0.820000
[e016 s0250/1030] loss = 0.761984
[e016 s0300/1030] loss = 0.723430
[e016 s0350/1030] loss = 0.750732
[e016 s0400/1030] loss = 0.790209
[e016 s0450/1030] loss = 0.863176
[e016 s0500/1030] loss = 0.841700
[e016 s0550/1030] loss = 0.852835
[e016 s0600/1030] loss = 0.823075
[e016 s0650/1030] loss = 0.789348
[e016 s0700/1030] loss = 0.804198
[e016 s0750/1030] loss = 0.789105
[e016 s0800/1030] loss = 0.759929
[e016 s0850/1030] loss = 0.751570
[e016 s0900/1030] loss = 0.744839
[e016 s0950/1030] loss = 0.812760
[e016 s1000/1030] loss = 0.802742
Epoch 016: train_loss = 0.789720  MAE/GAME0 = 18.427  RMSE = 42.075  GAME1 = 22.275  GAME2 = 26.470  GAME3 = 31.272  lr = 4.11e-06  kd = 1.00  time = 13.2s
[e017 s0001/1030] loss = 0.186942
[e017 s0050/1030] loss = 0.516781
[e017 s0100/1030] loss = 0.921408
[e017 s0150/1030] loss = 0.848649
[e017 s0200/1030] loss = 0.716026
[e017 s0250/1030] loss = 0.637042
[e017 s0300/1030] loss = 0.660538
[e017 s0350/1030] loss = 0.665253
[e017 s0400/1030] loss = 0.665263
[e017 s0450/1030] loss = 0.658784
[e017 s0500/1030] loss = 0.706532
[e017 s0550/1030] loss = 0.688743
[e017 s0600/1030] loss = 0.664669
[e017 s0650/1030] loss = 0.658481
[e017 s0700/1030] loss = 0.645413
[e017 s0750/1030] loss = 0.663637
[e017 s0800/1030] loss = 0.674913
[e017 s0850/1030] loss = 0.669661
[e017 s0900/1030] loss = 0.821047
[e017 s0950/1030] loss = 0.822422
[e017 s1000/1030] loss = 0.805250
Epoch 017: train_loss = 0.791618  MAE/GAME0 = 18.425  RMSE = 42.074  GAME1 = 22.273  GAME2 = 26.469  GAME3 = 31.271  lr = 4.45e-06  kd = 1.00  time = 13.5s
[e018 s0001/1030] loss = 0.170734
[e018 s0050/1030] loss = 0.745889
[e018 s0100/1030] loss = 0.745540
[e018 s0150/1030] loss = 0.660707
[e018 s0200/1030] loss = 0.708787
[e018 s0250/1030] loss = 0.682054
[e018 s0300/1030] loss = 0.722038
[e018 s0350/1030] loss = 0.683970
[e018 s0400/1030] loss = 0.667389
[e018 s0450/1030] loss = 0.700314
[e018 s0500/1030] loss = 0.680032
[e018 s0550/1030] loss = 0.780593
[e018 s0600/1030] loss = 0.747561
[e018 s0650/1030] loss = 0.731652
[e018 s0700/1030] loss = 0.726677
[e018 s0750/1030] loss = 0.705203
[e018 s0800/1030] loss = 0.710656
[e018 s0850/1030] loss = 0.704915
[e018 s0900/1030] loss = 0.689740
[e018 s0950/1030] loss = 0.680286
[e018 s1000/1030] loss = 0.708988
Epoch 018: train_loss = 0.796718  MAE/GAME0 = 18.421  RMSE = 42.064  GAME1 = 22.270  GAME2 = 26.466  GAME3 = 31.270  lr = 4.80e-06  kd = 1.00  time = 13.1s
[e019 s0001/1030] loss = 0.747708
[e019 s0050/1030] loss = 0.528100
[e019 s0100/1030] loss = 0.635580
[e019 s0150/1030] loss = 0.845844
[e019 s0200/1030] loss = 0.714711
[e019 s0250/1030] loss = 0.956254
[e019 s0300/1030] loss = 0.912300
[e019 s0350/1030] loss = 0.845669
[e019 s0400/1030] loss = 0.865807
[e019 s0450/1030] loss = 0.976584
[e019 s0500/1030] loss = 0.925723
[e019 s0550/1030] loss = 0.871829
[e019 s0600/1030] loss = 0.837780
[e019 s0650/1030] loss = 0.802653
[e019 s0700/1030] loss = 0.778527
[e019 s0750/1030] loss = 0.776627
[e019 s0800/1030] loss = 0.761850
[e019 s0850/1030] loss = 0.770428
[e019 s0900/1030] loss = 0.790707
[e019 s0950/1030] loss = 0.777816
[e019 s1000/1030] loss = 0.761000
Epoch 019: train_loss = 0.749059  MAE/GAME0 = 18.417  RMSE = 42.058  GAME1 = 22.266  GAME2 = 26.463  GAME3 = 31.268  lr = 5.15e-06  kd = 1.00  time = 13.3s
[e020 s0001/1030] loss = 0.338664
[e020 s0050/1030] loss = 0.684858
[e020 s0100/1030] loss = 0.880072
[e020 s0150/1030] loss = 0.781149
[e020 s0200/1030] loss = 0.681209
[e020 s0250/1030] loss = 0.926267
[e020 s0300/1030] loss = 0.872623
[e020 s0350/1030] loss = 0.907555
[e020 s0400/1030] loss = 0.877125
[e020 s0450/1030] loss = 0.866257
[e020 s0500/1030] loss = 0.826961
[e020 s0550/1030] loss = 0.837360
[e020 s0600/1030] loss = 0.823500
[e020 s0650/1030] loss = 0.806638
[e020 s0700/1030] loss = 0.780380
[e020 s0750/1030] loss = 0.781596
[e020 s0800/1030] loss = 0.778292
[e020 s0850/1030] loss = 0.763201
[e020 s0900/1030] loss = 0.744729
[e020 s0950/1030] loss = 0.726756
[e020 s1000/1030] loss = 0.726324
Epoch 020: train_loss = 0.795229  MAE/GAME0 = 18.414  RMSE = 42.053  GAME1 = 22.264  GAME2 = 26.461  GAME3 = 31.267  lr = 5.50e-06  kd = 1.00  time = 13.1s
[e021 s0001/1030] loss = 0.219800
[e021 s0050/1030] loss = 0.441763
[e021 s0100/1030] loss = 0.694462
[e021 s0150/1030] loss = 0.603553
[e021 s0200/1030] loss = 0.655188
[e021 s0250/1030] loss = 0.702763
[e021 s0300/1030] loss = 0.664875
[e021 s0350/1030] loss = 0.620523
[e021 s0400/1030] loss = 0.679772
[e021 s0450/1030] loss = 0.683927
[e021 s0500/1030] loss = 0.653296
[e021 s0550/1030] loss = 0.647049
[e021 s0600/1030] loss = 0.625496
[e021 s0650/1030] loss = 0.636490
[e021 s0700/1030] loss = 0.631840
[e021 s0750/1030] loss = 0.607428
[e021 s0800/1030] loss = 0.623100
[e021 s0850/1030] loss = 0.795752
[e021 s0900/1030] loss = 0.780071
[e021 s0950/1030] loss = 0.757659
[e021 s1000/1030] loss = 0.796067
Epoch 021: train_loss = 0.795521  MAE/GAME0 = 20.401  RMSE = 47.078  GAME1 = 23.916  GAME2 = 27.615  GAME3 = 31.861  lr = 5.85e-06  kd = 1.00  time = 15.1s
[e022 s0001/1030] loss = 0.813667
[e022 s0050/1030] loss = 0.297010
[e022 s0100/1030] loss = 0.348911
[e022 s0150/1030] loss = 0.397457
[e022 s0200/1030] loss = 0.551784
[e022 s0250/1030] loss = 0.534633
[e022 s0300/1030] loss = 0.559933
[e022 s0350/1030] loss = 0.733427
[e022 s0400/1030] loss = 0.706157
[e022 s0450/1030] loss = 0.718273
[e022 s0500/1030] loss = 0.729558
[e022 s0550/1030] loss = 0.736543
[e022 s0600/1030] loss = 0.826978
[e022 s0650/1030] loss = 0.792034
[e022 s0700/1030] loss = 0.759941
[e022 s0750/1030] loss = 0.731302
[e022 s0800/1030] loss = 0.711901
[e022 s0850/1030] loss = 0.707494
[e022 s0900/1030] loss = 0.718765
[e022 s0950/1030] loss = 0.694128
[e022 s1000/1030] loss = 0.678885
Epoch 022: train_loss = 0.668056  MAE/GAME0 = 22.106  RMSE = 53.939  GAME1 = 25.804  GAME2 = 29.610  GAME3 = 33.424  lr = 6.20e-06  kd = 1.00  time = 15.0s
[e023 s0001/1030] loss = 0.149950
[e023 s0050/1030] loss = 0.540082
[e023 s0100/1030] loss = 0.619986
[e023 s0150/1030] loss = 0.570510
[e023 s0200/1030] loss = 0.571359
[e023 s0250/1030] loss = 0.597429
[e023 s0300/1030] loss = 0.578691
[e023 s0350/1030] loss = 0.553376
[e023 s0400/1030] loss = 0.558839
[e023 s0450/1030] loss = 0.551259
[e023 s0500/1030] loss = 0.546008
[e023 s0550/1030] loss = 0.559574
[e023 s0600/1030] loss = 0.593145
[e023 s0650/1030] loss = 0.580502
[e023 s0700/1030] loss = 0.589456
[e023 s0750/1030] loss = 0.681200
[e023 s0800/1030] loss = 0.670156
[e023 s0850/1030] loss = 0.664035
[e023 s0900/1030] loss = 0.660793
[e023 s0950/1030] loss = 0.653817
[e023 s1000/1030] loss = 0.645737
Epoch 023: train_loss = 0.640180  MAE/GAME0 = 21.065  RMSE = 49.713  GAME1 = 24.475  GAME2 = 28.176  GAME3 = 31.966  lr = 6.55e-06  kd = 1.00  time = 15.2s
[e024 s0001/1030] loss = 0.596128
[e024 s0050/1030] loss = 0.761315
[e024 s0100/1030] loss = 0.728548
[e024 s0150/1030] loss = 0.638088
[e024 s0200/1030] loss = 0.591300
[e024 s0250/1030] loss = 0.557740
[e024 s0300/1030] loss = 0.572669
[e024 s0350/1030] loss = 0.541838
[e024 s0400/1030] loss = 0.544085
[e024 s0450/1030] loss = 0.555487
[e024 s0500/1030] loss = 0.544848
[e024 s0550/1030] loss = 0.521004
[e024 s0600/1030] loss = 0.506956
[e024 s0650/1030] loss = 0.509905
[e024 s0700/1030] loss = 0.498303
[e024 s0750/1030] loss = 0.485088
[e024 s0800/1030] loss = 0.587174
[e024 s0850/1030] loss = 0.583138
[e024 s0900/1030] loss = 0.583539
[e024 s0950/1030] loss = 0.574424
[e024 s1000/1030] loss = 0.558179
Epoch 024: train_loss = 0.562587  MAE/GAME0 = 26.172  RMSE = 57.652  GAME1 = 28.913  GAME2 = 32.210  GAME3 = 35.331  lr = 6.89e-06  kd = 1.00  time = 15.2s
[e025 s0001/1030] loss = 0.013715
[e025 s0050/1030] loss = 0.386940
[e025 s0100/1030] loss = 0.654774
[e025 s0150/1030] loss = 0.590309
[e025 s0200/1030] loss = 0.528694
[e025 s0250/1030] loss = 0.595208
[e025 s0300/1030] loss = 0.571156
[e025 s0350/1030] loss = 0.877566
[e025 s0400/1030] loss = 0.814175
[e025 s0450/1030] loss = 0.769958
[e025 s0500/1030] loss = 0.723740
[e025 s0550/1030] loss = 0.681482
[e025 s0600/1030] loss = 0.673892
[e025 s0650/1030] loss = 0.641375
[e025 s0700/1030] loss = 0.616926
[e025 s0750/1030] loss = 0.598154
[e025 s0800/1030] loss = 0.585187
[e025 s0850/1030] loss = 0.579120
[e025 s0900/1030] loss = 0.564130
[e025 s0950/1030] loss = 0.567545
[e025 s1000/1030] loss = 0.573917
Epoch 025: train_loss = 0.653789  MAE/GAME0 = 20.328  RMSE = 50.705  GAME1 = 23.708  GAME2 = 27.171  GAME3 = 31.297  lr = 7.22e-06  kd = 1.00  time = 15.1s
[e026 s0001/1030] loss = 0.040453
[e026 s0050/1030] loss = 0.486152
[e026 s0100/1030] loss = 0.599807
[e026 s0150/1030] loss = 0.544696
[e026 s0200/1030] loss = 0.523022
[e026 s0250/1030] loss = 0.599756
[e026 s0300/1030] loss = 1.412700
[e026 s0350/1030] loss = 1.264081
[e026 s0400/1030] loss = 1.209101
[e026 s0450/1030] loss = 1.135189
[e026 s0500/1030] loss = 1.064628
[e026 s0550/1030] loss = 1.015512
[e026 s0600/1030] loss = 0.959398
[e026 s0650/1030] loss = 0.925797
[e026 s0700/1030] loss = 0.926912
[e026 s0750/1030] loss = 0.908690
[e026 s0800/1030] loss = 0.875384
[e026 s0850/1030] loss = 0.847851
[e026 s0900/1030] loss = 0.826500
[e026 s0950/1030] loss = 0.800330
[e026 s1000/1030] loss = 0.778455
Epoch 026: train_loss = 0.776604  MAE/GAME0 = 24.508  RMSE = 56.618  GAME1 = 27.159  GAME2 = 30.329  GAME3 = 33.518  lr = 7.54e-06  kd = 1.00  time = 15.2s
[e027 s0001/1030] loss = 0.438280
[e027 s0050/1030] loss = 0.852804
[e027 s0100/1030] loss = 0.665451
[e027 s0150/1030] loss = 0.600690
[e027 s0200/1030] loss = 0.528284
[e027 s0250/1030] loss = 0.569846
[e027 s0300/1030] loss = 0.605002
[e027 s0350/1030] loss = 0.599145
[e027 s0400/1030] loss = 0.612166
[e027 s0450/1030] loss = 0.587497
[e027 s0500/1030] loss = 0.605161
[e027 s0550/1030] loss = 0.595786
[e027 s0600/1030] loss = 0.583524
[e027 s0650/1030] loss = 0.742457
[e027 s0700/1030] loss = 0.770811
[e027 s0750/1030] loss = 0.748354
[e027 s0800/1030] loss = 0.751199
[e027 s0850/1030] loss = 0.719900
[e027 s0900/1030] loss = 0.702226
[e027 s0950/1030] loss = 0.807032
[e027 s1000/1030] loss = 0.789591
Epoch 027: train_loss = 1.034604  MAE/GAME0 = 26.136  RMSE = 58.577  GAME1 = 28.879  GAME2 = 32.074  GAME3 = 35.202  lr = 7.85e-06  kd = 1.00  time = 15.0s
[e028 s0001/1030] loss = 0.061604
[e028 s0050/1030] loss = 1.418923
[e028 s0100/1030] loss = 0.875596
[e028 s0150/1030] loss = 0.707035
[e028 s0200/1030] loss = 0.683726
[e028 s0250/1030] loss = 0.648217
[e028 s0300/1030] loss = 0.632977
[e028 s0350/1030] loss = 0.644799
[e028 s0400/1030] loss = 0.674956
[e028 s0450/1030] loss = 0.651458
[e028 s0500/1030] loss = 0.663913
[e028 s0550/1030] loss = 0.631275
[e028 s0600/1030] loss = 0.626423
[e028 s0650/1030] loss = 0.607418
[e028 s0700/1030] loss = 0.992589
[e028 s0750/1030] loss = 0.950135
[e028 s0800/1030] loss = 0.932311
[e028 s0850/1030] loss = 0.945899
[e028 s0900/1030] loss = 0.917574
[e028 s0950/1030] loss = 0.891727
[e028 s1000/1030] loss = 0.868341
Epoch 028: train_loss = 0.861003  MAE/GAME0 = 25.708  RMSE = 57.720  GAME1 = 28.715  GAME2 = 32.251  GAME3 = 35.572  lr = 8.15e-06  kd = 1.00  time = 15.1s
[e029 s0001/1030] loss = 0.366467
[e029 s0050/1030] loss = 0.610531
[e029 s0100/1030] loss = 0.529448
[e029 s0150/1030] loss = 0.557600
[e029 s0200/1030] loss = 0.627698
[e029 s0250/1030] loss = 0.602909
[e029 s0300/1030] loss = 0.610153
[e029 s0350/1030] loss = 0.586842
[e029 s0400/1030] loss = 0.567509
[e029 s0450/1030] loss = 0.627368
[e029 s0500/1030] loss = 0.610569
[e029 s0550/1030] loss = 0.587028
[e029 s0600/1030] loss = 0.569150
[e029 s0650/1030] loss = 1.149849
[e029 s0700/1030] loss = 1.121196
[e029 s0750/1030] loss = 1.078450
[e029 s0800/1030] loss = 1.042367
[e029 s0850/1030] loss = 1.003230
[e029 s0900/1030] loss = 0.968055
[e029 s0950/1030] loss = 0.935307
[e029 s1000/1030] loss = 0.910143
Epoch 029: train_loss = 0.905118  MAE/GAME0 = 31.583  RMSE = 62.466  GAME1 = 34.258  GAME2 = 37.346  GAME3 = 39.954  lr = 8.42e-06  kd = 1.00  time = 15.0s
[e030 s0001/1030] loss = 0.173162
[e030 s0050/1030] loss = 1.213817
[e030 s0100/1030] loss = 0.955841
[e030 s0150/1030] loss = 0.826355
[e030 s0200/1030] loss = 0.751933
[e030 s0250/1030] loss = 0.775454
[e030 s0300/1030] loss = 0.701235
[e030 s0350/1030] loss = 0.648688
[e030 s0400/1030] loss = 0.637941
[e030 s0450/1030] loss = 0.612270
[e030 s0500/1030] loss = 0.591441
[e030 s0550/1030] loss = 0.589009
[e030 s0600/1030] loss = 0.576999
[e030 s0650/1030] loss = 0.550501
[e030 s0700/1030] loss = 0.549133
[e030 s0750/1030] loss = 0.812280
[e030 s0800/1030] loss = 0.816815
[e030 s0850/1030] loss = 0.799883
[e030 s0900/1030] loss = 0.789906
[e030 s0950/1030] loss = 0.788818
[e030 s1000/1030] loss = 0.789305
Epoch 030: train_loss = 0.800428  MAE/GAME0 = 27.704  RMSE = 58.887  GAME1 = 30.198  GAME2 = 33.406  GAME3 = 36.352  lr = 8.68e-06  kd = 1.00  time = 15.1s
[e031 s0001/1030] loss = 0.579201
[e031 s0050/1030] loss = 0.519704
[e031 s0100/1030] loss = 0.492217
[e031 s0150/1030] loss = 0.422498
[e031 s0200/1030] loss = 0.506517
[e031 s0250/1030] loss = 0.509769
[e031 s0300/1030] loss = 0.516154
[e031 s0350/1030] loss = 0.549217
[e031 s0400/1030] loss = 0.530500
[e031 s0450/1030] loss = 0.512133
[e031 s0500/1030] loss = 0.505664
[e031 s0550/1030] loss = 0.544385
[e031 s0600/1030] loss = 0.539643
[e031 s0650/1030] loss = 0.517241
[e031 s0700/1030] loss = 0.512328
[e031 s0750/1030] loss = 0.508187
[e031 s0800/1030] loss = 0.894782
[e031 s0850/1030] loss = 0.865538
[e031 s0900/1030] loss = 0.859857
[e031 s0950/1030] loss = 0.844979
[e031 s1000/1030] loss = 0.824077
Epoch 031: train_loss = 0.814580  MAE/GAME0 = 28.028  RMSE = 60.631  GAME1 = 30.145  GAME2 = 32.818  GAME3 = 35.500  lr = 8.92e-06  kd = 1.00  time = 15.0s
[e032 s0001/1030] loss = 0.552364
[e032 s0050/1030] loss = 0.862512
[e032 s0100/1030] loss = 0.801937
[e032 s0150/1030] loss = 0.702249
[e032 s0200/1030] loss = 0.913645
[e032 s0250/1030] loss = 0.831915
[e032 s0300/1030] loss = 0.800744
[e032 s0350/1030] loss = 0.744596
[e032 s0400/1030] loss = 0.750697
[e032 s0450/1030] loss = 0.740469
[e032 s0500/1030] loss = 0.707787
[e032 s0550/1030] loss = 0.663686
[e032 s0600/1030] loss = 0.660991
[e032 s0650/1030] loss = 0.634656
[e032 s0700/1030] loss = 0.626886
[e032 s0750/1030] loss = 0.627249
[e032 s0800/1030] loss = 0.611571
[e032 s0850/1030] loss = 0.611838
[e032 s0900/1030] loss = 0.603394
[e032 s0950/1030] loss = 0.592789
[e032 s1000/1030] loss = 0.580513
Epoch 032: train_loss = 0.570391  MAE/GAME0 = 22.022  RMSE = 54.231  GAME1 = 25.495  GAME2 = 29.010  GAME3 = 32.936  lr = 9.14e-06  kd = 1.00  time = 15.1s
[e033 s0001/1030] loss = 0.741168
[e033 s0050/1030] loss = 0.276748
[e033 s0100/1030] loss = 0.375653
[e033 s0150/1030] loss = 0.433191
[e033 s0200/1030] loss = 0.417376
[e033 s0250/1030] loss = 0.420944
[e033 s0300/1030] loss = 0.401208
[e033 s0350/1030] loss = 0.419490
[e033 s0400/1030] loss = 0.443230
[e033 s0450/1030] loss = 0.946930
[e033 s0500/1030] loss = 0.913025
[e033 s0550/1030] loss = 0.888617
[e033 s0600/1030] loss = 0.846051
[e033 s0650/1030] loss = 0.806239
[e033 s0700/1030] loss = 0.770926
[e033 s0750/1030] loss = 0.801554
[e033 s0800/1030] loss = 0.776767
[e033 s0850/1030] loss = 0.756501
[e033 s0900/1030] loss = 0.743731
[e033 s0950/1030] loss = 0.720286
[e033 s1000/1030] loss = 0.778949
Epoch 033: train_loss = 0.762432  MAE/GAME0 = 24.547  RMSE = 56.031  GAME1 = 27.407  GAME2 = 30.707  GAME3 = 33.988  lr = 9.34e-06  kd = 1.00  time = 15.2s
[e034 s0001/1030] loss = 0.062130
[e034 s0050/1030] loss = 0.350648
[e034 s0100/1030] loss = 0.573620
[e034 s0150/1030] loss = 0.523205
[e034 s0200/1030] loss = 0.543620
[e034 s0250/1030] loss = 0.500227
[e034 s0300/1030] loss = 0.483943
[e034 s0350/1030] loss = 0.672321
[e034 s0400/1030] loss = 0.636978
[e034 s0450/1030] loss = 0.647103
[e034 s0500/1030] loss = 0.626326
[e034 s0550/1030] loss = 0.613423
[e034 s0600/1030] loss = 0.600828
[e034 s0650/1030] loss = 0.579042
[e034 s0700/1030] loss = 0.589150
[e034 s0750/1030] loss = 0.588143
[e034 s0800/1030] loss = 0.574729
[e034 s0850/1030] loss = 0.570167
[e034 s0900/1030] loss = 0.578090
[e034 s0950/1030] loss = 0.561544
[e034 s1000/1030] loss = 0.554074
Epoch 034: train_loss = 0.553101  MAE/GAME0 = 23.677  RMSE = 55.958  GAME1 = 26.833  GAME2 = 30.237  GAME3 = 33.698  lr = 9.51e-06  kd = 1.00  time = 15.2s
[e035 s0001/1030] loss = 0.230993
[e035 s0050/1030] loss = 0.682548
[e035 s0100/1030] loss = 0.896438
[e035 s0150/1030] loss = 0.717338
[e035 s0200/1030] loss = 0.732946
[e035 s0250/1030] loss = 0.880011
[e035 s0300/1030] loss = 0.785720
[e035 s0350/1030] loss = 1.063627
[e035 s0400/1030] loss = 0.979338
[e035 s0450/1030] loss = 0.941669
[e035 s0500/1030] loss = 0.908888
[e035 s0550/1030] loss = 0.862469
[e035 s0600/1030] loss = 0.816949
[e035 s0650/1030] loss = 0.799087
[e035 s0700/1030] loss = 0.783589
[e035 s0750/1030] loss = 0.750860
[e035 s0800/1030] loss = 0.753435
[e035 s0850/1030] loss = 0.734852
[e035 s0900/1030] loss = 0.737896
[e035 s0950/1030] loss = 0.724529
[e035 s1000/1030] loss = 0.826214
Epoch 035: train_loss = 0.815177  MAE/GAME0 = 33.320  RMSE = 62.026  GAME1 = 34.650  GAME2 = 36.660  GAME3 = 38.667  lr = 9.66e-06  kd = 1.00  time = 15.1s
[e036 s0001/1030] loss = 0.083117
[e036 s0050/1030] loss = 0.725250
[e036 s0100/1030] loss = 0.728261
[e036 s0150/1030] loss = 0.667957
[e036 s0200/1030] loss = 0.610121
[e036 s0250/1030] loss = 1.175547
[e036 s0300/1030] loss = 1.044149
[e036 s0350/1030] loss = 0.980438
[e036 s0400/1030] loss = 0.917794
[e036 s0450/1030] loss = 0.882682
[e036 s0500/1030] loss = 0.873625
[e036 s0550/1030] loss = 0.910534
[e036 s0600/1030] loss = 0.864616
[e036 s0650/1030] loss = 0.875361
[e036 s0700/1030] loss = 0.837855
[e036 s0750/1030] loss = 0.804677
[e036 s0800/1030] loss = 0.803736
[e036 s0850/1030] loss = 0.779062
[e036 s0900/1030] loss = 0.779169
[e036 s0950/1030] loss = 0.754273
[e036 s1000/1030] loss = 0.740943
Epoch 036: train_loss = 0.733663  MAE/GAME0 = 28.988  RMSE = 60.940  GAME1 = 31.154  GAME2 = 33.853  GAME3 = 36.504  lr = 9.78e-06  kd = 1.00  time = 15.0s
[e037 s0001/1030] loss = 0.322418
[e037 s0050/1030] loss = 0.224099
[e037 s0100/1030] loss = 0.308918
[e037 s0150/1030] loss = 0.298038
[e037 s0200/1030] loss = 0.390986
[e037 s0250/1030] loss = 0.384755
[e037 s0300/1030] loss = 0.380987
[e037 s0350/1030] loss = 0.401824
[e037 s0400/1030] loss = 0.423736
[e037 s0450/1030] loss = 0.417933
[e037 s0500/1030] loss = 0.415369
[e037 s0550/1030] loss = 0.520947
[e037 s0600/1030] loss = 0.526572
[e037 s0650/1030] loss = 0.547300
[e037 s0700/1030] loss = 0.538728
[e037 s0750/1030] loss = 0.611996
[e037 s0800/1030] loss = 0.596029
[e037 s0850/1030] loss = 0.585956
[e037 s0900/1030] loss = 0.590834
[e037 s0950/1030] loss = 0.828717
[e037 s1000/1030] loss = 0.816444
Epoch 037: train_loss = 0.797804  MAE/GAME0 = 33.439  RMSE = 64.055  GAME1 = 35.205  GAME2 = 37.740  GAME3 = 40.050  lr = 9.88e-06  kd = 1.00  time = 15.2s
[e038 s0001/1030] loss = 0.006258
[e038 s0050/1030] loss = 0.689866
[e038 s0100/1030] loss = 0.746673
[e038 s0150/1030] loss = 2.324706
[e038 s0200/1030] loss = 1.919702
[e038 s0250/1030] loss = 1.664788
[e038 s0300/1030] loss = 1.437640
[e038 s0350/1030] loss = 1.388760
[e038 s0400/1030] loss = 1.323741
[e038 s0450/1030] loss = 1.278457
[e038 s0500/1030] loss = 1.205779
[e038 s0550/1030] loss = 1.130279
[e038 s0600/1030] loss = 1.079680
[e038 s0650/1030] loss = 1.026572
[e038 s0700/1030] loss = 1.006397
[e038 s0750/1030] loss = 0.968948
[e038 s0800/1030] loss = 0.929794
[e038 s0850/1030] loss = 0.946129
[e038 s0900/1030] loss = 0.923683
[e038 s0950/1030] loss = 0.898827
[e038 s1000/1030] loss = 0.886193
Epoch 038: train_loss = 0.869375  MAE/GAME0 = 25.663  RMSE = 58.661  GAME1 = 28.998  GAME2 = 32.339  GAME3 = 35.794  lr = 9.94e-06  kd = 1.00  time = 15.3s
[e039 s0001/1030] loss = 0.063798
[e039 s0050/1030] loss = 0.314283
[e039 s0100/1030] loss = 0.962149
[e039 s0150/1030] loss = 0.797019
[e039 s0200/1030] loss = 0.778242
[e039 s0250/1030] loss = 0.691198
[e039 s0300/1030] loss = 0.699072
[e039 s0350/1030] loss = 0.667291
[e039 s0400/1030] loss = 0.899003
[e039 s0450/1030] loss = 0.837029
[e039 s0500/1030] loss = 0.800998
[e039 s0550/1030] loss = 0.765202
[e039 s0600/1030] loss = 0.724514
[e039 s0650/1030] loss = 0.709618
[e039 s0700/1030] loss = 0.694564
[e039 s0750/1030] loss = 0.698325
[e039 s0800/1030] loss = 0.710503
[e039 s0850/1030] loss = 0.695550
[e039 s0900/1030] loss = 0.687488
[e039 s0950/1030] loss = 0.698066
[e039 s1000/1030] loss = 0.674811
Epoch 039: train_loss = 0.672062  MAE/GAME0 = 27.154  RMSE = 57.426  GAME1 = 29.900  GAME2 = 33.072  GAME3 = 36.005  lr = 9.99e-06  kd = 1.00  time = 15.1s
[e040 s0001/1030] loss = 0.033590
[e040 s0050/1030] loss = 0.313574
[e040 s0100/1030] loss = 1.401423
[e040 s0150/1030] loss = 1.086479
[e040 s0200/1030] loss = 1.172736
[e040 s0250/1030] loss = 1.044465
[e040 s0300/1030] loss = 0.997384
[e040 s0350/1030] loss = 0.913390
[e040 s0400/1030] loss = 1.001721
[e040 s0450/1030] loss = 0.995816
[e040 s0500/1030] loss = 0.939378
[e040 s0550/1030] loss = 0.888861
[e040 s0600/1030] loss = 0.840175
[e040 s0650/1030] loss = 0.801361
[e040 s0700/1030] loss = 0.776669
[e040 s0750/1030] loss = 0.790856
[e040 s0800/1030] loss = 0.786611
[e040 s0850/1030] loss = 0.762601
[e040 s0900/1030] loss = 0.748004
[e040 s0950/1030] loss = 0.737382
[e040 s1000/1030] loss = 0.719017
Epoch 040: train_loss = 0.731818  MAE/GAME0 = 19.748  RMSE = 47.978  GAME1 = 23.587  GAME2 = 27.519  GAME3 = 31.839  lr = 1.00e-05  kd = 1.00  time = 15.0s
[e041 s0001/1030] loss = 0.317181
[e041 s0050/1030] loss = 0.739473
[e041 s0100/1030] loss = 0.598489
[e041 s0150/1030] loss = 0.595163
[e041 s0200/1030] loss = 0.666279
[e041 s0250/1030] loss = 0.630240
[e041 s0300/1030] loss = 0.647790
[e041 s0350/1030] loss = 0.632755
[e041 s0400/1030] loss = 0.652366
[e041 s0450/1030] loss = 0.652146
[e041 s0500/1030] loss = 0.629810
[e041 s0550/1030] loss = 1.141404
[e041 s0600/1030] loss = 1.069749
[e041 s0650/1030] loss = 1.051722
[e041 s0700/1030] loss = 1.018062
[e041 s0750/1030] loss = 0.990331
[e041 s0800/1030] loss = 0.959567
[e041 s0850/1030] loss = 0.921437
[e041 s0900/1030] loss = 0.908236
[e041 s0950/1030] loss = 0.892810
[e041 s1000/1030] loss = 0.867845
Epoch 041: train_loss = 0.852787  MAE/GAME0 = 26.477  RMSE = 58.638  GAME1 = 29.821  GAME2 = 33.068  GAME3 = 36.206  lr = 1.00e-05  kd = 1.00  time = 15.2s
[e042 s0001/1030] loss = 0.050793
[e042 s0050/1030] loss = 0.496269
[e042 s0100/1030] loss = 0.511151
[e042 s0150/1030] loss = 0.428517
[e042 s0200/1030] loss = 0.409236
[e042 s0250/1030] loss = 0.387401
[e042 s0300/1030] loss = 0.469122
[e042 s0350/1030] loss = 0.601204
[e042 s0400/1030] loss = 0.581419
[e042 s0450/1030] loss = 0.627167
[e042 s0500/1030] loss = 0.616024
[e042 s0550/1030] loss = 0.598193
[e042 s0600/1030] loss = 0.593013
[e042 s0650/1030] loss = 0.584834
[e042 s0700/1030] loss = 0.575102
[e042 s0750/1030] loss = 0.567878
[e042 s0800/1030] loss = 0.572017
[e042 s0850/1030] loss = 0.555176
[e042 s0900/1030] loss = 0.537738
[e042 s0950/1030] loss = 0.547798
[e042 s1000/1030] loss = 0.538816
Epoch 042: train_loss = 0.536684  MAE/GAME0 = 25.468  RMSE = 58.967  GAME1 = 29.108  GAME2 = 32.728  GAME3 = 36.318  lr = 1.00e-05  kd = 1.00  time = 14.9s
[e043 s0001/1030] loss = 0.028926
[e043 s0050/1030] loss = 0.581572
[e043 s0100/1030] loss = 0.506439
[e043 s0150/1030] loss = 0.522367
[e043 s0200/1030] loss = 0.451216
[e043 s0250/1030] loss = 0.431016
[e043 s0300/1030] loss = 0.470762
[e043 s0350/1030] loss = 0.487218
[e043 s0400/1030] loss = 0.468053
[e043 s0450/1030] loss = 0.566125
[e043 s0500/1030] loss = 0.545388
[e043 s0550/1030] loss = 0.567086
[e043 s0600/1030] loss = 0.563475
[e043 s0650/1030] loss = 0.801848
[e043 s0700/1030] loss = 0.792302
[e043 s0750/1030] loss = 0.774006
[e043 s0800/1030] loss = 0.777338
[e043 s0850/1030] loss = 0.771325
[e043 s0900/1030] loss = 0.746729
[e043 s0950/1030] loss = 0.743244
[e043 s1000/1030] loss = 0.765247
Epoch 043: train_loss = 0.754648  MAE/GAME0 = 25.079  RMSE = 57.991  GAME1 = 28.009  GAME2 = 31.328  GAME3 = 34.627  lr = 1.00e-05  kd = 1.00  time = 15.0s
[e044 s0001/1030] loss = 0.209240
[e044 s0050/1030] loss = 0.735244
[e044 s0100/1030] loss = 1.215329
[e044 s0150/1030] loss = 0.968312
[e044 s0200/1030] loss = 0.833944
[e044 s0250/1030] loss = 0.751347
[e044 s0300/1030] loss = 0.799888
[e044 s0350/1030] loss = 0.747384
[e044 s0400/1030] loss = 0.709186
[e044 s0450/1030] loss = 0.688413
[e044 s0500/1030] loss = 0.673415
[e044 s0550/1030] loss = 0.702820
[e044 s0600/1030] loss = 0.705367
[e044 s0650/1030] loss = 0.674429
[e044 s0700/1030] loss = 0.665156
[e044 s0750/1030] loss = 0.639095
[e044 s0800/1030] loss = 0.843446
[e044 s0850/1030] loss = 0.811274
[e044 s0900/1030] loss = 0.789633
[e044 s0950/1030] loss = 0.829921
[e044 s1000/1030] loss = 0.806795
Epoch 044: train_loss = 0.807612  MAE/GAME0 = 25.854  RMSE = 57.827  GAME1 = 28.370  GAME2 = 31.118  GAME3 = 34.154  lr = 1.00e-05  kd = 1.00  time = 15.0s
[e045 s0001/1030] loss = 0.036154
[e045 s0050/1030] loss = 0.830063
[e045 s0100/1030] loss = 0.677701
[e045 s0150/1030] loss = 0.640636
[e045 s0200/1030] loss = 0.678958
[e045 s0250/1030] loss = 1.129961
[e045 s0300/1030] loss = 0.996779
[e045 s0350/1030] loss = 0.933251
[e045 s0400/1030] loss = 0.923876
[e045 s0450/1030] loss = 0.874925
[e045 s0500/1030] loss = 0.811507
[e045 s0550/1030] loss = 0.786866
[e045 s0600/1030] loss = 0.784917
[e045 s0650/1030] loss = 0.780028
[e045 s0700/1030] loss = 0.751730
[e045 s0750/1030] loss = 0.726326
[e045 s0800/1030] loss = 0.712024
[e045 s0850/1030] loss = 0.699058
[e045 s0900/1030] loss = 0.679303
[e045 s0950/1030] loss = 0.679515
[e045 s1000/1030] loss = 0.659923
Epoch 045: train_loss = 0.653514  MAE/GAME0 = 27.170  RMSE = 57.814  GAME1 = 29.258  GAME2 = 31.896  GAME3 = 34.561  lr = 1.00e-05  kd = 1.00  time = 14.8s
[e046 s0001/1030] loss = 1.211710
[e046 s0050/1030] loss = 0.913838
[e046 s0100/1030] loss = 0.718541
[e046 s0150/1030] loss = 0.721919
[e046 s0200/1030] loss = 0.633055
[e046 s0250/1030] loss = 0.644269
[e046 s0300/1030] loss = 0.725153
[e046 s0350/1030] loss = 0.699856
[e046 s0400/1030] loss = 0.693244
[e046 s0450/1030] loss = 0.675569
[e046 s0500/1030] loss = 0.646005
[e046 s0550/1030] loss = 0.634835
[e046 s0600/1030] loss = 0.728917
[e046 s0650/1030] loss = 0.701447
[e046 s0700/1030] loss = 0.694306
[e046 s0750/1030] loss = 0.846267
[e046 s0800/1030] loss = 0.838426
[e046 s0850/1030] loss = 0.818273
[e046 s0900/1030] loss = 0.827585
[e046 s0950/1030] loss = 0.810572
[e046 s1000/1030] loss = 0.796783
Epoch 046: train_loss = 0.803389  MAE/GAME0 = 26.657  RMSE = 58.663  GAME1 = 29.589  GAME2 = 32.773  GAME3 = 35.850  lr = 9.99e-06  kd = 1.00  time = 15.1s
[e047 s0001/1030] loss = 1.989359
[e047 s0050/1030] loss = 0.628793
[e047 s0100/1030] loss = 0.498599
[e047 s0150/1030] loss = 0.453253
[e047 s0200/1030] loss = 0.458766
[e047 s0250/1030] loss = 0.467544
[e047 s0300/1030] loss = 0.439351
[e047 s0350/1030] loss = 0.458516
[e047 s0400/1030] loss = 0.469134
[e047 s0450/1030] loss = 0.458117
[e047 s0500/1030] loss = 0.532245
[e047 s0550/1030] loss = 0.559965
[e047 s0600/1030] loss = 0.575989
[e047 s0650/1030] loss = 0.562212
[e047 s0700/1030] loss = 0.562586
[e047 s0750/1030] loss = 0.628937
[e047 s0800/1030] loss = 0.634951
[e047 s0850/1030] loss = 0.693992
[e047 s0900/1030] loss = 0.671214
[e047 s0950/1030] loss = 0.656775
[e047 s1000/1030] loss = 0.650782
Epoch 047: train_loss = 0.644549  MAE/GAME0 = 24.142  RMSE = 54.038  GAME1 = 26.909  GAME2 = 30.093  GAME3 = 33.378  lr = 9.99e-06  kd = 1.00  time = 15.1s
[e048 s0001/1030] loss = 0.159704
[e048 s0050/1030] loss = 0.335166
[e048 s0100/1030] loss = 0.338780
[e048 s0150/1030] loss = 0.355253
[e048 s0200/1030] loss = 0.430818
[e048 s0250/1030] loss = 0.409758
[e048 s0300/1030] loss = 0.414448
[e048 s0350/1030] loss = 0.472861
[e048 s0400/1030] loss = 0.486709
[e048 s0450/1030] loss = 0.468326
[e048 s0500/1030] loss = 1.087692
[e048 s0550/1030] loss = 1.034246
[e048 s0600/1030] loss = 1.017775
[e048 s0650/1030] loss = 0.992763
[e048 s0700/1030] loss = 0.945605
[e048 s0750/1030] loss = 0.940803
[e048 s0800/1030] loss = 0.908012
[e048 s0850/1030] loss = 0.869888
[e048 s0900/1030] loss = 0.852566
[e048 s0950/1030] loss = 0.824623
[e048 s1000/1030] loss = 0.908197
Epoch 048: train_loss = 0.901700  MAE/GAME0 = 29.629  RMSE = 61.653  GAME1 = 32.326  GAME2 = 35.155  GAME3 = 37.850  lr = 9.99e-06  kd = 1.00  time = 15.0s
[e049 s0001/1030] loss = 0.359070
[e049 s0050/1030] loss = 0.401390
[e049 s0100/1030] loss = 0.565136
[e049 s0150/1030] loss = 0.477363
[e049 s0200/1030] loss = 0.484838
[e049 s0250/1030] loss = 0.455094
[e049 s0300/1030] loss = 0.513653
[e049 s0350/1030] loss = 0.473218
[e049 s0400/1030] loss = 0.547166
[e049 s0450/1030] loss = 0.546757
[e049 s0500/1030] loss = 0.548807
[e049 s0550/1030] loss = 0.535012
[e049 s0600/1030] loss = 0.542924
[e049 s0650/1030] loss = 0.721833
[e049 s0700/1030] loss = 0.708981
[e049 s0750/1030] loss = 0.693524
[e049 s0800/1030] loss = 0.667569
[e049 s0850/1030] loss = 0.671099
[e049 s0900/1030] loss = 0.649799
[e049 s0950/1030] loss = 0.640811
[e049 s1000/1030] loss = 0.630910
Epoch 049: train_loss = 0.625150  MAE/GAME0 = 23.204  RMSE = 53.464  GAME1 = 26.035  GAME2 = 29.396  GAME3 = 32.918  lr = 9.98e-06  kd = 1.00  time = 15.0s
[e050 s0001/1030] loss = 0.077854
[e050 s0050/1030] loss = 0.614818
[e050 s0100/1030] loss = 0.598994
[e050 s0150/1030] loss = 0.531937
[e050 s0200/1030] loss = 0.608671
[e050 s0250/1030] loss = 1.254773
[e050 s0300/1030] loss = 1.141687
[e050 s0350/1030] loss = 1.060541
[e050 s0400/1030] loss = 0.982494
[e050 s0450/1030] loss = 0.916937
[e050 s0500/1030] loss = 0.871553
[e050 s0550/1030] loss = 0.909624
[e050 s0600/1030] loss = 0.876702
[e050 s0650/1030] loss = 0.852465
[e050 s0700/1030] loss = 0.842487
[e050 s0750/1030] loss = 0.865393
[e050 s0800/1030] loss = 0.853001
[e050 s0850/1030] loss = 0.826871
[e050 s0900/1030] loss = 0.840912
[e050 s0950/1030] loss = 0.828361
[e050 s1000/1030] loss = 0.812521
Epoch 050: train_loss = 0.796763  MAE/GAME0 = 30.347  RMSE = 60.735  GAME1 = 32.144  GAME2 = 34.706  GAME3 = 37.222  lr = 9.98e-06  kd = 1.00  time = 15.3s
[e051 s0001/1030] loss = 0.572477
[e051 s0050/1030] loss = 0.507427
[e051 s0100/1030] loss = 0.453836
[e051 s0150/1030] loss = 0.521169
[e051 s0200/1030] loss = 0.459447
[e051 s0250/1030] loss = 0.551966
[e051 s0300/1030] loss = 0.540494
[e051 s0350/1030] loss = 0.544070
[e051 s0400/1030] loss = 0.519192
[e051 s0450/1030] loss = 0.492405
[e051 s0500/1030] loss = 0.497411
[e051 s0550/1030] loss = 0.689808
[e051 s0600/1030] loss = 0.667966
[e051 s0650/1030] loss = 0.656624
[e051 s0700/1030] loss = 0.647283
[e051 s0750/1030] loss = 0.635988
[e051 s0800/1030] loss = 0.623515
[e051 s0850/1030] loss = 0.606982
[e051 s0900/1030] loss = 0.612705
[e051 s0950/1030] loss = 0.593989
[e051 s1000/1030] loss = 0.593142
Epoch 051: train_loss = 0.593621  MAE/GAME0 = 29.753  RMSE = 60.643  GAME1 = 32.198  GAME2 = 34.763  GAME3 = 37.235  lr = 9.98e-06  kd = 1.00  time = 15.1s
[e052 s0001/1030] loss = 0.001383
[e052 s0050/1030] loss = 0.548777
[e052 s0100/1030] loss = 0.509792
[e052 s0150/1030] loss = 0.582221
[e052 s0200/1030] loss = 0.534488
[e052 s0250/1030] loss = 0.531711
[e052 s0300/1030] loss = 0.525306
[e052 s0350/1030] loss = 0.517518
[e052 s0400/1030] loss = 0.504780
[e052 s0450/1030] loss = 0.489315
[e052 s0500/1030] loss = 0.479028
[e052 s0550/1030] loss = 0.477886
[e052 s0600/1030] loss = 0.886238
[e052 s0650/1030] loss = 0.860860
[e052 s0700/1030] loss = 0.861100
[e052 s0750/1030] loss = 0.834157
[e052 s0800/1030] loss = 0.836273
[e052 s0850/1030] loss = 0.822915
[e052 s0900/1030] loss = 0.813798
[e052 s0950/1030] loss = 0.803279
[e052 s1000/1030] loss = 0.790586
Epoch 052: train_loss = 0.778193  MAE/GAME0 = 36.074  RMSE = 65.740  GAME1 = 37.474  GAME2 = 39.468  GAME3 = 41.065  lr = 9.97e-06  kd = 1.00  time = 15.0s
[e053 s0001/1030] loss = 0.026028
[e053 s0050/1030] loss = 0.644234
[e053 s0100/1030] loss = 0.456928
[e053 s0150/1030] loss = 0.500123
[e053 s0200/1030] loss = 0.451749
[e053 s0250/1030] loss = 0.430299
[e053 s0300/1030] loss = 0.465153
[e053 s0350/1030] loss = 1.070603
[e053 s0400/1030] loss = 1.006499
[e053 s0450/1030] loss = 0.929598
[e053 s0500/1030] loss = 0.923009
[e053 s0550/1030] loss = 0.869696
[e053 s0600/1030] loss = 0.819493
[e053 s0650/1030] loss = 0.783608
[e053 s0700/1030] loss = 0.752786
[e053 s0750/1030] loss = 0.743844
[e053 s0800/1030] loss = 0.771458
[e053 s0850/1030] loss = 0.770260
[e053 s0900/1030] loss = 0.774927
[e053 s0950/1030] loss = 0.772091
[e053 s1000/1030] loss = 0.760900
Epoch 053: train_loss = 0.746230  MAE/GAME0 = 26.530  RMSE = 58.871  GAME1 = 29.180  GAME2 = 31.755  GAME3 = 34.650  lr = 9.97e-06  kd = 1.00  time = 15.6s
[e054 s0001/1030] loss = 0.127051
[e054 s0050/1030] loss = 0.356616
[e054 s0100/1030] loss = 0.539246
[e054 s0150/1030] loss = 0.647367
[e054 s0200/1030] loss = 0.608423
[e054 s0250/1030] loss = 0.726549
[e054 s0300/1030] loss = 0.663124
[e054 s0350/1030] loss = 0.659921
[e054 s0400/1030] loss = 0.999367
[e054 s0450/1030] loss = 0.947242
[e054 s0500/1030] loss = 0.906441
[e054 s0550/1030] loss = 0.865205
[e054 s0600/1030] loss = 0.833469
[e054 s0650/1030] loss = 0.796432
[e054 s0700/1030] loss = 0.765710
[e054 s0750/1030] loss = 0.742439
[e054 s0800/1030] loss = 0.726098
[e054 s0850/1030] loss = 0.728341
[e054 s0900/1030] loss = 0.714431
[e054 s0950/1030] loss = 0.699682
[e054 s1000/1030] loss = 0.707773
Epoch 054: train_loss = 0.693520  MAE/GAME0 = 38.780  RMSE = 68.598  GAME1 = 40.226  GAME2 = 42.400  GAME3 = 44.081  lr = 9.96e-06  kd = 1.00  time = 15.1s
[e055 s0001/1030] loss = 0.110137
[e055 s0050/1030] loss = 0.975415
[e055 s0100/1030] loss = 0.731281
[e055 s0150/1030] loss = 0.636900
[e055 s0200/1030] loss = 0.588080
[e055 s0250/1030] loss = 0.556070
[e055 s0300/1030] loss = 0.599770
[e055 s0350/1030] loss = 0.562572
[e055 s0400/1030] loss = 0.530661
[e055 s0450/1030] loss = 0.569823
[e055 s0500/1030] loss = 0.561753
[e055 s0550/1030] loss = 0.894730
[e055 s0600/1030] loss = 0.841325
[e055 s0650/1030] loss = 0.816330
[e055 s0700/1030] loss = 0.817078
[e055 s0750/1030] loss = 0.796323
[e055 s0800/1030] loss = 0.793737
[e055 s0850/1030] loss = 0.800061
[e055 s0900/1030] loss = 0.773337
[e055 s0950/1030] loss = 0.760970
[e055 s1000/1030] loss = 0.740251
Epoch 055: train_loss = 0.729596  MAE/GAME0 = 21.728  RMSE = 53.551  GAME1 = 25.742  GAME2 = 29.595  GAME3 = 33.485  lr = 9.96e-06  kd = 1.00  time = 15.3s
[e056 s0001/1030] loss = 0.049012
[e056 s0050/1030] loss = 3.155427
[e056 s0100/1030] loss = 1.846985
[e056 s0150/1030] loss = 1.404083
[e056 s0200/1030] loss = 1.127015
[e056 s0250/1030] loss = 1.115046
[e056 s0300/1030] loss = 0.979293
[e056 s0350/1030] loss = 0.901311
[e056 s0400/1030] loss = 0.830340
[e056 s0450/1030] loss = 0.793776
[e056 s0500/1030] loss = 0.761072
[e056 s0550/1030] loss = 0.727352
[e056 s0600/1030] loss = 0.728928
[e056 s0650/1030] loss = 0.719767
[e056 s0700/1030] loss = 0.717196
[e056 s0750/1030] loss = 0.753394
[e056 s0800/1030] loss = 0.738159
[e056 s0850/1030] loss = 0.815938
[e056 s0900/1030] loss = 0.794774
[e056 s0950/1030] loss = 0.780926
[e056 s1000/1030] loss = 0.766078
Epoch 056: train_loss = 0.753950  MAE/GAME0 = 27.578  RMSE = 59.499  GAME1 = 30.426  GAME2 = 33.443  GAME3 = 36.403  lr = 9.95e-06  kd = 1.00  time = 15.1s
[e057 s0001/1030] loss = 0.033097
[e057 s0050/1030] loss = 0.468837
[e057 s0100/1030] loss = 0.414701
[e057 s0150/1030] loss = 0.423277
[e057 s0200/1030] loss = 0.457766
[e057 s0250/1030] loss = 0.482963
[e057 s0300/1030] loss = 0.496134
[e057 s0350/1030] loss = 0.492053
[e057 s0400/1030] loss = 0.554855
[e057 s0450/1030] loss = 0.544003
[e057 s0500/1030] loss = 0.523754
[e057 s0550/1030] loss = 0.546981
[e057 s0600/1030] loss = 0.536480
[e057 s0650/1030] loss = 0.759197
[e057 s0700/1030] loss = 0.736335
[e057 s0750/1030] loss = 0.716796
[e057 s0800/1030] loss = 0.703311
[e057 s0850/1030] loss = 0.686478
[e057 s0900/1030] loss = 0.693960
[e057 s0950/1030] loss = 0.683639
[e057 s1000/1030] loss = 0.687615
Epoch 057: train_loss = 0.694525  MAE/GAME0 = 33.111  RMSE = 63.593  GAME1 = 34.894  GAME2 = 37.185  GAME3 = 39.211  lr = 9.95e-06  kd = 1.00  time = 15.1s
[e058 s0001/1030] loss = 0.008009
[e058 s0050/1030] loss = 0.830447
[e058 s0100/1030] loss = 0.618265
[e058 s0150/1030] loss = 0.558688
[e058 s0200/1030] loss = 1.453349
[e058 s0250/1030] loss = 1.239840
[e058 s0300/1030] loss = 1.586896
[e058 s0350/1030] loss = 1.460697
[e058 s0400/1030] loss = 1.359251
[e058 s0450/1030] loss = 1.276060
[e058 s0500/1030] loss = 1.174922
[e058 s0550/1030] loss = 1.150693
[e058 s0600/1030] loss = 1.093317
[e058 s0650/1030] loss = 1.044053
[e058 s0700/1030] loss = 1.005506
[e058 s0750/1030] loss = 0.967068
[e058 s0800/1030] loss = 0.925791
[e058 s0850/1030] loss = 0.896481
[e058 s0900/1030] loss = 0.896203
[e058 s0950/1030] loss = 0.873960
[e058 s1000/1030] loss = 0.905651
Epoch 058: train_loss = 0.892720  MAE/GAME0 = 25.259  RMSE = 56.648  GAME1 = 27.775  GAME2 = 30.833  GAME3 = 34.097  lr = 9.94e-06  kd = 1.00  time = 15.1s
[e059 s0001/1030] loss = 0.215340
[e059 s0050/1030] loss = 0.309764
[e059 s0100/1030] loss = 0.443273
[e059 s0150/1030] loss = 0.412916
[e059 s0200/1030] loss = 0.902373
[e059 s0250/1030] loss = 0.904716
[e059 s0300/1030] loss = 0.839417
[e059 s0350/1030] loss = 0.778382
[e059 s0400/1030] loss = 0.756538
[e059 s0450/1030] loss = 0.722365
[e059 s0500/1030] loss = 0.699167
[e059 s0550/1030] loss = 0.659202
[e059 s0600/1030] loss = 0.640948
[e059 s0650/1030] loss = 0.644375
[e059 s0700/1030] loss = 0.626360
[e059 s0750/1030] loss = 0.603056
[e059 s0800/1030] loss = 0.604777
[e059 s0850/1030] loss = 0.594140
[e059 s0900/1030] loss = 0.662195
[e059 s0950/1030] loss = 0.654604
[e059 s1000/1030] loss = 0.654971
Epoch 059: train_loss = 0.660144  MAE/GAME0 = 35.416  RMSE = 66.176  GAME1 = 36.728  GAME2 = 38.611  GAME3 = 40.453  lr = 9.93e-06  kd = 1.00  time = 15.0s
[e060 s0001/1030] loss = 0.224493
[e060 s0050/1030] loss = 2.019154
[e060 s0100/1030] loss = 1.122095
[e060 s0150/1030] loss = 1.001328
[e060 s0200/1030] loss = 0.916593
[e060 s0250/1030] loss = 0.798738
[e060 s0300/1030] loss = 0.765280
[e060 s0350/1030] loss = 0.698721
[e060 s0400/1030] loss = 0.851989
[e060 s0450/1030] loss = 0.812375
[e060 s0500/1030] loss = 0.792992
[e060 s0550/1030] loss = 0.756930
[e060 s0600/1030] loss = 0.733096
[e060 s0650/1030] loss = 0.731402
[e060 s0700/1030] loss = 0.699372
[e060 s0750/1030] loss = 0.727648
[e060 s0800/1030] loss = 0.697281
[e060 s0850/1030] loss = 0.677878
[e060 s0900/1030] loss = 0.659970
[e060 s0950/1030] loss = 0.671684
[e060 s1000/1030] loss = 0.660620
Epoch 060: train_loss = 0.653684  MAE/GAME0 = 29.972  RMSE = 60.596  GAME1 = 31.590  GAME2 = 33.635  GAME3 = 35.857  lr = 9.92e-06  kd = 1.00  time = 14.9s
[e061 s0001/1030] loss = 0.166762
[e061 s0050/1030] loss = 0.551952
[e061 s0100/1030] loss = 0.624408
[e061 s0150/1030] loss = 0.547241
[e061 s0200/1030] loss = 0.503827
[e061 s0250/1030] loss = 0.524366
[e061 s0300/1030] loss = 0.535515
[e061 s0350/1030] loss = 0.497053
[e061 s0400/1030] loss = 0.488873
[e061 s0450/1030] loss = 0.478625
[e061 s0500/1030] loss = 0.466698
[e061 s0550/1030] loss = 0.470314
[e061 s0600/1030] loss = 0.976829
[e061 s0650/1030] loss = 0.947542
[e061 s0700/1030] loss = 0.898865
[e061 s0750/1030] loss = 0.930187
[e061 s0800/1030] loss = 0.901702
[e061 s0850/1030] loss = 0.891902
[e061 s0900/1030] loss = 0.862530
[e061 s0950/1030] loss = 0.847008
[e061 s1000/1030] loss = 0.844511
Epoch 061: train_loss = 0.843642  MAE/GAME0 = 27.504  RMSE = 58.340  GAME1 = 29.883  GAME2 = 32.743  GAME3 = 35.476  lr = 9.92e-06  kd = 1.00  time = 14.9s
[e062 s0001/1030] loss = 0.207573
[e062 s0050/1030] loss = 0.758300
[e062 s0100/1030] loss = 1.295478
[e062 s0150/1030] loss = 0.990364
[e062 s0200/1030] loss = 0.912972
[e062 s0250/1030] loss = 0.790035
[e062 s0300/1030] loss = 0.728546
[e062 s0350/1030] loss = 0.656773
[e062 s0400/1030] loss = 0.636050
[e062 s0450/1030] loss = 0.602456
[e062 s0500/1030] loss = 0.580155
[e062 s0550/1030] loss = 0.606293
[e062 s0600/1030] loss = 0.570783
[e062 s0650/1030] loss = 0.568342
[e062 s0700/1030] loss = 0.852323
[e062 s0750/1030] loss = 0.840170
[e062 s0800/1030] loss = 0.827392
[e062 s0850/1030] loss = 0.829372
[e062 s0900/1030] loss = 0.811452
[e062 s0950/1030] loss = 0.793242
[e062 s1000/1030] loss = 0.785227
Epoch 062: train_loss = 0.775390  MAE/GAME0 = 23.178  RMSE = 54.431  GAME1 = 25.691  GAME2 = 28.570  GAME3 = 31.932  lr = 9.91e-06  kd = 1.00  time = 14.9s
[e063 s0001/1030] loss = 0.001231
[e063 s0050/1030] loss = 0.976680
[e063 s0100/1030] loss = 0.650235
[e063 s0150/1030] loss = 0.654939
[e063 s0200/1030] loss = 0.664723
[e063 s0250/1030] loss = 0.612339
[e063 s0300/1030] loss = 0.552932
[e063 s0350/1030] loss = 0.506287
[e063 s0400/1030] loss = 0.495686
[e063 s0450/1030] loss = 0.491616
[e063 s0500/1030] loss = 0.795618
[e063 s0550/1030] loss = 0.742543
[e063 s0600/1030] loss = 0.738065
[e063 s0650/1030] loss = 0.726356
[e063 s0700/1030] loss = 0.723052
[e063 s0750/1030] loss = 0.745866
[e063 s0800/1030] loss = 0.752403
[e063 s0850/1030] loss = 0.728558
[e063 s0900/1030] loss = 0.712668
[e063 s0950/1030] loss = 0.707488
[e063 s1000/1030] loss = 0.693441
Epoch 063: train_loss = 0.726145  MAE/GAME0 = 28.429  RMSE = 59.930  GAME1 = 30.607  GAME2 = 33.170  GAME3 = 35.737  lr = 9.90e-06  kd = 1.00  time = 15.2s
[e064 s0001/1030] loss = 0.528073
[e064 s0050/1030] loss = 0.464943
[e064 s0100/1030] loss = 0.567472
[e064 s0150/1030] loss = 0.513427
[e064 s0200/1030] loss = 0.461666
[e064 s0250/1030] loss = 0.459944
[e064 s0300/1030] loss = 0.459139
[e064 s0350/1030] loss = 0.460357
[e064 s0400/1030] loss = 0.459801
[e064 s0450/1030] loss = 0.499775
[e064 s0500/1030] loss = 0.490294
[e064 s0550/1030] loss = 0.476858
[e064 s0600/1030] loss = 0.489724
[e064 s0650/1030] loss = 0.518890
[e064 s0700/1030] loss = 0.763290
[e064 s0750/1030] loss = 0.735383
[e064 s0800/1030] loss = 0.715284
[e064 s0850/1030] loss = 0.695010
[e064 s0900/1030] loss = 0.691487
[e064 s0950/1030] loss = 0.677619
[e064 s1000/1030] loss = 0.660754
Epoch 064: train_loss = 0.649347  MAE/GAME0 = 26.128  RMSE = 59.706  GAME1 = 29.199  GAME2 = 32.119  GAME3 = 35.242  lr = 9.89e-06  kd = 1.00  time = 14.9s
[e065 s0001/1030] loss = 0.005468
[e065 s0050/1030] loss = 3.285278
[e065 s0100/1030] loss = 1.999263
[e065 s0150/1030] loss = 1.415570
[e065 s0200/1030] loss = 1.201921
[e065 s0250/1030] loss = 1.015288
[e065 s0300/1030] loss = 0.963676
[e065 s0350/1030] loss = 0.945615
[e065 s0400/1030] loss = 0.857377
[e065 s0450/1030] loss = 0.814646
[e065 s0500/1030] loss = 0.844037
[e065 s0550/1030] loss = 0.820684
[e065 s0600/1030] loss = 0.817944
[e065 s0650/1030] loss = 0.802276
[e065 s0700/1030] loss = 0.791321
[e065 s0750/1030] loss = 0.788247
[e065 s0800/1030] loss = 0.766543
[e065 s0850/1030] loss = 0.739605
[e065 s0900/1030] loss = 0.720426
[e065 s0950/1030] loss = 0.721034
[e065 s1000/1030] loss = 0.704715
Epoch 065: train_loss = 0.703804  MAE/GAME0 = 27.045  RMSE = 59.378  GAME1 = 29.509  GAME2 = 32.249  GAME3 = 35.141  lr = 9.88e-06  kd = 1.00  time = 15.3s
[e066 s0001/1030] loss = 0.381955
[e066 s0050/1030] loss = 0.479220
[e066 s0100/1030] loss = 0.442287
[e066 s0150/1030] loss = 0.443321
[e066 s0200/1030] loss = 0.401318
[e066 s0250/1030] loss = 0.375647
[e066 s0300/1030] loss = 0.359946
[e066 s0350/1030] loss = 1.307468
[e066 s0400/1030] loss = 1.188814
[e066 s0450/1030] loss = 1.081572
[e066 s0500/1030] loss = 1.057860
[e066 s0550/1030] loss = 0.998602
[e066 s0600/1030] loss = 0.972392
[e066 s0650/1030] loss = 0.937885
[e066 s0700/1030] loss = 0.913278
[e066 s0750/1030] loss = 0.916244
[e066 s0800/1030] loss = 0.889457
[e066 s0850/1030] loss = 0.854557
[e066 s0900/1030] loss = 0.846376
[e066 s0950/1030] loss = 0.816067
[e066 s1000/1030] loss = 0.796014
Epoch 066: train_loss = 0.784461  MAE/GAME0 = 31.267  RMSE = 63.670  GAME1 = 33.617  GAME2 = 36.224  GAME3 = 38.816  lr = 9.87e-06  kd = 1.00  time = 15.2s
[e067 s0001/1030] loss = 0.027566
[e067 s0050/1030] loss = 0.258008
[e067 s0100/1030] loss = 0.469268
[e067 s0150/1030] loss = 0.477132
[e067 s0200/1030] loss = 0.496028
[e067 s0250/1030] loss = 0.462058
[e067 s0300/1030] loss = 0.499229
[e067 s0350/1030] loss = 0.513658
[e067 s0400/1030] loss = 0.500228
[e067 s0450/1030] loss = 0.481563
[e067 s0500/1030] loss = 0.678287
[e067 s0550/1030] loss = 0.665370
[e067 s0600/1030] loss = 0.640716
[e067 s0650/1030] loss = 0.627404
[e067 s0700/1030] loss = 0.627468
[e067 s0750/1030] loss = 0.615920
[e067 s0800/1030] loss = 0.621710
[e067 s0850/1030] loss = 0.621825
[e067 s0900/1030] loss = 0.611847
[e067 s0950/1030] loss = 0.609158
[e067 s1000/1030] loss = 0.604111
Epoch 067: train_loss = 0.595408  MAE/GAME0 = 36.343  RMSE = 66.723  GAME1 = 37.812  GAME2 = 39.680  GAME3 = 41.225  lr = 9.86e-06  kd = 1.00  time = 15.0s
[e068 s0001/1030] loss = 0.398310
[e068 s0050/1030] loss = 1.582823
[e068 s0100/1030] loss = 1.023318
[e068 s0150/1030] loss = 0.864658
[e068 s0200/1030] loss = 0.724873
[e068 s0250/1030] loss = 0.652359
[e068 s0300/1030] loss = 0.610612
[e068 s0350/1030] loss = 0.561586
[e068 s0400/1030] loss = 0.542020
[e068 s0450/1030] loss = 0.535006
[e068 s0500/1030] loss = 0.557065
[e068 s0550/1030] loss = 0.536547
[e068 s0600/1030] loss = 0.516934
[e068 s0650/1030] loss = 0.522039
[e068 s0700/1030] loss = 0.606696
[e068 s0750/1030] loss = 0.592732
[e068 s0800/1030] loss = 0.788889
[e068 s0850/1030] loss = 0.778615
[e068 s0900/1030] loss = 0.766498
[e068 s0950/1030] loss = 0.778936
[e068 s1000/1030] loss = 0.751317
Epoch 068: train_loss = 0.739320  MAE/GAME0 = 29.623  RMSE = 62.164  GAME1 = 32.838  GAME2 = 36.103  GAME3 = 39.007  lr = 9.85e-06  kd = 1.00  time = 15.1s
[e069 s0001/1030] loss = 0.066375
[e069 s0050/1030] loss = 0.481235
[e069 s0100/1030] loss = 0.585290
[e069 s0150/1030] loss = 0.580538
[e069 s0200/1030] loss = 0.662125
[e069 s0250/1030] loss = 0.567293
[e069 s0300/1030] loss = 0.558957
[e069 s0350/1030] loss = 1.392642
[e069 s0400/1030] loss = 1.267607
[e069 s0450/1030] loss = 1.186078
[e069 s0500/1030] loss = 1.131509
[e069 s0550/1030] loss = 1.115864
[e069 s0600/1030] loss = 1.067729
[e069 s0650/1030] loss = 1.059917
[e069 s0700/1030] loss = 1.026703
[e069 s0750/1030] loss = 1.040015
[e069 s0800/1030] loss = 1.007151
[e069 s0850/1030] loss = 0.967360
[e069 s0900/1030] loss = 0.959344
[e069 s0950/1030] loss = 0.935308
[e069 s1000/1030] loss = 0.910627
Epoch 069: train_loss = 0.899034  MAE/GAME0 = 27.878  RMSE = 59.560  GAME1 = 29.685  GAME2 = 32.381  GAME3 = 35.078  lr = 9.84e-06  kd = 1.00  time = 15.2s
[e070 s0001/1030] loss = 0.052612
[e070 s0050/1030] loss = 0.241720
[e070 s0100/1030] loss = 0.285032
[e070 s0150/1030] loss = 0.327902
[e070 s0200/1030] loss = 0.393550
[e070 s0250/1030] loss = 0.404931
[e070 s0300/1030] loss = 0.427507
[e070 s0350/1030] loss = 0.456781
[e070 s0400/1030] loss = 0.510853
[e070 s0450/1030] loss = 0.925310
[e070 s0500/1030] loss = 0.960318
[e070 s0550/1030] loss = 0.914389
[e070 s0600/1030] loss = 0.867820
[e070 s0650/1030] loss = 0.840533
[e070 s0700/1030] loss = 0.821209
[e070 s0750/1030] loss = 0.813608
[e070 s0800/1030] loss = 0.782747
[e070 s0850/1030] loss = 0.760641
[e070 s0900/1030] loss = 0.755680
[e070 s0950/1030] loss = 0.768587
[e070 s1000/1030] loss = 0.771104
Epoch 070: train_loss = 0.759591  MAE/GAME0 = 29.072  RMSE = 60.557  GAME1 = 31.258  GAME2 = 33.844  GAME3 = 36.422  lr = 9.83e-06  kd = 1.00  time = 14.9s
[e071 s0001/1030] loss = 0.005727
[e071 s0050/1030] loss = 0.270819
[e071 s0100/1030] loss = 0.611377
[e071 s0150/1030] loss = 0.638133
[e071 s0200/1030] loss = 0.679447
[e071 s0250/1030] loss = 0.627003
[e071 s0300/1030] loss = 0.758264
[e071 s0350/1030] loss = 0.726153
[e071 s0400/1030] loss = 0.696540
[e071 s0450/1030] loss = 0.676553
[e071 s0500/1030] loss = 0.685834
[e071 s0550/1030] loss = 0.664489
[e071 s0600/1030] loss = 0.629698
[e071 s0650/1030] loss = 0.625689
[e071 s0700/1030] loss = 1.004398
[e071 s0750/1030] loss = 0.953658
[e071 s0800/1030] loss = 0.919287
[e071 s0850/1030] loss = 0.914393
[e071 s0900/1030] loss = 0.888698
[e071 s0950/1030] loss = 0.866597
[e071 s1000/1030] loss = 0.855308
Epoch 071: train_loss = 0.840608  MAE/GAME0 = 21.472  RMSE = 53.985  GAME1 = 26.135  GAME2 = 30.247  GAME3 = 34.449  lr = 9.82e-06  kd = 1.00  time = 14.8s
[e072 s0001/1030] loss = 0.110227
[e072 s0050/1030] loss = 0.552759
[e072 s0100/1030] loss = 1.100439
[e072 s0150/1030] loss = 0.984848
[e072 s0200/1030] loss = 0.809196
[e072 s0250/1030] loss = 0.716961
[e072 s0300/1030] loss = 0.689848
[e072 s0350/1030] loss = 0.645707
[e072 s0400/1030] loss = 0.650049
[e072 s0450/1030] loss = 0.947680
[e072 s0500/1030] loss = 0.875672
[e072 s0550/1030] loss = 0.832298
[e072 s0600/1030] loss = 0.795508
[e072 s0650/1030] loss = 0.772734
[e072 s0700/1030] loss = 0.770643
[e072 s0750/1030] loss = 0.742821
[e072 s0800/1030] loss = 0.718454
[e072 s0850/1030] loss = 0.708522
[e072 s0900/1030] loss = 0.695967
[e072 s0950/1030] loss = 0.678992
[e072 s1000/1030] loss = 0.664455
Epoch 072: train_loss = 0.662203  MAE/GAME0 = 32.433  RMSE = 61.603  GAME1 = 33.390  GAME2 = 35.136  GAME3 = 36.978  lr = 9.81e-06  kd = 1.00  time = 14.9s
[e073 s0001/1030] loss = 0.895254
[e073 s0050/1030] loss = 0.390376
[e073 s0100/1030] loss = 0.376747
[e073 s0150/1030] loss = 0.513703
[e073 s0200/1030] loss = 0.513088
[e073 s0250/1030] loss = 0.535572
[e073 s0300/1030] loss = 0.555065
[e073 s0350/1030] loss = 0.521882
[e073 s0400/1030] loss = 0.548075
[e073 s0450/1030] loss = 0.569876
[e073 s0500/1030] loss = 0.551836
[e073 s0550/1030] loss = 0.661296
[e073 s0600/1030] loss = 0.640624
[e073 s0650/1030] loss = 0.645632
[e073 s0700/1030] loss = 0.696535
[e073 s0750/1030] loss = 0.673297
[e073 s0800/1030] loss = 0.661559
[e073 s0850/1030] loss = 0.645287
[e073 s0900/1030] loss = 0.632595
[e073 s0950/1030] loss = 0.615258
[e073 s1000/1030] loss = 0.605286
Epoch 073: train_loss = 0.605661  MAE/GAME0 = 33.838  RMSE = 64.268  GAME1 = 35.176  GAME2 = 37.213  GAME3 = 39.047  lr = 9.79e-06  kd = 1.00  time = 15.2s
[e074 s0001/1030] loss = 0.037646
[e074 s0050/1030] loss = 0.753193
[e074 s0100/1030] loss = 0.782415
[e074 s0150/1030] loss = 0.872565
[e074 s0200/1030] loss = 0.745412
[e074 s0250/1030] loss = 0.704560
[e074 s0300/1030] loss = 0.675138
[e074 s0350/1030] loss = 0.668285
[e074 s0400/1030] loss = 0.630195
[e074 s0450/1030] loss = 0.604025
[e074 s0500/1030] loss = 0.604065
[e074 s0550/1030] loss = 0.633394
[e074 s0600/1030] loss = 0.643646
[e074 s0650/1030] loss = 0.621401
[e074 s0700/1030] loss = 0.611425
[e074 s0750/1030] loss = 0.673760
[e074 s0800/1030] loss = 0.660603
[e074 s0850/1030] loss = 0.635801
[e074 s0900/1030] loss = 0.619818
[e074 s0950/1030] loss = 0.607215
[e074 s1000/1030] loss = 0.617998
Epoch 074: train_loss = 0.620098  MAE/GAME0 = 33.215  RMSE = 63.230  GAME1 = 35.368  GAME2 = 38.035  GAME3 = 40.283  lr = 9.78e-06  kd = 1.00  time = 14.9s
[e075 s0001/1030] loss = 0.589811
[e075 s0050/1030] loss = 0.626494
[e075 s0100/1030] loss = 0.441735
[e075 s0150/1030] loss = 0.467276
[e075 s0200/1030] loss = 0.480287
[e075 s0250/1030] loss = 0.439974
[e075 s0300/1030] loss = 0.470150
[e075 s0350/1030] loss = 0.490454
[e075 s0400/1030] loss = 0.602068
[e075 s0450/1030] loss = 0.569338
[e075 s0500/1030] loss = 0.567985
[e075 s0550/1030] loss = 0.620008
[e075 s0600/1030] loss = 1.157946
[e075 s0650/1030] loss = 1.112339
[e075 s0700/1030] loss = 1.090636
[e075 s0750/1030] loss = 1.041035
[e075 s0800/1030] loss = 0.993059
[e075 s0850/1030] loss = 0.976917
[e075 s0900/1030] loss = 0.947504
[e075 s0950/1030] loss = 0.951133
[e075 s1000/1030] loss = 0.917484
Epoch 075: train_loss = 0.902559  MAE/GAME0 = 35.273  RMSE = 65.106  GAME1 = 36.359  GAME2 = 38.039  GAME3 = 39.672  lr = 9.77e-06  kd = 1.00  time = 14.9s
[e076 s0001/1030] loss = 0.388119
[e076 s0050/1030] loss = 0.874565
[e076 s0100/1030] loss = 0.791010
[e076 s0150/1030] loss = 1.097963
[e076 s0200/1030] loss = 0.897980
[e076 s0250/1030] loss = 0.806800
[e076 s0300/1030] loss = 0.727254
[e076 s0350/1030] loss = 0.711251
[e076 s0400/1030] loss = 0.696673
[e076 s0450/1030] loss = 0.673453
[e076 s0500/1030] loss = 0.654594
[e076 s0550/1030] loss = 0.657675
[e076 s0600/1030] loss = 0.654737
[e076 s0650/1030] loss = 0.627077
[e076 s0700/1030] loss = 0.609678
[e076 s0750/1030] loss = 0.618120
[e076 s0800/1030] loss = 0.658338
[e076 s0850/1030] loss = 0.655662
[e076 s0900/1030] loss = 0.670735
[e076 s0950/1030] loss = 0.647543
[e076 s1000/1030] loss = 0.632977
Epoch 076: train_loss = 0.661589  MAE/GAME0 = 32.364  RMSE = 64.103  GAME1 = 35.205  GAME2 = 38.199  GAME3 = 40.768  lr = 9.76e-06  kd = 1.00  time = 14.8s
[e077 s0001/1030] loss = 0.184872
[e077 s0050/1030] loss = 0.862310
[e077 s0100/1030] loss = 0.838627
[e077 s0150/1030] loss = 0.675688
[e077 s0200/1030] loss = 0.593916
[e077 s0250/1030] loss = 0.534786
[e077 s0300/1030] loss = 0.516341
[e077 s0350/1030] loss = 0.595028
[e077 s0400/1030] loss = 0.572138
[e077 s0450/1030] loss = 0.751255
[e077 s0500/1030] loss = 0.750472
[e077 s0550/1030] loss = 0.746686
[e077 s0600/1030] loss = 0.720027
[e077 s0650/1030] loss = 0.712382
[e077 s0700/1030] loss = 0.706026
[e077 s0750/1030] loss = 0.691638
[e077 s0800/1030] loss = 0.708641
[e077 s0850/1030] loss = 0.703917
[e077 s0900/1030] loss = 0.689907
[e077 s0950/1030] loss = 0.672904
[e077 s1000/1030] loss = 0.666100
Epoch 077: train_loss = 0.678617  MAE/GAME0 = 30.423  RMSE = 62.023  GAME1 = 32.820  GAME2 = 35.470  GAME3 = 37.935  lr = 9.74e-06  kd = 1.00  time = 15.1s
[e078 s0001/1030] loss = 0.096086
[e078 s0050/1030] loss = 0.379509
[e078 s0100/1030] loss = 0.448055
[e078 s0150/1030] loss = 1.004496
[e078 s0200/1030] loss = 0.813632
[e078 s0250/1030] loss = 0.717964
[e078 s0300/1030] loss = 0.720213
[e078 s0350/1030] loss = 0.761346
[e078 s0400/1030] loss = 0.714261
[e078 s0450/1030] loss = 0.671116
[e078 s0500/1030] loss = 0.655872
[e078 s0550/1030] loss = 0.637043
[e078 s0600/1030] loss = 0.631637
[e078 s0650/1030] loss = 0.635017
[e078 s0700/1030] loss = 0.625045
[e078 s0750/1030] loss = 0.621185
[e078 s0800/1030] loss = 0.611590
[e078 s0850/1030] loss = 0.602617
[e078 s0900/1030] loss = 0.588197
[e078 s0950/1030] loss = 0.591757
[e078 s1000/1030] loss = 0.590966
Epoch 078: train_loss = 0.587368  MAE/GAME0 = 30.144  RMSE = 58.832  GAME1 = 31.357  GAME2 = 33.231  GAME3 = 35.207  lr = 9.73e-06  kd = 1.00  time = 15.0s
[e079 s0001/1030] loss = 0.340243
[e079 s0050/1030] loss = 0.581841
[e079 s0100/1030] loss = 0.563638
[e079 s0150/1030] loss = 0.497747
[e079 s0200/1030] loss = 0.470195
[e079 s0250/1030] loss = 0.514449
[e079 s0300/1030] loss = 0.553913
[e079 s0350/1030] loss = 0.546498
[e079 s0400/1030] loss = 0.584435
[e079 s0450/1030] loss = 0.600785
[e079 s0500/1030] loss = 0.619457
[e079 s0550/1030] loss = 0.603098
[e079 s0600/1030] loss = 0.607239
[e079 s0650/1030] loss = 0.577409
[e079 s0700/1030] loss = 0.580567
[e079 s0750/1030] loss = 0.587311
[e079 s0800/1030] loss = 0.617973
[e079 s0850/1030] loss = 1.032169
[e079 s0900/1030] loss = 1.051607
[e079 s0950/1030] loss = 1.010151
[e079 s1000/1030] loss = 0.971481
Epoch 079: train_loss = 0.952071  MAE/GAME0 = 23.077  RMSE = 55.132  GAME1 = 26.270  GAME2 = 29.371  GAME3 = 32.905  lr = 9.71e-06  kd = 1.00  time = 15.0s
[e080 s0001/1030] loss = 0.179565
[e080 s0050/1030] loss = 0.764795
[e080 s0100/1030] loss = 0.781126
[e080 s0150/1030] loss = 0.650205
[e080 s0200/1030] loss = 0.659220
[e080 s0250/1030] loss = 0.621100
[e080 s0300/1030] loss = 0.934930
[e080 s0350/1030] loss = 0.833534
[e080 s0400/1030] loss = 0.825172
[e080 s0450/1030] loss = 0.784600
[e080 s0500/1030] loss = 0.756434
[e080 s0550/1030] loss = 0.775788
[e080 s0600/1030] loss = 0.784229
[e080 s0650/1030] loss = 0.752856
[e080 s0700/1030] loss = 0.833997
[e080 s0750/1030] loss = 0.799138
[e080 s0800/1030] loss = 0.838608
[e080 s0850/1030] loss = 0.810227
[e080 s0900/1030] loss = 0.796107
[e080 s0950/1030] loss = 0.783319
[e080 s1000/1030] loss = 0.773528
Epoch 080: train_loss = 0.768301  MAE/GAME0 = 31.120  RMSE = 62.636  GAME1 = 32.825  GAME2 = 35.082  GAME3 = 37.334  lr = 9.70e-06  kd = 1.00  time = 14.9s
[e081 s0001/1030] loss = 0.093612
[e081 s0050/1030] loss = 1.615029
[e081 s0100/1030] loss = 1.103865
[e081 s0150/1030] loss = 1.009864
[e081 s0200/1030] loss = 0.925223
[e081 s0250/1030] loss = 0.811074
[e081 s0300/1030] loss = 0.724955
[e081 s0350/1030] loss = 0.772946
[e081 s0400/1030] loss = 0.772366
[e081 s0450/1030] loss = 0.745504
[e081 s0500/1030] loss = 0.742935
[e081 s0550/1030] loss = 0.718292
[e081 s0600/1030] loss = 0.719485
[e081 s0650/1030] loss = 0.731749
[e081 s0700/1030] loss = 0.717636
[e081 s0750/1030] loss = 0.707653
[e081 s0800/1030] loss = 0.718485
[e081 s0850/1030] loss = 0.701412
[e081 s0900/1030] loss = 0.697543
[e081 s0950/1030] loss = 0.687176
[e081 s1000/1030] loss = 0.684784
Epoch 081: train_loss = 0.679372  MAE/GAME0 = 34.145  RMSE = 63.631  GAME1 = 35.349  GAME2 = 37.187  GAME3 = 38.954  lr = 9.68e-06  kd = 1.00  time = 15.0s
[e082 s0001/1030] loss = 0.199129
[e082 s0050/1030] loss = 0.924673
[e082 s0100/1030] loss = 1.037735
[e082 s0150/1030] loss = 0.815637
[e082 s0200/1030] loss = 0.743136
[e082 s0250/1030] loss = 0.680339
[e082 s0300/1030] loss = 0.723676
[e082 s0350/1030] loss = 0.649274
[e082 s0400/1030] loss = 0.631267
[e082 s0450/1030] loss = 0.631725
[e082 s0500/1030] loss = 0.619954
[e082 s0550/1030] loss = 0.629286
[e082 s0600/1030] loss = 0.869068
[e082 s0650/1030] loss = 0.855380
[e082 s0700/1030] loss = 0.825877
[e082 s0750/1030] loss = 0.798918
[e082 s0800/1030] loss = 0.797122
[e082 s0850/1030] loss = 0.764299
[e082 s0900/1030] loss = 0.748124
[e082 s0950/1030] loss = 0.743833
[e082 s1000/1030] loss = 0.720591
Epoch 082: train_loss = 0.724476  MAE/GAME0 = 34.288  RMSE = 62.309  GAME1 = 35.202  GAME2 = 36.734  GAME3 = 38.312  lr = 9.67e-06  kd = 1.00  time = 15.0s
[e083 s0001/1030] loss = 0.526802
[e083 s0050/1030] loss = 0.336616
[e083 s0100/1030] loss = 0.532807
[e083 s0150/1030] loss = 0.534245
[e083 s0200/1030] loss = 0.541668
[e083 s0250/1030] loss = 0.524023
[e083 s0300/1030] loss = 0.522838
[e083 s0350/1030] loss = 0.580227
[e083 s0400/1030] loss = 0.585198
[e083 s0450/1030] loss = 0.574839
[e083 s0500/1030] loss = 0.582955
[e083 s0550/1030] loss = 0.556371
[e083 s0600/1030] loss = 0.650436
[e083 s0650/1030] loss = 0.625368
[e083 s0700/1030] loss = 0.808732
[e083 s0750/1030] loss = 0.780685
[e083 s0800/1030] loss = 0.758438
[e083 s0850/1030] loss = 0.744376
[e083 s0900/1030] loss = 0.735524
[e083 s0950/1030] loss = 0.735246
[e083 s1000/1030] loss = 0.715327
Epoch 083: train_loss = 0.721272  MAE/GAME0 = 22.701  RMSE = 53.029  GAME1 = 25.443  GAME2 = 28.467  GAME3 = 31.844  lr = 9.65e-06  kd = 1.00  time = 15.2s
[e084 s0001/1030] loss = 0.323234
[e084 s0050/1030] loss = 0.904485
[e084 s0100/1030] loss = 1.236380
[e084 s0150/1030] loss = 1.016940
[e084 s0200/1030] loss = 0.855905
[e084 s0250/1030] loss = 0.844557
[e084 s0300/1030] loss = 0.775785
[e084 s0350/1030] loss = 0.733886
[e084 s0400/1030] loss = 0.734044
[e084 s0450/1030] loss = 0.684535
[e084 s0500/1030] loss = 0.647860
[e084 s0550/1030] loss = 0.658337
[e084 s0600/1030] loss = 0.654260
[e084 s0650/1030] loss = 0.631969
[e084 s0700/1030] loss = 0.619768
[e084 s0750/1030] loss = 0.597087
[e084 s0800/1030] loss = 0.630917
[e084 s0850/1030] loss = 0.624593
[e084 s0900/1030] loss = 0.616396
[e084 s0950/1030] loss = 0.605450
[e084 s1000/1030] loss = 0.590912
Epoch 084: train_loss = 0.591435  MAE/GAME0 = 32.695  RMSE = 62.338  GAME1 = 34.128  GAME2 = 36.071  GAME3 = 37.893  lr = 9.64e-06  kd = 1.00  time = 15.2s
[e085 s0001/1030] loss = 0.637213
[e085 s0050/1030] loss = 0.492291
[e085 s0100/1030] loss = 1.055543
[e085 s0150/1030] loss = 0.967873
[e085 s0200/1030] loss = 0.986241
[e085 s0250/1030] loss = 0.955300
[e085 s0300/1030] loss = 0.850129
[e085 s0350/1030] loss = 0.789311
[e085 s0400/1030] loss = 0.851431
[e085 s0450/1030] loss = 0.790203
[e085 s0500/1030] loss = 0.789899
[e085 s0550/1030] loss = 0.751203
[e085 s0600/1030] loss = 0.730542
[e085 s0650/1030] loss = 0.704739
[e085 s0700/1030] loss = 0.710228
[e085 s0750/1030] loss = 0.688006
[e085 s0800/1030] loss = 0.669279
[e085 s0850/1030] loss = 0.698509
[e085 s0900/1030] loss = 0.703974
[e085 s0950/1030] loss = 0.703635
[e085 s1000/1030] loss = 0.696858
Epoch 085: train_loss = 0.688131  MAE/GAME0 = 21.623  RMSE = 54.494  GAME1 = 25.247  GAME2 = 28.585  GAME3 = 32.423  lr = 9.62e-06  kd = 1.00  time = 15.1s
[e086 s0001/1030] loss = 0.211056
[e086 s0050/1030] loss = 1.752991
[e086 s0100/1030] loss = 1.488168
[e086 s0150/1030] loss = 1.168937
[e086 s0200/1030] loss = 0.954546
[e086 s0250/1030] loss = 0.817573
[e086 s0300/1030] loss = 0.748754
[e086 s0350/1030] loss = 0.720878
[e086 s0400/1030] loss = 0.689316
[e086 s0450/1030] loss = 0.678182
[e086 s0500/1030] loss = 0.705613
[e086 s0550/1030] loss = 0.710990
[e086 s0600/1030] loss = 0.671233
[e086 s0650/1030] loss = 0.658808
[e086 s0700/1030] loss = 0.680336
[e086 s0750/1030] loss = 0.674635
[e086 s0800/1030] loss = 0.783647
[e086 s0850/1030] loss = 0.761408
[e086 s0900/1030] loss = 0.737706
[e086 s0950/1030] loss = 0.718863
[e086 s1000/1030] loss = 0.703548
Epoch 086: train_loss = 0.692888  MAE/GAME0 = 31.039  RMSE = 62.290  GAME1 = 32.832  GAME2 = 34.985  GAME3 = 37.228  lr = 9.60e-06  kd = 1.00  time = 15.1s
[e087 s0001/1030] loss = 0.998351
[e087 s0050/1030] loss = 0.606730
[e087 s0100/1030] loss = 0.472017
[e087 s0150/1030] loss = 0.445026
[e087 s0200/1030] loss = 0.433683
[e087 s0250/1030] loss = 0.426792
[e087 s0300/1030] loss = 0.661337
[e087 s0350/1030] loss = 0.633008
[e087 s0400/1030] loss = 0.635038
[e087 s0450/1030] loss = 0.608278
[e087 s0500/1030] loss = 0.594631
[e087 s0550/1030] loss = 0.591767
[e087 s0600/1030] loss = 0.580760
[e087 s0650/1030] loss = 0.787304
[e087 s0700/1030] loss = 0.760384
[e087 s0750/1030] loss = 0.736357
[e087 s0800/1030] loss = 0.781761
[e087 s0850/1030] loss = 0.781866
[e087 s0900/1030] loss = 0.758772
[e087 s0950/1030] loss = 0.735098
[e087 s1000/1030] loss = 0.741805
Epoch 087: train_loss = 0.734139  MAE/GAME0 = 31.349  RMSE = 61.569  GAME1 = 32.704  GAME2 = 34.640  GAME3 = 36.694  lr = 9.59e-06  kd = 1.00  time = 15.0s
[e088 s0001/1030] loss = 0.003891
[e088 s0050/1030] loss = 0.654106
[e088 s0100/1030] loss = 0.850795
[e088 s0150/1030] loss = 0.715798
[e088 s0200/1030] loss = 0.680557
[e088 s0250/1030] loss = 0.634495
[e088 s0300/1030] loss = 0.600831
[e088 s0350/1030] loss = 0.847854
[e088 s0400/1030] loss = 0.821978
[e088 s0450/1030] loss = 0.764423
[e088 s0500/1030] loss = 0.830754
[e088 s0550/1030] loss = 0.775962
[e088 s0600/1030] loss = 0.751903
[e088 s0650/1030] loss = 1.138269
[e088 s0700/1030] loss = 1.148263
[e088 s0750/1030] loss = 1.083947
[e088 s0800/1030] loss = 1.043192
[e088 s0850/1030] loss = 1.011694
[e088 s0900/1030] loss = 0.977117
[e088 s0950/1030] loss = 0.988522
[e088 s1000/1030] loss = 0.972441
Epoch 088: train_loss = 0.951867  MAE/GAME0 = 38.799  RMSE = 69.278  GAME1 = 40.765  GAME2 = 43.299  GAME3 = 45.085  lr = 9.57e-06  kd = 1.00  time = 14.9s
[e089 s0001/1030] loss = 0.020888
[e089 s0050/1030] loss = 0.351693
[e089 s0100/1030] loss = 0.623503
[e089 s0150/1030] loss = 0.527599
[e089 s0200/1030] loss = 0.530514
[e089 s0250/1030] loss = 0.481689
[e089 s0300/1030] loss = 0.776253
[e089 s0350/1030] loss = 0.714774
[e089 s0400/1030] loss = 0.680936
[e089 s0450/1030] loss = 0.640726
[e089 s0500/1030] loss = 0.622181
[e089 s0550/1030] loss = 0.609875
[e089 s0600/1030] loss = 0.586958
[e089 s0650/1030] loss = 0.582097
[e089 s0700/1030] loss = 0.610378
[e089 s0750/1030] loss = 0.587051
[e089 s0800/1030] loss = 0.599715
[e089 s0850/1030] loss = 0.589568
[e089 s0900/1030] loss = 0.587625
[e089 s0950/1030] loss = 0.590658
[e089 s1000/1030] loss = 0.582648
Epoch 089: train_loss = 0.575228  MAE/GAME0 = 29.299  RMSE = 61.818  GAME1 = 31.226  GAME2 = 33.784  GAME3 = 36.228  lr = 9.55e-06  kd = 1.00  time = 14.8s
[e090 s0001/1030] loss = 0.030065
[e090 s0050/1030] loss = 0.291097
[e090 s0100/1030] loss = 0.489316
[e090 s0150/1030] loss = 0.473785
[e090 s0200/1030] loss = 0.442315
[e090 s0250/1030] loss = 0.475331
[e090 s0300/1030] loss = 0.440034
[e090 s0350/1030] loss = 0.471857
[e090 s0400/1030] loss = 0.543254
[e090 s0450/1030] loss = 0.555027
[e090 s0500/1030] loss = 0.524133
[e090 s0550/1030] loss = 0.538025
[e090 s0600/1030] loss = 0.517388
[e090 s0650/1030] loss = 0.547960
[e090 s0700/1030] loss = 0.578814
[e090 s0750/1030] loss = 0.571260
[e090 s0800/1030] loss = 0.647509
[e090 s0850/1030] loss = 0.642806
[e090 s0900/1030] loss = 0.625773
[e090 s0950/1030] loss = 0.616009
[e090 s1000/1030] loss = 0.628915
Epoch 090: train_loss = 0.637708  MAE/GAME0 = 31.382  RMSE = 62.857  GAME1 = 33.782  GAME2 = 36.361  GAME3 = 38.725  lr = 9.53e-06  kd = 1.00  time = 15.5s
[e091 s0001/1030] loss = 0.241491
[e091 s0050/1030] loss = 0.540552
[e091 s0100/1030] loss = 0.513977
[e091 s0150/1030] loss = 0.611444
[e091 s0200/1030] loss = 0.577297
[e091 s0250/1030] loss = 0.520928
[e091 s0300/1030] loss = 0.499651
[e091 s0350/1030] loss = 0.494853
[e091 s0400/1030] loss = 0.511042
[e091 s0450/1030] loss = 0.531026
[e091 s0500/1030] loss = 0.512290
[e091 s0550/1030] loss = 0.526521
[e091 s0600/1030] loss = 0.507479
[e091 s0650/1030] loss = 0.489349
[e091 s0700/1030] loss = 0.479535
[e091 s0750/1030] loss = 0.515397
[e091 s0800/1030] loss = 0.517938
[e091 s0850/1030] loss = 0.507684
[e091 s0900/1030] loss = 0.496154
[e091 s0950/1030] loss = 0.486572
[e091 s1000/1030] loss = 0.485459
Epoch 091: train_loss = 0.492801  MAE/GAME0 = 25.144  RMSE = 56.716  GAME1 = 27.642  GAME2 = 30.353  GAME3 = 33.319  lr = 9.51e-06  kd = 1.00  time = 15.0s
[e092 s0001/1030] loss = 0.624196
[e092 s0050/1030] loss = 0.993636
[e092 s0100/1030] loss = 0.752621
[e092 s0150/1030] loss = 1.036272
[e092 s0200/1030] loss = 0.901537
[e092 s0250/1030] loss = 0.806215
[e092 s0300/1030] loss = 0.746436
[e092 s0350/1030] loss = 0.678910
[e092 s0400/1030] loss = 0.630667
[e092 s0450/1030] loss = 0.673272
[e092 s0500/1030] loss = 0.684828
[e092 s0550/1030] loss = 0.648964
[e092 s0600/1030] loss = 0.669185
[e092 s0650/1030] loss = 0.645801
[e092 s0700/1030] loss = 0.654534
[e092 s0750/1030] loss = 0.641802
[e092 s0800/1030] loss = 0.633476
[e092 s0850/1030] loss = 0.639352
[e092 s0900/1030] loss = 0.627942
[e092 s0950/1030] loss = 0.611905
[e092 s1000/1030] loss = 0.628960
Epoch 092: train_loss = 0.640161  MAE/GAME0 = 24.468  RMSE = 57.618  GAME1 = 28.944  GAME2 = 32.528  GAME3 = 36.193  lr = 9.49e-06  kd = 1.00  time = 15.0s
[e093 s0001/1030] loss = 0.005495
[e093 s0050/1030] loss = 0.889324
[e093 s0100/1030] loss = 0.694636
[e093 s0150/1030] loss = 0.631959
[e093 s0200/1030] loss = 0.581269
[e093 s0250/1030] loss = 0.595193
[e093 s0300/1030] loss = 0.543266
[e093 s0350/1030] loss = 0.536174
[e093 s0400/1030] loss = 0.581495
[e093 s0450/1030] loss = 0.578571
[e093 s0500/1030] loss = 0.591501
[e093 s0550/1030] loss = 0.558768
[e093 s0600/1030] loss = 0.556246
[e093 s0650/1030] loss = 0.649577
[e093 s0700/1030] loss = 0.636846
[e093 s0750/1030] loss = 0.650947
[e093 s0800/1030] loss = 0.627345
[e093 s0850/1030] loss = 0.619177
[e093 s0900/1030] loss = 0.944929
[e093 s0950/1030] loss = 0.919994
[e093 s1000/1030] loss = 0.901914
Epoch 093: train_loss = 0.888766  MAE/GAME0 = 32.686  RMSE = 62.523  GAME1 = 34.215  GAME2 = 36.111  GAME3 = 38.105  lr = 9.48e-06  kd = 1.00  time = 15.0s
[e094 s0001/1030] loss = 0.113424
[e094 s0050/1030] loss = 0.451243
[e094 s0100/1030] loss = 0.670087
[e094 s0150/1030] loss = 0.610892
[e094 s0200/1030] loss = 0.561962
[e094 s0250/1030] loss = 1.747297
[e094 s0300/1030] loss = 1.554880
[e094 s0350/1030] loss = 1.391714
[e094 s0400/1030] loss = 1.292458
[e094 s0450/1030] loss = 1.193533
[e094 s0500/1030] loss = 1.111857
[e094 s0550/1030] loss = 1.093208
[e094 s0600/1030] loss = 1.033483
[e094 s0650/1030] loss = 0.987886
[e094 s0700/1030] loss = 0.938344
[e094 s0750/1030] loss = 0.912338
[e094 s0800/1030] loss = 0.904211
[e094 s0850/1030] loss = 0.886790
[e094 s0900/1030] loss = 0.856352
[e094 s0950/1030] loss = 0.848334
[e094 s1000/1030] loss = 0.823337
Epoch 094: train_loss = 0.811944  MAE/GAME0 = 30.135  RMSE = 59.944  GAME1 = 31.874  GAME2 = 34.244  GAME3 = 36.533  lr = 9.46e-06  kd = 1.00  time = 15.1s
[e095 s0001/1030] loss = 0.134700
[e095 s0050/1030] loss = 0.625333
[e095 s0100/1030] loss = 0.488544
[e095 s0150/1030] loss = 0.482894
[e095 s0200/1030] loss = 0.536864
[e095 s0250/1030] loss = 0.522475
[e095 s0300/1030] loss = 0.523165
[e095 s0350/1030] loss = 0.477555
[e095 s0400/1030] loss = 0.500077
[e095 s0450/1030] loss = 0.485894
[e095 s0500/1030] loss = 0.470202
[e095 s0550/1030] loss = 0.856271
[e095 s0600/1030] loss = 0.819912
[e095 s0650/1030] loss = 0.787837
[e095 s0700/1030] loss = 0.756258
[e095 s0750/1030] loss = 0.739904
[e095 s0800/1030] loss = 0.708440
[e095 s0850/1030] loss = 0.704598
[e095 s0900/1030] loss = 0.694204
[e095 s0950/1030] loss = 0.678156
[e095 s1000/1030] loss = 0.696326
Epoch 095: train_loss = 0.695275  MAE/GAME0 = 42.553  RMSE = 70.680  GAME1 = 43.061  GAME2 = 44.052  GAME3 = 44.856  lr = 9.44e-06  kd = 1.00  time = 15.0s
[e096 s0001/1030] loss = 0.039509
[e096 s0050/1030] loss = 1.058043
[e096 s0100/1030] loss = 0.853595
[e096 s0150/1030] loss = 0.773365
[e096 s0200/1030] loss = 0.673113
[e096 s0250/1030] loss = 0.609593
[e096 s0300/1030] loss = 1.581250
[e096 s0350/1030] loss = 1.435083
[e096 s0400/1030] loss = 1.305520
[e096 s0450/1030] loss = 1.192077
[e096 s0500/1030] loss = 1.121854
[e096 s0550/1030] loss = 1.055779
[e096 s0600/1030] loss = 1.010825
[e096 s0650/1030] loss = 0.957242
[e096 s0700/1030] loss = 0.944369
[e096 s0750/1030] loss = 0.907366
[e096 s0800/1030] loss = 0.900422
[e096 s0850/1030] loss = 0.882477
[e096 s0900/1030] loss = 0.881605
[e096 s0950/1030] loss = 0.867467
[e096 s1000/1030] loss = 0.908086
Epoch 096: train_loss = 0.894010  MAE/GAME0 = 25.442  RMSE = 55.585  GAME1 = 27.867  GAME2 = 30.860  GAME3 = 33.837  lr = 9.42e-06  kd = 1.00  time = 14.9s
[e097 s0001/1030] loss = 0.428037
[e097 s0050/1030] loss = 0.321332
[e097 s0100/1030] loss = 0.371617
[e097 s0150/1030] loss = 0.785253
[e097 s0200/1030] loss = 0.663355
[e097 s0250/1030] loss = 0.618355
[e097 s0300/1030] loss = 0.565543
[e097 s0350/1030] loss = 0.572874
[e097 s0400/1030] loss = 0.578510
[e097 s0450/1030] loss = 0.554515
[e097 s0500/1030] loss = 0.570673
[e097 s0550/1030] loss = 0.581705
[e097 s0600/1030] loss = 0.555500
[e097 s0650/1030] loss = 0.544015
[e097 s0700/1030] loss = 0.528082
[e097 s0750/1030] loss = 0.515164
[e097 s0800/1030] loss = 0.516596
[e097 s0850/1030] loss = 0.508029
[e097 s0900/1030] loss = 0.499603
[e097 s0950/1030] loss = 0.493060
[e097 s1000/1030] loss = 0.826548
Epoch 097: train_loss = 0.810761  MAE/GAME0 = 22.368  RMSE = 56.321  GAME1 = 27.493  GAME2 = 31.824  GAME3 = 35.871  lr = 9.39e-06  kd = 1.00  time = 15.1s
[e098 s0001/1030] loss = 0.091580
[e098 s0050/1030] loss = 1.124524
[e098 s0100/1030] loss = 0.753472
[e098 s0150/1030] loss = 0.660042
[e098 s0200/1030] loss = 0.641396
[e098 s0250/1030] loss = 0.742416
[e098 s0300/1030] loss = 0.686509
[e098 s0350/1030] loss = 0.682332
[e098 s0400/1030] loss = 0.651293
[e098 s0450/1030] loss = 0.625017
[e098 s0500/1030] loss = 0.603516
[e098 s0550/1030] loss = 0.585119
[e098 s0600/1030] loss = 0.756027
[e098 s0650/1030] loss = 0.729332
[e098 s0700/1030] loss = 0.703178
[e098 s0750/1030] loss = 0.700539
[e098 s0800/1030] loss = 0.689665
[e098 s0850/1030] loss = 0.766419
[e098 s0900/1030] loss = 0.738918
[e098 s0950/1030] loss = 0.733907
[e098 s1000/1030] loss = 0.714984
Epoch 098: train_loss = 0.709917  MAE/GAME0 = 25.069  RMSE = 58.322  GAME1 = 27.977  GAME2 = 31.310  GAME3 = 34.652  lr = 9.37e-06  kd = 1.00  time = 15.0s
[e099 s0001/1030] loss = 0.268830
[e099 s0050/1030] loss = 0.533038
[e099 s0100/1030] loss = 0.491627
[e099 s0150/1030] loss = 0.460213
[e099 s0200/1030] loss = 0.827590
[e099 s0250/1030] loss = 0.733388
[e099 s0300/1030] loss = 0.768611
[e099 s0350/1030] loss = 0.719349
[e099 s0400/1030] loss = 0.680929
[e099 s0450/1030] loss = 0.662757
[e099 s0500/1030] loss = 0.665910
[e099 s0550/1030] loss = 0.671854
[e099 s0600/1030] loss = 0.688022
[e099 s0650/1030] loss = 0.660698
[e099 s0700/1030] loss = 0.631791
[e099 s0750/1030] loss = 0.624040
[e099 s0800/1030] loss = 0.607358
[e099 s0850/1030] loss = 0.599268
[e099 s0900/1030] loss = 0.589774
[e099 s0950/1030] loss = 0.615586
[e099 s1000/1030] loss = 0.656829
Epoch 099: train_loss = 0.781960  MAE/GAME0 = 36.439  RMSE = 66.353  GAME1 = 37.940  GAME2 = 40.027  GAME3 = 41.641  lr = 9.35e-06  kd = 1.00  time = 15.0s
[e100 s0001/1030] loss = 0.490348
[e100 s0050/1030] loss = 0.768804
[e100 s0100/1030] loss = 0.646313
[e100 s0150/1030] loss = 0.668624
[e100 s0200/1030] loss = 0.606833
[e100 s0250/1030] loss = 0.586398
[e100 s0300/1030] loss = 0.533382
[e100 s0350/1030] loss = 0.534317
[e100 s0400/1030] loss = 0.555543
[e100 s0450/1030] loss = 0.783174
[e100 s0500/1030] loss = 0.745605
[e100 s0550/1030] loss = 0.715920
[e100 s0600/1030] loss = 0.693162
[e100 s0650/1030] loss = 0.660925
[e100 s0700/1030] loss = 0.634777
[e100 s0750/1030] loss = 0.616220
[e100 s0800/1030] loss = 0.982662
[e100 s0850/1030] loss = 0.999650
[e100 s0900/1030] loss = 0.979639
[e100 s0950/1030] loss = 0.954878
[e100 s1000/1030] loss = 0.952950
Epoch 100: train_loss = 0.933454  MAE/GAME0 = 26.401  RMSE = 57.882  GAME1 = 28.939  GAME2 = 31.456  GAME3 = 34.246  lr = 9.33e-06  kd = 1.00  time = 14.9s
[e101 s0001/1030] loss = 0.077269
[e101 s0050/1030] loss = 0.326596
[e101 s0100/1030] loss = 0.354454
[e101 s0150/1030] loss = 0.313654
[e101 s0200/1030] loss = 0.357935
[e101 s0250/1030] loss = 0.454736
[e101 s0300/1030] loss = 0.468669
[e101 s0350/1030] loss = 0.465985
[e101 s0400/1030] loss = 0.532737
[e101 s0450/1030] loss = 0.511791
[e101 s0500/1030] loss = 0.535740
[e101 s0550/1030] loss = 0.527000
[e101 s0600/1030] loss = 0.527068
[e101 s0650/1030] loss = 0.545523
[e101 s0700/1030] loss = 0.535300
[e101 s0750/1030] loss = 0.533027
[e101 s0800/1030] loss = 0.536914
[e101 s0850/1030] loss = 0.536685
[e101 s0900/1030] loss = 0.529794
[e101 s0950/1030] loss = 0.543109
[e101 s1000/1030] loss = 0.538457
Epoch 101: train_loss = 0.532529  MAE/GAME0 = 47.021  RMSE = 72.484  GAME1 = 47.306  GAME2 = 47.865  GAME3 = 48.292  lr = 9.31e-06  kd = 1.00  time = 14.9s
[e102 s0001/1030] loss = 0.000910
[e102 s0050/1030] loss = 0.764337
[e102 s0100/1030] loss = 0.685292
[e102 s0150/1030] loss = 0.622422
[e102 s0200/1030] loss = 0.639196
[e102 s0250/1030] loss = 0.610182
[e102 s0300/1030] loss = 0.575114
[e102 s0350/1030] loss = 0.561151
[e102 s0400/1030] loss = 0.940603
[e102 s0450/1030] loss = 0.868991
[e102 s0500/1030] loss = 0.857001
[e102 s0550/1030] loss = 0.815387
[e102 s0600/1030] loss = 0.793577
[e102 s0650/1030] loss = 0.759439
[e102 s0700/1030] loss = 0.742714
[e102 s0750/1030] loss = 0.732649
[e102 s0800/1030] loss = 0.712198
[e102 s0850/1030] loss = 0.720620
[e102 s0900/1030] loss = 0.701453
[e102 s0950/1030] loss = 0.684273
[e102 s1000/1030] loss = 0.689863
Epoch 102: train_loss = 0.675177  MAE/GAME0 = 31.973  RMSE = 61.020  GAME1 = 33.733  GAME2 = 36.141  GAME3 = 38.280  lr = 9.29e-06  kd = 1.00  time = 14.9s
[e103 s0001/1030] loss = 0.402569
[e103 s0050/1030] loss = 1.254400
[e103 s0100/1030] loss = 1.909631
[e103 s0150/1030] loss = 1.379980
[e103 s0200/1030] loss = 1.146043
[e103 s0250/1030] loss = 1.893881
[e103 s0300/1030] loss = 1.640107
[e103 s0350/1030] loss = 1.514315
[e103 s0400/1030] loss = 1.406104
[e103 s0450/1030] loss = 1.334072
[e103 s0500/1030] loss = 1.356490
[e103 s0550/1030] loss = 1.312185
[e103 s0600/1030] loss = 1.246345
[e103 s0650/1030] loss = 1.252313
[e103 s0700/1030] loss = 1.199358
[e103 s0750/1030] loss = 1.151293
[e103 s0800/1030] loss = 1.116473
[e103 s0850/1030] loss = 1.076988
[e103 s0900/1030] loss = 1.033542
[e103 s0950/1030] loss = 0.998523
[e103 s1000/1030] loss = 0.969780
Epoch 103: train_loss = 0.954232  MAE/GAME0 = 32.019  RMSE = 61.980  GAME1 = 33.195  GAME2 = 35.141  GAME3 = 36.964  lr = 9.26e-06  kd = 1.00  time = 15.1s
[e104 s0001/1030] loss = 0.142758
[e104 s0050/1030] loss = 4.742313
[e104 s0100/1030] loss = 2.797896
[e104 s0150/1030] loss = 2.041854
[e104 s0200/1030] loss = 1.727050
[e104 s0250/1030] loss = 1.515371
[e104 s0300/1030] loss = 1.301975
[e104 s0350/1030] loss = 1.236403
[e104 s0400/1030] loss = 1.167201
[e104 s0450/1030] loss = 1.126824
[e104 s0500/1030] loss = 1.049850
[e104 s0550/1030] loss = 1.008304
[e104 s0600/1030] loss = 0.978662
[e104 s0650/1030] loss = 0.933393
[e104 s0700/1030] loss = 0.898593
[e104 s0750/1030] loss = 0.859000
[e104 s0800/1030] loss = 0.874264
[e104 s0850/1030] loss = 0.840383
[e104 s0900/1030] loss = 0.832081
[e104 s0950/1030] loss = 0.811218
[e104 s1000/1030] loss = 0.783409
Epoch 104: train_loss = 0.771342  MAE/GAME0 = 27.646  RMSE = 60.402  GAME1 = 29.839  GAME2 = 32.370  GAME3 = 35.004  lr = 9.24e-06  kd = 1.00  time = 14.9s
[e105 s0001/1030] loss = 0.039803
[e105 s0050/1030] loss = 0.301061
[e105 s0100/1030] loss = 0.276483
[e105 s0150/1030] loss = 0.274871
[e105 s0200/1030] loss = 0.432997
[e105 s0250/1030] loss = 0.441629
[e105 s0300/1030] loss = 0.469867
[e105 s0350/1030] loss = 0.450980
[e105 s0400/1030] loss = 0.429364
[e105 s0450/1030] loss = 0.452961
[e105 s0500/1030] loss = 0.454022
[e105 s0550/1030] loss = 0.494046
[e105 s0600/1030] loss = 0.554466
[e105 s0650/1030] loss = 0.562117
[e105 s0700/1030] loss = 0.582957
[e105 s0750/1030] loss = 0.585439
[e105 s0800/1030] loss = 0.568755
[e105 s0850/1030] loss = 0.556936
[e105 s0900/1030] loss = 0.551625
[e105 s0950/1030] loss = 0.565538
[e105 s1000/1030] loss = 0.586280
Epoch 105: train_loss = 0.579644  MAE/GAME0 = 27.473  RMSE = 58.586  GAME1 = 29.571  GAME2 = 32.108  GAME3 = 34.813  lr = 9.22e-06  kd = 1.00  time = 15.0s
[e106 s0001/1030] loss = 0.090867
[e106 s0050/1030] loss = 0.445099
[e106 s0100/1030] loss = 0.371405
[e106 s0150/1030] loss = 0.394382
[e106 s0200/1030] loss = 0.495655
[e106 s0250/1030] loss = 0.497255
[e106 s0300/1030] loss = 0.478358
[e106 s0350/1030] loss = 0.542288
[e106 s0400/1030] loss = 0.610079
[e106 s0450/1030] loss = 0.609456
[e106 s0500/1030] loss = 1.133222
[e106 s0550/1030] loss = 1.113650
[e106 s0600/1030] loss = 1.065922
[e106 s0650/1030] loss = 1.021964
[e106 s0700/1030] loss = 1.004195
[e106 s0750/1030] loss = 0.977725
[e106 s0800/1030] loss = 0.941372
[e106 s0850/1030] loss = 0.941610
[e106 s0900/1030] loss = 0.915652
[e106 s0950/1030] loss = 0.887293
[e106 s1000/1030] loss = 0.868180
Epoch 106: train_loss = 0.856676  MAE/GAME0 = 32.757  RMSE = 62.496  GAME1 = 34.268  GAME2 = 36.329  GAME3 = 38.295  lr = 9.19e-06  kd = 1.00  time = 15.3s
[e107 s0001/1030] loss = 0.303923
[e107 s0050/1030] loss = 1.255396
[e107 s0100/1030] loss = 0.774545
[e107 s0150/1030] loss = 0.728498
[e107 s0200/1030] loss = 0.676809
[e107 s0250/1030] loss = 1.883619
[e107 s0300/1030] loss = 1.769274
[e107 s0350/1030] loss = 1.574558
[e107 s0400/1030] loss = 1.429782
[e107 s0450/1030] loss = 1.340268
[e107 s0500/1030] loss = 1.268511
[e107 s0550/1030] loss = 1.189849
[e107 s0600/1030] loss = 1.129209
[e107 s0650/1030] loss = 1.077256
[e107 s0700/1030] loss = 1.026901
[e107 s0750/1030] loss = 1.010958
[e107 s0800/1030] loss = 0.975353
[e107 s0850/1030] loss = 0.961837
[e107 s0900/1030] loss = 0.932085
[e107 s0950/1030] loss = 0.904444
[e107 s1000/1030] loss = 0.894238
Epoch 107: train_loss = 0.888603  MAE/GAME0 = 29.926  RMSE = 59.043  GAME1 = 31.384  GAME2 = 33.875  GAME3 = 36.225  lr = 9.17e-06  kd = 1.00  time = 14.8s
[e108 s0001/1030] loss = 0.543297
[e108 s0050/1030] loss = 0.701947
[e108 s0100/1030] loss = 0.584490
[e108 s0150/1030] loss = 0.571453
[e108 s0200/1030] loss = 0.524820
[e108 s0250/1030] loss = 0.513156
[e108 s0300/1030] loss = 0.493534
[e108 s0350/1030] loss = 0.489871
[e108 s0400/1030] loss = 0.571325
[e108 s0450/1030] loss = 0.973774
[e108 s0500/1030] loss = 0.919585
[e108 s0550/1030] loss = 0.862299
[e108 s0600/1030] loss = 0.906305
[e108 s0650/1030] loss = 0.895532
[e108 s0700/1030] loss = 0.868030
[e108 s0750/1030] loss = 0.847596
[e108 s0800/1030] loss = 0.837477
[e108 s0850/1030] loss = 0.811993
[e108 s0900/1030] loss = 0.791149
[e108 s0950/1030] loss = 0.808071
[e108 s1000/1030] loss = 0.804767
Epoch 108: train_loss = 0.794284  MAE/GAME0 = 24.783  RMSE = 55.037  GAME1 = 27.767  GAME2 = 30.646  GAME3 = 33.802  lr = 9.15e-06  kd = 1.00  time = 15.1s
[e109 s0001/1030] loss = 0.142522
[e109 s0050/1030] loss = 0.228702
[e109 s0100/1030] loss = 0.300825
[e109 s0150/1030] loss = 0.479927
[e109 s0200/1030] loss = 1.497866
[e109 s0250/1030] loss = 1.365253
[e109 s0300/1030] loss = 1.214942
[e109 s0350/1030] loss = 1.137579
[e109 s0400/1030] loss = 1.119465
[e109 s0450/1030] loss = 1.027385
[e109 s0500/1030] loss = 0.970419
[e109 s0550/1030] loss = 0.961900
[e109 s0600/1030] loss = 0.928928
[e109 s0650/1030] loss = 0.893724
[e109 s0700/1030] loss = 0.847894
[e109 s0750/1030] loss = 0.828203
[e109 s0800/1030] loss = 0.864874
[e109 s0850/1030] loss = 0.841584
[e109 s0900/1030] loss = 0.843194
[e109 s0950/1030] loss = 0.846770
[e109 s1000/1030] loss = 0.824710
Epoch 109: train_loss = 0.810526  MAE/GAME0 = 37.532  RMSE = 67.042  GAME1 = 38.545  GAME2 = 40.065  GAME3 = 41.397  lr = 9.12e-06  kd = 1.00  time = 15.0s
[e110 s0001/1030] loss = 0.129813
[e110 s0050/1030] loss = 0.460890
[e110 s0100/1030] loss = 0.450584
[e110 s0150/1030] loss = 0.418863
[e110 s0200/1030] loss = 0.400680
[e110 s0250/1030] loss = 0.574136
[e110 s0300/1030] loss = 0.585130
[e110 s0350/1030] loss = 0.591189
[e110 s0400/1030] loss = 0.568110
[e110 s0450/1030] loss = 0.616565
[e110 s0500/1030] loss = 0.600611
[e110 s0550/1030] loss = 0.572655
[e110 s0600/1030] loss = 0.545371
[e110 s0650/1030] loss = 0.534851
[e110 s0700/1030] loss = 0.561594
[e110 s0750/1030] loss = 0.571838
[e110 s0800/1030] loss = 0.606545
[e110 s0850/1030] loss = 0.589888
[e110 s0900/1030] loss = 0.590648
[e110 s0950/1030] loss = 0.591660
[e110 s1000/1030] loss = 0.583023
Epoch 110: train_loss = 0.644180  MAE/GAME0 = 31.949  RMSE = 63.432  GAME1 = 34.001  GAME2 = 36.579  GAME3 = 39.067  lr = 9.10e-06  kd = 1.00  time = 15.1s
[e111 s0001/1030] loss = 0.021440
[e111 s0050/1030] loss = 3.097764
[e111 s0100/1030] loss = 1.681854
[e111 s0150/1030] loss = 1.290889
[e111 s0200/1030] loss = 1.103783
[e111 s0250/1030] loss = 1.006411
[e111 s0300/1030] loss = 0.934662
[e111 s0350/1030] loss = 0.871057
[e111 s0400/1030] loss = 0.957650
[e111 s0450/1030] loss = 0.919467
[e111 s0500/1030] loss = 0.866353
[e111 s0550/1030] loss = 0.840578
[e111 s0600/1030] loss = 0.822490
[e111 s0650/1030] loss = 0.803624
[e111 s0700/1030] loss = 0.811143
[e111 s0750/1030] loss = 0.788421
[e111 s0800/1030] loss = 0.761191
[e111 s0850/1030] loss = 0.736543
[e111 s0900/1030] loss = 0.720808
[e111 s0950/1030] loss = 0.713720
[e111 s1000/1030] loss = 0.714134
Epoch 111: train_loss = 0.706315  MAE/GAME0 = 29.380  RMSE = 61.093  GAME1 = 31.079  GAME2 = 33.236  GAME3 = 35.582  lr = 9.07e-06  kd = 1.00  time = 15.0s
[e112 s0001/1030] loss = 2.455504
[e112 s0050/1030] loss = 1.793266
[e112 s0100/1030] loss = 1.100217
[e112 s0150/1030] loss = 0.835655
[e112 s0200/1030] loss = 2.295225
[e112 s0250/1030] loss = 1.971905
[e112 s0300/1030] loss = 1.696444
[e112 s0350/1030] loss = 1.534290
[e112 s0400/1030] loss = 1.463135
[e112 s0450/1030] loss = 1.383229
[e112 s0500/1030] loss = 1.294089
[e112 s0550/1030] loss = 1.241491
[e112 s0600/1030] loss = 1.163857
[e112 s0650/1030] loss = 1.125271
[e112 s0700/1030] loss = 1.090172
[e112 s0750/1030] loss = 1.146375
[e112 s0800/1030] loss = 1.140775
[e112 s0850/1030] loss = 1.122376
[e112 s0900/1030] loss = 1.073229
[e112 s0950/1030] loss = 1.033266
[e112 s1000/1030] loss = 1.012726
Epoch 112: train_loss = 0.990071  MAE/GAME0 = 28.925  RMSE = 61.040  GAME1 = 30.982  GAME2 = 33.525  GAME3 = 36.225  lr = 9.05e-06  kd = 1.00  time = 15.0s
[e113 s0001/1030] loss = 0.001147
[e113 s0050/1030] loss = 0.409805
[e113 s0100/1030] loss = 0.308893
[e113 s0150/1030] loss = 0.368463
[e113 s0200/1030] loss = 0.500549
[e113 s0250/1030] loss = 0.582178
[e113 s0300/1030] loss = 0.586460
[e113 s0350/1030] loss = 0.539571
[e113 s0400/1030] loss = 0.542962
[e113 s0450/1030] loss = 0.542851
[e113 s0500/1030] loss = 0.542696
[e113 s0550/1030] loss = 0.545465
[e113 s0600/1030] loss = 0.537358
[e113 s0650/1030] loss = 0.521898
[e113 s0700/1030] loss = 0.517934
[e113 s0750/1030] loss = 0.545528
[e113 s0800/1030] loss = 0.552510
[e113 s0850/1030] loss = 0.546541
[e113 s0900/1030] loss = 0.558736
[e113 s0950/1030] loss = 0.559946
[e113 s1000/1030] loss = 0.556566
Epoch 113: train_loss = 0.748781  MAE/GAME0 = 28.539  RMSE = 59.726  GAME1 = 30.797  GAME2 = 33.299  GAME3 = 35.898  lr = 9.02e-06  kd = 1.00  time = 15.2s
[e114 s0001/1030] loss = 0.015449
[e114 s0050/1030] loss = 0.946732
[e114 s0100/1030] loss = 0.885614
[e114 s0150/1030] loss = 0.683426
[e114 s0200/1030] loss = 0.639282
[e114 s0250/1030] loss = 0.603394
[e114 s0300/1030] loss = 0.553124
[e114 s0350/1030] loss = 0.540433
[e114 s0400/1030] loss = 0.544928
[e114 s0450/1030] loss = 0.576727
[e114 s0500/1030] loss = 0.551544
[e114 s0550/1030] loss = 0.530804
[e114 s0600/1030] loss = 0.543625
[e114 s0650/1030] loss = 0.532423
[e114 s0700/1030] loss = 0.522317
[e114 s0750/1030] loss = 0.542352
[e114 s0800/1030] loss = 0.561761
[e114 s0850/1030] loss = 0.545309
[e114 s0900/1030] loss = 0.844714
[e114 s0950/1030] loss = 0.828410
[e114 s1000/1030] loss = 0.800424
Epoch 114: train_loss = 0.788565  MAE/GAME0 = 34.099  RMSE = 65.800  GAME1 = 35.879  GAME2 = 38.024  GAME3 = 39.955  lr = 8.99e-06  kd = 1.00  time = 15.0s
[e115 s0001/1030] loss = 0.031116
[e115 s0050/1030] loss = 0.702761
[e115 s0100/1030] loss = 0.546943
[e115 s0150/1030] loss = 0.579364
[e115 s0200/1030] loss = 0.615690
[e115 s0250/1030] loss = 0.565772
[e115 s0300/1030] loss = 0.562826
[e115 s0350/1030] loss = 0.640484
[e115 s0400/1030] loss = 0.844274
[e115 s0450/1030] loss = 0.813211
[e115 s0500/1030] loss = 0.785328
[e115 s0550/1030] loss = 0.775083
[e115 s0600/1030] loss = 0.786005
[e115 s0650/1030] loss = 0.763408
[e115 s0700/1030] loss = 0.756770
[e115 s0750/1030] loss = 0.745613
[e115 s0800/1030] loss = 0.726785
[e115 s0850/1030] loss = 0.731894
[e115 s0900/1030] loss = 0.712570
[e115 s0950/1030] loss = 0.705689
[e115 s1000/1030] loss = 0.704388
Epoch 115: train_loss = 0.699789  MAE/GAME0 = 29.379  RMSE = 60.939  GAME1 = 31.118  GAME2 = 33.546  GAME3 = 35.829  lr = 8.97e-06  kd = 1.00  time = 15.2s
[e116 s0001/1030] loss = 2.961974
[e116 s0050/1030] loss = 0.575177
[e116 s0100/1030] loss = 0.533822
[e116 s0150/1030] loss = 0.606407
[e116 s0200/1030] loss = 0.573145
[e116 s0250/1030] loss = 0.592795
[e116 s0300/1030] loss = 0.565557
[e116 s0350/1030] loss = 0.551465
[e116 s0400/1030] loss = 0.538558
[e116 s0450/1030] loss = 0.544104
[e116 s0500/1030] loss = 0.545749
[e116 s0550/1030] loss = 0.882278
[e116 s0600/1030] loss = 0.860263
[e116 s0650/1030] loss = 0.831221
[e116 s0700/1030] loss = 0.802929
[e116 s0750/1030] loss = 0.764862
[e116 s0800/1030] loss = 0.764754
[e116 s0850/1030] loss = 0.770263
[e116 s0900/1030] loss = 0.758039
[e116 s0950/1030] loss = 0.736479
[e116 s1000/1030] loss = 0.713454
Epoch 116: train_loss = 0.715674  MAE/GAME0 = 24.463  RMSE = 58.149  GAME1 = 28.157  GAME2 = 31.261  GAME3 = 34.595  lr = 8.94e-06  kd = 1.00  time = 15.1s
[e117 s0001/1030] loss = 0.087769
[e117 s0050/1030] loss = 0.380086
[e117 s0100/1030] loss = 0.378638
[e117 s0150/1030] loss = 0.412104
[e117 s0200/1030] loss = 0.408481
[e117 s0250/1030] loss = 0.382926
[e117 s0300/1030] loss = 0.394622
[e117 s0350/1030] loss = 0.380495
[e117 s0400/1030] loss = 0.398929
[e117 s0450/1030] loss = 0.410504
[e117 s0500/1030] loss = 0.433163
[e117 s0550/1030] loss = 0.439178
[e117 s0600/1030] loss = 0.472398
[e117 s0650/1030] loss = 0.458083
[e117 s0700/1030] loss = 0.616091
[e117 s0750/1030] loss = 0.725239
[e117 s0800/1030] loss = 0.701050
[e117 s0850/1030] loss = 0.696967
[e117 s0900/1030] loss = 0.682516
[e117 s0950/1030] loss = 0.667053
[e117 s1000/1030] loss = 0.676165
Epoch 117: train_loss = 0.673627  MAE/GAME0 = 21.420  RMSE = 52.882  GAME1 = 25.936  GAME2 = 30.337  GAME3 = 34.844  lr = 8.91e-06  kd = 1.00  time = 15.1s
[e118 s0001/1030] loss = 0.071868
[e118 s0050/1030] loss = 0.495301
[e118 s0100/1030] loss = 0.563090
[e118 s0150/1030] loss = 0.563190
[e118 s0200/1030] loss = 0.712174
[e118 s0250/1030] loss = 0.646092
[e118 s0300/1030] loss = 0.668031
[e118 s0350/1030] loss = 0.664707
[e118 s0400/1030] loss = 0.616886
[e118 s0450/1030] loss = 0.601347
[e118 s0500/1030] loss = 0.588894
[e118 s0550/1030] loss = 0.877012
[e118 s0600/1030] loss = 0.827719
[e118 s0650/1030] loss = 0.818362
[e118 s0700/1030] loss = 0.806702
[e118 s0750/1030] loss = 0.773706
[e118 s0800/1030] loss = 0.774968
[e118 s0850/1030] loss = 0.749224
[e118 s0900/1030] loss = 0.732392
[e118 s0950/1030] loss = 0.720851
[e118 s1000/1030] loss = 0.714084
Epoch 118: train_loss = 0.701050  MAE/GAME0 = 27.295  RMSE = 60.219  GAME1 = 29.194  GAME2 = 31.994  GAME3 = 34.693  lr = 8.89e-06  kd = 1.00  time = 15.0s
[e119 s0001/1030] loss = 0.055929
[e119 s0050/1030] loss = 0.695720
[e119 s0100/1030] loss = 0.717761
[e119 s0150/1030] loss = 0.626364
[e119 s0200/1030] loss = 0.614256
[e119 s0250/1030] loss = 0.565952
[e119 s0300/1030] loss = 0.545291
[e119 s0350/1030] loss = 0.943403
[e119 s0400/1030] loss = 0.870241
[e119 s0450/1030] loss = 0.855485
[e119 s0500/1030] loss = 0.903167
[e119 s0550/1030] loss = 0.863732
[e119 s0600/1030] loss = 1.548709
[e119 s0650/1030] loss = 1.452273
[e119 s0700/1030] loss = 1.401674
[e119 s0750/1030] loss = 1.330876
[e119 s0800/1030] loss = 1.287035
[e119 s0850/1030] loss = 1.232901
[e119 s0900/1030] loss = 1.184371
[e119 s0950/1030] loss = 1.141428
[e119 s1000/1030] loss = 1.110195
Epoch 119: train_loss = 1.123343  MAE/GAME0 = 31.045  RMSE = 63.308  GAME1 = 33.256  GAME2 = 35.834  GAME3 = 38.153  lr = 8.86e-06  kd = 1.00  time = 15.0s
[e120 s0001/1030] loss = 0.040376
[e120 s0050/1030] loss = 0.472297
[e120 s0100/1030] loss = 0.485894
[e120 s0150/1030] loss = 0.446496
[e120 s0200/1030] loss = 0.525369
[e120 s0250/1030] loss = 1.049331
[e120 s0300/1030] loss = 0.981181
[e120 s0350/1030] loss = 0.948729
[e120 s0400/1030] loss = 0.897878
[e120 s0450/1030] loss = 0.847275
[e120 s0500/1030] loss = 0.827435
[e120 s0550/1030] loss = 0.819368
[e120 s0600/1030] loss = 0.780924
[e120 s0650/1030] loss = 0.783394
[e120 s0700/1030] loss = 0.763698
[e120 s0750/1030] loss = 0.747602
[e120 s0800/1030] loss = 0.746613
[e120 s0850/1030] loss = 0.723194
[e120 s0900/1030] loss = 0.708966
[e120 s0950/1030] loss = 0.705580
[e120 s1000/1030] loss = 0.690314
Epoch 120: train_loss = 0.681828  MAE/GAME0 = 31.409  RMSE = 62.679  GAME1 = 32.876  GAME2 = 34.794  GAME3 = 36.872  lr = 8.83e-06  kd = 1.00  time = 14.8s
[e121 s0001/1030] loss = 0.019180
[e121 s0050/1030] loss = 0.711261
[e121 s0100/1030] loss = 0.815372
[e121 s0150/1030] loss = 0.648018
[e121 s0200/1030] loss = 0.540997
[e121 s0250/1030] loss = 0.580410
[e121 s0300/1030] loss = 0.541153
[e121 s0350/1030] loss = 0.534521
[e121 s0400/1030] loss = 0.519840
[e121 s0450/1030] loss = 1.063192
[e121 s0500/1030] loss = 1.012118
[e121 s0550/1030] loss = 0.973286
[e121 s0600/1030] loss = 0.947691
[e121 s0650/1030] loss = 0.928643
[e121 s0700/1030] loss = 0.916476
[e121 s0750/1030] loss = 0.876345
[e121 s0800/1030] loss = 0.852063
[e121 s0850/1030] loss = 0.858441
[e121 s0900/1030] loss = 0.831578
[e121 s0950/1030] loss = 0.804032
[e121 s1000/1030] loss = 0.777869
Epoch 121: train_loss = 0.764895  MAE/GAME0 = 20.409  RMSE = 51.736  GAME1 = 23.892  GAME2 = 27.592  GAME3 = 31.728  lr = 8.80e-06  kd = 1.00  time = 14.9s
[e122 s0001/1030] loss = 2.445921
[e122 s0050/1030] loss = 0.556816
[e122 s0100/1030] loss = 0.511839
[e122 s0150/1030] loss = 0.633611
[e122 s0200/1030] loss = 0.654267
[e122 s0250/1030] loss = 0.573857
[e122 s0300/1030] loss = 0.551418
[e122 s0350/1030] loss = 0.580945
[e122 s0400/1030] loss = 0.600593
[e122 s0450/1030] loss = 0.604449
[e122 s0500/1030] loss = 0.595427
[e122 s0550/1030] loss = 0.602277
[e122 s0600/1030] loss = 0.587043
[e122 s0650/1030] loss = 0.587688
[e122 s0700/1030] loss = 0.567194
[e122 s0750/1030] loss = 0.553564
[e122 s0800/1030] loss = 0.551596
[e122 s0850/1030] loss = 0.548908
[e122 s0900/1030] loss = 0.900415
[e122 s0950/1030] loss = 0.873331
[e122 s1000/1030] loss = 0.872383
Epoch 122: train_loss = 0.855057  MAE/GAME0 = 31.383  RMSE = 63.470  GAME1 = 34.016  GAME2 = 36.633  GAME3 = 39.104  lr = 8.77e-06  kd = 1.00  time = 14.8s
[e123 s0001/1030] loss = 0.153421
[e123 s0050/1030] loss = 0.374674
[e123 s0100/1030] loss = 0.370563
[e123 s0150/1030] loss = 0.567954
[e123 s0200/1030] loss = 0.520825
[e123 s0250/1030] loss = 0.562871
[e123 s0300/1030] loss = 0.525014
[e123 s0350/1030] loss = 0.517778
[e123 s0400/1030] loss = 0.529331
[e123 s0450/1030] loss = 0.518751
[e123 s0500/1030] loss = 0.508069
[e123 s0550/1030] loss = 0.559914
[e123 s0600/1030] loss = 0.612976
[e123 s0650/1030] loss = 0.596096
[e123 s0700/1030] loss = 0.613517
[e123 s0750/1030] loss = 0.589897
[e123 s0800/1030] loss = 0.577135
[e123 s0850/1030] loss = 0.568634
[e123 s0900/1030] loss = 0.561625
[e123 s0950/1030] loss = 0.593438
[e123 s1000/1030] loss = 0.580973
Epoch 123: train_loss = 0.581011  MAE/GAME0 = 26.705  RMSE = 59.618  GAME1 = 29.359  GAME2 = 32.236  GAME3 = 35.052  lr = 8.75e-06  kd = 1.00  time = 15.2s
[e124 s0001/1030] loss = 0.233422
[e124 s0050/1030] loss = 0.594282
[e124 s0100/1030] loss = 0.629484
[e124 s0150/1030] loss = 0.552069
[e124 s0200/1030] loss = 0.559367
[e124 s0250/1030] loss = 0.571441
[e124 s0300/1030] loss = 0.673099
[e124 s0350/1030] loss = 0.633752
[e124 s0400/1030] loss = 0.663868
[e124 s0450/1030] loss = 0.623910
[e124 s0500/1030] loss = 0.626327
[e124 s0550/1030] loss = 0.599618
[e124 s0600/1030] loss = 0.644728
[e124 s0650/1030] loss = 0.621923
[e124 s0700/1030] loss = 0.616356
[e124 s0750/1030] loss = 0.626343
[e124 s0800/1030] loss = 0.617980
[e124 s0850/1030] loss = 0.614169
[e124 s0900/1030] loss = 0.721380
[e124 s0950/1030] loss = 0.701760
[e124 s1000/1030] loss = 0.680287
Epoch 124: train_loss = 0.702664  MAE/GAME0 = 32.855  RMSE = 62.969  GAME1 = 34.443  GAME2 = 36.608  GAME3 = 38.637  lr = 8.72e-06  kd = 1.00  time = 14.9s
[e125 s0001/1030] loss = 0.213732
[e125 s0050/1030] loss = 0.689587
[e125 s0100/1030] loss = 0.614979
[e125 s0150/1030] loss = 0.695489
[e125 s0200/1030] loss = 0.965022
[e125 s0250/1030] loss = 0.942762
[e125 s0300/1030] loss = 0.944085
[e125 s0350/1030] loss = 0.883745
[e125 s0400/1030] loss = 0.807631
[e125 s0450/1030] loss = 0.760460
[e125 s0500/1030] loss = 0.729099
[e125 s0550/1030] loss = 0.701321
[e125 s0600/1030] loss = 0.710449
[e125 s0650/1030] loss = 0.713488
[e125 s0700/1030] loss = 0.746420
[e125 s0750/1030] loss = 0.733799
[e125 s0800/1030] loss = 0.733236
[e125 s0850/1030] loss = 0.711354
[e125 s0900/1030] loss = 0.703621
[e125 s0950/1030] loss = 0.690127
[e125 s1000/1030] loss = 0.858234
Epoch 125: train_loss = 0.847525  MAE/GAME0 = 31.916  RMSE = 62.141  GAME1 = 33.572  GAME2 = 35.872  GAME3 = 38.043  lr = 8.69e-06  kd = 1.00  time = 15.1s
[e126 s0001/1030] loss = 0.011835
[e126 s0050/1030] loss = 0.347933
[e126 s0100/1030] loss = 0.509530
[e126 s0150/1030] loss = 2.271810
[e126 s0200/1030] loss = 1.792004
[e126 s0250/1030] loss = 1.588125
[e126 s0300/1030] loss = 1.501904
[e126 s0350/1030] loss = 1.321926
[e126 s0400/1030] loss = 1.188031
[e126 s0450/1030] loss = 1.106919
[e126 s0500/1030] loss = 1.038055
[e126 s0550/1030] loss = 0.980030
[e126 s0600/1030] loss = 0.916052
[e126 s0650/1030] loss = 0.874892
[e126 s0700/1030] loss = 0.869671
[e126 s0750/1030] loss = 0.831879
[e126 s0800/1030] loss = 0.826291
[e126 s0850/1030] loss = 0.798300
[e126 s0900/1030] loss = 0.797259
[e126 s0950/1030] loss = 0.765154
[e126 s1000/1030] loss = 0.749386
Epoch 126: train_loss = 0.756792  MAE/GAME0 = 29.707  RMSE = 61.529  GAME1 = 31.761  GAME2 = 34.295  GAME3 = 36.765  lr = 8.66e-06  kd = 1.00  time = 15.1s
[e127 s0001/1030] loss = 0.056061
[e127 s0050/1030] loss = 0.394298
[e127 s0100/1030] loss = 0.400790
[e127 s0150/1030] loss = 0.495545
[e127 s0200/1030] loss = 0.440302
[e127 s0250/1030] loss = 0.458033
[e127 s0300/1030] loss = 0.574591
[e127 s0350/1030] loss = 0.540061
[e127 s0400/1030] loss = 0.524384
[e127 s0450/1030] loss = 0.515353
[e127 s0500/1030] loss = 0.498089
[e127 s0550/1030] loss = 0.528027
[e127 s0600/1030] loss = 0.563677
[e127 s0650/1030] loss = 0.567788
[e127 s0700/1030] loss = 0.556373
[e127 s0750/1030] loss = 0.551242
[e127 s0800/1030] loss = 0.535162
[e127 s0850/1030] loss = 0.522184
[e127 s0900/1030] loss = 0.511322
[e127 s0950/1030] loss = 0.514550
[e127 s1000/1030] loss = 0.519453
Epoch 127: train_loss = 0.529459  MAE/GAME0 = 31.779  RMSE = 62.150  GAME1 = 33.712  GAME2 = 36.017  GAME3 = 38.235  lr = 8.63e-06  kd = 1.00  time = 15.0s
[e128 s0001/1030] loss = 1.069704
[e128 s0050/1030] loss = 0.460246
[e128 s0100/1030] loss = 0.458562
[e128 s0150/1030] loss = 0.481847
[e128 s0200/1030] loss = 0.444765
[e128 s0250/1030] loss = 0.437547
[e128 s0300/1030] loss = 0.443092
[e128 s0350/1030] loss = 0.461609
[e128 s0400/1030] loss = 0.482631
[e128 s0450/1030] loss = 0.498746
[e128 s0500/1030] loss = 0.660595
[e128 s0550/1030] loss = 0.629647
[e128 s0600/1030] loss = 0.607274
[e128 s0650/1030] loss = 0.597460
[e128 s0700/1030] loss = 0.580993
[e128 s0750/1030] loss = 0.566952
[e128 s0800/1030] loss = 0.592822
[e128 s0850/1030] loss = 0.579577
[e128 s0900/1030] loss = 0.689576
[e128 s0950/1030] loss = 0.689583
[e128 s1000/1030] loss = 0.677891
Epoch 128: train_loss = 0.674627  MAE/GAME0 = 31.672  RMSE = 62.737  GAME1 = 33.820  GAME2 = 36.298  GAME3 = 38.641  lr = 8.60e-06  kd = 1.00  time = 15.1s
[e129 s0001/1030] loss = 0.107754
[e129 s0050/1030] loss = 0.456132
[e129 s0100/1030] loss = 0.511453
[e129 s0150/1030] loss = 0.482642
[e129 s0200/1030] loss = 0.733331
[e129 s0250/1030] loss = 0.691506
[e129 s0300/1030] loss = 0.644884
[e129 s0350/1030] loss = 0.647142
[e129 s0400/1030] loss = 0.593966
[e129 s0450/1030] loss = 0.751722
[e129 s0500/1030] loss = 0.724509
[e129 s0550/1030] loss = 0.691625
[e129 s0600/1030] loss = 0.683128
[e129 s0650/1030] loss = 0.733392
[e129 s0700/1030] loss = 0.707079
[e129 s0750/1030] loss = 0.687966
[e129 s0800/1030] loss = 0.720841
[e129 s0850/1030] loss = 0.713984
[e129 s0900/1030] loss = 1.024330
[e129 s0950/1030] loss = 0.994673
[e129 s1000/1030] loss = 0.966361
Epoch 129: train_loss = 0.956478  MAE/GAME0 = 21.558  RMSE = 53.505  GAME1 = 26.482  GAME2 = 30.533  GAME3 = 34.670  lr = 8.57e-06  kd = 1.00  time = 15.1s
[e130 s0001/1030] loss = 0.695534
[e130 s0050/1030] loss = 0.198255
[e130 s0100/1030] loss = 0.323438
[e130 s0150/1030] loss = 0.330276
[e130 s0200/1030] loss = 0.358663
[e130 s0250/1030] loss = 0.404707
[e130 s0300/1030] loss = 0.466107
[e130 s0350/1030] loss = 0.452096
[e130 s0400/1030] loss = 0.457740
[e130 s0450/1030] loss = 0.450369
[e130 s0500/1030] loss = 0.443434
[e130 s0550/1030] loss = 0.457640
[e130 s0600/1030] loss = 0.456006
[e130 s0650/1030] loss = 0.447949
[e130 s0700/1030] loss = 0.441286
[e130 s0750/1030] loss = 0.498012
[e130 s0800/1030] loss = 0.493133
[e130 s0850/1030] loss = 0.496606
[e130 s0900/1030] loss = 0.557029
[e130 s0950/1030] loss = 0.577873
[e130 s1000/1030] loss = 0.563375
Epoch 130: train_loss = 0.556560  MAE/GAME0 = 35.748  RMSE = 67.007  GAME1 = 37.373  GAME2 = 39.450  GAME3 = 41.320  lr = 8.54e-06  kd = 1.00  time = 14.9s
[e131 s0001/1030] loss = 0.001156
[e131 s0050/1030] loss = 0.394917
[e131 s0100/1030] loss = 0.419328
[e131 s0150/1030] loss = 0.452266
[e131 s0200/1030] loss = 0.515900
[e131 s0250/1030] loss = 0.493822
[e131 s0300/1030] loss = 0.446096
[e131 s0350/1030] loss = 0.446137
[e131 s0400/1030] loss = 0.473393
[e131 s0450/1030] loss = 0.486829
[e131 s0500/1030] loss = 0.499857
[e131 s0550/1030] loss = 0.522230
[e131 s0600/1030] loss = 0.530689
[e131 s0650/1030] loss = 0.546740
[e131 s0700/1030] loss = 0.608444
[e131 s0750/1030] loss = 0.607461
[e131 s0800/1030] loss = 0.597519
[e131 s0850/1030] loss = 0.583263
[e131 s0900/1030] loss = 0.607235
[e131 s0950/1030] loss = 0.597317
[e131 s1000/1030] loss = 0.600518
Epoch 131: train_loss = 0.631192  MAE/GAME0 = 24.805  RMSE = 55.643  GAME1 = 26.891  GAME2 = 29.594  GAME3 = 32.747  lr = 8.51e-06  kd = 1.00  time = 15.1s
[e132 s0001/1030] loss = 0.452927
[e132 s0050/1030] loss = 0.498017
[e132 s0100/1030] loss = 0.677260
[e132 s0150/1030] loss = 0.581908
[e132 s0200/1030] loss = 0.623368
[e132 s0250/1030] loss = 0.584135
[e132 s0300/1030] loss = 0.595089
[e132 s0350/1030] loss = 0.582655
[e132 s0400/1030] loss = 0.634282
[e132 s0450/1030] loss = 0.612801
[e132 s0500/1030] loss = 0.636267
[e132 s0550/1030] loss = 0.628766
[e132 s0600/1030] loss = 0.615490
[e132 s0650/1030] loss = 0.612348
[e132 s0700/1030] loss = 0.629842
[e132 s0750/1030] loss = 0.622874
[e132 s0800/1030] loss = 0.625166
[e132 s0850/1030] loss = 0.635144
[e132 s0900/1030] loss = 0.634869
[e132 s0950/1030] loss = 0.626352
[e132 s1000/1030] loss = 0.659318
Epoch 132: train_loss = 0.657957  MAE/GAME0 = 28.250  RMSE = 58.879  GAME1 = 30.429  GAME2 = 33.233  GAME3 = 35.928  lr = 8.47e-06  kd = 1.00  time = 15.0s
[e133 s0001/1030] loss = 0.415888
[e133 s0050/1030] loss = 0.294213
[e133 s0100/1030] loss = 0.488546
[e133 s0150/1030] loss = 0.441914
[e133 s0200/1030] loss = 0.509980
[e133 s0250/1030] loss = 0.471132
[e133 s0300/1030] loss = 0.465023
[e133 s0350/1030] loss = 0.458255
[e133 s0400/1030] loss = 0.476432
[e133 s0450/1030] loss = 0.485728
[e133 s0500/1030] loss = 0.541297
[e133 s0550/1030] loss = 0.532737
[e133 s0600/1030] loss = 0.534588
[e133 s0650/1030] loss = 0.523946
[e133 s0700/1030] loss = 0.532309
[e133 s0750/1030] loss = 0.900891
[e133 s0800/1030] loss = 0.873898
[e133 s0850/1030] loss = 0.875591
[e133 s0900/1030] loss = 0.844770
[e133 s0950/1030] loss = 0.877437
[e133 s1000/1030] loss = 0.861451
Epoch 133: train_loss = 0.856519  MAE/GAME0 = 33.501  RMSE = 65.019  GAME1 = 35.170  GAME2 = 37.258  GAME3 = 39.341  lr = 8.44e-06  kd = 1.00  time = 15.1s
[e134 s0001/1030] loss = 0.069034
[e134 s0050/1030] loss = 0.236773
[e134 s0100/1030] loss = 0.734781
[e134 s0150/1030] loss = 0.631353
[e134 s0200/1030] loss = 0.605740
[e134 s0250/1030] loss = 1.342038
[e134 s0300/1030] loss = 1.249540
[e134 s0350/1030] loss = 1.147306
[e134 s0400/1030] loss = 1.082217
[e134 s0450/1030] loss = 1.038470
[e134 s0500/1030] loss = 1.008704
[e134 s0550/1030] loss = 0.960799
[e134 s0600/1030] loss = 0.916995
[e134 s0650/1030] loss = 0.887971
[e134 s0700/1030] loss = 0.881083
[e134 s0750/1030] loss = 0.849437
[e134 s0800/1030] loss = 0.819138
[e134 s0850/1030] loss = 0.798389
[e134 s0900/1030] loss = 0.779216
[e134 s0950/1030] loss = 0.770364
[e134 s1000/1030] loss = 0.744873
Epoch 134: train_loss = 0.742910  MAE/GAME0 = 31.207  RMSE = 63.128  GAME1 = 32.746  GAME2 = 34.827  GAME3 = 37.097  lr = 8.41e-06  kd = 1.00  time = 15.4s
[e135 s0001/1030] loss = 0.902026
[e135 s0050/1030] loss = 0.579031
[e135 s0100/1030] loss = 0.431873
[e135 s0150/1030] loss = 0.440602
[e135 s0200/1030] loss = 0.591141
[e135 s0250/1030] loss = 1.301531
[e135 s0300/1030] loss = 1.181209
[e135 s0350/1030] loss = 1.087749
[e135 s0400/1030] loss = 1.012011
[e135 s0450/1030] loss = 0.964110
[e135 s0500/1030] loss = 0.918338
[e135 s0550/1030] loss = 0.879541
[e135 s0600/1030] loss = 0.871623
[e135 s0650/1030] loss = 0.950052
[e135 s0700/1030] loss = 0.910172
[e135 s0750/1030] loss = 0.875954
[e135 s0800/1030] loss = 0.838270
[e135 s0850/1030] loss = 0.813374
[e135 s0900/1030] loss = 0.813357
[e135 s0950/1030] loss = 0.795843
[e135 s1000/1030] loss = 0.775594
Epoch 135: train_loss = 0.774143  MAE/GAME0 = 36.447  RMSE = 66.672  GAME1 = 37.656  GAME2 = 39.394  GAME3 = 40.929  lr = 8.38e-06  kd = 1.00  time = 15.3s
[e136 s0001/1030] loss = 0.028651
[e136 s0050/1030] loss = 0.657512
[e136 s0100/1030] loss = 0.600355
[e136 s0150/1030] loss = 0.510862
[e136 s0200/1030] loss = 0.493929
[e136 s0250/1030] loss = 0.487720
[e136 s0300/1030] loss = 0.478113
[e136 s0350/1030] loss = 0.497093
[e136 s0400/1030] loss = 0.465935
[e136 s0450/1030] loss = 0.450846
[e136 s0500/1030] loss = 1.201686
[e136 s0550/1030] loss = 1.139640
[e136 s0600/1030] loss = 1.078468
[e136 s0650/1030] loss = 1.039977
[e136 s0700/1030] loss = 1.002742
[e136 s0750/1030] loss = 0.986039
[e136 s0800/1030] loss = 0.951619
[e136 s0850/1030] loss = 0.928670
[e136 s0900/1030] loss = 0.895288
[e136 s0950/1030] loss = 0.867371
[e136 s1000/1030] loss = 0.856221
Epoch 136: train_loss = 0.842774  MAE/GAME0 = 21.564  RMSE = 53.491  GAME1 = 25.156  GAME2 = 28.446  GAME3 = 32.340  lr = 8.35e-06  kd = 1.00  time = 15.0s
[e137 s0001/1030] loss = 0.105460
[e137 s0050/1030] loss = 0.281813
[e137 s0100/1030] loss = 0.467131
[e137 s0150/1030] loss = 0.417204
[e137 s0200/1030] loss = 0.433303
[e137 s0250/1030] loss = 0.445556
[e137 s0300/1030] loss = 0.439470
[e137 s0350/1030] loss = 0.434170
[e137 s0400/1030] loss = 0.408498
[e137 s0450/1030] loss = 0.421224
[e137 s0500/1030] loss = 1.004114
[e137 s0550/1030] loss = 0.954177
[e137 s0600/1030] loss = 1.179438
[e137 s0650/1030] loss = 1.131259
[e137 s0700/1030] loss = 1.084532
[e137 s0750/1030] loss = 1.084010
[e137 s0800/1030] loss = 1.034737
[e137 s0850/1030] loss = 0.987689
[e137 s0900/1030] loss = 0.951060
[e137 s0950/1030] loss = 0.925456
[e137 s1000/1030] loss = 0.918614
Epoch 137: train_loss = 0.913713  MAE/GAME0 = 32.168  RMSE = 62.547  GAME1 = 33.781  GAME2 = 35.725  GAME3 = 37.694  lr = 8.31e-06  kd = 1.00  time = 15.2s
[e138 s0001/1030] loss = 0.491593
[e138 s0050/1030] loss = 0.515685
[e138 s0100/1030] loss = 0.420026
[e138 s0150/1030] loss = 0.471771
[e138 s0200/1030] loss = 0.453541
[e138 s0250/1030] loss = 0.475861
[e138 s0300/1030] loss = 0.577412
[e138 s0350/1030] loss = 0.543053
[e138 s0400/1030] loss = 0.545799
[e138 s0450/1030] loss = 0.780835
[e138 s0500/1030] loss = 0.743257
[e138 s0550/1030] loss = 0.702728
[e138 s0600/1030] loss = 0.748345
[e138 s0650/1030] loss = 0.732839
[e138 s0700/1030] loss = 0.696382
[e138 s0750/1030] loss = 0.692721
[e138 s0800/1030] loss = 0.670002
[e138 s0850/1030] loss = 0.650182
[e138 s0900/1030] loss = 1.002909
[e138 s0950/1030] loss = 0.968081
[e138 s1000/1030] loss = 0.939194
Epoch 138: train_loss = 0.923785  MAE/GAME0 = 30.500  RMSE = 60.774  GAME1 = 32.438  GAME2 = 34.585  GAME3 = 36.825  lr = 8.28e-06  kd = 1.00  time = 14.9s
[e139 s0001/1030] loss = 0.000818
[e139 s0050/1030] loss = 6.268422
[e139 s0100/1030] loss = 3.274940
[e139 s0150/1030] loss = 2.365400
[e139 s0200/1030] loss = 1.840438
[e139 s0250/1030] loss = 1.527617
[e139 s0300/1030] loss = 1.366655
[e139 s0350/1030] loss = 1.249726
[e139 s0400/1030] loss = 1.175304
[e139 s0450/1030] loss = 1.092061
[e139 s0500/1030] loss = 1.013988
[e139 s0550/1030] loss = 0.961056
[e139 s0600/1030] loss = 0.905189
[e139 s0650/1030] loss = 0.886600
[e139 s0700/1030] loss = 0.855585
[e139 s0750/1030] loss = 0.837454
[e139 s0800/1030] loss = 0.856005
[e139 s0850/1030] loss = 0.864146
[e139 s0900/1030] loss = 0.869917
[e139 s0950/1030] loss = 0.844621
[e139 s1000/1030] loss = 0.831684
Epoch 139: train_loss = 0.822442  MAE/GAME0 = 30.542  RMSE = 61.975  GAME1 = 32.648  GAME2 = 35.169  GAME3 = 37.668  lr = 8.25e-06  kd = 1.00  time = 14.8s
[e140 s0001/1030] loss = 0.070994
[e140 s0050/1030] loss = 0.304169
[e140 s0100/1030] loss = 0.405520
[e140 s0150/1030] loss = 0.500904
[e140 s0200/1030] loss = 0.440296
[e140 s0250/1030] loss = 0.406401
[e140 s0300/1030] loss = 0.567036
[e140 s0350/1030] loss = 0.565479
[e140 s0400/1030] loss = 0.541604
[e140 s0450/1030] loss = 0.528335
[e140 s0500/1030] loss = 0.585317
[e140 s0550/1030] loss = 0.559151
[e140 s0600/1030] loss = 0.555945
[e140 s0650/1030] loss = 0.537266
[e140 s0700/1030] loss = 0.517335
[e140 s0750/1030] loss = 0.569799
[e140 s0800/1030] loss = 0.755720
[e140 s0850/1030] loss = 0.755230
[e140 s0900/1030] loss = 0.733364
[e140 s0950/1030] loss = 0.718729
[e140 s1000/1030] loss = 0.714307
Epoch 140: train_loss = 0.719378  MAE/GAME0 = 26.499  RMSE = 58.329  GAME1 = 28.968  GAME2 = 31.789  GAME3 = 34.728  lr = 8.22e-06  kd = 1.00  time = 15.0s
[e141 s0001/1030] loss = 0.076698
[e141 s0050/1030] loss = 1.062661
[e141 s0100/1030] loss = 0.808135
[e141 s0150/1030] loss = 0.658188
[e141 s0200/1030] loss = 0.573829
[e141 s0250/1030] loss = 0.544496
[e141 s0300/1030] loss = 0.757192
[e141 s0350/1030] loss = 0.730952
[e141 s0400/1030] loss = 0.713004
[e141 s0450/1030] loss = 0.695004
[e141 s0500/1030] loss = 0.676382
[e141 s0550/1030] loss = 0.663154
[e141 s0600/1030] loss = 0.774542
[e141 s0650/1030] loss = 0.761008
[e141 s0700/1030] loss = 0.732695
[e141 s0750/1030] loss = 0.728268
[e141 s0800/1030] loss = 0.708152
[e141 s0850/1030] loss = 0.699346
[e141 s0900/1030] loss = 0.684908
[e141 s0950/1030] loss = 0.670535
[e141 s1000/1030] loss = 0.681489
Epoch 141: train_loss = 0.686144  MAE/GAME0 = 26.191  RMSE = 58.101  GAME1 = 28.988  GAME2 = 32.129  GAME3 = 35.186  lr = 8.18e-06  kd = 1.00  time = 15.1s
[e142 s0001/1030] loss = 0.080537
[e142 s0050/1030] loss = 0.981259
[e142 s0100/1030] loss = 0.900867
[e142 s0150/1030] loss = 0.673113
[e142 s0200/1030] loss = 1.724677
[e142 s0250/1030] loss = 1.479266
[e142 s0300/1030] loss = 1.416825
[e142 s0350/1030] loss = 1.261420
[e142 s0400/1030] loss = 1.145137
[e142 s0450/1030] loss = 1.044322
[e142 s0500/1030] loss = 0.984907
[e142 s0550/1030] loss = 0.933578
[e142 s0600/1030] loss = 0.906308
[e142 s0650/1030] loss = 0.858507
[e142 s0700/1030] loss = 0.826589
[e142 s0750/1030] loss = 0.817452
[e142 s0800/1030] loss = 0.793231
[e142 s0850/1030] loss = 0.791276
[e142 s0900/1030] loss = 0.781782
[e142 s0950/1030] loss = 0.765560
[e142 s1000/1030] loss = 0.773469
Epoch 142: train_loss = 0.757252  MAE/GAME0 = 28.211  RMSE = 58.966  GAME1 = 30.343  GAME2 = 32.911  GAME3 = 35.557  lr = 8.15e-06  kd = 1.00  time = 15.3s
[e143 s0001/1030] loss = 0.015689
[e143 s0050/1030] loss = 0.336112
[e143 s0100/1030] loss = 0.330499
[e143 s0150/1030] loss = 0.356777
[e143 s0200/1030] loss = 0.402302
[e143 s0250/1030] loss = 0.420628
[e143 s0300/1030] loss = 0.383500
[e143 s0350/1030] loss = 0.393493
[e143 s0400/1030] loss = 0.405880
[e143 s0450/1030] loss = 0.422726
[e143 s0500/1030] loss = 0.425096
[e143 s0550/1030] loss = 0.447309
[e143 s0600/1030] loss = 0.458632
[e143 s0650/1030] loss = 0.453214
[e143 s0700/1030] loss = 0.446952
[e143 s0750/1030] loss = 0.459546
[e143 s0800/1030] loss = 0.690260
[e143 s0850/1030] loss = 0.672816
[e143 s0900/1030] loss = 0.692598
[e143 s0950/1030] loss = 0.676382
[e143 s1000/1030] loss = 0.673301
Epoch 143: train_loss = 0.687948  MAE/GAME0 = 23.929  RMSE = 55.377  GAME1 = 26.538  GAME2 = 29.597  GAME3 = 32.810  lr = 8.11e-06  kd = 1.00  time = 14.9s
[e144 s0001/1030] loss = 0.004078
[e144 s0050/1030] loss = 0.215362
[e144 s0100/1030] loss = 0.294956
[e144 s0150/1030] loss = 0.392888
[e144 s0200/1030] loss = 0.382050
[e144 s0250/1030] loss = 0.420761
[e144 s0300/1030] loss = 0.427541
[e144 s0350/1030] loss = 0.461836
[e144 s0400/1030] loss = 0.476377
[e144 s0450/1030] loss = 0.528090
[e144 s0500/1030] loss = 0.935580
[e144 s0550/1030] loss = 0.897973
[e144 s0600/1030] loss = 0.874360
[e144 s0650/1030] loss = 0.853111
[e144 s0700/1030] loss = 0.817246
[e144 s0750/1030] loss = 0.815087
[e144 s0800/1030] loss = 0.811400
[e144 s0850/1030] loss = 0.812691
[e144 s0900/1030] loss = 0.796773
[e144 s0950/1030] loss = 0.774175
[e144 s1000/1030] loss = 0.780052
Epoch 144: train_loss = 0.766869  MAE/GAME0 = 42.468  RMSE = 69.962  GAME1 = 43.007  GAME2 = 44.102  GAME3 = 44.967  lr = 8.08e-06  kd = 1.00  time = 14.9s
[e145 s0001/1030] loss = 0.909122
[e145 s0050/1030] loss = 0.695058
[e145 s0100/1030] loss = 0.638600
[e145 s0150/1030] loss = 0.629412
[e145 s0200/1030] loss = 0.552224
[e145 s0250/1030] loss = 0.658128
[e145 s0300/1030] loss = 0.694223
[e145 s0350/1030] loss = 0.643334
[e145 s0400/1030] loss = 0.622716
[e145 s0450/1030] loss = 0.605727
[e145 s0500/1030] loss = 0.578082
[e145 s0550/1030] loss = 0.579256
[e145 s0600/1030] loss = 0.557732
[e145 s0650/1030] loss = 0.537354
[e145 s0700/1030] loss = 0.777343
[e145 s0750/1030] loss = 0.802220
[e145 s0800/1030] loss = 0.774931
[e145 s0850/1030] loss = 0.750212
[e145 s0900/1030] loss = 0.725019
[e145 s0950/1030] loss = 0.711172
[e145 s1000/1030] loss = 0.717244
Epoch 145: train_loss = 0.707748  MAE/GAME0 = 24.602  RMSE = 59.140  GAME1 = 28.509  GAME2 = 31.809  GAME3 = 35.437  lr = 8.05e-06  kd = 1.00  time = 15.0s
[e146 s0001/1030] loss = 1.669018
[e146 s0050/1030] loss = 0.463357
[e146 s0100/1030] loss = 0.391081
[e146 s0150/1030] loss = 0.406208
[e146 s0200/1030] loss = 0.485839
[e146 s0250/1030] loss = 0.446370
[e146 s0300/1030] loss = 0.462401
[e146 s0350/1030] loss = 0.546031
[e146 s0400/1030] loss = 0.570423
[e146 s0450/1030] loss = 0.560763
[e146 s0500/1030] loss = 0.534259
[e146 s0550/1030] loss = 0.566243
[e146 s0600/1030] loss = 0.570508
[e146 s0650/1030] loss = 0.551033
[e146 s0700/1030] loss = 0.538082
[e146 s0750/1030] loss = 0.535825
[e146 s0800/1030] loss = 0.527340
[e146 s0850/1030] loss = 0.752457
[e146 s0900/1030] loss = 0.763849
[e146 s0950/1030] loss = 0.789512
[e146 s1000/1030] loss = 0.787718
Epoch 146: train_loss = 0.773426  MAE/GAME0 = 29.710  RMSE = 60.864  GAME1 = 31.604  GAME2 = 34.031  GAME3 = 36.392  lr = 8.01e-06  kd = 1.00  time = 14.8s
[e147 s0001/1030] loss = 0.005567
[e147 s0050/1030] loss = 0.465861
[e147 s0100/1030] loss = 0.440611
[e147 s0150/1030] loss = 0.459887
[e147 s0200/1030] loss = 0.592866
[e147 s0250/1030] loss = 0.592440
[e147 s0300/1030] loss = 0.586536
[e147 s0350/1030] loss = 0.597539
[e147 s0400/1030] loss = 0.700960
[e147 s0450/1030] loss = 0.698541
[e147 s0500/1030] loss = 0.690429
[e147 s0550/1030] loss = 0.671971
[e147 s0600/1030] loss = 0.649706
[e147 s0650/1030] loss = 0.633890
[e147 s0700/1030] loss = 0.615787
[e147 s0750/1030] loss = 0.816784
[e147 s0800/1030] loss = 0.780333
[e147 s0850/1030] loss = 0.757213
[e147 s0900/1030] loss = 0.749951
[e147 s0950/1030] loss = 0.723477
[e147 s1000/1030] loss = 0.714487
Epoch 147: train_loss = 0.704000  MAE/GAME0 = 40.755  RMSE = 70.061  GAME1 = 41.614  GAME2 = 43.120  GAME3 = 44.360  lr = 7.98e-06  kd = 1.00  time = 14.9s
[e148 s0001/1030] loss = 0.049620
[e148 s0050/1030] loss = 0.408380
[e148 s0100/1030] loss = 0.594257
[e148 s0150/1030] loss = 0.494915
[e148 s0200/1030] loss = 0.696165
[e148 s0250/1030] loss = 0.702156
[e148 s0300/1030] loss = 0.674980
[e148 s0350/1030] loss = 0.689360
[e148 s0400/1030] loss = 0.744517
[e148 s0450/1030] loss = 0.725632
[e148 s0500/1030] loss = 0.706598
[e148 s0550/1030] loss = 0.670193
[e148 s0600/1030] loss = 0.676783
[e148 s0650/1030] loss = 0.651107
[e148 s0700/1030] loss = 0.648505
[e148 s0750/1030] loss = 1.264595
[e148 s0800/1030] loss = 1.221919
[e148 s0850/1030] loss = 1.205025
[e148 s0900/1030] loss = 1.271332
[e148 s0950/1030] loss = 1.254276
[e148 s1000/1030] loss = 1.216917
Epoch 148: train_loss = 1.192769  MAE/GAME0 = 34.020  RMSE = 64.174  GAME1 = 35.284  GAME2 = 37.068  GAME3 = 38.820  lr = 7.94e-06  kd = 1.00  time = 14.9s
[e149 s0001/1030] loss = 0.159903
[e149 s0050/1030] loss = 0.585870
[e149 s0100/1030] loss = 0.704518
[e149 s0150/1030] loss = 0.538051
[e149 s0200/1030] loss = 0.559780
[e149 s0250/1030] loss = 0.529814
[e149 s0300/1030] loss = 0.538925
[e149 s0350/1030] loss = 0.637624
[e149 s0400/1030] loss = 0.597723
[e149 s0450/1030] loss = 0.579495
[e149 s0500/1030] loss = 0.606463
[e149 s0550/1030] loss = 0.582969
[e149 s0600/1030] loss = 0.589384
[e149 s0650/1030] loss = 0.607853
[e149 s0700/1030] loss = 0.587662
[e149 s0750/1030] loss = 0.957619
[e149 s0800/1030] loss = 0.941108
[e149 s0850/1030] loss = 0.929218
[e149 s0900/1030] loss = 0.905356
[e149 s0950/1030] loss = 0.885948
[e149 s1000/1030] loss = 0.867596
Epoch 149: train_loss = 0.860093  MAE/GAME0 = 31.357  RMSE = 62.598  GAME1 = 32.603  GAME2 = 34.425  GAME3 = 36.452  lr = 7.91e-06  kd = 1.00  time = 15.0s
[e150 s0001/1030] loss = 2.868360
[e150 s0050/1030] loss = 1.112698
[e150 s0100/1030] loss = 0.783051
[e150 s0150/1030] loss = 0.930022
[e150 s0200/1030] loss = 0.762261
[e150 s0250/1030] loss = 0.680816
[e150 s0300/1030] loss = 0.637294
[e150 s0350/1030] loss = 0.654834
[e150 s0400/1030] loss = 0.649134
[e150 s0450/1030] loss = 0.665635
[e150 s0500/1030] loss = 1.202972
[e150 s0550/1030] loss = 1.133607
[e150 s0600/1030] loss = 1.098740
[e150 s0650/1030] loss = 1.042017
[e150 s0700/1030] loss = 0.999218
[e150 s0750/1030] loss = 1.022739
[e150 s0800/1030] loss = 0.973369
[e150 s0850/1030] loss = 0.949583
[e150 s0900/1030] loss = 0.932440
[e150 s0950/1030] loss = 0.924834
[e150 s1000/1030] loss = 0.907627
Epoch 150: train_loss = 0.887887  MAE/GAME0 = 37.979  RMSE = 67.892  GAME1 = 38.754  GAME2 = 40.175  GAME3 = 41.466  lr = 7.87e-06  kd = 1.00  time = 15.2s
[e151 s0001/1030] loss = 0.144478
[e151 s0050/1030] loss = 0.520448
[e151 s0100/1030] loss = 0.727933
[e151 s0150/1030] loss = 0.642184
[e151 s0200/1030] loss = 0.572544
[e151 s0250/1030] loss = 0.577277
[e151 s0300/1030] loss = 0.598218
[e151 s0350/1030] loss = 0.573288
[e151 s0400/1030] loss = 0.565911
[e151 s0450/1030] loss = 0.577044
[e151 s0500/1030] loss = 0.561537
[e151 s0550/1030] loss = 0.538796
[e151 s0600/1030] loss = 0.553977
[e151 s0650/1030] loss = 0.577439
[e151 s0700/1030] loss = 0.735700
[e151 s0750/1030] loss = 0.707907
[e151 s0800/1030] loss = 0.690280
[e151 s0850/1030] loss = 0.684278
[e151 s0900/1030] loss = 0.705859
[e151 s0950/1030] loss = 0.686902
[e151 s1000/1030] loss = 0.677830
Epoch 151: train_loss = 0.669187  MAE/GAME0 = 25.148  RMSE = 59.091  GAME1 = 28.756  GAME2 = 31.821  GAME3 = 35.106  lr = 7.83e-06  kd = 1.00  time = 15.0s
[e152 s0001/1030] loss = 0.824634
[e152 s0050/1030] loss = 1.186643
[e152 s0100/1030] loss = 0.761334
[e152 s0150/1030] loss = 0.603433
[e152 s0200/1030] loss = 0.638857
[e152 s0250/1030] loss = 0.618152
[e152 s0300/1030] loss = 0.581832
[e152 s0350/1030] loss = 0.616298
[e152 s0400/1030] loss = 0.579737
[e152 s0450/1030] loss = 0.607829
[e152 s0500/1030] loss = 0.612328
[e152 s0550/1030] loss = 0.588427
[e152 s0600/1030] loss = 0.576670
[e152 s0650/1030] loss = 0.568406
[e152 s0700/1030] loss = 0.554926
[e152 s0750/1030] loss = 0.571838
[e152 s0800/1030] loss = 0.582817
[e152 s0850/1030] loss = 0.693766
[e152 s0900/1030] loss = 0.692631
[e152 s0950/1030] loss = 0.676068
[e152 s1000/1030] loss = 0.664116
Epoch 152: train_loss = 0.655812  MAE/GAME0 = 43.125  RMSE = 71.693  GAME1 = 44.034  GAME2 = 45.451  GAME3 = 46.369  lr = 7.80e-06  kd = 1.00  time = 15.0s
[e153 s0001/1030] loss = 0.075792
[e153 s0050/1030] loss = 0.263470
[e153 s0100/1030] loss = 0.496558
[e153 s0150/1030] loss = 0.537211
[e153 s0200/1030] loss = 0.500471
[e153 s0250/1030] loss = 1.406655
[e153 s0300/1030] loss = 1.274004
[e153 s0350/1030] loss = 1.283921
[e153 s0400/1030] loss = 1.194464
[e153 s0450/1030] loss = 1.103573
[e153 s0500/1030] loss = 1.022949
[e153 s0550/1030] loss = 0.972067
[e153 s0600/1030] loss = 0.916957
[e153 s0650/1030] loss = 0.883313
[e153 s0700/1030] loss = 0.861604
[e153 s0750/1030] loss = 0.843679
[e153 s0800/1030] loss = 0.827389
[e153 s0850/1030] loss = 0.795083
[e153 s0900/1030] loss = 0.809237
[e153 s0950/1030] loss = 0.807047
[e153 s1000/1030] loss = 0.804132
Epoch 153: train_loss = 0.811574  MAE/GAME0 = 29.945  RMSE = 61.261  GAME1 = 32.083  GAME2 = 34.684  GAME3 = 37.111  lr = 7.76e-06  kd = 1.00  time = 15.3s
[e154 s0001/1030] loss = 0.156319
[e154 s0050/1030] loss = 0.355418
[e154 s0100/1030] loss = 0.387821
[e154 s0150/1030] loss = 0.621159
[e154 s0200/1030] loss = 0.548603
[e154 s0250/1030] loss = 0.517600
[e154 s0300/1030] loss = 0.568403
[e154 s0350/1030] loss = 0.556003
[e154 s0400/1030] loss = 0.551195
[e154 s0450/1030] loss = 0.632294
[e154 s0500/1030] loss = 0.636256
[e154 s0550/1030] loss = 0.623138
[e154 s0600/1030] loss = 0.624198
[e154 s0650/1030] loss = 1.126685
[e154 s0700/1030] loss = 1.071469
[e154 s0750/1030] loss = 1.020427
[e154 s0800/1030] loss = 0.993895
[e154 s0850/1030] loss = 0.990675
[e154 s0900/1030] loss = 0.965277
[e154 s0950/1030] loss = 0.932321
[e154 s1000/1030] loss = 0.914398
Epoch 154: train_loss = 0.899881  MAE/GAME0 = 31.478  RMSE = 63.218  GAME1 = 33.528  GAME2 = 35.904  GAME3 = 38.184  lr = 7.73e-06  kd = 1.00  time = 14.9s
[e155 s0001/1030] loss = 0.168177
[e155 s0050/1030] loss = 0.520788
[e155 s0100/1030] loss = 0.461313
[e155 s0150/1030] loss = 0.505777
[e155 s0200/1030] loss = 0.541389
[e155 s0250/1030] loss = 0.994517
[e155 s0300/1030] loss = 0.903686
[e155 s0350/1030] loss = 0.845334
[e155 s0400/1030] loss = 0.791954
[e155 s0450/1030] loss = 0.772946
[e155 s0500/1030] loss = 0.742777
[e155 s0550/1030] loss = 0.719530
[e155 s0600/1030] loss = 0.684767
[e155 s0650/1030] loss = 0.691315
[e155 s0700/1030] loss = 0.684711
[e155 s0750/1030] loss = 0.681671
[e155 s0800/1030] loss = 0.661103
[e155 s0850/1030] loss = 0.648587
[e155 s0900/1030] loss = 0.646461
[e155 s0950/1030] loss = 0.978710
[e155 s1000/1030] loss = 0.947016
Epoch 155: train_loss = 0.928872  MAE/GAME0 = 31.547  RMSE = 62.342  GAME1 = 32.964  GAME2 = 35.034  GAME3 = 37.163  lr = 7.69e-06  kd = 1.00  time = 15.1s
[e156 s0001/1030] loss = 0.143225
[e156 s0050/1030] loss = 0.612105
[e156 s0100/1030] loss = 0.494469
[e156 s0150/1030] loss = 0.480602
[e156 s0200/1030] loss = 0.438928
[e156 s0250/1030] loss = 0.474271
[e156 s0300/1030] loss = 0.498207
[e156 s0350/1030] loss = 0.508959
[e156 s0400/1030] loss = 0.490618
[e156 s0450/1030] loss = 0.486771
[e156 s0500/1030] loss = 0.488597
[e156 s0550/1030] loss = 0.488422
[e156 s0600/1030] loss = 0.494312
[e156 s0650/1030] loss = 0.475290
[e156 s0700/1030] loss = 0.469981
[e156 s0750/1030] loss = 0.462457
[e156 s0800/1030] loss = 0.476725
[e156 s0850/1030] loss = 0.484312
[e156 s0900/1030] loss = 0.834898
[e156 s0950/1030] loss = 0.815608
[e156 s1000/1030] loss = 0.802659
Epoch 156: train_loss = 0.789678  MAE/GAME0 = 34.765  RMSE = 65.037  GAME1 = 36.202  GAME2 = 38.310  GAME3 = 40.107  lr = 7.65e-06  kd = 1.00  time = 14.9s
[e157 s0001/1030] loss = 0.093304
[e157 s0050/1030] loss = 1.371973
[e157 s0100/1030] loss = 0.995525
[e157 s0150/1030] loss = 0.744599
[e157 s0200/1030] loss = 0.661866
[e157 s0250/1030] loss = 0.659372
[e157 s0300/1030] loss = 0.756867
[e157 s0350/1030] loss = 0.734017
[e157 s0400/1030] loss = 0.697492
[e157 s0450/1030] loss = 0.659374
[e157 s0500/1030] loss = 0.704689
[e157 s0550/1030] loss = 0.688484
[e157 s0600/1030] loss = 0.703091
[e157 s0650/1030] loss = 0.688756
[e157 s0700/1030] loss = 0.661421
[e157 s0750/1030] loss = 0.667079
[e157 s0800/1030] loss = 0.648581
[e157 s0850/1030] loss = 0.646291
[e157 s0900/1030] loss = 0.865691
[e157 s0950/1030] loss = 0.868556
[e157 s1000/1030] loss = 0.844796
Epoch 157: train_loss = 0.836860  MAE/GAME0 = 37.437  RMSE = 66.686  GAME1 = 38.337  GAME2 = 39.937  GAME3 = 41.346  lr = 7.61e-06  kd = 1.00  time = 15.2s
[e158 s0001/1030] loss = 0.212310
[e158 s0050/1030] loss = 0.294751
[e158 s0100/1030] loss = 0.347381
[e158 s0150/1030] loss = 0.332753
[e158 s0200/1030] loss = 0.454124
[e158 s0250/1030] loss = 0.456951
[e158 s0300/1030] loss = 0.531752
[e158 s0350/1030] loss = 0.535344
[e158 s0400/1030] loss = 0.728802
[e158 s0450/1030] loss = 0.682086
[e158 s0500/1030] loss = 0.679778
[e158 s0550/1030] loss = 0.665708
[e158 s0600/1030] loss = 0.676088
[e158 s0650/1030] loss = 0.721749
[e158 s0700/1030] loss = 0.722584
[e158 s0750/1030] loss = 0.699447
[e158 s0800/1030] loss = 0.781940
[e158 s0850/1030] loss = 0.807507
[e158 s0900/1030] loss = 0.797568
[e158 s0950/1030] loss = 0.811838
[e158 s1000/1030] loss = 0.784387
Epoch 158: train_loss = 0.764966  MAE/GAME0 = 28.209  RMSE = 60.478  GAME1 = 30.278  GAME2 = 32.731  GAME3 = 35.278  lr = 7.58e-06  kd = 1.00  time = 15.0s
[e159 s0001/1030] loss = 1.081375
[e159 s0050/1030] loss = 0.395712
[e159 s0100/1030] loss = 0.300517
[e159 s0150/1030] loss = 0.388682
[e159 s0200/1030] loss = 0.446881
[e159 s0250/1030] loss = 0.459018
[e159 s0300/1030] loss = 0.777926
[e159 s0350/1030] loss = 0.754071
[e159 s0400/1030] loss = 0.723548
[e159 s0450/1030] loss = 0.679629
[e159 s0500/1030] loss = 0.720812
[e159 s0550/1030] loss = 0.933931
[e159 s0600/1030] loss = 0.891517
[e159 s0650/1030] loss = 0.860520
[e159 s0700/1030] loss = 0.836286
[e159 s0750/1030] loss = 0.817989
[e159 s0800/1030] loss = 0.787742
[e159 s0850/1030] loss = 0.781865
[e159 s0900/1030] loss = 0.757654
[e159 s0950/1030] loss = 0.737017
[e159 s1000/1030] loss = 0.741749
Epoch 159: train_loss = 0.726871  MAE/GAME0 = 20.421  RMSE = 50.159  GAME1 = 23.763  GAME2 = 27.338  GAME3 = 31.406  lr = 7.54e-06  kd = 1.00  time = 15.0s
[e160 s0001/1030] loss = 0.116497
[e160 s0050/1030] loss = 0.825042
[e160 s0100/1030] loss = 0.566197
[e160 s0150/1030] loss = 0.601423
[e160 s0200/1030] loss = 0.613794
[e160 s0250/1030] loss = 1.157365
[e160 s0300/1030] loss = 1.037502
[e160 s0350/1030] loss = 0.964320
[e160 s0400/1030] loss = 0.897801
[e160 s0450/1030] loss = 0.862591
[e160 s0500/1030] loss = 0.815574
[e160 s0550/1030] loss = 0.929495
[e160 s0600/1030] loss = 0.887660
[e160 s0650/1030] loss = 0.884617
[e160 s0700/1030] loss = 0.864029
[e160 s0750/1030] loss = 0.827018
[e160 s0800/1030] loss = 0.795391
[e160 s0850/1030] loss = 0.787589
[e160 s0900/1030] loss = 0.771985
[e160 s0950/1030] loss = 0.746080
[e160 s1000/1030] loss = 0.742476
Epoch 160: train_loss = 0.729321  MAE/GAME0 = 35.921  RMSE = 67.002  GAME1 = 37.541  GAME2 = 39.558  GAME3 = 41.277  lr = 7.50e-06  kd = 1.00  time = 15.2s
[e161 s0001/1030] loss = 0.228096
[e161 s0050/1030] loss = 0.452832
[e161 s0100/1030] loss = 0.366125
[e161 s0150/1030] loss = 0.404139
[e161 s0200/1030] loss = 0.472148
[e161 s0250/1030] loss = 0.452259
[e161 s0300/1030] loss = 1.590888
[e161 s0350/1030] loss = 1.418235
[e161 s0400/1030] loss = 1.321568
[e161 s0450/1030] loss = 1.260436
[e161 s0500/1030] loss = 1.169971
[e161 s0550/1030] loss = 1.127110
[e161 s0600/1030] loss = 1.080355
[e161 s0650/1030] loss = 1.020944
[e161 s0700/1030] loss = 0.992459
[e161 s0750/1030] loss = 0.948070
[e161 s0800/1030] loss = 0.909406
[e161 s0850/1030] loss = 0.884462
[e161 s0900/1030] loss = 0.864677
[e161 s0950/1030] loss = 0.848814
[e161 s1000/1030] loss = 0.853089
Epoch 161: train_loss = 0.853450  MAE/GAME0 = 21.684  RMSE = 52.006  GAME1 = 24.448  GAME2 = 27.506  GAME3 = 31.094  lr = 7.46e-06  kd = 1.00  time = 15.0s
[e162 s0001/1030] loss = 0.012376
[e162 s0050/1030] loss = 0.449385
[e162 s0100/1030] loss = 3.396872
[e162 s0150/1030] loss = 2.452997
[e162 s0200/1030] loss = 1.924230
[e162 s0250/1030] loss = 1.657946
[e162 s0300/1030] loss = 1.447026
[e162 s0350/1030] loss = 1.295479
[e162 s0400/1030] loss = 1.166803
[e162 s0450/1030] loss = 1.084221
[e162 s0500/1030] loss = 1.011290
[e162 s0550/1030] loss = 0.951137
[e162 s0600/1030] loss = 0.911566
[e162 s0650/1030] loss = 0.874117
[e162 s0700/1030] loss = 0.837468
[e162 s0750/1030] loss = 0.825812
[e162 s0800/1030] loss = 0.796096
[e162 s0850/1030] loss = 0.782420
[e162 s0900/1030] loss = 0.851317
[e162 s0950/1030] loss = 0.830201
[e162 s1000/1030] loss = 0.810963
Epoch 162: train_loss = 0.800480  MAE/GAME0 = 28.036  RMSE = 60.239  GAME1 = 30.789  GAME2 = 33.331  GAME3 = 36.055  lr = 7.43e-06  kd = 1.00  time = 15.3s
[e163 s0001/1030] loss = 0.590096
[e163 s0050/1030] loss = 0.653221
[e163 s0100/1030] loss = 0.470337
[e163 s0150/1030] loss = 0.619494
[e163 s0200/1030] loss = 0.767249
[e163 s0250/1030] loss = 0.675482
[e163 s0300/1030] loss = 0.699942
[e163 s0350/1030] loss = 0.638726
[e163 s0400/1030] loss = 0.665349
[e163 s0450/1030] loss = 0.718189
[e163 s0500/1030] loss = 0.699713
[e163 s0550/1030] loss = 0.694015
[e163 s0600/1030] loss = 0.675218
[e163 s0650/1030] loss = 0.915450
[e163 s0700/1030] loss = 0.871718
[e163 s0750/1030] loss = 0.849942
[e163 s0800/1030] loss = 0.853917
[e163 s0850/1030] loss = 0.849071
[e163 s0900/1030] loss = 0.822123
[e163 s0950/1030] loss = 0.797831
[e163 s1000/1030] loss = 0.772527
Epoch 163: train_loss = 0.783940  MAE/GAME0 = 22.290  RMSE = 52.724  GAME1 = 25.064  GAME2 = 28.091  GAME3 = 31.436  lr = 7.39e-06  kd = 1.00  time = 15.1s
[e164 s0001/1030] loss = 0.039725
[e164 s0050/1030] loss = 0.286018
[e164 s0100/1030] loss = 0.406519
[e164 s0150/1030] loss = 0.396657
[e164 s0200/1030] loss = 0.407324
[e164 s0250/1030] loss = 0.439509
[e164 s0300/1030] loss = 0.448005
[e164 s0350/1030] loss = 0.455993
[e164 s0400/1030] loss = 0.452375
[e164 s0450/1030] loss = 0.513184
[e164 s0500/1030] loss = 0.516034
[e164 s0550/1030] loss = 0.524629
[e164 s0600/1030] loss = 0.518300
[e164 s0650/1030] loss = 0.537197
[e164 s0700/1030] loss = 0.540677
[e164 s0750/1030] loss = 0.523258
[e164 s0800/1030] loss = 0.521842
[e164 s0850/1030] loss = 0.843977
[e164 s0900/1030] loss = 0.822017
[e164 s0950/1030] loss = 0.796121
[e164 s1000/1030] loss = 0.794256
Epoch 164: train_loss = 0.793742  MAE/GAME0 = 24.282  RMSE = 56.768  GAME1 = 26.814  GAME2 = 29.606  GAME3 = 32.767  lr = 7.35e-06  kd = 1.00  time = 15.1s
[e165 s0001/1030] loss = 0.129506
[e165 s0050/1030] loss = 0.629933
[e165 s0100/1030] loss = 0.677415
[e165 s0150/1030] loss = 0.734206
[e165 s0200/1030] loss = 0.790645
[e165 s0250/1030] loss = 0.695983
[e165 s0300/1030] loss = 0.749270
[e165 s0350/1030] loss = 0.742159
[e165 s0400/1030] loss = 0.737985
[e165 s0450/1030] loss = 0.701478
[e165 s0500/1030] loss = 1.026615
[e165 s0550/1030] loss = 1.000569
[e165 s0600/1030] loss = 0.945658
[e165 s0650/1030] loss = 0.905746
[e165 s0700/1030] loss = 0.868293
[e165 s0750/1030] loss = 0.849019
[e165 s0800/1030] loss = 0.817927
[e165 s0850/1030] loss = 0.790675
[e165 s0900/1030] loss = 0.767516
[e165 s0950/1030] loss = 0.762118
[e165 s1000/1030] loss = 0.758125
Epoch 165: train_loss = 0.746833  MAE/GAME0 = 40.778  RMSE = 69.713  GAME1 = 41.322  GAME2 = 42.359  GAME3 = 43.234  lr = 7.31e-06  kd = 1.00  time = 15.0s
[e166 s0001/1030] loss = 0.047920
[e166 s0050/1030] loss = 0.772716
[e166 s0100/1030] loss = 0.623887
[e166 s0150/1030] loss = 0.564434
[e166 s0200/1030] loss = 0.600751
[e166 s0250/1030] loss = 0.590940
[e166 s0300/1030] loss = 0.647809
[e166 s0350/1030] loss = 0.853555
[e166 s0400/1030] loss = 0.793885
[e166 s0450/1030] loss = 0.752057
[e166 s0500/1030] loss = 0.734216
[e166 s0550/1030] loss = 0.750597
[e166 s0600/1030] loss = 0.783370
[e166 s0650/1030] loss = 0.774600
[e166 s0700/1030] loss = 0.758465
[e166 s0750/1030] loss = 0.743507
[e166 s0800/1030] loss = 0.741609
[e166 s0850/1030] loss = 0.732618
[e166 s0900/1030] loss = 0.725812
[e166 s0950/1030] loss = 0.706531
[e166 s1000/1030] loss = 0.693194
Epoch 166: train_loss = 0.684599  MAE/GAME0 = 33.028  RMSE = 63.104  GAME1 = 34.420  GAME2 = 36.357  GAME3 = 38.175  lr = 7.27e-06  kd = 1.00  time = 15.0s
[e167 s0001/1030] loss = 0.490621
[e167 s0050/1030] loss = 0.705535
[e167 s0100/1030] loss = 0.568499
[e167 s0150/1030] loss = 0.499770
[e167 s0200/1030] loss = 0.722052
[e167 s0250/1030] loss = 0.693507
[e167 s0300/1030] loss = 0.639574
[e167 s0350/1030] loss = 0.605256
[e167 s0400/1030] loss = 0.664478
[e167 s0450/1030] loss = 0.641250
[e167 s0500/1030] loss = 0.619903
[e167 s0550/1030] loss = 0.976723
[e167 s0600/1030] loss = 1.003177
[e167 s0650/1030] loss = 0.945973
[e167 s0700/1030] loss = 0.907293
[e167 s0750/1030] loss = 0.866047
[e167 s0800/1030] loss = 0.841777
[e167 s0850/1030] loss = 0.829820
[e167 s0900/1030] loss = 0.791944
[e167 s0950/1030] loss = 0.779569
[e167 s1000/1030] loss = 0.780477
Epoch 167: train_loss = 0.768954  MAE/GAME0 = 25.408  RMSE = 52.789  GAME1 = 27.129  GAME2 = 29.490  GAME3 = 32.281  lr = 7.23e-06  kd = 1.00  time = 14.9s
[e168 s0001/1030] loss = 0.303882
[e168 s0050/1030] loss = 0.417524
[e168 s0100/1030] loss = 0.450383
[e168 s0150/1030] loss = 0.458330
[e168 s0200/1030] loss = 1.277639
[e168 s0250/1030] loss = 1.172256
[e168 s0300/1030] loss = 1.078705
[e168 s0350/1030] loss = 1.008198
[e168 s0400/1030] loss = 0.925181
[e168 s0450/1030] loss = 0.905982
[e168 s0500/1030] loss = 1.014435
[e168 s0550/1030] loss = 0.957078
[e168 s0600/1030] loss = 0.904999
[e168 s0650/1030] loss = 0.875183
[e168 s0700/1030] loss = 0.839877
[e168 s0750/1030] loss = 0.807864
[e168 s0800/1030] loss = 0.783274
[e168 s0850/1030] loss = 0.753796
[e168 s0900/1030] loss = 0.737197
[e168 s0950/1030] loss = 0.752424
[e168 s1000/1030] loss = 0.748221
Epoch 168: train_loss = 0.737969  MAE/GAME0 = 32.510  RMSE = 63.626  GAME1 = 34.367  GAME2 = 36.744  GAME3 = 38.817  lr = 7.19e-06  kd = 1.00  time = 15.1s
[e169 s0001/1030] loss = 0.126673
[e169 s0050/1030] loss = 0.485156
[e169 s0100/1030] loss = 0.542057
[e169 s0150/1030] loss = 0.633003
[e169 s0200/1030] loss = 0.604912
[e169 s0250/1030] loss = 0.557040
[e169 s0300/1030] loss = 0.584791
[e169 s0350/1030] loss = 0.574573
[e169 s0400/1030] loss = 0.656905
[e169 s0450/1030] loss = 0.619522
[e169 s0500/1030] loss = 0.580009
[e169 s0550/1030] loss = 1.165308
[e169 s0600/1030] loss = 1.105991
[e169 s0650/1030] loss = 1.052362
[e169 s0700/1030] loss = 1.058098
[e169 s0750/1030] loss = 1.023777
[e169 s0800/1030] loss = 0.977914
[e169 s0850/1030] loss = 0.944867
[e169 s0900/1030] loss = 0.907000
[e169 s0950/1030] loss = 0.875749
[e169 s1000/1030] loss = 0.863381
Epoch 169: train_loss = 0.852126  MAE/GAME0 = 32.133  RMSE = 62.947  GAME1 = 33.767  GAME2 = 35.858  GAME3 = 37.852  lr = 7.16e-06  kd = 1.00  time = 15.2s
[e170 s0001/1030] loss = 0.016438
[e170 s0050/1030] loss = 0.460892
[e170 s0100/1030] loss = 0.441421
[e170 s0150/1030] loss = 0.459987
[e170 s0200/1030] loss = 0.513165
[e170 s0250/1030] loss = 0.502838
[e170 s0300/1030] loss = 0.524763
[e170 s0350/1030] loss = 0.537841
[e170 s0400/1030] loss = 0.514699
[e170 s0450/1030] loss = 0.520077
[e170 s0500/1030] loss = 0.544203
[e170 s0550/1030] loss = 0.568141
[e170 s0600/1030] loss = 0.557171
[e170 s0650/1030] loss = 0.561632
[e170 s0700/1030] loss = 0.554235
[e170 s0750/1030] loss = 0.543782
[e170 s0800/1030] loss = 0.744437
[e170 s0850/1030] loss = 0.721413
[e170 s0900/1030] loss = 0.714753
[e170 s0950/1030] loss = 0.692139
[e170 s1000/1030] loss = 0.672437
Epoch 170: train_loss = 0.709951  MAE/GAME0 = 40.000  RMSE = 68.275  GAME1 = 40.802  GAME2 = 42.201  GAME3 = 43.287  lr = 7.12e-06  kd = 1.00  time = 15.0s
[e171 s0001/1030] loss = 0.098949
[e171 s0050/1030] loss = 0.671895
[e171 s0100/1030] loss = 0.538487
[e171 s0150/1030] loss = 0.539646
[e171 s0200/1030] loss = 0.545906
[e171 s0250/1030] loss = 0.507269
[e171 s0300/1030] loss = 0.497792
[e171 s0350/1030] loss = 0.518119
[e171 s0400/1030] loss = 0.499581
[e171 s0450/1030] loss = 0.489976
[e171 s0500/1030] loss = 0.535573
[e171 s0550/1030] loss = 0.736005
[e171 s0600/1030] loss = 0.703167
[e171 s0650/1030] loss = 0.714149
[e171 s0700/1030] loss = 0.678724
[e171 s0750/1030] loss = 0.663434
[e171 s0800/1030] loss = 0.653501
[e171 s0850/1030] loss = 0.631623
[e171 s0900/1030] loss = 0.615876
[e171 s0950/1030] loss = 0.637964
[e171 s1000/1030] loss = 0.628058
Epoch 171: train_loss = 0.624833  MAE/GAME0 = 27.449  RMSE = 59.797  GAME1 = 29.438  GAME2 = 31.735  GAME3 = 34.270  lr = 7.08e-06  kd = 1.00  time = 15.0s
[e172 s0001/1030] loss = 0.284054
[e172 s0050/1030] loss = 0.367154
[e172 s0100/1030] loss = 0.650490
[e172 s0150/1030] loss = 0.602235
[e172 s0200/1030] loss = 0.850555
[e172 s0250/1030] loss = 0.731505
[e172 s0300/1030] loss = 0.676411
[e172 s0350/1030] loss = 0.634364
[e172 s0400/1030] loss = 0.601582
[e172 s0450/1030] loss = 0.590618
[e172 s0500/1030] loss = 0.555916
[e172 s0550/1030] loss = 0.550563
[e172 s0600/1030] loss = 0.546393
[e172 s0650/1030] loss = 0.535028
[e172 s0700/1030] loss = 0.528363
[e172 s0750/1030] loss = 0.519471
[e172 s0800/1030] loss = 0.512039
[e172 s0850/1030] loss = 0.501685
[e172 s0900/1030] loss = 0.927750
[e172 s0950/1030] loss = 0.952489
[e172 s1000/1030] loss = 0.925059
Epoch 172: train_loss = 0.914428  MAE/GAME0 = 28.056  RMSE = 60.737  GAME1 = 30.204  GAME2 = 32.684  GAME3 = 35.367  lr = 7.04e-06  kd = 1.00  time = 15.0s
[e173 s0001/1030] loss = 0.075891
[e173 s0050/1030] loss = 0.439430
[e173 s0100/1030] loss = 0.394346
[e173 s0150/1030] loss = 0.625435
[e173 s0200/1030] loss = 0.542558
[e173 s0250/1030] loss = 1.577672
[e173 s0300/1030] loss = 1.508732
[e173 s0350/1030] loss = 1.336438
[e173 s0400/1030] loss = 1.243575
[e173 s0450/1030] loss = 1.223913
[e173 s0500/1030] loss = 1.156975
[e173 s0550/1030] loss = 1.110345
[e173 s0600/1030] loss = 1.052379
[e173 s0650/1030] loss = 1.006390
[e173 s0700/1030] loss = 0.998456
[e173 s0750/1030] loss = 1.009009
[e173 s0800/1030] loss = 0.974075
[e173 s0850/1030] loss = 0.990831
[e173 s0900/1030] loss = 0.968841
[e173 s0950/1030] loss = 0.937790
[e173 s1000/1030] loss = 0.905256
Epoch 173: train_loss = 0.884697  MAE/GAME0 = 33.005  RMSE = 64.480  GAME1 = 34.559  GAME2 = 36.659  GAME3 = 38.642  lr = 7.00e-06  kd = 1.00  time = 15.5s
[e174 s0001/1030] loss = 0.005060
[e174 s0050/1030] loss = 0.365084
[e174 s0100/1030] loss = 0.474851
[e174 s0150/1030] loss = 0.448962
[e174 s0200/1030] loss = 0.534640
[e174 s0250/1030] loss = 0.610286
[e174 s0300/1030] loss = 0.577625
[e174 s0350/1030] loss = 0.565488
[e174 s0400/1030] loss = 0.570813
[e174 s0450/1030] loss = 0.554947
[e174 s0500/1030] loss = 1.216938
[e174 s0550/1030] loss = 1.148459
[e174 s0600/1030] loss = 1.097887
[e174 s0650/1030] loss = 1.096810
[e174 s0700/1030] loss = 1.165553
[e174 s0750/1030] loss = 1.131656
[e174 s0800/1030] loss = 1.106529
[e174 s0850/1030] loss = 1.137691
[e174 s0900/1030] loss = 1.093068
[e174 s0950/1030] loss = 1.063209
[e174 s1000/1030] loss = 1.026653
Epoch 174: train_loss = 1.039710  MAE/GAME0 = 36.917  RMSE = 66.096  GAME1 = 37.854  GAME2 = 39.461  GAME3 = 40.902  lr = 6.96e-06  kd = 1.00  time = 15.1s
[e175 s0001/1030] loss = 0.193290
[e175 s0050/1030] loss = 3.251822
[e175 s0100/1030] loss = 1.797934
[e175 s0150/1030] loss = 1.345306
[e175 s0200/1030] loss = 1.092735
[e175 s0250/1030] loss = 0.948388
[e175 s0300/1030] loss = 0.916060
[e175 s0350/1030] loss = 0.869944
[e175 s0400/1030] loss = 0.868734
[e175 s0450/1030] loss = 0.846109
[e175 s0500/1030] loss = 0.794345
[e175 s0550/1030] loss = 0.754304
[e175 s0600/1030] loss = 0.727987
[e175 s0650/1030] loss = 0.695579
[e175 s0700/1030] loss = 0.682788
[e175 s0750/1030] loss = 0.660912
[e175 s0800/1030] loss = 0.650013
[e175 s0850/1030] loss = 0.648947
[e175 s0900/1030] loss = 0.636163
[e175 s0950/1030] loss = 0.626773
[e175 s1000/1030] loss = 0.619601
Epoch 175: train_loss = 0.623793  MAE/GAME0 = 31.865  RMSE = 63.108  GAME1 = 33.449  GAME2 = 35.562  GAME3 = 37.615  lr = 6.92e-06  kd = 1.00  time = 15.1s
[e176 s0001/1030] loss = 0.030725
[e176 s0050/1030] loss = 0.820271
[e176 s0100/1030] loss = 1.056203
[e176 s0150/1030] loss = 0.848814
[e176 s0200/1030] loss = 0.747859
[e176 s0250/1030] loss = 0.672596
[e176 s0300/1030] loss = 0.641973
[e176 s0350/1030] loss = 0.581575
[e176 s0400/1030] loss = 0.573913
[e176 s0450/1030] loss = 0.666041
[e176 s0500/1030] loss = 0.645744
[e176 s0550/1030] loss = 0.678938
[e176 s0600/1030] loss = 0.649105
[e176 s0650/1030] loss = 0.663506
[e176 s0700/1030] loss = 0.674820
[e176 s0750/1030] loss = 0.674481
[e176 s0800/1030] loss = 0.664040
[e176 s0850/1030] loss = 0.676876
[e176 s0900/1030] loss = 0.681909
[e176 s0950/1030] loss = 0.678943
[e176 s1000/1030] loss = 0.742587
Epoch 176: train_loss = 0.738037  MAE/GAME0 = 29.201  RMSE = 58.524  GAME1 = 30.827  GAME2 = 33.009  GAME3 = 35.372  lr = 6.88e-06  kd = 1.00  time = 14.8s
[e177 s0001/1030] loss = 0.003225
[e177 s0050/1030] loss = 0.868742
[e177 s0100/1030] loss = 0.701158
[e177 s0150/1030] loss = 0.684161
[e177 s0200/1030] loss = 0.599940
[e177 s0250/1030] loss = 0.544691
[e177 s0300/1030] loss = 0.780597
[e177 s0350/1030] loss = 0.874943
[e177 s0400/1030] loss = 0.815476
[e177 s0450/1030] loss = 0.764032
[e177 s0500/1030] loss = 0.761251
[e177 s0550/1030] loss = 0.741081
[e177 s0600/1030] loss = 0.710801
[e177 s0650/1030] loss = 0.680485
[e177 s0700/1030] loss = 0.675049
[e177 s0750/1030] loss = 0.650367
[e177 s0800/1030] loss = 1.165397
[e177 s0850/1030] loss = 1.141860
[e177 s0900/1030] loss = 1.113011
[e177 s0950/1030] loss = 1.075127
[e177 s1000/1030] loss = 1.039956
Epoch 177: train_loss = 1.020220  MAE/GAME0 = 31.933  RMSE = 63.717  GAME1 = 33.544  GAME2 = 35.662  GAME3 = 37.760  lr = 6.84e-06  kd = 1.00  time = 15.1s
[e178 s0001/1030] loss = 0.002313
[e178 s0050/1030] loss = 0.547231
[e178 s0100/1030] loss = 0.644163
[e178 s0150/1030] loss = 0.500564
[e178 s0200/1030] loss = 0.547890
[e178 s0250/1030] loss = 0.549712
[e178 s0300/1030] loss = 0.560918
[e178 s0350/1030] loss = 0.524108
[e178 s0400/1030] loss = 0.497636
[e178 s0450/1030] loss = 0.527204
[e178 s0500/1030] loss = 1.081939
[e178 s0550/1030] loss = 1.012876
[e178 s0600/1030] loss = 1.012993
[e178 s0650/1030] loss = 0.970943
[e178 s0700/1030] loss = 0.923180
[e178 s0750/1030] loss = 0.928140
[e178 s0800/1030] loss = 0.917362
[e178 s0850/1030] loss = 0.897579
[e178 s0900/1030] loss = 0.861932
[e178 s0950/1030] loss = 0.866975
[e178 s1000/1030] loss = 0.846835
Epoch 178: train_loss = 0.840601  MAE/GAME0 = 32.642  RMSE = 63.396  GAME1 = 34.262  GAME2 = 36.192  GAME3 = 38.142  lr = 6.80e-06  kd = 1.00  time = 15.0s
[e179 s0001/1030] loss = 1.329863
[e179 s0050/1030] loss = 0.405878
[e179 s0100/1030] loss = 0.471049
[e179 s0150/1030] loss = 0.543530
[e179 s0200/1030] loss = 0.478424
[e179 s0250/1030] loss = 0.440190
[e179 s0300/1030] loss = 1.161368
[e179 s0350/1030] loss = 1.090899
[e179 s0400/1030] loss = 1.000156
[e179 s0450/1030] loss = 0.981367
[e179 s0500/1030] loss = 0.925469
[e179 s0550/1030] loss = 0.887710
[e179 s0600/1030] loss = 0.866188
[e179 s0650/1030] loss = 0.852281
[e179 s0700/1030] loss = 0.818590
[e179 s0750/1030] loss = 0.803818
[e179 s0800/1030] loss = 0.782871
[e179 s0850/1030] loss = 0.761856
[e179 s0900/1030] loss = 0.761605
[e179 s0950/1030] loss = 0.738122
[e179 s1000/1030] loss = 0.717781
Epoch 179: train_loss = 0.706615  MAE/GAME0 = 31.515  RMSE = 61.678  GAME1 = 32.803  GAME2 = 34.736  GAME3 = 36.698  lr = 6.75e-06  kd = 1.00  time = 15.0s
[e180 s0001/1030] loss = 3.228231
[e180 s0050/1030] loss = 0.483484
[e180 s0100/1030] loss = 0.387320
[e180 s0150/1030] loss = 0.518836
[e180 s0200/1030] loss = 0.500725
[e180 s0250/1030] loss = 0.524332
[e180 s0300/1030] loss = 0.609312
[e180 s0350/1030] loss = 0.598889
[e180 s0400/1030] loss = 0.605596
[e180 s0450/1030] loss = 0.600276
[e180 s0500/1030] loss = 0.579438
[e180 s0550/1030] loss = 0.563090
[e180 s0600/1030] loss = 0.562486
[e180 s0650/1030] loss = 0.733301
[e180 s0700/1030] loss = 0.726513
[e180 s0750/1030] loss = 0.694901
[e180 s0800/1030] loss = 0.667268
[e180 s0850/1030] loss = 0.658656
[e180 s0900/1030] loss = 0.638264
[e180 s0950/1030] loss = 0.617278
[e180 s1000/1030] loss = 0.633456
Epoch 180: train_loss = 0.639119  MAE/GAME0 = 27.204  RMSE = 58.374  GAME1 = 30.355  GAME2 = 33.095  GAME3 = 36.050  lr = 6.71e-06  kd = 1.00  time = 15.0s
[e181 s0001/1030] loss = 0.083214
[e181 s0050/1030] loss = 1.059381
[e181 s0100/1030] loss = 0.626309
[e181 s0150/1030] loss = 0.534971
[e181 s0200/1030] loss = 1.215773
[e181 s0250/1030] loss = 1.043439
[e181 s0300/1030] loss = 0.918102
[e181 s0350/1030] loss = 0.833856
[e181 s0400/1030] loss = 0.802660
[e181 s0450/1030] loss = 0.755086
[e181 s0500/1030] loss = 0.719272
[e181 s0550/1030] loss = 0.693431
[e181 s0600/1030] loss = 0.670096
[e181 s0650/1030] loss = 0.688769
[e181 s0700/1030] loss = 0.662655
[e181 s0750/1030] loss = 0.704774
[e181 s0800/1030] loss = 0.678537
[e181 s0850/1030] loss = 0.663911
[e181 s0900/1030] loss = 0.767814
[e181 s0950/1030] loss = 0.761634
[e181 s1000/1030] loss = 0.746709
Epoch 181: train_loss = 0.740806  MAE/GAME0 = 31.319  RMSE = 63.874  GAME1 = 33.811  GAME2 = 36.503  GAME3 = 39.046  lr = 6.67e-06  kd = 1.00  time = 14.9s
[e182 s0001/1030] loss = 0.145949
[e182 s0050/1030] loss = 1.179893
[e182 s0100/1030] loss = 0.825535
[e182 s0150/1030] loss = 0.681374
[e182 s0200/1030] loss = 0.576628
[e182 s0250/1030] loss = 0.534591
[e182 s0300/1030] loss = 0.534717
[e182 s0350/1030] loss = 0.562487
[e182 s0400/1030] loss = 0.525065
[e182 s0450/1030] loss = 0.558723
[e182 s0500/1030] loss = 0.542288
[e182 s0550/1030] loss = 0.536280
[e182 s0600/1030] loss = 0.527544
[e182 s0650/1030] loss = 0.516398
[e182 s0700/1030] loss = 0.522544
[e182 s0750/1030] loss = 0.504604
[e182 s0800/1030] loss = 0.512424
[e182 s0850/1030] loss = 0.517175
[e182 s0900/1030] loss = 0.515112
[e182 s0950/1030] loss = 0.528889
[e182 s1000/1030] loss = 0.556356
Epoch 182: train_loss = 0.549248  MAE/GAME0 = 31.070  RMSE = 62.416  GAME1 = 33.184  GAME2 = 35.473  GAME3 = 37.803  lr = 6.63e-06  kd = 1.00  time = 14.9s
[e183 s0001/1030] loss = 0.407986
[e183 s0050/1030] loss = 0.373394
[e183 s0100/1030] loss = 0.443636
[e183 s0150/1030] loss = 0.540258
[e183 s0200/1030] loss = 0.536818
[e183 s0250/1030] loss = 0.612529
[e183 s0300/1030] loss = 0.612349
[e183 s0350/1030] loss = 0.995389
[e183 s0400/1030] loss = 0.919005
[e183 s0450/1030] loss = 0.857072
[e183 s0500/1030] loss = 0.811301
[e183 s0550/1030] loss = 0.771994
[e183 s0600/1030] loss = 0.749649
[e183 s0650/1030] loss = 0.736879
[e183 s0700/1030] loss = 0.711188
[e183 s0750/1030] loss = 0.706053
[e183 s0800/1030] loss = 0.691602
[e183 s0850/1030] loss = 0.678249
[e183 s0900/1030] loss = 0.666614
[e183 s0950/1030] loss = 0.725431
[e183 s1000/1030] loss = 0.720183
Epoch 183: train_loss = 0.710237  MAE/GAME0 = 37.969  RMSE = 67.445  GAME1 = 38.782  GAME2 = 40.221  GAME3 = 41.475  lr = 6.59e-06  kd = 1.00  time = 15.0s
[e184 s0001/1030] loss = 0.208665
[e184 s0050/1030] loss = 0.390629
[e184 s0100/1030] loss = 0.554216
[e184 s0150/1030] loss = 0.476965
[e184 s0200/1030] loss = 0.495636
[e184 s0250/1030] loss = 0.507649
[e184 s0300/1030] loss = 0.478571
[e184 s0350/1030] loss = 0.464704
[e184 s0400/1030] loss = 0.840358
[e184 s0450/1030] loss = 0.869235
[e184 s0500/1030] loss = 0.848589
[e184 s0550/1030] loss = 0.806890
[e184 s0600/1030] loss = 0.775023
[e184 s0650/1030] loss = 0.748772
[e184 s0700/1030] loss = 0.719176
[e184 s0750/1030] loss = 0.719835
[e184 s0800/1030] loss = 0.703208
[e184 s0850/1030] loss = 0.699538
[e184 s0900/1030] loss = 0.687736
[e184 s0950/1030] loss = 0.687792
[e184 s1000/1030] loss = 0.700093
Epoch 184: train_loss = 0.684994  MAE/GAME0 = 39.719  RMSE = 68.805  GAME1 = 40.581  GAME2 = 42.028  GAME3 = 43.229  lr = 6.55e-06  kd = 1.00  time = 15.0s
[e185 s0001/1030] loss = 0.178511
[e185 s0050/1030] loss = 0.578863
[e185 s0100/1030] loss = 0.499793
[e185 s0150/1030] loss = 0.499556
[e185 s0200/1030] loss = 0.471930
[e185 s0250/1030] loss = 0.477798
[e185 s0300/1030] loss = 0.537107
[e185 s0350/1030] loss = 0.522808
[e185 s0400/1030] loss = 0.547129
[e185 s0450/1030] loss = 0.591293
[e185 s0500/1030] loss = 0.560713
[e185 s0550/1030] loss = 0.541842
[e185 s0600/1030] loss = 0.790691
[e185 s0650/1030] loss = 0.772108
[e185 s0700/1030] loss = 0.853390
[e185 s0750/1030] loss = 0.822320
[e185 s0800/1030] loss = 0.791035
[e185 s0850/1030] loss = 0.794434
[e185 s0900/1030] loss = 0.785327
[e185 s0950/1030] loss = 0.771921
[e185 s1000/1030] loss = 0.777993
Epoch 185: train_loss = 0.763407  MAE/GAME0 = 31.572  RMSE = 62.302  GAME1 = 33.198  GAME2 = 35.469  GAME3 = 37.606  lr = 6.51e-06  kd = 1.00  time = 15.2s
[e186 s0001/1030] loss = 0.013700
[e186 s0050/1030] loss = 0.656629
[e186 s0100/1030] loss = 0.530679
[e186 s0150/1030] loss = 0.417681
[e186 s0200/1030] loss = 0.395029
[e186 s0250/1030] loss = 0.406911
[e186 s0300/1030] loss = 0.456882
[e186 s0350/1030] loss = 0.478788
[e186 s0400/1030] loss = 0.470544
[e186 s0450/1030] loss = 0.469413
[e186 s0500/1030] loss = 0.481762
[e186 s0550/1030] loss = 0.489371
[e186 s0600/1030] loss = 0.496520
[e186 s0650/1030] loss = 0.766619
[e186 s0700/1030] loss = 0.747313
[e186 s0750/1030] loss = 0.733478
[e186 s0800/1030] loss = 0.708465
[e186 s0850/1030] loss = 0.690245
[e186 s0900/1030] loss = 0.672175
[e186 s0950/1030] loss = 0.654981
[e186 s1000/1030] loss = 0.640693
Epoch 186: train_loss = 0.631616  MAE/GAME0 = 28.901  RMSE = 62.081  GAME1 = 31.522  GAME2 = 34.255  GAME3 = 37.103  lr = 6.47e-06  kd = 1.00  time = 15.0s
[e187 s0001/1030] loss = 0.059571
[e187 s0050/1030] loss = 0.752501
[e187 s0100/1030] loss = 0.684710
[e187 s0150/1030] loss = 0.731877
[e187 s0200/1030] loss = 0.655818
[e187 s0250/1030] loss = 0.702634
[e187 s0300/1030] loss = 0.647715
[e187 s0350/1030] loss = 0.660884
[e187 s0400/1030] loss = 0.655915
[e187 s0450/1030] loss = 0.658970
[e187 s0500/1030] loss = 0.711113
[e187 s0550/1030] loss = 0.712811
[e187 s0600/1030] loss = 0.704962
[e187 s0650/1030] loss = 0.687925
[e187 s0700/1030] loss = 0.676159
[e187 s0750/1030] loss = 0.654817
[e187 s0800/1030] loss = 0.644146
[e187 s0850/1030] loss = 0.883704
[e187 s0900/1030] loss = 0.876379
[e187 s0950/1030] loss = 0.855882
[e187 s1000/1030] loss = 0.838072
Epoch 187: train_loss = 0.826895  MAE/GAME0 = 28.547  RMSE = 60.927  GAME1 = 30.962  GAME2 = 33.343  GAME3 = 35.992  lr = 6.42e-06  kd = 1.00  time = 15.0s
[e188 s0001/1030] loss = 0.001298
[e188 s0050/1030] loss = 0.353849
[e188 s0100/1030] loss = 0.643444
[e188 s0150/1030] loss = 0.615324
[e188 s0200/1030] loss = 0.709969
[e188 s0250/1030] loss = 0.653111
[e188 s0300/1030] loss = 0.668550
[e188 s0350/1030] loss = 0.609903
[e188 s0400/1030] loss = 0.655125
[e188 s0450/1030] loss = 0.680180
[e188 s0500/1030] loss = 0.701295
[e188 s0550/1030] loss = 0.682869
[e188 s0600/1030] loss = 0.707740
[e188 s0650/1030] loss = 0.699323
[e188 s0700/1030] loss = 0.681410
[e188 s0750/1030] loss = 0.674772
[e188 s0800/1030] loss = 0.720190
[e188 s0850/1030] loss = 0.706581
[e188 s0900/1030] loss = 0.687113
[e188 s0950/1030] loss = 0.669082
[e188 s1000/1030] loss = 0.709176
Epoch 188: train_loss = 0.696912  MAE/GAME0 = 36.430  RMSE = 65.636  GAME1 = 37.739  GAME2 = 39.659  GAME3 = 41.237  lr = 6.38e-06  kd = 1.00  time = 15.0s
[e189 s0001/1030] loss = 0.238894
[e189 s0050/1030] loss = 0.770196
[e189 s0100/1030] loss = 0.691335
[e189 s0150/1030] loss = 0.622654
[e189 s0200/1030] loss = 0.600677
[e189 s0250/1030] loss = 0.580513
[e189 s0300/1030] loss = 0.555892
[e189 s0350/1030] loss = 0.514707
[e189 s0400/1030] loss = 0.523871
[e189 s0450/1030] loss = 0.644279
[e189 s0500/1030] loss = 0.608530
[e189 s0550/1030] loss = 0.622675
[e189 s0600/1030] loss = 0.641411
[e189 s0650/1030] loss = 0.643709
[e189 s0700/1030] loss = 0.615260
[e189 s0750/1030] loss = 0.597777
[e189 s0800/1030] loss = 0.575816
[e189 s0850/1030] loss = 0.559075
[e189 s0900/1030] loss = 0.576852
[e189 s0950/1030] loss = 0.558853
[e189 s1000/1030] loss = 0.782849
Epoch 189: train_loss = 0.781191  MAE/GAME0 = 30.619  RMSE = 62.165  GAME1 = 32.412  GAME2 = 34.536  GAME3 = 36.785  lr = 6.34e-06  kd = 1.00  time = 15.3s
[e190 s0001/1030] loss = 0.010412
[e190 s0050/1030] loss = 0.483405
[e190 s0100/1030] loss = 0.550562
[e190 s0150/1030] loss = 0.714420
[e190 s0200/1030] loss = 0.673147
[e190 s0250/1030] loss = 0.587970
[e190 s0300/1030] loss = 0.535787
[e190 s0350/1030] loss = 0.507075
[e190 s0400/1030] loss = 0.508892
[e190 s0450/1030] loss = 0.530276
[e190 s0500/1030] loss = 0.608462
[e190 s0550/1030] loss = 0.576638
[e190 s0600/1030] loss = 0.630357
[e190 s0650/1030] loss = 0.625816
[e190 s0700/1030] loss = 0.605702
[e190 s0750/1030] loss = 0.593038
[e190 s0800/1030] loss = 0.583706
[e190 s0850/1030] loss = 0.579571
[e190 s0900/1030] loss = 0.598646
[e190 s0950/1030] loss = 0.589848
[e190 s1000/1030] loss = 0.579594
Epoch 190: train_loss = 0.576802  MAE/GAME0 = 35.213  RMSE = 66.181  GAME1 = 36.649  GAME2 = 38.654  GAME3 = 40.370  lr = 6.30e-06  kd = 1.00  time = 14.7s
[e191 s0001/1030] loss = 1.071594
[e191 s0050/1030] loss = 6.399853
[e191 s0100/1030] loss = 3.411742
[e191 s0150/1030] loss = 2.401289
[e191 s0200/1030] loss = 2.041103
[e191 s0250/1030] loss = 1.713085
[e191 s0300/1030] loss = 1.552503
[e191 s0350/1030] loss = 1.407246
[e191 s0400/1030] loss = 1.287679
[e191 s0450/1030] loss = 1.195904
[e191 s0500/1030] loss = 1.152831
[e191 s0550/1030] loss = 1.087966
[e191 s0600/1030] loss = 1.026171
[e191 s0650/1030] loss = 0.991062
[e191 s0700/1030] loss = 0.959127
[e191 s0750/1030] loss = 0.916331
[e191 s0800/1030] loss = 0.889168
[e191 s0850/1030] loss = 0.868657
[e191 s0900/1030] loss = 0.834944
[e191 s0950/1030] loss = 0.818823
[e191 s1000/1030] loss = 0.787592
Epoch 191: train_loss = 0.777359  MAE/GAME0 = 35.189  RMSE = 65.299  GAME1 = 36.584  GAME2 = 38.487  GAME3 = 40.168  lr = 6.26e-06  kd = 1.00  time = 15.2s
[e192 s0001/1030] loss = 0.070883
[e192 s0050/1030] loss = 0.334832
[e192 s0100/1030] loss = 0.464248
[e192 s0150/1030] loss = 0.502350
[e192 s0200/1030] loss = 0.465332
[e192 s0250/1030] loss = 0.559700
[e192 s0300/1030] loss = 0.567922
[e192 s0350/1030] loss = 1.098946
[e192 s0400/1030] loss = 1.003465
[e192 s0450/1030] loss = 0.987509
[e192 s0500/1030] loss = 0.963390
[e192 s0550/1030] loss = 0.898852
[e192 s0600/1030] loss = 0.847469
[e192 s0650/1030] loss = 0.809512
[e192 s0700/1030] loss = 0.782838
[e192 s0750/1030] loss = 0.746325
[e192 s0800/1030] loss = 0.727704
[e192 s0850/1030] loss = 0.714091
[e192 s0900/1030] loss = 0.714557
[e192 s0950/1030] loss = 0.713915
[e192 s1000/1030] loss = 0.699379
Epoch 192: train_loss = 0.701911  MAE/GAME0 = 35.377  RMSE = 63.928  GAME1 = 36.627  GAME2 = 38.485  GAME3 = 40.033  lr = 6.21e-06  kd = 1.00  time = 15.1s
[e193 s0001/1030] loss = 0.574230
[e193 s0050/1030] loss = 0.205436
[e193 s0100/1030] loss = 0.493387
[e193 s0150/1030] loss = 0.488502
[e193 s0200/1030] loss = 0.444348
[e193 s0250/1030] loss = 0.455671
[e193 s0300/1030] loss = 0.463014
[e193 s0350/1030] loss = 0.477829
[e193 s0400/1030] loss = 0.459574
[e193 s0450/1030] loss = 0.456933
[e193 s0500/1030] loss = 0.516414
[e193 s0550/1030] loss = 0.619049
[e193 s0600/1030] loss = 0.625483
[e193 s0650/1030] loss = 0.625034
[e193 s0700/1030] loss = 0.615528
[e193 s0750/1030] loss = 0.610820
[e193 s0800/1030] loss = 0.608264
[e193 s0850/1030] loss = 0.606331
[e193 s0900/1030] loss = 0.590705
[e193 s0950/1030] loss = 0.589854
[e193 s1000/1030] loss = 0.747408
Epoch 193: train_loss = 0.736162  MAE/GAME0 = 40.625  RMSE = 68.592  GAME1 = 41.200  GAME2 = 42.317  GAME3 = 43.274  lr = 6.17e-06  kd = 1.00  time = 15.0s
[e194 s0001/1030] loss = 1.173756
[e194 s0050/1030] loss = 0.520821
[e194 s0100/1030] loss = 0.406131
[e194 s0150/1030] loss = 0.408712
[e194 s0200/1030] loss = 0.404676
[e194 s0250/1030] loss = 0.452176
[e194 s0300/1030] loss = 0.477593
[e194 s0350/1030] loss = 0.468604
[e194 s0400/1030] loss = 0.455887
[e194 s0450/1030] loss = 0.718364
[e194 s0500/1030] loss = 0.703800
[e194 s0550/1030] loss = 0.690724
[e194 s0600/1030] loss = 0.680087
[e194 s0650/1030] loss = 0.668097
[e194 s0700/1030] loss = 0.666399
[e194 s0750/1030] loss = 0.651031
[e194 s0800/1030] loss = 0.644606
[e194 s0850/1030] loss = 0.645738
[e194 s0900/1030] loss = 0.634120
[e194 s0950/1030] loss = 0.634072
[e194 s1000/1030] loss = 0.662197
Epoch 194: train_loss = 0.656402  MAE/GAME0 = 38.408  RMSE = 68.618  GAME1 = 39.487  GAME2 = 41.039  GAME3 = 42.265  lr = 6.13e-06  kd = 1.00  time = 15.1s
[e195 s0001/1030] loss = 0.003513
[e195 s0050/1030] loss = 2.258205
[e195 s0100/1030] loss = 1.663454
[e195 s0150/1030] loss = 1.200927
[e195 s0200/1030] loss = 1.018770
[e195 s0250/1030] loss = 0.907500
[e195 s0300/1030] loss = 0.858523
[e195 s0350/1030] loss = 0.773196
[e195 s0400/1030] loss = 0.769517
[e195 s0450/1030] loss = 0.758583
[e195 s0500/1030] loss = 0.728141
[e195 s0550/1030] loss = 0.690265
[e195 s0600/1030] loss = 0.670635
[e195 s0650/1030] loss = 0.640164
[e195 s0700/1030] loss = 0.615105
[e195 s0750/1030] loss = 0.589904
[e195 s0800/1030] loss = 0.586337
[e195 s0850/1030] loss = 0.584870
[e195 s0900/1030] loss = 0.574341
[e195 s0950/1030] loss = 0.589807
[e195 s1000/1030] loss = 0.578477
Epoch 195: train_loss = 0.581301  MAE/GAME0 = 26.988  RMSE = 59.701  GAME1 = 29.104  GAME2 = 31.741  GAME3 = 34.390  lr = 6.09e-06  kd = 1.00  time = 15.1s
[e196 s0001/1030] loss = 0.377853
[e196 s0050/1030] loss = 0.410838
[e196 s0100/1030] loss = 0.397671
[e196 s0150/1030] loss = 0.412044
[e196 s0200/1030] loss = 0.541183
[e196 s0250/1030] loss = 0.616886
[e196 s0300/1030] loss = 0.570794
[e196 s0350/1030] loss = 0.576314
[e196 s0400/1030] loss = 0.601847
[e196 s0450/1030] loss = 0.574800
[e196 s0500/1030] loss = 0.571908
[e196 s0550/1030] loss = 0.605021
[e196 s0600/1030] loss = 0.583989
[e196 s0650/1030] loss = 0.583309
[e196 s0700/1030] loss = 0.580339
[e196 s0750/1030] loss = 0.569078
[e196 s0800/1030] loss = 0.955784
[e196 s0850/1030] loss = 0.918308
[e196 s0900/1030] loss = 0.887763
[e196 s0950/1030] loss = 0.868000
[e196 s1000/1030] loss = 0.867762
Epoch 196: train_loss = 0.851242  MAE/GAME0 = 27.251  RMSE = 59.583  GAME1 = 29.211  GAME2 = 31.548  GAME3 = 34.075  lr = 6.04e-06  kd = 1.00  time = 15.0s
[e197 s0001/1030] loss = 1.410250
[e197 s0050/1030] loss = 0.616259
[e197 s0100/1030] loss = 1.100011
[e197 s0150/1030] loss = 0.918454
[e197 s0200/1030] loss = 0.797507
[e197 s0250/1030] loss = 1.882195
[e197 s0300/1030] loss = 1.722468
[e197 s0350/1030] loss = 1.509308
[e197 s0400/1030] loss = 1.413655
[e197 s0450/1030] loss = 1.333274
[e197 s0500/1030] loss = 1.249382
[e197 s0550/1030] loss = 1.168529
[e197 s0600/1030] loss = 1.144409
[e197 s0650/1030] loss = 1.109817
[e197 s0700/1030] loss = 1.054629
[e197 s0750/1030] loss = 1.022188
[e197 s0800/1030] loss = 0.983494
[e197 s0850/1030] loss = 0.974038
[e197 s0900/1030] loss = 0.949612
[e197 s0950/1030] loss = 1.026104
[e197 s1000/1030] loss = 0.995168
Epoch 197: train_loss = 0.973434  MAE/GAME0 = 26.853  RMSE = 59.804  GAME1 = 30.231  GAME2 = 33.251  GAME3 = 36.261  lr = 6.00e-06  kd = 1.00  time = 14.9s
[e198 s0001/1030] loss = 0.203553
[e198 s0050/1030] loss = 2.817305
[e198 s0100/1030] loss = 1.561455
[e198 s0150/1030] loss = 1.192599
[e198 s0200/1030] loss = 0.991279
[e198 s0250/1030] loss = 0.927381
[e198 s0300/1030] loss = 0.836176
[e198 s0350/1030] loss = 0.780304
[e198 s0400/1030] loss = 0.735348
[e198 s0450/1030] loss = 0.721017
[e198 s0500/1030] loss = 0.707236
[e198 s0550/1030] loss = 0.673969
[e198 s0600/1030] loss = 0.642992
[e198 s0650/1030] loss = 0.635477
[e198 s0700/1030] loss = 0.659272
[e198 s0750/1030] loss = 0.651401
[e198 s0800/1030] loss = 0.644172
[e198 s0850/1030] loss = 0.929407
[e198 s0900/1030] loss = 0.925380
[e198 s0950/1030] loss = 0.901160
[e198 s1000/1030] loss = 0.884458
Epoch 198: train_loss = 0.868385  MAE/GAME0 = 32.949  RMSE = 63.176  GAME1 = 34.192  GAME2 = 35.927  GAME3 = 37.751  lr = 5.96e-06  kd = 1.00  time = 15.1s
[e199 s0001/1030] loss = 1.576766
[e199 s0050/1030] loss = 0.487197
[e199 s0100/1030] loss = 0.658573
[e199 s0150/1030] loss = 0.557095
[e199 s0200/1030] loss = 0.497113
[e199 s0250/1030] loss = 0.696665
[e199 s0300/1030] loss = 0.619292
[e199 s0350/1030] loss = 0.627038
[e199 s0400/1030] loss = 0.587720
[e199 s0450/1030] loss = 0.568913
[e199 s0500/1030] loss = 0.595494
[e199 s0550/1030] loss = 0.666916
[e199 s0600/1030] loss = 0.634237
[e199 s0650/1030] loss = 0.646250
[e199 s0700/1030] loss = 0.622051
[e199 s0750/1030] loss = 0.599663
[e199 s0800/1030] loss = 0.631605
[e199 s0850/1030] loss = 0.630357
[e199 s0900/1030] loss = 0.637114
[e199 s0950/1030] loss = 0.629464
[e199 s1000/1030] loss = 0.632660
Epoch 199: train_loss = 0.628868  MAE/GAME0 = 33.274  RMSE = 64.877  GAME1 = 35.272  GAME2 = 37.674  GAME3 = 39.838  lr = 5.92e-06  kd = 1.00  time = 15.0s
[e200 s0001/1030] loss = 0.001971
[e200 s0050/1030] loss = 0.977215
[e200 s0100/1030] loss = 0.670811
[e200 s0150/1030] loss = 0.674517
[e200 s0200/1030] loss = 0.622989
[e200 s0250/1030] loss = 0.562657
[e200 s0300/1030] loss = 0.507119
[e200 s0350/1030] loss = 0.498265
[e200 s0400/1030] loss = 0.501153
[e200 s0450/1030] loss = 0.707159
[e200 s0500/1030] loss = 0.677448
[e200 s0550/1030] loss = 0.643970
[e200 s0600/1030] loss = 0.623583
[e200 s0650/1030] loss = 0.618462
[e200 s0700/1030] loss = 0.606485
[e200 s0750/1030] loss = 0.608665
[e200 s0800/1030] loss = 0.617737
[e200 s0850/1030] loss = 0.602973
[e200 s0900/1030] loss = 0.598041
[e200 s0950/1030] loss = 0.589507
[e200 s1000/1030] loss = 0.588891
Epoch 200: train_loss = 0.578287  MAE/GAME0 = 24.357  RMSE = 57.440  GAME1 = 27.984  GAME2 = 31.424  GAME3 = 34.768  lr = 5.87e-06  kd = 1.00  time = 14.9s
[e201 s0001/1030] loss = 1.338365
[e201 s0050/1030] loss = 0.741805
[e201 s0100/1030] loss = 0.473149
[e201 s0150/1030] loss = 0.483671
[e201 s0200/1030] loss = 0.451459
[e201 s0250/1030] loss = 0.466530
[e201 s0300/1030] loss = 0.441438
[e201 s0350/1030] loss = 1.234086
[e201 s0400/1030] loss = 1.160413
[e201 s0450/1030] loss = 1.203907
[e201 s0500/1030] loss = 1.122899
[e201 s0550/1030] loss = 1.060535
[e201 s0600/1030] loss = 0.985959
[e201 s0650/1030] loss = 0.932208
[e201 s0700/1030] loss = 0.887243
[e201 s0750/1030] loss = 0.884448
[e201 s0800/1030] loss = 0.850641
[e201 s0850/1030] loss = 0.824733
[e201 s0900/1030] loss = 0.801571
[e201 s0950/1030] loss = 0.783233
[e201 s1000/1030] loss = 0.782436
Epoch 201: train_loss = 0.772520  MAE/GAME0 = 36.824  RMSE = 66.702  GAME1 = 37.690  GAME2 = 39.227  GAME3 = 40.609  lr = 5.83e-06  kd = 1.00  time = 14.9s
[e202 s0001/1030] loss = 0.000666
[e202 s0050/1030] loss = 0.514081
[e202 s0100/1030] loss = 0.514916
[e202 s0150/1030] loss = 0.573540
[e202 s0200/1030] loss = 0.603721
[e202 s0250/1030] loss = 0.796163
[e202 s0300/1030] loss = 0.736800
[e202 s0350/1030] loss = 0.687770
[e202 s0400/1030] loss = 0.645666
[e202 s0450/1030] loss = 0.650461
[e202 s0500/1030] loss = 0.651757
[e202 s0550/1030] loss = 0.625608
[e202 s0600/1030] loss = 0.639439
[e202 s0650/1030] loss = 0.609913
[e202 s0700/1030] loss = 0.594977
[e202 s0750/1030] loss = 0.602611
[e202 s0800/1030] loss = 0.591038
[e202 s0850/1030] loss = 0.583238
[e202 s0900/1030] loss = 0.573302
[e202 s0950/1030] loss = 0.591912
[e202 s1000/1030] loss = 0.638482
Epoch 202: train_loss = 0.629688  MAE/GAME0 = 29.840  RMSE = 61.075  GAME1 = 31.698  GAME2 = 33.756  GAME3 = 36.021  lr = 5.79e-06  kd = 1.00  time = 15.3s
[e203 s0001/1030] loss = 0.048644
[e203 s0050/1030] loss = 0.239233
[e203 s0100/1030] loss = 0.276175
[e203 s0150/1030] loss = 0.803848
[e203 s0200/1030] loss = 0.681750
[e203 s0250/1030] loss = 0.676519
[e203 s0300/1030] loss = 0.623784
[e203 s0350/1030] loss = 0.644766
[e203 s0400/1030] loss = 0.619504
[e203 s0450/1030] loss = 0.644877
[e203 s0500/1030] loss = 0.631399
[e203 s0550/1030] loss = 0.603753
[e203 s0600/1030] loss = 0.593776
[e203 s0650/1030] loss = 0.575834
[e203 s0700/1030] loss = 0.641622
[e203 s0750/1030] loss = 0.625742
[e203 s0800/1030] loss = 0.621702
[e203 s0850/1030] loss = 0.615623
[e203 s0900/1030] loss = 0.601786
[e203 s0950/1030] loss = 0.606160
[e203 s1000/1030] loss = 0.591144
Epoch 203: train_loss = 0.603835  MAE/GAME0 = 35.549  RMSE = 65.870  GAME1 = 36.552  GAME2 = 38.179  GAME3 = 39.747  lr = 5.74e-06  kd = 1.00  time = 15.0s
[e204 s0001/1030] loss = 0.304789
[e204 s0050/1030] loss = 0.439910
[e204 s0100/1030] loss = 0.377342
[e204 s0150/1030] loss = 0.329497
[e204 s0200/1030] loss = 0.444166
[e204 s0250/1030] loss = 0.440335
[e204 s0300/1030] loss = 0.566962
[e204 s0350/1030] loss = 0.560664
[e204 s0400/1030] loss = 0.599171
[e204 s0450/1030] loss = 0.618894
[e204 s0500/1030] loss = 0.645803
[e204 s0550/1030] loss = 0.645776
[e204 s0600/1030] loss = 0.642874
[e204 s0650/1030] loss = 0.654002
[e204 s0700/1030] loss = 0.747586
[e204 s0750/1030] loss = 0.729603
[e204 s0800/1030] loss = 0.811382
[e204 s0850/1030] loss = 0.781253
[e204 s0900/1030] loss = 0.753660
[e204 s0950/1030] loss = 0.761056
[e204 s1000/1030] loss = 0.733241
Epoch 204: train_loss = 0.733962  MAE/GAME0 = 30.331  RMSE = 61.911  GAME1 = 31.898  GAME2 = 34.066  GAME3 = 36.272  lr = 5.70e-06  kd = 1.00  time = 15.0s
[e205 s0001/1030] loss = 0.035332
[e205 s0050/1030] loss = 1.113574
[e205 s0100/1030] loss = 0.815927
[e205 s0150/1030] loss = 0.703437
[e205 s0200/1030] loss = 0.613035
[e205 s0250/1030] loss = 0.604897
[e205 s0300/1030] loss = 0.597764
[e205 s0350/1030] loss = 0.573692
[e205 s0400/1030] loss = 0.541623
[e205 s0450/1030] loss = 0.561000
[e205 s0500/1030] loss = 0.669882
[e205 s0550/1030] loss = 0.647250
[e205 s0600/1030] loss = 0.639171
[e205 s0650/1030] loss = 0.641294
[e205 s0700/1030] loss = 0.635535
[e205 s0750/1030] loss = 0.672300
[e205 s0800/1030] loss = 0.647547
[e205 s0850/1030] loss = 0.707595
[e205 s0900/1030] loss = 0.685799
[e205 s0950/1030] loss = 0.665328
[e205 s1000/1030] loss = 0.672669
Epoch 205: train_loss = 0.661866  MAE/GAME0 = 27.509  RMSE = 60.733  GAME1 = 30.341  GAME2 = 32.961  GAME3 = 35.819  lr = 5.66e-06  kd = 1.00  time = 14.9s
[e206 s0001/1030] loss = 0.120467
[e206 s0050/1030] loss = 0.342298
[e206 s0100/1030] loss = 0.317706
[e206 s0150/1030] loss = 0.389118
[e206 s0200/1030] loss = 0.370265
[e206 s0250/1030] loss = 0.398881
[e206 s0300/1030] loss = 0.406947
[e206 s0350/1030] loss = 0.514268
[e206 s0400/1030] loss = 0.515444
[e206 s0450/1030] loss = 0.794507
[e206 s0500/1030] loss = 0.788397
[e206 s0550/1030] loss = 0.744958
[e206 s0600/1030] loss = 0.711844
[e206 s0650/1030] loss = 0.684985
[e206 s0700/1030] loss = 0.669129
[e206 s0750/1030] loss = 0.658418
[e206 s0800/1030] loss = 0.877765
[e206 s0850/1030] loss = 0.850124
[e206 s0900/1030] loss = 0.829865
[e206 s0950/1030] loss = 0.805645
[e206 s1000/1030] loss = 0.788939
Epoch 206: train_loss = 0.777094  MAE/GAME0 = 23.990  RMSE = 55.583  GAME1 = 26.707  GAME2 = 29.762  GAME3 = 32.878  lr = 5.61e-06  kd = 1.00  time = 14.9s
[e207 s0001/1030] loss = 0.001271
[e207 s0050/1030] loss = 0.295617
[e207 s0100/1030] loss = 0.842639
[e207 s0150/1030] loss = 0.666192
[e207 s0200/1030] loss = 0.650705
[e207 s0250/1030] loss = 0.584760
[e207 s0300/1030] loss = 0.581527
[e207 s0350/1030] loss = 0.569061
[e207 s0400/1030] loss = 0.542880
[e207 s0450/1030] loss = 0.531222
[e207 s0500/1030] loss = 0.527477
[e207 s0550/1030] loss = 0.528346
[e207 s0600/1030] loss = 0.512304
[e207 s0650/1030] loss = 0.736111
[e207 s0700/1030] loss = 0.707102
[e207 s0750/1030] loss = 0.821917
[e207 s0800/1030] loss = 0.822787
[e207 s0850/1030] loss = 0.796777
[e207 s0900/1030] loss = 0.772286
[e207 s0950/1030] loss = 0.748737
[e207 s1000/1030] loss = 0.747510
Epoch 207: train_loss = 0.734916  MAE/GAME0 = 27.327  RMSE = 58.282  GAME1 = 29.148  GAME2 = 31.716  GAME3 = 34.241  lr = 5.57e-06  kd = 1.00  time = 14.8s
[e208 s0001/1030] loss = 0.063935
[e208 s0050/1030] loss = 0.393762
[e208 s0100/1030] loss = 0.364641
[e208 s0150/1030] loss = 0.356581
[e208 s0200/1030] loss = 0.452831
[e208 s0250/1030] loss = 0.473201
[e208 s0300/1030] loss = 0.430207
[e208 s0350/1030] loss = 0.494320
[e208 s0400/1030] loss = 0.508068
[e208 s0450/1030] loss = 0.526674
[e208 s0500/1030] loss = 0.591052
[e208 s0550/1030] loss = 0.706239
[e208 s0600/1030] loss = 0.671271
[e208 s0650/1030] loss = 0.697699
[e208 s0700/1030] loss = 0.684758
[e208 s0750/1030] loss = 0.696631
[e208 s0800/1030] loss = 0.677342
[e208 s0850/1030] loss = 0.663578
[e208 s0900/1030] loss = 0.654421
[e208 s0950/1030] loss = 0.642754
[e208 s1000/1030] loss = 0.653829
Epoch 208: train_loss = 0.648603  MAE/GAME0 = 26.023  RMSE = 59.110  GAME1 = 29.738  GAME2 = 32.908  GAME3 = 36.171  lr = 5.53e-06  kd = 1.00  time = 15.0s
[e209 s0001/1030] loss = 0.038658
[e209 s0050/1030] loss = 0.353388
[e209 s0100/1030] loss = 0.929436
[e209 s0150/1030] loss = 0.774129
[e209 s0200/1030] loss = 0.654371
[e209 s0250/1030] loss = 0.593963
[e209 s0300/1030] loss = 0.573531
[e209 s0350/1030] loss = 0.628401
[e209 s0400/1030] loss = 0.606528
[e209 s0450/1030] loss = 1.166039
[e209 s0500/1030] loss = 1.108830
[e209 s0550/1030] loss = 1.071887
[e209 s0600/1030] loss = 1.007060
[e209 s0650/1030] loss = 0.952473
[e209 s0700/1030] loss = 0.927196
[e209 s0750/1030] loss = 0.897120
[e209 s0800/1030] loss = 0.871963
[e209 s0850/1030] loss = 0.863126
[e209 s0900/1030] loss = 0.832504
[e209 s0950/1030] loss = 0.815412
[e209 s1000/1030] loss = 0.817393
Epoch 209: train_loss = 0.818623  MAE/GAME0 = 22.053  RMSE = 56.332  GAME1 = 25.163  GAME2 = 28.395  GAME3 = 32.154  lr = 5.48e-06  kd = 1.00  time = 14.9s
[e210 s0001/1030] loss = 0.262694
[e210 s0050/1030] loss = 0.269003
[e210 s0100/1030] loss = 0.391062
[e210 s0150/1030] loss = 0.520513
[e210 s0200/1030] loss = 0.801228
[e210 s0250/1030] loss = 0.702600
[e210 s0300/1030] loss = 0.779873
[e210 s0350/1030] loss = 0.774132
[e210 s0400/1030] loss = 0.726731
[e210 s0450/1030] loss = 0.696475
[e210 s0500/1030] loss = 0.849376
[e210 s0550/1030] loss = 0.807405
[e210 s0600/1030] loss = 0.789749
[e210 s0650/1030] loss = 0.754269
[e210 s0700/1030] loss = 0.745711
[e210 s0750/1030] loss = 0.752343
[e210 s0800/1030] loss = 0.726296
[e210 s0850/1030] loss = 0.703502
[e210 s0900/1030] loss = 0.685449
[e210 s0950/1030] loss = 0.671959
[e210 s1000/1030] loss = 0.655805
Epoch 210: train_loss = 0.646838  MAE/GAME0 = 31.098  RMSE = 62.528  GAME1 = 32.798  GAME2 = 34.981  GAME3 = 37.194  lr = 5.44e-06  kd = 1.00  time = 15.0s
[e211 s0001/1030] loss = 0.113529
[e211 s0050/1030] loss = 0.602889
[e211 s0100/1030] loss = 0.557139
[e211 s0150/1030] loss = 1.258693
[e211 s0200/1030] loss = 1.022518
[e211 s0250/1030] loss = 0.972589
[e211 s0300/1030] loss = 0.944960
[e211 s0350/1030] loss = 0.864279
[e211 s0400/1030] loss = 0.878367
[e211 s0450/1030] loss = 0.841172
[e211 s0500/1030] loss = 0.817138
[e211 s0550/1030] loss = 1.112898
[e211 s0600/1030] loss = 1.056549
[e211 s0650/1030] loss = 0.998721
[e211 s0700/1030] loss = 0.959008
[e211 s0750/1030] loss = 0.941404
[e211 s0800/1030] loss = 0.918595
[e211 s0850/1030] loss = 0.882371
[e211 s0900/1030] loss = 0.857368
[e211 s0950/1030] loss = 0.832991
[e211 s1000/1030] loss = 0.827485
Epoch 211: train_loss = 0.818111  MAE/GAME0 = 36.644  RMSE = 66.762  GAME1 = 37.823  GAME2 = 39.629  GAME3 = 41.123  lr = 5.40e-06  kd = 1.00  time = 14.9s
[e212 s0001/1030] loss = 0.001952
[e212 s0050/1030] loss = 0.489945
[e212 s0100/1030] loss = 0.649463
[e212 s0150/1030] loss = 0.720181
[e212 s0200/1030] loss = 0.628740
[e212 s0250/1030] loss = 0.608079
[e212 s0300/1030] loss = 0.647041
[e212 s0350/1030] loss = 0.602669
[e212 s0400/1030] loss = 0.569822
[e212 s0450/1030] loss = 0.543849
[e212 s0500/1030] loss = 0.532412
[e212 s0550/1030] loss = 0.542165
[e212 s0600/1030] loss = 1.115106
[e212 s0650/1030] loss = 1.052537
[e212 s0700/1030] loss = 1.019781
[e212 s0750/1030] loss = 0.997121
[e212 s0800/1030] loss = 0.952651
[e212 s0850/1030] loss = 0.926441
[e212 s0900/1030] loss = 0.905217
[e212 s0950/1030] loss = 0.873051
[e212 s1000/1030] loss = 0.853369
Epoch 212: train_loss = 0.864016  MAE/GAME0 = 35.415  RMSE = 65.416  GAME1 = 36.456  GAME2 = 38.243  GAME3 = 39.785  lr = 5.35e-06  kd = 1.00  time = 14.9s
[e213 s0001/1030] loss = 0.172502
[e213 s0050/1030] loss = 0.310157
[e213 s0100/1030] loss = 0.418416
[e213 s0150/1030] loss = 0.394003
[e213 s0200/1030] loss = 0.925971
[e213 s0250/1030] loss = 0.866067
[e213 s0300/1030] loss = 0.819970
[e213 s0350/1030] loss = 0.753303
[e213 s0400/1030] loss = 0.701596
[e213 s0450/1030] loss = 0.679058
[e213 s0500/1030] loss = 0.646885
[e213 s0550/1030] loss = 0.683403
[e213 s0600/1030] loss = 0.664695
[e213 s0650/1030] loss = 0.638665
[e213 s0700/1030] loss = 0.635191
[e213 s0750/1030] loss = 0.636346
[e213 s0800/1030] loss = 0.616131
[e213 s0850/1030] loss = 0.604675
[e213 s0900/1030] loss = 0.591023
[e213 s0950/1030] loss = 0.593545
[e213 s1000/1030] loss = 0.607373
Epoch 213: train_loss = 0.599128  MAE/GAME0 = 30.202  RMSE = 61.593  GAME1 = 32.005  GAME2 = 34.279  GAME3 = 36.539  lr = 5.31e-06  kd = 1.00  time = 15.3s
[e214 s0001/1030] loss = 0.078479
[e214 s0050/1030] loss = 0.435106
[e214 s0100/1030] loss = 0.334376
[e214 s0150/1030] loss = 3.593527
[e214 s0200/1030] loss = 2.801307
[e214 s0250/1030] loss = 2.328630
[e214 s0300/1030] loss = 1.998599
[e214 s0350/1030] loss = 1.828155
[e214 s0400/1030] loss = 1.654968
[e214 s0450/1030] loss = 1.666742
[e214 s0500/1030] loss = 1.580059
[e214 s0550/1030] loss = 1.544868
[e214 s0600/1030] loss = 1.462173
[e214 s0650/1030] loss = 1.406212
[e214 s0700/1030] loss = 1.340652
[e214 s0750/1030] loss = 1.289366
[e214 s0800/1030] loss = 1.235506
[e214 s0850/1030] loss = 1.199757
[e214 s0900/1030] loss = 1.155296
[e214 s0950/1030] loss = 1.109811
[e214 s1000/1030] loss = 1.086673
Epoch 214: train_loss = 1.083944  MAE/GAME0 = 33.798  RMSE = 64.989  GAME1 = 35.531  GAME2 = 37.541  GAME3 = 39.427  lr = 5.27e-06  kd = 1.00  time = 14.8s
[e215 s0001/1030] loss = 0.167703
[e215 s0050/1030] loss = 0.239851
[e215 s0100/1030] loss = 0.304554
[e215 s0150/1030] loss = 0.316906
[e215 s0200/1030] loss = 0.678644
[e215 s0250/1030] loss = 0.584871
[e215 s0300/1030] loss = 0.656079
[e215 s0350/1030] loss = 0.652505
[e215 s0400/1030] loss = 0.630855
[e215 s0450/1030] loss = 0.698481
[e215 s0500/1030] loss = 0.741435
[e215 s0550/1030] loss = 0.743611
[e215 s0600/1030] loss = 0.751593
[e215 s0650/1030] loss = 0.722953
[e215 s0700/1030] loss = 0.708755
[e215 s0750/1030] loss = 0.692882
[e215 s0800/1030] loss = 0.690425
[e215 s0850/1030] loss = 0.674500
[e215 s0900/1030] loss = 0.664831
[e215 s0950/1030] loss = 0.653154
[e215 s1000/1030] loss = 0.662248
Epoch 215: train_loss = 0.658859  MAE/GAME0 = 33.762  RMSE = 64.924  GAME1 = 35.252  GAME2 = 37.360  GAME3 = 39.198  lr = 5.22e-06  kd = 1.00  time = 15.1s
[e216 s0001/1030] loss = 0.059172
[e216 s0050/1030] loss = 0.221972
[e216 s0100/1030] loss = 0.272271
[e216 s0150/1030] loss = 2.838475
[e216 s0200/1030] loss = 2.314363
[e216 s0250/1030] loss = 1.971279
[e216 s0300/1030] loss = 1.730861
[e216 s0350/1030] loss = 1.612691
[e216 s0400/1030] loss = 1.471351
[e216 s0450/1030] loss = 1.348810
[e216 s0500/1030] loss = 1.280413
[e216 s0550/1030] loss = 1.199406
[e216 s0600/1030] loss = 1.126638
[e216 s0650/1030] loss = 1.065249
[e216 s0700/1030] loss = 1.038889
[e216 s0750/1030] loss = 1.000818
[e216 s0800/1030] loss = 0.981608
[e216 s0850/1030] loss = 0.950090
[e216 s0900/1030] loss = 0.941273
[e216 s0950/1030] loss = 0.935558
[e216 s1000/1030] loss = 0.940766
Epoch 216: train_loss = 0.923081  MAE/GAME0 = 42.412  RMSE = 70.282  GAME1 = 43.066  GAME2 = 44.325  GAME3 = 45.150  lr = 5.18e-06  kd = 1.00  time = 14.8s
[e217 s0001/1030] loss = 0.305540
[e217 s0050/1030] loss = 1.079755
[e217 s0100/1030] loss = 0.821159
[e217 s0150/1030] loss = 0.645421
[e217 s0200/1030] loss = 0.551881
[e217 s0250/1030] loss = 1.982277
[e217 s0300/1030] loss = 1.746602
[e217 s0350/1030] loss = 1.560824
[e217 s0400/1030] loss = 1.414441
[e217 s0450/1030] loss = 1.297404
[e217 s0500/1030] loss = 1.232326
[e217 s0550/1030] loss = 1.170167
[e217 s0600/1030] loss = 1.147373
[e217 s0650/1030] loss = 1.081771
[e217 s0700/1030] loss = 1.036118
[e217 s0750/1030] loss = 0.997405
[e217 s0800/1030] loss = 0.967585
[e217 s0850/1030] loss = 0.938980
[e217 s0900/1030] loss = 0.911488
[e217 s0950/1030] loss = 0.888713
[e217 s1000/1030] loss = 0.869345
Epoch 217: train_loss = 0.883149  MAE/GAME0 = 25.603  RMSE = 57.885  GAME1 = 28.569  GAME2 = 31.645  GAME3 = 34.767  lr = 5.14e-06  kd = 1.00  time = 14.9s
[e218 s0001/1030] loss = 0.044711
[e218 s0050/1030] loss = 0.349121
[e218 s0100/1030] loss = 0.375060
[e218 s0150/1030] loss = 0.384294
[e218 s0200/1030] loss = 0.436480
[e218 s0250/1030] loss = 0.495427
[e218 s0300/1030] loss = 0.503197
[e218 s0350/1030] loss = 0.515478
[e218 s0400/1030] loss = 0.488493
[e218 s0450/1030] loss = 0.467014
[e218 s0500/1030] loss = 0.464549
[e218 s0550/1030] loss = 0.441392
[e218 s0600/1030] loss = 0.461926
[e218 s0650/1030] loss = 0.483137
[e218 s0700/1030] loss = 0.472758
[e218 s0750/1030] loss = 0.961209
[e218 s0800/1030] loss = 0.925238
[e218 s0850/1030] loss = 0.902707
[e218 s0900/1030] loss = 0.885910
[e218 s0950/1030] loss = 0.859942
[e218 s1000/1030] loss = 0.839323
Epoch 218: train_loss = 0.827774  MAE/GAME0 = 30.573  RMSE = 61.420  GAME1 = 32.087  GAME2 = 34.268  GAME3 = 36.343  lr = 5.09e-06  kd = 1.00  time = 15.0s
[e219 s0001/1030] loss = 0.964452
[e219 s0050/1030] loss = 0.994060
[e219 s0100/1030] loss = 1.836929
[e219 s0150/1030] loss = 1.356748
[e219 s0200/1030] loss = 1.126535
[e219 s0250/1030] loss = 0.999968
[e219 s0300/1030] loss = 0.921092
[e219 s0350/1030] loss = 0.892105
[e219 s0400/1030] loss = 0.843715
[e219 s0450/1030] loss = 0.786847
[e219 s0500/1030] loss = 0.754325
[e219 s0550/1030] loss = 0.754838
[e219 s0600/1030] loss = 0.742992
[e219 s0650/1030] loss = 0.703213
[e219 s0700/1030] loss = 0.671747
[e219 s0750/1030] loss = 0.659191
[e219 s0800/1030] loss = 0.703336
[e219 s0850/1030] loss = 0.684356
[e219 s0900/1030] loss = 0.664285
[e219 s0950/1030] loss = 0.729908
[e219 s1000/1030] loss = 0.709175
Epoch 219: train_loss = 0.705259  MAE/GAME0 = 32.907  RMSE = 62.845  GAME1 = 33.996  GAME2 = 35.679  GAME3 = 37.388  lr = 5.05e-06  kd = 1.00  time = 14.9s
[e220 s0001/1030] loss = 0.150128
[e220 s0050/1030] loss = 0.350026
[e220 s0100/1030] loss = 0.576580
[e220 s0150/1030] loss = 0.584124
[e220 s0200/1030] loss = 0.684013
[e220 s0250/1030] loss = 0.647690
[e220 s0300/1030] loss = 0.623146
[e220 s0350/1030] loss = 0.668244
[e220 s0400/1030] loss = 0.627798
[e220 s0450/1030] loss = 0.664631
[e220 s0500/1030] loss = 0.667740
[e220 s0550/1030] loss = 0.657836
[e220 s0600/1030] loss = 1.039960
[e220 s0650/1030] loss = 1.018203
[e220 s0700/1030] loss = 0.963083
[e220 s0750/1030] loss = 0.933225
[e220 s0800/1030] loss = 0.900396
[e220 s0850/1030] loss = 0.878019
[e220 s0900/1030] loss = 0.852099
[e220 s0950/1030] loss = 0.823181
[e220 s1000/1030] loss = 0.804820
Epoch 220: train_loss = 0.789759  MAE/GAME0 = 33.450  RMSE = 64.768  GAME1 = 35.198  GAME2 = 37.385  GAME3 = 39.338  lr = 5.00e-06  kd = 1.00  time = 14.8s
[e221 s0001/1030] loss = 0.496375
[e221 s0050/1030] loss = 0.310038
[e221 s0100/1030] loss = 0.463398
[e221 s0150/1030] loss = 0.488759
[e221 s0200/1030] loss = 0.491180
[e221 s0250/1030] loss = 0.443338
[e221 s0300/1030] loss = 0.430443
[e221 s0350/1030] loss = 0.427481
[e221 s0400/1030] loss = 0.442444
[e221 s0450/1030] loss = 0.428662
[e221 s0500/1030] loss = 0.424191
[e221 s0550/1030] loss = 0.429906
[e221 s0600/1030] loss = 0.438037
[e221 s0650/1030] loss = 0.467065
[e221 s0700/1030] loss = 0.467458
[e221 s0750/1030] loss = 0.465856
[e221 s0800/1030] loss = 0.472706
[e221 s0850/1030] loss = 0.483097
[e221 s0900/1030] loss = 0.490160
[e221 s0950/1030] loss = 0.512384
[e221 s1000/1030] loss = 0.677676
Epoch 221: train_loss = 0.673308  MAE/GAME0 = 38.000  RMSE = 68.124  GAME1 = 39.043  GAME2 = 40.690  GAME3 = 42.051  lr = 4.96e-06  kd = 1.00  time = 14.8s
[e222 s0001/1030] loss = 0.594076
[e222 s0050/1030] loss = 0.294564
[e222 s0100/1030] loss = 0.398034
[e222 s0150/1030] loss = 0.472090
[e222 s0200/1030] loss = 0.519036
[e222 s0250/1030] loss = 0.533773
[e222 s0300/1030] loss = 0.528047
[e222 s0350/1030] loss = 0.518170
[e222 s0400/1030] loss = 0.497389
[e222 s0450/1030] loss = 0.510231
[e222 s0500/1030] loss = 0.485325
[e222 s0550/1030] loss = 0.501393
[e222 s0600/1030] loss = 0.503922
[e222 s0650/1030] loss = 0.539060
[e222 s0700/1030] loss = 0.541859
[e222 s0750/1030] loss = 0.539741
[e222 s0800/1030] loss = 0.546886
[e222 s0850/1030] loss = 0.550554
[e222 s0900/1030] loss = 0.562102
[e222 s0950/1030] loss = 0.550506
[e222 s1000/1030] loss = 0.745548
Epoch 222: train_loss = 0.735563  MAE/GAME0 = 21.482  RMSE = 53.055  GAME1 = 25.189  GAME2 = 28.673  GAME3 = 32.358  lr = 4.92e-06  kd = 1.00  time = 14.8s
[e223 s0001/1030] loss = 0.217219
[e223 s0050/1030] loss = 0.914849
[e223 s0100/1030] loss = 0.740596
[e223 s0150/1030] loss = 0.672293
[e223 s0200/1030] loss = 0.602299
[e223 s0250/1030] loss = 0.540668
[e223 s0300/1030] loss = 1.421969
[e223 s0350/1030] loss = 1.309569
[e223 s0400/1030] loss = 1.185362
[e223 s0450/1030] loss = 1.098763
[e223 s0500/1030] loss = 1.031038
[e223 s0550/1030] loss = 0.985357
[e223 s0600/1030] loss = 1.024241
[e223 s0650/1030] loss = 0.979102
[e223 s0700/1030] loss = 0.943284
[e223 s0750/1030] loss = 0.939173
[e223 s0800/1030] loss = 0.908513
[e223 s0850/1030] loss = 0.876081
[e223 s0900/1030] loss = 0.842965
[e223 s0950/1030] loss = 0.826432
[e223 s1000/1030] loss = 0.818880
Epoch 223: train_loss = 0.808146  MAE/GAME0 = 37.397  RMSE = 67.112  GAME1 = 38.515  GAME2 = 40.283  GAME3 = 41.715  lr = 4.87e-06  kd = 1.00  time = 14.7s
[e224 s0001/1030] loss = 0.089097
[e224 s0050/1030] loss = 0.666623
[e224 s0100/1030] loss = 0.975702
[e224 s0150/1030] loss = 2.014196
[e224 s0200/1030] loss = 1.619799
[e224 s0250/1030] loss = 1.378206
[e224 s0300/1030] loss = 1.196657
[e224 s0350/1030] loss = 1.066811
[e224 s0400/1030] loss = 1.004011
[e224 s0450/1030] loss = 0.972098
[e224 s0500/1030] loss = 0.949034
[e224 s0550/1030] loss = 0.903755
[e224 s0600/1030] loss = 0.863505
[e224 s0650/1030] loss = 0.884227
[e224 s0700/1030] loss = 0.838463
[e224 s0750/1030] loss = 0.856509
[e224 s0800/1030] loss = 0.826664
[e224 s0850/1030] loss = 0.805058
[e224 s0900/1030] loss = 0.794778
[e224 s0950/1030] loss = 0.782122
[e224 s1000/1030] loss = 0.757694
Epoch 224: train_loss = 0.751631  MAE/GAME0 = 33.205  RMSE = 63.965  GAME1 = 34.611  GAME2 = 36.513  GAME3 = 38.369  lr = 4.83e-06  kd = 1.00  time = 14.9s
[e225 s0001/1030] loss = 0.450512
[e225 s0050/1030] loss = 0.357791
[e225 s0100/1030] loss = 0.520489
[e225 s0150/1030] loss = 0.765149
[e225 s0200/1030] loss = 0.705208
[e225 s0250/1030] loss = 0.643460
[e225 s0300/1030] loss = 0.620858
[e225 s0350/1030] loss = 0.585503
[e225 s0400/1030] loss = 0.626127
[e225 s0450/1030] loss = 0.602027
[e225 s0500/1030] loss = 0.978221
[e225 s0550/1030] loss = 0.918285
[e225 s0600/1030] loss = 0.867242
[e225 s0650/1030] loss = 0.890567
[e225 s0700/1030] loss = 0.859040
[e225 s0750/1030] loss = 0.833510
[e225 s0800/1030] loss = 0.800111
[e225 s0850/1030] loss = 0.769089
[e225 s0900/1030] loss = 0.762067
[e225 s0950/1030] loss = 0.741134
[e225 s1000/1030] loss = 0.721916
Epoch 225: train_loss = 0.709294  MAE/GAME0 = 37.427  RMSE = 67.483  GAME1 = 38.319  GAME2 = 39.735  GAME3 = 41.000  lr = 4.79e-06  kd = 1.00  time = 14.9s
[e226 s0001/1030] loss = 0.040015
[e226 s0050/1030] loss = 0.332257
[e226 s0100/1030] loss = 0.785390
[e226 s0150/1030] loss = 0.800812
[e226 s0200/1030] loss = 0.732331
[e226 s0250/1030] loss = 0.658467
[e226 s0300/1030] loss = 0.597586
[e226 s0350/1030] loss = 0.583057
[e226 s0400/1030] loss = 0.593813
[e226 s0450/1030] loss = 0.563215
[e226 s0500/1030] loss = 0.556258
[e226 s0550/1030] loss = 0.714751
[e226 s0600/1030] loss = 0.706361
[e226 s0650/1030] loss = 0.673215
[e226 s0700/1030] loss = 0.655142
[e226 s0750/1030] loss = 0.661704
[e226 s0800/1030] loss = 0.646822
[e226 s0850/1030] loss = 0.637246
[e226 s0900/1030] loss = 0.632218
[e226 s0950/1030] loss = 0.742069
[e226 s1000/1030] loss = 0.725585
Epoch 226: train_loss = 0.737600  MAE/GAME0 = 29.097  RMSE = 62.667  GAME1 = 32.599  GAME2 = 35.560  GAME3 = 38.469  lr = 4.74e-06  kd = 1.00  time = 15.1s
[e227 s0001/1030] loss = 0.252458
[e227 s0050/1030] loss = 0.624540
[e227 s0100/1030] loss = 0.514205
[e227 s0150/1030] loss = 0.465150
[e227 s0200/1030] loss = 0.481160
[e227 s0250/1030] loss = 0.474932
[e227 s0300/1030] loss = 0.642481
[e227 s0350/1030] loss = 1.346522
[e227 s0400/1030] loss = 1.214132
[e227 s0450/1030] loss = 1.155529
[e227 s0500/1030] loss = 1.087168
[e227 s0550/1030] loss = 1.033351
[e227 s0600/1030] loss = 0.966365
[e227 s0650/1030] loss = 0.996352
[e227 s0700/1030] loss = 0.972955
[e227 s0750/1030] loss = 0.944203
[e227 s0800/1030] loss = 0.905061
[e227 s0850/1030] loss = 0.883152
[e227 s0900/1030] loss = 0.852482
[e227 s0950/1030] loss = 0.837857
[e227 s1000/1030] loss = 0.816934
Epoch 227: train_loss = 0.831509  MAE/GAME0 = 28.262  RMSE = 60.839  GAME1 = 30.873  GAME2 = 33.573  GAME3 = 36.240  lr = 4.70e-06  kd = 1.00  time = 14.8s
[e228 s0001/1030] loss = 0.105010
[e228 s0050/1030] loss = 0.583203
[e228 s0100/1030] loss = 0.586475
[e228 s0150/1030] loss = 0.488105
[e228 s0200/1030] loss = 0.510800
[e228 s0250/1030] loss = 0.482862
[e228 s0300/1030] loss = 0.484686
[e228 s0350/1030] loss = 0.443859
[e228 s0400/1030] loss = 0.429288
[e228 s0450/1030] loss = 0.470748
[e228 s0500/1030] loss = 0.462135
[e228 s0550/1030] loss = 0.459557
[e228 s0600/1030] loss = 0.463408
[e228 s0650/1030] loss = 0.479499
[e228 s0700/1030] loss = 0.489611
[e228 s0750/1030] loss = 0.574650
[e228 s0800/1030] loss = 0.560153
[e228 s0850/1030] loss = 0.559964
[e228 s0900/1030] loss = 0.552095
[e228 s0950/1030] loss = 0.653169
[e228 s1000/1030] loss = 0.636924
Epoch 228: train_loss = 0.636852  MAE/GAME0 = 33.531  RMSE = 65.061  GAME1 = 35.163  GAME2 = 37.284  GAME3 = 39.219  lr = 4.66e-06  kd = 1.00  time = 14.9s
[e229 s0001/1030] loss = 0.271935
[e229 s0050/1030] loss = 0.910165
[e229 s0100/1030] loss = 1.020133
[e229 s0150/1030] loss = 0.796877
[e229 s0200/1030] loss = 0.694434
[e229 s0250/1030] loss = 0.691602
[e229 s0300/1030] loss = 0.624818
[e229 s0350/1030] loss = 1.228129
[e229 s0400/1030] loss = 1.167439
[e229 s0450/1030] loss = 1.215385
[e229 s0500/1030] loss = 1.181007
[e229 s0550/1030] loss = 1.106082
[e229 s0600/1030] loss = 1.054113
[e229 s0650/1030] loss = 1.026802
[e229 s0700/1030] loss = 0.978073
[e229 s0750/1030] loss = 0.943335
[e229 s0800/1030] loss = 0.901912
[e229 s0850/1030] loss = 0.876216
[e229 s0900/1030] loss = 0.848386
[e229 s0950/1030] loss = 0.819275
[e229 s1000/1030] loss = 0.874897
Epoch 229: train_loss = 0.861887  MAE/GAME0 = 33.747  RMSE = 65.234  GAME1 = 35.062  GAME2 = 36.829  GAME3 = 38.576  lr = 4.61e-06  kd = 1.00  time = 15.5s
[e230 s0001/1030] loss = 0.093396
[e230 s0050/1030] loss = 0.378508
[e230 s0100/1030] loss = 0.529824
[e230 s0150/1030] loss = 0.639375
[e230 s0200/1030] loss = 0.576664
[e230 s0250/1030] loss = 0.631859
[e230 s0300/1030] loss = 0.604627
[e230 s0350/1030] loss = 0.579578
[e230 s0400/1030] loss = 0.545185
[e230 s0450/1030] loss = 0.564044
[e230 s0500/1030] loss = 0.581273
[e230 s0550/1030] loss = 0.571562
[e230 s0600/1030] loss = 0.555547
[e230 s0650/1030] loss = 0.552176
[e230 s0700/1030] loss = 0.571923
[e230 s0750/1030] loss = 1.020622
[e230 s0800/1030] loss = 0.986070
[e230 s0850/1030] loss = 0.983963
[e230 s0900/1030] loss = 0.981242
[e230 s0950/1030] loss = 0.952506
[e230 s1000/1030] loss = 0.923653
Epoch 230: train_loss = 0.905583  MAE/GAME0 = 31.400  RMSE = 62.933  GAME1 = 32.900  GAME2 = 34.800  GAME3 = 36.843  lr = 4.57e-06  kd = 1.00  time = 15.2s
[e231 s0001/1030] loss = 0.215393
[e231 s0050/1030] loss = 0.319637
[e231 s0100/1030] loss = 0.350474
[e231 s0150/1030] loss = 0.363311
[e231 s0200/1030] loss = 0.340860
[e231 s0250/1030] loss = 0.406615
[e231 s0300/1030] loss = 0.542763
[e231 s0350/1030] loss = 0.602753
[e231 s0400/1030] loss = 0.585838
[e231 s0450/1030] loss = 0.570820
[e231 s0500/1030] loss = 0.736696
[e231 s0550/1030] loss = 0.699949
[e231 s0600/1030] loss = 0.665502
[e231 s0650/1030] loss = 0.703774
[e231 s0700/1030] loss = 0.701309
[e231 s0750/1030] loss = 0.710796
[e231 s0800/1030] loss = 0.704363
[e231 s0850/1030] loss = 0.677594
[e231 s0900/1030] loss = 0.679955
[e231 s0950/1030] loss = 0.688071
[e231 s1000/1030] loss = 0.697107
Epoch 231: train_loss = 0.696725  MAE/GAME0 = 26.613  RMSE = 59.212  GAME1 = 28.695  GAME2 = 31.343  GAME3 = 34.018  lr = 4.53e-06  kd = 1.00  time = 15.4s
[e232 s0001/1030] loss = 0.480237
[e232 s0050/1030] loss = 0.544111
[e232 s0100/1030] loss = 0.399078
[e232 s0150/1030] loss = 0.425736
[e232 s0200/1030] loss = 0.420700
[e232 s0250/1030] loss = 0.493035
[e232 s0300/1030] loss = 0.731187
[e232 s0350/1030] loss = 0.806294
[e232 s0400/1030] loss = 0.765855
[e232 s0450/1030] loss = 0.728072
[e232 s0500/1030] loss = 0.736960
[e232 s0550/1030] loss = 0.698747
[e232 s0600/1030] loss = 0.728205
[e232 s0650/1030] loss = 0.862306
[e232 s0700/1030] loss = 0.824947
[e232 s0750/1030] loss = 0.796453
[e232 s0800/1030] loss = 0.771295
[e232 s0850/1030] loss = 0.777764
[e232 s0900/1030] loss = 0.755451
[e232 s0950/1030] loss = 0.738386
[e232 s1000/1030] loss = 0.719368
Epoch 232: train_loss = 0.709360  MAE/GAME0 = 27.930  RMSE = 60.509  GAME1 = 30.348  GAME2 = 33.046  GAME3 = 35.772  lr = 4.48e-06  kd = 1.00  time = 15.0s
[e233 s0001/1030] loss = 0.091061
[e233 s0050/1030] loss = 0.440540
[e233 s0100/1030] loss = 0.559916
[e233 s0150/1030] loss = 0.564310
[e233 s0200/1030] loss = 0.495257
[e233 s0250/1030] loss = 0.509049
[e233 s0300/1030] loss = 0.518806
[e233 s0350/1030] loss = 0.501328
[e233 s0400/1030] loss = 0.471862
[e233 s0450/1030] loss = 0.478313
[e233 s0500/1030] loss = 0.479806
[e233 s0550/1030] loss = 0.489941
[e233 s0600/1030] loss = 0.704047
[e233 s0650/1030] loss = 0.700037
[e233 s0700/1030] loss = 0.707611
[e233 s0750/1030] loss = 0.697277
[e233 s0800/1030] loss = 0.677261
[e233 s0850/1030] loss = 0.672919
[e233 s0900/1030] loss = 0.652282
[e233 s0950/1030] loss = 0.647673
[e233 s1000/1030] loss = 0.640158
Epoch 233: train_loss = 0.638272  MAE/GAME0 = 30.391  RMSE = 62.537  GAME1 = 32.721  GAME2 = 35.091  GAME3 = 37.519  lr = 4.44e-06  kd = 1.00  time = 14.9s
[e234 s0001/1030] loss = 0.047265
[e234 s0050/1030] loss = 0.284741
[e234 s0100/1030] loss = 0.419616
[e234 s0150/1030] loss = 0.585380
[e234 s0200/1030] loss = 0.529389
[e234 s0250/1030] loss = 0.490284
[e234 s0300/1030] loss = 0.538178
[e234 s0350/1030] loss = 0.526555
[e234 s0400/1030] loss = 0.504414
[e234 s0450/1030] loss = 0.495869
[e234 s0500/1030] loss = 0.500840
[e234 s0550/1030] loss = 0.965140
[e234 s0600/1030] loss = 0.914026
[e234 s0650/1030] loss = 0.906020
[e234 s0700/1030] loss = 0.872949
[e234 s0750/1030] loss = 0.893285
[e234 s0800/1030] loss = 0.854013
[e234 s0850/1030] loss = 0.856481
[e234 s0900/1030] loss = 0.829014
[e234 s0950/1030] loss = 0.814732
[e234 s1000/1030] loss = 0.803310
Epoch 234: train_loss = 0.789076  MAE/GAME0 = 33.004  RMSE = 64.150  GAME1 = 34.503  GAME2 = 36.473  GAME3 = 38.380  lr = 4.40e-06  kd = 1.00  time = 15.0s
[e235 s0001/1030] loss = 0.187396
[e235 s0050/1030] loss = 0.563835
[e235 s0100/1030] loss = 0.606103
[e235 s0150/1030] loss = 0.590600
[e235 s0200/1030] loss = 0.579709
[e235 s0250/1030] loss = 0.595921
[e235 s0300/1030] loss = 0.561883
[e235 s0350/1030] loss = 0.564776
[e235 s0400/1030] loss = 0.607391
[e235 s0450/1030] loss = 1.301422
[e235 s0500/1030] loss = 1.262512
[e235 s0550/1030] loss = 1.196130
[e235 s0600/1030] loss = 1.139980
[e235 s0650/1030] loss = 1.114523
[e235 s0700/1030] loss = 1.083224
[e235 s0750/1030] loss = 1.028115
[e235 s0800/1030] loss = 0.990187
[e235 s0850/1030] loss = 0.957474
[e235 s0900/1030] loss = 0.928688
[e235 s0950/1030] loss = 0.912115
[e235 s1000/1030] loss = 0.897818
Epoch 235: train_loss = 0.888346  MAE/GAME0 = 32.044  RMSE = 63.348  GAME1 = 33.631  GAME2 = 35.652  GAME3 = 37.671  lr = 4.35e-06  kd = 1.00  time = 15.0s
[e236 s0001/1030] loss = 0.185472
[e236 s0050/1030] loss = 0.450329
[e236 s0100/1030] loss = 0.541607
[e236 s0150/1030] loss = 0.592385
[e236 s0200/1030] loss = 0.505107
[e236 s0250/1030] loss = 0.457837
[e236 s0300/1030] loss = 0.443043
[e236 s0350/1030] loss = 0.422066
[e236 s0400/1030] loss = 0.416647
[e236 s0450/1030] loss = 0.414547
[e236 s0500/1030] loss = 0.402109
[e236 s0550/1030] loss = 0.414298
[e236 s0600/1030] loss = 0.630610
[e236 s0650/1030] loss = 0.654370
[e236 s0700/1030] loss = 0.641885
[e236 s0750/1030] loss = 0.648140
[e236 s0800/1030] loss = 0.638991
[e236 s0850/1030] loss = 0.631422
[e236 s0900/1030] loss = 0.629464
[e236 s0950/1030] loss = 0.609779
[e236 s1000/1030] loss = 0.609203
Epoch 236: train_loss = 0.610893  MAE/GAME0 = 36.916  RMSE = 67.157  GAME1 = 38.027  GAME2 = 39.852  GAME3 = 41.356  lr = 4.31e-06  kd = 1.00  time = 15.0s
[e237 s0001/1030] loss = 0.079458
[e237 s0050/1030] loss = 7.367618
[e237 s0100/1030] loss = 3.954413
[e237 s0150/1030] loss = 2.937653
[e237 s0200/1030] loss = 2.362975
[e237 s0250/1030] loss = 2.000861
[e237 s0300/1030] loss = 1.742571
[e237 s0350/1030] loss = 1.577150
[e237 s0400/1030] loss = 1.518167
[e237 s0450/1030] loss = 1.378168
[e237 s0500/1030] loss = 1.294775
[e237 s0550/1030] loss = 1.229680
[e237 s0600/1030] loss = 1.150699
[e237 s0650/1030] loss = 1.120050
[e237 s0700/1030] loss = 1.061844
[e237 s0750/1030] loss = 1.026200
[e237 s0800/1030] loss = 0.985616
[e237 s0850/1030] loss = 0.970057
[e237 s0900/1030] loss = 0.934752
[e237 s0950/1030] loss = 0.903643
[e237 s1000/1030] loss = 0.892207
Epoch 237: train_loss = 0.879489  MAE/GAME0 = 39.035  RMSE = 67.913  GAME1 = 39.857  GAME2 = 41.329  GAME3 = 42.546  lr = 4.27e-06  kd = 1.00  time = 15.0s
[e238 s0001/1030] loss = 0.451577
[e238 s0050/1030] loss = 0.642019
[e238 s0100/1030] loss = 1.173371
[e238 s0150/1030] loss = 0.893482
[e238 s0200/1030] loss = 0.785044
[e238 s0250/1030] loss = 0.730136
[e238 s0300/1030] loss = 0.662710
[e238 s0350/1030] loss = 0.649133
[e238 s0400/1030] loss = 0.735585
[e238 s0450/1030] loss = 0.686618
[e238 s0500/1030] loss = 0.644356
[e238 s0550/1030] loss = 0.654740
[e238 s0600/1030] loss = 0.758634
[e238 s0650/1030] loss = 0.730497
[e238 s0700/1030] loss = 0.717213
[e238 s0750/1030] loss = 0.722909
[e238 s0800/1030] loss = 0.705548
[e238 s0850/1030] loss = 0.681439
[e238 s0900/1030] loss = 0.847488
[e238 s0950/1030] loss = 0.821858
[e238 s1000/1030] loss = 0.810296
Epoch 238: train_loss = 0.801783  MAE/GAME0 = 32.859  RMSE = 63.369  GAME1 = 34.064  GAME2 = 36.008  GAME3 = 37.832  lr = 4.22e-06  kd = 1.00  time = 14.8s
[e239 s0001/1030] loss = 0.020143
[e239 s0050/1030] loss = 0.428140
[e239 s0100/1030] loss = 0.672775
[e239 s0150/1030] loss = 0.638830
[e239 s0200/1030] loss = 0.669169
[e239 s0250/1030] loss = 0.621892
[e239 s0300/1030] loss = 0.719484
[e239 s0350/1030] loss = 0.729065
[e239 s0400/1030] loss = 0.768979
[e239 s0450/1030] loss = 0.742730
[e239 s0500/1030] loss = 0.704517
[e239 s0550/1030] loss = 0.674293
[e239 s0600/1030] loss = 1.226332
[e239 s0650/1030] loss = 1.160918
[e239 s0700/1030] loss = 1.113641
[e239 s0750/1030] loss = 1.087468
[e239 s0800/1030] loss = 1.052336
[e239 s0850/1030] loss = 1.017916
[e239 s0900/1030] loss = 0.974301
[e239 s0950/1030] loss = 0.961506
[e239 s1000/1030] loss = 0.929406
Epoch 239: train_loss = 0.910411  MAE/GAME0 = 36.160  RMSE = 66.340  GAME1 = 37.142  GAME2 = 38.755  GAME3 = 40.193  lr = 4.18e-06  kd = 1.00  time = 14.6s
[e240 s0001/1030] loss = 0.423097
[e240 s0050/1030] loss = 0.516915
[e240 s0100/1030] loss = 0.450063
[e240 s0150/1030] loss = 0.439113
[e240 s0200/1030] loss = 0.467381
[e240 s0250/1030] loss = 0.484730
[e240 s0300/1030] loss = 0.473933
[e240 s0350/1030] loss = 0.553845
[e240 s0400/1030] loss = 0.535579
[e240 s0450/1030] loss = 0.541052
[e240 s0500/1030] loss = 0.545287
[e240 s0550/1030] loss = 0.529367
[e240 s0600/1030] loss = 0.710252
[e240 s0650/1030] loss = 0.685466
[e240 s0700/1030] loss = 0.654513
[e240 s0750/1030] loss = 0.630087
[e240 s0800/1030] loss = 0.645898
[e240 s0850/1030] loss = 0.633634
[e240 s0900/1030] loss = 0.651450
[e240 s0950/1030] loss = 0.828966
[e240 s1000/1030] loss = 0.809962
Epoch 240: train_loss = 0.812803  MAE/GAME0 = 33.482  RMSE = 64.081  GAME1 = 34.523  GAME2 = 36.149  GAME3 = 37.802  lr = 4.14e-06  kd = 1.00  time = 14.9s
[e241 s0001/1030] loss = 0.760327
[e241 s0050/1030] loss = 0.519875
[e241 s0100/1030] loss = 0.386642
[e241 s0150/1030] loss = 0.457694
[e241 s0200/1030] loss = 0.421471
[e241 s0250/1030] loss = 0.448805
[e241 s0300/1030] loss = 0.461071
[e241 s0350/1030] loss = 0.451529
[e241 s0400/1030] loss = 0.574854
[e241 s0450/1030] loss = 0.851453
[e241 s0500/1030] loss = 0.817000
[e241 s0550/1030] loss = 0.799931
[e241 s0600/1030] loss = 0.781700
[e241 s0650/1030] loss = 0.750797
[e241 s0700/1030] loss = 0.714176
[e241 s0750/1030] loss = 0.700258
[e241 s0800/1030] loss = 0.681501
[e241 s0850/1030] loss = 0.668740
[e241 s0900/1030] loss = 0.650164
[e241 s0950/1030] loss = 0.638709
[e241 s1000/1030] loss = 0.624542
Epoch 241: train_loss = 0.661617  MAE/GAME0 = 27.539  RMSE = 60.225  GAME1 = 30.690  GAME2 = 33.900  GAME3 = 37.015  lr = 4.09e-06  kd = 1.00  time = 14.8s
[e242 s0001/1030] loss = 0.014664
[e242 s0050/1030] loss = 0.638269
[e242 s0100/1030] loss = 0.781789
[e242 s0150/1030] loss = 0.663309
[e242 s0200/1030] loss = 0.752301
[e242 s0250/1030] loss = 0.677661
[e242 s0300/1030] loss = 0.738615
[e242 s0350/1030] loss = 0.693885
[e242 s0400/1030] loss = 0.657615
[e242 s0450/1030] loss = 1.151849
[e242 s0500/1030] loss = 1.128010
[e242 s0550/1030] loss = 1.064045
[e242 s0600/1030] loss = 0.995478
[e242 s0650/1030] loss = 0.950134
[e242 s0700/1030] loss = 0.912418
[e242 s0750/1030] loss = 0.901808
[e242 s0800/1030] loss = 0.866045
[e242 s0850/1030] loss = 0.842152
[e242 s0900/1030] loss = 0.824778
[e242 s0950/1030] loss = 0.798033
[e242 s1000/1030] loss = 0.798857
Epoch 242: train_loss = 0.792039  MAE/GAME0 = 24.865  RMSE = 57.224  GAME1 = 28.075  GAME2 = 31.226  GAME3 = 34.372  lr = 4.05e-06  kd = 1.00  time = 14.9s
[e243 s0001/1030] loss = 0.088489
[e243 s0050/1030] loss = 0.503759
[e243 s0100/1030] loss = 0.617653
[e243 s0150/1030] loss = 0.557687
[e243 s0200/1030] loss = 0.708464
[e243 s0250/1030] loss = 0.650599
[e243 s0300/1030] loss = 0.674451
[e243 s0350/1030] loss = 0.653625
[e243 s0400/1030] loss = 0.630710
[e243 s0450/1030] loss = 0.592867
[e243 s0500/1030] loss = 0.576207
[e243 s0550/1030] loss = 0.551114
[e243 s0600/1030] loss = 0.587253
[e243 s0650/1030] loss = 0.567631
[e243 s0700/1030] loss = 0.566823
[e243 s0750/1030] loss = 0.581784
[e243 s0800/1030] loss = 1.010120
[e243 s0850/1030] loss = 0.980921
[e243 s0900/1030] loss = 0.948620
[e243 s0950/1030] loss = 0.924109
[e243 s1000/1030] loss = 0.899736
Epoch 243: train_loss = 0.890826  MAE/GAME0 = 40.250  RMSE = 69.243  GAME1 = 40.897  GAME2 = 42.069  GAME3 = 43.064  lr = 4.01e-06  kd = 1.00  time = 14.8s
[e244 s0001/1030] loss = 0.195741
[e244 s0050/1030] loss = 1.206479
[e244 s0100/1030] loss = 1.208069
[e244 s0150/1030] loss = 1.036955
[e244 s0200/1030] loss = 0.999120
[e244 s0250/1030] loss = 0.882577
[e244 s0300/1030] loss = 0.847318
[e244 s0350/1030] loss = 0.814942
[e244 s0400/1030] loss = 0.766380
[e244 s0450/1030] loss = 0.814563
[e244 s0500/1030] loss = 0.805749
[e244 s0550/1030] loss = 0.819457
[e244 s0600/1030] loss = 0.771999
[e244 s0650/1030] loss = 0.759221
[e244 s0700/1030] loss = 0.741758
[e244 s0750/1030] loss = 0.730494
[e244 s0800/1030] loss = 0.720653
[e244 s0850/1030] loss = 0.703998
[e244 s0900/1030] loss = 0.885047
[e244 s0950/1030] loss = 0.861943
[e244 s1000/1030] loss = 0.837740
Epoch 244: train_loss = 0.825801  MAE/GAME0 = 31.326  RMSE = 63.038  GAME1 = 32.902  GAME2 = 35.016  GAME3 = 37.098  lr = 3.97e-06  kd = 1.00  time = 14.9s
[e245 s0001/1030] loss = 0.576087
[e245 s0050/1030] loss = 0.843176
[e245 s0100/1030] loss = 0.604431
[e245 s0150/1030] loss = 0.491333
[e245 s0200/1030] loss = 0.632320
[e245 s0250/1030] loss = 0.658546
[e245 s0300/1030] loss = 0.716287
[e245 s0350/1030] loss = 0.728004
[e245 s0400/1030] loss = 0.715566
[e245 s0450/1030] loss = 0.675507
[e245 s0500/1030] loss = 0.650333
[e245 s0550/1030] loss = 0.734443
[e245 s0600/1030] loss = 0.738655
[e245 s0650/1030] loss = 0.759001
[e245 s0700/1030] loss = 0.743446
[e245 s0750/1030] loss = 0.721671
[e245 s0800/1030] loss = 0.714772
[e245 s0850/1030] loss = 0.691248
[e245 s0900/1030] loss = 0.692123
[e245 s0950/1030] loss = 0.684280
[e245 s1000/1030] loss = 0.670002
Epoch 245: train_loss = 0.660171  MAE/GAME0 = 31.855  RMSE = 63.790  GAME1 = 33.459  GAME2 = 35.509  GAME3 = 37.592  lr = 3.92e-06  kd = 1.00  time = 15.0s
[e246 s0001/1030] loss = 0.119843
[e246 s0050/1030] loss = 0.634017
[e246 s0100/1030] loss = 0.618357
[e246 s0150/1030] loss = 0.501971
[e246 s0200/1030] loss = 0.461353
[e246 s0250/1030] loss = 0.473401
[e246 s0300/1030] loss = 0.469037
[e246 s0350/1030] loss = 1.114334
[e246 s0400/1030] loss = 1.054015
[e246 s0450/1030] loss = 0.990396
[e246 s0500/1030] loss = 0.933348
[e246 s0550/1030] loss = 0.886850
[e246 s0600/1030] loss = 0.871106
[e246 s0650/1030] loss = 0.847922
[e246 s0700/1030] loss = 0.834239
[e246 s0750/1030] loss = 0.860293
[e246 s0800/1030] loss = 0.826366
[e246 s0850/1030] loss = 0.898897
[e246 s0900/1030] loss = 0.883119
[e246 s0950/1030] loss = 0.859798
[e246 s1000/1030] loss = 0.839470
Epoch 246: train_loss = 0.828995  MAE/GAME0 = 36.541  RMSE = 66.798  GAME1 = 37.641  GAME2 = 39.320  GAME3 = 40.742  lr = 3.88e-06  kd = 1.00  time = 14.8s
[e247 s0001/1030] loss = 0.109203
[e247 s0050/1030] loss = 0.407930
[e247 s0100/1030] loss = 0.419617
[e247 s0150/1030] loss = 0.384339
[e247 s0200/1030] loss = 0.461632
[e247 s0250/1030] loss = 0.551482
[e247 s0300/1030] loss = 0.524738
[e247 s0350/1030] loss = 0.474041
[e247 s0400/1030] loss = 0.487290
[e247 s0450/1030] loss = 0.486745
[e247 s0500/1030] loss = 0.468901
[e247 s0550/1030] loss = 0.463793
[e247 s0600/1030] loss = 0.462869
[e247 s0650/1030] loss = 0.813622
[e247 s0700/1030] loss = 0.791402
[e247 s0750/1030] loss = 0.782309
[e247 s0800/1030] loss = 0.768190
[e247 s0850/1030] loss = 0.741155
[e247 s0900/1030] loss = 0.736777
[e247 s0950/1030] loss = 0.722948
[e247 s1000/1030] loss = 0.701785
Epoch 247: train_loss = 0.691206  MAE/GAME0 = 41.229  RMSE = 70.167  GAME1 = 41.955  GAME2 = 43.253  GAME3 = 44.257  lr = 3.84e-06  kd = 1.00  time = 15.0s
[e248 s0001/1030] loss = 0.064549
[e248 s0050/1030] loss = 0.664886
[e248 s0100/1030] loss = 1.477364
[e248 s0150/1030] loss = 1.238374
[e248 s0200/1030] loss = 1.037318
[e248 s0250/1030] loss = 0.963440
[e248 s0300/1030] loss = 0.938856
[e248 s0350/1030] loss = 0.876053
[e248 s0400/1030] loss = 0.822185
[e248 s0450/1030] loss = 0.797654
[e248 s0500/1030] loss = 0.776190
[e248 s0550/1030] loss = 0.748214
[e248 s0600/1030] loss = 0.728886
[e248 s0650/1030] loss = 0.697391
[e248 s0700/1030] loss = 0.676299
[e248 s0750/1030] loss = 0.684664
[e248 s0800/1030] loss = 0.678393
[e248 s0850/1030] loss = 0.684693
[e248 s0900/1030] loss = 0.662990
[e248 s0950/1030] loss = 0.656778
[e248 s1000/1030] loss = 0.645039
Epoch 248: train_loss = 0.641934  MAE/GAME0 = 25.018  RMSE = 57.894  GAME1 = 27.856  GAME2 = 30.796  GAME3 = 33.865  lr = 3.80e-06  kd = 1.00  time = 15.1s
[e249 s0001/1030] loss = 0.109849
[e249 s0050/1030] loss = 0.354995
[e249 s0100/1030] loss = 1.614992
[e249 s0150/1030] loss = 1.276646
[e249 s0200/1030] loss = 1.037825
[e249 s0250/1030] loss = 0.904016
[e249 s0300/1030] loss = 0.813695
[e249 s0350/1030] loss = 0.766287
[e249 s0400/1030] loss = 0.709834
[e249 s0450/1030] loss = 0.667771
[e249 s0500/1030] loss = 0.628469
[e249 s0550/1030] loss = 0.620400
[e249 s0600/1030] loss = 0.588885
[e249 s0650/1030] loss = 0.572729
[e249 s0700/1030] loss = 0.550420
[e249 s0750/1030] loss = 0.599309
[e249 s0800/1030] loss = 0.616253
[e249 s0850/1030] loss = 0.619532
[e249 s0900/1030] loss = 0.601285
[e249 s0950/1030] loss = 0.592184
[e249 s1000/1030] loss = 0.602656
Epoch 249: train_loss = 0.590409  MAE/GAME0 = 34.876  RMSE = 63.962  GAME1 = 35.827  GAME2 = 37.373  GAME3 = 38.848  lr = 3.75e-06  kd = 1.00  time = 14.8s
[e250 s0001/1030] loss = 0.124205
[e250 s0050/1030] loss = 0.489717
[e250 s0100/1030] loss = 0.366134
[e250 s0150/1030] loss = 0.587978
[e250 s0200/1030] loss = 0.566452
[e250 s0250/1030] loss = 0.540135
[e250 s0300/1030] loss = 0.537438
[e250 s0350/1030] loss = 0.663292
[e250 s0400/1030] loss = 0.918330
[e250 s0450/1030] loss = 0.876381
[e250 s0500/1030] loss = 0.835733
[e250 s0550/1030] loss = 0.829442
[e250 s0600/1030] loss = 0.798145
[e250 s0650/1030] loss = 0.755473
[e250 s0700/1030] loss = 0.722966
[e250 s0750/1030] loss = 0.704663
[e250 s0800/1030] loss = 0.687982
[e250 s0850/1030] loss = 0.992333
[e250 s0900/1030] loss = 0.962282
[e250 s0950/1030] loss = 0.931845
[e250 s1000/1030] loss = 0.930385
Epoch 250: train_loss = 0.915616  MAE/GAME0 = 34.131  RMSE = 64.163  GAME1 = 35.294  GAME2 = 37.040  GAME3 = 38.643  lr = 3.71e-06  kd = 1.00  time = 14.9s
[e251 s0001/1030] loss = 0.546607
[e251 s0050/1030] loss = 0.362152
[e251 s0100/1030] loss = 0.638853
[e251 s0150/1030] loss = 0.814848
[e251 s0200/1030] loss = 0.718457
[e251 s0250/1030] loss = 0.675051
[e251 s0300/1030] loss = 0.743965
[e251 s0350/1030] loss = 0.700420
[e251 s0400/1030] loss = 0.665950
[e251 s0450/1030] loss = 0.631070
[e251 s0500/1030] loss = 0.606242
[e251 s0550/1030] loss = 0.644233
[e251 s0600/1030] loss = 0.613107
[e251 s0650/1030] loss = 0.596762
[e251 s0700/1030] loss = 0.611237
[e251 s0750/1030] loss = 0.604423
[e251 s0800/1030] loss = 0.586308
[e251 s0850/1030] loss = 0.573217
[e251 s0900/1030] loss = 0.558857
[e251 s0950/1030] loss = 0.661598
[e251 s1000/1030] loss = 0.651447
Epoch 251: train_loss = 0.640224  MAE/GAME0 = 30.027  RMSE = 61.558  GAME1 = 31.788  GAME2 = 34.019  GAME3 = 36.337  lr = 3.67e-06  kd = 1.00  time = 14.9s
[e252 s0001/1030] loss = 0.066422
[e252 s0050/1030] loss = 0.665533
[e252 s0100/1030] loss = 0.595201
[e252 s0150/1030] loss = 0.575600
[e252 s0200/1030] loss = 0.499271
[e252 s0250/1030] loss = 0.502811
[e252 s0300/1030] loss = 0.467174
[e252 s0350/1030] loss = 0.460479
[e252 s0400/1030] loss = 0.475267
[e252 s0450/1030] loss = 0.574338
[e252 s0500/1030] loss = 0.545922
[e252 s0550/1030] loss = 0.659653
[e252 s0600/1030] loss = 0.644095
[e252 s0650/1030] loss = 0.617558
[e252 s0700/1030] loss = 0.600717
[e252 s0750/1030] loss = 0.606156
[e252 s0800/1030] loss = 0.750668
[e252 s0850/1030] loss = 0.736573
[e252 s0900/1030] loss = 0.733843
[e252 s0950/1030] loss = 0.762063
[e252 s1000/1030] loss = 0.764308
Epoch 252: train_loss = 0.754725  MAE/GAME0 = 31.618  RMSE = 62.684  GAME1 = 33.104  GAME2 = 35.183  GAME3 = 37.218  lr = 3.63e-06  kd = 1.00  time = 14.9s
[e253 s0001/1030] loss = 0.253193
[e253 s0050/1030] loss = 0.383248
[e253 s0100/1030] loss = 0.462108
[e253 s0150/1030] loss = 0.546865
[e253 s0200/1030] loss = 0.588004
[e253 s0250/1030] loss = 0.577600
[e253 s0300/1030] loss = 0.550322
[e253 s0350/1030] loss = 0.630016
[e253 s0400/1030] loss = 0.592101
[e253 s0450/1030] loss = 0.570082
[e253 s0500/1030] loss = 0.550118
[e253 s0550/1030] loss = 0.574046
[e253 s0600/1030] loss = 0.569721
[e253 s0650/1030] loss = 0.566520
[e253 s0700/1030] loss = 0.560849
[e253 s0750/1030] loss = 0.575193
[e253 s0800/1030] loss = 0.560192
[e253 s0850/1030] loss = 0.540305
[e253 s0900/1030] loss = 0.550016
[e253 s0950/1030] loss = 0.540410
[e253 s1000/1030] loss = 0.536655
Epoch 253: train_loss = 0.574611  MAE/GAME0 = 35.206  RMSE = 65.894  GAME1 = 36.505  GAME2 = 38.306  GAME3 = 39.890  lr = 3.59e-06  kd = 1.00  time = 14.9s
[e254 s0001/1030] loss = 0.103052
[e254 s0050/1030] loss = 0.286657
[e254 s0100/1030] loss = 0.333724
[e254 s0150/1030] loss = 0.469965
[e254 s0200/1030] loss = 0.465008
[e254 s0250/1030] loss = 0.465194
[e254 s0300/1030] loss = 0.467279
[e254 s0350/1030] loss = 0.447622
[e254 s0400/1030] loss = 0.476021
[e254 s0450/1030] loss = 0.489685
[e254 s0500/1030] loss = 0.479600
[e254 s0550/1030] loss = 0.483813
[e254 s0600/1030] loss = 0.472487
[e254 s0650/1030] loss = 0.457474
[e254 s0700/1030] loss = 0.440386
[e254 s0750/1030] loss = 0.431218
[e254 s0800/1030] loss = 0.425832
[e254 s0850/1030] loss = 0.419439
[e254 s0900/1030] loss = 0.419275
[e254 s0950/1030] loss = 0.415839
[e254 s1000/1030] loss = 0.430770
Epoch 254: train_loss = 0.444838  MAE/GAME0 = 29.877  RMSE = 62.351  GAME1 = 31.749  GAME2 = 34.107  GAME3 = 36.454  lr = 3.54e-06  kd = 1.00  time = 15.0s
[e255 s0001/1030] loss = 0.158347
[e255 s0050/1030] loss = 0.520982
[e255 s0100/1030] loss = 0.573948
[e255 s0150/1030] loss = 0.539646
[e255 s0200/1030] loss = 0.506769
[e255 s0250/1030] loss = 0.465370
[e255 s0300/1030] loss = 0.447201
[e255 s0350/1030] loss = 0.460987
[e255 s0400/1030] loss = 0.457927
[e255 s0450/1030] loss = 0.447412
[e255 s0500/1030] loss = 0.529506
[e255 s0550/1030] loss = 0.513839
[e255 s0600/1030] loss = 0.504093
[e255 s0650/1030] loss = 0.534419
[e255 s0700/1030] loss = 0.553905
[e255 s0750/1030] loss = 0.550562
[e255 s0800/1030] loss = 0.552231
[e255 s0850/1030] loss = 0.541747
[e255 s0900/1030] loss = 0.560871
[e255 s0950/1030] loss = 0.552712
[e255 s1000/1030] loss = 0.540163
Epoch 255: train_loss = 0.557940  MAE/GAME0 = 30.276  RMSE = 62.117  GAME1 = 32.034  GAME2 = 34.194  GAME3 = 36.436  lr = 3.50e-06  kd = 1.00  time = 14.9s
[e256 s0001/1030] loss = 2.356471
[e256 s0050/1030] loss = 0.714636
[e256 s0100/1030] loss = 0.664029
[e256 s0150/1030] loss = 0.528128
[e256 s0200/1030] loss = 0.678351
[e256 s0250/1030] loss = 0.603529
[e256 s0300/1030] loss = 0.835648
[e256 s0350/1030] loss = 0.775692
[e256 s0400/1030] loss = 0.756433
[e256 s0450/1030] loss = 0.786699
[e256 s0500/1030] loss = 0.756054
[e256 s0550/1030] loss = 0.719189
[e256 s0600/1030] loss = 0.793534
[e256 s0650/1030] loss = 0.757153
[e256 s0700/1030] loss = 0.729174
[e256 s0750/1030] loss = 0.718531
[e256 s0800/1030] loss = 0.716723
[e256 s0850/1030] loss = 0.709658
[e256 s0900/1030] loss = 0.698556
[e256 s0950/1030] loss = 0.683937
[e256 s1000/1030] loss = 0.668593
Epoch 256: train_loss = 0.671747  MAE/GAME0 = 27.612  RMSE = 60.458  GAME1 = 29.813  GAME2 = 32.430  GAME3 = 35.020  lr = 3.46e-06  kd = 1.00  time = 15.1s
[e257 s0001/1030] loss = 0.118316
[e257 s0050/1030] loss = 0.622917
[e257 s0100/1030] loss = 0.496424
[e257 s0150/1030] loss = 0.468268
[e257 s0200/1030] loss = 0.457267
[e257 s0250/1030] loss = 0.554635
[e257 s0300/1030] loss = 0.537774
[e257 s0350/1030] loss = 1.139082
[e257 s0400/1030] loss = 1.032289
[e257 s0450/1030] loss = 0.965782
[e257 s0500/1030] loss = 0.938022
[e257 s0550/1030] loss = 0.894814
[e257 s0600/1030] loss = 0.894554
[e257 s0650/1030] loss = 0.866483
[e257 s0700/1030] loss = 0.843125
[e257 s0750/1030] loss = 0.799172
[e257 s0800/1030] loss = 0.774955
[e257 s0850/1030] loss = 0.762695
[e257 s0900/1030] loss = 0.744393
[e257 s0950/1030] loss = 0.755158
[e257 s1000/1030] loss = 0.734489
Epoch 257: train_loss = 0.722489  MAE/GAME0 = 35.926  RMSE = 66.299  GAME1 = 37.123  GAME2 = 38.943  GAME3 = 40.546  lr = 3.42e-06  kd = 1.00  time = 15.2s
[e258 s0001/1030] loss = 0.070277
[e258 s0050/1030] loss = 0.651184
[e258 s0100/1030] loss = 0.839150
[e258 s0150/1030] loss = 0.672181
[e258 s0200/1030] loss = 0.711419
[e258 s0250/1030] loss = 0.646724
[e258 s0300/1030] loss = 0.598658
[e258 s0350/1030] loss = 0.631217
[e258 s0400/1030] loss = 0.610062
[e258 s0450/1030] loss = 0.635324
[e258 s0500/1030] loss = 0.637482
[e258 s0550/1030] loss = 0.639307
[e258 s0600/1030] loss = 0.644512
[e258 s0650/1030] loss = 0.625639
[e258 s0700/1030] loss = 0.814730
[e258 s0750/1030] loss = 0.793028
[e258 s0800/1030] loss = 0.774256
[e258 s0850/1030] loss = 0.746123
[e258 s0900/1030] loss = 0.732253
[e258 s0950/1030] loss = 0.719212
[e258 s1000/1030] loss = 0.710249
Epoch 258: train_loss = 0.708000  MAE/GAME0 = 32.316  RMSE = 63.961  GAME1 = 33.992  GAME2 = 36.098  GAME3 = 38.121  lr = 3.38e-06  kd = 1.00  time = 15.2s
[e259 s0001/1030] loss = 0.803809
[e259 s0050/1030] loss = 0.905578
[e259 s0100/1030] loss = 0.618423
[e259 s0150/1030] loss = 0.566596
[e259 s0200/1030] loss = 0.539432
[e259 s0250/1030] loss = 0.524967
[e259 s0300/1030] loss = 0.556691
[e259 s0350/1030] loss = 0.582619
[e259 s0400/1030] loss = 0.588243
[e259 s0450/1030] loss = 0.604572
[e259 s0500/1030] loss = 0.567038
[e259 s0550/1030] loss = 1.241626
[e259 s0600/1030] loss = 1.178215
[e259 s0650/1030] loss = 1.152610
[e259 s0700/1030] loss = 1.088440
[e259 s0750/1030] loss = 1.045741
[e259 s0800/1030] loss = 0.997044
[e259 s0850/1030] loss = 0.972748
[e259 s0900/1030] loss = 0.947066
[e259 s0950/1030] loss = 0.924484
[e259 s1000/1030] loss = 0.895853
Epoch 259: train_loss = 0.899375  MAE/GAME0 = 36.298  RMSE = 66.132  GAME1 = 37.145  GAME2 = 38.544  GAME3 = 39.847  lr = 3.34e-06  kd = 1.00  time = 14.9s
[e260 s0001/1030] loss = 0.041442
[e260 s0050/1030] loss = 0.428894
[e260 s0100/1030] loss = 0.465408
[e260 s0150/1030] loss = 0.492531
[e260 s0200/1030] loss = 0.621226
[e260 s0250/1030] loss = 0.586799
[e260 s0300/1030] loss = 0.544340
[e260 s0350/1030] loss = 0.509991
[e260 s0400/1030] loss = 0.539639
[e260 s0450/1030] loss = 0.542231
[e260 s0500/1030] loss = 0.543347
[e260 s0550/1030] loss = 0.519357
[e260 s0600/1030] loss = 0.528154
[e260 s0650/1030] loss = 0.560398
[e260 s0700/1030] loss = 0.543451
[e260 s0750/1030] loss = 0.529236
[e260 s0800/1030] loss = 0.576718
[e260 s0850/1030] loss = 0.570300
[e260 s0900/1030] loss = 0.568504
[e260 s0950/1030] loss = 0.567872
[e260 s1000/1030] loss = 0.571568
Epoch 260: train_loss = 0.624233  MAE/GAME0 = 26.397  RMSE = 58.236  GAME1 = 28.830  GAME2 = 31.498  GAME3 = 34.320  lr = 3.30e-06  kd = 1.00  time = 15.0s
[e261 s0001/1030] loss = 0.922352
[e261 s0050/1030] loss = 0.751979
[e261 s0100/1030] loss = 0.735285
[e261 s0150/1030] loss = 0.592203
[e261 s0200/1030] loss = 2.335742
[e261 s0250/1030] loss = 2.041036
[e261 s0300/1030] loss = 1.763141
[e261 s0350/1030] loss = 1.598143
[e261 s0400/1030] loss = 1.475848
[e261 s0450/1030] loss = 1.364736
[e261 s0500/1030] loss = 1.303899
[e261 s0550/1030] loss = 1.222346
[e261 s0600/1030] loss = 1.151657
[e261 s0650/1030] loss = 1.099450
[e261 s0700/1030] loss = 1.045909
[e261 s0750/1030] loss = 0.993300
[e261 s0800/1030] loss = 0.962156
[e261 s0850/1030] loss = 0.919594
[e261 s0900/1030] loss = 0.907809
[e261 s0950/1030] loss = 0.878865
[e261 s1000/1030] loss = 0.903944
Epoch 261: train_loss = 0.884475  MAE/GAME0 = 40.438  RMSE = 69.385  GAME1 = 41.111  GAME2 = 42.374  GAME3 = 43.338  lr = 3.26e-06  kd = 1.00  time = 14.9s
[e262 s0001/1030] loss = 3.314848
[e262 s0050/1030] loss = 0.462858
[e262 s0100/1030] loss = 0.389967
[e262 s0150/1030] loss = 0.431412
[e262 s0200/1030] loss = 0.446849
[e262 s0250/1030] loss = 0.443945
[e262 s0300/1030] loss = 0.490330
[e262 s0350/1030] loss = 0.522939
[e262 s0400/1030] loss = 0.543602
[e262 s0450/1030] loss = 0.694924
[e262 s0500/1030] loss = 0.655725
[e262 s0550/1030] loss = 0.636116
[e262 s0600/1030] loss = 0.629962
[e262 s0650/1030] loss = 0.668829
[e262 s0700/1030] loss = 0.729090
[e262 s0750/1030] loss = 0.717021
[e262 s0800/1030] loss = 0.696245
[e262 s0850/1030] loss = 0.675025
[e262 s0900/1030] loss = 0.664510
[e262 s0950/1030] loss = 0.738457
[e262 s1000/1030] loss = 0.714860
Epoch 262: train_loss = 0.704452  MAE/GAME0 = 36.087  RMSE = 66.227  GAME1 = 37.076  GAME2 = 38.654  GAME3 = 40.054  lr = 3.21e-06  kd = 1.00  time = 14.8s
[e263 s0001/1030] loss = 1.029680
[e263 s0050/1030] loss = 0.643723
[e263 s0100/1030] loss = 0.782094
[e263 s0150/1030] loss = 0.641056
[e263 s0200/1030] loss = 0.580414
[e263 s0250/1030] loss = 0.639201
[e263 s0300/1030] loss = 0.685858
[e263 s0350/1030] loss = 0.696570
[e263 s0400/1030] loss = 0.751257
[e263 s0450/1030] loss = 0.705473
[e263 s0500/1030] loss = 0.673215
[e263 s0550/1030] loss = 0.650827
[e263 s0600/1030] loss = 0.671531
[e263 s0650/1030] loss = 0.660523
[e263 s0700/1030] loss = 0.638095
[e263 s0750/1030] loss = 0.640113
[e263 s0800/1030] loss = 0.621900
[e263 s0850/1030] loss = 0.623222
[e263 s0900/1030] loss = 0.615903
[e263 s0950/1030] loss = 0.618829
[e263 s1000/1030] loss = 0.615753
Epoch 263: train_loss = 0.607317  MAE/GAME0 = 32.319  RMSE = 63.231  GAME1 = 33.822  GAME2 = 35.847  GAME3 = 37.852  lr = 3.17e-06  kd = 1.00  time = 15.1s
[e264 s0001/1030] loss = 0.061721
[e264 s0050/1030] loss = 1.824398
[e264 s0100/1030] loss = 1.108560
[e264 s0150/1030] loss = 0.960384
[e264 s0200/1030] loss = 0.810465
[e264 s0250/1030] loss = 0.747966
[e264 s0300/1030] loss = 0.682197
[e264 s0350/1030] loss = 0.691732
[e264 s0400/1030] loss = 0.666136
[e264 s0450/1030] loss = 0.667525
[e264 s0500/1030] loss = 0.665805
[e264 s0550/1030] loss = 0.670367
[e264 s0600/1030] loss = 0.669280
[e264 s0650/1030] loss = 0.639576
[e264 s0700/1030] loss = 0.626175
[e264 s0750/1030] loss = 0.658685
[e264 s0800/1030] loss = 0.649367
[e264 s0850/1030] loss = 0.631860
[e264 s0900/1030] loss = 0.617770
[e264 s0950/1030] loss = 0.619099
[e264 s1000/1030] loss = 0.617963
Epoch 264: train_loss = 0.608868  MAE/GAME0 = 32.422  RMSE = 63.932  GAME1 = 33.920  GAME2 = 35.901  GAME3 = 37.881  lr = 3.13e-06  kd = 1.00  time = 15.0s
[e265 s0001/1030] loss = 0.674695
[e265 s0050/1030] loss = 1.225175
[e265 s0100/1030] loss = 0.774492
[e265 s0150/1030] loss = 0.648150
[e265 s0200/1030] loss = 0.575597
[e265 s0250/1030] loss = 0.521285
[e265 s0300/1030] loss = 0.545162
[e265 s0350/1030] loss = 0.501239
[e265 s0400/1030] loss = 0.490022
[e265 s0450/1030] loss = 0.473916
[e265 s0500/1030] loss = 0.458385
[e265 s0550/1030] loss = 0.524281
[e265 s0600/1030] loss = 0.531246
[e265 s0650/1030] loss = 0.673778
[e265 s0700/1030] loss = 0.642144
[e265 s0750/1030] loss = 0.623835
[e265 s0800/1030] loss = 0.606670
[e265 s0850/1030] loss = 0.583684
[e265 s0900/1030] loss = 0.573537
[e265 s0950/1030] loss = 0.578791
[e265 s1000/1030] loss = 0.585945
Epoch 265: train_loss = 0.578543  MAE/GAME0 = 27.872  RMSE = 60.490  GAME1 = 30.499  GAME2 = 33.115  GAME3 = 35.872  lr = 3.09e-06  kd = 1.00  time = 14.8s
[e266 s0001/1030] loss = 0.118872
[e266 s0050/1030] loss = 0.224103
[e266 s0100/1030] loss = 0.443009
[e266 s0150/1030] loss = 0.567035
[e266 s0200/1030] loss = 0.488671
[e266 s0250/1030] loss = 0.510207
[e266 s0300/1030] loss = 0.501169
[e266 s0350/1030] loss = 0.495119
[e266 s0400/1030] loss = 0.507728
[e266 s0450/1030] loss = 0.541861
[e266 s0500/1030] loss = 0.532525
[e266 s0550/1030] loss = 0.519932
[e266 s0600/1030] loss = 0.510033
[e266 s0650/1030] loss = 0.505414
[e266 s0700/1030] loss = 0.494884
[e266 s0750/1030] loss = 0.856984
[e266 s0800/1030] loss = 0.821566
[e266 s0850/1030] loss = 0.832140
[e266 s0900/1030] loss = 0.819098
[e266 s0950/1030] loss = 0.902936
[e266 s1000/1030] loss = 0.889216
Epoch 266: train_loss = 0.870989  MAE/GAME0 = 37.851  RMSE = 67.263  GAME1 = 38.711  GAME2 = 40.198  GAME3 = 41.470  lr = 3.05e-06  kd = 1.00  time = 14.8s
[e267 s0001/1030] loss = 1.752216
[e267 s0050/1030] loss = 5.682794
[e267 s0100/1030] loss = 3.512576
[e267 s0150/1030] loss = 2.504714
[e267 s0200/1030] loss = 1.933067
[e267 s0250/1030] loss = 1.649267
[e267 s0300/1030] loss = 1.430331
[e267 s0350/1030] loss = 1.284756
[e267 s0400/1030] loss = 1.176001
[e267 s0450/1030] loss = 1.073639
[e267 s0500/1030] loss = 1.029282
[e267 s0550/1030] loss = 0.958569
[e267 s0600/1030] loss = 0.935258
[e267 s0650/1030] loss = 0.892876
[e267 s0700/1030] loss = 0.862071
[e267 s0750/1030] loss = 0.826144
[e267 s0800/1030] loss = 0.814536
[e267 s0850/1030] loss = 0.795365
[e267 s0900/1030] loss = 0.777754
[e267 s0950/1030] loss = 0.777395
[e267 s1000/1030] loss = 0.762301
Epoch 267: train_loss = 0.754395  MAE/GAME0 = 30.207  RMSE = 62.348  GAME1 = 32.120  GAME2 = 34.491  GAME3 = 36.895  lr = 3.01e-06  kd = 1.00  time = 14.8s
[e268 s0001/1030] loss = 0.220113
[e268 s0050/1030] loss = 0.435235
[e268 s0100/1030] loss = 0.701026
[e268 s0150/1030] loss = 0.661627
[e268 s0200/1030] loss = 0.619394
[e268 s0250/1030] loss = 0.544163
[e268 s0300/1030] loss = 0.528980
[e268 s0350/1030] loss = 0.656238
[e268 s0400/1030] loss = 0.616014
[e268 s0450/1030] loss = 0.603549
[e268 s0500/1030] loss = 0.605646
[e268 s0550/1030] loss = 0.579256
[e268 s0600/1030] loss = 0.577166
[e268 s0650/1030] loss = 0.582374
[e268 s0700/1030] loss = 0.564841
[e268 s0750/1030] loss = 0.550528
[e268 s0800/1030] loss = 0.920411
[e268 s0850/1030] loss = 0.921913
[e268 s0900/1030] loss = 0.891520
[e268 s0950/1030] loss = 0.862282
[e268 s1000/1030] loss = 0.842759
Epoch 268: train_loss = 0.837160  MAE/GAME0 = 26.588  RMSE = 58.056  GAME1 = 28.938  GAME2 = 31.463  GAME3 = 34.237  lr = 2.97e-06  kd = 1.00  time = 15.0s
[e269 s0001/1030] loss = 0.056443
[e269 s0050/1030] loss = 0.551260
[e269 s0100/1030] loss = 0.451268
[e269 s0150/1030] loss = 0.562108
[e269 s0200/1030] loss = 0.519502
[e269 s0250/1030] loss = 0.612044
[e269 s0300/1030] loss = 1.320032
[e269 s0350/1030] loss = 1.203937
[e269 s0400/1030] loss = 1.105331
[e269 s0450/1030] loss = 1.019169
[e269 s0500/1030] loss = 0.998513
[e269 s0550/1030] loss = 0.972542
[e269 s0600/1030] loss = 0.924173
[e269 s0650/1030] loss = 1.004265
[e269 s0700/1030] loss = 0.967118
[e269 s0750/1030] loss = 0.929503
[e269 s0800/1030] loss = 0.900052
[e269 s0850/1030] loss = 0.868204
[e269 s0900/1030] loss = 0.844275
[e269 s0950/1030] loss = 0.816694
[e269 s1000/1030] loss = 0.819210
Epoch 269: train_loss = 0.806669  MAE/GAME0 = 30.885  RMSE = 62.988  GAME1 = 32.696  GAME2 = 34.861  GAME3 = 37.135  lr = 2.93e-06  kd = 1.00  time = 14.9s
[e270 s0001/1030] loss = 0.112630
[e270 s0050/1030] loss = 0.462920
[e270 s0100/1030] loss = 0.398401
[e270 s0150/1030] loss = 0.548142
[e270 s0200/1030] loss = 0.641148
[e270 s0250/1030] loss = 0.703548
[e270 s0300/1030] loss = 0.691441
[e270 s0350/1030] loss = 0.656892
[e270 s0400/1030] loss = 0.626238
[e270 s0450/1030] loss = 0.616877
[e270 s0500/1030] loss = 0.613821
[e270 s0550/1030] loss = 0.622320
[e270 s0600/1030] loss = 0.609168
[e270 s0650/1030] loss = 0.608439
[e270 s0700/1030] loss = 0.584071
[e270 s0750/1030] loss = 0.587702
[e270 s0800/1030] loss = 0.590985
[e270 s0850/1030] loss = 0.584847
[e270 s0900/1030] loss = 0.592255
[e270 s0950/1030] loss = 0.732348
[e270 s1000/1030] loss = 0.775307
Epoch 270: train_loss = 0.758049  MAE/GAME0 = 30.077  RMSE = 62.394  GAME1 = 31.840  GAME2 = 34.185  GAME3 = 36.565  lr = 2.89e-06  kd = 1.00  time = 14.8s
[e271 s0001/1030] loss = 0.445312
[e271 s0050/1030] loss = 0.580011
[e271 s0100/1030] loss = 0.605598
[e271 s0150/1030] loss = 2.410898
[e271 s0200/1030] loss = 1.992561
[e271 s0250/1030] loss = 1.695903
[e271 s0300/1030] loss = 1.469446
[e271 s0350/1030] loss = 1.348852
[e271 s0400/1030] loss = 1.229592
[e271 s0450/1030] loss = 1.148048
[e271 s0500/1030] loss = 1.099808
[e271 s0550/1030] loss = 1.081895
[e271 s0600/1030] loss = 1.039025
[e271 s0650/1030] loss = 1.006309
[e271 s0700/1030] loss = 0.979766
[e271 s0750/1030] loss = 0.927892
[e271 s0800/1030] loss = 0.961569
[e271 s0850/1030] loss = 0.920481
[e271 s0900/1030] loss = 0.898508
[e271 s0950/1030] loss = 0.871221
[e271 s1000/1030] loss = 0.860163
Epoch 271: train_loss = 0.854486  MAE/GAME0 = 39.206  RMSE = 68.058  GAME1 = 40.005  GAME2 = 41.381  GAME3 = 42.479  lr = 2.85e-06  kd = 1.00  time = 15.2s
[e272 s0001/1030] loss = 0.951343
[e272 s0050/1030] loss = 0.238769
[e272 s0100/1030] loss = 0.623051
[e272 s0150/1030] loss = 0.618664
[e272 s0200/1030] loss = 0.589945
[e272 s0250/1030] loss = 0.614977
[e272 s0300/1030] loss = 0.780323
[e272 s0350/1030] loss = 0.745387
[e272 s0400/1030] loss = 0.720544
[e272 s0450/1030] loss = 0.711412
[e272 s0500/1030] loss = 0.685512
[e272 s0550/1030] loss = 0.647987
[e272 s0600/1030] loss = 0.636746
[e272 s0650/1030] loss = 0.620207
[e272 s0700/1030] loss = 0.600037
[e272 s0750/1030] loss = 0.633095
[e272 s0800/1030] loss = 0.611527
[e272 s0850/1030] loss = 0.606298
[e272 s0900/1030] loss = 0.606636
[e272 s0950/1030] loss = 0.614491
[e272 s1000/1030] loss = 0.711767
Epoch 272: train_loss = 0.707942  MAE/GAME0 = 37.856  RMSE = 66.949  GAME1 = 38.656  GAME2 = 39.915  GAME3 = 41.037  lr = 2.82e-06  kd = 1.00  time = 15.0s
[e273 s0001/1030] loss = 0.482951
[e273 s0050/1030] loss = 0.603345
[e273 s0100/1030] loss = 0.665350
[e273 s0150/1030] loss = 0.617094
[e273 s0200/1030] loss = 0.543176
[e273 s0250/1030] loss = 0.661707
[e273 s0300/1030] loss = 0.694861
[e273 s0350/1030] loss = 0.650793
[e273 s0400/1030] loss = 0.614929
[e273 s0450/1030] loss = 0.585672
[e273 s0500/1030] loss = 0.582211
[e273 s0550/1030] loss = 0.574215
[e273 s0600/1030] loss = 0.551104
[e273 s0650/1030] loss = 0.661732
[e273 s0700/1030] loss = 0.649509
[e273 s0750/1030] loss = 0.629794
[e273 s0800/1030] loss = 0.609149
[e273 s0850/1030] loss = 0.918549
[e273 s0900/1030] loss = 0.906406
[e273 s0950/1030] loss = 0.895597
[e273 s1000/1030] loss = 0.868148
Epoch 273: train_loss = 0.855880  MAE/GAME0 = 37.725  RMSE = 67.159  GAME1 = 38.538  GAME2 = 39.916  GAME3 = 41.124  lr = 2.78e-06  kd = 1.00  time = 15.1s
[e274 s0001/1030] loss = 0.320228
[e274 s0050/1030] loss = 0.377522
[e274 s0100/1030] loss = 0.378842
[e274 s0150/1030] loss = 0.370012
[e274 s0200/1030] loss = 0.403009
[e274 s0250/1030] loss = 0.413974
[e274 s0300/1030] loss = 0.467627
[e274 s0350/1030] loss = 0.465157
[e274 s0400/1030] loss = 0.450884
[e274 s0450/1030] loss = 0.642842
[e274 s0500/1030] loss = 0.634462
[e274 s0550/1030] loss = 0.609350
[e274 s0600/1030] loss = 0.601011
[e274 s0650/1030] loss = 0.600415
[e274 s0700/1030] loss = 0.633002
[e274 s0750/1030] loss = 0.614882
[e274 s0800/1030] loss = 0.617609
[e274 s0850/1030] loss = 0.624419
[e274 s0900/1030] loss = 0.615461
[e274 s0950/1030] loss = 0.614412
[e274 s1000/1030] loss = 0.871661
Epoch 274: train_loss = 0.858264  MAE/GAME0 = 31.844  RMSE = 63.531  GAME1 = 33.592  GAME2 = 35.838  GAME3 = 37.971  lr = 2.74e-06  kd = 1.00  time = 15.2s
[e275 s0001/1030] loss = 0.013671
[e275 s0050/1030] loss = 0.417257
[e275 s0100/1030] loss = 0.402036
[e275 s0150/1030] loss = 0.444153
[e275 s0200/1030] loss = 0.537656
[e275 s0250/1030] loss = 0.655637
[e275 s0300/1030] loss = 0.648221
[e275 s0350/1030] loss = 0.631715
[e275 s0400/1030] loss = 0.625605
[e275 s0450/1030] loss = 1.022660
[e275 s0500/1030] loss = 0.960311
[e275 s0550/1030] loss = 0.955210
[e275 s0600/1030] loss = 0.934314
[e275 s0650/1030] loss = 0.877116
[e275 s0700/1030] loss = 0.843891
[e275 s0750/1030] loss = 0.826108
[e275 s0800/1030] loss = 0.805142
[e275 s0850/1030] loss = 0.774535
[e275 s0900/1030] loss = 0.757087
[e275 s0950/1030] loss = 0.743258
[e275 s1000/1030] loss = 0.723530
Epoch 275: train_loss = 0.715962  MAE/GAME0 = 21.607  RMSE = 54.686  GAME1 = 25.373  GAME2 = 28.717  GAME3 = 32.467  lr = 2.70e-06  kd = 1.00  time = 14.9s
[e276 s0001/1030] loss = 0.055738
[e276 s0050/1030] loss = 0.632812
[e276 s0100/1030] loss = 0.710358
[e276 s0150/1030] loss = 0.725437
[e276 s0200/1030] loss = 0.685878
[e276 s0250/1030] loss = 0.624641
[e276 s0300/1030] loss = 0.642132
[e276 s0350/1030] loss = 0.608758
[e276 s0400/1030] loss = 0.568110
[e276 s0450/1030] loss = 0.556043
[e276 s0500/1030] loss = 0.568274
[e276 s0550/1030] loss = 0.544134
[e276 s0600/1030] loss = 0.525014
[e276 s0650/1030] loss = 0.509470
[e276 s0700/1030] loss = 0.507807
[e276 s0750/1030] loss = 0.486069
[e276 s0800/1030] loss = 0.491894
[e276 s0850/1030] loss = 0.492016
[e276 s0900/1030] loss = 0.496562
[e276 s0950/1030] loss = 0.501771
[e276 s1000/1030] loss = 0.495610
Epoch 276: train_loss = 0.491019  MAE/GAME0 = 36.432  RMSE = 66.697  GAME1 = 37.519  GAME2 = 39.135  GAME3 = 40.550  lr = 2.66e-06  kd = 1.00  time = 15.1s
[e277 s0001/1030] loss = 0.121988
[e277 s0050/1030] loss = 0.365481
[e277 s0100/1030] loss = 0.397938
[e277 s0150/1030] loss = 0.374543
[e277 s0200/1030] loss = 0.460137
[e277 s0250/1030] loss = 0.441133
[e277 s0300/1030] loss = 0.551720
[e277 s0350/1030] loss = 0.567878
[e277 s0400/1030] loss = 0.520977
[e277 s0450/1030] loss = 0.526422
[e277 s0500/1030] loss = 0.663767
[e277 s0550/1030] loss = 0.661614
[e277 s0600/1030] loss = 0.675988
[e277 s0650/1030] loss = 0.654796
[e277 s0700/1030] loss = 0.644331
[e277 s0750/1030] loss = 0.850459
[e277 s0800/1030] loss = 0.852202
[e277 s0850/1030] loss = 0.820195
[e277 s0900/1030] loss = 0.803175
[e277 s0950/1030] loss = 0.812744
[e277 s1000/1030] loss = 0.842569
Epoch 277: train_loss = 0.828579  MAE/GAME0 = 28.504  RMSE = 60.208  GAME1 = 30.712  GAME2 = 33.387  GAME3 = 35.949  lr = 2.62e-06  kd = 1.00  time = 15.0s
[e278 s0001/1030] loss = 0.353318
[e278 s0050/1030] loss = 0.355540
[e278 s0100/1030] loss = 0.443786
[e278 s0150/1030] loss = 0.486795
[e278 s0200/1030] loss = 0.502220
[e278 s0250/1030] loss = 1.467838
[e278 s0300/1030] loss = 1.511212
[e278 s0350/1030] loss = 1.379336
[e278 s0400/1030] loss = 1.362662
[e278 s0450/1030] loss = 1.261056
[e278 s0500/1030] loss = 1.200294
[e278 s0550/1030] loss = 1.177534
[e278 s0600/1030] loss = 1.105110
[e278 s0650/1030] loss = 1.042530
[e278 s0700/1030] loss = 0.998819
[e278 s0750/1030] loss = 0.947447
[e278 s0800/1030] loss = 0.950306
[e278 s0850/1030] loss = 0.911749
[e278 s0900/1030] loss = 0.903523
[e278 s0950/1030] loss = 0.874770
[e278 s1000/1030] loss = 0.858082
Epoch 278: train_loss = 0.888419  MAE/GAME0 = 29.486  RMSE = 61.892  GAME1 = 31.731  GAME2 = 34.239  GAME3 = 36.763  lr = 2.58e-06  kd = 1.00  time = 14.9s
[e279 s0001/1030] loss = 0.124829
[e279 s0050/1030] loss = 0.407876
[e279 s0100/1030] loss = 0.404824
[e279 s0150/1030] loss = 1.000330
[e279 s0200/1030] loss = 0.812434
[e279 s0250/1030] loss = 0.736998
[e279 s0300/1030] loss = 0.713738
[e279 s0350/1030] loss = 0.667404
[e279 s0400/1030] loss = 0.684766
[e279 s0450/1030] loss = 0.683397
[e279 s0500/1030] loss = 0.721104
[e279 s0550/1030] loss = 0.708384
[e279 s0600/1030] loss = 0.674460
[e279 s0650/1030] loss = 0.655078
[e279 s0700/1030] loss = 0.686109
[e279 s0750/1030] loss = 0.786355
[e279 s0800/1030] loss = 0.755364
[e279 s0850/1030] loss = 0.746389
[e279 s0900/1030] loss = 0.733039
[e279 s0950/1030] loss = 0.708212
[e279 s1000/1030] loss = 0.694968
Epoch 279: train_loss = 0.686279  MAE/GAME0 = 31.263  RMSE = 62.255  GAME1 = 33.044  GAME2 = 35.187  GAME3 = 37.345  lr = 2.55e-06  kd = 1.00  time = 15.0s
[e280 s0001/1030] loss = 0.009876
[e280 s0050/1030] loss = 0.464399
[e280 s0100/1030] loss = 0.404037
[e280 s0150/1030] loss = 0.711368
[e280 s0200/1030] loss = 0.668948
[e280 s0250/1030] loss = 0.599868
[e280 s0300/1030] loss = 0.580612
[e280 s0350/1030] loss = 0.551518
[e280 s0400/1030] loss = 0.550015
[e280 s0450/1030] loss = 0.536315
[e280 s0500/1030] loss = 0.522654
[e280 s0550/1030] loss = 0.529193
[e280 s0600/1030] loss = 0.572922
[e280 s0650/1030] loss = 0.553632
[e280 s0700/1030] loss = 0.555636
[e280 s0750/1030] loss = 0.653949
[e280 s0800/1030] loss = 0.647958
[e280 s0850/1030] loss = 0.642998
[e280 s0900/1030] loss = 0.652337
[e280 s0950/1030] loss = 0.640894
[e280 s1000/1030] loss = 0.633849
Epoch 280: train_loss = 0.625387  MAE/GAME0 = 28.159  RMSE = 59.637  GAME1 = 30.457  GAME2 = 32.814  GAME3 = 35.389  lr = 2.51e-06  kd = 1.00  time = 15.1s
[e281 s0001/1030] loss = 0.331083
[e281 s0050/1030] loss = 0.292573
[e281 s0100/1030] loss = 1.879998
[e281 s0150/1030] loss = 1.551266
[e281 s0200/1030] loss = 1.280024
[e281 s0250/1030] loss = 1.134550
[e281 s0300/1030] loss = 1.015568
[e281 s0350/1030] loss = 0.938812
[e281 s0400/1030] loss = 0.955744
[e281 s0450/1030] loss = 0.884072
[e281 s0500/1030] loss = 0.859170
[e281 s0550/1030] loss = 0.879525
[e281 s0600/1030] loss = 0.979494
[e281 s0650/1030] loss = 0.953846
[e281 s0700/1030] loss = 0.899103
[e281 s0750/1030] loss = 0.897455
[e281 s0800/1030] loss = 0.861242
[e281 s0850/1030] loss = 0.835088
[e281 s0900/1030] loss = 0.835419
[e281 s0950/1030] loss = 0.853468
[e281 s1000/1030] loss = 0.822925
Epoch 281: train_loss = 0.811268  MAE/GAME0 = 35.498  RMSE = 65.243  GAME1 = 36.519  GAME2 = 38.190  GAME3 = 39.693  lr = 2.47e-06  kd = 1.00  time = 15.0s
[e282 s0001/1030] loss = 0.095374
[e282 s0050/1030] loss = 0.453971
[e282 s0100/1030] loss = 0.428655
[e282 s0150/1030] loss = 0.423676
[e282 s0200/1030] loss = 0.556647
[e282 s0250/1030] loss = 0.541077
[e282 s0300/1030] loss = 0.534534
[e282 s0350/1030] loss = 0.545135
[e282 s0400/1030] loss = 0.542014
[e282 s0450/1030] loss = 0.725827
[e282 s0500/1030] loss = 0.692706
[e282 s0550/1030] loss = 0.659850
[e282 s0600/1030] loss = 0.639617
[e282 s0650/1030] loss = 0.612690
[e282 s0700/1030] loss = 0.601180
[e282 s0750/1030] loss = 0.604487
[e282 s0800/1030] loss = 0.599367
[e282 s0850/1030] loss = 0.602439
[e282 s0900/1030] loss = 0.582683
[e282 s0950/1030] loss = 0.572220
[e282 s1000/1030] loss = 0.554755
Epoch 282: train_loss = 0.550439  MAE/GAME0 = 30.526  RMSE = 63.311  GAME1 = 32.621  GAME2 = 34.977  GAME3 = 37.400  lr = 2.43e-06  kd = 1.00  time = 15.0s
[e283 s0001/1030] loss = 0.215696
[e283 s0050/1030] loss = 0.516642
[e283 s0100/1030] loss = 0.518035
[e283 s0150/1030] loss = 0.566048
[e283 s0200/1030] loss = 0.554030
[e283 s0250/1030] loss = 0.544032
[e283 s0300/1030] loss = 0.520144
[e283 s0350/1030] loss = 1.176014
[e283 s0400/1030] loss = 1.089275
[e283 s0450/1030] loss = 0.995028
[e283 s0500/1030] loss = 0.948823
[e283 s0550/1030] loss = 0.892274
[e283 s0600/1030] loss = 0.865445
[e283 s0650/1030] loss = 0.826565
[e283 s0700/1030] loss = 0.809742
[e283 s0750/1030] loss = 0.783593
[e283 s0800/1030] loss = 0.772247
[e283 s0850/1030] loss = 0.747395
[e283 s0900/1030] loss = 0.756048
[e283 s0950/1030] loss = 0.764286
[e283 s1000/1030] loss = 0.744335
Epoch 283: train_loss = 0.729777  MAE/GAME0 = 34.659  RMSE = 65.739  GAME1 = 35.990  GAME2 = 37.845  GAME3 = 39.530  lr = 2.40e-06  kd = 1.00  time = 14.9s
[e284 s0001/1030] loss = 0.057354
[e284 s0050/1030] loss = 0.616444
[e284 s0100/1030] loss = 0.474467
[e284 s0150/1030] loss = 0.480531
[e284 s0200/1030] loss = 0.452819
[e284 s0250/1030] loss = 0.469591
[e284 s0300/1030] loss = 0.642637
[e284 s0350/1030] loss = 0.585848
[e284 s0400/1030] loss = 0.573756
[e284 s0450/1030] loss = 0.607494
[e284 s0500/1030] loss = 0.592549
[e284 s0550/1030] loss = 0.565197
[e284 s0600/1030] loss = 0.577021
[e284 s0650/1030] loss = 0.555746
[e284 s0700/1030] loss = 0.561691
[e284 s0750/1030] loss = 0.547707
[e284 s0800/1030] loss = 0.540177
[e284 s0850/1030] loss = 0.561697
[e284 s0900/1030] loss = 0.557199
[e284 s0950/1030] loss = 0.565929
[e284 s1000/1030] loss = 0.557513
Epoch 284: train_loss = 0.558720  MAE/GAME0 = 33.960  RMSE = 64.917  GAME1 = 35.495  GAME2 = 37.541  GAME3 = 39.406  lr = 2.36e-06  kd = 1.00  time = 14.7s
[e285 s0001/1030] loss = 0.165774
[e285 s0050/1030] loss = 0.408283
[e285 s0100/1030] loss = 0.508614
[e285 s0150/1030] loss = 0.471425
[e285 s0200/1030] loss = 1.121262
[e285 s0250/1030] loss = 0.963166
[e285 s0300/1030] loss = 0.880717
[e285 s0350/1030] loss = 0.822326
[e285 s0400/1030] loss = 0.867748
[e285 s0450/1030] loss = 0.805733
[e285 s0500/1030] loss = 0.821733
[e285 s0550/1030] loss = 0.781054
[e285 s0600/1030] loss = 0.804671
[e285 s0650/1030] loss = 0.771831
[e285 s0700/1030] loss = 0.737106
[e285 s0750/1030] loss = 0.720439
[e285 s0800/1030] loss = 0.693715
[e285 s0850/1030] loss = 0.685831
[e285 s0900/1030] loss = 0.678001
[e285 s0950/1030] loss = 0.659637
[e285 s1000/1030] loss = 0.672981
Epoch 285: train_loss = 0.662374  MAE/GAME0 = 32.426  RMSE = 63.995  GAME1 = 33.940  GAME2 = 35.920  GAME3 = 37.869  lr = 2.32e-06  kd = 1.00  time = 14.9s
[e286 s0001/1030] loss = 0.000790
[e286 s0050/1030] loss = 0.161795
[e286 s0100/1030] loss = 0.360043
[e286 s0150/1030] loss = 0.336844
[e286 s0200/1030] loss = 0.423778
[e286 s0250/1030] loss = 0.395749
[e286 s0300/1030] loss = 0.392586
[e286 s0350/1030] loss = 0.368106
[e286 s0400/1030] loss = 0.382858
[e286 s0450/1030] loss = 0.394038
[e286 s0500/1030] loss = 0.396379
[e286 s0550/1030] loss = 0.385844
[e286 s0600/1030] loss = 0.391587
[e286 s0650/1030] loss = 0.453345
[e286 s0700/1030] loss = 0.454951
[e286 s0750/1030] loss = 0.456816
[e286 s0800/1030] loss = 0.450312
[e286 s0850/1030] loss = 0.466947
[e286 s0900/1030] loss = 0.473960
[e286 s0950/1030] loss = 0.471896
[e286 s1000/1030] loss = 0.598335
Epoch 286: train_loss = 0.589345  MAE/GAME0 = 38.797  RMSE = 68.303  GAME1 = 39.492  GAME2 = 40.786  GAME3 = 41.924  lr = 2.28e-06  kd = 1.00  time = 14.7s
[e287 s0001/1030] loss = 0.040970
[e287 s0050/1030] loss = 0.627030
[e287 s0100/1030] loss = 0.605034
[e287 s0150/1030] loss = 0.585592
[e287 s0200/1030] loss = 0.511784
[e287 s0250/1030] loss = 0.542204
[e287 s0300/1030] loss = 0.510456
[e287 s0350/1030] loss = 0.530619
[e287 s0400/1030] loss = 0.624904
[e287 s0450/1030] loss = 0.605824
[e287 s0500/1030] loss = 0.609214
[e287 s0550/1030] loss = 0.607023
[e287 s0600/1030] loss = 0.582324
[e287 s0650/1030] loss = 0.589468
[e287 s0700/1030] loss = 0.585874
[e287 s0750/1030] loss = 1.064968
[e287 s0800/1030] loss = 1.022607
[e287 s0850/1030] loss = 0.988407
[e287 s0900/1030] loss = 0.949877
[e287 s0950/1030] loss = 0.939653
[e287 s1000/1030] loss = 0.929334
Epoch 287: train_loss = 0.911500  MAE/GAME0 = 34.141  RMSE = 64.789  GAME1 = 35.344  GAME2 = 37.131  GAME3 = 38.815  lr = 2.25e-06  kd = 1.00  time = 15.0s
[e288 s0001/1030] loss = 8.581440
[e288 s0050/1030] loss = 0.539887
[e288 s0100/1030] loss = 0.441712
[e288 s0150/1030] loss = 0.387894
[e288 s0200/1030] loss = 0.393403
[e288 s0250/1030] loss = 0.819068
[e288 s0300/1030] loss = 0.925697
[e288 s0350/1030] loss = 0.823074
[e288 s0400/1030] loss = 0.807299
[e288 s0450/1030] loss = 0.748883
[e288 s0500/1030] loss = 0.706323
[e288 s0550/1030] loss = 0.673272
[e288 s0600/1030] loss = 0.654488
[e288 s0650/1030] loss = 0.659870
[e288 s0700/1030] loss = 0.647335
[e288 s0750/1030] loss = 0.642022
[e288 s0800/1030] loss = 0.630971
[e288 s0850/1030] loss = 0.643793
[e288 s0900/1030] loss = 0.624247
[e288 s0950/1030] loss = 0.605389
[e288 s1000/1030] loss = 0.592760
Epoch 288: train_loss = 0.589073  MAE/GAME0 = 27.777  RMSE = 60.055  GAME1 = 30.653  GAME2 = 33.351  GAME3 = 36.206  lr = 2.21e-06  kd = 1.00  time = 14.8s
[e289 s0001/1030] loss = 0.209841
[e289 s0050/1030] loss = 1.380005
[e289 s0100/1030] loss = 0.954072
[e289 s0150/1030] loss = 0.868544
[e289 s0200/1030] loss = 0.754854
[e289 s0250/1030] loss = 0.686731
[e289 s0300/1030] loss = 0.742604
[e289 s0350/1030] loss = 0.700704
[e289 s0400/1030] loss = 0.659015
[e289 s0450/1030] loss = 0.626147
[e289 s0500/1030] loss = 0.603991
[e289 s0550/1030] loss = 0.629388
[e289 s0600/1030] loss = 0.633372
[e289 s0650/1030] loss = 0.613540
[e289 s0700/1030] loss = 0.601976
[e289 s0750/1030] loss = 0.581837
[e289 s0800/1030] loss = 0.764725
[e289 s0850/1030] loss = 0.742683
[e289 s0900/1030] loss = 0.769859
[e289 s0950/1030] loss = 0.969635
[e289 s1000/1030] loss = 0.949964
Epoch 289: train_loss = 0.930419  MAE/GAME0 = 33.848  RMSE = 64.595  GAME1 = 35.013  GAME2 = 36.771  GAME3 = 38.444  lr = 2.18e-06  kd = 1.00  time = 15.1s
[e290 s0001/1030] loss = 0.377182
[e290 s0050/1030] loss = 4.219027
[e290 s0100/1030] loss = 2.365579
[e290 s0150/1030] loss = 1.698204
[e290 s0200/1030] loss = 1.371494
[e290 s0250/1030] loss = 1.201032
[e290 s0300/1030] loss = 1.090733
[e290 s0350/1030] loss = 1.014978
[e290 s0400/1030] loss = 0.949411
[e290 s0450/1030] loss = 0.943466
[e290 s0500/1030] loss = 0.897963
[e290 s0550/1030] loss = 0.840647
[e290 s0600/1030] loss = 0.785483
[e290 s0650/1030] loss = 0.758496
[e290 s0700/1030] loss = 0.752290
[e290 s0750/1030] loss = 0.729278
[e290 s0800/1030] loss = 0.719055
[e290 s0850/1030] loss = 0.692674
[e290 s0900/1030] loss = 0.693021
[e290 s0950/1030] loss = 0.681967
[e290 s1000/1030] loss = 0.673169
Epoch 290: train_loss = 0.663169  MAE/GAME0 = 27.716  RMSE = 60.922  GAME1 = 30.250  GAME2 = 32.782  GAME3 = 35.544  lr = 2.14e-06  kd = 1.00  time = 15.1s
[e291 s0001/1030] loss = 0.260104
[e291 s0050/1030] loss = 0.698384
[e291 s0100/1030] loss = 0.580031
[e291 s0150/1030] loss = 0.465379
[e291 s0200/1030] loss = 0.519125
[e291 s0250/1030] loss = 0.508558
[e291 s0300/1030] loss = 0.489941
[e291 s0350/1030] loss = 0.497752
[e291 s0400/1030] loss = 0.487673
[e291 s0450/1030] loss = 0.497334
[e291 s0500/1030] loss = 0.515441
[e291 s0550/1030] loss = 0.529267
[e291 s0600/1030] loss = 0.527800
[e291 s0650/1030] loss = 0.518127
[e291 s0700/1030] loss = 0.508697
[e291 s0750/1030] loss = 0.503327
[e291 s0800/1030] loss = 0.493150
[e291 s0850/1030] loss = 0.497341
[e291 s0900/1030] loss = 0.669265
[e291 s0950/1030] loss = 0.657172
[e291 s1000/1030] loss = 0.649061
Epoch 291: train_loss = 0.646840  MAE/GAME0 = 29.353  RMSE = 61.112  GAME1 = 31.002  GAME2 = 33.195  GAME3 = 35.449  lr = 2.10e-06  kd = 1.00  time = 14.9s
[e292 s0001/1030] loss = 0.640076
[e292 s0050/1030] loss = 0.642180
[e292 s0100/1030] loss = 0.527053
[e292 s0150/1030] loss = 0.472235
[e292 s0200/1030] loss = 0.439760
[e292 s0250/1030] loss = 0.541403
[e292 s0300/1030] loss = 0.498115
[e292 s0350/1030] loss = 0.490619
[e292 s0400/1030] loss = 0.522040
[e292 s0450/1030] loss = 0.515149
[e292 s0500/1030] loss = 0.522833
[e292 s0550/1030] loss = 0.526395
[e292 s0600/1030] loss = 0.536143
[e292 s0650/1030] loss = 0.710267
[e292 s0700/1030] loss = 0.688748
[e292 s0750/1030] loss = 0.664271
[e292 s0800/1030] loss = 0.642247
[e292 s0850/1030] loss = 0.651787
[e292 s0900/1030] loss = 0.649868
[e292 s0950/1030] loss = 0.637036
[e292 s1000/1030] loss = 0.615251
Epoch 292: train_loss = 0.622471  MAE/GAME0 = 30.685  RMSE = 62.061  GAME1 = 32.131  GAME2 = 34.206  GAME3 = 36.328  lr = 2.07e-06  kd = 1.00  time = 14.9s
[e293 s0001/1030] loss = 3.109357
[e293 s0050/1030] loss = 0.463249
[e293 s0100/1030] loss = 0.339153
[e293 s0150/1030] loss = 0.334834
[e293 s0200/1030] loss = 0.383372
[e293 s0250/1030] loss = 0.465161
[e293 s0300/1030] loss = 0.530579
[e293 s0350/1030] loss = 0.523572
[e293 s0400/1030] loss = 0.508179
[e293 s0450/1030] loss = 0.489170
[e293 s0500/1030] loss = 0.506342
[e293 s0550/1030] loss = 0.518102
[e293 s0600/1030] loss = 0.494191
[e293 s0650/1030] loss = 0.513848
[e293 s0700/1030] loss = 0.500092
[e293 s0750/1030] loss = 0.501867
[e293 s0800/1030] loss = 0.491500
[e293 s0850/1030] loss = 0.503552
[e293 s0900/1030] loss = 0.493713
[e293 s0950/1030] loss = 0.503379
[e293 s1000/1030] loss = 0.825689
Epoch 293: train_loss = 0.820439  MAE/GAME0 = 30.265  RMSE = 62.475  GAME1 = 31.942  GAME2 = 34.158  GAME3 = 36.414  lr = 2.03e-06  kd = 1.00  time = 15.0s
[e294 s0001/1030] loss = 0.300412
[e294 s0050/1030] loss = 0.383793
[e294 s0100/1030] loss = 0.437774
[e294 s0150/1030] loss = 0.494751
[e294 s0200/1030] loss = 0.472514
[e294 s0250/1030] loss = 0.437012
[e294 s0300/1030] loss = 0.546783
[e294 s0350/1030] loss = 0.565992
[e294 s0400/1030] loss = 0.589927
[e294 s0450/1030] loss = 0.590799
[e294 s0500/1030] loss = 0.586801
[e294 s0550/1030] loss = 0.595233
[e294 s0600/1030] loss = 0.632603
[e294 s0650/1030] loss = 0.650588
[e294 s0700/1030] loss = 0.930216
[e294 s0750/1030] loss = 0.906418
[e294 s0800/1030] loss = 0.878327
[e294 s0850/1030] loss = 0.860377
[e294 s0900/1030] loss = 0.836476
[e294 s0950/1030] loss = 0.819558
[e294 s1000/1030] loss = 0.802548
Epoch 294: train_loss = 0.793210  MAE/GAME0 = 32.812  RMSE = 63.375  GAME1 = 33.889  GAME2 = 35.545  GAME3 = 37.277  lr = 2.00e-06  kd = 1.00  time = 15.1s
[e295 s0001/1030] loss = 0.137618
[e295 s0050/1030] loss = 1.157958
[e295 s0100/1030] loss = 0.914735
[e295 s0150/1030] loss = 0.761433
[e295 s0200/1030] loss = 0.671632
[e295 s0250/1030] loss = 0.684497
[e295 s0300/1030] loss = 0.628000
[e295 s0350/1030] loss = 0.631806
[e295 s0400/1030] loss = 0.626560
[e295 s0450/1030] loss = 0.599350
[e295 s0500/1030] loss = 0.586055
[e295 s0550/1030] loss = 0.582258
[e295 s0600/1030] loss = 1.077840
[e295 s0650/1030] loss = 1.043894
[e295 s0700/1030] loss = 0.994565
[e295 s0750/1030] loss = 0.960573
[e295 s0800/1030] loss = 0.918219
[e295 s0850/1030] loss = 0.895254
[e295 s0900/1030] loss = 0.862928
[e295 s0950/1030] loss = 0.855013
[e295 s1000/1030] loss = 0.843080
Epoch 295: train_loss = 0.837427  MAE/GAME0 = 28.204  RMSE = 61.107  GAME1 = 30.237  GAME2 = 32.643  GAME3 = 35.216  lr = 1.96e-06  kd = 1.00  time = 14.9s
[e296 s0001/1030] loss = 0.059661
[e296 s0050/1030] loss = 0.735773
[e296 s0100/1030] loss = 0.700416
[e296 s0150/1030] loss = 0.879858
[e296 s0200/1030] loss = 0.776142
[e296 s0250/1030] loss = 1.023181
[e296 s0300/1030] loss = 0.899886
[e296 s0350/1030] loss = 0.822782
[e296 s0400/1030] loss = 0.779066
[e296 s0450/1030] loss = 0.754335
[e296 s0500/1030] loss = 0.725747
[e296 s0550/1030] loss = 0.688378
[e296 s0600/1030] loss = 0.675753
[e296 s0650/1030] loss = 0.643477
[e296 s0700/1030] loss = 0.627011
[e296 s0750/1030] loss = 0.625330
[e296 s0800/1030] loss = 0.613164
[e296 s0850/1030] loss = 0.612988
[e296 s0900/1030] loss = 0.615355
[e296 s0950/1030] loss = 0.604947
[e296 s1000/1030] loss = 0.591215
Epoch 296: train_loss = 0.591696  MAE/GAME0 = 35.919  RMSE = 66.163  GAME1 = 36.932  GAME2 = 38.459  GAME3 = 39.845  lr = 1.93e-06  kd = 1.00  time = 15.4s
[e297 s0001/1030] loss = 0.906115
[e297 s0050/1030] loss = 0.220531
[e297 s0100/1030] loss = 0.317898
[e297 s0150/1030] loss = 0.460120
[e297 s0200/1030] loss = 0.542842
[e297 s0250/1030] loss = 0.819796
[e297 s0300/1030] loss = 0.773679
[e297 s0350/1030] loss = 0.733950
[e297 s0400/1030] loss = 0.684752
[e297 s0450/1030] loss = 0.680619
[e297 s0500/1030] loss = 0.691666
[e297 s0550/1030] loss = 0.692043
[e297 s0600/1030] loss = 0.702751
[e297 s0650/1030] loss = 0.714100
[e297 s0700/1030] loss = 0.685949
[e297 s0750/1030] loss = 0.705994
[e297 s0800/1030] loss = 0.792382
[e297 s0850/1030] loss = 0.812655
[e297 s0900/1030] loss = 0.804545
[e297 s0950/1030] loss = 0.808294
[e297 s1000/1030] loss = 0.830769
Epoch 297: train_loss = 0.812453  MAE/GAME0 = 35.586  RMSE = 65.880  GAME1 = 36.698  GAME2 = 38.357  GAME3 = 39.824  lr = 1.90e-06  kd = 1.00  time = 15.1s
[e298 s0001/1030] loss = 0.054139
[e298 s0050/1030] loss = 0.680492
[e298 s0100/1030] loss = 0.581535
[e298 s0150/1030] loss = 0.520064
[e298 s0200/1030] loss = 0.457742
[e298 s0250/1030] loss = 0.434283
[e298 s0300/1030] loss = 1.644030
[e298 s0350/1030] loss = 1.530968
[e298 s0400/1030] loss = 1.424923
[e298 s0450/1030] loss = 1.311748
[e298 s0500/1030] loss = 1.216434
[e298 s0550/1030] loss = 1.165712
[e298 s0600/1030] loss = 1.090670
[e298 s0650/1030] loss = 1.078008
[e298 s0700/1030] loss = 1.046242
[e298 s0750/1030] loss = 1.005652
[e298 s0800/1030] loss = 0.968869
[e298 s0850/1030] loss = 0.929936
[e298 s0900/1030] loss = 0.900556
[e298 s0950/1030] loss = 0.881184
[e298 s1000/1030] loss = 0.862988
Epoch 298: train_loss = 0.861339  MAE/GAME0 = 24.042  RMSE = 57.149  GAME1 = 27.074  GAME2 = 30.025  GAME3 = 33.343  lr = 1.86e-06  kd = 1.00  time = 15.1s
[e299 s0001/1030] loss = 0.289335
[e299 s0050/1030] loss = 0.371623
[e299 s0100/1030] loss = 0.650964
[e299 s0150/1030] loss = 0.888420
[e299 s0200/1030] loss = 0.846209
[e299 s0250/1030] loss = 0.752052
[e299 s0300/1030] loss = 0.684575
[e299 s0350/1030] loss = 0.652859
[e299 s0400/1030] loss = 0.621960
[e299 s0450/1030] loss = 0.729271
[e299 s0500/1030] loss = 0.693959
[e299 s0550/1030] loss = 0.654489
[e299 s0600/1030] loss = 0.626445
[e299 s0650/1030] loss = 0.698717
[e299 s0700/1030] loss = 0.677686
[e299 s0750/1030] loss = 0.669073
[e299 s0800/1030] loss = 0.664750
[e299 s0850/1030] loss = 0.647257
[e299 s0900/1030] loss = 0.628154
[e299 s0950/1030] loss = 0.738071
[e299 s1000/1030] loss = 0.717339
Epoch 299: train_loss = 0.714012  MAE/GAME0 = 28.806  RMSE = 60.553  GAME1 = 30.657  GAME2 = 32.924  GAME3 = 35.311  lr = 1.83e-06  kd = 1.00  time = 15.1s
[e300 s0001/1030] loss = 0.221417
[e300 s0050/1030] loss = 0.617155
[e300 s0100/1030] loss = 0.432565
[e300 s0150/1030] loss = 0.442725
[e300 s0200/1030] loss = 0.412345
[e300 s0250/1030] loss = 0.405889
[e300 s0300/1030] loss = 0.468307
[e300 s0350/1030] loss = 0.488869
[e300 s0400/1030] loss = 0.482324
[e300 s0450/1030] loss = 0.476950
[e300 s0500/1030] loss = 0.478689
[e300 s0550/1030] loss = 0.463431
[e300 s0600/1030] loss = 0.773800
[e300 s0650/1030] loss = 0.765062
[e300 s0700/1030] loss = 0.738058
[e300 s0750/1030] loss = 0.779433
[e300 s0800/1030] loss = 0.753980
[e300 s0850/1030] loss = 0.735609
[e300 s0900/1030] loss = 0.717984
[e300 s0950/1030] loss = 0.711617
[e300 s1000/1030] loss = 0.697902
Epoch 300: train_loss = 0.689345  MAE/GAME0 = 28.315  RMSE = 60.728  GAME1 = 30.275  GAME2 = 32.677  GAME3 = 35.190  lr = 1.79e-06  kd = 1.00  time = 15.0s
[e301 s0001/1030] loss = 0.089878
[e301 s0050/1030] loss = 0.415246
[e301 s0100/1030] loss = 0.575616
[e301 s0150/1030] loss = 0.534959
[e301 s0200/1030] loss = 0.732489
[e301 s0250/1030] loss = 0.731464
[e301 s0300/1030] loss = 0.742158
[e301 s0350/1030] loss = 0.668843
[e301 s0400/1030] loss = 0.622090
[e301 s0450/1030] loss = 0.609938
[e301 s0500/1030] loss = 0.629144
[e301 s0550/1030] loss = 0.638429
[e301 s0600/1030] loss = 0.646735
[e301 s0650/1030] loss = 0.688117
[e301 s0700/1030] loss = 0.666076
[e301 s0750/1030] loss = 0.669433
[e301 s0800/1030] loss = 0.639277
[e301 s0850/1030] loss = 0.623003
[e301 s0900/1030] loss = 0.603974
[e301 s0950/1030] loss = 0.594396
[e301 s1000/1030] loss = 0.657618
Epoch 301: train_loss = 0.658278  MAE/GAME0 = 32.644  RMSE = 62.977  GAME1 = 33.945  GAME2 = 35.801  GAME3 = 37.666  lr = 1.76e-06  kd = 1.00  time = 14.8s
[e302 s0001/1030] loss = 0.010313
[e302 s0050/1030] loss = 0.466214
[e302 s0100/1030] loss = 0.529810
[e302 s0150/1030] loss = 0.431146
[e302 s0200/1030] loss = 0.475323
[e302 s0250/1030] loss = 0.585508
[e302 s0300/1030] loss = 0.537656
[e302 s0350/1030] loss = 0.548913
[e302 s0400/1030] loss = 0.779174
[e302 s0450/1030] loss = 0.738418
[e302 s0500/1030] loss = 0.739069
[e302 s0550/1030] loss = 0.702126
[e302 s0600/1030] loss = 0.670727
[e302 s0650/1030] loss = 0.661979
[e302 s0700/1030] loss = 0.637975
[e302 s0750/1030] loss = 0.747535
[e302 s0800/1030] loss = 0.726305
[e302 s0850/1030] loss = 0.737789
[e302 s0900/1030] loss = 0.712764
[e302 s0950/1030] loss = 0.695140
[e302 s1000/1030] loss = 0.685944
Epoch 302: train_loss = 0.685277  MAE/GAME0 = 28.824  RMSE = 60.479  GAME1 = 30.395  GAME2 = 32.564  GAME3 = 34.860  lr = 1.73e-06  kd = 1.00  time = 14.8s
[e303 s0001/1030] loss = 0.368539
[e303 s0050/1030] loss = 0.494395
[e303 s0100/1030] loss = 0.495200
[e303 s0150/1030] loss = 0.479851
[e303 s0200/1030] loss = 0.501255
[e303 s0250/1030] loss = 0.546082
[e303 s0300/1030] loss = 0.505994
[e303 s0350/1030] loss = 0.470735
[e303 s0400/1030] loss = 0.926231
[e303 s0450/1030] loss = 0.858795
[e303 s0500/1030] loss = 0.798551
[e303 s0550/1030] loss = 0.761367
[e303 s0600/1030] loss = 0.724172
[e303 s0650/1030] loss = 0.715994
[e303 s0700/1030] loss = 0.698033
[e303 s0750/1030] loss = 0.718764
[e303 s0800/1030] loss = 0.691432
[e303 s0850/1030] loss = 0.680703
[e303 s0900/1030] loss = 0.675464
[e303 s0950/1030] loss = 0.678455
[e303 s1000/1030] loss = 0.677504
Epoch 303: train_loss = 0.668516  MAE/GAME0 = 37.002  RMSE = 67.236  GAME1 = 37.951  GAME2 = 39.447  GAME3 = 40.753  lr = 1.70e-06  kd = 1.00  time = 15.0s
[e304 s0001/1030] loss = 0.491571
[e304 s0050/1030] loss = 0.453202
[e304 s0100/1030] loss = 0.554342
[e304 s0150/1030] loss = 0.547333
[e304 s0200/1030] loss = 0.759717
[e304 s0250/1030] loss = 0.686690
[e304 s0300/1030] loss = 1.594606
[e304 s0350/1030] loss = 1.440160
[e304 s0400/1030] loss = 1.320113
[e304 s0450/1030] loss = 1.241413
[e304 s0500/1030] loss = 1.146581
[e304 s0550/1030] loss = 1.084974
[e304 s0600/1030] loss = 1.021711
[e304 s0650/1030] loss = 0.965886
[e304 s0700/1030] loss = 0.965673
[e304 s0750/1030] loss = 0.930439
[e304 s0800/1030] loss = 0.898630
[e304 s0850/1030] loss = 0.895752
[e304 s0900/1030] loss = 0.902472
[e304 s0950/1030] loss = 0.922142
[e304 s1000/1030] loss = 0.897381
Epoch 304: train_loss = 0.887434  MAE/GAME0 = 28.794  RMSE = 61.010  GAME1 = 30.571  GAME2 = 32.678  GAME3 = 35.022  lr = 1.66e-06  kd = 1.00  time = 14.8s
[e305 s0001/1030] loss = 0.365363
[e305 s0050/1030] loss = 0.316294
[e305 s0100/1030] loss = 0.457830
[e305 s0150/1030] loss = 0.459269
[e305 s0200/1030] loss = 0.481510
[e305 s0250/1030] loss = 1.442783
[e305 s0300/1030] loss = 1.264039
[e305 s0350/1030] loss = 1.166041
[e305 s0400/1030] loss = 1.104019
[e305 s0450/1030] loss = 1.049040
[e305 s0500/1030] loss = 0.983645
[e305 s0550/1030] loss = 0.939661
[e305 s0600/1030] loss = 0.905250
[e305 s0650/1030] loss = 0.883093
[e305 s0700/1030] loss = 0.862931
[e305 s0750/1030] loss = 0.842626
[e305 s0800/1030] loss = 0.814885
[e305 s0850/1030] loss = 0.792181
[e305 s0900/1030] loss = 0.773604
[e305 s0950/1030] loss = 0.755578
[e305 s1000/1030] loss = 0.739463
Epoch 305: train_loss = 0.737978  MAE/GAME0 = 33.319  RMSE = 64.816  GAME1 = 34.565  GAME2 = 36.349  GAME3 = 38.097  lr = 1.63e-06  kd = 1.00  time = 15.1s
[e306 s0001/1030] loss = 1.075258
[e306 s0050/1030] loss = 0.839957
[e306 s0100/1030] loss = 0.861755
[e306 s0150/1030] loss = 0.714459
[e306 s0200/1030] loss = 0.643014
[e306 s0250/1030] loss = 0.648135
[e306 s0300/1030] loss = 0.617992
[e306 s0350/1030] loss = 0.672906
[e306 s0400/1030] loss = 0.628252
[e306 s0450/1030] loss = 0.600057
[e306 s0500/1030] loss = 0.600395
[e306 s0550/1030] loss = 0.664909
[e306 s0600/1030] loss = 0.649128
[e306 s0650/1030] loss = 0.620118
[e306 s0700/1030] loss = 0.611859
[e306 s0750/1030] loss = 0.640849
[e306 s0800/1030] loss = 0.627744
[e306 s0850/1030] loss = 0.649017
[e306 s0900/1030] loss = 0.642903
[e306 s0950/1030] loss = 0.627951
[e306 s1000/1030] loss = 0.624693
Epoch 306: train_loss = 0.619273  MAE/GAME0 = 31.317  RMSE = 63.306  GAME1 = 32.821  GAME2 = 34.925  GAME3 = 37.050  lr = 1.60e-06  kd = 1.00  time = 14.9s
[e307 s0001/1030] loss = 0.646303
[e307 s0050/1030] loss = 0.472853
[e307 s0100/1030] loss = 0.356816
[e307 s0150/1030] loss = 0.403005
[e307 s0200/1030] loss = 0.461403
[e307 s0250/1030] loss = 0.465696
[e307 s0300/1030] loss = 0.544938
[e307 s0350/1030] loss = 0.512842
[e307 s0400/1030] loss = 0.489494
[e307 s0450/1030] loss = 0.520232
[e307 s0500/1030] loss = 0.496771
[e307 s0550/1030] loss = 0.500351
[e307 s0600/1030] loss = 0.503697
[e307 s0650/1030] loss = 0.513087
[e307 s0700/1030] loss = 0.495038
[e307 s0750/1030] loss = 0.500811
[e307 s0800/1030] loss = 0.513612
[e307 s0850/1030] loss = 0.722270
[e307 s0900/1030] loss = 0.700590
[e307 s0950/1030] loss = 0.675484
[e307 s1000/1030] loss = 0.654826
Epoch 307: train_loss = 0.650976  MAE/GAME0 = 34.579  RMSE = 65.107  GAME1 = 35.671  GAME2 = 37.410  GAME3 = 39.042  lr = 1.57e-06  kd = 1.00  time = 14.7s
[e308 s0001/1030] loss = 0.042924
[e308 s0050/1030] loss = 0.387989
[e308 s0100/1030] loss = 0.389520
[e308 s0150/1030] loss = 0.506461
[e308 s0200/1030] loss = 0.500627
[e308 s0250/1030] loss = 0.468574
[e308 s0300/1030] loss = 0.451838
[e308 s0350/1030] loss = 0.504642
[e308 s0400/1030] loss = 0.519519
[e308 s0450/1030] loss = 0.499847
[e308 s0500/1030] loss = 0.474158
[e308 s0550/1030] loss = 0.447600
[e308 s0600/1030] loss = 0.618917
[e308 s0650/1030] loss = 0.599394
[e308 s0700/1030] loss = 0.577231
[e308 s0750/1030] loss = 0.600526
[e308 s0800/1030] loss = 0.587089
[e308 s0850/1030] loss = 0.595982
[e308 s0900/1030] loss = 0.600111
[e308 s0950/1030] loss = 0.595914
[e308 s1000/1030] loss = 0.634355
Epoch 308: train_loss = 0.623952  MAE/GAME0 = 28.252  RMSE = 60.809  GAME1 = 30.295  GAME2 = 32.693  GAME3 = 35.182  lr = 1.54e-06  kd = 1.00  time = 14.9s
[e309 s0001/1030] loss = 0.048529
[e309 s0050/1030] loss = 0.530667
[e309 s0100/1030] loss = 0.394337
[e309 s0150/1030] loss = 0.806039
[e309 s0200/1030] loss = 0.698429
[e309 s0250/1030] loss = 0.638721
[e309 s0300/1030] loss = 0.587508
[e309 s0350/1030] loss = 0.553118
[e309 s0400/1030] loss = 0.542316
[e309 s0450/1030] loss = 0.514464
[e309 s0500/1030] loss = 0.520252
[e309 s0550/1030] loss = 0.502403
[e309 s0600/1030] loss = 0.487462
[e309 s0650/1030] loss = 0.498018
[e309 s0700/1030] loss = 0.756238
[e309 s0750/1030] loss = 0.963344
[e309 s0800/1030] loss = 0.925538
[e309 s0850/1030] loss = 0.906773
[e309 s0900/1030] loss = 0.879069
[e309 s0950/1030] loss = 0.867534
[e309 s1000/1030] loss = 0.857203
Epoch 309: train_loss = 0.844496  MAE/GAME0 = 26.086  RMSE = 58.812  GAME1 = 28.790  GAME2 = 31.561  GAME3 = 34.435  lr = 1.50e-06  kd = 1.00  time = 14.9s
[e310 s0001/1030] loss = 0.756093
[e310 s0050/1030] loss = 0.283304
[e310 s0100/1030] loss = 0.394888
[e310 s0150/1030] loss = 0.489621
[e310 s0200/1030] loss = 0.518670
[e310 s0250/1030] loss = 0.517855
[e310 s0300/1030] loss = 1.316595
[e310 s0350/1030] loss = 1.228986
[e310 s0400/1030] loss = 1.122419
[e310 s0450/1030] loss = 1.037087
[e310 s0500/1030] loss = 0.957383
[e310 s0550/1030] loss = 0.915618
[e310 s0600/1030] loss = 0.893293
[e310 s0650/1030] loss = 0.850610
[e310 s0700/1030] loss = 0.826503
[e310 s0750/1030] loss = 0.798369
[e310 s0800/1030] loss = 0.771451
[e310 s0850/1030] loss = 0.749272
[e310 s0900/1030] loss = 0.733505
[e310 s0950/1030] loss = 0.719243
[e310 s1000/1030] loss = 0.695721
Epoch 310: train_loss = 0.710317  MAE/GAME0 = 26.092  RMSE = 59.066  GAME1 = 28.902  GAME2 = 31.671  GAME3 = 34.643  lr = 1.47e-06  kd = 1.00  time = 14.9s
[e311 s0001/1030] loss = 0.397949
[e311 s0050/1030] loss = 0.940496
[e311 s0100/1030] loss = 0.626996
[e311 s0150/1030] loss = 0.590342
[e311 s0200/1030] loss = 0.624220
[e311 s0250/1030] loss = 0.571602
[e311 s0300/1030] loss = 0.515665
[e311 s0350/1030] loss = 0.535252
[e311 s0400/1030] loss = 0.549514
[e311 s0450/1030] loss = 0.529449
[e311 s0500/1030] loss = 0.518311
[e311 s0550/1030] loss = 0.576526
[e311 s0600/1030] loss = 0.596821
[e311 s0650/1030] loss = 0.579630
[e311 s0700/1030] loss = 0.598934
[e311 s0750/1030] loss = 0.574989
[e311 s0800/1030] loss = 0.569665
[e311 s0850/1030] loss = 0.943079
[e311 s0900/1030] loss = 0.944405
[e311 s0950/1030] loss = 0.939131
[e311 s1000/1030] loss = 0.910040
Epoch 311: train_loss = 0.891832  MAE/GAME0 = 28.370  RMSE = 60.864  GAME1 = 30.731  GAME2 = 33.125  GAME3 = 35.724  lr = 1.44e-06  kd = 1.00  time = 14.9s
[e312 s0001/1030] loss = 0.019264
[e312 s0050/1030] loss = 0.407321
[e312 s0100/1030] loss = 0.385461
[e312 s0150/1030] loss = 0.717426
[e312 s0200/1030] loss = 0.733914
[e312 s0250/1030] loss = 0.737661
[e312 s0300/1030] loss = 0.662172
[e312 s0350/1030] loss = 0.643440
[e312 s0400/1030] loss = 0.595708
[e312 s0450/1030] loss = 0.616507
[e312 s0500/1030] loss = 0.603230
[e312 s0550/1030] loss = 0.619772
[e312 s0600/1030] loss = 0.639851
[e312 s0650/1030] loss = 0.614037
[e312 s0700/1030] loss = 0.604931
[e312 s0750/1030] loss = 0.606450
[e312 s0800/1030] loss = 0.617811
[e312 s0850/1030] loss = 0.612540
[e312 s0900/1030] loss = 0.599975
[e312 s0950/1030] loss = 0.604691
[e312 s1000/1030] loss = 0.854671
Epoch 312: train_loss = 0.849059  MAE/GAME0 = 31.347  RMSE = 62.923  GAME1 = 32.977  GAME2 = 35.078  GAME3 = 37.181  lr = 1.41e-06  kd = 1.00  time = 14.8s
[e313 s0001/1030] loss = 32.679352
[e313 s0050/1030] loss = 1.292612
[e313 s0100/1030] loss = 0.894038
[e313 s0150/1030] loss = 0.744249
[e313 s0200/1030] loss = 0.691099
[e313 s0250/1030] loss = 0.622236
[e313 s0300/1030] loss = 0.575257
[e313 s0350/1030] loss = 0.546052
[e313 s0400/1030] loss = 0.550257
[e313 s0450/1030] loss = 0.573859
[e313 s0500/1030] loss = 0.831504
[e313 s0550/1030] loss = 0.785809
[e313 s0600/1030] loss = 0.747303
[e313 s0650/1030] loss = 0.769243
[e313 s0700/1030] loss = 0.752684
[e313 s0750/1030] loss = 0.723957
[e313 s0800/1030] loss = 0.702510
[e313 s0850/1030] loss = 0.693055
[e313 s0900/1030] loss = 0.673626
[e313 s0950/1030] loss = 0.719917
[e313 s1000/1030] loss = 0.717761
Epoch 313: train_loss = 0.723421  MAE/GAME0 = 31.830  RMSE = 63.692  GAME1 = 33.234  GAME2 = 35.211  GAME3 = 37.210  lr = 1.38e-06  kd = 1.00  time = 15.0s
[e314 s0001/1030] loss = 1.198073
[e314 s0050/1030] loss = 0.389042
[e314 s0100/1030] loss = 0.494301
[e314 s0150/1030] loss = 2.279308
[e314 s0200/1030] loss = 1.770134
[e314 s0250/1030] loss = 1.502195
[e314 s0300/1030] loss = 1.310219
[e314 s0350/1030] loss = 1.278439
[e314 s0400/1030] loss = 1.167308
[e314 s0450/1030] loss = 1.108095
[e314 s0500/1030] loss = 1.031084
[e314 s0550/1030] loss = 0.971522
[e314 s0600/1030] loss = 0.929301
[e314 s0650/1030] loss = 0.902889
[e314 s0700/1030] loss = 0.877642
[e314 s0750/1030] loss = 0.839718
[e314 s0800/1030] loss = 0.811583
[e314 s0850/1030] loss = 0.803731
[e314 s0900/1030] loss = 0.786433
[e314 s0950/1030] loss = 0.760602
[e314 s1000/1030] loss = 0.747503
Epoch 314: train_loss = 0.735691  MAE/GAME0 = 33.232  RMSE = 64.386  GAME1 = 34.395  GAME2 = 36.195  GAME3 = 37.952  lr = 1.35e-06  kd = 1.00  time = 15.0s
[e315 s0001/1030] loss = 0.111643
[e315 s0050/1030] loss = 0.281838
[e315 s0100/1030] loss = 0.604544
[e315 s0150/1030] loss = 0.502051
[e315 s0200/1030] loss = 0.540846
[e315 s0250/1030] loss = 0.479013
[e315 s0300/1030] loss = 0.471668
[e315 s0350/1030] loss = 0.447599
[e315 s0400/1030] loss = 0.430819
[e315 s0450/1030] loss = 0.433887
[e315 s0500/1030] loss = 0.494415
[e315 s0550/1030] loss = 0.495552
[e315 s0600/1030] loss = 0.526115
[e315 s0650/1030] loss = 0.528174
[e315 s0700/1030] loss = 0.533075
[e315 s0750/1030] loss = 0.520726
[e315 s0800/1030] loss = 0.525745
[e315 s0850/1030] loss = 0.749478
[e315 s0900/1030] loss = 0.723032
[e315 s0950/1030] loss = 0.728906
[e315 s1000/1030] loss = 0.717980
Epoch 315: train_loss = 0.704982  MAE/GAME0 = 34.828  RMSE = 65.390  GAME1 = 35.889  GAME2 = 37.498  GAME3 = 39.038  lr = 1.32e-06  kd = 1.00  time = 15.0s
[e316 s0001/1030] loss = 0.353406
[e316 s0050/1030] loss = 0.592544
[e316 s0100/1030] loss = 0.534656
[e316 s0150/1030] loss = 0.484729
[e316 s0200/1030] loss = 0.415543
[e316 s0250/1030] loss = 0.481409
[e316 s0300/1030] loss = 0.673877
[e316 s0350/1030] loss = 0.618181
[e316 s0400/1030] loss = 0.595005
[e316 s0450/1030] loss = 0.621017
[e316 s0500/1030] loss = 0.576798
[e316 s0550/1030] loss = 0.546516
[e316 s0600/1030] loss = 0.534985
[e316 s0650/1030] loss = 0.543886
[e316 s0700/1030] loss = 0.555272
[e316 s0750/1030] loss = 0.556109
[e316 s0800/1030] loss = 0.556394
[e316 s0850/1030] loss = 0.556206
[e316 s0900/1030] loss = 0.817238
[e316 s0950/1030] loss = 0.786877
[e316 s1000/1030] loss = 0.772061
Epoch 316: train_loss = 0.766912  MAE/GAME0 = 31.641  RMSE = 63.176  GAME1 = 33.314  GAME2 = 35.443  GAME3 = 37.531  lr = 1.29e-06  kd = 1.00  time = 14.9s
[e317 s0001/1030] loss = 0.210799
[e317 s0050/1030] loss = 0.429659
[e317 s0100/1030] loss = 0.374291
[e317 s0150/1030] loss = 0.451777
[e317 s0200/1030] loss = 0.517798
[e317 s0250/1030] loss = 0.497957
[e317 s0300/1030] loss = 0.482365
[e317 s0350/1030] loss = 0.447194
[e317 s0400/1030] loss = 0.455691
[e317 s0450/1030] loss = 0.446934
[e317 s0500/1030] loss = 0.496018
[e317 s0550/1030] loss = 0.506694
[e317 s0600/1030] loss = 0.510262
[e317 s0650/1030] loss = 0.489342
[e317 s0700/1030] loss = 0.474548
[e317 s0750/1030] loss = 0.480908
[e317 s0800/1030] loss = 0.555405
[e317 s0850/1030] loss = 0.584307
[e317 s0900/1030] loss = 0.588206
[e317 s0950/1030] loss = 0.819464
[e317 s1000/1030] loss = 0.823552
Epoch 317: train_loss = 0.808451  MAE/GAME0 = 33.992  RMSE = 64.641  GAME1 = 35.193  GAME2 = 36.976  GAME3 = 38.672  lr = 1.26e-06  kd = 1.00  time = 14.8s
[e318 s0001/1030] loss = 0.022953
[e318 s0050/1030] loss = 0.386471
[e318 s0100/1030] loss = 0.424796
[e318 s0150/1030] loss = 0.432770
[e318 s0200/1030] loss = 0.410037
[e318 s0250/1030] loss = 0.456612
[e318 s0300/1030] loss = 0.438337
[e318 s0350/1030] loss = 0.433871
[e318 s0400/1030] loss = 0.451067
[e318 s0450/1030] loss = 0.532648
[e318 s0500/1030] loss = 0.545557
[e318 s0550/1030] loss = 0.548540
[e318 s0600/1030] loss = 0.528285
[e318 s0650/1030] loss = 0.579448
[e318 s0700/1030] loss = 0.585484
[e318 s0750/1030] loss = 0.561634
[e318 s0800/1030] loss = 0.546350
[e318 s0850/1030] loss = 0.945403
[e318 s0900/1030] loss = 0.931859
[e318 s0950/1030] loss = 0.909840
[e318 s1000/1030] loss = 0.892383
Epoch 318: train_loss = 0.879841  MAE/GAME0 = 33.061  RMSE = 64.828  GAME1 = 34.408  GAME2 = 36.287  GAME3 = 38.109  lr = 1.24e-06  kd = 1.00  time = 14.9s
[e319 s0001/1030] loss = 0.323624
[e319 s0050/1030] loss = 0.498836
[e319 s0100/1030] loss = 0.429219
[e319 s0150/1030] loss = 2.466255
[e319 s0200/1030] loss = 1.953784
[e319 s0250/1030] loss = 1.625593
[e319 s0300/1030] loss = 1.440597
[e319 s0350/1030] loss = 1.319369
[e319 s0400/1030] loss = 1.450971
[e319 s0450/1030] loss = 1.350341
[e319 s0500/1030] loss = 1.348093
[e319 s0550/1030] loss = 1.266227
[e319 s0600/1030] loss = 1.211365
[e319 s0650/1030] loss = 1.143725
[e319 s0700/1030] loss = 1.111932
[e319 s0750/1030] loss = 1.086496
[e319 s0800/1030] loss = 1.050523
[e319 s0850/1030] loss = 1.002223
[e319 s0900/1030] loss = 0.960954
[e319 s0950/1030] loss = 0.935952
[e319 s1000/1030] loss = 0.913565
Epoch 319: train_loss = 0.895633  MAE/GAME0 = 27.780  RMSE = 60.424  GAME1 = 30.211  GAME2 = 32.902  GAME3 = 35.650  lr = 1.21e-06  kd = 1.00  time = 15.2s
[e320 s0001/1030] loss = 0.244679
[e320 s0050/1030] loss = 0.383067
[e320 s0100/1030] loss = 0.368223
[e320 s0150/1030] loss = 0.436771
[e320 s0200/1030] loss = 0.439000
[e320 s0250/1030] loss = 0.437165
[e320 s0300/1030] loss = 0.431698
[e320 s0350/1030] loss = 0.439864
[e320 s0400/1030] loss = 0.437094
[e320 s0450/1030] loss = 0.445137
[e320 s0500/1030] loss = 0.447834
[e320 s0550/1030] loss = 0.470611
[e320 s0600/1030] loss = 0.458206
[e320 s0650/1030] loss = 0.495351
[e320 s0700/1030] loss = 0.534774
[e320 s0750/1030] loss = 0.524675
[e320 s0800/1030] loss = 0.958887
[e320 s0850/1030] loss = 0.945313
[e320 s0900/1030] loss = 0.913310
[e320 s0950/1030] loss = 0.880553
[e320 s1000/1030] loss = 0.845051
Epoch 320: train_loss = 0.837618  MAE/GAME0 = 34.588  RMSE = 65.484  GAME1 = 35.678  GAME2 = 37.340  GAME3 = 38.901  lr = 1.18e-06  kd = 1.00  time = 14.8s
[e321 s0001/1030] loss = 0.020112
[e321 s0050/1030] loss = 0.714456
[e321 s0100/1030] loss = 0.635554
[e321 s0150/1030] loss = 0.508073
[e321 s0200/1030] loss = 0.519398
[e321 s0250/1030] loss = 0.464743
[e321 s0300/1030] loss = 0.465204
[e321 s0350/1030] loss = 0.616615
[e321 s0400/1030] loss = 0.623937
[e321 s0450/1030] loss = 0.581992
[e321 s0500/1030] loss = 1.163275
[e321 s0550/1030] loss = 1.122969
[e321 s0600/1030] loss = 1.050893
[e321 s0650/1030] loss = 1.024721
[e321 s0700/1030] loss = 0.979765
[e321 s0750/1030] loss = 0.933895
[e321 s0800/1030] loss = 0.896308
[e321 s0850/1030] loss = 0.869427
[e321 s0900/1030] loss = 0.846850
[e321 s0950/1030] loss = 0.817854
[e321 s1000/1030] loss = 0.802119
Epoch 321: train_loss = 0.787080  MAE/GAME0 = 37.559  RMSE = 67.413  GAME1 = 38.417  GAME2 = 39.827  GAME3 = 41.044  lr = 1.15e-06  kd = 1.00  time = 15.1s
[e322 s0001/1030] loss = 1.406328
[e322 s0050/1030] loss = 0.312286
[e322 s0100/1030] loss = 0.456432
[e322 s0150/1030] loss = 0.406463
[e322 s0200/1030] loss = 0.427280
[e322 s0250/1030] loss = 0.421442
[e322 s0300/1030] loss = 0.413033
[e322 s0350/1030] loss = 0.424234
[e322 s0400/1030] loss = 0.398496
[e322 s0450/1030] loss = 0.423277
[e322 s0500/1030] loss = 0.437623
[e322 s0550/1030] loss = 0.445571
[e322 s0600/1030] loss = 0.429931
[e322 s0650/1030] loss = 0.429301
[e322 s0700/1030] loss = 0.420969
[e322 s0750/1030] loss = 0.409161
[e322 s0800/1030] loss = 0.409185
[e322 s0850/1030] loss = 0.418964
[e322 s0900/1030] loss = 0.487395
[e322 s0950/1030] loss = 0.477305
[e322 s1000/1030] loss = 0.470450
Epoch 322: train_loss = 0.467672  MAE/GAME0 = 32.190  RMSE = 63.421  GAME1 = 34.083  GAME2 = 36.317  GAME3 = 38.437  lr = 1.12e-06  kd = 1.00  time = 15.2s
[e323 s0001/1030] loss = 0.086584
[e323 s0050/1030] loss = 0.757251
[e323 s0100/1030] loss = 0.590367
[e323 s0150/1030] loss = 0.631543
[e323 s0200/1030] loss = 0.544157
[e323 s0250/1030] loss = 0.559123
[e323 s0300/1030] loss = 0.609280
[e323 s0350/1030] loss = 0.579691
[e323 s0400/1030] loss = 0.595232
[e323 s0450/1030] loss = 0.554253
[e323 s0500/1030] loss = 0.639044
[e323 s0550/1030] loss = 0.599794
[e323 s0600/1030] loss = 0.608536
[e323 s0650/1030] loss = 0.615436
[e323 s0700/1030] loss = 0.605972
[e323 s0750/1030] loss = 1.038437
[e323 s0800/1030] loss = 0.995359
[e323 s0850/1030] loss = 0.957610
[e323 s0900/1030] loss = 0.926442
[e323 s0950/1030] loss = 0.962271
[e323 s1000/1030] loss = 0.936848
Epoch 323: train_loss = 0.920457  MAE/GAME0 = 34.866  RMSE = 65.733  GAME1 = 35.959  GAME2 = 37.557  GAME3 = 39.104  lr = 1.10e-06  kd = 1.00  time = 15.2s
[e324 s0001/1030] loss = 0.943514
[e324 s0050/1030] loss = 0.931417
[e324 s0100/1030] loss = 0.708141
[e324 s0150/1030] loss = 0.598820
[e324 s0200/1030] loss = 1.651416
[e324 s0250/1030] loss = 1.419113
[e324 s0300/1030] loss = 1.230093
[e324 s0350/1030] loss = 1.102289
[e324 s0400/1030] loss = 1.028430
[e324 s0450/1030] loss = 0.954691
[e324 s0500/1030] loss = 0.902857
[e324 s0550/1030] loss = 0.881661
[e324 s0600/1030] loss = 0.857407
[e324 s0650/1030] loss = 0.840644
[e324 s0700/1030] loss = 0.856348
[e324 s0750/1030] loss = 0.820510
[e324 s0800/1030] loss = 0.799693
[e324 s0850/1030] loss = 0.774433
[e324 s0900/1030] loss = 0.760899
[e324 s0950/1030] loss = 0.742127
[e324 s1000/1030] loss = 0.730835
Epoch 324: train_loss = 0.719721  MAE/GAME0 = 31.807  RMSE = 63.579  GAME1 = 33.625  GAME2 = 35.816  GAME3 = 37.963  lr = 1.07e-06  kd = 1.00  time = 15.1s
[e325 s0001/1030] loss = 1.030190
[e325 s0050/1030] loss = 0.405975
[e325 s0100/1030] loss = 0.380145
[e325 s0150/1030] loss = 0.444525
[e325 s0200/1030] loss = 2.131179
[e325 s0250/1030] loss = 1.743575
[e325 s0300/1030] loss = 1.484877
[e325 s0350/1030] loss = 1.534858
[e325 s0400/1030] loss = 1.416295
[e325 s0450/1030] loss = 1.299689
[e325 s0500/1030] loss = 1.227974
[e325 s0550/1030] loss = 1.173042
[e325 s0600/1030] loss = 1.093175
[e325 s0650/1030] loss = 1.052718
[e325 s0700/1030] loss = 1.004646
[e325 s0750/1030] loss = 0.957257
[e325 s0800/1030] loss = 0.924749
[e325 s0850/1030] loss = 0.980071
[e325 s0900/1030] loss = 0.967405
[e325 s0950/1030] loss = 0.951132
[e325 s1000/1030] loss = 0.915149
Epoch 325: train_loss = 0.897672  MAE/GAME0 = 29.104  RMSE = 61.151  GAME1 = 30.944  GAME2 = 33.147  GAME3 = 35.533  lr = 1.04e-06  kd = 1.00  time = 15.1s
[e326 s0001/1030] loss = 0.044775
[e326 s0050/1030] loss = 0.316752
[e326 s0100/1030] loss = 0.483197
[e326 s0150/1030] loss = 0.632119
[e326 s0200/1030] loss = 0.618401
[e326 s0250/1030] loss = 0.580063
[e326 s0300/1030] loss = 0.558267
[e326 s0350/1030] loss = 0.518547
[e326 s0400/1030] loss = 0.555572
[e326 s0450/1030] loss = 0.530780
[e326 s0500/1030] loss = 0.507794
[e326 s0550/1030] loss = 0.503535
[e326 s0600/1030] loss = 0.506538
[e326 s0650/1030] loss = 0.495323
[e326 s0700/1030] loss = 0.523809
[e326 s0750/1030] loss = 0.531519
[e326 s0800/1030] loss = 0.960921
[e326 s0850/1030] loss = 0.921770
[e326 s0900/1030] loss = 0.885704
[e326 s0950/1030] loss = 0.864837
[e326 s1000/1030] loss = 0.842552
Epoch 326: train_loss = 0.850719  MAE/GAME0 = 31.997  RMSE = 63.474  GAME1 = 33.612  GAME2 = 35.690  GAME3 = 37.732  lr = 1.02e-06  kd = 1.00  time = 14.9s
[e327 s0001/1030] loss = 0.553309
[e327 s0050/1030] loss = 0.421280
[e327 s0100/1030] loss = 0.381543
[e327 s0150/1030] loss = 0.449318
[e327 s0200/1030] loss = 0.443375
[e327 s0250/1030] loss = 0.447290
[e327 s0300/1030] loss = 0.523219
[e327 s0350/1030] loss = 0.659157
[e327 s0400/1030] loss = 0.640853
[e327 s0450/1030] loss = 0.651570
[e327 s0500/1030] loss = 0.650984
[e327 s0550/1030] loss = 0.612656
[e327 s0600/1030] loss = 0.597811
[e327 s0650/1030] loss = 0.593184
[e327 s0700/1030] loss = 0.587216
[e327 s0750/1030] loss = 0.585762
[e327 s0800/1030] loss = 0.573733
[e327 s0850/1030] loss = 0.564425
[e327 s0900/1030] loss = 0.560132
[e327 s0950/1030] loss = 0.550262
[e327 s1000/1030] loss = 0.549732
Epoch 327: train_loss = 0.541928  MAE/GAME0 = 32.858  RMSE = 64.161  GAME1 = 34.307  GAME2 = 36.311  GAME3 = 38.222  lr = 9.90e-07  kd = 1.00  time = 15.4s
[e328 s0001/1030] loss = 1.227485
[e328 s0050/1030] loss = 0.840975
[e328 s0100/1030] loss = 0.665312
[e328 s0150/1030] loss = 0.552840
[e328 s0200/1030] loss = 0.502123
[e328 s0250/1030] loss = 0.475041
[e328 s0300/1030] loss = 0.485461
[e328 s0350/1030] loss = 0.468515
[e328 s0400/1030] loss = 0.501399
[e328 s0450/1030] loss = 0.489947
[e328 s0500/1030] loss = 0.519801
[e328 s0550/1030] loss = 0.532788
[e328 s0600/1030] loss = 0.554312
[e328 s0650/1030] loss = 0.563942
[e328 s0700/1030] loss = 0.558693
[e328 s0750/1030] loss = 0.562035
[e328 s0800/1030] loss = 0.539789
[e328 s0850/1030] loss = 0.680979
[e328 s0900/1030] loss = 0.664904
[e328 s0950/1030] loss = 0.641936
[e328 s1000/1030] loss = 0.632367
Epoch 328: train_loss = 0.631471  MAE/GAME0 = 33.028  RMSE = 64.463  GAME1 = 34.350  GAME2 = 36.198  GAME3 = 38.012  lr = 9.64e-07  kd = 1.00  time = 14.9s
[e329 s0001/1030] loss = 0.002115
[e329 s0050/1030] loss = 0.365404
[e329 s0100/1030] loss = 0.719944
[e329 s0150/1030] loss = 1.734232
[e329 s0200/1030] loss = 1.400369
[e329 s0250/1030] loss = 1.184748
[e329 s0300/1030] loss = 1.058810
[e329 s0350/1030] loss = 0.992684
[e329 s0400/1030] loss = 0.903845
[e329 s0450/1030] loss = 0.864104
[e329 s0500/1030] loss = 0.833482
[e329 s0550/1030] loss = 0.865632
[e329 s0600/1030] loss = 0.807997
[e329 s0650/1030] loss = 0.774582
[e329 s0700/1030] loss = 0.755187
[e329 s0750/1030] loss = 0.734214
[e329 s0800/1030] loss = 0.752736
[e329 s0850/1030] loss = 0.739744
[e329 s0900/1030] loss = 0.720877
[e329 s0950/1030] loss = 0.695134
[e329 s1000/1030] loss = 0.681860
Epoch 329: train_loss = 0.673761  MAE/GAME0 = 29.972  RMSE = 61.775  GAME1 = 31.634  GAME2 = 33.723  GAME3 = 35.936  lr = 9.38e-07  kd = 1.00  time = 15.0s
[e330 s0001/1030] loss = 0.011350
[e330 s0050/1030] loss = 0.473269
[e330 s0100/1030] loss = 0.438287
[e330 s0150/1030] loss = 0.558791
[e330 s0200/1030] loss = 0.504282
[e330 s0250/1030] loss = 0.477095
[e330 s0300/1030] loss = 0.489650
[e330 s0350/1030] loss = 0.544649
[e330 s0400/1030] loss = 0.557192
[e330 s0450/1030] loss = 0.542404
[e330 s0500/1030] loss = 0.514568
[e330 s0550/1030] loss = 0.503940
[e330 s0600/1030] loss = 0.518095
[e330 s0650/1030] loss = 0.536697
[e330 s0700/1030] loss = 0.556223
[e330 s0750/1030] loss = 0.587440
[e330 s0800/1030] loss = 0.584800
[e330 s0850/1030] loss = 0.575496
[e330 s0900/1030] loss = 0.559346
[e330 s0950/1030] loss = 0.540286
[e330 s1000/1030] loss = 0.529367
Epoch 330: train_loss = 0.622923  MAE/GAME0 = 26.861  RMSE = 59.569  GAME1 = 29.280  GAME2 = 31.865  GAME3 = 34.611  lr = 9.13e-07  kd = 1.00  time = 14.9s
[e331 s0001/1030] loss = 0.149479
[e331 s0050/1030] loss = 0.347285
[e331 s0100/1030] loss = 0.511450
[e331 s0150/1030] loss = 0.462195
[e331 s0200/1030] loss = 0.490979
[e331 s0250/1030] loss = 0.523430
[e331 s0300/1030] loss = 0.481816
[e331 s0350/1030] loss = 0.490236
[e331 s0400/1030] loss = 0.475517
[e331 s0450/1030] loss = 0.507492
[e331 s0500/1030] loss = 0.952536
[e331 s0550/1030] loss = 0.924027
[e331 s0600/1030] loss = 0.894167
[e331 s0650/1030] loss = 0.884545
[e331 s0700/1030] loss = 0.899499
[e331 s0750/1030] loss = 0.891749
[e331 s0800/1030] loss = 0.882526
[e331 s0850/1030] loss = 0.844441
[e331 s0900/1030] loss = 0.827432
[e331 s0950/1030] loss = 0.800344
[e331 s1000/1030] loss = 0.793488
Epoch 331: train_loss = 0.795139  MAE/GAME0 = 31.013  RMSE = 63.080  GAME1 = 32.660  GAME2 = 34.825  GAME3 = 36.967  lr = 8.88e-07  kd = 1.00  time = 14.9s
[e332 s0001/1030] loss = 0.062805
[e332 s0050/1030] loss = 0.959855
[e332 s0100/1030] loss = 0.671212
[e332 s0150/1030] loss = 0.591664
[e332 s0200/1030] loss = 0.559598
[e332 s0250/1030] loss = 0.517684
[e332 s0300/1030] loss = 0.581280
[e332 s0350/1030] loss = 0.685896
[e332 s0400/1030] loss = 1.134315
[e332 s0450/1030] loss = 1.078419
[e332 s0500/1030] loss = 1.096384
[e332 s0550/1030] loss = 1.032082
[e332 s0600/1030] loss = 1.000943
[e332 s0650/1030] loss = 1.034238
[e332 s0700/1030] loss = 1.014031
[e332 s0750/1030] loss = 0.967268
[e332 s0800/1030] loss = 0.925082
[e332 s0850/1030] loss = 0.887094
[e332 s0900/1030] loss = 0.863094
[e332 s0950/1030] loss = 0.889377
[e332 s1000/1030] loss = 0.867761
Epoch 332: train_loss = 0.863692  MAE/GAME0 = 32.406  RMSE = 63.578  GAME1 = 33.910  GAME2 = 35.950  GAME3 = 37.885  lr = 8.64e-07  kd = 1.00  time = 14.9s
[e333 s0001/1030] loss = 0.227889
[e333 s0050/1030] loss = 0.619624
[e333 s0100/1030] loss = 0.464800
[e333 s0150/1030] loss = 0.452539
[e333 s0200/1030] loss = 0.609003
[e333 s0250/1030] loss = 0.639807
[e333 s0300/1030] loss = 0.654675
[e333 s0350/1030] loss = 0.614319
[e333 s0400/1030] loss = 0.603265
[e333 s0450/1030] loss = 0.597902
[e333 s0500/1030] loss = 0.574758
[e333 s0550/1030] loss = 0.590744
[e333 s0600/1030] loss = 0.606357
[e333 s0650/1030] loss = 0.581618
[e333 s0700/1030] loss = 0.557688
[e333 s0750/1030] loss = 0.999423
[e333 s0800/1030] loss = 0.968688
[e333 s0850/1030] loss = 0.934996
[e333 s0900/1030] loss = 0.898927
[e333 s0950/1030] loss = 0.889437
[e333 s1000/1030] loss = 0.866360
Epoch 333: train_loss = 0.855593  MAE/GAME0 = 32.095  RMSE = 63.280  GAME1 = 33.574  GAME2 = 35.510  GAME3 = 37.452  lr = 8.40e-07  kd = 1.00  time = 15.0s
[e334 s0001/1030] loss = 0.109627
[e334 s0050/1030] loss = 0.491136
[e334 s0100/1030] loss = 0.721295
[e334 s0150/1030] loss = 0.669865
[e334 s0200/1030] loss = 0.617904
[e334 s0250/1030] loss = 0.577993
[e334 s0300/1030] loss = 0.593132
[e334 s0350/1030] loss = 0.566724
[e334 s0400/1030] loss = 0.587513
[e334 s0450/1030] loss = 0.596051
[e334 s0500/1030] loss = 0.566197
[e334 s0550/1030] loss = 0.563904
[e334 s0600/1030] loss = 0.571209
[e334 s0650/1030] loss = 0.549798
[e334 s0700/1030] loss = 0.537987
[e334 s0750/1030] loss = 0.551759
[e334 s0800/1030] loss = 0.539410
[e334 s0850/1030] loss = 0.727754
[e334 s0900/1030] loss = 0.724198
[e334 s0950/1030] loss = 0.702005
[e334 s1000/1030] loss = 0.690183
Epoch 334: train_loss = 0.683193  MAE/GAME0 = 35.844  RMSE = 66.283  GAME1 = 36.949  GAME2 = 38.640  GAME3 = 40.129  lr = 8.16e-07  kd = 1.00  time = 14.9s
[e335 s0001/1030] loss = 0.055157
[e335 s0050/1030] loss = 0.555964
[e335 s0100/1030] loss = 0.617361
[e335 s0150/1030] loss = 0.521172
[e335 s0200/1030] loss = 0.514521
[e335 s0250/1030] loss = 0.463996
[e335 s0300/1030] loss = 0.446879
[e335 s0350/1030] loss = 0.452384
[e335 s0400/1030] loss = 0.484026
[e335 s0450/1030] loss = 0.533336
[e335 s0500/1030] loss = 0.535388
[e335 s0550/1030] loss = 0.526179
[e335 s0600/1030] loss = 0.520211
[e335 s0650/1030] loss = 0.512359
[e335 s0700/1030] loss = 0.540515
[e335 s0750/1030] loss = 0.532901
[e335 s0800/1030] loss = 0.537444
[e335 s0850/1030] loss = 0.542897
[e335 s0900/1030] loss = 0.532156
[e335 s0950/1030] loss = 0.734177
[e335 s1000/1030] loss = 0.717719
Epoch 335: train_loss = 0.703701  MAE/GAME0 = 33.615  RMSE = 64.470  GAME1 = 35.059  GAME2 = 37.019  GAME3 = 38.824  lr = 7.92e-07  kd = 1.00  time = 14.9s
[e336 s0001/1030] loss = 0.703328
[e336 s0050/1030] loss = 0.380370
[e336 s0100/1030] loss = 0.442035
[e336 s0150/1030] loss = 0.491708
[e336 s0200/1030] loss = 0.464309
[e336 s0250/1030] loss = 0.460248
[e336 s0300/1030] loss = 0.472683
[e336 s0350/1030] loss = 0.491234
[e336 s0400/1030] loss = 0.459072
[e336 s0450/1030] loss = 0.466705
[e336 s0500/1030] loss = 0.476467
[e336 s0550/1030] loss = 0.489989
[e336 s0600/1030] loss = 0.498303
[e336 s0650/1030] loss = 0.492460
[e336 s0700/1030] loss = 0.526049
[e336 s0750/1030] loss = 0.521769
[e336 s0800/1030] loss = 0.504687
[e336 s0850/1030] loss = 0.494800
[e336 s0900/1030] loss = 0.857230
[e336 s0950/1030] loss = 0.846988
[e336 s1000/1030] loss = 0.848333
Epoch 336: train_loss = 0.847874  MAE/GAME0 = 36.639  RMSE = 66.547  GAME1 = 37.532  GAME2 = 39.015  GAME3 = 40.347  lr = 7.69e-07  kd = 1.00  time = 15.0s
[e337 s0001/1030] loss = 1.155781
[e337 s0050/1030] loss = 0.516692
[e337 s0100/1030] loss = 0.489204
[e337 s0150/1030] loss = 0.545422
[e337 s0200/1030] loss = 0.478742
[e337 s0250/1030] loss = 0.513516
[e337 s0300/1030] loss = 0.480060
[e337 s0350/1030] loss = 0.502570
[e337 s0400/1030] loss = 0.589649
[e337 s0450/1030] loss = 0.596093
[e337 s0500/1030] loss = 0.576004
[e337 s0550/1030] loss = 0.574086
[e337 s0600/1030] loss = 0.579747
[e337 s0650/1030] loss = 0.564979
[e337 s0700/1030] loss = 0.597503
[e337 s0750/1030] loss = 0.818467
[e337 s0800/1030] loss = 0.796265
[e337 s0850/1030] loss = 0.770335
[e337 s0900/1030] loss = 0.747644
[e337 s0950/1030] loss = 0.740762
[e337 s1000/1030] loss = 0.740487
Epoch 337: train_loss = 0.743706  MAE/GAME0 = 33.975  RMSE = 64.675  GAME1 = 35.242  GAME2 = 37.112  GAME3 = 38.830  lr = 7.46e-07  kd = 1.00  time = 14.8s
[e338 s0001/1030] loss = 0.254137
[e338 s0050/1030] loss = 0.452392
[e338 s0100/1030] loss = 0.436539
[e338 s0150/1030] loss = 0.424485
[e338 s0200/1030] loss = 1.654484
[e338 s0250/1030] loss = 1.399686
[e338 s0300/1030] loss = 1.252750
[e338 s0350/1030] loss = 1.203118
[e338 s0400/1030] loss = 1.101842
[e338 s0450/1030] loss = 1.021358
[e338 s0500/1030] loss = 0.968615
[e338 s0550/1030] loss = 0.954708
[e338 s0600/1030] loss = 0.923353
[e338 s0650/1030] loss = 0.896724
[e338 s0700/1030] loss = 0.889383
[e338 s0750/1030] loss = 0.851778
[e338 s0800/1030] loss = 0.821075
[e338 s0850/1030] loss = 0.816907
[e338 s0900/1030] loss = 0.785395
[e338 s0950/1030] loss = 0.772459
[e338 s1000/1030] loss = 0.748987
Epoch 338: train_loss = 0.732509  MAE/GAME0 = 34.652  RMSE = 65.514  GAME1 = 36.011  GAME2 = 37.915  GAME3 = 39.611  lr = 7.23e-07  kd = 1.00  time = 14.9s
[e339 s0001/1030] loss = 0.118712
[e339 s0050/1030] loss = 0.538290
[e339 s0100/1030] loss = 0.466678
[e339 s0150/1030] loss = 0.734120
[e339 s0200/1030] loss = 0.666840
[e339 s0250/1030] loss = 0.633902
[e339 s0300/1030] loss = 0.647923
[e339 s0350/1030] loss = 0.610633
[e339 s0400/1030] loss = 0.998611
[e339 s0450/1030] loss = 0.926265
[e339 s0500/1030] loss = 0.903476
[e339 s0550/1030] loss = 0.861285
[e339 s0600/1030] loss = 0.813916
[e339 s0650/1030] loss = 0.774214
[e339 s0700/1030] loss = 0.744966
[e339 s0750/1030] loss = 0.761628
[e339 s0800/1030] loss = 0.731071
[e339 s0850/1030] loss = 0.721536
[e339 s0900/1030] loss = 0.701957
[e339 s0950/1030] loss = 0.688500
[e339 s1000/1030] loss = 0.724991
Epoch 339: train_loss = 0.721542  MAE/GAME0 = 35.243  RMSE = 65.618  GAME1 = 36.445  GAME2 = 38.224  GAME3 = 39.816  lr = 7.01e-07  kd = 1.00  time = 15.1s
[e340 s0001/1030] loss = 0.189178
[e340 s0050/1030] loss = 0.296890
[e340 s0100/1030] loss = 0.390286
[e340 s0150/1030] loss = 0.383989
[e340 s0200/1030] loss = 0.352333
[e340 s0250/1030] loss = 0.382858
[e340 s0300/1030] loss = 0.377708
[e340 s0350/1030] loss = 0.766571
[e340 s0400/1030] loss = 0.723453
[e340 s0450/1030] loss = 0.694745
[e340 s0500/1030] loss = 0.692047
[e340 s0550/1030] loss = 0.668538
[e340 s0600/1030] loss = 0.659984
[e340 s0650/1030] loss = 0.634137
[e340 s0700/1030] loss = 0.685281
[e340 s0750/1030] loss = 0.667272
[e340 s0800/1030] loss = 0.643371
[e340 s0850/1030] loss = 0.641208
[e340 s0900/1030] loss = 0.738787
[e340 s0950/1030] loss = 0.722445
[e340 s1000/1030] loss = 0.706118
Epoch 340: train_loss = 0.693231  MAE/GAME0 = 35.497  RMSE = 65.650  GAME1 = 36.626  GAME2 = 38.291  GAME3 = 39.789  lr = 6.79e-07  kd = 1.00  time = 15.1s
[e341 s0001/1030] loss = 0.519661
[e341 s0050/1030] loss = 0.378548
[e341 s0100/1030] loss = 0.417653
[e341 s0150/1030] loss = 0.459900
[e341 s0200/1030] loss = 0.438835
[e341 s0250/1030] loss = 0.447417
[e341 s0300/1030] loss = 0.494810
[e341 s0350/1030] loss = 1.436023
[e341 s0400/1030] loss = 1.309080
[e341 s0450/1030] loss = 1.213691
[e341 s0500/1030] loss = 1.130368
[e341 s0550/1030] loss = 1.058543
[e341 s0600/1030] loss = 1.009544
[e341 s0650/1030] loss = 1.001433
[e341 s0700/1030] loss = 0.959608
[e341 s0750/1030] loss = 0.926168
[e341 s0800/1030] loss = 0.903421
[e341 s0850/1030] loss = 0.876182
[e341 s0900/1030] loss = 0.852522
[e341 s0950/1030] loss = 0.843977
[e341 s1000/1030] loss = 0.838499
Epoch 341: train_loss = 0.829770  MAE/GAME0 = 30.787  RMSE = 62.515  GAME1 = 32.356  GAME2 = 34.441  GAME3 = 36.564  lr = 6.58e-07  kd = 1.00  time = 14.8s
[e342 s0001/1030] loss = 0.147071
[e342 s0050/1030] loss = 0.291197
[e342 s0100/1030] loss = 0.301320
[e342 s0150/1030] loss = 0.339634
[e342 s0200/1030] loss = 0.335485
[e342 s0250/1030] loss = 0.498661
[e342 s0300/1030] loss = 0.495773
[e342 s0350/1030] loss = 0.536412
[e342 s0400/1030] loss = 0.582986
[e342 s0450/1030] loss = 0.568269
[e342 s0500/1030] loss = 0.598656
[e342 s0550/1030] loss = 0.603066
[e342 s0600/1030] loss = 0.665869
[e342 s0650/1030] loss = 0.640635
[e342 s0700/1030] loss = 0.626219
[e342 s0750/1030] loss = 0.613778
[e342 s0800/1030] loss = 0.602695
[e342 s0850/1030] loss = 0.590320
[e342 s0900/1030] loss = 0.592554
[e342 s0950/1030] loss = 0.582247
[e342 s1000/1030] loss = 0.598303
Epoch 342: train_loss = 0.588025  MAE/GAME0 = 32.343  RMSE = 63.840  GAME1 = 33.924  GAME2 = 35.986  GAME3 = 37.969  lr = 6.36e-07  kd = 1.00  time = 14.9s
[e343 s0001/1030] loss = 0.100839
[e343 s0050/1030] loss = 0.386155
[e343 s0100/1030] loss = 0.327441
[e343 s0150/1030] loss = 1.492581
[e343 s0200/1030] loss = 1.587633
[e343 s0250/1030] loss = 1.379476
[e343 s0300/1030] loss = 1.226984
[e343 s0350/1030] loss = 1.093265
[e343 s0400/1030] loss = 1.031880
[e343 s0450/1030] loss = 0.992036
[e343 s0500/1030] loss = 0.958578
[e343 s0550/1030] loss = 0.893913
[e343 s0600/1030] loss = 0.860113
[e343 s0650/1030] loss = 0.816771
[e343 s0700/1030] loss = 0.803579
[e343 s0750/1030] loss = 0.845085
[e343 s0800/1030] loss = 0.809739
[e343 s0850/1030] loss = 0.800417
[e343 s0900/1030] loss = 0.788958
[e343 s0950/1030] loss = 0.767554
[e343 s1000/1030] loss = 0.756882
Epoch 343: train_loss = 0.745409  MAE/GAME0 = 32.803  RMSE = 64.063  GAME1 = 34.231  GAME2 = 36.160  GAME3 = 38.035  lr = 6.15e-07  kd = 1.00  time = 14.8s
[e344 s0001/1030] loss = 0.420832
[e344 s0050/1030] loss = 0.665355
[e344 s0100/1030] loss = 0.691778
[e344 s0150/1030] loss = 0.601288
[e344 s0200/1030] loss = 2.203676
[e344 s0250/1030] loss = 1.820659
[e344 s0300/1030] loss = 1.600242
[e344 s0350/1030] loss = 1.443035
[e344 s0400/1030] loss = 1.345188
[e344 s0450/1030] loss = 1.259472
[e344 s0500/1030] loss = 1.190209
[e344 s0550/1030] loss = 1.151223
[e344 s0600/1030] loss = 1.074629
[e344 s0650/1030] loss = 1.009192
[e344 s0700/1030] loss = 0.953257
[e344 s0750/1030] loss = 0.918556
[e344 s0800/1030] loss = 0.926044
[e344 s0850/1030] loss = 0.917121
[e344 s0900/1030] loss = 0.903676
[e344 s0950/1030] loss = 0.870326
[e344 s1000/1030] loss = 0.852933
Epoch 344: train_loss = 0.835398  MAE/GAME0 = 36.604  RMSE = 66.742  GAME1 = 37.543  GAME2 = 39.025  GAME3 = 40.371  lr = 5.95e-07  kd = 1.00  time = 15.0s
[e345 s0001/1030] loss = 0.001145
[e345 s0050/1030] loss = 0.404930
[e345 s0100/1030] loss = 1.254693
[e345 s0150/1030] loss = 1.178199
[e345 s0200/1030] loss = 0.984705
[e345 s0250/1030] loss = 0.855222
[e345 s0300/1030] loss = 0.777905
[e345 s0350/1030] loss = 0.729354
[e345 s0400/1030] loss = 0.713407
[e345 s0450/1030] loss = 0.664657
[e345 s0500/1030] loss = 0.673517
[e345 s0550/1030] loss = 0.667164
[e345 s0600/1030] loss = 0.637269
[e345 s0650/1030] loss = 0.620057
[e345 s0700/1030] loss = 0.613088
[e345 s0750/1030] loss = 0.598544
[e345 s0800/1030] loss = 0.612048
[e345 s0850/1030] loss = 0.599912
[e345 s0900/1030] loss = 0.594211
[e345 s0950/1030] loss = 0.579272
[e345 s1000/1030] loss = 0.562591
Epoch 345: train_loss = 0.553677  MAE/GAME0 = 34.885  RMSE = 65.649  GAME1 = 36.025  GAME2 = 37.750  GAME3 = 39.327  lr = 5.74e-07  kd = 1.00  time = 15.4s
[e346 s0001/1030] loss = 1.673565
[e346 s0050/1030] loss = 0.342581
[e346 s0100/1030] loss = 0.424225
[e346 s0150/1030] loss = 0.482952
[e346 s0200/1030] loss = 0.423849
[e346 s0250/1030] loss = 0.464268
[e346 s0300/1030] loss = 0.497893
[e346 s0350/1030] loss = 0.469728
[e346 s0400/1030] loss = 0.477183
[e346 s0450/1030] loss = 0.487633
[e346 s0500/1030] loss = 0.856642
[e346 s0550/1030] loss = 0.813105
[e346 s0600/1030] loss = 0.800409
[e346 s0650/1030] loss = 0.797931
[e346 s0700/1030] loss = 0.784519
[e346 s0750/1030] loss = 0.755653
[e346 s0800/1030] loss = 0.730261
[e346 s0850/1030] loss = 0.716075
[e346 s0900/1030] loss = 0.703926
[e346 s0950/1030] loss = 0.694603
[e346 s1000/1030] loss = 0.691382
Epoch 346: train_loss = 0.730826  MAE/GAME0 = 33.854  RMSE = 64.498  GAME1 = 35.128  GAME2 = 36.966  GAME3 = 38.692  lr = 5.54e-07  kd = 1.00  time = 15.0s
[e347 s0001/1030] loss = 0.341679
[e347 s0050/1030] loss = 0.305309
[e347 s0100/1030] loss = 0.474147
[e347 s0150/1030] loss = 0.464484
[e347 s0200/1030] loss = 0.596226
[e347 s0250/1030] loss = 0.561977
[e347 s0300/1030] loss = 0.539199
[e347 s0350/1030] loss = 0.560405
[e347 s0400/1030] loss = 0.533649
[e347 s0450/1030] loss = 0.517292
[e347 s0500/1030] loss = 0.502005
[e347 s0550/1030] loss = 0.496177
[e347 s0600/1030] loss = 0.479988
[e347 s0650/1030] loss = 0.485382
[e347 s0700/1030] loss = 0.527502
[e347 s0750/1030] loss = 0.531974
[e347 s0800/1030] loss = 0.678248
[e347 s0850/1030] loss = 0.710643
[e347 s0900/1030] loss = 0.695303
[e347 s0950/1030] loss = 0.687168
[e347 s1000/1030] loss = 0.678107
Epoch 347: train_loss = 0.666247  MAE/GAME0 = 32.452  RMSE = 63.340  GAME1 = 33.844  GAME2 = 35.765  GAME3 = 37.643  lr = 5.35e-07  kd = 1.00  time = 15.0s
[e348 s0001/1030] loss = 0.118975
[e348 s0050/1030] loss = 0.617371
[e348 s0100/1030] loss = 0.540097
[e348 s0150/1030] loss = 2.084705
[e348 s0200/1030] loss = 1.620224
[e348 s0250/1030] loss = 1.403912
[e348 s0300/1030] loss = 1.399903
[e348 s0350/1030] loss = 1.461686
[e348 s0400/1030] loss = 1.335883
[e348 s0450/1030] loss = 1.224000
[e348 s0500/1030] loss = 1.144824
[e348 s0550/1030] loss = 1.069044
[e348 s0600/1030] loss = 1.010503
[e348 s0650/1030] loss = 0.980266
[e348 s0700/1030] loss = 0.939510
[e348 s0750/1030] loss = 0.899586
[e348 s0800/1030] loss = 0.881742
[e348 s0850/1030] loss = 0.859603
[e348 s0900/1030] loss = 0.871709
[e348 s0950/1030] loss = 0.862650
[e348 s1000/1030] loss = 0.838391
Epoch 348: train_loss = 0.820597  MAE/GAME0 = 35.698  RMSE = 65.800  GAME1 = 36.828  GAME2 = 38.531  GAME3 = 40.028  lr = 5.16e-07  kd = 1.00  time = 15.2s
[e349 s0001/1030] loss = 0.128674
[e349 s0050/1030] loss = 0.545444
[e349 s0100/1030] loss = 0.449876
[e349 s0150/1030] loss = 0.431606
[e349 s0200/1030] loss = 0.437479
[e349 s0250/1030] loss = 0.421224
[e349 s0300/1030] loss = 0.703956
[e349 s0350/1030] loss = 0.626760
[e349 s0400/1030] loss = 0.642928
[e349 s0450/1030] loss = 0.629918
[e349 s0500/1030] loss = 0.610934
[e349 s0550/1030] loss = 0.581844
[e349 s0600/1030] loss = 0.657207
[e349 s0650/1030] loss = 0.635015
[e349 s0700/1030] loss = 0.610878
[e349 s0750/1030] loss = 0.622129
[e349 s0800/1030] loss = 0.646338
[e349 s0850/1030] loss = 0.621280
[e349 s0900/1030] loss = 0.608745
[e349 s0950/1030] loss = 0.593470
[e349 s1000/1030] loss = 0.585131
Epoch 349: train_loss = 0.610416  MAE/GAME0 = 34.176  RMSE = 64.658  GAME1 = 35.376  GAME2 = 37.119  GAME3 = 38.769  lr = 4.97e-07  kd = 1.00  time = 15.0s
[e350 s0001/1030] loss = 0.959781
[e350 s0050/1030] loss = 0.305121
[e350 s0100/1030] loss = 0.763743
[e350 s0150/1030] loss = 0.691173
[e350 s0200/1030] loss = 0.634308
[e350 s0250/1030] loss = 0.559248
[e350 s0300/1030] loss = 0.643425
[e350 s0350/1030] loss = 0.585767
[e350 s0400/1030] loss = 0.554225
[e350 s0450/1030] loss = 0.555337
[e350 s0500/1030] loss = 1.020079
[e350 s0550/1030] loss = 0.989293
[e350 s0600/1030] loss = 0.936866
[e350 s0650/1030] loss = 0.901167
[e350 s0700/1030] loss = 0.850331
[e350 s0750/1030] loss = 0.829445
[e350 s0800/1030] loss = 0.816622
[e350 s0850/1030] loss = 0.802452
[e350 s0900/1030] loss = 0.780231
[e350 s0950/1030] loss = 0.755956
[e350 s1000/1030] loss = 0.743874
Epoch 350: train_loss = 0.733621  MAE/GAME0 = 31.544  RMSE = 63.077  GAME1 = 33.272  GAME2 = 35.413  GAME3 = 37.527  lr = 4.78e-07  kd = 1.00  time = 15.0s
[e351 s0001/1030] loss = 0.182428
[e351 s0050/1030] loss = 0.630800
[e351 s0100/1030] loss = 0.480117
[e351 s0150/1030] loss = 0.460711
[e351 s0200/1030] loss = 0.455032
[e351 s0250/1030] loss = 0.500843
[e351 s0300/1030] loss = 0.508803
[e351 s0350/1030] loss = 0.492363
[e351 s0400/1030] loss = 0.567571
[e351 s0450/1030] loss = 0.542038
[e351 s0500/1030] loss = 0.579425
[e351 s0550/1030] loss = 0.562253
[e351 s0600/1030] loss = 0.560288
[e351 s0650/1030] loss = 0.984802
[e351 s0700/1030] loss = 0.934826
[e351 s0750/1030] loss = 0.897688
[e351 s0800/1030] loss = 0.868528
[e351 s0850/1030] loss = 0.840738
[e351 s0900/1030] loss = 0.827422
[e351 s0950/1030] loss = 0.827669
[e351 s1000/1030] loss = 0.827792
Epoch 351: train_loss = 0.832933  MAE/GAME0 = 35.090  RMSE = 65.592  GAME1 = 36.225  GAME2 = 37.917  GAME3 = 39.471  lr = 4.60e-07  kd = 1.00  time = 14.9s
[e352 s0001/1030] loss = 0.284903
[e352 s0050/1030] loss = 0.386575
[e352 s0100/1030] loss = 0.429667
[e352 s0150/1030] loss = 0.384641
[e352 s0200/1030] loss = 0.389510
[e352 s0250/1030] loss = 0.446641
[e352 s0300/1030] loss = 1.356463
[e352 s0350/1030] loss = 1.211814
[e352 s0400/1030] loss = 1.163877
[e352 s0450/1030] loss = 1.062657
[e352 s0500/1030] loss = 0.996426
[e352 s0550/1030] loss = 0.941705
[e352 s0600/1030] loss = 0.965381
[e352 s0650/1030] loss = 0.921018
[e352 s0700/1030] loss = 0.906550
[e352 s0750/1030] loss = 0.865730
[e352 s0800/1030] loss = 0.834857
[e352 s0850/1030] loss = 0.802781
[e352 s0900/1030] loss = 0.794140
[e352 s0950/1030] loss = 0.797380
[e352 s1000/1030] loss = 0.783802
Epoch 352: train_loss = 0.782643  MAE/GAME0 = 32.987  RMSE = 63.797  GAME1 = 34.336  GAME2 = 36.224  GAME3 = 38.055  lr = 4.42e-07  kd = 1.00  time = 14.9s
[e353 s0001/1030] loss = 1.325622
[e353 s0050/1030] loss = 0.723006
[e353 s0100/1030] loss = 0.563684
[e353 s0150/1030] loss = 0.521540
[e353 s0200/1030] loss = 0.494787
[e353 s0250/1030] loss = 0.464416
[e353 s0300/1030] loss = 0.503941
[e353 s0350/1030] loss = 0.543571
[e353 s0400/1030] loss = 0.530800
[e353 s0450/1030] loss = 0.515350
[e353 s0500/1030] loss = 0.501390
[e353 s0550/1030] loss = 0.506414
[e353 s0600/1030] loss = 0.488813
[e353 s0650/1030] loss = 0.504199
[e353 s0700/1030] loss = 0.485020
[e353 s0750/1030] loss = 0.478576
[e353 s0800/1030] loss = 0.893433
[e353 s0850/1030] loss = 0.862011
[e353 s0900/1030] loss = 0.903537
[e353 s0950/1030] loss = 0.877409
[e353 s1000/1030] loss = 0.851641
Epoch 353: train_loss = 0.843677  MAE/GAME0 = 33.753  RMSE = 64.304  GAME1 = 34.969  GAME2 = 36.743  GAME3 = 38.442  lr = 4.24e-07  kd = 1.00  time = 14.8s
[e354 s0001/1030] loss = 0.322306
[e354 s0050/1030] loss = 0.551400
[e354 s0100/1030] loss = 0.787861
[e354 s0150/1030] loss = 0.763522
[e354 s0200/1030] loss = 0.662866
[e354 s0250/1030] loss = 0.600553
[e354 s0300/1030] loss = 0.869291
[e354 s0350/1030] loss = 0.784340
[e354 s0400/1030] loss = 0.734638
[e354 s0450/1030] loss = 0.744298
[e354 s0500/1030] loss = 0.700581
[e354 s0550/1030] loss = 0.713220
[e354 s0600/1030] loss = 0.673254
[e354 s0650/1030] loss = 0.659352
[e354 s0700/1030] loss = 0.641035
[e354 s0750/1030] loss = 0.635935
[e354 s0800/1030] loss = 0.629839
[e354 s0850/1030] loss = 0.614302
[e354 s0900/1030] loss = 0.610706
[e354 s0950/1030] loss = 0.606812
[e354 s1000/1030] loss = 0.603906
Epoch 354: train_loss = 0.593478  MAE/GAME0 = 30.614  RMSE = 61.798  GAME1 = 32.225  GAME2 = 34.314  GAME3 = 36.452  lr = 4.07e-07  kd = 1.00  time = 14.8s
[e355 s0001/1030] loss = 0.030703
[e355 s0050/1030] loss = 0.319859
[e355 s0100/1030] loss = 0.347732
[e355 s0150/1030] loss = 0.431178
[e355 s0200/1030] loss = 0.420634
[e355 s0250/1030] loss = 0.453098
[e355 s0300/1030] loss = 0.481617
[e355 s0350/1030] loss = 0.481845
[e355 s0400/1030] loss = 0.493967
[e355 s0450/1030] loss = 0.505836
[e355 s0500/1030] loss = 0.530905
[e355 s0550/1030] loss = 0.506650
[e355 s0600/1030] loss = 0.485663
[e355 s0650/1030] loss = 0.474979
[e355 s0700/1030] loss = 0.473069
[e355 s0750/1030] loss = 0.466595
[e355 s0800/1030] loss = 0.462405
[e355 s0850/1030] loss = 0.473652
[e355 s0900/1030] loss = 0.466514
[e355 s0950/1030] loss = 0.681388
[e355 s1000/1030] loss = 0.671081
Epoch 355: train_loss = 0.661466  MAE/GAME0 = 32.959  RMSE = 63.742  GAME1 = 34.294  GAME2 = 36.161  GAME3 = 37.966  lr = 3.90e-07  kd = 1.00  time = 15.0s
[e356 s0001/1030] loss = 1.915503
[e356 s0050/1030] loss = 0.533470
[e356 s0100/1030] loss = 0.571930
[e356 s0150/1030] loss = 0.486287
[e356 s0200/1030] loss = 0.525898
[e356 s0250/1030] loss = 0.458089
[e356 s0300/1030] loss = 0.449112
[e356 s0350/1030] loss = 0.430278
[e356 s0400/1030] loss = 0.414193
[e356 s0450/1030] loss = 0.416811
[e356 s0500/1030] loss = 0.487178
[e356 s0550/1030] loss = 0.488628
[e356 s0600/1030] loss = 0.730901
[e356 s0650/1030] loss = 0.717886
[e356 s0700/1030] loss = 0.691291
[e356 s0750/1030] loss = 0.682968
[e356 s0800/1030] loss = 0.683176
[e356 s0850/1030] loss = 0.688833
[e356 s0900/1030] loss = 0.688455
[e356 s0950/1030] loss = 0.685859
[e356 s1000/1030] loss = 0.671169
Epoch 356: train_loss = 0.659254  MAE/GAME0 = 34.983  RMSE = 65.477  GAME1 = 36.048  GAME2 = 37.657  GAME3 = 39.174  lr = 3.74e-07  kd = 1.00  time = 15.0s
[e357 s0001/1030] loss = 0.116675
[e357 s0050/1030] loss = 0.682878
[e357 s0100/1030] loss = 0.536262
[e357 s0150/1030] loss = 0.551907
[e357 s0200/1030] loss = 0.485620
[e357 s0250/1030] loss = 0.457521
[e357 s0300/1030] loss = 0.497173
[e357 s0350/1030] loss = 0.510302
[e357 s0400/1030] loss = 0.526687
[e357 s0450/1030] loss = 0.506427
[e357 s0500/1030] loss = 0.496063
[e357 s0550/1030] loss = 0.491236
[e357 s0600/1030] loss = 1.008651
[e357 s0650/1030] loss = 0.971661
[e357 s0700/1030] loss = 0.928181
[e357 s0750/1030] loss = 0.886319
[e357 s0800/1030] loss = 0.855412
[e357 s0850/1030] loss = 0.845278
[e357 s0900/1030] loss = 0.816889
[e357 s0950/1030] loss = 0.788792
[e357 s1000/1030] loss = 0.768017
Epoch 357: train_loss = 0.755924  MAE/GAME0 = 34.726  RMSE = 65.381  GAME1 = 35.872  GAME2 = 37.561  GAME3 = 39.134  lr = 3.58e-07  kd = 1.00  time = 15.5s
[e358 s0001/1030] loss = 0.026577
[e358 s0050/1030] loss = 0.250178
[e358 s0100/1030] loss = 0.866653
[e358 s0150/1030] loss = 0.734394
[e358 s0200/1030] loss = 0.672106
[e358 s0250/1030] loss = 0.625859
[e358 s0300/1030] loss = 0.625357
[e358 s0350/1030] loss = 0.664830
[e358 s0400/1030] loss = 0.665710
[e358 s0450/1030] loss = 0.623473
[e358 s0500/1030] loss = 0.604045
[e358 s0550/1030] loss = 0.642520
[e358 s0600/1030] loss = 0.614454
[e358 s0650/1030] loss = 0.744758
[e358 s0700/1030] loss = 0.712333
[e358 s0750/1030] loss = 0.682414
[e358 s0800/1030] loss = 0.669825
[e358 s0850/1030] loss = 0.670881
[e358 s0900/1030] loss = 0.659699
[e358 s0950/1030] loss = 0.659358
[e358 s1000/1030] loss = 0.643435
Epoch 358: train_loss = 0.631665  MAE/GAME0 = 34.081  RMSE = 64.627  GAME1 = 35.246  GAME2 = 36.974  GAME3 = 38.620  lr = 3.42e-07  kd = 1.00  time = 15.0s
[e359 s0001/1030] loss = 0.100490
[e359 s0050/1030] loss = 0.530967
[e359 s0100/1030] loss = 0.483561
[e359 s0150/1030] loss = 0.481123
[e359 s0200/1030] loss = 0.429305
[e359 s0250/1030] loss = 0.463075
[e359 s0300/1030] loss = 0.654141
[e359 s0350/1030] loss = 0.603976
[e359 s0400/1030] loss = 0.578891
[e359 s0450/1030] loss = 0.560434
[e359 s0500/1030] loss = 0.528793
[e359 s0550/1030] loss = 0.583177
[e359 s0600/1030] loss = 0.577278
[e359 s0650/1030] loss = 0.554023
[e359 s0700/1030] loss = 0.535444
[e359 s0750/1030] loss = 0.525603
[e359 s0800/1030] loss = 0.539116
[e359 s0850/1030] loss = 0.645821
[e359 s0900/1030] loss = 0.643065
[e359 s0950/1030] loss = 0.648771
[e359 s1000/1030] loss = 0.635754
Epoch 359: train_loss = 0.624787  MAE/GAME0 = 32.798  RMSE = 63.907  GAME1 = 34.256  GAME2 = 36.233  GAME3 = 38.113  lr = 3.26e-07  kd = 1.00  time = 16.3s
[e360 s0001/1030] loss = 1.223476
[e360 s0050/1030] loss = 0.654580
[e360 s0100/1030] loss = 0.663639
[e360 s0150/1030] loss = 0.594831
[e360 s0200/1030] loss = 0.541080
[e360 s0250/1030] loss = 0.494436
[e360 s0300/1030] loss = 0.465295
[e360 s0350/1030] loss = 1.379266
[e360 s0400/1030] loss = 1.255143
[e360 s0450/1030] loss = 1.151162
[e360 s0500/1030] loss = 1.079529
[e360 s0550/1030] loss = 1.035979
[e360 s0600/1030] loss = 0.973364
[e360 s0650/1030] loss = 0.927705
[e360 s0700/1030] loss = 0.885623
[e360 s0750/1030] loss = 0.907770
[e360 s0800/1030] loss = 0.899874
[e360 s0850/1030] loss = 0.872940
[e360 s0900/1030] loss = 0.843057
[e360 s0950/1030] loss = 0.962844
[e360 s1000/1030] loss = 0.950274
Epoch 360: train_loss = 0.954112  MAE/GAME0 = 32.568  RMSE = 63.713  GAME1 = 34.000  GAME2 = 35.972  GAME3 = 37.863  lr = 3.11e-07  kd = 1.00  time = 15.1s
[e361 s0001/1030] loss = 0.132370
[e361 s0050/1030] loss = 0.276340
[e361 s0100/1030] loss = 0.504425
[e361 s0150/1030] loss = 0.467754
[e361 s0200/1030] loss = 0.470483
[e361 s0250/1030] loss = 0.477770
[e361 s0300/1030] loss = 0.480937
[e361 s0350/1030] loss = 0.531068
[e361 s0400/1030] loss = 0.550077
[e361 s0450/1030] loss = 0.573300
[e361 s0500/1030] loss = 0.588666
[e361 s0550/1030] loss = 0.567766
[e361 s0600/1030] loss = 0.562374
[e361 s0650/1030] loss = 0.541645
[e361 s0700/1030] loss = 0.673456
[e361 s0750/1030] loss = 0.665902
[e361 s0800/1030] loss = 0.661278
[e361 s0850/1030] loss = 0.671201
[e361 s0900/1030] loss = 0.679588
[e361 s0950/1030] loss = 0.662217
[e361 s1000/1030] loss = 0.655934
Epoch 361: train_loss = 0.673803  MAE/GAME0 = 32.444  RMSE = 63.696  GAME1 = 33.835  GAME2 = 35.772  GAME3 = 37.655  lr = 2.96e-07  kd = 1.00  time = 15.0s
[e362 s0001/1030] loss = 0.237304
[e362 s0050/1030] loss = 0.489545
[e362 s0100/1030] loss = 2.317297
[e362 s0150/1030] loss = 1.750735
[e362 s0200/1030] loss = 1.389994
[e362 s0250/1030] loss = 1.293249
[e362 s0300/1030] loss = 1.159484
[e362 s0350/1030] loss = 1.062095
[e362 s0400/1030] loss = 0.982902
[e362 s0450/1030] loss = 0.924860
[e362 s0500/1030] loss = 0.922969
[e362 s0550/1030] loss = 0.917148
[e362 s0600/1030] loss = 0.876690
[e362 s0650/1030] loss = 0.841845
[e362 s0700/1030] loss = 0.807786
[e362 s0750/1030] loss = 0.798237
[e362 s0800/1030] loss = 0.771731
[e362 s0850/1030] loss = 0.760931
[e362 s0900/1030] loss = 0.736698
[e362 s0950/1030] loss = 0.715671
[e362 s1000/1030] loss = 0.751400
Epoch 362: train_loss = 0.738590  MAE/GAME0 = 30.681  RMSE = 62.252  GAME1 = 32.380  GAME2 = 34.541  GAME3 = 36.724  lr = 2.82e-07  kd = 1.00  time = 15.2s
[e363 s0001/1030] loss = 0.118290
[e363 s0050/1030] loss = 0.846879
[e363 s0100/1030] loss = 0.565812
[e363 s0150/1030] loss = 0.593099
[e363 s0200/1030] loss = 0.561528
[e363 s0250/1030] loss = 0.517643
[e363 s0300/1030] loss = 0.528731
[e363 s0350/1030] loss = 0.560431
[e363 s0400/1030] loss = 0.540679
[e363 s0450/1030] loss = 0.509163
[e363 s0500/1030] loss = 0.490056
[e363 s0550/1030] loss = 0.479572
[e363 s0600/1030] loss = 0.494304
[e363 s0650/1030] loss = 0.493821
[e363 s0700/1030] loss = 0.482193
[e363 s0750/1030] loss = 0.489476
[e363 s0800/1030] loss = 0.490525
[e363 s0850/1030] loss = 0.489170
[e363 s0900/1030] loss = 0.624714
[e363 s0950/1030] loss = 0.606616
[e363 s1000/1030] loss = 0.600493
Epoch 363: train_loss = 0.590714  MAE/GAME0 = 32.554  RMSE = 63.841  GAME1 = 34.122  GAME2 = 36.164  GAME3 = 38.113  lr = 2.68e-07  kd = 1.00  time = 14.9s
[e364 s0001/1030] loss = 2.996202
[e364 s0050/1030] loss = 1.106271
[e364 s0100/1030] loss = 0.757073
[e364 s0150/1030] loss = 0.730895
[e364 s0200/1030] loss = 0.639423
[e364 s0250/1030] loss = 0.564869
[e364 s0300/1030] loss = 0.655068
[e364 s0350/1030] loss = 0.629378
[e364 s0400/1030] loss = 0.585294
[e364 s0450/1030] loss = 0.617535
[e364 s0500/1030] loss = 0.649439
[e364 s0550/1030] loss = 0.612064
[e364 s0600/1030] loss = 0.590341
[e364 s0650/1030] loss = 0.589513
[e364 s0700/1030] loss = 0.570939
[e364 s0750/1030] loss = 0.553299
[e364 s0800/1030] loss = 0.552061
[e364 s0850/1030] loss = 0.539272
[e364 s0900/1030] loss = 0.530002
[e364 s0950/1030] loss = 0.530129
[e364 s1000/1030] loss = 0.580077
Epoch 364: train_loss = 0.569619  MAE/GAME0 = 32.578  RMSE = 63.816  GAME1 = 33.946  GAME2 = 35.873  GAME3 = 37.741  lr = 2.54e-07  kd = 1.00  time = 15.1s
[e365 s0001/1030] loss = 0.167767
[e365 s0050/1030] loss = 0.404793
[e365 s0100/1030] loss = 0.336985
[e365 s0150/1030] loss = 0.441052
[e365 s0200/1030] loss = 0.425942
[e365 s0250/1030] loss = 0.392990
[e365 s0300/1030] loss = 0.438159
[e365 s0350/1030] loss = 0.426199
[e365 s0400/1030] loss = 0.611361
[e365 s0450/1030] loss = 0.650436
[e365 s0500/1030] loss = 0.609095
[e365 s0550/1030] loss = 0.678353
[e365 s0600/1030] loss = 0.666054
[e365 s0650/1030] loss = 0.634694
[e365 s0700/1030] loss = 0.608602
[e365 s0750/1030] loss = 0.629581
[e365 s0800/1030] loss = 0.609869
[e365 s0850/1030] loss = 0.791127
[e365 s0900/1030] loss = 0.771810
[e365 s0950/1030] loss = 0.781801
[e365 s1000/1030] loss = 0.759854
Epoch 365: train_loss = 0.756617  MAE/GAME0 = 34.618  RMSE = 65.416  GAME1 = 35.838  GAME2 = 37.635  GAME3 = 39.269  lr = 2.41e-07  kd = 1.00  time = 15.0s
[e366 s0001/1030] loss = 0.255817
[e366 s0050/1030] loss = 0.444351
[e366 s0100/1030] loss = 0.487612
[e366 s0150/1030] loss = 0.418118
[e366 s0200/1030] loss = 0.403883
[e366 s0250/1030] loss = 0.441794
[e366 s0300/1030] loss = 1.468629
[e366 s0350/1030] loss = 1.485006
[e366 s0400/1030] loss = 1.389402
[e366 s0450/1030] loss = 1.280960
[e366 s0500/1030] loss = 1.202925
[e366 s0550/1030] loss = 1.139812
[e366 s0600/1030] loss = 1.088255
[e366 s0650/1030] loss = 1.050043
[e366 s0700/1030] loss = 1.027407
[e366 s0750/1030] loss = 1.025223
[e366 s0800/1030] loss = 1.010937
[e366 s0850/1030] loss = 0.997991
[e366 s0900/1030] loss = 0.971392
[e366 s0950/1030] loss = 0.948332
[e366 s1000/1030] loss = 0.921992
Epoch 366: train_loss = 0.909284  MAE/GAME0 = 33.518  RMSE = 64.392  GAME1 = 34.729  GAME2 = 36.510  GAME3 = 38.225  lr = 2.28e-07  kd = 1.00  time = 15.1s
[e367 s0001/1030] loss = 0.566204
[e367 s0050/1030] loss = 0.376643
[e367 s0100/1030] loss = 0.355046
[e367 s0150/1030] loss = 0.362698
[e367 s0200/1030] loss = 2.162593
[e367 s0250/1030] loss = 1.819099
[e367 s0300/1030] loss = 1.601838
[e367 s0350/1030] loss = 1.415124
[e367 s0400/1030] loss = 1.277428
[e367 s0450/1030] loss = 1.187854
[e367 s0500/1030] loss = 1.124283
[e367 s0550/1030] loss = 1.059816
[e367 s0600/1030] loss = 1.012104
[e367 s0650/1030] loss = 0.959020
[e367 s0700/1030] loss = 0.922943
[e367 s0750/1030] loss = 0.883469
[e367 s0800/1030] loss = 0.862331
[e367 s0850/1030] loss = 0.854273
[e367 s0900/1030] loss = 0.826584
[e367 s0950/1030] loss = 0.841539
[e367 s1000/1030] loss = 0.827785
Epoch 367: train_loss = 0.818908  MAE/GAME0 = 31.422  RMSE = 63.056  GAME1 = 32.933  GAME2 = 34.970  GAME3 = 37.015  lr = 2.16e-07  kd = 1.00  time = 15.0s
[e368 s0001/1030] loss = 0.585938
[e368 s0050/1030] loss = 0.521876
[e368 s0100/1030] loss = 0.432674
[e368 s0150/1030] loss = 0.538318
[e368 s0200/1030] loss = 0.609838
[e368 s0250/1030] loss = 0.563726
[e368 s0300/1030] loss = 0.574761
[e368 s0350/1030] loss = 0.570241
[e368 s0400/1030] loss = 0.529255
[e368 s0450/1030] loss = 0.541692
[e368 s0500/1030] loss = 0.576632
[e368 s0550/1030] loss = 0.821492
[e368 s0600/1030] loss = 0.856662
[e368 s0650/1030] loss = 0.836872
[e368 s0700/1030] loss = 0.805283
[e368 s0750/1030] loss = 0.778301
[e368 s0800/1030] loss = 0.754403
[e368 s0850/1030] loss = 0.734650
[e368 s0900/1030] loss = 0.750888
[e368 s0950/1030] loss = 0.735651
[e368 s1000/1030] loss = 0.738685
Epoch 368: train_loss = 0.734643  MAE/GAME0 = 34.259  RMSE = 65.054  GAME1 = 35.501  GAME2 = 37.326  GAME3 = 39.001  lr = 2.03e-07  kd = 1.00  time = 15.0s
[e369 s0001/1030] loss = 0.001035
[e369 s0050/1030] loss = 0.490948
[e369 s0100/1030] loss = 0.513750
[e369 s0150/1030] loss = 0.507568
[e369 s0200/1030] loss = 0.552926
[e369 s0250/1030] loss = 0.517281
[e369 s0300/1030] loss = 0.497846
[e369 s0350/1030] loss = 0.479781
[e369 s0400/1030] loss = 0.520177
[e369 s0450/1030] loss = 0.521480
[e369 s0500/1030] loss = 0.503503
[e369 s0550/1030] loss = 0.504937
[e369 s0600/1030] loss = 0.487794
[e369 s0650/1030] loss = 0.481242
[e369 s0700/1030] loss = 0.490366
[e369 s0750/1030] loss = 0.486455
[e369 s0800/1030] loss = 0.472902
[e369 s0850/1030] loss = 0.639573
[e369 s0900/1030] loss = 0.650987
[e369 s0950/1030] loss = 0.674155
[e369 s1000/1030] loss = 0.659716
Epoch 369: train_loss = 0.670592  MAE/GAME0 = 34.066  RMSE = 64.823  GAME1 = 35.261  GAME2 = 37.042  GAME3 = 38.710  lr = 1.92e-07  kd = 1.00  time = 15.1s
[e370 s0001/1030] loss = 0.233423
[e370 s0050/1030] loss = 0.255589
[e370 s0100/1030] loss = 0.266709
[e370 s0150/1030] loss = 0.258243
[e370 s0200/1030] loss = 0.307466
[e370 s0250/1030] loss = 0.359536
[e370 s0300/1030] loss = 0.363214
[e370 s0350/1030] loss = 0.370157
[e370 s0400/1030] loss = 0.396146
[e370 s0450/1030] loss = 0.418747
[e370 s0500/1030] loss = 0.428931
[e370 s0550/1030] loss = 0.422483
[e370 s0600/1030] loss = 0.445758
[e370 s0650/1030] loss = 0.436001
[e370 s0700/1030] loss = 0.461271
[e370 s0750/1030] loss = 0.447537
[e370 s0800/1030] loss = 0.449390
[e370 s0850/1030] loss = 0.449062
[e370 s0900/1030] loss = 0.762790
[e370 s0950/1030] loss = 0.771490
[e370 s1000/1030] loss = 0.754212
Epoch 370: train_loss = 0.783572  MAE/GAME0 = 31.395  RMSE = 62.835  GAME1 = 32.857  GAME2 = 34.900  GAME3 = 36.929  lr = 1.80e-07  kd = 1.00  time = 15.1s
[e371 s0001/1030] loss = 0.190980
[e371 s0050/1030] loss = 0.406286
[e371 s0100/1030] loss = 0.619327
[e371 s0150/1030] loss = 0.530685
[e371 s0200/1030] loss = 0.482849
[e371 s0250/1030] loss = 0.453865
[e371 s0300/1030] loss = 0.463037
[e371 s0350/1030] loss = 0.432431
[e371 s0400/1030] loss = 0.435493
[e371 s0450/1030] loss = 0.452579
[e371 s0500/1030] loss = 0.432818
[e371 s0550/1030] loss = 0.420393
[e371 s0600/1030] loss = 0.438626
[e371 s0650/1030] loss = 0.437233
[e371 s0700/1030] loss = 0.420357
[e371 s0750/1030] loss = 0.442691
[e371 s0800/1030] loss = 0.437296
[e371 s0850/1030] loss = 0.434147
[e371 s0900/1030] loss = 0.747491
[e371 s0950/1030] loss = 0.742069
[e371 s1000/1030] loss = 0.738872
Epoch 371: train_loss = 0.726209  MAE/GAME0 = 32.510  RMSE = 63.737  GAME1 = 33.950  GAME2 = 35.942  GAME3 = 37.860  lr = 1.69e-07  kd = 1.00  time = 15.2s
[e372 s0001/1030] loss = 0.180651
[e372 s0050/1030] loss = 0.308471
[e372 s0100/1030] loss = 0.576116
[e372 s0150/1030] loss = 0.482144
[e372 s0200/1030] loss = 0.522660
[e372 s0250/1030] loss = 0.584024
[e372 s0300/1030] loss = 0.546507
[e372 s0350/1030] loss = 0.559328
[e372 s0400/1030] loss = 0.558594
[e372 s0450/1030] loss = 0.540976
[e372 s0500/1030] loss = 0.742987
[e372 s0550/1030] loss = 0.751055
[e372 s0600/1030] loss = 0.729296
[e372 s0650/1030] loss = 0.703112
[e372 s0700/1030] loss = 0.681061
[e372 s0750/1030] loss = 0.655649
[e372 s0800/1030] loss = 0.677716
[e372 s0850/1030] loss = 0.661041
[e372 s0900/1030] loss = 0.689805
[e372 s0950/1030] loss = 0.682767
[e372 s1000/1030] loss = 0.681181
Epoch 372: train_loss = 0.675596  MAE/GAME0 = 33.025  RMSE = 64.088  GAME1 = 34.381  GAME2 = 36.295  GAME3 = 38.125  lr = 1.58e-07  kd = 1.00  time = 14.9s
[e373 s0001/1030] loss = 0.000838
[e373 s0050/1030] loss = 0.325979
[e373 s0100/1030] loss = 0.388990
[e373 s0150/1030] loss = 0.411462
[e373 s0200/1030] loss = 0.395236
[e373 s0250/1030] loss = 0.365640
[e373 s0300/1030] loss = 0.399643
[e373 s0350/1030] loss = 0.422624
[e373 s0400/1030] loss = 0.443753
[e373 s0450/1030] loss = 0.437373
[e373 s0500/1030] loss = 0.519355
[e373 s0550/1030] loss = 0.509070
[e373 s0600/1030] loss = 0.623512
[e373 s0650/1030] loss = 0.643188
[e373 s0700/1030] loss = 0.653216
[e373 s0750/1030] loss = 0.631788
[e373 s0800/1030] loss = 0.613893
[e373 s0850/1030] loss = 0.608630
[e373 s0900/1030] loss = 0.611926
[e373 s0950/1030] loss = 0.596922
[e373 s1000/1030] loss = 0.594337
Epoch 373: train_loss = 0.592592  MAE/GAME0 = 32.867  RMSE = 63.932  GAME1 = 34.206  GAME2 = 36.114  GAME3 = 37.954  lr = 1.48e-07  kd = 1.00  time = 15.0s
[e374 s0001/1030] loss = 0.081053
[e374 s0050/1030] loss = 0.332749
[e374 s0100/1030] loss = 0.336586
[e374 s0150/1030] loss = 0.316092
[e374 s0200/1030] loss = 0.314900
[e374 s0250/1030] loss = 0.346598
[e374 s0300/1030] loss = 0.371223
[e374 s0350/1030] loss = 0.387171
[e374 s0400/1030] loss = 0.414819
[e374 s0450/1030] loss = 0.444050
[e374 s0500/1030] loss = 0.431045
[e374 s0550/1030] loss = 1.023693
[e374 s0600/1030] loss = 1.002597
[e374 s0650/1030] loss = 0.969584
[e374 s0700/1030] loss = 0.955415
[e374 s0750/1030] loss = 0.919918
[e374 s0800/1030] loss = 0.891981
[e374 s0850/1030] loss = 0.869771
[e374 s0900/1030] loss = 0.846526
[e374 s0950/1030] loss = 0.820513
[e374 s1000/1030] loss = 0.807822
Epoch 374: train_loss = 0.791376  MAE/GAME0 = 32.914  RMSE = 63.992  GAME1 = 34.248  GAME2 = 36.130  GAME3 = 37.957  lr = 1.38e-07  kd = 1.00  time = 14.8s
[e375 s0001/1030] loss = 1.136414
[e375 s0050/1030] loss = 0.895835
[e375 s0100/1030] loss = 2.868812
[e375 s0150/1030] loss = 2.049571
[e375 s0200/1030] loss = 1.749919
[e375 s0250/1030] loss = 1.661898
[e375 s0300/1030] loss = 1.424820
[e375 s0350/1030] loss = 1.297371
[e375 s0400/1030] loss = 1.187788
[e375 s0450/1030] loss = 1.076650
[e375 s0500/1030] loss = 1.008102
[e375 s0550/1030] loss = 0.943873
[e375 s0600/1030] loss = 0.895532
[e375 s0650/1030] loss = 0.853109
[e375 s0700/1030] loss = 0.830092
[e375 s0750/1030] loss = 0.807559
[e375 s0800/1030] loss = 0.936094
[e375 s0850/1030] loss = 0.902172
[e375 s0900/1030] loss = 0.882414
[e375 s0950/1030] loss = 0.866523
[e375 s1000/1030] loss = 0.867336
Epoch 375: train_loss = 0.849896  MAE/GAME0 = 31.971  RMSE = 63.269  GAME1 = 33.388  GAME2 = 35.331  GAME3 = 37.269  lr = 1.28e-07  kd = 1.00  time = 15.0s
[e376 s0001/1030] loss = 0.218021
[e376 s0050/1030] loss = 0.603004
[e376 s0100/1030] loss = 0.737722
[e376 s0150/1030] loss = 0.769782
[e376 s0200/1030] loss = 0.700843
[e376 s0250/1030] loss = 0.646632
[e376 s0300/1030] loss = 0.595385
[e376 s0350/1030] loss = 0.596490
[e376 s0400/1030] loss = 0.573461
[e376 s0450/1030] loss = 0.552543
[e376 s0500/1030] loss = 0.535443
[e376 s0550/1030] loss = 0.545490
[e376 s0600/1030] loss = 0.536931
[e376 s0650/1030] loss = 0.547755
[e376 s0700/1030] loss = 0.722353
[e376 s0750/1030] loss = 0.709793
[e376 s0800/1030] loss = 0.683143
[e376 s0850/1030] loss = 0.697243
[e376 s0900/1030] loss = 0.677424
[e376 s0950/1030] loss = 0.664853
[e376 s1000/1030] loss = 0.646311
Epoch 376: train_loss = 0.637639  MAE/GAME0 = 33.391  RMSE = 64.386  GAME1 = 34.657  GAME2 = 36.490  GAME3 = 38.253  lr = 1.19e-07  kd = 1.00  time = 15.0s
[e377 s0001/1030] loss = 0.164930
[e377 s0050/1030] loss = 0.683924
[e377 s0100/1030] loss = 0.607238
[e377 s0150/1030] loss = 0.625429
[e377 s0200/1030] loss = 0.544382
[e377 s0250/1030] loss = 0.512897
[e377 s0300/1030] loss = 0.475587
[e377 s0350/1030] loss = 0.487695
[e377 s0400/1030] loss = 0.462055
[e377 s0450/1030] loss = 0.462674
[e377 s0500/1030] loss = 0.501293
[e377 s0550/1030] loss = 0.508668
[e377 s0600/1030] loss = 0.504725
[e377 s0650/1030] loss = 0.495054
[e377 s0700/1030] loss = 0.503222
[e377 s0750/1030] loss = 0.911105
[e377 s0800/1030] loss = 0.917451
[e377 s0850/1030] loss = 0.888085
[e377 s0900/1030] loss = 0.859469
[e377 s0950/1030] loss = 0.831837
[e377 s1000/1030] loss = 0.803890
Epoch 377: train_loss = 0.806462  MAE/GAME0 = 34.112  RMSE = 64.958  GAME1 = 35.348  GAME2 = 37.157  GAME3 = 38.848  lr = 1.10e-07  kd = 1.00  time = 15.0s
[e378 s0001/1030] loss = 0.077350
[e378 s0050/1030] loss = 0.186893
[e378 s0100/1030] loss = 0.396064
[e378 s0150/1030] loss = 0.871369
[e378 s0200/1030] loss = 0.769440
[e378 s0250/1030] loss = 0.660953
[e378 s0300/1030] loss = 1.263084
[e378 s0350/1030] loss = 1.130806
[e378 s0400/1030] loss = 1.051970
[e378 s0450/1030] loss = 1.056407
[e378 s0500/1030] loss = 0.988485
[e378 s0550/1030] loss = 0.971300
[e378 s0600/1030] loss = 0.922690
[e378 s0650/1030] loss = 0.879933
[e378 s0700/1030] loss = 0.840193
[e378 s0750/1030] loss = 0.805309
[e378 s0800/1030] loss = 0.788251
[e378 s0850/1030] loss = 0.769203
[e378 s0900/1030] loss = 0.757393
[e378 s0950/1030] loss = 0.733751
[e378 s1000/1030] loss = 0.710456
Epoch 378: train_loss = 0.701062  MAE/GAME0 = 34.091  RMSE = 64.919  GAME1 = 35.343  GAME2 = 37.169  GAME3 = 38.869  lr = 1.02e-07  kd = 1.00  time = 14.9s
[e379 s0001/1030] loss = 0.009488
[e379 s0050/1030] loss = 0.399248
[e379 s0100/1030] loss = 0.312096
[e379 s0150/1030] loss = 0.342062
[e379 s0200/1030] loss = 0.389438
[e379 s0250/1030] loss = 0.390064
[e379 s0300/1030] loss = 0.403925
[e379 s0350/1030] loss = 0.411475
[e379 s0400/1030] loss = 0.609717
[e379 s0450/1030] loss = 0.598021
[e379 s0500/1030] loss = 0.563265
[e379 s0550/1030] loss = 0.546639
[e379 s0600/1030] loss = 0.549387
[e379 s0650/1030] loss = 0.527949
[e379 s0700/1030] loss = 0.538652
[e379 s0750/1030] loss = 0.521636
[e379 s0800/1030] loss = 0.524462
[e379 s0850/1030] loss = 0.525977
[e379 s0900/1030] loss = 0.530798
[e379 s0950/1030] loss = 0.533705
[e379 s1000/1030] loss = 0.526919
Epoch 379: train_loss = 0.532093  MAE/GAME0 = 33.679  RMSE = 64.573  GAME1 = 34.930  GAME2 = 36.743  GAME3 = 38.472  lr = 9.36e-08  kd = 1.00  time = 14.9s
[e380 s0001/1030] loss = 0.082096
[e380 s0050/1030] loss = 0.426403
[e380 s0100/1030] loss = 0.424502
[e380 s0150/1030] loss = 0.448541
[e380 s0200/1030] loss = 0.422837
[e380 s0250/1030] loss = 0.415887
[e380 s0300/1030] loss = 0.393976
[e380 s0350/1030] loss = 0.454993
[e380 s0400/1030] loss = 0.475533
[e380 s0450/1030] loss = 0.449179
[e380 s0500/1030] loss = 0.447816
[e380 s0550/1030] loss = 0.434657
[e380 s0600/1030] loss = 0.426036
[e380 s0650/1030] loss = 0.431747
[e380 s0700/1030] loss = 0.426230
[e380 s0750/1030] loss = 0.418080
[e380 s0800/1030] loss = 0.477291
[e380 s0850/1030] loss = 0.970870
[e380 s0900/1030] loss = 0.950486
[e380 s0950/1030] loss = 0.919803
[e380 s1000/1030] loss = 0.897604
Epoch 380: train_loss = 0.888971  MAE/GAME0 = 32.415  RMSE = 63.610  GAME1 = 33.826  GAME2 = 35.778  GAME3 = 37.681  lr = 8.59e-08  kd = 1.00  time = 15.1s
[e381 s0001/1030] loss = 0.177144
[e381 s0050/1030] loss = 1.042320
[e381 s0100/1030] loss = 0.757298
[e381 s0150/1030] loss = 0.629890
[e381 s0200/1030] loss = 2.157265
[e381 s0250/1030] loss = 1.774364
[e381 s0300/1030] loss = 1.539473
[e381 s0350/1030] loss = 1.372978
[e381 s0400/1030] loss = 1.232306
[e381 s0450/1030] loss = 1.156238
[e381 s0500/1030] loss = 1.114561
[e381 s0550/1030] loss = 1.047933
[e381 s0600/1030] loss = 0.998948
[e381 s0650/1030] loss = 0.951443
[e381 s0700/1030] loss = 0.949865
[e381 s0750/1030] loss = 0.920289
[e381 s0800/1030] loss = 0.889471
[e381 s0850/1030] loss = 0.856406
[e381 s0900/1030] loss = 0.846422
[e381 s0950/1030] loss = 0.835378
[e381 s1000/1030] loss = 0.816477
Epoch 381: train_loss = 0.799286  MAE/GAME0 = 32.298  RMSE = 63.623  GAME1 = 33.789  GAME2 = 35.798  GAME3 = 37.751  lr = 7.85e-08  kd = 1.00  time = 15.1s
[e382 s0001/1030] loss = 0.074858
[e382 s0050/1030] loss = 0.502870
[e382 s0100/1030] loss = 0.632397
[e382 s0150/1030] loss = 1.068693
[e382 s0200/1030] loss = 0.912584
[e382 s0250/1030] loss = 0.801729
[e382 s0300/1030] loss = 0.746269
[e382 s0350/1030] loss = 0.746795
[e382 s0400/1030] loss = 0.754365
[e382 s0450/1030] loss = 0.709127
[e382 s0500/1030] loss = 1.210386
[e382 s0550/1030] loss = 1.130481
[e382 s0600/1030] loss = 1.055074
[e382 s0650/1030] loss = 1.011127
[e382 s0700/1030] loss = 0.962858
[e382 s0750/1030] loss = 0.919657
[e382 s0800/1030] loss = 0.887364
[e382 s0850/1030] loss = 0.882439
[e382 s0900/1030] loss = 0.890006
[e382 s0950/1030] loss = 0.857157
[e382 s1000/1030] loss = 0.860766
Epoch 382: train_loss = 0.846898  MAE/GAME0 = 33.251  RMSE = 64.335  GAME1 = 34.612  GAME2 = 36.513  GAME3 = 38.328  lr = 7.15e-08  kd = 1.00  time = 15.2s
[e383 s0001/1030] loss = 0.022987
[e383 s0050/1030] loss = 0.469633
[e383 s0100/1030] loss = 0.775933
[e383 s0150/1030] loss = 0.742448
[e383 s0200/1030] loss = 1.594281
[e383 s0250/1030] loss = 1.359842
[e383 s0300/1030] loss = 1.177404
[e383 s0350/1030] loss = 1.105692
[e383 s0400/1030] loss = 1.067578
[e383 s0450/1030] loss = 0.984175
[e383 s0500/1030] loss = 0.938341
[e383 s0550/1030] loss = 1.028436
[e383 s0600/1030] loss = 1.018004
[e383 s0650/1030] loss = 0.954007
[e383 s0700/1030] loss = 0.948706
[e383 s0750/1030] loss = 0.918461
[e383 s0800/1030] loss = 0.899407
[e383 s0850/1030] loss = 0.873198
[e383 s0900/1030] loss = 0.838894
[e383 s0950/1030] loss = 0.818884
[e383 s1000/1030] loss = 0.799292
Epoch 383: train_loss = 0.808557  MAE/GAME0 = 33.756  RMSE = 64.663  GAME1 = 35.024  GAME2 = 36.863  GAME3 = 38.601  lr = 6.49e-08  kd = 1.00  time = 15.1s
[e384 s0001/1030] loss = 0.000813
[e384 s0050/1030] loss = 3.584304
[e384 s0100/1030] loss = 1.927132
[e384 s0150/1030] loss = 1.456768
[e384 s0200/1030] loss = 1.253908
[e384 s0250/1030] loss = 1.186285
[e384 s0300/1030] loss = 1.103262
[e384 s0350/1030] loss = 1.048372
[e384 s0400/1030] loss = 0.952740
[e384 s0450/1030] loss = 0.905729
[e384 s0500/1030] loss = 0.889519
[e384 s0550/1030] loss = 0.841600
[e384 s0600/1030] loss = 0.816821
[e384 s0650/1030] loss = 0.779677
[e384 s0700/1030] loss = 0.737927
[e384 s0750/1030] loss = 0.712560
[e384 s0800/1030] loss = 0.687435
[e384 s0850/1030] loss = 0.700213
[e384 s0900/1030] loss = 0.675474
[e384 s0950/1030] loss = 0.665188
[e384 s1000/1030] loss = 0.700909
Epoch 384: train_loss = 0.696379  MAE/GAME0 = 32.776  RMSE = 63.968  GAME1 = 34.193  GAME2 = 36.149  GAME3 = 38.032  lr = 5.86e-08  kd = 1.00  time = 14.9s
[e385 s0001/1030] loss = 0.308606
[e385 s0050/1030] loss = 0.735795
[e385 s0100/1030] loss = 1.389744
[e385 s0150/1030] loss = 1.013525
[e385 s0200/1030] loss = 0.871463
[e385 s0250/1030] loss = 0.767420
[e385 s0300/1030] loss = 0.701820
[e385 s0350/1030] loss = 0.668256
[e385 s0400/1030] loss = 0.633871
[e385 s0450/1030] loss = 0.605151
[e385 s0500/1030] loss = 0.572807
[e385 s0550/1030] loss = 0.568417
[e385 s0600/1030] loss = 0.554183
[e385 s0650/1030] loss = 0.538454
[e385 s0700/1030] loss = 0.533274
[e385 s0750/1030] loss = 0.522030
[e385 s0800/1030] loss = 0.524815
[e385 s0850/1030] loss = 0.534339
[e385 s0900/1030] loss = 0.559700
[e385 s0950/1030] loss = 1.026955
[e385 s1000/1030] loss = 1.014112
Epoch 385: train_loss = 1.009264  MAE/GAME0 = 33.121  RMSE = 64.193  GAME1 = 34.471  GAME2 = 36.367  GAME3 = 38.190  lr = 5.27e-08  kd = 1.00  time = 14.9s
[e386 s0001/1030] loss = 1.981280
[e386 s0050/1030] loss = 0.310111
[e386 s0100/1030] loss = 0.300386
[e386 s0150/1030] loss = 0.318647
[e386 s0200/1030] loss = 0.390480
[e386 s0250/1030] loss = 0.511314
[e386 s0300/1030] loss = 1.040898
[e386 s0350/1030] loss = 0.980822
[e386 s0400/1030] loss = 0.914979
[e386 s0450/1030] loss = 0.869585
[e386 s0500/1030] loss = 0.827865
[e386 s0550/1030] loss = 0.795608
[e386 s0600/1030] loss = 0.788007
[e386 s0650/1030] loss = 0.753801
[e386 s0700/1030] loss = 0.718935
[e386 s0750/1030] loss = 0.704620
[e386 s0800/1030] loss = 0.683186
[e386 s0850/1030] loss = 0.688022
[e386 s0900/1030] loss = 0.673079
[e386 s0950/1030] loss = 0.671760
[e386 s1000/1030] loss = 0.658622
Epoch 386: train_loss = 0.652465  MAE/GAME0 = 32.983  RMSE = 64.163  GAME1 = 34.390  GAME2 = 36.327  GAME3 = 38.185  lr = 4.72e-08  kd = 1.00  time = 15.2s
[e387 s0001/1030] loss = 0.193044
[e387 s0050/1030] loss = 0.513170
[e387 s0100/1030] loss = 0.604000
[e387 s0150/1030] loss = 0.547011
[e387 s0200/1030] loss = 0.551283
[e387 s0250/1030] loss = 0.509415
[e387 s0300/1030] loss = 0.484751
[e387 s0350/1030] loss = 0.462202
[e387 s0400/1030] loss = 0.489453
[e387 s0450/1030] loss = 0.456887
[e387 s0500/1030] loss = 0.460395
[e387 s0550/1030] loss = 0.453355
[e387 s0600/1030] loss = 0.461205
[e387 s0650/1030] loss = 0.458841
[e387 s0700/1030] loss = 0.478377
[e387 s0750/1030] loss = 0.468054
[e387 s0800/1030] loss = 0.465209
[e387 s0850/1030] loss = 0.473723
[e387 s0900/1030] loss = 0.500940
[e387 s0950/1030] loss = 0.507291
[e387 s1000/1030] loss = 0.504002
Epoch 387: train_loss = 0.794651  MAE/GAME0 = 32.630  RMSE = 63.840  GAME1 = 34.031  GAME2 = 35.967  GAME3 = 37.854  lr = 4.21e-08  kd = 1.00  time = 15.0s
[e388 s0001/1030] loss = 0.175086
[e388 s0050/1030] loss = 0.260524
[e388 s0100/1030] loss = 0.313628
[e388 s0150/1030] loss = 0.311056
[e388 s0200/1030] loss = 0.426160
[e388 s0250/1030] loss = 0.433395
[e388 s0300/1030] loss = 0.405466
[e388 s0350/1030] loss = 0.422859
[e388 s0400/1030] loss = 0.717191
[e388 s0450/1030] loss = 0.686304
[e388 s0500/1030] loss = 0.653136
[e388 s0550/1030] loss = 0.639319
[e388 s0600/1030] loss = 0.656060
[e388 s0650/1030] loss = 0.647262
[e388 s0700/1030] loss = 0.635457
[e388 s0750/1030] loss = 0.621734
[e388 s0800/1030] loss = 0.604847
[e388 s0850/1030] loss = 0.586370
[e388 s0900/1030] loss = 0.581061
[e388 s0950/1030] loss = 0.577636
[e388 s1000/1030] loss = 0.566724
Epoch 388: train_loss = 0.572628  MAE/GAME0 = 32.764  RMSE = 63.997  GAME1 = 34.196  GAME2 = 36.143  GAME3 = 38.029  lr = 3.74e-08  kd = 1.00  time = 15.1s
[e389 s0001/1030] loss = 0.251566
[e389 s0050/1030] loss = 0.527431
[e389 s0100/1030] loss = 0.552128
[e389 s0150/1030] loss = 0.477482
[e389 s0200/1030] loss = 0.421060
[e389 s0250/1030] loss = 0.502699
[e389 s0300/1030] loss = 0.508871
[e389 s0350/1030] loss = 0.482165
[e389 s0400/1030] loss = 0.454584
[e389 s0450/1030] loss = 0.439081
[e389 s0500/1030] loss = 0.449916
[e389 s0550/1030] loss = 0.492441
[e389 s0600/1030] loss = 0.560203
[e389 s0650/1030] loss = 0.556783
[e389 s0700/1030] loss = 0.547031
[e389 s0750/1030] loss = 0.537082
[e389 s0800/1030] loss = 0.559770
[e389 s0850/1030] loss = 0.564841
[e389 s0900/1030] loss = 0.578984
[e389 s0950/1030] loss = 0.584956
[e389 s1000/1030] loss = 0.598456
Epoch 389: train_loss = 0.589080  MAE/GAME0 = 33.483  RMSE = 64.512  GAME1 = 34.810  GAME2 = 36.675  GAME3 = 38.454  lr = 3.30e-08  kd = 1.00  time = 15.2s
[e390 s0001/1030] loss = 0.291016
[e390 s0050/1030] loss = 0.222349
[e390 s0100/1030] loss = 0.420906
[e390 s0150/1030] loss = 0.368808
[e390 s0200/1030] loss = 0.460432
[e390 s0250/1030] loss = 0.455911
[e390 s0300/1030] loss = 0.470987
[e390 s0350/1030] loss = 0.493357
[e390 s0400/1030] loss = 0.641322
[e390 s0450/1030] loss = 0.610849
[e390 s0500/1030] loss = 0.593787
[e390 s0550/1030] loss = 0.583828
[e390 s0600/1030] loss = 0.605445
[e390 s0650/1030] loss = 0.586283
[e390 s0700/1030] loss = 0.640290
[e390 s0750/1030] loss = 0.627357
[e390 s0800/1030] loss = 0.633831
[e390 s0850/1030] loss = 0.621204
[e390 s0900/1030] loss = 0.631019
[e390 s0950/1030] loss = 0.619610
[e390 s1000/1030] loss = 0.617711
Epoch 390: train_loss = 0.611679  MAE/GAME0 = 33.725  RMSE = 64.664  GAME1 = 35.008  GAME2 = 36.841  GAME3 = 38.579  lr = 2.90e-08  kd = 1.00  time = 14.8s
[e391 s0001/1030] loss = 0.117037
[e391 s0050/1030] loss = 2.944603
[e391 s0100/1030] loss = 4.911252
[e391 s0150/1030] loss = 3.469385
[e391 s0200/1030] loss = 2.760349
[e391 s0250/1030] loss = 2.316222
[e391 s0300/1030] loss = 2.117726
[e391 s0350/1030] loss = 1.857574
[e391 s0400/1030] loss = 1.657067
[e391 s0450/1030] loss = 1.570371
[e391 s0500/1030] loss = 1.449337
[e391 s0550/1030] loss = 1.366396
[e391 s0600/1030] loss = 1.283059
[e391 s0650/1030] loss = 1.243590
[e391 s0700/1030] loss = 1.254965
[e391 s0750/1030] loss = 1.195292
[e391 s0800/1030] loss = 1.193482
[e391 s0850/1030] loss = 1.149076
[e391 s0900/1030] loss = 1.122145
[e391 s0950/1030] loss = 1.076719
[e391 s1000/1030] loss = 1.035253
Epoch 391: train_loss = 1.018508  MAE/GAME0 = 33.044  RMSE = 64.144  GAME1 = 34.413  GAME2 = 36.314  GAME3 = 38.147  lr = 2.54e-08  kd = 1.00  time = 15.5s
[e392 s0001/1030] loss = 0.780497
[e392 s0050/1030] loss = 1.370420
[e392 s0100/1030] loss = 0.887375
[e392 s0150/1030] loss = 0.688408
[e392 s0200/1030] loss = 0.634501
[e392 s0250/1030] loss = 0.623741
[e392 s0300/1030] loss = 0.613191
[e392 s0350/1030] loss = 0.578519
[e392 s0400/1030] loss = 0.558980
[e392 s0450/1030] loss = 0.526457
[e392 s0500/1030] loss = 0.524643
[e392 s0550/1030] loss = 0.569872
[e392 s0600/1030] loss = 0.566580
[e392 s0650/1030] loss = 0.809166
[e392 s0700/1030] loss = 0.776470
[e392 s0750/1030] loss = 0.764107
[e392 s0800/1030] loss = 0.760032
[e392 s0850/1030] loss = 0.736389
[e392 s0900/1030] loss = 0.728913
[e392 s0950/1030] loss = 0.712054
[e392 s1000/1030] loss = 0.695664
Epoch 392: train_loss = 0.684785  MAE/GAME0 = 33.197  RMSE = 64.240  GAME1 = 34.523  GAME2 = 36.389  GAME3 = 38.190  lr = 2.22e-08  kd = 1.00  time = 15.3s
[e393 s0001/1030] loss = 0.215849
[e393 s0050/1030] loss = 0.527175
[e393 s0100/1030] loss = 0.710422
[e393 s0150/1030] loss = 2.609012
[e393 s0200/1030] loss = 2.074252
[e393 s0250/1030] loss = 1.767482
[e393 s0300/1030] loss = 1.582179
[e393 s0350/1030] loss = 1.456869
[e393 s0400/1030] loss = 1.338964
[e393 s0450/1030] loss = 1.252292
[e393 s0500/1030] loss = 1.160772
[e393 s0550/1030] loss = 1.092834
[e393 s0600/1030] loss = 1.052231
[e393 s0650/1030] loss = 0.999749
[e393 s0700/1030] loss = 1.010285
[e393 s0750/1030] loss = 0.963747
[e393 s0800/1030] loss = 0.920711
[e393 s0850/1030] loss = 0.916604
[e393 s0900/1030] loss = 0.885350
[e393 s0950/1030] loss = 0.875515
[e393 s1000/1030] loss = 0.856840
Epoch 393: train_loss = 0.847577  MAE/GAME0 = 32.911  RMSE = 64.032  GAME1 = 34.272  GAME2 = 36.172  GAME3 = 38.014  lr = 1.93e-08  kd = 1.00  time = 15.1s
[e394 s0001/1030] loss = 0.539695
[e394 s0050/1030] loss = 0.310731
[e394 s0100/1030] loss = 0.545376
[e394 s0150/1030] loss = 0.458851
[e394 s0200/1030] loss = 1.904626
[e394 s0250/1030] loss = 1.587300
[e394 s0300/1030] loss = 1.398190
[e394 s0350/1030] loss = 1.254334
[e394 s0400/1030] loss = 1.160460
[e394 s0450/1030] loss = 1.068528
[e394 s0500/1030] loss = 1.001851
[e394 s0550/1030] loss = 0.960313
[e394 s0600/1030] loss = 0.909399
[e394 s0650/1030] loss = 0.884153
[e394 s0700/1030] loss = 0.847713
[e394 s0750/1030] loss = 0.845956
[e394 s0800/1030] loss = 0.820896
[e394 s0850/1030] loss = 0.797026
[e394 s0900/1030] loss = 0.770746
[e394 s0950/1030] loss = 0.761929
[e394 s1000/1030] loss = 0.743539
Epoch 394: train_loss = 0.731025  MAE/GAME0 = 32.716  RMSE = 63.903  GAME1 = 34.108  GAME2 = 36.029  GAME3 = 37.899  lr = 1.68e-08  kd = 1.00  time = 15.0s
[e395 s0001/1030] loss = 0.095005
[e395 s0050/1030] loss = 0.492975
[e395 s0100/1030] loss = 0.589740
[e395 s0150/1030] loss = 0.637562
[e395 s0200/1030] loss = 0.557994
[e395 s0250/1030] loss = 0.515096
[e395 s0300/1030] loss = 0.477239
[e395 s0350/1030] loss = 0.445365
[e395 s0400/1030] loss = 0.446382
[e395 s0450/1030] loss = 0.482411
[e395 s0500/1030] loss = 0.627755
[e395 s0550/1030] loss = 0.611949
[e395 s0600/1030] loss = 0.599664
[e395 s0650/1030] loss = 0.604838
[e395 s0700/1030] loss = 0.590742
[e395 s0750/1030] loss = 0.592877
[e395 s0800/1030] loss = 0.600656
[e395 s0850/1030] loss = 0.583399
[e395 s0900/1030] loss = 0.577214
[e395 s0950/1030] loss = 0.568115
[e395 s1000/1030] loss = 0.585409
Epoch 395: train_loss = 0.580431  MAE/GAME0 = 32.644  RMSE = 63.838  GAME1 = 34.036  GAME2 = 35.956  GAME3 = 37.832  lr = 1.48e-08  kd = 1.00  time = 15.2s
[e396 s0001/1030] loss = 0.067212
[e396 s0050/1030] loss = 0.332332
[e396 s0100/1030] loss = 0.528984
[e396 s0150/1030] loss = 0.427062
[e396 s0200/1030] loss = 0.528593
[e396 s0250/1030] loss = 0.601292
[e396 s0300/1030] loss = 0.625924
[e396 s0350/1030] loss = 0.594654
[e396 s0400/1030] loss = 0.581339
[e396 s0450/1030] loss = 0.589941
[e396 s0500/1030] loss = 0.568101
[e396 s0550/1030] loss = 0.788593
[e396 s0600/1030] loss = 0.794166
[e396 s0650/1030] loss = 0.747992
[e396 s0700/1030] loss = 0.737228
[e396 s0750/1030] loss = 0.723284
[e396 s0800/1030] loss = 0.692512
[e396 s0850/1030] loss = 0.669327
[e396 s0900/1030] loss = 0.667224
[e396 s0950/1030] loss = 0.652484
[e396 s1000/1030] loss = 0.643593
Epoch 396: train_loss = 0.636885  MAE/GAME0 = 32.908  RMSE = 64.022  GAME1 = 34.261  GAME2 = 36.148  GAME3 = 37.984  lr = 1.30e-08  kd = 1.00  time = 14.9s
[e397 s0001/1030] loss = 0.031088
[e397 s0050/1030] loss = 0.227124
[e397 s0100/1030] loss = 0.301134
[e397 s0150/1030] loss = 0.293191
[e397 s0200/1030] loss = 0.285056
[e397 s0250/1030] loss = 0.352376
[e397 s0300/1030] loss = 0.500393
[e397 s0350/1030] loss = 0.550880
[e397 s0400/1030] loss = 0.563120
[e397 s0450/1030] loss = 0.628748
[e397 s0500/1030] loss = 0.599857
[e397 s0550/1030] loss = 0.623145
[e397 s0600/1030] loss = 0.669674
[e397 s0650/1030] loss = 0.650668
[e397 s0700/1030] loss = 0.646658
[e397 s0750/1030] loss = 0.630388
[e397 s0800/1030] loss = 0.608694
[e397 s0850/1030] loss = 0.601400
[e397 s0900/1030] loss = 0.593388
[e397 s0950/1030] loss = 0.577505
[e397 s1000/1030] loss = 0.561279
Epoch 397: train_loss = 0.555217  MAE/GAME0 = 32.975  RMSE = 64.072  GAME1 = 34.318  GAME2 = 36.197  GAME3 = 38.023  lr = 1.17e-08  kd = 1.00  time = 15.9s
[e398 s0001/1030] loss = 2.845849
[e398 s0050/1030] loss = 0.368117
[e398 s0100/1030] loss = 0.532286
[e398 s0150/1030] loss = 0.443881
[e398 s0200/1030] loss = 0.482656
[e398 s0250/1030] loss = 0.452825
[e398 s0300/1030] loss = 0.472739
[e398 s0350/1030] loss = 0.503645
[e398 s0400/1030] loss = 0.496596
[e398 s0450/1030] loss = 0.484602
[e398 s0500/1030] loss = 0.482173
[e398 s0550/1030] loss = 0.462829
[e398 s0600/1030] loss = 0.446500
[e398 s0650/1030] loss = 0.965028
[e398 s0700/1030] loss = 0.923148
[e398 s0750/1030] loss = 0.894818
[e398 s0800/1030] loss = 0.915508
[e398 s0850/1030] loss = 0.885818
[e398 s0900/1030] loss = 0.864820
[e398 s0950/1030] loss = 0.835677
[e398 s1000/1030] loss = 0.836545
Epoch 398: train_loss = 0.835471  MAE/GAME0 = 32.846  RMSE = 63.981  GAME1 = 34.209  GAME2 = 36.105  GAME3 = 37.951  lr = 1.08e-08  kd = 1.00  time = 15.7s
[e399 s0001/1030] loss = 3.466465
[e399 s0050/1030] loss = 0.558361
[e399 s0100/1030] loss = 0.948471
[e399 s0150/1030] loss = 0.818513
[e399 s0200/1030] loss = 0.697337
[e399 s0250/1030] loss = 0.650937
[e399 s0300/1030] loss = 0.631941
[e399 s0350/1030] loss = 0.591172
[e399 s0400/1030] loss = 0.547591
[e399 s0450/1030] loss = 0.565736
[e399 s0500/1030] loss = 1.243945
[e399 s0550/1030] loss = 1.165631
[e399 s0600/1030] loss = 1.177247
[e399 s0650/1030] loss = 1.122925
[e399 s0700/1030] loss = 1.085947
[e399 s0750/1030] loss = 1.046042
[e399 s0800/1030] loss = 1.012652
[e399 s0850/1030] loss = 0.973525
[e399 s0900/1030] loss = 0.944927
[e399 s0950/1030] loss = 0.911487
[e399 s1000/1030] loss = 0.904578
Epoch 399: train_loss = 0.988949  MAE/GAME0 = 32.594  RMSE = 63.804  GAME1 = 33.990  GAME2 = 35.914  GAME3 = 37.796  lr = 1.02e-08  kd = 1.00  time = 14.9s
[e400 s0001/1030] loss = 0.171950
[e400 s0050/1030] loss = 0.437568
[e400 s0100/1030] loss = 0.490224
[e400 s0150/1030] loss = 0.402870
[e400 s0200/1030] loss = 0.382358
[e400 s0250/1030] loss = 0.428529
[e400 s0300/1030] loss = 0.449065
[e400 s0350/1030] loss = 0.434321
[e400 s0400/1030] loss = 0.476449
[e400 s0450/1030] loss = 0.502502
[e400 s0500/1030] loss = 0.497968
[e400 s0550/1030] loss = 0.484999
[e400 s0600/1030] loss = 0.505679
[e400 s0650/1030] loss = 0.504031
[e400 s0700/1030] loss = 0.502499
[e400 s0750/1030] loss = 0.484077
[e400 s0800/1030] loss = 0.498533
[e400 s0850/1030] loss = 0.497509
[e400 s0900/1030] loss = 0.506694
[e400 s0950/1030] loss = 0.519456
[e400 s1000/1030] loss = 0.533749
Epoch 400: train_loss = 0.791918  MAE/GAME0 = 32.840  RMSE = 63.985  GAME1 = 34.202  GAME2 = 36.098  GAME3 = 37.944  lr = 1.00e-08  kd = 1.00  time = 15.0s
[done] best_mae = 18.414  best_path = /scratch/users/ntu/kenneth0/FYP-SmartObjectCounter/outputs/train_rgbt_adaptive_fpn_lite_cal_align_tuned_e400/13439345.pbs101_20260330_121126/best.pth
