[log] /scratch/users/ntu/kenneth0/FYP-SmartObjectCounter/logs/train_rgbt_early_e400_12844539.pbs101_20260207_174348.log
[job] name=train_rgbt_early_e400 id=12844539.pbs101 host=x1000c3s0b0n0 time=Sat Feb  7 17:43:48 +08 2026
torch 2.6.0+cu118 cuda True
[init] device = cuda
[init] train = 1030  val = 200  workers = 4
/scratch/users/ntu/kenneth0/FYP-SmartObjectCounter/scripts/train_rgbt.py:383: FutureWarning: `torch.cuda.amp.GradScaler(args...)` is deprecated. Please use `torch.amp.GradScaler('cuda', args...)` instead.
  scaler = GradScaler(enabled = bool(args.amp))
[e001 s0001/1030] loss = 5053673.500000
[e001 s0050/1030] loss = 268804.254641
[e001 s0100/1030] loss = 135110.467570
[e001 s0150/1030] loss = 90421.583018
[e001 s0200/1030] loss = 68012.255859
[e001 s0250/1030] loss = 54512.177493
[e001 s0300/1030] loss = 45494.263720
[e001 s0350/1030] loss = 39043.618947
[e001 s0400/1030] loss = 34194.103700
[e001 s0450/1030] loss = 30421.851925
[e001 s0500/1030] loss = 27396.687735
[e001 s0550/1030] loss = 24917.568880
[e001 s0600/1030] loss = 22850.635802
[e001 s0650/1030] loss = 21101.867702
[e001 s0700/1030] loss = 19600.536698
[e001 s0750/1030] loss = 18299.456351
[e001 s0800/1030] loss = 17160.138118
[e001 s0850/1030] loss = 16154.402846
[e001 s0900/1030] loss = 15259.690035
[e001 s0950/1030] loss = 14458.877087
[e001 s1000/1030] loss = 13737.942981
Epoch 001: train_loss = 13339.101383  MAE/GAME0 = 18.116  RMSE = 38.074  GAME1 = 23.119  GAME2 = 29.350  GAME3 = 31.550  lr = 1.00e-05  time = 8.2s
[e002 s0001/1030] loss = 9.178723
[e002 s0050/1030] loss = 40.166039
[e002 s0100/1030] loss = 35.098233
[e002 s0150/1030] loss = 33.834900
[e002 s0200/1030] loss = 30.432895
[e002 s0250/1030] loss = 28.321277
[e002 s0300/1030] loss = 28.544465
[e002 s0350/1030] loss = 26.932553
[e002 s0400/1030] loss = 26.511380
[e002 s0450/1030] loss = 25.555928
[e002 s0500/1030] loss = 24.792170
[e002 s0550/1030] loss = 23.704556
[e002 s0600/1030] loss = 22.817769
[e002 s0650/1030] loss = 22.279106
[e002 s0700/1030] loss = 21.500608
[e002 s0750/1030] loss = 20.960828
[e002 s0800/1030] loss = 20.416859
[e002 s0850/1030] loss = 19.712284
[e002 s0900/1030] loss = 19.015569
[e002 s0950/1030] loss = 18.538069
[e002 s1000/1030] loss = 18.069810
Epoch 002: train_loss = 17.909395  MAE/GAME0 = 21.294  RMSE = 40.733  GAME1 = 22.715  GAME2 = 24.349  GAME3 = 25.141  lr = 1.00e-05  time = 7.6s
[e003 s0001/1030] loss = 8.510745
[e003 s0050/1030] loss = 7.700252
[e003 s0100/1030] loss = 6.566337
[e003 s0150/1030] loss = 6.586267
[e003 s0200/1030] loss = 9.282359
[e003 s0250/1030] loss = 8.504342
[e003 s0300/1030] loss = 9.422834
[e003 s0350/1030] loss = 8.725152
[e003 s0400/1030] loss = 9.073448
[e003 s0450/1030] loss = 8.668951
[e003 s0500/1030] loss = 8.439909
[e003 s0550/1030] loss = 8.744401
[e003 s0600/1030] loss = 8.393999
[e003 s0650/1030] loss = 8.638120
[e003 s0700/1030] loss = 8.380325
[e003 s0750/1030] loss = 8.127846
[e003 s0800/1030] loss = 7.980708
[e003 s0850/1030] loss = 7.830493
[e003 s0900/1030] loss = 7.806155
[e003 s0950/1030] loss = 7.683329
[e003 s1000/1030] loss = 7.559823
Epoch 003: train_loss = 7.492720  MAE/GAME0 = 22.331  RMSE = 41.512  GAME1 = 22.928  GAME2 = 23.726  GAME3 = 24.030  lr = 1.00e-05  time = 8.4s
[e004 s0001/1030] loss = 2.154659
[e004 s0050/1030] loss = 4.153945
[e004 s0100/1030] loss = 3.976915
[e004 s0150/1030] loss = 4.428568
[e004 s0200/1030] loss = 4.601290
[e004 s0250/1030] loss = 4.164726
[e004 s0300/1030] loss = 4.237356
[e004 s0350/1030] loss = 4.535977
[e004 s0400/1030] loss = 4.567152
[e004 s0450/1030] loss = 4.688603
[e004 s0500/1030] loss = 4.510778
[e004 s0550/1030] loss = 4.400344
[e004 s0600/1030] loss = 4.452463
[e004 s0650/1030] loss = 4.530465
[e004 s0700/1030] loss = 4.366192
[e004 s0750/1030] loss = 4.358143
[e004 s0800/1030] loss = 4.424116
[e004 s0850/1030] loss = 4.559737
[e004 s0900/1030] loss = 4.513630
[e004 s0950/1030] loss = 4.758800
[e004 s1000/1030] loss = 4.785548
Epoch 004: train_loss = 4.898955  MAE/GAME0 = 22.731  RMSE = 41.833  GAME1 = 23.051  GAME2 = 23.529  GAME3 = 23.685  lr = 1.00e-05  time = 7.7s
[e005 s0001/1030] loss = 0.252531
[e005 s0050/1030] loss = 2.891845
[e005 s0100/1030] loss = 2.992722
[e005 s0150/1030] loss = 3.634402
[e005 s0200/1030] loss = 3.550716
[e005 s0250/1030] loss = 4.114893
[e005 s0300/1030] loss = 3.858850
[e005 s0350/1030] loss = 3.652490
[e005 s0400/1030] loss = 4.292262
[e005 s0450/1030] loss = 4.171875
[e005 s0500/1030] loss = 4.074208
[e005 s0550/1030] loss = 4.064471
[e005 s0600/1030] loss = 3.887477
[e005 s0650/1030] loss = 4.095358
[e005 s0700/1030] loss = 4.067462
[e005 s0750/1030] loss = 4.018512
[e005 s0800/1030] loss = 3.866351
[e005 s0850/1030] loss = 3.824505
[e005 s0900/1030] loss = 3.767496
[e005 s0950/1030] loss = 3.680860
[e005 s1000/1030] loss = 3.830725
Epoch 005: train_loss = 3.777376  MAE/GAME0 = 22.984  RMSE = 42.032  GAME1 = 23.143  GAME2 = 23.389  GAME3 = 23.466  lr = 1.00e-05  time = 7.6s
[e006 s0001/1030] loss = 0.154773
[e006 s0050/1030] loss = 4.725284
[e006 s0100/1030] loss = 4.036438
[e006 s0150/1030] loss = 3.660416
[e006 s0200/1030] loss = 3.530274
[e006 s0250/1030] loss = 3.234443
[e006 s0300/1030] loss = 3.117660
[e006 s0350/1030] loss = 3.050717
[e006 s0400/1030] loss = 4.194630
[e006 s0450/1030] loss = 4.034387
[e006 s0500/1030] loss = 3.919346
[e006 s0550/1030] loss = 3.839359
[e006 s0600/1030] loss = 3.708931
[e006 s0650/1030] loss = 4.107647
[e006 s0700/1030] loss = 4.107362
[e006 s0750/1030] loss = 4.186766
[e006 s0800/1030] loss = 4.244720
[e006 s0850/1030] loss = 4.122341
[e006 s0900/1030] loss = 4.090290
[e006 s0950/1030] loss = 4.218428
[e006 s1000/1030] loss = 4.222586
Epoch 006: train_loss = 4.220943  MAE/GAME0 = 23.088  RMSE = 42.109  GAME1 = 23.180  GAME2 = 23.320  GAME3 = 23.381  lr = 1.00e-05  time = 7.6s
[e007 s0001/1030] loss = 9.439470
[e007 s0050/1030] loss = 4.054615
[e007 s0100/1030] loss = 3.902126
[e007 s0150/1030] loss = 3.450824
[e007 s0200/1030] loss = 3.317473
[e007 s0250/1030] loss = 3.521262
[e007 s0300/1030] loss = 3.485129
[e007 s0350/1030] loss = 4.178688
[e007 s0400/1030] loss = 4.648706
[e007 s0450/1030] loss = 4.869173
[e007 s0500/1030] loss = 4.663772
[e007 s0550/1030] loss = 4.602551
[e007 s0600/1030] loss = 4.422004
[e007 s0650/1030] loss = 4.277501
[e007 s0700/1030] loss = 4.123917
[e007 s0750/1030] loss = 4.012264
[e007 s0800/1030] loss = 3.900551
[e007 s0850/1030] loss = 3.847663
[e007 s0900/1030] loss = 3.837040
[e007 s0950/1030] loss = 3.863763
[e007 s1000/1030] loss = 3.835113
Epoch 007: train_loss = 3.807756  MAE/GAME0 = 23.153  RMSE = 42.158  GAME1 = 23.214  GAME2 = 23.292  GAME3 = 23.329  lr = 1.00e-05  time = 7.6s
[e008 s0001/1030] loss = 6.657011
[e008 s0050/1030] loss = 2.208411
[e008 s0100/1030] loss = 3.094290
[e008 s0150/1030] loss = 3.612958
[e008 s0200/1030] loss = 3.504985
[e008 s0250/1030] loss = 3.428774
[e008 s0300/1030] loss = 3.420120
[e008 s0350/1030] loss = 3.286119
[e008 s0400/1030] loss = 3.257993
[e008 s0450/1030] loss = 3.839315
[e008 s0500/1030] loss = 3.688672
[e008 s0550/1030] loss = 3.598089
[e008 s0600/1030] loss = 3.604491
[e008 s0650/1030] loss = 3.742381
[e008 s0700/1030] loss = 3.843397
[e008 s0750/1030] loss = 3.741066
[e008 s0800/1030] loss = 3.694433
[e008 s0850/1030] loss = 3.597355
[e008 s0900/1030] loss = 3.599510
[e008 s0950/1030] loss = 3.549232
[e008 s1000/1030] loss = 3.445896
Epoch 008: train_loss = 3.459320  MAE/GAME0 = 23.201  RMSE = 42.207  GAME1 = 23.230  GAME2 = 23.269  GAME3 = 23.282  lr = 1.00e-05  time = 7.7s
[e009 s0001/1030] loss = 1.763166
[e009 s0050/1030] loss = 4.253470
[e009 s0100/1030] loss = 5.085871
[e009 s0150/1030] loss = 5.307294
[e009 s0200/1030] loss = 5.626873
[e009 s0250/1030] loss = 4.730464
[e009 s0300/1030] loss = 4.512388
[e009 s0350/1030] loss = 4.143103
[e009 s0400/1030] loss = 4.089019
[e009 s0450/1030] loss = 3.984413
[e009 s0500/1030] loss = 3.865554
[e009 s0550/1030] loss = 3.796279
[e009 s0600/1030] loss = 3.672114
[e009 s0650/1030] loss = 3.525830
[e009 s0700/1030] loss = 3.409554
[e009 s0750/1030] loss = 3.426785
[e009 s0800/1030] loss = 3.341535
[e009 s0850/1030] loss = 3.359486
[e009 s0900/1030] loss = 3.298537
[e009 s0950/1030] loss = 3.229061
[e009 s1000/1030] loss = 3.232015
Epoch 009: train_loss = 3.268027  MAE/GAME0 = 23.220  RMSE = 42.223  GAME1 = 23.240  GAME2 = 23.262  GAME3 = 23.268  lr = 1.00e-05  time = 7.6s
[e010 s0001/1030] loss = 0.450460
[e010 s0050/1030] loss = 3.894667
[e010 s0100/1030] loss = 3.352323
[e010 s0150/1030] loss = 3.696511
[e010 s0200/1030] loss = 3.352851
[e010 s0250/1030] loss = 3.874561
[e010 s0300/1030] loss = 3.699720
[e010 s0350/1030] loss = 3.520507
[e010 s0400/1030] loss = 3.569466
[e010 s0450/1030] loss = 3.996956
[e010 s0500/1030] loss = 3.851375
[e010 s0550/1030] loss = 3.707764
[e010 s0600/1030] loss = 3.588357
[e010 s0650/1030] loss = 3.620190
[e010 s0700/1030] loss = 3.580826
[e010 s0750/1030] loss = 3.440260
[e010 s0800/1030] loss = 3.404536
[e010 s0850/1030] loss = 3.392400
[e010 s0900/1030] loss = 3.427465
[e010 s0950/1030] loss = 3.510330
[e010 s1000/1030] loss = 3.438226
Epoch 010: train_loss = 3.436280  MAE/GAME0 = 23.226  RMSE = 42.229  GAME1 = 23.241  GAME2 = 23.258  GAME3 = 23.263  lr = 1.00e-05  time = 7.7s
[e011 s0001/1030] loss = 1.040594
[e011 s0050/1030] loss = 2.237518
[e011 s0100/1030] loss = 3.136048
[e011 s0150/1030] loss = 3.227785
[e011 s0200/1030] loss = 3.841963
[e011 s0250/1030] loss = 3.338829
[e011 s0300/1030] loss = 3.086366
[e011 s0350/1030] loss = 3.054688
[e011 s0400/1030] loss = 3.192578
[e011 s0450/1030] loss = 3.031444
[e011 s0500/1030] loss = 2.979777
[e011 s0550/1030] loss = 2.987202
[e011 s0600/1030] loss = 2.881842
[e011 s0650/1030] loss = 2.921641
[e011 s0700/1030] loss = 2.951944
[e011 s0750/1030] loss = 2.951889
[e011 s0800/1030] loss = 2.944263
[e011 s0850/1030] loss = 2.941308
[e011 s0900/1030] loss = 3.149229
[e011 s0950/1030] loss = 3.589687
[e011 s1000/1030] loss = 3.525118
Epoch 011: train_loss = 3.480017  MAE/GAME0 = 23.230  RMSE = 42.232  GAME1 = 23.242  GAME2 = 23.257  GAME3 = 23.260  lr = 1.00e-05  time = 7.7s
[e012 s0001/1030] loss = 0.000005
[e012 s0050/1030] loss = 1.762398
[e012 s0100/1030] loss = 1.970593
[e012 s0150/1030] loss = 2.733166
[e012 s0200/1030] loss = 2.708769
[e012 s0250/1030] loss = 2.997214
[e012 s0300/1030] loss = 2.941685
[e012 s0350/1030] loss = 2.878918
[e012 s0400/1030] loss = 2.761170
[e012 s0450/1030] loss = 2.919339
[e012 s0500/1030] loss = 2.839439
[e012 s0550/1030] loss = 3.024979
[e012 s0600/1030] loss = 3.140411
[e012 s0650/1030] loss = 3.467022
[e012 s0700/1030] loss = 3.575431
[e012 s0750/1030] loss = 3.504019
[e012 s0800/1030] loss = 3.489613
[e012 s0850/1030] loss = 3.598260
[e012 s0900/1030] loss = 3.530721
[e012 s0950/1030] loss = 3.481252
[e012 s1000/1030] loss = 3.493691
Epoch 012: train_loss = 3.492199  MAE/GAME0 = 23.237  RMSE = 42.238  GAME1 = 23.244  GAME2 = 23.252  GAME3 = 23.253  lr = 1.00e-05  time = 7.6s
[e013 s0001/1030] loss = 11.850712
[e013 s0050/1030] loss = 4.167824
[e013 s0100/1030] loss = 2.790021
[e013 s0150/1030] loss = 2.395215
[e013 s0200/1030] loss = 2.391584
[e013 s0250/1030] loss = 2.906375
[e013 s0300/1030] loss = 3.061541
[e013 s0350/1030] loss = 3.153224
[e013 s0400/1030] loss = 3.065815
[e013 s0450/1030] loss = 2.983797
[e013 s0500/1030] loss = 2.942694
[e013 s0550/1030] loss = 2.875976
[e013 s0600/1030] loss = 2.837218
[e013 s0650/1030] loss = 3.187929
[e013 s0700/1030] loss = 3.155120
[e013 s0750/1030] loss = 3.108135
[e013 s0800/1030] loss = 3.063861
[e013 s0850/1030] loss = 3.049301
[e013 s0900/1030] loss = 3.103249
[e013 s0950/1030] loss = 3.143080
[e013 s1000/1030] loss = 3.073134
Epoch 013: train_loss = 3.326550  MAE/GAME0 = 23.238  RMSE = 42.240  GAME1 = 23.244  GAME2 = 23.251  GAME3 = 23.252  lr = 1.00e-05  time = 7.7s
[e014 s0001/1030] loss = 0.784029
[e014 s0050/1030] loss = 1.768392
[e014 s0100/1030] loss = 2.411357
[e014 s0150/1030] loss = 2.594444
[e014 s0200/1030] loss = 2.212092
[e014 s0250/1030] loss = 2.194213
[e014 s0300/1030] loss = 2.218563
[e014 s0350/1030] loss = 2.816851
[e014 s0400/1030] loss = 3.332738
[e014 s0450/1030] loss = 3.260155
[e014 s0500/1030] loss = 3.147266
[e014 s0550/1030] loss = 3.383912
[e014 s0600/1030] loss = 3.581389
[e014 s0650/1030] loss = 3.553146
[e014 s0700/1030] loss = 3.553369
[e014 s0750/1030] loss = 3.537414
[e014 s0800/1030] loss = 3.659184
[e014 s0850/1030] loss = 3.560626
[e014 s0900/1030] loss = 3.469718
[e014 s0950/1030] loss = 3.707376
[e014 s1000/1030] loss = 3.692060
Epoch 014: train_loss = 3.736336  MAE/GAME0 = 23.239  RMSE = 42.240  GAME1 = 23.243  GAME2 = 23.251  GAME3 = 23.252  lr = 1.00e-05  time = 7.6s
[e015 s0001/1030] loss = 0.050640
[e015 s0050/1030] loss = 2.525524
[e015 s0100/1030] loss = 4.278434
[e015 s0150/1030] loss = 3.943179
[e015 s0200/1030] loss = 3.699903
[e015 s0250/1030] loss = 3.659295
[e015 s0300/1030] loss = 3.405212
[e015 s0350/1030] loss = 3.477883
[e015 s0400/1030] loss = 3.375552
[e015 s0450/1030] loss = 3.320803
[e015 s0500/1030] loss = 3.367617
[e015 s0550/1030] loss = 3.454891
[e015 s0600/1030] loss = 3.358940
[e015 s0650/1030] loss = 3.275556
[e015 s0700/1030] loss = 3.311136
[e015 s0750/1030] loss = 3.370901
[e015 s0800/1030] loss = 3.342826
[e015 s0850/1030] loss = 3.556584
[e015 s0900/1030] loss = 3.614333
[e015 s0950/1030] loss = 3.648693
[e015 s1000/1030] loss = 3.574873
Epoch 015: train_loss = 3.592912  MAE/GAME0 = 23.239  RMSE = 42.241  GAME1 = 23.243  GAME2 = 23.250  GAME3 = 23.251  lr = 1.00e-05  time = 7.7s
[e016 s0001/1030] loss = 0.231775
[e016 s0050/1030] loss = 2.216985
[e016 s0100/1030] loss = 2.107376
[e016 s0150/1030] loss = 3.394942
[e016 s0200/1030] loss = 4.101499
[e016 s0250/1030] loss = 3.904663
[e016 s0300/1030] loss = 3.647690
[e016 s0350/1030] loss = 3.946094
[e016 s0400/1030] loss = 4.002317
[e016 s0450/1030] loss = 4.003688
[e016 s0500/1030] loss = 3.942826
[e016 s0550/1030] loss = 3.872858
[e016 s0600/1030] loss = 3.758232
[e016 s0650/1030] loss = 3.605769
[e016 s0700/1030] loss = 3.697685
[e016 s0750/1030] loss = 3.643980
[e016 s0800/1030] loss = 3.517432
[e016 s0850/1030] loss = 3.455958
[e016 s0900/1030] loss = 3.424107
[e016 s0950/1030] loss = 3.475434
[e016 s1000/1030] loss = 3.424616
Epoch 016: train_loss = 3.379679  MAE/GAME0 = 23.241  RMSE = 42.242  GAME1 = 23.244  GAME2 = 23.248  GAME3 = 23.249  lr = 1.00e-05  time = 7.9s
[e017 s0001/1030] loss = 4.258624
[e017 s0050/1030] loss = 2.844096
[e017 s0100/1030] loss = 3.351482
[e017 s0150/1030] loss = 3.829199
[e017 s0200/1030] loss = 3.307226
[e017 s0250/1030] loss = 3.040253
[e017 s0300/1030] loss = 3.045373
[e017 s0350/1030] loss = 2.967795
[e017 s0400/1030] loss = 3.002417
[e017 s0450/1030] loss = 3.046110
[e017 s0500/1030] loss = 3.380639
[e017 s0550/1030] loss = 3.285252
[e017 s0600/1030] loss = 3.215576
[e017 s0650/1030] loss = 3.193801
[e017 s0700/1030] loss = 3.137799
[e017 s0750/1030] loss = 3.146147
[e017 s0800/1030] loss = 3.187179
[e017 s0850/1030] loss = 3.121443
[e017 s0900/1030] loss = 3.304900
[e017 s0950/1030] loss = 3.275626
[e017 s1000/1030] loss = 3.254532
Epoch 017: train_loss = 3.201296  MAE/GAME0 = 23.244  RMSE = 42.247  GAME1 = 23.245  GAME2 = 23.246  GAME3 = 23.246  lr = 1.00e-05  time = 7.6s
[e018 s0001/1030] loss = 0.067623
[e018 s0050/1030] loss = 3.206317
[e018 s0100/1030] loss = 3.479604
[e018 s0150/1030] loss = 3.136222
[e018 s0200/1030] loss = 3.254402
[e018 s0250/1030] loss = 3.292468
[e018 s0300/1030] loss = 3.975368
[e018 s0350/1030] loss = 3.729305
[e018 s0400/1030] loss = 3.572388
[e018 s0450/1030] loss = 3.533373
[e018 s0500/1030] loss = 3.468061
[e018 s0550/1030] loss = 3.534926
[e018 s0600/1030] loss = 3.408589
[e018 s0650/1030] loss = 3.343082
[e018 s0700/1030] loss = 3.403059
[e018 s0750/1030] loss = 3.264270
[e018 s0800/1030] loss = 3.230800
[e018 s0850/1030] loss = 3.207929
[e018 s0900/1030] loss = 3.129361
[e018 s0950/1030] loss = 3.099093
[e018 s1000/1030] loss = 3.165408
Epoch 018: train_loss = 3.404855  MAE/GAME0 = 23.244  RMSE = 42.247  GAME1 = 23.245  GAME2 = 23.246  GAME3 = 23.246  lr = 1.00e-05  time = 7.6s
[e019 s0001/1030] loss = 3.607592
[e019 s0050/1030] loss = 2.567913
[e019 s0100/1030] loss = 2.910164
[e019 s0150/1030] loss = 3.453201
[e019 s0200/1030] loss = 3.124322
[e019 s0250/1030] loss = 3.860917
[e019 s0300/1030] loss = 3.639745
[e019 s0350/1030] loss = 3.525880
[e019 s0400/1030] loss = 3.650112
[e019 s0450/1030] loss = 3.770539
[e019 s0500/1030] loss = 3.587416
[e019 s0550/1030] loss = 3.428415
[e019 s0600/1030] loss = 3.307721
[e019 s0650/1030] loss = 3.188336
[e019 s0700/1030] loss = 3.103474
[e019 s0750/1030] loss = 3.200796
[e019 s0800/1030] loss = 3.145140
[e019 s0850/1030] loss = 3.154763
[e019 s0900/1030] loss = 3.188642
[e019 s0950/1030] loss = 3.176679
[e019 s1000/1030] loss = 3.117101
Epoch 019: train_loss = 3.074117  MAE/GAME0 = 23.245  RMSE = 42.247  GAME1 = 23.245  GAME2 = 23.245  GAME3 = 23.245  lr = 1.00e-05  time = 7.7s
[e020 s0001/1030] loss = 2.408193
[e020 s0050/1030] loss = 3.105151
[e020 s0100/1030] loss = 3.560014
[e020 s0150/1030] loss = 3.189794
[e020 s0200/1030] loss = 2.934191
[e020 s0250/1030] loss = 3.654684
[e020 s0300/1030] loss = 3.435262
[e020 s0350/1030] loss = 3.597077
[e020 s0400/1030] loss = 3.525330
[e020 s0450/1030] loss = 3.596842
[e020 s0500/1030] loss = 3.375325
[e020 s0550/1030] loss = 3.646591
[e020 s0600/1030] loss = 3.614238
[e020 s0650/1030] loss = 3.571877
[e020 s0700/1030] loss = 3.448483
[e020 s0750/1030] loss = 3.446388
[e020 s0800/1030] loss = 3.439534
[e020 s0850/1030] loss = 3.389748
[e020 s0900/1030] loss = 3.326778
[e020 s0950/1030] loss = 3.266322
[e020 s1000/1030] loss = 3.246864
Epoch 020: train_loss = 3.325834  MAE/GAME0 = 23.245  RMSE = 42.247  GAME1 = 23.245  GAME2 = 23.245  GAME3 = 23.245  lr = 1.00e-05  time = 7.7s
[e021 s0001/1030] loss = 0.845309
[e021 s0050/1030] loss = 2.444066
[e021 s0100/1030] loss = 2.929812
[e021 s0150/1030] loss = 2.848964
[e021 s0200/1030] loss = 3.035274
[e021 s0250/1030] loss = 3.300921
[e021 s0300/1030] loss = 3.291751
[e021 s0350/1030] loss = 3.031773
[e021 s0400/1030] loss = 3.142900
[e021 s0450/1030] loss = 3.244931
[e021 s0500/1030] loss = 3.172897
[e021 s0550/1030] loss = 3.143434
[e021 s0600/1030] loss = 3.031684
[e021 s0650/1030] loss = 3.067059
[e021 s0700/1030] loss = 3.081767
[e021 s0750/1030] loss = 2.980195
[e021 s0800/1030] loss = 2.980350
[e021 s0850/1030] loss = 3.575649
[e021 s0900/1030] loss = 3.553804
[e021 s0950/1030] loss = 3.467434
[e021 s1000/1030] loss = 3.759892
Epoch 021: train_loss = 3.708902  MAE/GAME0 = 23.245  RMSE = 42.247  GAME1 = 23.245  GAME2 = 23.246  GAME3 = 23.246  lr = 1.00e-05  time = 7.7s
[e022 s0001/1030] loss = 6.384504
[e022 s0050/1030] loss = 1.458674
[e022 s0100/1030] loss = 1.883352
[e022 s0150/1030] loss = 2.311570
[e022 s0200/1030] loss = 2.700162
[e022 s0250/1030] loss = 2.784764
[e022 s0300/1030] loss = 2.905664
[e022 s0350/1030] loss = 3.480694
[e022 s0400/1030] loss = 3.635343
[e022 s0450/1030] loss = 3.609843
[e022 s0500/1030] loss = 3.944707
[e022 s0550/1030] loss = 3.964300
[e022 s0600/1030] loss = 4.131660
[e022 s0650/1030] loss = 3.961398
[e022 s0700/1030] loss = 3.855773
[e022 s0750/1030] loss = 3.715002
[e022 s0800/1030] loss = 3.634302
[e022 s0850/1030] loss = 3.569000
[e022 s0900/1030] loss = 3.521005
[e022 s0950/1030] loss = 3.441510
[e022 s1000/1030] loss = 3.410540
Epoch 022: train_loss = 3.372415  MAE/GAME0 = 23.245  RMSE = 42.247  GAME1 = 23.245  GAME2 = 23.246  GAME3 = 23.246  lr = 1.00e-05  time = 7.6s
[e023 s0001/1030] loss = 1.677027
[e023 s0050/1030] loss = 2.132690
[e023 s0100/1030] loss = 2.925850
[e023 s0150/1030] loss = 2.915710
[e023 s0200/1030] loss = 2.965905
[e023 s0250/1030] loss = 2.990843
[e023 s0300/1030] loss = 2.972360
[e023 s0350/1030] loss = 2.936391
[e023 s0400/1030] loss = 2.928391
[e023 s0450/1030] loss = 2.939844
[e023 s0500/1030] loss = 2.874513
[e023 s0550/1030] loss = 2.907409
[e023 s0600/1030] loss = 3.158165
[e023 s0650/1030] loss = 3.098999
[e023 s0700/1030] loss = 3.317101
[e023 s0750/1030] loss = 3.427949
[e023 s0800/1030] loss = 3.429036
[e023 s0850/1030] loss = 3.430250
[e023 s0900/1030] loss = 3.412660
[e023 s0950/1030] loss = 3.399928
[e023 s1000/1030] loss = 3.416257
Epoch 023: train_loss = 3.414894  MAE/GAME0 = 23.245  RMSE = 42.248  GAME1 = 23.245  GAME2 = 23.245  GAME3 = 23.245  lr = 1.00e-05  time = 7.7s
[e024 s0001/1030] loss = 4.027434
[e024 s0050/1030] loss = 3.598331
[e024 s0100/1030] loss = 3.570742
[e024 s0150/1030] loss = 3.215273
[e024 s0200/1030] loss = 3.137380
[e024 s0250/1030] loss = 3.015066
[e024 s0300/1030] loss = 3.394482
[e024 s0350/1030] loss = 3.257222
[e024 s0400/1030] loss = 3.307423
[e024 s0450/1030] loss = 3.286679
[e024 s0500/1030] loss = 3.169532
[e024 s0550/1030] loss = 3.064617
[e024 s0600/1030] loss = 2.998834
[e024 s0650/1030] loss = 2.975359
[e024 s0700/1030] loss = 2.907203
[e024 s0750/1030] loss = 2.943167
[e024 s0800/1030] loss = 3.138441
[e024 s0850/1030] loss = 3.100366
[e024 s0900/1030] loss = 3.119654
[e024 s0950/1030] loss = 3.127755
[e024 s1000/1030] loss = 3.050426
Epoch 024: train_loss = 3.025111  MAE/GAME0 = 23.245  RMSE = 42.248  GAME1 = 23.245  GAME2 = 23.245  GAME3 = 23.245  lr = 1.00e-05  time = 7.7s
[e025 s0001/1030] loss = 0.120268
[e025 s0050/1030] loss = 1.855002
[e025 s0100/1030] loss = 2.250800
[e025 s0150/1030] loss = 2.452504
[e025 s0200/1030] loss = 2.383053
[e025 s0250/1030] loss = 3.037253
[e025 s0300/1030] loss = 3.017555
[e025 s0350/1030] loss = 3.520063
[e025 s0400/1030] loss = 3.295027
[e025 s0450/1030] loss = 3.170613
[e025 s0500/1030] loss = 3.041951
[e025 s0550/1030] loss = 2.921374
[e025 s0600/1030] loss = 2.980805
[e025 s0650/1030] loss = 2.868648
[e025 s0700/1030] loss = 2.828196
[e025 s0750/1030] loss = 2.781674
[e025 s0800/1030] loss = 2.760499
[e025 s0850/1030] loss = 2.780338
[e025 s0900/1030] loss = 2.751726
[e025 s0950/1030] loss = 2.724417
[e025 s1000/1030] loss = 2.778551
Epoch 025: train_loss = 3.098194  MAE/GAME0 = 23.245  RMSE = 42.248  GAME1 = 23.245  GAME2 = 23.245  GAME3 = 23.245  lr = 1.00e-05  time = 7.6s
[e026 s0001/1030] loss = 0.247515
[e026 s0050/1030] loss = 3.456940
[e026 s0100/1030] loss = 3.147691
[e026 s0150/1030] loss = 2.975897
[e026 s0200/1030] loss = 2.889940
[e026 s0250/1030] loss = 2.964230
[e026 s0300/1030] loss = 3.879967
[e026 s0350/1030] loss = 3.606150
[e026 s0400/1030] loss = 3.617984
[e026 s0450/1030] loss = 3.659391
[e026 s0500/1030] loss = 3.650223
[e026 s0550/1030] loss = 3.543294
[e026 s0600/1030] loss = 3.395237
[e026 s0650/1030] loss = 3.448208
[e026 s0700/1030] loss = 3.423519
[e026 s0750/1030] loss = 3.617676
[e026 s0800/1030] loss = 3.497401
[e026 s0850/1030] loss = 3.438844
[e026 s0900/1030] loss = 3.391645
[e026 s0950/1030] loss = 3.335560
[e026 s1000/1030] loss = 3.253628
Epoch 026: train_loss = 3.325228  MAE/GAME0 = 23.245  RMSE = 42.248  GAME1 = 23.245  GAME2 = 23.245  GAME3 = 23.245  lr = 1.00e-05  time = 7.7s
[e027 s0001/1030] loss = 1.599529
[e027 s0050/1030] loss = 3.981330
[e027 s0100/1030] loss = 3.209782
[e027 s0150/1030] loss = 3.023389
[e027 s0200/1030] loss = 2.765084
[e027 s0250/1030] loss = 2.878678
[e027 s0300/1030] loss = 3.125731
[e027 s0350/1030] loss = 3.162438
[e027 s0400/1030] loss = 3.211370
[e027 s0450/1030] loss = 3.087510
[e027 s0500/1030] loss = 3.253914
[e027 s0550/1030] loss = 3.238569
[e027 s0600/1030] loss = 3.222126
[e027 s0650/1030] loss = 3.440972
[e027 s0700/1030] loss = 3.447844
[e027 s0750/1030] loss = 3.403772
[e027 s0800/1030] loss = 3.379139
[e027 s0850/1030] loss = 3.253129
[e027 s0900/1030] loss = 3.258967
[e027 s0950/1030] loss = 3.419509
[e027 s1000/1030] loss = 3.388207
Epoch 027: train_loss = 3.648191  MAE/GAME0 = 23.245  RMSE = 42.248  GAME1 = 23.245  GAME2 = 23.245  GAME3 = 23.245  lr = 1.00e-05  time = 7.7s
[e028 s0001/1030] loss = 0.536331
[e028 s0050/1030] loss = 5.029423
[e028 s0100/1030] loss = 3.881661
[e028 s0150/1030] loss = 3.152297
[e028 s0200/1030] loss = 3.222428
[e028 s0250/1030] loss = 3.103810
[e028 s0300/1030] loss = 3.072016
[e028 s0350/1030] loss = 3.223441
[e028 s0400/1030] loss = 3.216677
[e028 s0450/1030] loss = 3.111052
[e028 s0500/1030] loss = 3.111667
[e028 s0550/1030] loss = 3.009010
[e028 s0600/1030] loss = 2.976159
[e028 s0650/1030] loss = 2.907215
[e028 s0700/1030] loss = 3.549667
[e028 s0750/1030] loss = 3.483705
[e028 s0800/1030] loss = 3.552610
[e028 s0850/1030] loss = 3.494370
[e028 s0900/1030] loss = 3.444531
[e028 s0950/1030] loss = 3.414903
[e028 s1000/1030] loss = 3.379229
Epoch 028: train_loss = 3.382227  MAE/GAME0 = 23.245  RMSE = 42.248  GAME1 = 23.245  GAME2 = 23.245  GAME3 = 23.245  lr = 1.00e-05  time = 7.5s
[e029 s0001/1030] loss = 1.117643
[e029 s0050/1030] loss = 4.615600
[e029 s0100/1030] loss = 3.532140
[e029 s0150/1030] loss = 3.302280
[e029 s0200/1030] loss = 3.275542
[e029 s0250/1030] loss = 3.833119
[e029 s0300/1030] loss = 3.641879
[e029 s0350/1030] loss = 3.411676
[e029 s0400/1030] loss = 3.338322
[e029 s0450/1030] loss = 3.289965
[e029 s0500/1030] loss = 3.244618
[e029 s0550/1030] loss = 3.135258
[e029 s0600/1030] loss = 3.005369
[e029 s0650/1030] loss = 4.111646
[e029 s0700/1030] loss = 4.185145
[e029 s0750/1030] loss = 4.070606
[e029 s0800/1030] loss = 4.019046
[e029 s0850/1030] loss = 3.905284
[e029 s0900/1030] loss = 3.828584
[e029 s0950/1030] loss = 3.747275
[e029 s1000/1030] loss = 3.725932
Epoch 029: train_loss = 3.707767  MAE/GAME0 = 23.245  RMSE = 42.248  GAME1 = 23.245  GAME2 = 23.245  GAME3 = 23.245  lr = 1.00e-05  time = 7.8s
[e030 s0001/1030] loss = 2.173678
[e030 s0050/1030] loss = 4.247185
[e030 s0100/1030] loss = 3.607094
[e030 s0150/1030] loss = 3.918820
[e030 s0200/1030] loss = 3.835510
[e030 s0250/1030] loss = 4.377667
[e030 s0300/1030] loss = 4.255671
[e030 s0350/1030] loss = 4.125752
[e030 s0400/1030] loss = 4.023481
[e030 s0450/1030] loss = 3.774003
[e030 s0500/1030] loss = 3.600660
[e030 s0550/1030] loss = 3.497208
[e030 s0600/1030] loss = 3.427005
[e030 s0650/1030] loss = 3.249694
[e030 s0700/1030] loss = 3.200281
[e030 s0750/1030] loss = 3.509578
[e030 s0800/1030] loss = 3.795093
[e030 s0850/1030] loss = 3.790511
[e030 s0900/1030] loss = 3.687949
[e030 s0950/1030] loss = 3.680155
[e030 s1000/1030] loss = 3.633380
Epoch 030: train_loss = 3.704862  MAE/GAME0 = 23.245  RMSE = 42.248  GAME1 = 23.245  GAME2 = 23.245  GAME3 = 23.245  lr = 1.00e-05  time = 7.8s
[e031 s0001/1030] loss = 1.294066
[e031 s0050/1030] loss = 3.124296
[e031 s0100/1030] loss = 2.924520
[e031 s0150/1030] loss = 2.479805
[e031 s0200/1030] loss = 2.702969
[e031 s0250/1030] loss = 2.572440
[e031 s0300/1030] loss = 2.567692
[e031 s0350/1030] loss = 2.716023
[e031 s0400/1030] loss = 2.702116
[e031 s0450/1030] loss = 2.773043
[e031 s0500/1030] loss = 2.731519
[e031 s0550/1030] loss = 2.824381
[e031 s0600/1030] loss = 2.827994
[e031 s0650/1030] loss = 2.781975
[e031 s0700/1030] loss = 2.730845
[e031 s0750/1030] loss = 2.977843
[e031 s0800/1030] loss = 3.616081
[e031 s0850/1030] loss = 3.591904
[e031 s0900/1030] loss = 3.692693
[e031 s0950/1030] loss = 3.677469
[e031 s1000/1030] loss = 3.618281
Epoch 031: train_loss = 3.586786  MAE/GAME0 = 23.245  RMSE = 42.248  GAME1 = 23.245  GAME2 = 23.245  GAME3 = 23.245  lr = 1.00e-05  time = 7.7s
[e032 s0001/1030] loss = 7.219456
[e032 s0050/1030] loss = 3.482806
[e032 s0100/1030] loss = 4.351541
[e032 s0150/1030] loss = 3.682263
[e032 s0200/1030] loss = 3.663603
[e032 s0250/1030] loss = 3.561040
[e032 s0300/1030] loss = 3.425606
[e032 s0350/1030] loss = 3.483588
[e032 s0400/1030] loss = 3.515918
[e032 s0450/1030] loss = 3.765966
[e032 s0500/1030] loss = 3.640751
[e032 s0550/1030] loss = 3.454407
[e032 s0600/1030] loss = 3.437027
[e032 s0650/1030] loss = 3.405138
[e032 s0700/1030] loss = 3.404606
[e032 s0750/1030] loss = 3.663349
[e032 s0800/1030] loss = 3.559596
[e032 s0850/1030] loss = 3.519329
[e032 s0900/1030] loss = 3.461915
[e032 s0950/1030] loss = 3.536758
[e032 s1000/1030] loss = 3.461235
Epoch 032: train_loss = 3.412939  MAE/GAME0 = 23.245  RMSE = 42.248  GAME1 = 23.245  GAME2 = 23.245  GAME3 = 23.245  lr = 1.00e-05  time = 7.7s
[e033 s0001/1030] loss = 3.741660
[e033 s0050/1030] loss = 2.326365
[e033 s0100/1030] loss = 2.531200
[e033 s0150/1030] loss = 2.305330
[e033 s0200/1030] loss = 2.267362
[e033 s0250/1030] loss = 2.326874
[e033 s0300/1030] loss = 2.270685
[e033 s0350/1030] loss = 2.302698
[e033 s0400/1030] loss = 2.566279
[e033 s0450/1030] loss = 3.557200
[e033 s0500/1030] loss = 3.448350
[e033 s0550/1030] loss = 3.554462
[e033 s0600/1030] loss = 3.396321
[e033 s0650/1030] loss = 3.410832
[e033 s0700/1030] loss = 3.282804
[e033 s0750/1030] loss = 3.333962
[e033 s0800/1030] loss = 3.271074
[e033 s0850/1030] loss = 3.210347
[e033 s0900/1030] loss = 3.220883
[e033 s0950/1030] loss = 3.124673
[e033 s1000/1030] loss = 3.268331
Epoch 033: train_loss = 3.228065  MAE/GAME0 = 23.245  RMSE = 42.248  GAME1 = 23.245  GAME2 = 23.245  GAME3 = 23.245  lr = 1.00e-05  time = 7.6s
[e034 s0001/1030] loss = 0.050042
[e034 s0050/1030] loss = 2.135056
[e034 s0100/1030] loss = 3.194365
[e034 s0150/1030] loss = 2.818793
[e034 s0200/1030] loss = 2.811264
[e034 s0250/1030] loss = 2.771032
[e034 s0300/1030] loss = 2.839201
[e034 s0350/1030] loss = 3.216938
[e034 s0400/1030] loss = 3.132714
[e034 s0450/1030] loss = 3.028289
[e034 s0500/1030] loss = 3.143723
[e034 s0550/1030] loss = 3.385444
[e034 s0600/1030] loss = 3.450994
[e034 s0650/1030] loss = 3.310752
[e034 s0700/1030] loss = 3.388495
[e034 s0750/1030] loss = 3.444577
[e034 s0800/1030] loss = 3.383830
[e034 s0850/1030] loss = 3.325746
[e034 s0900/1030] loss = 3.342565
[e034 s0950/1030] loss = 3.269978
[e034 s1000/1030] loss = 3.243236
Epoch 034: train_loss = 3.232490  MAE/GAME0 = 23.245  RMSE = 42.248  GAME1 = 23.245  GAME2 = 23.245  GAME3 = 23.245  lr = 1.00e-05  time = 7.7s
[e035 s0001/1030] loss = 5.208903
[e035 s0050/1030] loss = 3.698664
[e035 s0100/1030] loss = 3.611464
[e035 s0150/1030] loss = 3.098473
[e035 s0200/1030] loss = 3.108925
[e035 s0250/1030] loss = 3.492751
[e035 s0300/1030] loss = 3.248328
[e035 s0350/1030] loss = 3.920297
[e035 s0400/1030] loss = 3.663020
[e035 s0450/1030] loss = 3.596373
[e035 s0500/1030] loss = 3.513450
[e035 s0550/1030] loss = 3.438205
[e035 s0600/1030] loss = 3.304059
[e035 s0650/1030] loss = 3.299998
[e035 s0700/1030] loss = 3.256101
[e035 s0750/1030] loss = 3.190595
[e035 s0800/1030] loss = 3.138009
[e035 s0850/1030] loss = 3.103726
[e035 s0900/1030] loss = 3.113089
[e035 s0950/1030] loss = 3.134775
[e035 s1000/1030] loss = 3.290129
Epoch 035: train_loss = 3.300765  MAE/GAME0 = 23.245  RMSE = 42.248  GAME1 = 23.245  GAME2 = 23.245  GAME3 = 23.245  lr = 1.00e-05  time = 7.7s
[e036 s0001/1030] loss = 0.142811
[e036 s0050/1030] loss = 7.103275
[e036 s0100/1030] loss = 4.964671
[e036 s0150/1030] loss = 4.254730
[e036 s0200/1030] loss = 3.831112
[e036 s0250/1030] loss = 4.626696
[e036 s0300/1030] loss = 4.211983
[e036 s0350/1030] loss = 3.939152
[e036 s0400/1030] loss = 3.725636
[e036 s0450/1030] loss = 3.704948
[e036 s0500/1030] loss = 3.695293
[e036 s0550/1030] loss = 3.867783
[e036 s0600/1030] loss = 3.777335
[e036 s0650/1030] loss = 3.707407
[e036 s0700/1030] loss = 3.652583
[e036 s0750/1030] loss = 3.663534
[e036 s0800/1030] loss = 3.583482
[e036 s0850/1030] loss = 3.514940
[e036 s0900/1030] loss = 3.531489
[e036 s0950/1030] loss = 3.438832
[e036 s1000/1030] loss = 3.376472
Epoch 036: train_loss = 3.345831  MAE/GAME0 = 23.245  RMSE = 42.248  GAME1 = 23.245  GAME2 = 23.245  GAME3 = 23.245  lr = 1.00e-05  time = 7.7s
[e037 s0001/1030] loss = 0.375565
[e037 s0050/1030] loss = 1.312364
[e037 s0100/1030] loss = 2.351372
[e037 s0150/1030] loss = 2.250875
[e037 s0200/1030] loss = 2.610169
[e037 s0250/1030] loss = 2.647876
[e037 s0300/1030] loss = 2.584479
[e037 s0350/1030] loss = 2.662979
[e037 s0400/1030] loss = 2.804064
[e037 s0450/1030] loss = 2.631188
[e037 s0500/1030] loss = 2.570442
[e037 s0550/1030] loss = 2.694513
[e037 s0600/1030] loss = 2.760077
[e037 s0650/1030] loss = 2.763286
[e037 s0700/1030] loss = 2.863575
[e037 s0750/1030] loss = 3.120581
[e037 s0800/1030] loss = 3.113017
[e037 s0850/1030] loss = 3.118158
[e037 s0900/1030] loss = 3.143225
[e037 s0950/1030] loss = 3.387986
[e037 s1000/1030] loss = 3.347628
Epoch 037: train_loss = 3.282609  MAE/GAME0 = 23.245  RMSE = 42.248  GAME1 = 23.245  GAME2 = 23.245  GAME3 = 23.245  lr = 1.00e-05  time = 7.6s
[e038 s0001/1030] loss = 0.041822
[e038 s0050/1030] loss = 5.202803
[e038 s0100/1030] loss = 5.004705
[e038 s0150/1030] loss = 6.333924
[e038 s0200/1030] loss = 5.648298
[e038 s0250/1030] loss = 5.169904
[e038 s0300/1030] loss = 4.558652
[e038 s0350/1030] loss = 4.462168
[e038 s0400/1030] loss = 4.488959
[e038 s0450/1030] loss = 4.406163
[e038 s0500/1030] loss = 4.306650
[e038 s0550/1030] loss = 4.132669
[e038 s0600/1030] loss = 4.037407
[e038 s0650/1030] loss = 3.879844
[e038 s0700/1030] loss = 3.816241
[e038 s0750/1030] loss = 3.723858
[e038 s0800/1030] loss = 3.595819
[e038 s0850/1030] loss = 3.630131
[e038 s0900/1030] loss = 3.599205
[e038 s0950/1030] loss = 3.562900
[e038 s1000/1030] loss = 3.533880
Epoch 038: train_loss = 3.484555  MAE/GAME0 = 23.245  RMSE = 42.248  GAME1 = 23.245  GAME2 = 23.245  GAME3 = 23.245  lr = 1.00e-05  time = 7.8s
[e039 s0001/1030] loss = 0.092299
[e039 s0050/1030] loss = 2.100444
[e039 s0100/1030] loss = 2.991347
[e039 s0150/1030] loss = 3.020154
[e039 s0200/1030] loss = 3.326266
[e039 s0250/1030] loss = 3.038906
[e039 s0300/1030] loss = 3.244856
[e039 s0350/1030] loss = 3.171429
[e039 s0400/1030] loss = 3.958568
[e039 s0450/1030] loss = 3.704928
[e039 s0500/1030] loss = 3.608096
[e039 s0550/1030] loss = 3.469163
[e039 s0600/1030] loss = 3.312588
[e039 s0650/1030] loss = 3.276326
[e039 s0700/1030] loss = 3.238213
[e039 s0750/1030] loss = 3.204020
[e039 s0800/1030] loss = 3.419340
[e039 s0850/1030] loss = 3.355639
[e039 s0900/1030] loss = 3.330660
[e039 s0950/1030] loss = 3.488444
[e039 s1000/1030] loss = 3.389585
Epoch 039: train_loss = 3.369877  MAE/GAME0 = 23.245  RMSE = 42.248  GAME1 = 23.245  GAME2 = 23.245  GAME3 = 23.245  lr = 1.00e-05  time = 7.7s
[e040 s0001/1030] loss = 0.032703
[e040 s0050/1030] loss = 2.650318
[e040 s0100/1030] loss = 4.535044
[e040 s0150/1030] loss = 3.888502
[e040 s0200/1030] loss = 4.614418
[e040 s0250/1030] loss = 4.482821
[e040 s0300/1030] loss = 4.244246
[e040 s0350/1030] loss = 3.977997
[e040 s0400/1030] loss = 4.078598
[e040 s0450/1030] loss = 4.030016
[e040 s0500/1030] loss = 3.821671
[e040 s0550/1030] loss = 3.661626
[e040 s0600/1030] loss = 3.545257
[e040 s0650/1030] loss = 3.419068
[e040 s0700/1030] loss = 3.347311
[e040 s0750/1030] loss = 3.435006
[e040 s0800/1030] loss = 3.354381
[e040 s0850/1030] loss = 3.293046
[e040 s0900/1030] loss = 3.256003
[e040 s0950/1030] loss = 3.250088
[e040 s1000/1030] loss = 3.207111
Epoch 040: train_loss = 3.344623  MAE/GAME0 = 23.245  RMSE = 42.248  GAME1 = 23.245  GAME2 = 23.245  GAME3 = 23.245  lr = 1.00e-05  time = 7.5s
[e041 s0001/1030] loss = 1.217784
[e041 s0050/1030] loss = 3.103461
[e041 s0100/1030] loss = 2.984060
[e041 s0150/1030] loss = 4.601818
[e041 s0200/1030] loss = 4.366843
[e041 s0250/1030] loss = 4.133794
[e041 s0300/1030] loss = 4.402411
[e041 s0350/1030] loss = 4.192185
[e041 s0400/1030] loss = 3.984840
[e041 s0450/1030] loss = 3.851950
[e041 s0500/1030] loss = 3.786194
[e041 s0550/1030] loss = 4.499934
[e041 s0600/1030] loss = 4.276368
[e041 s0650/1030] loss = 4.172509
[e041 s0700/1030] loss = 4.110322
[e041 s0750/1030] loss = 4.033890
[e041 s0800/1030] loss = 3.947247
[e041 s0850/1030] loss = 3.844409
[e041 s0900/1030] loss = 3.816952
[e041 s0950/1030] loss = 3.802296
[e041 s1000/1030] loss = 3.700570
Epoch 041: train_loss = 3.669514  MAE/GAME0 = 23.245  RMSE = 42.248  GAME1 = 23.245  GAME2 = 23.245  GAME3 = 23.245  lr = 1.00e-05  time = 7.7s
[e042 s0001/1030] loss = 0.231467
[e042 s0050/1030] loss = 3.440840
[e042 s0100/1030] loss = 3.152242
[e042 s0150/1030] loss = 2.728541
[e042 s0200/1030] loss = 2.544255
[e042 s0250/1030] loss = 2.392711
[e042 s0300/1030] loss = 3.024781
[e042 s0350/1030] loss = 3.533817
[e042 s0400/1030] loss = 3.427463
[e042 s0450/1030] loss = 3.432265
[e042 s0500/1030] loss = 3.350610
[e042 s0550/1030] loss = 3.299111
[e042 s0600/1030] loss = 3.305560
[e042 s0650/1030] loss = 3.260165
[e042 s0700/1030] loss = 3.206542
[e042 s0750/1030] loss = 3.182229
[e042 s0800/1030] loss = 3.185132
[e042 s0850/1030] loss = 3.102024
[e042 s0900/1030] loss = 3.017305
[e042 s0950/1030] loss = 3.021712
[e042 s1000/1030] loss = 2.991558
Epoch 042: train_loss = 3.010367  MAE/GAME0 = 23.245  RMSE = 42.248  GAME1 = 23.245  GAME2 = 23.245  GAME3 = 23.245  lr = 1.00e-05  time = 7.6s
[e043 s0001/1030] loss = 0.339774
[e043 s0050/1030] loss = 5.218421
[e043 s0100/1030] loss = 3.735118
[e043 s0150/1030] loss = 3.498925
[e043 s0200/1030] loss = 3.133562
[e043 s0250/1030] loss = 2.943601
[e043 s0300/1030] loss = 3.020302
[e043 s0350/1030] loss = 3.225567
[e043 s0400/1030] loss = 3.135615
[e043 s0450/1030] loss = 3.152137
[e043 s0500/1030] loss = 3.016744
[e043 s0550/1030] loss = 3.315746
[e043 s0600/1030] loss = 3.278642
[e043 s0650/1030] loss = 3.445739
[e043 s0700/1030] loss = 3.459623
[e043 s0750/1030] loss = 3.454361
[e043 s0800/1030] loss = 3.437748
[e043 s0850/1030] loss = 3.548757
[e043 s0900/1030] loss = 3.440566
[e043 s0950/1030] loss = 3.401386
[e043 s1000/1030] loss = 3.473724
Epoch 043: train_loss = 3.435161  MAE/GAME0 = 23.245  RMSE = 42.248  GAME1 = 23.245  GAME2 = 23.245  GAME3 = 23.245  lr = 1.00e-05  time = 7.7s
[e044 s0001/1030] loss = 2.593605
[e044 s0050/1030] loss = 5.034771
[e044 s0100/1030] loss = 5.664103
[e044 s0150/1030] loss = 4.665993
[e044 s0200/1030] loss = 4.194641
[e044 s0250/1030] loss = 3.785210
[e044 s0300/1030] loss = 4.262453
[e044 s0350/1030] loss = 4.015247
[e044 s0400/1030] loss = 3.906192
[e044 s0450/1030] loss = 3.766063
[e044 s0500/1030] loss = 3.651343
[e044 s0550/1030] loss = 3.666533
[e044 s0600/1030] loss = 3.629976
[e044 s0650/1030] loss = 3.474195
[e044 s0700/1030] loss = 3.571226
[e044 s0750/1030] loss = 3.422596
[e044 s0800/1030] loss = 3.658721
[e044 s0850/1030] loss = 3.550348
[e044 s0900/1030] loss = 3.501026
[e044 s0950/1030] loss = 3.575996
[e044 s1000/1030] loss = 3.542664
Epoch 044: train_loss = 3.569020  MAE/GAME0 = 23.245  RMSE = 42.248  GAME1 = 23.245  GAME2 = 23.245  GAME3 = 23.245  lr = 1.00e-05  time = 7.5s
[e045 s0001/1030] loss = 0.086151
[e045 s0050/1030] loss = 3.575174
[e045 s0100/1030] loss = 3.831535
[e045 s0150/1030] loss = 3.529873
[e045 s0200/1030] loss = 3.513352
[e045 s0250/1030] loss = 4.104212
[e045 s0300/1030] loss = 3.791837
[e045 s0350/1030] loss = 3.620258
[e045 s0400/1030] loss = 3.600185
[e045 s0450/1030] loss = 3.533362
[e045 s0500/1030] loss = 3.354878
[e045 s0550/1030] loss = 3.301277
[e045 s0600/1030] loss = 3.335870
[e045 s0650/1030] loss = 3.385010
[e045 s0700/1030] loss = 3.273599
[e045 s0750/1030] loss = 3.167171
[e045 s0800/1030] loss = 3.164616
[e045 s0850/1030] loss = 3.162726
[e045 s0900/1030] loss = 3.093518
[e045 s0950/1030] loss = 3.174941
[e045 s1000/1030] loss = 3.173910
Epoch 045: train_loss = 3.176767  MAE/GAME0 = 23.245  RMSE = 42.248  GAME1 = 23.245  GAME2 = 23.245  GAME3 = 23.245  lr = 1.00e-05  time = 7.7s
[e046 s0001/1030] loss = 10.130927
[e046 s0050/1030] loss = 3.371347
[e046 s0100/1030] loss = 3.400850
[e046 s0150/1030] loss = 3.308097
[e046 s0200/1030] loss = 3.092755
[e046 s0250/1030] loss = 3.594911
[e046 s0300/1030] loss = 3.271966
[e046 s0350/1030] loss = 3.325168
[e046 s0400/1030] loss = 3.239251
[e046 s0450/1030] loss = 3.261318
[e046 s0500/1030] loss = 3.135201
[e046 s0550/1030] loss = 3.056912
[e046 s0600/1030] loss = 3.220359
[e046 s0650/1030] loss = 3.279017
[e046 s0700/1030] loss = 3.398731
[e046 s0750/1030] loss = 3.645739
[e046 s0800/1030] loss = 3.785875
[e046 s0850/1030] loss = 3.950304
[e046 s0900/1030] loss = 3.921580
[e046 s0950/1030] loss = 3.856660
[e046 s1000/1030] loss = 3.811261
Epoch 046: train_loss = 3.791929  MAE/GAME0 = 23.245  RMSE = 42.248  GAME1 = 23.245  GAME2 = 23.245  GAME3 = 23.245  lr = 1.00e-05  time = 7.7s
[e047 s0001/1030] loss = 20.660812
[e047 s0050/1030] loss = 3.734553
[e047 s0100/1030] loss = 3.223320
[e047 s0150/1030] loss = 2.869157
[e047 s0200/1030] loss = 3.421891
[e047 s0250/1030] loss = 3.359197
[e047 s0300/1030] loss = 3.116475
[e047 s0350/1030] loss = 3.330586
[e047 s0400/1030] loss = 3.293530
[e047 s0450/1030] loss = 3.098344
[e047 s0500/1030] loss = 3.105607
[e047 s0550/1030] loss = 3.218418
[e047 s0600/1030] loss = 3.167191
[e047 s0650/1030] loss = 3.099095
[e047 s0700/1030] loss = 3.101810
[e047 s0750/1030] loss = 3.268806
[e047 s0800/1030] loss = 3.289265
[e047 s0850/1030] loss = 3.410143
[e047 s0900/1030] loss = 3.326268
[e047 s0950/1030] loss = 3.292532
[e047 s1000/1030] loss = 3.258263
Epoch 047: train_loss = 3.227899  MAE/GAME0 = 23.245  RMSE = 42.248  GAME1 = 23.245  GAME2 = 23.245  GAME3 = 23.245  lr = 1.00e-05  time = 7.6s
[e048 s0001/1030] loss = 2.026964
[e048 s0050/1030] loss = 1.844705
[e048 s0100/1030] loss = 2.058469
[e048 s0150/1030] loss = 2.231919
[e048 s0200/1030] loss = 2.188196
[e048 s0250/1030] loss = 2.151045
[e048 s0300/1030] loss = 2.277197
[e048 s0350/1030] loss = 2.444522
[e048 s0400/1030] loss = 2.744561
[e048 s0450/1030] loss = 2.673660
[e048 s0500/1030] loss = 3.516664
[e048 s0550/1030] loss = 3.430752
[e048 s0600/1030] loss = 3.478918
[e048 s0650/1030] loss = 3.461752
[e048 s0700/1030] loss = 3.437518
[e048 s0750/1030] loss = 3.422996
[e048 s0800/1030] loss = 3.328309
[e048 s0850/1030] loss = 3.270637
[e048 s0900/1030] loss = 3.227519
[e048 s0950/1030] loss = 3.156578
[e048 s1000/1030] loss = 3.355409
Epoch 048: train_loss = 3.359140  MAE/GAME0 = 23.245  RMSE = 42.248  GAME1 = 23.245  GAME2 = 23.245  GAME3 = 23.245  lr = 1.00e-05  time = 7.6s
[e049 s0001/1030] loss = 3.662727
[e049 s0050/1030] loss = 2.022876
[e049 s0100/1030] loss = 3.216129
[e049 s0150/1030] loss = 2.697198
[e049 s0200/1030] loss = 2.818962
[e049 s0250/1030] loss = 2.638964
[e049 s0300/1030] loss = 2.679427
[e049 s0350/1030] loss = 2.528385
[e049 s0400/1030] loss = 3.077775
[e049 s0450/1030] loss = 3.065134
[e049 s0500/1030] loss = 3.048320
[e049 s0550/1030] loss = 2.987187
[e049 s0600/1030] loss = 2.963713
[e049 s0650/1030] loss = 3.330587
[e049 s0700/1030] loss = 3.262274
[e049 s0750/1030] loss = 3.205663
[e049 s0800/1030] loss = 3.097796
[e049 s0850/1030] loss = 3.242755
[e049 s0900/1030] loss = 3.156457
[e049 s0950/1030] loss = 3.141972
[e049 s1000/1030] loss = 3.153719
Epoch 049: train_loss = 3.109980  MAE/GAME0 = 23.245  RMSE = 42.248  GAME1 = 23.245  GAME2 = 23.245  GAME3 = 23.245  lr = 1.00e-05  time = 8.9s
[e050 s0001/1030] loss = 0.762748
[e050 s0050/1030] loss = 4.276330
[e050 s0100/1030] loss = 3.903032
[e050 s0150/1030] loss = 3.476122
[e050 s0200/1030] loss = 3.803310
[e050 s0250/1030] loss = 4.460786
[e050 s0300/1030] loss = 4.225228
[e050 s0350/1030] loss = 4.117532
[e050 s0400/1030] loss = 3.868088
[e050 s0450/1030] loss = 3.624026
[e050 s0500/1030] loss = 3.573232
[e050 s0550/1030] loss = 3.643820
[e050 s0600/1030] loss = 3.546320
[e050 s0650/1030] loss = 3.450307
[e050 s0700/1030] loss = 3.486239
[e050 s0750/1030] loss = 3.476607
[e050 s0800/1030] loss = 3.554337
[e050 s0850/1030] loss = 3.529053
[e050 s0900/1030] loss = 3.524107
[e050 s0950/1030] loss = 3.713220
[e050 s1000/1030] loss = 3.666582
Epoch 050: train_loss = 3.611513  MAE/GAME0 = 23.245  RMSE = 42.248  GAME1 = 23.245  GAME2 = 23.245  GAME3 = 23.245  lr = 1.00e-05  time = 7.6s
[e051 s0001/1030] loss = 4.714591
[e051 s0050/1030] loss = 3.377986
[e051 s0100/1030] loss = 2.721150
[e051 s0150/1030] loss = 2.558036
[e051 s0200/1030] loss = 2.447515
[e051 s0250/1030] loss = 3.377044
[e051 s0300/1030] loss = 3.172456
[e051 s0350/1030] loss = 3.338512
[e051 s0400/1030] loss = 3.292134
[e051 s0450/1030] loss = 3.152612
[e051 s0500/1030] loss = 3.121144
[e051 s0550/1030] loss = 3.597766
[e051 s0600/1030] loss = 3.439826
[e051 s0650/1030] loss = 3.395857
[e051 s0700/1030] loss = 3.414606
[e051 s0750/1030] loss = 3.396643
[e051 s0800/1030] loss = 3.357014
[e051 s0850/1030] loss = 3.284816
[e051 s0900/1030] loss = 3.318589
[e051 s0950/1030] loss = 3.234323
[e051 s1000/1030] loss = 3.174365
Epoch 051: train_loss = 3.197132  MAE/GAME0 = 23.245  RMSE = 42.248  GAME1 = 23.245  GAME2 = 23.245  GAME3 = 23.245  lr = 1.00e-05  time = 7.9s
[e052 s0001/1030] loss = 0.000000
[e052 s0050/1030] loss = 3.169461
[e052 s0100/1030] loss = 2.787166
[e052 s0150/1030] loss = 4.247212
[e052 s0200/1030] loss = 3.726797
[e052 s0250/1030] loss = 3.794188
[e052 s0300/1030] loss = 3.684811
[e052 s0350/1030] loss = 3.506015
[e052 s0400/1030] loss = 3.422211
[e052 s0450/1030] loss = 3.326967
[e052 s0500/1030] loss = 3.330926
[e052 s0550/1030] loss = 3.284795
[e052 s0600/1030] loss = 3.923372
[e052 s0650/1030] loss = 3.901557
[e052 s0700/1030] loss = 3.896020
[e052 s0750/1030] loss = 3.782020
[e052 s0800/1030] loss = 3.891156
[e052 s0850/1030] loss = 3.860932
[e052 s0900/1030] loss = 3.897197
[e052 s0950/1030] loss = 3.811145
[e052 s1000/1030] loss = 3.780448
Epoch 052: train_loss = 3.729397  MAE/GAME0 = 23.245  RMSE = 42.248  GAME1 = 23.245  GAME2 = 23.245  GAME3 = 23.245  lr = 1.00e-05  time = 7.8s
[e053 s0001/1030] loss = 0.106012
[e053 s0050/1030] loss = 5.693034
[e053 s0100/1030] loss = 3.959825
[e053 s0150/1030] loss = 3.488483
[e053 s0200/1030] loss = 3.110146
[e053 s0250/1030] loss = 2.917065
[e053 s0300/1030] loss = 2.916971
[e053 s0350/1030] loss = 3.503752
[e053 s0400/1030] loss = 3.558934
[e053 s0450/1030] loss = 3.370976
[e053 s0500/1030] loss = 3.607170
[e053 s0550/1030] loss = 3.549365
[e053 s0600/1030] loss = 3.410366
[e053 s0650/1030] loss = 3.284001
[e053 s0700/1030] loss = 3.205544
[e053 s0750/1030] loss = 3.220037
[e053 s0800/1030] loss = 3.327530
[e053 s0850/1030] loss = 3.315928
[e053 s0900/1030] loss = 3.514692
[e053 s0950/1030] loss = 3.593978
[e053 s1000/1030] loss = 3.575055
Epoch 053: train_loss = 3.514715  MAE/GAME0 = 23.245  RMSE = 42.248  GAME1 = 23.245  GAME2 = 23.245  GAME3 = 23.245  lr = 1.00e-05  time = 7.6s
[e054 s0001/1030] loss = 0.582707
[e054 s0050/1030] loss = 2.847541
[e054 s0100/1030] loss = 2.656540
[e054 s0150/1030] loss = 3.269436
[e054 s0200/1030] loss = 3.249842
[e054 s0250/1030] loss = 3.369394
[e054 s0300/1030] loss = 3.148243
[e054 s0350/1030] loss = 3.118488
[e054 s0400/1030] loss = 3.586663
[e054 s0450/1030] loss = 3.474181
[e054 s0500/1030] loss = 3.396068
[e054 s0550/1030] loss = 3.249342
[e054 s0600/1030] loss = 3.182623
[e054 s0650/1030] loss = 3.141827
[e054 s0700/1030] loss = 3.074264
[e054 s0750/1030] loss = 3.023011
[e054 s0800/1030] loss = 2.971429
[e054 s0850/1030] loss = 3.091023
[e054 s0900/1030] loss = 3.061051
[e054 s0950/1030] loss = 3.020763
[e054 s1000/1030] loss = 3.065773
Epoch 054: train_loss = 3.009740  MAE/GAME0 = 23.245  RMSE = 42.248  GAME1 = 23.245  GAME2 = 23.245  GAME3 = 23.245  lr = 1.00e-05  time = 7.7s
[e055 s0001/1030] loss = 0.269981
[e055 s0050/1030] loss = 3.420755
[e055 s0100/1030] loss = 3.750429
[e055 s0150/1030] loss = 3.472656
[e055 s0200/1030] loss = 3.340861
[e055 s0250/1030] loss = 3.227662
[e055 s0300/1030] loss = 3.690219
[e055 s0350/1030] loss = 3.586752
[e055 s0400/1030] loss = 3.355404
[e055 s0450/1030] loss = 3.585130
[e055 s0500/1030] loss = 3.654500
[e055 s0550/1030] loss = 4.017939
[e055 s0600/1030] loss = 3.815002
[e055 s0650/1030] loss = 3.696875
[e055 s0700/1030] loss = 3.815530
[e055 s0750/1030] loss = 3.704077
[e055 s0800/1030] loss = 3.685796
[e055 s0850/1030] loss = 3.660934
[e055 s0900/1030] loss = 3.598983
[e055 s0950/1030] loss = 3.590583
[e055 s1000/1030] loss = 3.510139
Epoch 055: train_loss = 3.461448  MAE/GAME0 = 23.245  RMSE = 42.248  GAME1 = 23.245  GAME2 = 23.245  GAME3 = 23.245  lr = 1.00e-05  time = 7.7s
[e056 s0001/1030] loss = 0.295271
[e056 s0050/1030] loss = 10.146609
[e056 s0100/1030] loss = 7.068538
[e056 s0150/1030] loss = 6.618518
[e056 s0200/1030] loss = 5.392092
[e056 s0250/1030] loss = 5.606215
[e056 s0300/1030] loss = 4.945302
[e056 s0350/1030] loss = 4.466117
[e056 s0400/1030] loss = 4.158037
[e056 s0450/1030] loss = 3.969820
[e056 s0500/1030] loss = 3.891945
[e056 s0550/1030] loss = 3.745145
[e056 s0600/1030] loss = 3.678757
[e056 s0650/1030] loss = 3.583815
[e056 s0700/1030] loss = 3.644121
[e056 s0750/1030] loss = 3.816128
[e056 s0800/1030] loss = 3.762276
[e056 s0850/1030] loss = 3.868584
[e056 s0900/1030] loss = 3.850607
[e056 s0950/1030] loss = 3.778505
[e056 s1000/1030] loss = 3.718014
Epoch 056: train_loss = 3.679965  MAE/GAME0 = 23.245  RMSE = 42.248  GAME1 = 23.245  GAME2 = 23.245  GAME3 = 23.245  lr = 1.00e-05  time = 7.6s
[e057 s0001/1030] loss = 0.593865
[e057 s0050/1030] loss = 2.358966
[e057 s0100/1030] loss = 2.299070
[e057 s0150/1030] loss = 2.303276
[e057 s0200/1030] loss = 2.320178
[e057 s0250/1030] loss = 2.420578
[e057 s0300/1030] loss = 2.487974
[e057 s0350/1030] loss = 2.696141
[e057 s0400/1030] loss = 2.888595
[e057 s0450/1030] loss = 2.868397
[e057 s0500/1030] loss = 2.779599
[e057 s0550/1030] loss = 2.894731
[e057 s0600/1030] loss = 2.887100
[e057 s0650/1030] loss = 3.188295
[e057 s0700/1030] loss = 3.124007
[e057 s0750/1030] loss = 3.176739
[e057 s0800/1030] loss = 3.170891
[e057 s0850/1030] loss = 3.114760
[e057 s0900/1030] loss = 3.149716
[e057 s0950/1030] loss = 3.124821
[e057 s1000/1030] loss = 3.222879
Epoch 057: train_loss = 3.402250  MAE/GAME0 = 23.245  RMSE = 42.248  GAME1 = 23.245  GAME2 = 23.245  GAME3 = 23.245  lr = 1.00e-05  time = 7.8s
[e058 s0001/1030] loss = 0.032637
[e058 s0050/1030] loss = 4.845563
[e058 s0100/1030] loss = 3.571105
[e058 s0150/1030] loss = 3.006093
[e058 s0200/1030] loss = 3.639253
[e058 s0250/1030] loss = 3.353016
[e058 s0300/1030] loss = 3.802908
[e058 s0350/1030] loss = 3.855465
[e058 s0400/1030] loss = 3.721199
[e058 s0450/1030] loss = 3.638157
[e058 s0500/1030] loss = 3.444089
[e058 s0550/1030] loss = 3.426791
[e058 s0600/1030] loss = 3.384632
[e058 s0650/1030] loss = 3.283462
[e058 s0700/1030] loss = 3.230401
[e058 s0750/1030] loss = 3.172703
[e058 s0800/1030] loss = 3.093312
[e058 s0850/1030] loss = 3.088872
[e058 s0900/1030] loss = 3.419405
[e058 s0950/1030] loss = 3.372048
[e058 s1000/1030] loss = 3.422127
Epoch 058: train_loss = 3.435945  MAE/GAME0 = 23.245  RMSE = 42.248  GAME1 = 23.245  GAME2 = 23.245  GAME3 = 23.245  lr = 1.00e-05  time = 7.9s
[e059 s0001/1030] loss = 1.206813
[e059 s0050/1030] loss = 1.507779
[e059 s0100/1030] loss = 2.337206
[e059 s0150/1030] loss = 2.582353
[e059 s0200/1030] loss = 3.327444
[e059 s0250/1030] loss = 3.434987
[e059 s0300/1030] loss = 3.668861
[e059 s0350/1030] loss = 3.488140
[e059 s0400/1030] loss = 3.486760
[e059 s0450/1030] loss = 3.397425
[e059 s0500/1030] loss = 3.355335
[e059 s0550/1030] loss = 3.265110
[e059 s0600/1030] loss = 3.126648
[e059 s0650/1030] loss = 3.377453
[e059 s0700/1030] loss = 3.355130
[e059 s0750/1030] loss = 3.244753
[e059 s0800/1030] loss = 3.315024
[e059 s0850/1030] loss = 3.389275
[e059 s0900/1030] loss = 3.512261
[e059 s0950/1030] loss = 3.526646
[e059 s1000/1030] loss = 3.581103
Epoch 059: train_loss = 3.579660  MAE/GAME0 = 23.245  RMSE = 42.248  GAME1 = 23.245  GAME2 = 23.245  GAME3 = 23.245  lr = 1.00e-05  time = 7.8s
[e060 s0001/1030] loss = 1.529784
[e060 s0050/1030] loss = 5.562956
[e060 s0100/1030] loss = 3.419410
[e060 s0150/1030] loss = 3.325512
[e060 s0200/1030] loss = 4.280695
[e060 s0250/1030] loss = 3.907834
[e060 s0300/1030] loss = 4.136833
[e060 s0350/1030] loss = 3.956637
[e060 s0400/1030] loss = 4.542861
[e060 s0450/1030] loss = 4.275812
[e060 s0500/1030] loss = 4.116913
[e060 s0550/1030] loss = 4.006057
[e060 s0600/1030] loss = 3.946539
[e060 s0650/1030] loss = 3.845885
[e060 s0700/1030] loss = 3.676007
[e060 s0750/1030] loss = 3.600428
[e060 s0800/1030] loss = 3.506497
[e060 s0850/1030] loss = 3.440574
[e060 s0900/1030] loss = 3.369604
[e060 s0950/1030] loss = 3.355996
[e060 s1000/1030] loss = 3.324835
Epoch 060: train_loss = 3.299199  MAE/GAME0 = 23.245  RMSE = 42.248  GAME1 = 23.245  GAME2 = 23.245  GAME3 = 23.245  lr = 1.00e-05  time = 7.7s
[e061 s0001/1030] loss = 2.189971
[e061 s0050/1030] loss = 3.735697
[e061 s0100/1030] loss = 3.849719
[e061 s0150/1030] loss = 3.489884
[e061 s0200/1030] loss = 3.252691
[e061 s0250/1030] loss = 3.079338
[e061 s0300/1030] loss = 3.005483
[e061 s0350/1030] loss = 2.846740
[e061 s0400/1030] loss = 2.916468
[e061 s0450/1030] loss = 2.876117
[e061 s0500/1030] loss = 2.839710
[e061 s0550/1030] loss = 2.817671
[e061 s0600/1030] loss = 3.450189
[e061 s0650/1030] loss = 3.456890
[e061 s0700/1030] loss = 3.352405
[e061 s0750/1030] loss = 3.651639
[e061 s0800/1030] loss = 3.584325
[e061 s0850/1030] loss = 3.600027
[e061 s0900/1030] loss = 3.539247
[e061 s0950/1030] loss = 3.512550
[e061 s1000/1030] loss = 3.535677
Epoch 061: train_loss = 3.542398  MAE/GAME0 = 23.245  RMSE = 42.248  GAME1 = 23.245  GAME2 = 23.245  GAME3 = 23.245  lr = 1.00e-05  time = 7.8s
[e062 s0001/1030] loss = 0.984822
[e062 s0050/1030] loss = 3.449903
[e062 s0100/1030] loss = 5.230712
[e062 s0150/1030] loss = 4.243993
[e062 s0200/1030] loss = 3.884305
[e062 s0250/1030] loss = 3.495815
[e062 s0300/1030] loss = 3.210886
[e062 s0350/1030] loss = 2.939194
[e062 s0400/1030] loss = 2.915892
[e062 s0450/1030] loss = 2.867640
[e062 s0500/1030] loss = 2.781959
[e062 s0550/1030] loss = 2.860958
[e062 s0600/1030] loss = 2.739372
[e062 s0650/1030] loss = 2.731707
[e062 s0700/1030] loss = 3.170945
[e062 s0750/1030] loss = 3.293676
[e062 s0800/1030] loss = 3.306754
[e062 s0850/1030] loss = 3.503079
[e062 s0900/1030] loss = 3.592342
[e062 s0950/1030] loss = 3.529526
[e062 s1000/1030] loss = 3.507752
Epoch 062: train_loss = 3.518344  MAE/GAME0 = 23.245  RMSE = 42.248  GAME1 = 23.245  GAME2 = 23.245  GAME3 = 23.245  lr = 1.00e-05  time = 7.6s
[e063 s0001/1030] loss = 0.000000
[e063 s0050/1030] loss = 6.092378
[e063 s0100/1030] loss = 3.868319
[e063 s0150/1030] loss = 4.516291
[e063 s0200/1030] loss = 4.288593
[e063 s0250/1030] loss = 3.944699
[e063 s0300/1030] loss = 3.593185
[e063 s0350/1030] loss = 3.303579
[e063 s0400/1030] loss = 3.210242
[e063 s0450/1030] loss = 3.469065
[e063 s0500/1030] loss = 4.276516
[e063 s0550/1030] loss = 4.014000
[e063 s0600/1030] loss = 3.860752
[e063 s0650/1030] loss = 3.824213
[e063 s0700/1030] loss = 3.892531
[e063 s0750/1030] loss = 3.949255
[e063 s0800/1030] loss = 3.966672
[e063 s0850/1030] loss = 3.854113
[e063 s0900/1030] loss = 3.733670
[e063 s0950/1030] loss = 3.676123
[e063 s1000/1030] loss = 3.613933
Epoch 063: train_loss = 3.639034  MAE/GAME0 = 23.245  RMSE = 42.248  GAME1 = 23.245  GAME2 = 23.245  GAME3 = 23.245  lr = 1.00e-05  time = 7.7s
[e064 s0001/1030] loss = 6.584578
[e064 s0050/1030] loss = 2.148977
[e064 s0100/1030] loss = 2.398170
[e064 s0150/1030] loss = 2.502743
[e064 s0200/1030] loss = 2.434370
[e064 s0250/1030] loss = 2.567952
[e064 s0300/1030] loss = 2.562288
[e064 s0350/1030] loss = 2.637662
[e064 s0400/1030] loss = 2.559875
[e064 s0450/1030] loss = 2.746842
[e064 s0500/1030] loss = 2.675443
[e064 s0550/1030] loss = 2.660168
[e064 s0600/1030] loss = 2.732632
[e064 s0650/1030] loss = 2.810176
[e064 s0700/1030] loss = 3.342730
[e064 s0750/1030] loss = 3.319723
[e064 s0800/1030] loss = 3.229437
[e064 s0850/1030] loss = 3.142545
[e064 s0900/1030] loss = 3.189468
[e064 s0950/1030] loss = 3.205991
[e064 s1000/1030] loss = 3.147346
Epoch 064: train_loss = 3.104585  MAE/GAME0 = 23.245  RMSE = 42.248  GAME1 = 23.245  GAME2 = 23.245  GAME3 = 23.245  lr = 1.00e-05  time = 7.6s
[e065 s0001/1030] loss = 0.032987
[e065 s0050/1030] loss = 7.323161
[e065 s0100/1030] loss = 5.723922
[e065 s0150/1030] loss = 4.490764
[e065 s0200/1030] loss = 3.887074
[e065 s0250/1030] loss = 3.592232
[e065 s0300/1030] loss = 3.537200
[e065 s0350/1030] loss = 3.578233
[e065 s0400/1030] loss = 3.352232
[e065 s0450/1030] loss = 3.317370
[e065 s0500/1030] loss = 3.347054
[e065 s0550/1030] loss = 3.522317
[e065 s0600/1030] loss = 3.576792
[e065 s0650/1030] loss = 3.551524
[e065 s0700/1030] loss = 3.487991
[e065 s0750/1030] loss = 3.525594
[e065 s0800/1030] loss = 3.491420
[e065 s0850/1030] loss = 3.431205
[e065 s0900/1030] loss = 3.375235
[e065 s0950/1030] loss = 3.382946
[e065 s1000/1030] loss = 3.338065
Epoch 065: train_loss = 3.319581  MAE/GAME0 = 23.245  RMSE = 42.248  GAME1 = 23.245  GAME2 = 23.245  GAME3 = 23.245  lr = 1.00e-05  time = 7.6s
[e066 s0001/1030] loss = 0.840460
[e066 s0050/1030] loss = 2.395138
[e066 s0100/1030] loss = 2.461104
[e066 s0150/1030] loss = 2.639123
[e066 s0200/1030] loss = 2.562158
[e066 s0250/1030] loss = 2.478709
[e066 s0300/1030] loss = 2.449463
[e066 s0350/1030] loss = 3.811424
[e066 s0400/1030] loss = 3.653159
[e066 s0450/1030] loss = 3.406340
[e066 s0500/1030] loss = 3.674205
[e066 s0550/1030] loss = 3.664375
[e066 s0600/1030] loss = 3.779165
[e066 s0650/1030] loss = 3.696264
[e066 s0700/1030] loss = 3.695840
[e066 s0750/1030] loss = 3.788016
[e066 s0800/1030] loss = 3.666056
[e066 s0850/1030] loss = 3.585222
[e066 s0900/1030] loss = 3.571731
[e066 s0950/1030] loss = 3.467292
[e066 s1000/1030] loss = 3.452045
Epoch 066: train_loss = 3.403829  MAE/GAME0 = 23.245  RMSE = 42.248  GAME1 = 23.245  GAME2 = 23.245  GAME3 = 23.245  lr = 1.00e-05  time = 7.7s
[e067 s0001/1030] loss = 0.032714
[e067 s0050/1030] loss = 1.950014
[e067 s0100/1030] loss = 3.100224
[e067 s0150/1030] loss = 2.903184
[e067 s0200/1030] loss = 3.084080
[e067 s0250/1030] loss = 2.777862
[e067 s0300/1030] loss = 3.030805
[e067 s0350/1030] loss = 3.004069
[e067 s0400/1030] loss = 3.018301
[e067 s0450/1030] loss = 2.915780
[e067 s0500/1030] loss = 3.314350
[e067 s0550/1030] loss = 3.310541
[e067 s0600/1030] loss = 3.239048
[e067 s0650/1030] loss = 3.252144
[e067 s0700/1030] loss = 3.264362
[e067 s0750/1030] loss = 3.348324
[e067 s0800/1030] loss = 3.335825
[e067 s0850/1030] loss = 3.327554
[e067 s0900/1030] loss = 3.368766
[e067 s0950/1030] loss = 3.323060
[e067 s1000/1030] loss = 3.294251
Epoch 067: train_loss = 3.236258  MAE/GAME0 = 23.245  RMSE = 42.248  GAME1 = 23.245  GAME2 = 23.245  GAME3 = 23.245  lr = 1.00e-05  time = 7.6s
[e068 s0001/1030] loss = 3.366451
[e068 s0050/1030] loss = 7.693520
[e068 s0100/1030] loss = 4.915758
[e068 s0150/1030] loss = 4.222098
[e068 s0200/1030] loss = 3.787009
[e068 s0250/1030] loss = 3.569246
[e068 s0300/1030] loss = 3.430991
[e068 s0350/1030] loss = 3.166839
[e068 s0400/1030] loss = 2.989020
[e068 s0450/1030] loss = 2.935694
[e068 s0500/1030] loss = 2.963897
[e068 s0550/1030] loss = 2.928475
[e068 s0600/1030] loss = 2.857108
[e068 s0650/1030] loss = 2.829857
[e068 s0700/1030] loss = 2.991889
[e068 s0750/1030] loss = 2.963231
[e068 s0800/1030] loss = 3.301897
[e068 s0850/1030] loss = 3.316051
[e068 s0900/1030] loss = 3.320255
[e068 s0950/1030] loss = 3.335172
[e068 s1000/1030] loss = 3.246599
Epoch 068: train_loss = 3.220829  MAE/GAME0 = 23.245  RMSE = 42.248  GAME1 = 23.245  GAME2 = 23.245  GAME3 = 23.245  lr = 1.00e-05  time = 7.7s
[e069 s0001/1030] loss = 1.809394
[e069 s0050/1030] loss = 3.440766
[e069 s0100/1030] loss = 3.089949
[e069 s0150/1030] loss = 3.306638
[e069 s0200/1030] loss = 3.932298
[e069 s0250/1030] loss = 3.487960
[e069 s0300/1030] loss = 3.359796
[e069 s0350/1030] loss = 4.383238
[e069 s0400/1030] loss = 4.087193
[e069 s0450/1030] loss = 3.954593
[e069 s0500/1030] loss = 3.929612
[e069 s0550/1030] loss = 4.027858
[e069 s0600/1030] loss = 4.118059
[e069 s0650/1030] loss = 4.084958
[e069 s0700/1030] loss = 3.991848
[e069 s0750/1030] loss = 3.980789
[e069 s0800/1030] loss = 3.889007
[e069 s0850/1030] loss = 3.758326
[e069 s0900/1030] loss = 3.768885
[e069 s0950/1030] loss = 3.723973
[e069 s1000/1030] loss = 3.659422
Epoch 069: train_loss = 3.621137  MAE/GAME0 = 23.245  RMSE = 42.248  GAME1 = 23.245  GAME2 = 23.245  GAME3 = 23.245  lr = 1.00e-05  time = 7.7s
[e070 s0001/1030] loss = 0.449415
[e070 s0050/1030] loss = 1.899915
[e070 s0100/1030] loss = 1.820269
[e070 s0150/1030] loss = 1.841152
[e070 s0200/1030] loss = 2.103483
[e070 s0250/1030] loss = 2.299178
[e070 s0300/1030] loss = 2.365948
[e070 s0350/1030] loss = 2.520138
[e070 s0400/1030] loss = 2.644877
[e070 s0450/1030] loss = 3.157580
[e070 s0500/1030] loss = 3.443353
[e070 s0550/1030] loss = 3.528613
[e070 s0600/1030] loss = 3.368973
[e070 s0650/1030] loss = 3.400559
[e070 s0700/1030] loss = 3.390170
[e070 s0750/1030] loss = 3.405249
[e070 s0800/1030] loss = 3.293576
[e070 s0850/1030] loss = 3.223340
[e070 s0900/1030] loss = 3.236646
[e070 s0950/1030] loss = 3.311425
[e070 s1000/1030] loss = 3.314564
Epoch 070: train_loss = 3.312616  MAE/GAME0 = 23.245  RMSE = 42.248  GAME1 = 23.245  GAME2 = 23.245  GAME3 = 23.245  lr = 1.00e-05  time = 7.7s
[e071 s0001/1030] loss = 0.000000
[e071 s0050/1030] loss = 2.138158
[e071 s0100/1030] loss = 3.089019
[e071 s0150/1030] loss = 3.147186
[e071 s0200/1030] loss = 3.026352
[e071 s0250/1030] loss = 2.933783
[e071 s0300/1030] loss = 3.582880
[e071 s0350/1030] loss = 3.675418
[e071 s0400/1030] loss = 3.547835
[e071 s0450/1030] loss = 3.510220
[e071 s0500/1030] loss = 3.366785
[e071 s0550/1030] loss = 3.285394
[e071 s0600/1030] loss = 3.138981
[e071 s0650/1030] loss = 3.148965
[e071 s0700/1030] loss = 3.648828
[e071 s0750/1030] loss = 3.581657
[e071 s0800/1030] loss = 3.525977
[e071 s0850/1030] loss = 3.521594
[e071 s0900/1030] loss = 3.468751
[e071 s0950/1030] loss = 3.397461
[e071 s1000/1030] loss = 3.382480
Epoch 071: train_loss = 3.355735  MAE/GAME0 = 23.245  RMSE = 42.248  GAME1 = 23.245  GAME2 = 23.245  GAME3 = 23.245  lr = 1.00e-05  time = 8.0s
[e072 s0001/1030] loss = 0.380479
[e072 s0050/1030] loss = 2.620547
[e072 s0100/1030] loss = 4.867240
[e072 s0150/1030] loss = 4.624372
[e072 s0200/1030] loss = 3.935073
[e072 s0250/1030] loss = 3.647902
[e072 s0300/1030] loss = 3.407567
[e072 s0350/1030] loss = 3.264532
[e072 s0400/1030] loss = 3.303819
[e072 s0450/1030] loss = 4.072990
[e072 s0500/1030] loss = 3.816449
[e072 s0550/1030] loss = 3.745537
[e072 s0600/1030] loss = 3.601878
[e072 s0650/1030] loss = 3.500823
[e072 s0700/1030] loss = 3.601487
[e072 s0750/1030] loss = 3.521459
[e072 s0800/1030] loss = 3.454761
[e072 s0850/1030] loss = 3.431986
[e072 s0900/1030] loss = 3.399051
[e072 s0950/1030] loss = 3.326527
[e072 s1000/1030] loss = 3.276331
Epoch 072: train_loss = 3.239289  MAE/GAME0 = 23.245  RMSE = 42.248  GAME1 = 23.245  GAME2 = 23.245  GAME3 = 23.245  lr = 1.00e-05  time = 7.8s
[e073 s0001/1030] loss = 4.615590
[e073 s0050/1030] loss = 2.192238
[e073 s0100/1030] loss = 2.148345
[e073 s0150/1030] loss = 2.163064
[e073 s0200/1030] loss = 2.463852
[e073 s0250/1030] loss = 2.542826
[e073 s0300/1030] loss = 2.631004
[e073 s0350/1030] loss = 2.562701
[e073 s0400/1030] loss = 2.961248
[e073 s0450/1030] loss = 2.998223
[e073 s0500/1030] loss = 2.914786
[e073 s0550/1030] loss = 3.268565
[e073 s0600/1030] loss = 3.247172
[e073 s0650/1030] loss = 3.224629
[e073 s0700/1030] loss = 3.452294
[e073 s0750/1030] loss = 3.384922
[e073 s0800/1030] loss = 3.385270
[e073 s0850/1030] loss = 3.352307
[e073 s0900/1030] loss = 3.295171
[e073 s0950/1030] loss = 3.218432
[e073 s1000/1030] loss = 3.154495
Epoch 073: train_loss = 3.133581  MAE/GAME0 = 22.803  RMSE = 41.961  GAME1 = 22.846  GAME2 = 22.990  GAME3 = 23.067  lr = 1.00e-05  time = 7.7s
[e074 s0001/1030] loss = 0.300594
[e074 s0050/1030] loss = 2.697142
[e074 s0100/1030] loss = 2.832394
[e074 s0150/1030] loss = 2.896112
[e074 s0200/1030] loss = 2.755374
[e074 s0250/1030] loss = 2.632317
[e074 s0300/1030] loss = 2.605514
[e074 s0350/1030] loss = 2.763819
[e074 s0400/1030] loss = 2.594456
[e074 s0450/1030] loss = 2.529494
[e074 s0500/1030] loss = 2.685308
[e074 s0550/1030] loss = 2.695946
[e074 s0600/1030] loss = 2.776133
[e074 s0650/1030] loss = 2.764545
[e074 s0700/1030] loss = 2.781298
[e074 s0750/1030] loss = 3.007171
[e074 s0800/1030] loss = 2.993826
[e074 s0850/1030] loss = 2.897488
[e074 s0900/1030] loss = 2.825848
[e074 s0950/1030] loss = 2.824190
[e074 s1000/1030] loss = 2.878666
Epoch 074: train_loss = 2.894433  MAE/GAME0 = 23.241  RMSE = 42.246  GAME1 = 23.242  GAME2 = 23.242  GAME3 = 23.243  lr = 1.00e-05  time = 7.7s
[e075 s0001/1030] loss = 11.370257
[e075 s0050/1030] loss = 2.667037
[e075 s0100/1030] loss = 2.103341
[e075 s0150/1030] loss = 2.427664
[e075 s0200/1030] loss = 3.011465
[e075 s0250/1030] loss = 2.761109
[e075 s0300/1030] loss = 2.746379
[e075 s0350/1030] loss = 2.659730
[e075 s0400/1030] loss = 2.757986
[e075 s0450/1030] loss = 2.595954
[e075 s0500/1030] loss = 2.560528
[e075 s0550/1030] loss = 2.611398
[e075 s0600/1030] loss = 3.264213
[e075 s0650/1030] loss = 3.179903
[e075 s0700/1030] loss = 3.276607
[e075 s0750/1030] loss = 3.197560
[e075 s0800/1030] loss = 3.106875
[e075 s0850/1030] loss = 3.024868
[e075 s0900/1030] loss = 2.952290
[e075 s0950/1030] loss = 2.958527
[e075 s1000/1030] loss = 2.867003
Epoch 075: train_loss = 2.846717  MAE/GAME0 = 16.453  RMSE = 35.295  GAME1 = 19.767  GAME2 = 22.661  GAME3 = 24.423  lr = 1.00e-05  time = 7.9s
[e076 s0001/1030] loss = 0.791899
[e076 s0050/1030] loss = 3.129692
[e076 s0100/1030] loss = 2.965275
[e076 s0150/1030] loss = 4.262406
[e076 s0200/1030] loss = 3.809910
[e076 s0250/1030] loss = 3.421950
[e076 s0300/1030] loss = 3.147218
[e076 s0350/1030] loss = 3.068540
[e076 s0400/1030] loss = 2.932772
[e076 s0450/1030] loss = 2.810206
[e076 s0500/1030] loss = 2.830547
[e076 s0550/1030] loss = 3.006059
[e076 s0600/1030] loss = 3.018679
[e076 s0650/1030] loss = 2.943424
[e076 s0700/1030] loss = 2.831859
[e076 s0750/1030] loss = 2.786095
[e076 s0800/1030] loss = 3.066947
[e076 s0850/1030] loss = 3.061022
[e076 s0900/1030] loss = 3.032540
[e076 s0950/1030] loss = 2.930237
[e076 s1000/1030] loss = 2.864013
Epoch 076: train_loss = 2.979345  MAE/GAME0 = 23.225  RMSE = 42.235  GAME1 = 23.225  GAME2 = 23.228  GAME3 = 23.231  lr = 1.00e-05  time = 7.7s
[e077 s0001/1030] loss = 0.609162
[e077 s0050/1030] loss = 4.532449
[e077 s0100/1030] loss = 3.506081
[e077 s0150/1030] loss = 2.955741
[e077 s0200/1030] loss = 2.831480
[e077 s0250/1030] loss = 2.593828
[e077 s0300/1030] loss = 2.462657
[e077 s0350/1030] loss = 2.605046
[e077 s0400/1030] loss = 2.585104
[e077 s0450/1030] loss = 3.166500
[e077 s0500/1030] loss = 3.118465
[e077 s0550/1030] loss = 3.092826
[e077 s0600/1030] loss = 2.961053
[e077 s0650/1030] loss = 2.930588
[e077 s0700/1030] loss = 2.871156
[e077 s0750/1030] loss = 2.867365
[e077 s0800/1030] loss = 2.926690
[e077 s0850/1030] loss = 2.855600
[e077 s0900/1030] loss = 2.794272
[e077 s0950/1030] loss = 2.720142
[e077 s1000/1030] loss = 2.846661
Epoch 077: train_loss = 2.859923  MAE/GAME0 = 17.742  RMSE = 35.693  GAME1 = 20.714  GAME2 = 23.247  GAME3 = 24.858  lr = 1.00e-05  time = 7.6s
[e078 s0001/1030] loss = 0.111701
[e078 s0050/1030] loss = 1.762656
[e078 s0100/1030] loss = 1.828558
[e078 s0150/1030] loss = 2.782752
[e078 s0200/1030] loss = 2.316804
[e078 s0250/1030] loss = 2.054014
[e078 s0300/1030] loss = 2.127177
[e078 s0350/1030] loss = 2.392626
[e078 s0400/1030] loss = 2.264527
[e078 s0450/1030] loss = 2.136401
[e078 s0500/1030] loss = 2.069415
[e078 s0550/1030] loss = 2.034318
[e078 s0600/1030] loss = 2.051359
[e078 s0650/1030] loss = 2.094669
[e078 s0700/1030] loss = 2.116097
[e078 s0750/1030] loss = 2.119340
[e078 s0800/1030] loss = 2.120421
[e078 s0850/1030] loss = 2.088700
[e078 s0900/1030] loss = 2.043293
[e078 s0950/1030] loss = 2.087123
[e078 s1000/1030] loss = 2.124444
Epoch 078: train_loss = 2.140260  MAE/GAME0 = 18.458  RMSE = 35.448  GAME1 = 20.961  GAME2 = 23.309  GAME3 = 24.878  lr = 1.00e-05  time = 7.8s
[e079 s0001/1030] loss = 0.860798
[e079 s0050/1030] loss = 1.973705
[e079 s0100/1030] loss = 2.377608
[e079 s0150/1030] loss = 2.057243
[e079 s0200/1030] loss = 2.028095
[e079 s0250/1030] loss = 2.073552
[e079 s0300/1030] loss = 2.192354
[e079 s0350/1030] loss = 2.289665
[e079 s0400/1030] loss = 2.602716
[e079 s0450/1030] loss = 2.685817
[e079 s0500/1030] loss = 2.801803
[e079 s0550/1030] loss = 2.774313
[e079 s0600/1030] loss = 2.833788
[e079 s0650/1030] loss = 2.736045
[e079 s0700/1030] loss = 2.694158
[e079 s0750/1030] loss = 2.667175
[e079 s0800/1030] loss = 2.857500
[e079 s0850/1030] loss = 3.349461
[e079 s0900/1030] loss = 3.340231
[e079 s0950/1030] loss = 3.209491
[e079 s1000/1030] loss = 3.108135
Epoch 079: train_loss = 3.053021  MAE/GAME0 = 14.488  RMSE = 35.317  GAME1 = 16.609  GAME2 = 18.743  GAME3 = 19.981  lr = 1.00e-05  time = 9.7s
[e080 s0001/1030] loss = 0.736619
[e080 s0050/1030] loss = 2.164910
[e080 s0100/1030] loss = 3.544015
[e080 s0150/1030] loss = 2.864708
[e080 s0200/1030] loss = 2.641638
[e080 s0250/1030] loss = 2.453425
[e080 s0300/1030] loss = 2.897056
[e080 s0350/1030] loss = 2.687012
[e080 s0400/1030] loss = 2.745291
[e080 s0450/1030] loss = 2.582997
[e080 s0500/1030] loss = 2.500850
[e080 s0550/1030] loss = 2.554248
[e080 s0600/1030] loss = 2.562767
[e080 s0650/1030] loss = 2.481380
[e080 s0700/1030] loss = 2.592367
[e080 s0750/1030] loss = 2.512195
[e080 s0800/1030] loss = 2.551075
[e080 s0850/1030] loss = 2.467293
[e080 s0900/1030] loss = 2.423371
[e080 s0950/1030] loss = 2.366446
[e080 s1000/1030] loss = 2.347742
Epoch 080: train_loss = 2.386252  MAE/GAME0 = 35.194  RMSE = 45.307  GAME1 = 36.902  GAME2 = 38.560  GAME3 = 39.861  lr = 1.00e-05  time = 7.6s
[e081 s0001/1030] loss = 0.951244
[e081 s0050/1030] loss = 3.881030
[e081 s0100/1030] loss = 2.850241
[e081 s0150/1030] loss = 3.337669
[e081 s0200/1030] loss = 2.936438
[e081 s0250/1030] loss = 2.715764
[e081 s0300/1030] loss = 2.481317
[e081 s0350/1030] loss = 2.481890
[e081 s0400/1030] loss = 2.439080
[e081 s0450/1030] loss = 2.345735
[e081 s0500/1030] loss = 2.516240
[e081 s0550/1030] loss = 2.419355
[e081 s0600/1030] loss = 2.375009
[e081 s0650/1030] loss = 2.422070
[e081 s0700/1030] loss = 2.410450
[e081 s0750/1030] loss = 2.335657
[e081 s0800/1030] loss = 2.368604
[e081 s0850/1030] loss = 2.327682
[e081 s0900/1030] loss = 2.292350
[e081 s0950/1030] loss = 2.292466
[e081 s1000/1030] loss = 2.263134
Epoch 081: train_loss = 2.236731  MAE/GAME0 = 13.845  RMSE = 33.700  GAME1 = 16.036  GAME2 = 18.484  GAME3 = 19.777  lr = 1.00e-05  time = 7.5s
[e082 s0001/1030] loss = 0.763228
[e082 s0050/1030] loss = 2.784967
[e082 s0100/1030] loss = 3.388772
[e082 s0150/1030] loss = 2.935454
[e082 s0200/1030] loss = 2.629121
[e082 s0250/1030] loss = 2.474159
[e082 s0300/1030] loss = 2.535818
[e082 s0350/1030] loss = 2.307226
[e082 s0400/1030] loss = 2.308581
[e082 s0450/1030] loss = 2.636755
[e082 s0500/1030] loss = 2.580373
[e082 s0550/1030] loss = 2.566778
[e082 s0600/1030] loss = 2.902518
[e082 s0650/1030] loss = 2.852683
[e082 s0700/1030] loss = 2.767641
[e082 s0750/1030] loss = 2.710563
[e082 s0800/1030] loss = 2.655560
[e082 s0850/1030] loss = 2.547350
[e082 s0900/1030] loss = 2.498468
[e082 s0950/1030] loss = 2.456615
[e082 s1000/1030] loss = 2.383070
Epoch 082: train_loss = 2.373216  MAE/GAME0 = 13.589  RMSE = 33.339  GAME1 = 15.977  GAME2 = 18.386  GAME3 = 19.628  lr = 1.00e-05  time = 7.7s
[e083 s0001/1030] loss = 0.247976
[e083 s0050/1030] loss = 2.101548
[e083 s0100/1030] loss = 2.051410
[e083 s0150/1030] loss = 1.782543
[e083 s0200/1030] loss = 1.725191
[e083 s0250/1030] loss = 1.625243
[e083 s0300/1030] loss = 1.592239
[e083 s0350/1030] loss = 1.684561
[e083 s0400/1030] loss = 1.735035
[e083 s0450/1030] loss = 1.725303
[e083 s0500/1030] loss = 1.764871
[e083 s0550/1030] loss = 1.688330
[e083 s0600/1030] loss = 1.783838
[e083 s0650/1030] loss = 1.722788
[e083 s0700/1030] loss = 2.052194
[e083 s0750/1030] loss = 2.027567
[e083 s0800/1030] loss = 1.974350
[e083 s0850/1030] loss = 1.943759
[e083 s0900/1030] loss = 1.912988
[e083 s0950/1030] loss = 1.912892
[e083 s1000/1030] loss = 1.892146
Epoch 083: train_loss = 1.956612  MAE/GAME0 = 38.473  RMSE = 48.631  GAME1 = 40.071  GAME2 = 41.504  GAME3 = 42.954  lr = 1.00e-05  time = 7.7s
[e084 s0001/1030] loss = 30.617125
[e084 s0050/1030] loss = 3.266364
[e084 s0100/1030] loss = 2.963549
[e084 s0150/1030] loss = 2.565799
[e084 s0200/1030] loss = 2.222630
[e084 s0250/1030] loss = 2.334372
[e084 s0300/1030] loss = 2.187651
[e084 s0350/1030] loss = 2.074331
[e084 s0400/1030] loss = 2.188672
[e084 s0450/1030] loss = 2.077507
[e084 s0500/1030] loss = 1.976793
[e084 s0550/1030] loss = 1.966915
[e084 s0600/1030] loss = 1.888611
[e084 s0650/1030] loss = 1.814335
[e084 s0700/1030] loss = 1.788909
[e084 s0750/1030] loss = 1.736545
[e084 s0800/1030] loss = 1.756681
[e084 s0850/1030] loss = 1.807364
[e084 s0900/1030] loss = 1.833212
[e084 s0950/1030] loss = 1.799088
[e084 s1000/1030] loss = 1.756113
Epoch 084: train_loss = 1.740787  MAE/GAME0 = 13.944  RMSE = 33.603  GAME1 = 15.880  GAME2 = 18.176  GAME3 = 19.380  lr = 1.00e-05  time = 7.8s
[e085 s0001/1030] loss = 0.422163
[e085 s0050/1030] loss = 1.794952
[e085 s0100/1030] loss = 2.247221
[e085 s0150/1030] loss = 3.041238
[e085 s0200/1030] loss = 3.644728
[e085 s0250/1030] loss = 3.366330
[e085 s0300/1030] loss = 3.009688
[e085 s0350/1030] loss = 2.796445
[e085 s0400/1030] loss = 2.875721
[e085 s0450/1030] loss = 2.666074
[e085 s0500/1030] loss = 2.641463
[e085 s0550/1030] loss = 2.524752
[e085 s0600/1030] loss = 2.440258
[e085 s0650/1030] loss = 2.342965
[e085 s0700/1030] loss = 2.303203
[e085 s0750/1030] loss = 2.226562
[e085 s0800/1030] loss = 2.183228
[e085 s0850/1030] loss = 2.206966
[e085 s0900/1030] loss = 2.213229
[e085 s0950/1030] loss = 2.186861
[e085 s1000/1030] loss = 2.156344
Epoch 085: train_loss = 2.123077  MAE/GAME0 = 13.478  RMSE = 34.790  GAME1 = 15.093  GAME2 = 17.013  GAME3 = 17.969  lr = 1.00e-05  time = 7.6s
[e086 s0001/1030] loss = 0.526049
[e086 s0050/1030] loss = 4.011793
[e086 s0100/1030] loss = 3.293306
[e086 s0150/1030] loss = 2.650867
[e086 s0200/1030] loss = 2.297416
[e086 s0250/1030] loss = 1.996020
[e086 s0300/1030] loss = 1.834532
[e086 s0350/1030] loss = 1.884172
[e086 s0400/1030] loss = 1.866322
[e086 s0450/1030] loss = 1.860441
[e086 s0500/1030] loss = 2.042459
[e086 s0550/1030] loss = 2.121084
[e086 s0600/1030] loss = 2.044808
[e086 s0650/1030] loss = 2.013684
[e086 s0700/1030] loss = 2.065819
[e086 s0750/1030] loss = 2.016590
[e086 s0800/1030] loss = 2.122623
[e086 s0850/1030] loss = 2.075380
[e086 s0900/1030] loss = 2.023645
[e086 s0950/1030] loss = 1.978334
[e086 s1000/1030] loss = 1.938049
Epoch 086: train_loss = 1.914570  MAE/GAME0 = 14.430  RMSE = 32.794  GAME1 = 16.324  GAME2 = 18.756  GAME3 = 20.024  lr = 1.00e-05  time = 7.8s
[e087 s0001/1030] loss = 4.695846
[e087 s0050/1030] loss = 2.055351
[e087 s0100/1030] loss = 1.603416
[e087 s0150/1030] loss = 1.724370
[e087 s0200/1030] loss = 1.572048
[e087 s0250/1030] loss = 1.496887
[e087 s0300/1030] loss = 1.961565
[e087 s0350/1030] loss = 1.892590
[e087 s0400/1030] loss = 1.831693
[e087 s0450/1030] loss = 1.758911
[e087 s0500/1030] loss = 1.731008
[e087 s0550/1030] loss = 1.734042
[e087 s0600/1030] loss = 1.699271
[e087 s0650/1030] loss = 1.985544
[e087 s0700/1030] loss = 1.975201
[e087 s0750/1030] loss = 1.962237
[e087 s0800/1030] loss = 1.977061
[e087 s0850/1030] loss = 1.976448
[e087 s0900/1030] loss = 1.941239
[e087 s0950/1030] loss = 1.882973
[e087 s1000/1030] loss = 1.901471
Epoch 087: train_loss = 1.912435  MAE/GAME0 = 15.632  RMSE = 32.526  GAME1 = 16.946  GAME2 = 19.066  GAME3 = 20.276  lr = 1.00e-05  time = 8.0s
[e088 s0001/1030] loss = 0.162139
[e088 s0050/1030] loss = 1.832723
[e088 s0100/1030] loss = 3.779198
[e088 s0150/1030] loss = 3.090039
[e088 s0200/1030] loss = 2.836374
[e088 s0250/1030] loss = 2.517856
[e088 s0300/1030] loss = 2.270485
[e088 s0350/1030] loss = 2.510391
[e088 s0400/1030] loss = 2.401203
[e088 s0450/1030] loss = 2.242224
[e088 s0500/1030] loss = 2.396047
[e088 s0550/1030] loss = 2.266884
[e088 s0600/1030] loss = 2.184483
[e088 s0650/1030] loss = 2.752797
[e088 s0700/1030] loss = 2.827337
[e088 s0750/1030] loss = 2.681997
[e088 s0800/1030] loss = 2.589256
[e088 s0850/1030] loss = 2.515447
[e088 s0900/1030] loss = 2.435784
[e088 s0950/1030] loss = 2.438200
[e088 s1000/1030] loss = 2.426845
Epoch 088: train_loss = 2.395725  MAE/GAME0 = 12.626  RMSE = 32.610  GAME1 = 14.509  GAME2 = 16.620  GAME3 = 17.565  lr = 1.00e-05  time = 7.9s
[e089 s0001/1030] loss = 0.102677
[e089 s0050/1030] loss = 0.710104
[e089 s0100/1030] loss = 2.125664
[e089 s0150/1030] loss = 1.688826
[e089 s0200/1030] loss = 1.650880
[e089 s0250/1030] loss = 1.477642
[e089 s0300/1030] loss = 1.763097
[e089 s0350/1030] loss = 1.682373
[e089 s0400/1030] loss = 1.608356
[e089 s0450/1030] loss = 1.609660
[e089 s0500/1030] loss = 1.640554
[e089 s0550/1030] loss = 1.647301
[e089 s0600/1030] loss = 1.582988
[e089 s0650/1030] loss = 1.600373
[e089 s0700/1030] loss = 1.707175
[e089 s0750/1030] loss = 1.699680
[e089 s0800/1030] loss = 1.757838
[e089 s0850/1030] loss = 1.739460
[e089 s0900/1030] loss = 1.715380
[e089 s0950/1030] loss = 1.706040
[e089 s1000/1030] loss = 1.683570
Epoch 089: train_loss = 1.671991  MAE/GAME0 = 14.276  RMSE = 32.368  GAME1 = 16.072  GAME2 = 18.299  GAME3 = 19.469  lr = 1.00e-05  time = 7.7s
[e090 s0001/1030] loss = 0.208073
[e090 s0050/1030] loss = 0.702115
[e090 s0100/1030] loss = 1.205442
[e090 s0150/1030] loss = 1.283719
[e090 s0200/1030] loss = 1.179657
[e090 s0250/1030] loss = 1.354674
[e090 s0300/1030] loss = 1.262287
[e090 s0350/1030] loss = 1.276895
[e090 s0400/1030] loss = 1.336721
[e090 s0450/1030] loss = 1.409527
[e090 s0500/1030] loss = 1.353265
[e090 s0550/1030] loss = 1.477247
[e090 s0600/1030] loss = 1.432224
[e090 s0650/1030] loss = 1.591660
[e090 s0700/1030] loss = 1.791531
[e090 s0750/1030] loss = 1.811688
[e090 s0800/1030] loss = 1.887502
[e090 s0850/1030] loss = 1.896133
[e090 s0900/1030] loss = 1.843752
[e090 s0950/1030] loss = 1.802565
[e090 s1000/1030] loss = 1.798052
Epoch 090: train_loss = 1.797285  MAE/GAME0 = 13.428  RMSE = 31.795  GAME1 = 15.198  GAME2 = 17.300  GAME3 = 18.423  lr = 1.00e-05  time = 7.7s
[e091 s0001/1030] loss = 0.312476
[e091 s0050/1030] loss = 1.540686
[e091 s0100/1030] loss = 1.282472
[e091 s0150/1030] loss = 1.431376
[e091 s0200/1030] loss = 1.408537
[e091 s0250/1030] loss = 1.370397
[e091 s0300/1030] loss = 1.289943
[e091 s0350/1030] loss = 1.229743
[e091 s0400/1030] loss = 1.310199
[e091 s0450/1030] loss = 1.311832
[e091 s0500/1030] loss = 1.265268
[e091 s0550/1030] loss = 1.288059
[e091 s0600/1030] loss = 1.272412
[e091 s0650/1030] loss = 1.225350
[e091 s0700/1030] loss = 1.217742
[e091 s0750/1030] loss = 1.509331
[e091 s0800/1030] loss = 1.551579
[e091 s0850/1030] loss = 1.508241
[e091 s0900/1030] loss = 1.475884
[e091 s0950/1030] loss = 1.443565
[e091 s1000/1030] loss = 1.458606
Epoch 091: train_loss = 1.464991  MAE/GAME0 = 17.972  RMSE = 33.438  GAME1 = 19.305  GAME2 = 21.262  GAME3 = 22.519  lr = 1.00e-05  time = 7.7s
[e092 s0001/1030] loss = 1.914081
[e092 s0050/1030] loss = 2.363626
[e092 s0100/1030] loss = 1.851903
[e092 s0150/1030] loss = 2.292646
[e092 s0200/1030] loss = 2.143656
[e092 s0250/1030] loss = 1.892433
[e092 s0300/1030] loss = 1.794668
[e092 s0350/1030] loss = 1.664830
[e092 s0400/1030] loss = 1.576915
[e092 s0450/1030] loss = 1.624113
[e092 s0500/1030] loss = 1.651769
[e092 s0550/1030] loss = 1.610493
[e092 s0600/1030] loss = 1.573609
[e092 s0650/1030] loss = 1.535562
[e092 s0700/1030] loss = 1.548794
[e092 s0750/1030] loss = 1.555850
[e092 s0800/1030] loss = 1.538931
[e092 s0850/1030] loss = 1.532648
[e092 s0900/1030] loss = 1.559249
[e092 s0950/1030] loss = 1.544198
[e092 s1000/1030] loss = 1.643886
Epoch 092: train_loss = 1.693431  MAE/GAME0 = 12.831  RMSE = 33.789  GAME1 = 14.071  GAME2 = 15.573  GAME3 = 16.315  lr = 1.00e-05  time = 7.6s
[e093 s0001/1030] loss = 0.020470
[e093 s0050/1030] loss = 1.737701
[e093 s0100/1030] loss = 1.293583
[e093 s0150/1030] loss = 1.310444
[e093 s0200/1030] loss = 1.293379
[e093 s0250/1030] loss = 1.355924
[e093 s0300/1030] loss = 1.241101
[e093 s0350/1030] loss = 1.218134
[e093 s0400/1030] loss = 1.513477
[e093 s0450/1030] loss = 1.561676
[e093 s0500/1030] loss = 1.582495
[e093 s0550/1030] loss = 1.494664
[e093 s0600/1030] loss = 1.481601
[e093 s0650/1030] loss = 1.597381
[e093 s0700/1030] loss = 1.583409
[e093 s0750/1030] loss = 1.648739
[e093 s0800/1030] loss = 1.589738
[e093 s0850/1030] loss = 1.584710
[e093 s0900/1030] loss = 2.042998
[e093 s0950/1030] loss = 2.040126
[e093 s1000/1030] loss = 2.004228
Epoch 093: train_loss = 1.987490  MAE/GAME0 = 12.375  RMSE = 31.553  GAME1 = 14.322  GAME2 = 16.361  GAME3 = 17.425  lr = 1.00e-05  time = 7.7s
[e094 s0001/1030] loss = 0.797947
[e094 s0050/1030] loss = 1.350548
[e094 s0100/1030] loss = 1.789152
[e094 s0150/1030] loss = 1.681443
[e094 s0200/1030] loss = 1.541522
[e094 s0250/1030] loss = 3.010241
[e094 s0300/1030] loss = 2.817375
[e094 s0350/1030] loss = 2.587407
[e094 s0400/1030] loss = 2.531850
[e094 s0450/1030] loss = 2.384455
[e094 s0500/1030] loss = 2.240163
[e094 s0550/1030] loss = 2.301739
[e094 s0600/1030] loss = 2.214432
[e094 s0650/1030] loss = 2.146857
[e094 s0700/1030] loss = 2.047200
[e094 s0750/1030] loss = 2.018313
[e094 s0800/1030] loss = 2.013841
[e094 s0850/1030] loss = 2.049391
[e094 s0900/1030] loss = 2.017209
[e094 s0950/1030] loss = 1.999844
[e094 s1000/1030] loss = 1.940679
Epoch 094: train_loss = 1.911866  MAE/GAME0 = 13.374  RMSE = 30.545  GAME1 = 15.087  GAME2 = 16.992  GAME3 = 18.176  lr = 1.00e-05  time = 7.7s
[e095 s0001/1030] loss = 0.465869
[e095 s0050/1030] loss = 1.575025
[e095 s0100/1030] loss = 1.274492
[e095 s0150/1030] loss = 1.250199
[e095 s0200/1030] loss = 1.264520
[e095 s0250/1030] loss = 1.331362
[e095 s0300/1030] loss = 1.323802
[e095 s0350/1030] loss = 1.228785
[e095 s0400/1030] loss = 1.273051
[e095 s0450/1030] loss = 1.242251
[e095 s0500/1030] loss = 1.204571
[e095 s0550/1030] loss = 1.745510
[e095 s0600/1030] loss = 1.773266
[e095 s0650/1030] loss = 1.839824
[e095 s0700/1030] loss = 1.882450
[e095 s0750/1030] loss = 1.883911
[e095 s0800/1030] loss = 1.812921
[e095 s0850/1030] loss = 1.810556
[e095 s0900/1030] loss = 1.785898
[e095 s0950/1030] loss = 1.757594
[e095 s1000/1030] loss = 1.811316
Epoch 095: train_loss = 1.793229  MAE/GAME0 = 12.605  RMSE = 32.789  GAME1 = 14.611  GAME2 = 16.652  GAME3 = 17.597  lr = 1.00e-05  time = 7.6s
[e096 s0001/1030] loss = 0.252164
[e096 s0050/1030] loss = 1.974386
[e096 s0100/1030] loss = 1.855903
[e096 s0150/1030] loss = 1.764288
[e096 s0200/1030] loss = 1.558158
[e096 s0250/1030] loss = 1.484126
[e096 s0300/1030] loss = 2.571487
[e096 s0350/1030] loss = 2.380767
[e096 s0400/1030] loss = 2.210416
[e096 s0450/1030] loss = 2.065015
[e096 s0500/1030] loss = 2.014171
[e096 s0550/1030] loss = 1.960037
[e096 s0600/1030] loss = 1.911465
[e096 s0650/1030] loss = 1.829518
[e096 s0700/1030] loss = 1.794327
[e096 s0750/1030] loss = 1.737200
[e096 s0800/1030] loss = 1.800333
[e096 s0850/1030] loss = 1.803975
[e096 s0900/1030] loss = 1.839754
[e096 s0950/1030] loss = 1.817735
[e096 s1000/1030] loss = 1.859271
Epoch 096: train_loss = 1.832386  MAE/GAME0 = 11.991  RMSE = 29.883  GAME1 = 13.521  GAME2 = 15.393  GAME3 = 16.395  lr = 1.00e-05  time = 7.8s
[e097 s0001/1030] loss = 1.150501
[e097 s0050/1030] loss = 1.136519
[e097 s0100/1030] loss = 1.131023
[e097 s0150/1030] loss = 1.920950
[e097 s0200/1030] loss = 1.663693
[e097 s0250/1030] loss = 1.532674
[e097 s0300/1030] loss = 1.469312
[e097 s0350/1030] loss = 1.462663
[e097 s0400/1030] loss = 1.421737
[e097 s0450/1030] loss = 1.363731
[e097 s0500/1030] loss = 1.406159
[e097 s0550/1030] loss = 1.539326
[e097 s0600/1030] loss = 1.507301
[e097 s0650/1030] loss = 1.473920
[e097 s0700/1030] loss = 1.424117
[e097 s0750/1030] loss = 1.388535
[e097 s0800/1030] loss = 1.397103
[e097 s0850/1030] loss = 1.363956
[e097 s0900/1030] loss = 1.357324
[e097 s0950/1030] loss = 1.331350
[e097 s1000/1030] loss = 1.632765
Epoch 097: train_loss = 1.662274  MAE/GAME0 = 17.953  RMSE = 34.010  GAME1 = 18.421  GAME2 = 18.847  GAME3 = 19.062  lr = 1.00e-05  time = 7.6s
[e098 s0001/1030] loss = 1.678676
[e098 s0050/1030] loss = 1.927747
[e098 s0100/1030] loss = 1.460927
[e098 s0150/1030] loss = 1.372706
[e098 s0200/1030] loss = 1.451339
[e098 s0250/1030] loss = 1.718679
[e098 s0300/1030] loss = 1.566873
[e098 s0350/1030] loss = 1.598972
[e098 s0400/1030] loss = 1.566035
[e098 s0450/1030] loss = 1.486822
[e098 s0500/1030] loss = 1.429988
[e098 s0550/1030] loss = 1.363135
[e098 s0600/1030] loss = 1.526647
[e098 s0650/1030] loss = 1.473029
[e098 s0700/1030] loss = 1.441568
[e098 s0750/1030] loss = 1.504450
[e098 s0800/1030] loss = 1.485387
[e098 s0850/1030] loss = 1.618618
[e098 s0900/1030] loss = 1.566612
[e098 s0950/1030] loss = 1.576806
[e098 s1000/1030] loss = 1.540402
Epoch 098: train_loss = 1.543068  MAE/GAME0 = 12.308  RMSE = 32.124  GAME1 = 14.369  GAME2 = 16.247  GAME3 = 17.135  lr = 1.00e-05  time = 8.0s
[e099 s0001/1030] loss = 0.232749
[e099 s0050/1030] loss = 2.345634
[e099 s0100/1030] loss = 1.780551
[e099 s0150/1030] loss = 1.518129
[e099 s0200/1030] loss = 1.862937
[e099 s0250/1030] loss = 1.687973
[e099 s0300/1030] loss = 1.738903
[e099 s0350/1030] loss = 1.659783
[e099 s0400/1030] loss = 1.602586
[e099 s0450/1030] loss = 1.628550
[e099 s0500/1030] loss = 1.596821
[e099 s0550/1030] loss = 1.631781
[e099 s0600/1030] loss = 1.632298
[e099 s0650/1030] loss = 1.573984
[e099 s0700/1030] loss = 1.507483
[e099 s0750/1030] loss = 1.481535
[e099 s0800/1030] loss = 1.442244
[e099 s0850/1030] loss = 1.427164
[e099 s0900/1030] loss = 1.404342
[e099 s0950/1030] loss = 1.504685
[e099 s1000/1030] loss = 1.550127
Epoch 099: train_loss = 1.639890  MAE/GAME0 = 22.817  RMSE = 32.247  GAME1 = 23.564  GAME2 = 24.958  GAME3 = 26.119  lr = 1.00e-05  time = 7.7s
[e100 s0001/1030] loss = 7.695999
[e100 s0050/1030] loss = 1.735660
[e100 s0100/1030] loss = 1.593091
[e100 s0150/1030] loss = 1.722662
[e100 s0200/1030] loss = 1.668684
[e100 s0250/1030] loss = 1.635429
[e100 s0300/1030] loss = 1.482849
[e100 s0350/1030] loss = 1.487977
[e100 s0400/1030] loss = 1.431175
[e100 s0450/1030] loss = 1.600132
[e100 s0500/1030] loss = 1.535531
[e100 s0550/1030] loss = 1.509431
[e100 s0600/1030] loss = 1.462479
[e100 s0650/1030] loss = 1.418388
[e100 s0700/1030] loss = 1.373644
[e100 s0750/1030] loss = 1.346952
[e100 s0800/1030] loss = 1.758171
[e100 s0850/1030] loss = 1.752042
[e100 s0900/1030] loss = 1.753745
[e100 s0950/1030] loss = 1.720577
[e100 s1000/1030] loss = 1.739960
Epoch 100: train_loss = 1.711424  MAE/GAME0 = 11.372  RMSE = 28.021  GAME1 = 13.143  GAME2 = 15.184  GAME3 = 16.263  lr = 1.00e-05  time = 7.7s
[e101 s0001/1030] loss = 0.302503
[e101 s0050/1030] loss = 0.852965
[e101 s0100/1030] loss = 0.860282
[e101 s0150/1030] loss = 0.806119
[e101 s0200/1030] loss = 0.957994
[e101 s0250/1030] loss = 1.115623
[e101 s0300/1030] loss = 1.172279
[e101 s0350/1030] loss = 1.218503
[e101 s0400/1030] loss = 1.234109
[e101 s0450/1030] loss = 1.195956
[e101 s0500/1030] loss = 1.247663
[e101 s0550/1030] loss = 1.301142
[e101 s0600/1030] loss = 1.289155
[e101 s0650/1030] loss = 1.298191
[e101 s0700/1030] loss = 1.293172
[e101 s0750/1030] loss = 1.284463
[e101 s0800/1030] loss = 1.280544
[e101 s0850/1030] loss = 1.291568
[e101 s0900/1030] loss = 1.278176
[e101 s0950/1030] loss = 1.294935
[e101 s1000/1030] loss = 1.290465
Epoch 101: train_loss = 1.296950  MAE/GAME0 = 11.687  RMSE = 30.067  GAME1 = 13.103  GAME2 = 14.790  GAME3 = 15.669  lr = 1.00e-05  time = 7.7s
[e102 s0001/1030] loss = 0.044509
[e102 s0050/1030] loss = 1.438637
[e102 s0100/1030] loss = 1.464636
[e102 s0150/1030] loss = 1.300442
[e102 s0200/1030] loss = 1.333536
[e102 s0250/1030] loss = 1.292384
[e102 s0300/1030] loss = 1.306151
[e102 s0350/1030] loss = 1.265470
[e102 s0400/1030] loss = 1.739566
[e102 s0450/1030] loss = 1.659026
[e102 s0500/1030] loss = 1.622242
[e102 s0550/1030] loss = 1.596591
[e102 s0600/1030] loss = 1.558884
[e102 s0650/1030] loss = 1.526535
[e102 s0700/1030] loss = 1.540477
[e102 s0750/1030] loss = 1.534564
[e102 s0800/1030] loss = 1.496453
[e102 s0850/1030] loss = 1.490228
[e102 s0900/1030] loss = 1.451086
[e102 s0950/1030] loss = 1.441445
[e102 s1000/1030] loss = 1.475816
Epoch 102: train_loss = 1.456450  MAE/GAME0 = 11.861  RMSE = 26.105  GAME1 = 13.540  GAME2 = 15.494  GAME3 = 16.621  lr = 1.00e-05  time = 7.7s
[e103 s0001/1030] loss = 0.609221
[e103 s0050/1030] loss = 2.616770
[e103 s0100/1030] loss = 3.006502
[e103 s0150/1030] loss = 2.248323
[e103 s0200/1030] loss = 1.965212
[e103 s0250/1030] loss = 2.524405
[e103 s0300/1030] loss = 2.357607
[e103 s0350/1030] loss = 2.256093
[e103 s0400/1030] loss = 2.139517
[e103 s0450/1030] loss = 2.065415
[e103 s0500/1030] loss = 2.120175
[e103 s0550/1030] loss = 2.068133
[e103 s0600/1030] loss = 1.986545
[e103 s0650/1030] loss = 2.017622
[e103 s0700/1030] loss = 1.933851
[e103 s0750/1030] loss = 1.868327
[e103 s0800/1030] loss = 1.817018
[e103 s0850/1030] loss = 1.753000
[e103 s0900/1030] loss = 1.700041
[e103 s0950/1030] loss = 1.665575
[e103 s1000/1030] loss = 1.627902
Epoch 103: train_loss = 1.610673  MAE/GAME0 = 12.191  RMSE = 28.977  GAME1 = 13.768  GAME2 = 15.804  GAME3 = 16.989  lr = 1.00e-05  time = 7.6s
[e104 s0001/1030] loss = 0.394184
[e104 s0050/1030] loss = 4.622415
[e104 s0100/1030] loss = 3.671251
[e104 s0150/1030] loss = 2.793909
[e104 s0200/1030] loss = 2.552949
[e104 s0250/1030] loss = 2.244225
[e104 s0300/1030] loss = 1.988258
[e104 s0350/1030] loss = 1.908967
[e104 s0400/1030] loss = 1.802489
[e104 s0450/1030] loss = 1.947382
[e104 s0500/1030] loss = 1.880462
[e104 s0550/1030] loss = 1.856141
[e104 s0600/1030] loss = 1.836674
[e104 s0650/1030] loss = 1.781333
[e104 s0700/1030] loss = 1.768311
[e104 s0750/1030] loss = 1.690511
[e104 s0800/1030] loss = 1.685434
[e104 s0850/1030] loss = 1.673253
[e104 s0900/1030] loss = 1.653984
[e104 s0950/1030] loss = 1.615801
[e104 s1000/1030] loss = 1.578517
Epoch 104: train_loss = 1.556365  MAE/GAME0 = 12.625  RMSE = 28.706  GAME1 = 14.112  GAME2 = 16.067  GAME3 = 17.180  lr = 1.00e-05  time = 7.7s
[e105 s0001/1030] loss = 0.142112
[e105 s0050/1030] loss = 0.630327
[e105 s0100/1030] loss = 0.710569
[e105 s0150/1030] loss = 0.650814
[e105 s0200/1030] loss = 0.877226
[e105 s0250/1030] loss = 0.949087
[e105 s0300/1030] loss = 0.973471
[e105 s0350/1030] loss = 0.963630
[e105 s0400/1030] loss = 0.953192
[e105 s0450/1030] loss = 1.021800
[e105 s0500/1030] loss = 0.997097
[e105 s0550/1030] loss = 1.075004
[e105 s0600/1030] loss = 1.125873
[e105 s0650/1030] loss = 1.138574
[e105 s0700/1030] loss = 1.168247
[e105 s0750/1030] loss = 1.246266
[e105 s0800/1030] loss = 1.236252
[e105 s0850/1030] loss = 1.217281
[e105 s0900/1030] loss = 1.208973
[e105 s0950/1030] loss = 1.236144
[e105 s1000/1030] loss = 1.301419
Epoch 105: train_loss = 1.288420  MAE/GAME0 = 11.081  RMSE = 30.570  GAME1 = 12.601  GAME2 = 14.371  GAME3 = 15.273  lr = 1.00e-05  time = 9.4s
[e106 s0001/1030] loss = 0.187874
[e106 s0050/1030] loss = 1.007969
[e106 s0100/1030] loss = 0.820418
[e106 s0150/1030] loss = 0.863978
[e106 s0200/1030] loss = 1.040372
[e106 s0250/1030] loss = 1.025249
[e106 s0300/1030] loss = 1.026164
[e106 s0350/1030] loss = 1.096889
[e106 s0400/1030] loss = 1.196856
[e106 s0450/1030] loss = 1.192103
[e106 s0500/1030] loss = 1.918452
[e106 s0550/1030] loss = 2.070178
[e106 s0600/1030] loss = 2.044466
[e106 s0650/1030] loss = 1.982859
[e106 s0700/1030] loss = 2.031012
[e106 s0750/1030] loss = 2.008493
[e106 s0800/1030] loss = 1.962684
[e106 s0850/1030] loss = 2.003529
[e106 s0900/1030] loss = 1.963700
[e106 s0950/1030] loss = 1.896472
[e106 s1000/1030] loss = 1.856634
Epoch 106: train_loss = 1.840772  MAE/GAME0 = 11.509  RMSE = 29.223  GAME1 = 13.577  GAME2 = 15.614  GAME3 = 16.659  lr = 1.00e-05  time = 7.8s
[e107 s0001/1030] loss = 0.820616
[e107 s0050/1030] loss = 2.043643
[e107 s0100/1030] loss = 1.451140
[e107 s0150/1030] loss = 1.416335
[e107 s0200/1030] loss = 1.411282
[e107 s0250/1030] loss = 2.500610
[e107 s0300/1030] loss = 2.593935
[e107 s0350/1030] loss = 2.448847
[e107 s0400/1030] loss = 2.283364
[e107 s0450/1030] loss = 2.142567
[e107 s0500/1030] loss = 2.082127
[e107 s0550/1030] loss = 1.986849
[e107 s0600/1030] loss = 1.930648
[e107 s0650/1030] loss = 1.851096
[e107 s0700/1030] loss = 1.780031
[e107 s0750/1030] loss = 1.751103
[e107 s0800/1030] loss = 1.705105
[e107 s0850/1030] loss = 1.686446
[e107 s0900/1030] loss = 1.651372
[e107 s0950/1030] loss = 1.597837
[e107 s1000/1030] loss = 1.600334
Epoch 107: train_loss = 1.604332  MAE/GAME0 = 22.843  RMSE = 30.176  GAME1 = 23.477  GAME2 = 24.786  GAME3 = 25.807  lr = 1.00e-05  time = 7.7s
[e108 s0001/1030] loss = 2.595878
[e108 s0050/1030] loss = 1.345357
[e108 s0100/1030] loss = 1.255593
[e108 s0150/1030] loss = 1.236289
[e108 s0200/1030] loss = 1.144702
[e108 s0250/1030] loss = 1.129077
[e108 s0300/1030] loss = 1.095228
[e108 s0350/1030] loss = 1.096250
[e108 s0400/1030] loss = 1.104272
[e108 s0450/1030] loss = 1.666897
[e108 s0500/1030] loss = 1.662882
[e108 s0550/1030] loss = 1.580673
[e108 s0600/1030] loss = 1.672479
[e108 s0650/1030] loss = 1.664738
[e108 s0700/1030] loss = 1.648488
[e108 s0750/1030] loss = 1.619000
[e108 s0800/1030] loss = 1.590880
[e108 s0850/1030] loss = 1.546195
[e108 s0900/1030] loss = 1.524984
[e108 s0950/1030] loss = 1.569785
[e108 s1000/1030] loss = 1.570424
Epoch 108: train_loss = 1.556128  MAE/GAME0 = 11.716  RMSE = 23.837  GAME1 = 13.222  GAME2 = 15.245  GAME3 = 16.441  lr = 1.00e-05  time = 7.7s
[e109 s0001/1030] loss = 1.189048
[e109 s0050/1030] loss = 0.762808
[e109 s0100/1030] loss = 0.904722
[e109 s0150/1030] loss = 1.326766
[e109 s0200/1030] loss = 1.909247
[e109 s0250/1030] loss = 1.896549
[e109 s0300/1030] loss = 1.729477
[e109 s0350/1030] loss = 1.761129
[e109 s0400/1030] loss = 1.723459
[e109 s0450/1030] loss = 1.639975
[e109 s0500/1030] loss = 1.594829
[e109 s0550/1030] loss = 1.601015
[e109 s0600/1030] loss = 1.584029
[e109 s0650/1030] loss = 1.540496
[e109 s0700/1030] loss = 1.466722
[e109 s0750/1030] loss = 1.432055
[e109 s0800/1030] loss = 1.528284
[e109 s0850/1030] loss = 1.521481
[e109 s0900/1030] loss = 1.537320
[e109 s0950/1030] loss = 1.556452
[e109 s1000/1030] loss = 1.532810
Epoch 109: train_loss = 1.509412  MAE/GAME0 = 10.688  RMSE = 25.320  GAME1 = 12.081  GAME2 = 13.944  GAME3 = 14.907  lr = 1.00e-05  time = 7.6s
[e110 s0001/1030] loss = 0.380230
[e110 s0050/1030] loss = 1.269387
[e110 s0100/1030] loss = 1.107341
[e110 s0150/1030] loss = 0.984247
[e110 s0200/1030] loss = 0.985842
[e110 s0250/1030] loss = 1.500981
[e110 s0300/1030] loss = 1.583039
[e110 s0350/1030] loss = 1.593242
[e110 s0400/1030] loss = 1.502027
[e110 s0450/1030] loss = 1.533589
[e110 s0500/1030] loss = 1.488203
[e110 s0550/1030] loss = 1.422468
[e110 s0600/1030] loss = 1.382023
[e110 s0650/1030] loss = 1.357135
[e110 s0700/1030] loss = 1.390021
[e110 s0750/1030] loss = 1.407645
[e110 s0800/1030] loss = 1.439851
[e110 s0850/1030] loss = 1.397221
[e110 s0900/1030] loss = 1.390859
[e110 s0950/1030] loss = 1.394005
[e110 s1000/1030] loss = 1.383128
Epoch 110: train_loss = 1.447475  MAE/GAME0 = 17.368  RMSE = 28.010  GAME1 = 18.607  GAME2 = 20.619  GAME3 = 21.847  lr = 1.00e-05  time = 7.6s
[e111 s0001/1030] loss = 0.479630
[e111 s0050/1030] loss = 4.728153
[e111 s0100/1030] loss = 2.731053
[e111 s0150/1030] loss = 2.170774
[e111 s0200/1030] loss = 1.878837
[e111 s0250/1030] loss = 1.753649
[e111 s0300/1030] loss = 1.685867
[e111 s0350/1030] loss = 1.632000
[e111 s0400/1030] loss = 1.783398
[e111 s0450/1030] loss = 1.765439
[e111 s0500/1030] loss = 1.760438
[e111 s0550/1030] loss = 1.720935
[e111 s0600/1030] loss = 1.701291
[e111 s0650/1030] loss = 1.654555
[e111 s0700/1030] loss = 1.661745
[e111 s0750/1030] loss = 1.607757
[e111 s0800/1030] loss = 1.561858
[e111 s0850/1030] loss = 1.502800
[e111 s0900/1030] loss = 1.502505
[e111 s0950/1030] loss = 1.503629
[e111 s1000/1030] loss = 1.495025
Epoch 111: train_loss = 1.487199  MAE/GAME0 = 12.687  RMSE = 25.764  GAME1 = 14.166  GAME2 = 16.384  GAME3 = 17.563  lr = 1.00e-05  time = 7.7s
[e112 s0001/1030] loss = 1.446927
[e112 s0050/1030] loss = 3.156683
[e112 s0100/1030] loss = 2.155183
[e112 s0150/1030] loss = 1.728868
[e112 s0200/1030] loss = 2.966289
[e112 s0250/1030] loss = 2.725342
[e112 s0300/1030] loss = 2.472437
[e112 s0350/1030] loss = 2.238263
[e112 s0400/1030] loss = 2.167872
[e112 s0450/1030] loss = 2.122808
[e112 s0500/1030] loss = 2.040687
[e112 s0550/1030] loss = 1.986286
[e112 s0600/1030] loss = 1.868634
[e112 s0650/1030] loss = 1.826257
[e112 s0700/1030] loss = 1.854348
[e112 s0750/1030] loss = 1.940180
[e112 s0800/1030] loss = 1.953168
[e112 s0850/1030] loss = 1.926070
[e112 s0900/1030] loss = 1.851781
[e112 s0950/1030] loss = 1.792754
[e112 s1000/1030] loss = 1.758762
Epoch 112: train_loss = 1.724174  MAE/GAME0 = 10.592  RMSE = 25.683  GAME1 = 12.335  GAME2 = 14.366  GAME3 = 15.440  lr = 1.00e-05  time = 7.7s
[e113 s0001/1030] loss = 0.069211
[e113 s0050/1030] loss = 0.824424
[e113 s0100/1030] loss = 0.692253
[e113 s0150/1030] loss = 0.725990
[e113 s0200/1030] loss = 0.844579
[e113 s0250/1030] loss = 0.987871
[e113 s0300/1030] loss = 1.029231
[e113 s0350/1030] loss = 0.962430
[e113 s0400/1030] loss = 1.002968
[e113 s0450/1030] loss = 0.993940
[e113 s0500/1030] loss = 1.013960
[e113 s0550/1030] loss = 1.047922
[e113 s0600/1030] loss = 1.037642
[e113 s0650/1030] loss = 1.023747
[e113 s0700/1030] loss = 1.034162
[e113 s0750/1030] loss = 1.081077
[e113 s0800/1030] loss = 1.102029
[e113 s0850/1030] loss = 1.090348
[e113 s0900/1030] loss = 1.124721
[e113 s0950/1030] loss = 1.114602
[e113 s1000/1030] loss = 1.121969
Epoch 113: train_loss = 1.333945  MAE/GAME0 = 19.243  RMSE = 29.687  GAME1 = 19.470  GAME2 = 19.703  GAME3 = 19.827  lr = 1.00e-05  time = 7.9s
[e114 s0001/1030] loss = 0.004261
[e114 s0050/1030] loss = 3.029363
[e114 s0100/1030] loss = 3.192017
[e114 s0150/1030] loss = 2.572986
[e114 s0200/1030] loss = 2.360124
[e114 s0250/1030] loss = 2.101145
[e114 s0300/1030] loss = 1.884006
[e114 s0350/1030] loss = 1.776615
[e114 s0400/1030] loss = 1.695535
[e114 s0450/1030] loss = 1.674931
[e114 s0500/1030] loss = 1.610696
[e114 s0550/1030] loss = 1.528347
[e114 s0600/1030] loss = 1.532282
[e114 s0650/1030] loss = 1.477026
[e114 s0700/1030] loss = 1.422399
[e114 s0750/1030] loss = 1.443747
[e114 s0800/1030] loss = 1.466011
[e114 s0850/1030] loss = 1.412549
[e114 s0900/1030] loss = 1.545689
[e114 s0950/1030] loss = 1.505634
[e114 s1000/1030] loss = 1.466132
Epoch 114: train_loss = 1.443970  MAE/GAME0 = 9.947  RMSE = 18.948  GAME1 = 11.806  GAME2 = 13.802  GAME3 = 14.876  lr = 1.00e-05  time = 7.8s
[e115 s0001/1030] loss = 0.183032
[e115 s0050/1030] loss = 1.666954
[e115 s0100/1030] loss = 1.250258
[e115 s0150/1030] loss = 1.766099
[e115 s0200/1030] loss = 1.764251
[e115 s0250/1030] loss = 1.638722
[e115 s0300/1030] loss = 1.546549
[e115 s0350/1030] loss = 1.576432
[e115 s0400/1030] loss = 1.734994
[e115 s0450/1030] loss = 1.675316
[e115 s0500/1030] loss = 1.630735
[e115 s0550/1030] loss = 1.584480
[e115 s0600/1030] loss = 1.625875
[e115 s0650/1030] loss = 1.582739
[e115 s0700/1030] loss = 1.567207
[e115 s0750/1030] loss = 1.531168
[e115 s0800/1030] loss = 1.505651
[e115 s0850/1030] loss = 1.517609
[e115 s0900/1030] loss = 1.478408
[e115 s0950/1030] loss = 1.461228
[e115 s1000/1030] loss = 1.457685
Epoch 115: train_loss = 1.446320  MAE/GAME0 = 10.053  RMSE = 24.433  GAME1 = 11.767  GAME2 = 13.697  GAME3 = 14.658  lr = 1.00e-05  time = 7.7s
[e116 s0001/1030] loss = 3.807818
[e116 s0050/1030] loss = 1.139266
[e116 s0100/1030] loss = 1.112060
[e116 s0150/1030] loss = 1.404616
[e116 s0200/1030] loss = 1.425312
[e116 s0250/1030] loss = 1.396333
[e116 s0300/1030] loss = 1.316371
[e116 s0350/1030] loss = 1.249383
[e116 s0400/1030] loss = 1.223368
[e116 s0450/1030] loss = 1.283170
[e116 s0500/1030] loss = 1.260830
[e116 s0550/1030] loss = 1.496594
[e116 s0600/1030] loss = 1.480343
[e116 s0650/1030] loss = 1.454964
[e116 s0700/1030] loss = 1.423835
[e116 s0750/1030] loss = 1.370565
[e116 s0800/1030] loss = 1.370292
[e116 s0850/1030] loss = 1.374908
[e116 s0900/1030] loss = 1.359033
[e116 s0950/1030] loss = 1.333372
[e116 s1000/1030] loss = 1.303178
Epoch 116: train_loss = 1.298047  MAE/GAME0 = 10.593  RMSE = 25.926  GAME1 = 12.483  GAME2 = 14.527  GAME3 = 15.624  lr = 1.00e-05  time = 7.8s
[e117 s0001/1030] loss = 0.331726
[e117 s0050/1030] loss = 0.836516
[e117 s0100/1030] loss = 0.835691
[e117 s0150/1030] loss = 0.917076
[e117 s0200/1030] loss = 0.899136
[e117 s0250/1030] loss = 0.858433
[e117 s0300/1030] loss = 0.859144
[e117 s0350/1030] loss = 0.817392
[e117 s0400/1030] loss = 0.838519
[e117 s0450/1030] loss = 0.838872
[e117 s0500/1030] loss = 0.907760
[e117 s0550/1030] loss = 0.906965
[e117 s0600/1030] loss = 1.028520
[e117 s0650/1030] loss = 1.001179
[e117 s0700/1030] loss = 1.298075
[e117 s0750/1030] loss = 1.446258
[e117 s0800/1030] loss = 1.424254
[e117 s0850/1030] loss = 1.411674
[e117 s0900/1030] loss = 1.384401
[e117 s0950/1030] loss = 1.354744
[e117 s1000/1030] loss = 1.396219
Epoch 117: train_loss = 1.393463  MAE/GAME0 = 10.947  RMSE = 24.371  GAME1 = 12.608  GAME2 = 14.761  GAME3 = 16.043  lr = 1.00e-05  time = 7.7s
[e118 s0001/1030] loss = 0.121969
[e118 s0050/1030] loss = 1.194870
[e118 s0100/1030] loss = 1.256949
[e118 s0150/1030] loss = 1.227323
[e118 s0200/1030] loss = 1.457163
[e118 s0250/1030] loss = 1.355567
[e118 s0300/1030] loss = 1.357326
[e118 s0350/1030] loss = 1.381704
[e118 s0400/1030] loss = 1.285711
[e118 s0450/1030] loss = 1.289807
[e118 s0500/1030] loss = 1.286504
[e118 s0550/1030] loss = 1.468523
[e118 s0600/1030] loss = 1.448419
[e118 s0650/1030] loss = 1.417044
[e118 s0700/1030] loss = 1.431049
[e118 s0750/1030] loss = 1.384471
[e118 s0800/1030] loss = 1.381833
[e118 s0850/1030] loss = 1.352470
[e118 s0900/1030] loss = 1.326574
[e118 s0950/1030] loss = 1.305429
[e118 s1000/1030] loss = 1.331273
Epoch 118: train_loss = 1.321069  MAE/GAME0 = 9.843  RMSE = 20.318  GAME1 = 11.196  GAME2 = 12.843  GAME3 = 13.706  lr = 1.00e-05  time = 7.8s
[e119 s0001/1030] loss = 0.203094
[e119 s0050/1030] loss = 1.688947
[e119 s0100/1030] loss = 1.562776
[e119 s0150/1030] loss = 1.389883
[e119 s0200/1030] loss = 1.373937
[e119 s0250/1030] loss = 1.259469
[e119 s0300/1030] loss = 1.329300
[e119 s0350/1030] loss = 1.682537
[e119 s0400/1030] loss = 1.600796
[e119 s0450/1030] loss = 1.631287
[e119 s0500/1030] loss = 1.788761
[e119 s0550/1030] loss = 1.720221
[e119 s0600/1030] loss = 2.192743
[e119 s0650/1030] loss = 2.106797
[e119 s0700/1030] loss = 2.092454
[e119 s0750/1030] loss = 2.003254
[e119 s0800/1030] loss = 1.935543
[e119 s0850/1030] loss = 1.885416
[e119 s0900/1030] loss = 1.836478
[e119 s0950/1030] loss = 1.765290
[e119 s1000/1030] loss = 1.753520
Epoch 119: train_loss = 1.759557  MAE/GAME0 = 10.305  RMSE = 22.664  GAME1 = 12.056  GAME2 = 13.919  GAME3 = 15.050  lr = 1.00e-05  time = 7.8s
[e120 s0001/1030] loss = 1.635548
[e120 s0050/1030] loss = 1.033199
[e120 s0100/1030] loss = 1.070463
[e120 s0150/1030] loss = 0.998716
[e120 s0200/1030] loss = 1.059743
[e120 s0250/1030] loss = 1.247463
[e120 s0300/1030] loss = 1.363371
[e120 s0350/1030] loss = 1.442599
[e120 s0400/1030] loss = 1.397905
[e120 s0450/1030] loss = 1.370810
[e120 s0500/1030] loss = 1.372893
[e120 s0550/1030] loss = 1.410772
[e120 s0600/1030] loss = 1.367119
[e120 s0650/1030] loss = 1.392645
[e120 s0700/1030] loss = 1.401918
[e120 s0750/1030] loss = 1.375688
[e120 s0800/1030] loss = 1.403508
[e120 s0850/1030] loss = 1.377013
[e120 s0900/1030] loss = 1.353172
[e120 s0950/1030] loss = 1.339428
[e120 s1000/1030] loss = 1.331598
Epoch 120: train_loss = 1.322521  MAE/GAME0 = 10.133  RMSE = 22.557  GAME1 = 11.689  GAME2 = 13.649  GAME3 = 14.731  lr = 1.00e-05  time = 7.6s
[e121 s0001/1030] loss = 0.059598
[e121 s0050/1030] loss = 2.850451
[e121 s0100/1030] loss = 2.366711
[e121 s0150/1030] loss = 1.825124
[e121 s0200/1030] loss = 1.522839
[e121 s0250/1030] loss = 1.462119
[e121 s0300/1030] loss = 1.359502
[e121 s0350/1030] loss = 1.297450
[e121 s0400/1030] loss = 1.226894
[e121 s0450/1030] loss = 1.592936
[e121 s0500/1030] loss = 1.540660
[e121 s0550/1030] loss = 1.520096
[e121 s0600/1030] loss = 1.481411
[e121 s0650/1030] loss = 1.454652
[e121 s0700/1030] loss = 1.458389
[e121 s0750/1030] loss = 1.420258
[e121 s0800/1030] loss = 1.423144
[e121 s0850/1030] loss = 1.428241
[e121 s0900/1030] loss = 1.412512
[e121 s0950/1030] loss = 1.382424
[e121 s1000/1030] loss = 1.349455
Epoch 121: train_loss = 1.330179  MAE/GAME0 = 9.789  RMSE = 22.156  GAME1 = 11.557  GAME2 = 13.620  GAME3 = 14.684  lr = 1.00e-05  time = 7.8s
[e122 s0001/1030] loss = 0.963311
[e122 s0050/1030] loss = 0.870909
[e122 s0100/1030] loss = 0.841809
[e122 s0150/1030] loss = 0.956701
[e122 s0200/1030] loss = 0.975847
[e122 s0250/1030] loss = 0.914711
[e122 s0300/1030] loss = 0.902866
[e122 s0350/1030] loss = 0.992968
[e122 s0400/1030] loss = 1.059665
[e122 s0450/1030] loss = 1.054195
[e122 s0500/1030] loss = 1.049383
[e122 s0550/1030] loss = 1.166343
[e122 s0600/1030] loss = 1.159735
[e122 s0650/1030] loss = 1.192344
[e122 s0700/1030] loss = 1.146166
[e122 s0750/1030] loss = 1.118478
[e122 s0800/1030] loss = 1.129310
[e122 s0850/1030] loss = 1.125689
[e122 s0900/1030] loss = 1.326271
[e122 s0950/1030] loss = 1.294945
[e122 s1000/1030] loss = 1.317947
Epoch 122: train_loss = 1.297110  MAE/GAME0 = 10.055  RMSE = 18.750  GAME1 = 11.728  GAME2 = 13.186  GAME3 = 13.894  lr = 1.00e-05  time = 7.7s
[e123 s0001/1030] loss = 0.105759
[e123 s0050/1030] loss = 0.752703
[e123 s0100/1030] loss = 0.797709
[e123 s0150/1030] loss = 1.088340
[e123 s0200/1030] loss = 1.013406
[e123 s0250/1030] loss = 1.097395
[e123 s0300/1030] loss = 1.038706
[e123 s0350/1030] loss = 1.019296
[e123 s0400/1030] loss = 1.017499
[e123 s0450/1030] loss = 1.025923
[e123 s0500/1030] loss = 0.997817
[e123 s0550/1030] loss = 1.084486
[e123 s0600/1030] loss = 1.313639
[e123 s0650/1030] loss = 1.283711
[e123 s0700/1030] loss = 1.276986
[e123 s0750/1030] loss = 1.228478
[e123 s0800/1030] loss = 1.221283
[e123 s0850/1030] loss = 1.201925
[e123 s0900/1030] loss = 1.191037
[e123 s0950/1030] loss = 1.206677
[e123 s1000/1030] loss = 1.188786
Epoch 123: train_loss = 1.179384  MAE/GAME0 = 10.535  RMSE = 25.222  GAME1 = 12.043  GAME2 = 13.980  GAME3 = 15.016  lr = 1.00e-05  time = 7.7s
[e124 s0001/1030] loss = 0.222302
[e124 s0050/1030] loss = 1.191034
[e124 s0100/1030] loss = 1.177438
[e124 s0150/1030] loss = 1.030908
[e124 s0200/1030] loss = 1.000593
[e124 s0250/1030] loss = 1.007314
[e124 s0300/1030] loss = 1.180076
[e124 s0350/1030] loss = 1.169503
[e124 s0400/1030] loss = 1.227929
[e124 s0450/1030] loss = 1.183685
[e124 s0500/1030] loss = 1.203806
[e124 s0550/1030] loss = 1.149318
[e124 s0600/1030] loss = 1.177297
[e124 s0650/1030] loss = 1.140083
[e124 s0700/1030] loss = 1.141467
[e124 s0750/1030] loss = 1.181394
[e124 s0800/1030] loss = 1.180386
[e124 s0850/1030] loss = 1.158182
[e124 s0900/1030] loss = 1.223865
[e124 s0950/1030] loss = 1.230230
[e124 s1000/1030] loss = 1.196721
Epoch 124: train_loss = 1.251216  MAE/GAME0 = 20.918  RMSE = 30.256  GAME1 = 21.716  GAME2 = 22.919  GAME3 = 23.937  lr = 1.00e-05  time = 7.7s
[e125 s0001/1030] loss = 1.675870
[e125 s0050/1030] loss = 1.773236
[e125 s0100/1030] loss = 1.535237
[e125 s0150/1030] loss = 1.440474
[e125 s0200/1030] loss = 1.817708
[e125 s0250/1030] loss = 1.859858
[e125 s0300/1030] loss = 1.777514
[e125 s0350/1030] loss = 1.705772
[e125 s0400/1030] loss = 1.566105
[e125 s0450/1030] loss = 1.498156
[e125 s0500/1030] loss = 1.464457
[e125 s0550/1030] loss = 1.391690
[e125 s0600/1030] loss = 1.390257
[e125 s0650/1030] loss = 1.452316
[e125 s0700/1030] loss = 1.475564
[e125 s0750/1030] loss = 1.453942
[e125 s0800/1030] loss = 1.453219
[e125 s0850/1030] loss = 1.406425
[e125 s0900/1030] loss = 1.393229
[e125 s0950/1030] loss = 1.370338
[e125 s1000/1030] loss = 1.491877
Epoch 125: train_loss = 1.475948  MAE/GAME0 = 10.983  RMSE = 21.287  GAME1 = 12.241  GAME2 = 13.626  GAME3 = 14.396  lr = 1.00e-05  time = 7.6s
[e126 s0001/1030] loss = 0.062874
[e126 s0050/1030] loss = 0.908153
[e126 s0100/1030] loss = 1.243016
[e126 s0150/1030] loss = 2.568975
[e126 s0200/1030] loss = 2.380076
[e126 s0250/1030] loss = 2.212387
[e126 s0300/1030] loss = 2.051696
[e126 s0350/1030] loss = 1.842003
[e126 s0400/1030] loss = 1.725394
[e126 s0450/1030] loss = 1.719106
[e126 s0500/1030] loss = 1.645568
[e126 s0550/1030] loss = 1.590080
[e126 s0600/1030] loss = 1.518308
[e126 s0650/1030] loss = 1.475917
[e126 s0700/1030] loss = 1.458028
[e126 s0750/1030] loss = 1.413200
[e126 s0800/1030] loss = 1.392915
[e126 s0850/1030] loss = 1.350535
[e126 s0900/1030] loss = 1.340061
[e126 s0950/1030] loss = 1.292865
[e126 s1000/1030] loss = 1.261505
Epoch 126: train_loss = 1.260188  MAE/GAME0 = 13.041  RMSE = 21.528  GAME1 = 14.116  GAME2 = 15.945  GAME3 = 17.032  lr = 1.00e-05  time = 7.7s
[e127 s0001/1030] loss = 1.093254
[e127 s0050/1030] loss = 0.826464
[e127 s0100/1030] loss = 0.874313
[e127 s0150/1030] loss = 0.882489
[e127 s0200/1030] loss = 0.845711
[e127 s0250/1030] loss = 0.953553
[e127 s0300/1030] loss = 1.081479
[e127 s0350/1030] loss = 1.037590
[e127 s0400/1030] loss = 1.012095
[e127 s0450/1030] loss = 1.026049
[e127 s0500/1030] loss = 0.990474
[e127 s0550/1030] loss = 1.118001
[e127 s0600/1030] loss = 1.197070
[e127 s0650/1030] loss = 1.200340
[e127 s0700/1030] loss = 1.160879
[e127 s0750/1030] loss = 1.165018
[e127 s0800/1030] loss = 1.127607
[e127 s0850/1030] loss = 1.098631
[e127 s0900/1030] loss = 1.074224
[e127 s0950/1030] loss = 1.074621
[e127 s1000/1030] loss = 1.073728
Epoch 127: train_loss = 1.087815  MAE/GAME0 = 10.324  RMSE = 22.044  GAME1 = 11.966  GAME2 = 13.963  GAME3 = 15.150  lr = 1.00e-05  time = 7.6s
[e128 s0001/1030] loss = 3.023740
[e128 s0050/1030] loss = 1.173111
[e128 s0100/1030] loss = 1.054922
[e128 s0150/1030] loss = 1.077096
[e128 s0200/1030] loss = 1.009032
[e128 s0250/1030] loss = 0.981557
[e128 s0300/1030] loss = 0.940256
[e128 s0350/1030] loss = 0.953774
[e128 s0400/1030] loss = 1.016568
[e128 s0450/1030] loss = 1.085202
[e128 s0500/1030] loss = 1.315753
[e128 s0550/1030] loss = 1.248680
[e128 s0600/1030] loss = 1.217499
[e128 s0650/1030] loss = 1.194906
[e128 s0700/1030] loss = 1.180008
[e128 s0750/1030] loss = 1.180781
[e128 s0800/1030] loss = 1.234929
[e128 s0850/1030] loss = 1.207909
[e128 s0900/1030] loss = 1.285953
[e128 s0950/1030] loss = 1.281854
[e128 s1000/1030] loss = 1.274375
Epoch 128: train_loss = 1.283759  MAE/GAME0 = 9.154  RMSE = 20.502  GAME1 = 10.734  GAME2 = 12.520  GAME3 = 13.512  lr = 1.00e-05  time = 7.6s
[e129 s0001/1030] loss = 0.381161
[e129 s0050/1030] loss = 0.976193
[e129 s0100/1030] loss = 1.454106
[e129 s0150/1030] loss = 1.247326
[e129 s0200/1030] loss = 1.595096
[e129 s0250/1030] loss = 1.526848
[e129 s0300/1030] loss = 1.430399
[e129 s0350/1030] loss = 1.419046
[e129 s0400/1030] loss = 1.304974
[e129 s0450/1030] loss = 1.515210
[e129 s0500/1030] loss = 1.491837
[e129 s0550/1030] loss = 1.427776
[e129 s0600/1030] loss = 1.405497
[e129 s0650/1030] loss = 1.408387
[e129 s0700/1030] loss = 1.359072
[e129 s0750/1030] loss = 1.322736
[e129 s0800/1030] loss = 1.331902
[e129 s0850/1030] loss = 1.351082
[e129 s0900/1030] loss = 1.462544
[e129 s0950/1030] loss = 1.443809
[e129 s1000/1030] loss = 1.411063
Epoch 129: train_loss = 1.406911  MAE/GAME0 = 8.318  RMSE = 14.935  GAME1 = 9.918  GAME2 = 11.600  GAME3 = 12.627  lr = 1.00e-05  time = 7.7s
[e130 s0001/1030] loss = 0.584054
[e130 s0050/1030] loss = 0.392659
[e130 s0100/1030] loss = 0.850939
[e130 s0150/1030] loss = 0.840521
[e130 s0200/1030] loss = 0.886317
[e130 s0250/1030] loss = 0.915908
[e130 s0300/1030] loss = 0.991288
[e130 s0350/1030] loss = 0.943388
[e130 s0400/1030] loss = 0.978995
[e130 s0450/1030] loss = 0.954264
[e130 s0500/1030] loss = 0.949474
[e130 s0550/1030] loss = 0.935748
[e130 s0600/1030] loss = 0.940896
[e130 s0650/1030] loss = 0.913934
[e130 s0700/1030] loss = 0.901428
[e130 s0750/1030] loss = 0.961252
[e130 s0800/1030] loss = 0.962127
[e130 s0850/1030] loss = 0.956720
[e130 s0900/1030] loss = 0.972662
[e130 s0950/1030] loss = 0.994691
[e130 s1000/1030] loss = 0.983227
Epoch 130: train_loss = 0.974991  MAE/GAME0 = 9.231  RMSE = 20.502  GAME1 = 10.561  GAME2 = 12.014  GAME3 = 12.913  lr = 1.00e-05  time = 7.7s
[e131 s0001/1030] loss = 0.015192
[e131 s0050/1030] loss = 0.745350
[e131 s0100/1030] loss = 0.805382
[e131 s0150/1030] loss = 0.866063
[e131 s0200/1030] loss = 0.878954
[e131 s0250/1030] loss = 0.883478
[e131 s0300/1030] loss = 0.797324
[e131 s0350/1030] loss = 0.798034
[e131 s0400/1030] loss = 0.804215
[e131 s0450/1030] loss = 0.892325
[e131 s0500/1030] loss = 0.940130
[e131 s0550/1030] loss = 0.996994
[e131 s0600/1030] loss = 0.994290
[e131 s0650/1030] loss = 1.041753
[e131 s0700/1030] loss = 1.090142
[e131 s0750/1030] loss = 1.105024
[e131 s0800/1030] loss = 1.081283
[e131 s0850/1030] loss = 1.081592
[e131 s0900/1030] loss = 1.162466
[e131 s0950/1030] loss = 1.147273
[e131 s1000/1030] loss = 1.157322
Epoch 131: train_loss = 1.219639  MAE/GAME0 = 22.702  RMSE = 29.472  GAME1 = 23.470  GAME2 = 24.798  GAME3 = 25.778  lr = 1.00e-05  time = 7.6s
[e132 s0001/1030] loss = 1.965531
[e132 s0050/1030] loss = 1.028850
[e132 s0100/1030] loss = 1.091968
[e132 s0150/1030] loss = 0.998188
[e132 s0200/1030] loss = 1.043126
[e132 s0250/1030] loss = 1.004058
[e132 s0300/1030] loss = 1.011361
[e132 s0350/1030] loss = 1.052259
[e132 s0400/1030] loss = 1.094283
[e132 s0450/1030] loss = 1.087154
[e132 s0500/1030] loss = 1.141179
[e132 s0550/1030] loss = 1.113590
[e132 s0600/1030] loss = 1.103178
[e132 s0650/1030] loss = 1.092359
[e132 s0700/1030] loss = 1.106893
[e132 s0750/1030] loss = 1.111478
[e132 s0800/1030] loss = 1.132245
[e132 s0850/1030] loss = 1.151219
[e132 s0900/1030] loss = 1.143052
[e132 s0950/1030] loss = 1.139944
[e132 s1000/1030] loss = 1.163185
Epoch 132: train_loss = 1.169389  MAE/GAME0 = 9.328  RMSE = 19.807  GAME1 = 10.972  GAME2 = 12.718  GAME3 = 13.670  lr = 1.00e-05  time = 7.5s
[e133 s0001/1030] loss = 0.906451
[e133 s0050/1030] loss = 0.601140
[e133 s0100/1030] loss = 1.050381
[e133 s0150/1030] loss = 0.910777
[e133 s0200/1030] loss = 0.989566
[e133 s0250/1030] loss = 0.902725
[e133 s0300/1030] loss = 0.907973
[e133 s0350/1030] loss = 0.888052
[e133 s0400/1030] loss = 0.855350
[e133 s0450/1030] loss = 0.854130
[e133 s0500/1030] loss = 0.952608
[e133 s0550/1030] loss = 0.941321
[e133 s0600/1030] loss = 0.955311
[e133 s0650/1030] loss = 0.934173
[e133 s0700/1030] loss = 0.952788
[e133 s0750/1030] loss = 1.183059
[e133 s0800/1030] loss = 1.224233
[e133 s0850/1030] loss = 1.243349
[e133 s0900/1030] loss = 1.211408
[e133 s0950/1030] loss = 1.261310
[e133 s1000/1030] loss = 1.268752
Epoch 133: train_loss = 1.267186  MAE/GAME0 = 9.980  RMSE = 23.156  GAME1 = 11.571  GAME2 = 13.519  GAME3 = 14.597  lr = 1.00e-05  time = 7.7s
[e134 s0001/1030] loss = 0.169810
[e134 s0050/1030] loss = 0.529978
[e134 s0100/1030] loss = 0.794294
[e134 s0150/1030] loss = 0.856784
[e134 s0200/1030] loss = 0.869609
[e134 s0250/1030] loss = 1.185594
[e134 s0300/1030] loss = 1.196480
[e134 s0350/1030] loss = 1.168133
[e134 s0400/1030] loss = 1.141869
[e134 s0450/1030] loss = 1.139910
[e134 s0500/1030] loss = 1.127440
[e134 s0550/1030] loss = 1.138607
[e134 s0600/1030] loss = 1.136870
[e134 s0650/1030] loss = 1.118548
[e134 s0700/1030] loss = 1.121672
[e134 s0750/1030] loss = 1.117799
[e134 s0800/1030] loss = 1.108915
[e134 s0850/1030] loss = 1.213539
[e134 s0900/1030] loss = 1.195102
[e134 s0950/1030] loss = 1.200562
[e134 s1000/1030] loss = 1.163252
Epoch 134: train_loss = 1.159754  MAE/GAME0 = 8.921  RMSE = 19.025  GAME1 = 10.447  GAME2 = 12.287  GAME3 = 13.272  lr = 1.00e-05  time = 7.6s
[e135 s0001/1030] loss = 0.967247
[e135 s0050/1030] loss = 0.979645
[e135 s0100/1030] loss = 0.816812
[e135 s0150/1030] loss = 0.877173
[e135 s0200/1030] loss = 1.060962
[e135 s0250/1030] loss = 1.126048
[e135 s0300/1030] loss = 1.106716
[e135 s0350/1030] loss = 1.072074
[e135 s0400/1030] loss = 1.119730
[e135 s0450/1030] loss = 1.175095
[e135 s0500/1030] loss = 1.139529
[e135 s0550/1030] loss = 1.112023
[e135 s0600/1030] loss = 1.119604
[e135 s0650/1030] loss = 1.208390
[e135 s0700/1030] loss = 1.192655
[e135 s0750/1030] loss = 1.181687
[e135 s0800/1030] loss = 1.141290
[e135 s0850/1030] loss = 1.118519
[e135 s0900/1030] loss = 1.145280
[e135 s0950/1030] loss = 1.119059
[e135 s1000/1030] loss = 1.096392
Epoch 135: train_loss = 1.100307  MAE/GAME0 = 9.839  RMSE = 20.813  GAME1 = 11.123  GAME2 = 12.377  GAME3 = 13.100  lr = 1.00e-05  time = 7.6s
[e136 s0001/1030] loss = 0.050000
[e136 s0050/1030] loss = 0.968189
[e136 s0100/1030] loss = 1.110567
[e136 s0150/1030] loss = 0.954585
[e136 s0200/1030] loss = 1.002534
[e136 s0250/1030] loss = 1.009572
[e136 s0300/1030] loss = 1.021069
[e136 s0350/1030] loss = 1.095332
[e136 s0400/1030] loss = 1.026168
[e136 s0450/1030] loss = 0.991799
[e136 s0500/1030] loss = 1.289838
[e136 s0550/1030] loss = 1.262967
[e136 s0600/1030] loss = 1.224903
[e136 s0650/1030] loss = 1.216030
[e136 s0700/1030] loss = 1.221478
[e136 s0750/1030] loss = 1.223505
[e136 s0800/1030] loss = 1.217038
[e136 s0850/1030] loss = 1.234009
[e136 s0900/1030] loss = 1.202858
[e136 s0950/1030] loss = 1.184784
[e136 s1000/1030] loss = 1.171345
Epoch 136: train_loss = 1.164614  MAE/GAME0 = 9.408  RMSE = 20.192  GAME1 = 10.976  GAME2 = 12.754  GAME3 = 13.811  lr = 1.00e-05  time = 7.7s
[e137 s0001/1030] loss = 0.205410
[e137 s0050/1030] loss = 0.525068
[e137 s0100/1030] loss = 0.885241
[e137 s0150/1030] loss = 0.760767
[e137 s0200/1030] loss = 0.762909
[e137 s0250/1030] loss = 0.824796
[e137 s0300/1030] loss = 0.820779
[e137 s0350/1030] loss = 0.828766
[e137 s0400/1030] loss = 0.780469
[e137 s0450/1030] loss = 0.794564
[e137 s0500/1030] loss = 0.917377
[e137 s0550/1030] loss = 0.910489
[e137 s0600/1030] loss = 1.139013
[e137 s0650/1030] loss = 1.148359
[e137 s0700/1030] loss = 1.145667
[e137 s0750/1030] loss = 1.188594
[e137 s0800/1030] loss = 1.153519
[e137 s0850/1030] loss = 1.113669
[e137 s0900/1030] loss = 1.082351
[e137 s0950/1030] loss = 1.072405
[e137 s1000/1030] loss = 1.132252
Epoch 137: train_loss = 1.136749  MAE/GAME0 = 10.647  RMSE = 18.512  GAME1 = 12.193  GAME2 = 13.992  GAME3 = 15.045  lr = 1.00e-05  time = 7.6s
[e138 s0001/1030] loss = 0.487783
[e138 s0050/1030] loss = 1.071459
[e138 s0100/1030] loss = 0.848308
[e138 s0150/1030] loss = 0.884814
[e138 s0200/1030] loss = 0.888006
[e138 s0250/1030] loss = 0.986333
[e138 s0300/1030] loss = 1.000590
[e138 s0350/1030] loss = 0.963254
[e138 s0400/1030] loss = 0.974538
[e138 s0450/1030] loss = 1.115254
[e138 s0500/1030] loss = 1.067607
[e138 s0550/1030] loss = 1.154324
[e138 s0600/1030] loss = 1.256949
[e138 s0650/1030] loss = 1.237768
[e138 s0700/1030] loss = 1.186059
[e138 s0750/1030] loss = 1.197347
[e138 s0800/1030] loss = 1.163900
[e138 s0850/1030] loss = 1.136039
[e138 s0900/1030] loss = 1.261161
[e138 s0950/1030] loss = 1.225864
[e138 s1000/1030] loss = 1.217677
Epoch 138: train_loss = 1.210433  MAE/GAME0 = 9.654  RMSE = 20.028  GAME1 = 10.980  GAME2 = 12.258  GAME3 = 12.996  lr = 1.00e-05  time = 7.8s
[e139 s0001/1030] loss = 0.005096
[e139 s0050/1030] loss = 3.590028
[e139 s0100/1030] loss = 2.122929
[e139 s0150/1030] loss = 1.822413
[e139 s0200/1030] loss = 1.510128
[e139 s0250/1030] loss = 1.300855
[e139 s0300/1030] loss = 1.308390
[e139 s0350/1030] loss = 1.278111
[e139 s0400/1030] loss = 1.270257
[e139 s0450/1030] loss = 1.205976
[e139 s0500/1030] loss = 1.163309
[e139 s0550/1030] loss = 1.137373
[e139 s0600/1030] loss = 1.090613
[e139 s0650/1030] loss = 1.122658
[e139 s0700/1030] loss = 1.101655
[e139 s0750/1030] loss = 1.108711
[e139 s0800/1030] loss = 1.185139
[e139 s0850/1030] loss = 1.183870
[e139 s0900/1030] loss = 1.182110
[e139 s0950/1030] loss = 1.170442
[e139 s1000/1030] loss = 1.178193
Epoch 139: train_loss = 1.180540  MAE/GAME0 = 8.977  RMSE = 21.297  GAME1 = 10.487  GAME2 = 12.144  GAME3 = 13.098  lr = 1.00e-05  time = 7.7s
[e140 s0001/1030] loss = 0.207944
[e140 s0050/1030] loss = 0.685813
[e140 s0100/1030] loss = 0.849135
[e140 s0150/1030] loss = 1.030350
[e140 s0200/1030] loss = 0.928818
[e140 s0250/1030] loss = 0.868417
[e140 s0300/1030] loss = 0.901854
[e140 s0350/1030] loss = 0.902408
[e140 s0400/1030] loss = 0.898742
[e140 s0450/1030] loss = 0.853574
[e140 s0500/1030] loss = 0.951292
[e140 s0550/1030] loss = 0.919404
[e140 s0600/1030] loss = 0.919908
[e140 s0650/1030] loss = 0.901214
[e140 s0700/1030] loss = 0.872760
[e140 s0750/1030] loss = 0.932546
[e140 s0800/1030] loss = 1.106535
[e140 s0850/1030] loss = 1.122284
[e140 s0900/1030] loss = 1.096462
[e140 s0950/1030] loss = 1.083269
[e140 s1000/1030] loss = 1.091886
Epoch 140: train_loss = 1.100045  MAE/GAME0 = 14.811  RMSE = 22.030  GAME1 = 15.750  GAME2 = 17.334  GAME3 = 18.405  lr = 1.00e-05  time = 7.8s
[e141 s0001/1030] loss = 0.379664
[e141 s0050/1030] loss = 1.358135
[e141 s0100/1030] loss = 1.331479
[e141 s0150/1030] loss = 1.148363
[e141 s0200/1030] loss = 1.040540
[e141 s0250/1030] loss = 1.012707
[e141 s0300/1030] loss = 1.209073
[e141 s0350/1030] loss = 1.241034
[e141 s0400/1030] loss = 1.201736
[e141 s0450/1030] loss = 1.215221
[e141 s0500/1030] loss = 1.202388
[e141 s0550/1030] loss = 1.168097
[e141 s0600/1030] loss = 1.206631
[e141 s0650/1030] loss = 1.193348
[e141 s0700/1030] loss = 1.161835
[e141 s0750/1030] loss = 1.168359
[e141 s0800/1030] loss = 1.141287
[e141 s0850/1030] loss = 1.136343
[e141 s0900/1030] loss = 1.117832
[e141 s0950/1030] loss = 1.088358
[e141 s1000/1030] loss = 1.109331
Epoch 141: train_loss = 1.113996  MAE/GAME0 = 9.426  RMSE = 19.511  GAME1 = 10.888  GAME2 = 12.215  GAME3 = 12.985  lr = 1.00e-05  time = 8.2s
[e142 s0001/1030] loss = 0.332321
[e142 s0050/1030] loss = 1.259142
[e142 s0100/1030] loss = 1.563324
[e142 s0150/1030] loss = 1.211502
[e142 s0200/1030] loss = 1.707040
[e142 s0250/1030] loss = 1.629385
[e142 s0300/1030] loss = 1.702126
[e142 s0350/1030] loss = 1.614985
[e142 s0400/1030] loss = 1.481009
[e142 s0450/1030] loss = 1.367443
[e142 s0500/1030] loss = 1.318770
[e142 s0550/1030] loss = 1.272258
[e142 s0600/1030] loss = 1.263951
[e142 s0650/1030] loss = 1.202886
[e142 s0700/1030] loss = 1.175393
[e142 s0750/1030] loss = 1.195716
[e142 s0800/1030] loss = 1.175315
[e142 s0850/1030] loss = 1.192242
[e142 s0900/1030] loss = 1.182646
[e142 s0950/1030] loss = 1.165107
[e142 s1000/1030] loss = 1.179831
Epoch 142: train_loss = 1.156720  MAE/GAME0 = 8.788  RMSE = 18.162  GAME1 = 10.293  GAME2 = 12.120  GAME3 = 13.158  lr = 1.00e-05  time = 7.7s
[e143 s0001/1030] loss = 0.047322
[e143 s0050/1030] loss = 0.689378
[e143 s0100/1030] loss = 0.760579
[e143 s0150/1030] loss = 0.755444
[e143 s0200/1030] loss = 0.815240
[e143 s0250/1030] loss = 0.872450
[e143 s0300/1030] loss = 0.795457
[e143 s0350/1030] loss = 0.808368
[e143 s0400/1030] loss = 0.820204
[e143 s0450/1030] loss = 0.842429
[e143 s0500/1030] loss = 0.853876
[e143 s0550/1030] loss = 0.879617
[e143 s0600/1030] loss = 0.894759
[e143 s0650/1030] loss = 0.885645
[e143 s0700/1030] loss = 0.864782
[e143 s0750/1030] loss = 0.910691
[e143 s0800/1030] loss = 1.010108
[e143 s0850/1030] loss = 0.999931
[e143 s0900/1030] loss = 1.004743
[e143 s0950/1030] loss = 0.988879
[e143 s1000/1030] loss = 0.988857
Epoch 143: train_loss = 1.008059  MAE/GAME0 = 8.758  RMSE = 17.400  GAME1 = 10.279  GAME2 = 12.071  GAME3 = 13.162  lr = 1.00e-05  time = 7.7s
[e144 s0001/1030] loss = 0.046314
[e144 s0050/1030] loss = 0.471938
[e144 s0100/1030] loss = 0.596424
[e144 s0150/1030] loss = 0.721317
[e144 s0200/1030] loss = 0.701230
[e144 s0250/1030] loss = 0.800274
[e144 s0300/1030] loss = 0.865646
[e144 s0350/1030] loss = 0.938518
[e144 s0400/1030] loss = 0.940637
[e144 s0450/1030] loss = 0.972869
[e144 s0500/1030] loss = 1.064342
[e144 s0550/1030] loss = 1.055909
[e144 s0600/1030] loss = 1.066435
[e144 s0650/1030] loss = 1.070077
[e144 s0700/1030] loss = 1.060318
[e144 s0750/1030] loss = 1.092604
[e144 s0800/1030] loss = 1.099573
[e144 s0850/1030] loss = 1.098866
[e144 s0900/1030] loss = 1.100164
[e144 s0950/1030] loss = 1.089736
[e144 s1000/1030] loss = 1.109136
Epoch 144: train_loss = 1.091935  MAE/GAME0 = 9.101  RMSE = 21.794  GAME1 = 10.472  GAME2 = 12.088  GAME3 = 13.032  lr = 1.00e-05  time = 7.6s
[e145 s0001/1030] loss = 4.513982
[e145 s0050/1030] loss = 1.443761
[e145 s0100/1030] loss = 1.162675
[e145 s0150/1030] loss = 1.044652
[e145 s0200/1030] loss = 0.940698
[e145 s0250/1030] loss = 1.071764
[e145 s0300/1030] loss = 1.011223
[e145 s0350/1030] loss = 0.961164
[e145 s0400/1030] loss = 0.925680
[e145 s0450/1030] loss = 0.920906
[e145 s0500/1030] loss = 0.905968
[e145 s0550/1030] loss = 0.904734
[e145 s0600/1030] loss = 0.886705
[e145 s0650/1030] loss = 0.864019
[e145 s0700/1030] loss = 0.953747
[e145 s0750/1030] loss = 1.057317
[e145 s0800/1030] loss = 1.051986
[e145 s0850/1030] loss = 1.032566
[e145 s0900/1030] loss = 1.035677
[e145 s0950/1030] loss = 1.034663
[e145 s1000/1030] loss = 1.055570
Epoch 145: train_loss = 1.044617  MAE/GAME0 = 9.898  RMSE = 24.997  GAME1 = 11.454  GAME2 = 13.359  GAME3 = 14.457  lr = 1.00e-05  time = 7.9s
[e146 s0001/1030] loss = 4.352582
[e146 s0050/1030] loss = 0.957584
[e146 s0100/1030] loss = 0.802776
[e146 s0150/1030] loss = 0.746786
[e146 s0200/1030] loss = 0.754349
[e146 s0250/1030] loss = 0.701386
[e146 s0300/1030] loss = 0.789201
[e146 s0350/1030] loss = 0.979101
[e146 s0400/1030] loss = 1.077047
[e146 s0450/1030] loss = 1.065117
[e146 s0500/1030] loss = 1.033035
[e146 s0550/1030] loss = 1.054073
[e146 s0600/1030] loss = 1.049890
[e146 s0650/1030] loss = 1.025386
[e146 s0700/1030] loss = 1.004087
[e146 s0750/1030] loss = 1.001531
[e146 s0800/1030] loss = 0.983111
[e146 s0850/1030] loss = 1.060894
[e146 s0900/1030] loss = 1.096630
[e146 s0950/1030] loss = 1.145096
[e146 s1000/1030] loss = 1.138741
Epoch 146: train_loss = 1.125927  MAE/GAME0 = 8.386  RMSE = 17.452  GAME1 = 10.027  GAME2 = 11.781  GAME3 = 12.827  lr = 1.00e-05  time = 7.8s
[e147 s0001/1030] loss = 0.034062
[e147 s0050/1030] loss = 0.982869
[e147 s0100/1030] loss = 0.971589
[e147 s0150/1030] loss = 0.939966
[e147 s0200/1030] loss = 1.130369
[e147 s0250/1030] loss = 1.140674
[e147 s0300/1030] loss = 1.188013
[e147 s0350/1030] loss = 1.200295
[e147 s0400/1030] loss = 1.266791
[e147 s0450/1030] loss = 1.252448
[e147 s0500/1030] loss = 1.217558
[e147 s0550/1030] loss = 1.205750
[e147 s0600/1030] loss = 1.185617
[e147 s0650/1030] loss = 1.152736
[e147 s0700/1030] loss = 1.137348
[e147 s0750/1030] loss = 1.233936
[e147 s0800/1030] loss = 1.189613
[e147 s0850/1030] loss = 1.180338
[e147 s0900/1030] loss = 1.168511
[e147 s0950/1030] loss = 1.132891
[e147 s1000/1030] loss = 1.115811
Epoch 147: train_loss = 1.107385  MAE/GAME0 = 8.896  RMSE = 17.951  GAME1 = 10.473  GAME2 = 12.249  GAME3 = 13.246  lr = 1.00e-05  time = 8.1s
[e148 s0001/1030] loss = 0.183824
[e148 s0050/1030] loss = 0.721917
[e148 s0100/1030] loss = 0.963447
[e148 s0150/1030] loss = 0.838790
[e148 s0200/1030] loss = 1.116933
[e148 s0250/1030] loss = 1.161837
[e148 s0300/1030] loss = 1.155931
[e148 s0350/1030] loss = 1.268823
[e148 s0400/1030] loss = 1.327628
[e148 s0450/1030] loss = 1.297830
[e148 s0500/1030] loss = 1.269440
[e148 s0550/1030] loss = 1.216137
[e148 s0600/1030] loss = 1.222599
[e148 s0650/1030] loss = 1.171209
[e148 s0700/1030] loss = 1.146979
[e148 s0750/1030] loss = 1.345603
[e148 s0800/1030] loss = 1.330352
[e148 s0850/1030] loss = 1.326494
[e148 s0900/1030] loss = 1.462173
[e148 s0950/1030] loss = 1.476001
[e148 s1000/1030] loss = 1.458113
Epoch 148: train_loss = 1.444577  MAE/GAME0 = 11.843  RMSE = 25.636  GAME1 = 13.244  GAME2 = 15.098  GAME3 = 16.252  lr = 1.00e-05  time = 7.6s
[e149 s0001/1030] loss = 1.019588
[e149 s0050/1030] loss = 1.086436
[e149 s0100/1030] loss = 1.001440
[e149 s0150/1030] loss = 0.801104
[e149 s0200/1030] loss = 0.882084
[e149 s0250/1030] loss = 0.834947
[e149 s0300/1030] loss = 0.818049
[e149 s0350/1030] loss = 0.973608
[e149 s0400/1030] loss = 0.947526
[e149 s0450/1030] loss = 0.916788
[e149 s0500/1030] loss = 0.955871
[e149 s0550/1030] loss = 0.928460
[e149 s0600/1030] loss = 0.932889
[e149 s0650/1030] loss = 0.942917
[e149 s0700/1030] loss = 0.929244
[e149 s0750/1030] loss = 1.016936
[e149 s0800/1030] loss = 1.035462
[e149 s0850/1030] loss = 1.049073
[e149 s0900/1030] loss = 1.039065
[e149 s0950/1030] loss = 1.022421
[e149 s1000/1030] loss = 1.006068
Epoch 149: train_loss = 1.009768  MAE/GAME0 = 10.424  RMSE = 14.150  GAME1 = 11.546  GAME2 = 13.222  GAME3 = 14.308  lr = 1.00e-05  time = 10.2s
[e150 s0001/1030] loss = 6.806739
[e150 s0050/1030] loss = 1.731710
[e150 s0100/1030] loss = 1.291076
[e150 s0150/1030] loss = 1.419714
[e150 s0200/1030] loss = 1.196659
[e150 s0250/1030] loss = 1.082955
[e150 s0300/1030] loss = 1.033382
[e150 s0350/1030] loss = 1.007471
[e150 s0400/1030] loss = 1.047232
[e150 s0450/1030] loss = 1.058497
[e150 s0500/1030] loss = 1.085497
[e150 s0550/1030] loss = 1.063984
[e150 s0600/1030] loss = 1.163467
[e150 s0650/1030] loss = 1.120827
[e150 s0700/1030] loss = 1.108908
[e150 s0750/1030] loss = 1.164484
[e150 s0800/1030] loss = 1.120549
[e150 s0850/1030] loss = 1.136362
[e150 s0900/1030] loss = 1.132146
[e150 s0950/1030] loss = 1.144791
[e150 s1000/1030] loss = 1.147462
Epoch 150: train_loss = 1.128245  MAE/GAME0 = 8.361  RMSE = 17.268  GAME1 = 9.827  GAME2 = 11.595  GAME3 = 12.581  lr = 1.00e-05  time = 7.7s
[e151 s0001/1030] loss = 2.505857
[e151 s0050/1030] loss = 0.792592
[e151 s0100/1030] loss = 1.214428
[e151 s0150/1030] loss = 1.188519
[e151 s0200/1030] loss = 1.130848
[e151 s0250/1030] loss = 1.161279
[e151 s0300/1030] loss = 1.113646
[e151 s0350/1030] loss = 1.049083
[e151 s0400/1030] loss = 1.102665
[e151 s0450/1030] loss = 1.043721
[e151 s0500/1030] loss = 1.002913
[e151 s0550/1030] loss = 0.957538
[e151 s0600/1030] loss = 0.986221
[e151 s0650/1030] loss = 0.976494
[e151 s0700/1030] loss = 1.035235
[e151 s0750/1030] loss = 1.007668
[e151 s0800/1030] loss = 1.009165
[e151 s0850/1030] loss = 1.017978
[e151 s0900/1030] loss = 1.019217
[e151 s0950/1030] loss = 1.006557
[e151 s1000/1030] loss = 1.000145
Epoch 151: train_loss = 0.989559  MAE/GAME0 = 11.355  RMSE = 30.673  GAME1 = 12.603  GAME2 = 14.302  GAME3 = 15.321  lr = 1.00e-05  time = 7.7s
[e152 s0001/1030] loss = 1.390109
[e152 s0050/1030] loss = 1.953627
[e152 s0100/1030] loss = 1.421424
[e152 s0150/1030] loss = 1.136473
[e152 s0200/1030] loss = 1.182835
[e152 s0250/1030] loss = 1.072705
[e152 s0300/1030] loss = 1.037977
[e152 s0350/1030] loss = 1.059920
[e152 s0400/1030] loss = 1.024439
[e152 s0450/1030] loss = 1.088980
[e152 s0500/1030] loss = 1.087881
[e152 s0550/1030] loss = 1.050887
[e152 s0600/1030] loss = 1.026484
[e152 s0650/1030] loss = 1.005845
[e152 s0700/1030] loss = 0.990114
[e152 s0750/1030] loss = 1.031088
[e152 s0800/1030] loss = 1.024491
[e152 s0850/1030] loss = 1.170556
[e152 s0900/1030] loss = 1.170584
[e152 s0950/1030] loss = 1.143126
[e152 s1000/1030] loss = 1.120203
Epoch 152: train_loss = 1.113126  MAE/GAME0 = 9.190  RMSE = 23.049  GAME1 = 10.781  GAME2 = 12.609  GAME3 = 13.687  lr = 1.00e-05  time = 7.6s
[e153 s0001/1030] loss = 0.095125
[e153 s0050/1030] loss = 0.459772
[e153 s0100/1030] loss = 0.742579
[e153 s0150/1030] loss = 0.823859
[e153 s0200/1030] loss = 0.798403
[e153 s0250/1030] loss = 1.635074
[e153 s0300/1030] loss = 2.124239
[e153 s0350/1030] loss = 2.392822
[e153 s0400/1030] loss = 2.278119
[e153 s0450/1030] loss = 2.109775
[e153 s0500/1030] loss = 1.991480
[e153 s0550/1030] loss = 1.891691
[e153 s0600/1030] loss = 1.794319
[e153 s0650/1030] loss = 1.727100
[e153 s0700/1030] loss = 1.671838
[e153 s0750/1030] loss = 1.640775
[e153 s0800/1030] loss = 1.634318
[e153 s0850/1030] loss = 1.579034
[e153 s0900/1030] loss = 1.611009
[e153 s0950/1030] loss = 1.581753
[e153 s1000/1030] loss = 1.576635
Epoch 153: train_loss = 1.593746  MAE/GAME0 = 10.306  RMSE = 29.608  GAME1 = 12.271  GAME2 = 14.129  GAME3 = 15.175  lr = 1.00e-05  time = 9.8s
[e154 s0001/1030] loss = 0.342456
[e154 s0050/1030] loss = 0.681292
[e154 s0100/1030] loss = 0.675182
[e154 s0150/1030] loss = 1.035743
[e154 s0200/1030] loss = 0.944526
[e154 s0250/1030] loss = 0.883634
[e154 s0300/1030] loss = 0.927028
[e154 s0350/1030] loss = 0.901039
[e154 s0400/1030] loss = 0.888394
[e154 s0450/1030] loss = 1.082968
[e154 s0500/1030] loss = 1.094214
[e154 s0550/1030] loss = 1.108727
[e154 s0600/1030] loss = 1.103855
[e154 s0650/1030] loss = 1.658391
[e154 s0700/1030] loss = 1.604733
[e154 s0750/1030] loss = 1.561021
[e154 s0800/1030] loss = 1.533149
[e154 s0850/1030] loss = 1.527778
[e154 s0900/1030] loss = 1.488990
[e154 s0950/1030] loss = 1.446363
[e154 s1000/1030] loss = 1.431198
Epoch 154: train_loss = 1.416720  MAE/GAME0 = 9.139  RMSE = 22.322  GAME1 = 10.711  GAME2 = 12.384  GAME3 = 13.312  lr = 1.00e-05  time = 7.7s
[e155 s0001/1030] loss = 0.615504
[e155 s0050/1030] loss = 0.799865
[e155 s0100/1030] loss = 0.825028
[e155 s0150/1030] loss = 0.812417
[e155 s0200/1030] loss = 0.825971
[e155 s0250/1030] loss = 1.224104
[e155 s0300/1030] loss = 1.196201
[e155 s0350/1030] loss = 1.154162
[e155 s0400/1030] loss = 1.094859
[e155 s0450/1030] loss = 1.080632
[e155 s0500/1030] loss = 1.079862
[e155 s0550/1030] loss = 1.072419
[e155 s0600/1030] loss = 1.035102
[e155 s0650/1030] loss = 1.027451
[e155 s0700/1030] loss = 1.036549
[e155 s0750/1030] loss = 1.073536
[e155 s0800/1030] loss = 1.064069
[e155 s0850/1030] loss = 1.049838
[e155 s0900/1030] loss = 1.062232
[e155 s0950/1030] loss = 1.132459
[e155 s1000/1030] loss = 1.138427
Epoch 155: train_loss = 1.128447  MAE/GAME0 = 7.539  RMSE = 11.556  GAME1 = 9.463  GAME2 = 11.622  GAME3 = 12.851  lr = 1.00e-05  time = 7.8s
[e156 s0001/1030] loss = 0.157148
[e156 s0050/1030] loss = 1.123796
[e156 s0100/1030] loss = 0.980119
[e156 s0150/1030] loss = 0.897068
[e156 s0200/1030] loss = 0.837463
[e156 s0250/1030] loss = 0.855233
[e156 s0300/1030] loss = 0.845130
[e156 s0350/1030] loss = 0.868780
[e156 s0400/1030] loss = 0.858052
[e156 s0450/1030] loss = 0.860346
[e156 s0500/1030] loss = 0.860935
[e156 s0550/1030] loss = 0.840318
[e156 s0600/1030] loss = 0.858101
[e156 s0650/1030] loss = 0.835431
[e156 s0700/1030] loss = 0.825713
[e156 s0750/1030] loss = 0.809775
[e156 s0800/1030] loss = 0.822697
[e156 s0850/1030] loss = 0.819553
[e156 s0900/1030] loss = 0.919872
[e156 s0950/1030] loss = 0.915443
[e156 s1000/1030] loss = 0.937308
Epoch 156: train_loss = 0.939289  MAE/GAME0 = 7.677  RMSE = 13.117  GAME1 = 9.824  GAME2 = 11.893  GAME3 = 13.032  lr = 1.00e-05  time = 7.7s
[e157 s0001/1030] loss = 1.135209
[e157 s0050/1030] loss = 1.820793
[e157 s0100/1030] loss = 1.610803
[e157 s0150/1030] loss = 1.278482
[e157 s0200/1030] loss = 1.160734
[e157 s0250/1030] loss = 1.127844
[e157 s0300/1030] loss = 1.346057
[e157 s0350/1030] loss = 1.256711
[e157 s0400/1030] loss = 1.200765
[e157 s0450/1030] loss = 1.144122
[e157 s0500/1030] loss = 1.142097
[e157 s0550/1030] loss = 1.122880
[e157 s0600/1030] loss = 1.153855
[e157 s0650/1030] loss = 1.121170
[e157 s0700/1030] loss = 1.092661
[e157 s0750/1030] loss = 1.072663
[e157 s0800/1030] loss = 1.046441
[e157 s0850/1030] loss = 1.051081
[e157 s0900/1030] loss = 1.084195
[e157 s0950/1030] loss = 1.101878
[e157 s1000/1030] loss = 1.102019
Epoch 157: train_loss = 1.100968  MAE/GAME0 = 8.986  RMSE = 17.382  GAME1 = 10.138  GAME2 = 11.219  GAME3 = 11.960  lr = 1.00e-05  time = 7.7s
[e158 s0001/1030] loss = 0.583309
[e158 s0050/1030] loss = 0.581682
[e158 s0100/1030] loss = 0.647952
[e158 s0150/1030] loss = 0.623501
[e158 s0200/1030] loss = 0.809089
[e158 s0250/1030] loss = 0.800250
[e158 s0300/1030] loss = 0.869308
[e158 s0350/1030] loss = 0.983907
[e158 s0400/1030] loss = 1.084769
[e158 s0450/1030] loss = 1.051565
[e158 s0500/1030] loss = 1.109854
[e158 s0550/1030] loss = 1.091230
[e158 s0600/1030] loss = 1.111994
[e158 s0650/1030] loss = 1.195504
[e158 s0700/1030] loss = 1.219388
[e158 s0750/1030] loss = 1.180875
[e158 s0800/1030] loss = 1.279981
[e158 s0850/1030] loss = 1.265717
[e158 s0900/1030] loss = 1.251293
[e158 s0950/1030] loss = 1.248645
[e158 s1000/1030] loss = 1.214347
Epoch 158: train_loss = 1.187827  MAE/GAME0 = 8.289  RMSE = 16.162  GAME1 = 9.996  GAME2 = 11.390  GAME3 = 12.240  lr = 1.00e-05  time = 7.7s
[e159 s0001/1030] loss = 1.544826
[e159 s0050/1030] loss = 0.857589
[e159 s0100/1030] loss = 0.659237
[e159 s0150/1030] loss = 0.767360
[e159 s0200/1030] loss = 0.871538
[e159 s0250/1030] loss = 0.910681
[e159 s0300/1030] loss = 0.937141
[e159 s0350/1030] loss = 0.923849
[e159 s0400/1030] loss = 0.947401
[e159 s0450/1030] loss = 0.901689
[e159 s0500/1030] loss = 0.921172
[e159 s0550/1030] loss = 1.132836
[e159 s0600/1030] loss = 1.134010
[e159 s0650/1030] loss = 1.124676
[e159 s0700/1030] loss = 1.116997
[e159 s0750/1030] loss = 1.099337
[e159 s0800/1030] loss = 1.071108
[e159 s0850/1030] loss = 1.068053
[e159 s0900/1030] loss = 1.037195
[e159 s0950/1030] loss = 1.020059
[e159 s1000/1030] loss = 1.058108
Epoch 159: train_loss = 1.043648  MAE/GAME0 = 8.253  RMSE = 14.818  GAME1 = 9.830  GAME2 = 11.754  GAME3 = 12.719  lr = 1.00e-05  time = 7.7s
[e160 s0001/1030] loss = 0.028976
[e160 s0050/1030] loss = 1.151454
[e160 s0100/1030] loss = 1.018634
[e160 s0150/1030] loss = 1.047776
[e160 s0200/1030] loss = 1.047229
[e160 s0250/1030] loss = 1.500451
[e160 s0300/1030] loss = 1.378286
[e160 s0350/1030] loss = 1.332179
[e160 s0400/1030] loss = 1.240252
[e160 s0450/1030] loss = 1.200165
[e160 s0500/1030] loss = 1.171128
[e160 s0550/1030] loss = 1.214069
[e160 s0600/1030] loss = 1.181564
[e160 s0650/1030] loss = 1.215524
[e160 s0700/1030] loss = 1.198793
[e160 s0750/1030] loss = 1.156662
[e160 s0800/1030] loss = 1.133882
[e160 s0850/1030] loss = 1.132552
[e160 s0900/1030] loss = 1.119376
[e160 s0950/1030] loss = 1.091149
[e160 s1000/1030] loss = 1.099988
Epoch 160: train_loss = 1.085561  MAE/GAME0 = 8.781  RMSE = 19.980  GAME1 = 10.183  GAME2 = 11.691  GAME3 = 12.581  lr = 1.00e-05  time = 7.8s
[e161 s0001/1030] loss = 0.365121
[e161 s0050/1030] loss = 0.678876
[e161 s0100/1030] loss = 0.599797
[e161 s0150/1030] loss = 0.772304
[e161 s0200/1030] loss = 0.750305
[e161 s0250/1030] loss = 0.722142
[e161 s0300/1030] loss = 0.895852
[e161 s0350/1030] loss = 0.880308
[e161 s0400/1030] loss = 0.896854
[e161 s0450/1030] loss = 0.915139
[e161 s0500/1030] loss = 0.877604
[e161 s0550/1030] loss = 0.911211
[e161 s0600/1030] loss = 1.015426
[e161 s0650/1030] loss = 1.013226
[e161 s0700/1030] loss = 1.007200
[e161 s0750/1030] loss = 1.004722
[e161 s0800/1030] loss = 0.982144
[e161 s0850/1030] loss = 0.978854
[e161 s0900/1030] loss = 0.989024
[e161 s0950/1030] loss = 0.987066
[e161 s1000/1030] loss = 1.008130
Epoch 161: train_loss = 1.012860  MAE/GAME0 = 8.900  RMSE = 20.408  GAME1 = 10.434  GAME2 = 12.220  GAME3 = 13.231  lr = 1.00e-05  time = 7.6s
[e162 s0001/1030] loss = 0.044504
[e162 s0050/1030] loss = 1.164586
[e162 s0100/1030] loss = 1.643207
[e162 s0150/1030] loss = 1.408144
[e162 s0200/1030] loss = 1.226709
[e162 s0250/1030] loss = 1.148946
[e162 s0300/1030] loss = 1.074349
[e162 s0350/1030] loss = 1.097260
[e162 s0400/1030] loss = 1.039512
[e162 s0450/1030] loss = 1.011676
[e162 s0500/1030] loss = 0.961802
[e162 s0550/1030] loss = 0.935097
[e162 s0600/1030] loss = 0.930110
[e162 s0650/1030] loss = 0.917767
[e162 s0700/1030] loss = 0.891962
[e162 s0750/1030] loss = 0.887550
[e162 s0800/1030] loss = 0.868435
[e162 s0850/1030] loss = 0.877054
[e162 s0900/1030] loss = 0.969263
[e162 s0950/1030] loss = 0.966996
[e162 s1000/1030] loss = 0.951793
Epoch 162: train_loss = 0.953998  MAE/GAME0 = 8.155  RMSE = 15.222  GAME1 = 9.514  GAME2 = 10.804  GAME3 = 11.564  lr = 1.00e-05  time = 7.7s
[e163 s0001/1030] loss = 0.964107
[e163 s0050/1030] loss = 0.916105
[e163 s0100/1030] loss = 0.674994
[e163 s0150/1030] loss = 0.876009
[e163 s0200/1030] loss = 1.037625
[e163 s0250/1030] loss = 0.946902
[e163 s0300/1030] loss = 0.906069
[e163 s0350/1030] loss = 0.844470
[e163 s0400/1030] loss = 0.846119
[e163 s0450/1030] loss = 0.925322
[e163 s0500/1030] loss = 0.990270
[e163 s0550/1030] loss = 1.038031
[e163 s0600/1030] loss = 1.068196
[e163 s0650/1030] loss = 1.133716
[e163 s0700/1030] loss = 1.116892
[e163 s0750/1030] loss = 1.128796
[e163 s0800/1030] loss = 1.195482
[e163 s0850/1030] loss = 1.217505
[e163 s0900/1030] loss = 1.198528
[e163 s0950/1030] loss = 1.177848
[e163 s1000/1030] loss = 1.145722
Epoch 163: train_loss = 1.156121  MAE/GAME0 = 11.623  RMSE = 15.060  GAME1 = 12.943  GAME2 = 14.758  GAME3 = 15.898  lr = 1.00e-05  time = 9.4s
[e164 s0001/1030] loss = 1.199076
[e164 s0050/1030] loss = 0.563614
[e164 s0100/1030] loss = 0.619362
[e164 s0150/1030] loss = 0.629808
[e164 s0200/1030] loss = 0.695005
[e164 s0250/1030] loss = 0.739820
[e164 s0300/1030] loss = 0.736919
[e164 s0350/1030] loss = 0.783572
[e164 s0400/1030] loss = 0.755455
[e164 s0450/1030] loss = 0.823572
[e164 s0500/1030] loss = 0.817026
[e164 s0550/1030] loss = 0.818122
[e164 s0600/1030] loss = 0.821866
[e164 s0650/1030] loss = 0.838219
[e164 s0700/1030] loss = 0.844932
[e164 s0750/1030] loss = 0.820943
[e164 s0800/1030] loss = 0.821548
[e164 s0850/1030] loss = 0.843030
[e164 s0900/1030] loss = 0.844765
[e164 s0950/1030] loss = 0.836409
[e164 s1000/1030] loss = 0.842403
Epoch 164: train_loss = 0.850744  MAE/GAME0 = 8.502  RMSE = 12.054  GAME1 = 10.155  GAME2 = 12.122  GAME3 = 13.230  lr = 1.00e-05  time = 7.6s
[e165 s0001/1030] loss = 0.535227
[e165 s0050/1030] loss = 1.501111
[e165 s0100/1030] loss = 1.383612
[e165 s0150/1030] loss = 1.473461
[e165 s0200/1030] loss = 1.542320
[e165 s0250/1030] loss = 1.330840
[e165 s0300/1030] loss = 1.365920
[e165 s0350/1030] loss = 1.359608
[e165 s0400/1030] loss = 1.340304
[e165 s0450/1030] loss = 1.283552
[e165 s0500/1030] loss = 1.280134
[e165 s0550/1030] loss = 1.232429
[e165 s0600/1030] loss = 1.198521
[e165 s0650/1030] loss = 1.170790
[e165 s0700/1030] loss = 1.151179
[e165 s0750/1030] loss = 1.147220
[e165 s0800/1030] loss = 1.153719
[e165 s0850/1030] loss = 1.137251
[e165 s0900/1030] loss = 1.119651
[e165 s0950/1030] loss = 1.122748
[e165 s1000/1030] loss = 1.120177
Epoch 165: train_loss = 1.104196  MAE/GAME0 = 7.954  RMSE = 16.003  GAME1 = 9.440  GAME2 = 10.908  GAME3 = 11.826  lr = 1.00e-05  time = 7.6s
[e166 s0001/1030] loss = 0.070189
[e166 s0050/1030] loss = 0.930300
[e166 s0100/1030] loss = 0.797451
[e166 s0150/1030] loss = 0.777723
[e166 s0200/1030] loss = 0.870313
[e166 s0250/1030] loss = 0.891948
[e166 s0300/1030] loss = 0.975603
[e166 s0350/1030] loss = 1.115273
[e166 s0400/1030] loss = 1.076448
[e166 s0450/1030] loss = 1.026895
[e166 s0500/1030] loss = 0.997853
[e166 s0550/1030] loss = 1.003630
[e166 s0600/1030] loss = 1.067345
[e166 s0650/1030] loss = 1.058059
[e166 s0700/1030] loss = 1.048592
[e166 s0750/1030] loss = 1.045472
[e166 s0800/1030] loss = 1.042021
[e166 s0850/1030] loss = 1.022078
[e166 s0900/1030] loss = 1.011162
[e166 s0950/1030] loss = 0.987990
[e166 s1000/1030] loss = 0.977327
Epoch 166: train_loss = 0.972907  MAE/GAME0 = 8.156  RMSE = 17.390  GAME1 = 9.665  GAME2 = 11.264  GAME3 = 12.232  lr = 1.00e-05  time = 7.8s
[e167 s0001/1030] loss = 0.286064
[e167 s0050/1030] loss = 0.917168
[e167 s0100/1030] loss = 0.948917
[e167 s0150/1030] loss = 0.816847
[e167 s0200/1030] loss = 0.980105
[e167 s0250/1030] loss = 0.976531
[e167 s0300/1030] loss = 0.985422
[e167 s0350/1030] loss = 0.936005
[e167 s0400/1030] loss = 1.047940
[e167 s0450/1030] loss = 0.999811
[e167 s0500/1030] loss = 0.986743
[e167 s0550/1030] loss = 1.101963
[e167 s0600/1030] loss = 1.174386
[e167 s0650/1030] loss = 1.127332
[e167 s0700/1030] loss = 1.102682
[e167 s0750/1030] loss = 1.063213
[e167 s0800/1030] loss = 1.066960
[e167 s0850/1030] loss = 1.086803
[e167 s0900/1030] loss = 1.041880
[e167 s0950/1030] loss = 1.019746
[e167 s1000/1030] loss = 1.047047
Epoch 167: train_loss = 1.040359  MAE/GAME0 = 10.534  RMSE = 20.396  GAME1 = 11.299  GAME2 = 12.145  GAME3 = 12.726  lr = 1.00e-05  time = 7.6s
[e168 s0001/1030] loss = 0.628247
[e168 s0050/1030] loss = 0.787138
[e168 s0100/1030] loss = 0.718042
[e168 s0150/1030] loss = 0.761247
[e168 s0200/1030] loss = 1.072595
[e168 s0250/1030] loss = 1.134817
[e168 s0300/1030] loss = 1.120724
[e168 s0350/1030] loss = 1.133491
[e168 s0400/1030] loss = 1.080217
[e168 s0450/1030] loss = 1.119600
[e168 s0500/1030] loss = 1.324955
[e168 s0550/1030] loss = 1.332262
[e168 s0600/1030] loss = 1.278059
[e168 s0650/1030] loss = 1.259928
[e168 s0700/1030] loss = 1.227474
[e168 s0750/1030] loss = 1.186244
[e168 s0800/1030] loss = 1.158701
[e168 s0850/1030] loss = 1.131315
[e168 s0900/1030] loss = 1.108855
[e168 s0950/1030] loss = 1.154679
[e168 s1000/1030] loss = 1.152285
Epoch 168: train_loss = 1.146399  MAE/GAME0 = 9.912  RMSE = 31.278  GAME1 = 11.337  GAME2 = 12.890  GAME3 = 13.836  lr = 1.00e-05  time = 7.7s
[e169 s0001/1030] loss = 0.206080
[e169 s0050/1030] loss = 0.960165
[e169 s0100/1030] loss = 0.911683
[e169 s0150/1030] loss = 1.138854
[e169 s0200/1030] loss = 1.044171
[e169 s0250/1030] loss = 0.987954
[e169 s0300/1030] loss = 1.035848
[e169 s0350/1030] loss = 1.018075
[e169 s0400/1030] loss = 1.114962
[e169 s0450/1030] loss = 1.067561
[e169 s0500/1030] loss = 1.003674
[e169 s0550/1030] loss = 1.304134
[e169 s0600/1030] loss = 1.325674
[e169 s0650/1030] loss = 1.272057
[e169 s0700/1030] loss = 1.289434
[e169 s0750/1030] loss = 1.286727
[e169 s0800/1030] loss = 1.247533
[e169 s0850/1030] loss = 1.220373
[e169 s0900/1030] loss = 1.183772
[e169 s0950/1030] loss = 1.166975
[e169 s1000/1030] loss = 1.162910
Epoch 169: train_loss = 1.155746  MAE/GAME0 = 8.986  RMSE = 18.303  GAME1 = 10.209  GAME2 = 11.394  GAME3 = 12.190  lr = 1.00e-05  time = 7.8s
[e170 s0001/1030] loss = 0.030276
[e170 s0050/1030] loss = 0.843545
[e170 s0100/1030] loss = 0.866156
[e170 s0150/1030] loss = 0.799679
[e170 s0200/1030] loss = 0.971977
[e170 s0250/1030] loss = 0.912503
[e170 s0300/1030] loss = 0.919617
[e170 s0350/1030] loss = 0.893972
[e170 s0400/1030] loss = 0.889856
[e170 s0450/1030] loss = 0.910929
[e170 s0500/1030] loss = 0.932948
[e170 s0550/1030] loss = 0.967422
[e170 s0600/1030] loss = 0.950392
[e170 s0650/1030] loss = 0.972131
[e170 s0700/1030] loss = 0.947559
[e170 s0750/1030] loss = 0.925521
[e170 s0800/1030] loss = 0.922135
[e170 s0850/1030] loss = 0.942278
[e170 s0900/1030] loss = 0.980166
[e170 s0950/1030] loss = 0.956597
[e170 s1000/1030] loss = 0.947313
Epoch 170: train_loss = 0.994249  MAE/GAME0 = 7.865  RMSE = 14.767  GAME1 = 9.474  GAME2 = 11.035  GAME3 = 11.940  lr = 1.00e-05  time = 7.5s
[e171 s0001/1030] loss = 0.328113
[e171 s0050/1030] loss = 0.999869
[e171 s0100/1030] loss = 0.811075
[e171 s0150/1030] loss = 0.811444
[e171 s0200/1030] loss = 0.881797
[e171 s0250/1030] loss = 0.808182
[e171 s0300/1030] loss = 0.790167
[e171 s0350/1030] loss = 0.798476
[e171 s0400/1030] loss = 0.784876
[e171 s0450/1030] loss = 0.761880
[e171 s0500/1030] loss = 0.767049
[e171 s0550/1030] loss = 0.868258
[e171 s0600/1030] loss = 0.855631
[e171 s0650/1030] loss = 0.888789
[e171 s0700/1030] loss = 0.868774
[e171 s0750/1030] loss = 0.863913
[e171 s0800/1030] loss = 0.866389
[e171 s0850/1030] loss = 0.847253
[e171 s0900/1030] loss = 0.829874
[e171 s0950/1030] loss = 0.883873
[e171 s1000/1030] loss = 0.878894
Epoch 171: train_loss = 0.879154  MAE/GAME0 = 8.067  RMSE = 16.396  GAME1 = 9.725  GAME2 = 11.356  GAME3 = 12.394  lr = 1.00e-05  time = 7.7s
[e172 s0001/1030] loss = 0.349095
[e172 s0050/1030] loss = 0.536092
[e172 s0100/1030] loss = 0.910954
[e172 s0150/1030] loss = 0.841084
[e172 s0200/1030] loss = 1.224228
[e172 s0250/1030] loss = 1.091958
[e172 s0300/1030] loss = 1.034545
[e172 s0350/1030] loss = 1.015563
[e172 s0400/1030] loss = 0.947951
[e172 s0450/1030] loss = 0.913660
[e172 s0500/1030] loss = 0.868924
[e172 s0550/1030] loss = 0.853799
[e172 s0600/1030] loss = 0.855826
[e172 s0650/1030] loss = 0.837323
[e172 s0700/1030] loss = 0.833733
[e172 s0750/1030] loss = 0.834963
[e172 s0800/1030] loss = 0.821495
[e172 s0850/1030] loss = 0.805219
[e172 s0900/1030] loss = 0.846575
[e172 s0950/1030] loss = 0.849618
[e172 s1000/1030] loss = 0.849355
Epoch 172: train_loss = 0.849690  MAE/GAME0 = 11.079  RMSE = 34.964  GAME1 = 12.512  GAME2 = 14.247  GAME3 = 15.318  lr = 1.00e-05  time = 7.7s
[e173 s0001/1030] loss = 0.117679
[e173 s0050/1030] loss = 0.885471
[e173 s0100/1030] loss = 0.889713
[e173 s0150/1030] loss = 0.837140
[e173 s0200/1030] loss = 0.800344
[e173 s0250/1030] loss = 2.013100
[e173 s0300/1030] loss = 2.057347
[e173 s0350/1030] loss = 1.873367
[e173 s0400/1030] loss = 1.785285
[e173 s0450/1030] loss = 1.797468
[e173 s0500/1030] loss = 1.716786
[e173 s0550/1030] loss = 1.657160
[e173 s0600/1030] loss = 1.593892
[e173 s0650/1030] loss = 1.541062
[e173 s0700/1030] loss = 1.512832
[e173 s0750/1030] loss = 1.556636
[e173 s0800/1030] loss = 1.521611
[e173 s0850/1030] loss = 1.522238
[e173 s0900/1030] loss = 1.526558
[e173 s0950/1030] loss = 1.479814
[e173 s1000/1030] loss = 1.434738
Epoch 173: train_loss = 1.404919  MAE/GAME0 = 10.230  RMSE = 30.573  GAME1 = 11.685  GAME2 = 13.522  GAME3 = 14.601  lr = 1.00e-05  time = 7.7s
[e174 s0001/1030] loss = 0.063024
[e174 s0050/1030] loss = 0.716947
[e174 s0100/1030] loss = 0.925070
[e174 s0150/1030] loss = 0.973036
[e174 s0200/1030] loss = 0.985002
[e174 s0250/1030] loss = 1.040516
[e174 s0300/1030] loss = 0.955133
[e174 s0350/1030] loss = 0.942589
[e174 s0400/1030] loss = 0.933654
[e174 s0450/1030] loss = 0.915550
[e174 s0500/1030] loss = 1.547756
[e174 s0550/1030] loss = 1.530685
[e174 s0600/1030] loss = 1.465737
[e174 s0650/1030] loss = 1.495284
[e174 s0700/1030] loss = 1.559130
[e174 s0750/1030] loss = 1.535184
[e174 s0800/1030] loss = 1.533112
[e174 s0850/1030] loss = 1.554320
[e174 s0900/1030] loss = 1.511410
[e174 s0950/1030] loss = 1.477232
[e174 s1000/1030] loss = 1.437558
Epoch 174: train_loss = 1.434673  MAE/GAME0 = 17.945  RMSE = 28.263  GAME1 = 18.751  GAME2 = 20.136  GAME3 = 21.005  lr = 1.00e-05  time = 7.7s
[e175 s0001/1030] loss = 0.714361
[e175 s0050/1030] loss = 2.116611
[e175 s0100/1030] loss = 1.469307
[e175 s0150/1030] loss = 1.259340
[e175 s0200/1030] loss = 1.104264
[e175 s0250/1030] loss = 0.993799
[e175 s0300/1030] loss = 1.024117
[e175 s0350/1030] loss = 0.986728
[e175 s0400/1030] loss = 0.970280
[e175 s0450/1030] loss = 0.958163
[e175 s0500/1030] loss = 0.937511
[e175 s0550/1030] loss = 0.929119
[e175 s0600/1030] loss = 0.936671
[e175 s0650/1030] loss = 0.927675
[e175 s0700/1030] loss = 0.920024
[e175 s0750/1030] loss = 0.897680
[e175 s0800/1030] loss = 0.885968
[e175 s0850/1030] loss = 0.892326
[e175 s0900/1030] loss = 0.872580
[e175 s0950/1030] loss = 0.861462
[e175 s1000/1030] loss = 0.863671
Epoch 175: train_loss = 0.876939  MAE/GAME0 = 15.707  RMSE = 25.444  GAME1 = 16.552  GAME2 = 18.146  GAME3 = 19.268  lr = 1.00e-05  time = 7.7s
[e176 s0001/1030] loss = 0.962819
[e176 s0050/1030] loss = 0.986666
[e176 s0100/1030] loss = 1.326635
[e176 s0150/1030] loss = 1.246867
[e176 s0200/1030] loss = 1.118947
[e176 s0250/1030] loss = 1.051659
[e176 s0300/1030] loss = 1.020788
[e176 s0350/1030] loss = 0.930590
[e176 s0400/1030] loss = 0.951644
[e176 s0450/1030] loss = 1.093935
[e176 s0500/1030] loss = 1.055859
[e176 s0550/1030] loss = 1.088570
[e176 s0600/1030] loss = 1.041553
[e176 s0650/1030] loss = 1.036531
[e176 s0700/1030] loss = 1.049332
[e176 s0750/1030] loss = 1.066643
[e176 s0800/1030] loss = 1.057682
[e176 s0850/1030] loss = 1.057101
[e176 s0900/1030] loss = 1.048679
[e176 s0950/1030] loss = 1.049014
[e176 s1000/1030] loss = 1.083262
Epoch 176: train_loss = 1.085031  MAE/GAME0 = 8.889  RMSE = 23.511  GAME1 = 10.833  GAME2 = 12.909  GAME3 = 14.060  lr = 1.00e-05  time = 7.7s
[e177 s0001/1030] loss = 0.051839
[e177 s0050/1030] loss = 0.689163
[e177 s0100/1030] loss = 0.754020
[e177 s0150/1030] loss = 0.758425
[e177 s0200/1030] loss = 0.718465
[e177 s0250/1030] loss = 0.687174
[e177 s0300/1030] loss = 1.043249
[e177 s0350/1030] loss = 1.140152
[e177 s0400/1030] loss = 1.115063
[e177 s0450/1030] loss = 1.060879
[e177 s0500/1030] loss = 1.072764
[e177 s0550/1030] loss = 1.042103
[e177 s0600/1030] loss = 0.988315
[e177 s0650/1030] loss = 0.962277
[e177 s0700/1030] loss = 0.954900
[e177 s0750/1030] loss = 0.939448
[e177 s0800/1030] loss = 1.248827
[e177 s0850/1030] loss = 1.265337
[e177 s0900/1030] loss = 1.254645
[e177 s0950/1030] loss = 1.225256
[e177 s1000/1030] loss = 1.193827
Epoch 177: train_loss = 1.178274  MAE/GAME0 = 8.152  RMSE = 13.870  GAME1 = 9.660  GAME2 = 11.069  GAME3 = 12.000  lr = 1.00e-05  time = 7.7s
[e178 s0001/1030] loss = 0.613351
[e178 s0050/1030] loss = 1.059968
[e178 s0100/1030] loss = 1.250937
[e178 s0150/1030] loss = 1.017180
[e178 s0200/1030] loss = 0.969659
[e178 s0250/1030] loss = 0.944289
[e178 s0300/1030] loss = 0.917823
[e178 s0350/1030] loss = 0.877630
[e178 s0400/1030] loss = 0.845817
[e178 s0450/1030] loss = 0.888973
[e178 s0500/1030] loss = 0.944804
[e178 s0550/1030] loss = 0.937827
[e178 s0600/1030] loss = 0.953504
[e178 s0650/1030] loss = 0.946034
[e178 s0700/1030] loss = 0.918417
[e178 s0750/1030] loss = 0.930896
[e178 s0800/1030] loss = 1.077836
[e178 s0850/1030] loss = 1.116029
[e178 s0900/1030] loss = 1.086339
[e178 s0950/1030] loss = 1.125925
[e178 s1000/1030] loss = 1.103748
Epoch 178: train_loss = 1.098476  MAE/GAME0 = 9.096  RMSE = 23.395  GAME1 = 10.494  GAME2 = 12.098  GAME3 = 13.138  lr = 1.00e-05  time = 7.6s
[e179 s0001/1030] loss = 1.538415
[e179 s0050/1030] loss = 0.627500
[e179 s0100/1030] loss = 0.738895
[e179 s0150/1030] loss = 0.742492
[e179 s0200/1030] loss = 0.722357
[e179 s0250/1030] loss = 0.689016
[e179 s0300/1030] loss = 0.932005
[e179 s0350/1030] loss = 0.943703
[e179 s0400/1030] loss = 0.903526
[e179 s0450/1030] loss = 0.941283
[e179 s0500/1030] loss = 0.934907
[e179 s0550/1030] loss = 0.942864
[e179 s0600/1030] loss = 0.946481
[e179 s0650/1030] loss = 0.923671
[e179 s0700/1030] loss = 0.912700
[e179 s0750/1030] loss = 0.907089
[e179 s0800/1030] loss = 0.895498
[e179 s0850/1030] loss = 0.886611
[e179 s0900/1030] loss = 0.900457
[e179 s0950/1030] loss = 0.890016
[e179 s1000/1030] loss = 0.877278
Epoch 179: train_loss = 0.868427  MAE/GAME0 = 7.918  RMSE = 13.329  GAME1 = 9.475  GAME2 = 11.158  GAME3 = 12.136  lr = 1.00e-05  time = 7.7s
[e180 s0001/1030] loss = 11.074861
[e180 s0050/1030] loss = 1.007978
[e180 s0100/1030] loss = 0.744436
[e180 s0150/1030] loss = 0.841328
[e180 s0200/1030] loss = 0.862546
[e180 s0250/1030] loss = 0.832744
[e180 s0300/1030] loss = 0.914314
[e180 s0350/1030] loss = 0.928425
[e180 s0400/1030] loss = 0.917346
[e180 s0450/1030] loss = 0.911492
[e180 s0500/1030] loss = 0.877359
[e180 s0550/1030] loss = 0.866554
[e180 s0600/1030] loss = 0.869791
[e180 s0650/1030] loss = 0.901250
[e180 s0700/1030] loss = 0.907379
[e180 s0750/1030] loss = 0.877616
[e180 s0800/1030] loss = 0.853324
[e180 s0850/1030] loss = 0.845693
[e180 s0900/1030] loss = 0.822318
[e180 s0950/1030] loss = 0.802106
[e180 s1000/1030] loss = 0.822377
Epoch 180: train_loss = 0.823791  MAE/GAME0 = 8.170  RMSE = 14.336  GAME1 = 9.213  GAME2 = 10.458  GAME3 = 11.246  lr = 1.00e-05  time = 7.6s
[e181 s0001/1030] loss = 0.147347
[e181 s0050/1030] loss = 1.080418
[e181 s0100/1030] loss = 0.757961
[e181 s0150/1030] loss = 0.723155
[e181 s0200/1030] loss = 0.944775
[e181 s0250/1030] loss = 0.901744
[e181 s0300/1030] loss = 0.904943
[e181 s0350/1030] loss = 0.860336
[e181 s0400/1030] loss = 0.845264
[e181 s0450/1030] loss = 0.825790
[e181 s0500/1030] loss = 0.804957
[e181 s0550/1030] loss = 0.800686
[e181 s0600/1030] loss = 0.779550
[e181 s0650/1030] loss = 0.776733
[e181 s0700/1030] loss = 0.782527
[e181 s0750/1030] loss = 0.860657
[e181 s0800/1030] loss = 0.862791
[e181 s0850/1030] loss = 0.850937
[e181 s0900/1030] loss = 0.930835
[e181 s0950/1030] loss = 0.945264
[e181 s1000/1030] loss = 0.944184
Epoch 181: train_loss = 0.940705  MAE/GAME0 = 8.243  RMSE = 15.597  GAME1 = 9.849  GAME2 = 11.689  GAME3 = 12.669  lr = 1.00e-05  time = 7.6s
[e182 s0001/1030] loss = 0.277692
[e182 s0050/1030] loss = 1.972260
[e182 s0100/1030] loss = 1.422673
[e182 s0150/1030] loss = 1.119512
[e182 s0200/1030] loss = 0.965168
[e182 s0250/1030] loss = 0.902113
[e182 s0300/1030] loss = 0.906910
[e182 s0350/1030] loss = 0.964071
[e182 s0400/1030] loss = 0.914279
[e182 s0450/1030] loss = 1.086259
[e182 s0500/1030] loss = 1.069346
[e182 s0550/1030] loss = 1.044442
[e182 s0600/1030] loss = 1.022436
[e182 s0650/1030] loss = 0.994908
[e182 s0700/1030] loss = 0.992147
[e182 s0750/1030] loss = 0.955933
[e182 s0800/1030] loss = 0.958885
[e182 s0850/1030] loss = 0.973244
[e182 s0900/1030] loss = 0.967593
[e182 s0950/1030] loss = 0.976351
[e182 s1000/1030] loss = 0.994229
Epoch 182: train_loss = 0.987583  MAE/GAME0 = 9.576  RMSE = 17.736  GAME1 = 10.674  GAME2 = 11.706  GAME3 = 12.304  lr = 1.00e-05  time = 7.7s
[e183 s0001/1030] loss = 0.410789
[e183 s0050/1030] loss = 0.711351
[e183 s0100/1030] loss = 0.691574
[e183 s0150/1030] loss = 0.771888
[e183 s0200/1030] loss = 0.770693
[e183 s0250/1030] loss = 0.831943
[e183 s0300/1030] loss = 0.851719
[e183 s0350/1030] loss = 0.909090
[e183 s0400/1030] loss = 0.946356
[e183 s0450/1030] loss = 0.904073
[e183 s0500/1030] loss = 0.899076
[e183 s0550/1030] loss = 0.872060
[e183 s0600/1030] loss = 0.871743
[e183 s0650/1030] loss = 0.879695
[e183 s0700/1030] loss = 0.857005
[e183 s0750/1030] loss = 0.853357
[e183 s0800/1030] loss = 0.839710
[e183 s0850/1030] loss = 0.825816
[e183 s0900/1030] loss = 0.829436
[e183 s0950/1030] loss = 0.923498
[e183 s1000/1030] loss = 0.908458
Epoch 183: train_loss = 0.902487  MAE/GAME0 = 10.276  RMSE = 30.274  GAME1 = 11.798  GAME2 = 13.414  GAME3 = 14.362  lr = 1.00e-05  time = 7.7s
[e184 s0001/1030] loss = 0.223522
[e184 s0050/1030] loss = 0.629308
[e184 s0100/1030] loss = 0.926802
[e184 s0150/1030] loss = 0.840732
[e184 s0200/1030] loss = 0.914666
[e184 s0250/1030] loss = 0.938175
[e184 s0300/1030] loss = 0.893782
[e184 s0350/1030] loss = 0.853389
[e184 s0400/1030] loss = 1.244520
[e184 s0450/1030] loss = 1.373497
[e184 s0500/1030] loss = 1.316299
[e184 s0550/1030] loss = 1.246974
[e184 s0600/1030] loss = 1.221381
[e184 s0650/1030] loss = 1.193683
[e184 s0700/1030] loss = 1.149813
[e184 s0750/1030] loss = 1.127085
[e184 s0800/1030] loss = 1.089988
[e184 s0850/1030] loss = 1.079662
[e184 s0900/1030] loss = 1.069584
[e184 s0950/1030] loss = 1.072039
[e184 s1000/1030] loss = 1.089009
Epoch 184: train_loss = 1.072280  MAE/GAME0 = 8.425  RMSE = 19.114  GAME1 = 9.696  GAME2 = 11.038  GAME3 = 11.947  lr = 1.00e-05  time = 7.8s
[e185 s0001/1030] loss = 0.751742
[e185 s0050/1030] loss = 0.908844
[e185 s0100/1030] loss = 0.737060
[e185 s0150/1030] loss = 0.698403
[e185 s0200/1030] loss = 0.726051
[e185 s0250/1030] loss = 0.736698
[e185 s0300/1030] loss = 0.809560
[e185 s0350/1030] loss = 0.804795
[e185 s0400/1030] loss = 0.836498
[e185 s0450/1030] loss = 0.903204
[e185 s0500/1030] loss = 0.873021
[e185 s0550/1030] loss = 0.846107
[e185 s0600/1030] loss = 0.874102
[e185 s0650/1030] loss = 0.909764
[e185 s0700/1030] loss = 0.993905
[e185 s0750/1030] loss = 0.994770
[e185 s0800/1030] loss = 0.967361
[e185 s0850/1030] loss = 0.949524
[e185 s0900/1030] loss = 0.938414
[e185 s0950/1030] loss = 0.908198
[e185 s1000/1030] loss = 0.926002
Epoch 185: train_loss = 0.913852  MAE/GAME0 = 6.878  RMSE = 11.246  GAME1 = 8.631  GAME2 = 10.467  GAME3 = 11.545  lr = 1.00e-05  time = 7.6s
[e186 s0001/1030] loss = 0.101595
[e186 s0050/1030] loss = 1.140828
[e186 s0100/1030] loss = 0.885110
[e186 s0150/1030] loss = 0.726622
[e186 s0200/1030] loss = 0.686345
[e186 s0250/1030] loss = 0.716357
[e186 s0300/1030] loss = 0.816096
[e186 s0350/1030] loss = 1.047640
[e186 s0400/1030] loss = 1.090645
[e186 s0450/1030] loss = 1.073332
[e186 s0500/1030] loss = 1.047218
[e186 s0550/1030] loss = 1.030698
[e186 s0600/1030] loss = 1.019759
[e186 s0650/1030] loss = 1.005267
[e186 s0700/1030] loss = 0.980076
[e186 s0750/1030] loss = 0.981618
[e186 s0800/1030] loss = 0.960029
[e186 s0850/1030] loss = 0.946191
[e186 s0900/1030] loss = 0.925524
[e186 s0950/1030] loss = 0.910396
[e186 s1000/1030] loss = 0.894878
Epoch 186: train_loss = 0.881589  MAE/GAME0 = 6.464  RMSE = 11.584  GAME1 = 8.146  GAME2 = 9.745  GAME3 = 10.756  lr = 1.00e-05  time = 7.9s
[e187 s0001/1030] loss = 0.144241
[e187 s0050/1030] loss = 0.932249
[e187 s0100/1030] loss = 0.969140
[e187 s0150/1030] loss = 0.977996
[e187 s0200/1030] loss = 0.910678
[e187 s0250/1030] loss = 0.940007
[e187 s0300/1030] loss = 0.875457
[e187 s0350/1030] loss = 0.895128
[e187 s0400/1030] loss = 0.922630
[e187 s0450/1030] loss = 0.915570
[e187 s0500/1030] loss = 0.915988
[e187 s0550/1030] loss = 0.966551
[e187 s0600/1030] loss = 0.966917
[e187 s0650/1030] loss = 0.957877
[e187 s0700/1030] loss = 0.947482
[e187 s0750/1030] loss = 0.919898
[e187 s0800/1030] loss = 0.905793
[e187 s0850/1030] loss = 0.915483
[e187 s0900/1030] loss = 0.932618
[e187 s0950/1030] loss = 0.924996
[e187 s1000/1030] loss = 0.914437
Epoch 187: train_loss = 0.906532  MAE/GAME0 = 9.109  RMSE = 23.402  GAME1 = 10.624  GAME2 = 12.292  GAME3 = 13.276  lr = 1.00e-05  time = 7.6s
[e188 s0001/1030] loss = 0.016530
[e188 s0050/1030] loss = 0.574869
[e188 s0100/1030] loss = 1.015683
[e188 s0150/1030] loss = 0.954854
[e188 s0200/1030] loss = 1.010476
[e188 s0250/1030] loss = 0.910119
[e188 s0300/1030] loss = 0.891520
[e188 s0350/1030] loss = 0.842280
[e188 s0400/1030] loss = 0.902532
[e188 s0450/1030] loss = 0.913041
[e188 s0500/1030] loss = 0.938784
[e188 s0550/1030] loss = 0.905242
[e188 s0600/1030] loss = 0.924106
[e188 s0650/1030] loss = 0.924835
[e188 s0700/1030] loss = 0.895054
[e188 s0750/1030] loss = 0.877997
[e188 s0800/1030] loss = 0.908855
[e188 s0850/1030] loss = 0.902364
[e188 s0900/1030] loss = 0.884345
[e188 s0950/1030] loss = 0.868347
[e188 s1000/1030] loss = 0.905125
Epoch 188: train_loss = 0.899170  MAE/GAME0 = 8.929  RMSE = 14.053  GAME1 = 10.333  GAME2 = 11.395  GAME3 = 12.289  lr = 1.00e-05  time = 7.6s
[e189 s0001/1030] loss = 0.447929
[e189 s0050/1030] loss = 1.114351
[e189 s0100/1030] loss = 1.005503
[e189 s0150/1030] loss = 0.933590
[e189 s0200/1030] loss = 0.863463
[e189 s0250/1030] loss = 0.851477
[e189 s0300/1030] loss = 0.858340
[e189 s0350/1030] loss = 0.836118
[e189 s0400/1030] loss = 0.830524
[e189 s0450/1030] loss = 0.927490
[e189 s0500/1030] loss = 0.891067
[e189 s0550/1030] loss = 0.924985
[e189 s0600/1030] loss = 0.946888
[e189 s0650/1030] loss = 1.000377
[e189 s0700/1030] loss = 0.962639
[e189 s0750/1030] loss = 0.935115
[e189 s0800/1030] loss = 0.899974
[e189 s0850/1030] loss = 0.877517
[e189 s0900/1030] loss = 0.902485
[e189 s0950/1030] loss = 0.880916
[e189 s1000/1030] loss = 0.896333
Epoch 189: train_loss = 0.900160  MAE/GAME0 = 10.591  RMSE = 28.634  GAME1 = 12.296  GAME2 = 13.932  GAME3 = 14.886  lr = 1.00e-05  time = 8.0s
[e190 s0001/1030] loss = 0.155082
[e190 s0050/1030] loss = 0.736053
[e190 s0100/1030] loss = 0.818215
[e190 s0150/1030] loss = 1.075089
[e190 s0200/1030] loss = 0.962565
[e190 s0250/1030] loss = 0.856162
[e190 s0300/1030] loss = 0.808455
[e190 s0350/1030] loss = 0.768611
[e190 s0400/1030] loss = 0.774233
[e190 s0450/1030] loss = 0.814639
[e190 s0500/1030] loss = 0.882981
[e190 s0550/1030] loss = 0.851895
[e190 s0600/1030] loss = 0.854822
[e190 s0650/1030] loss = 0.866774
[e190 s0700/1030] loss = 0.847954
[e190 s0750/1030] loss = 0.833483
[e190 s0800/1030] loss = 0.832430
[e190 s0850/1030] loss = 0.833774
[e190 s0900/1030] loss = 0.861741
[e190 s0950/1030] loss = 0.846918
[e190 s1000/1030] loss = 0.834006
Epoch 190: train_loss = 0.829234  MAE/GAME0 = 7.504  RMSE = 16.624  GAME1 = 9.132  GAME2 = 10.619  GAME3 = 11.553  lr = 1.00e-05  time = 7.6s
[e191 s0001/1030] loss = 2.039992
[e191 s0050/1030] loss = 2.636342
[e191 s0100/1030] loss = 1.789511
[e191 s0150/1030] loss = 1.420551
[e191 s0200/1030] loss = 1.517024
[e191 s0250/1030] loss = 1.347940
[e191 s0300/1030] loss = 1.215574
[e191 s0350/1030] loss = 1.166330
[e191 s0400/1030] loss = 1.132846
[e191 s0450/1030] loss = 1.076498
[e191 s0500/1030] loss = 1.073791
[e191 s0550/1030] loss = 1.037442
[e191 s0600/1030] loss = 0.998831
[e191 s0650/1030] loss = 0.998970
[e191 s0700/1030] loss = 0.968598
[e191 s0750/1030] loss = 0.948451
[e191 s0800/1030] loss = 0.932993
[e191 s0850/1030] loss = 0.927828
[e191 s0900/1030] loss = 0.908490
[e191 s0950/1030] loss = 0.905643
[e191 s1000/1030] loss = 0.879820
Epoch 191: train_loss = 0.870867  MAE/GAME0 = 7.708  RMSE = 12.685  GAME1 = 9.165  GAME2 = 10.799  GAME3 = 11.864  lr = 1.00e-05  time = 7.6s
[e192 s0001/1030] loss = 0.322056
[e192 s0050/1030] loss = 0.874090
[e192 s0100/1030] loss = 0.808266
[e192 s0150/1030] loss = 0.893253
[e192 s0200/1030] loss = 0.852311
[e192 s0250/1030] loss = 0.916354
[e192 s0300/1030] loss = 0.938094
[e192 s0350/1030] loss = 0.957612
[e192 s0400/1030] loss = 0.913436
[e192 s0450/1030] loss = 0.904245
[e192 s0500/1030] loss = 0.892098
[e192 s0550/1030] loss = 0.851368
[e192 s0600/1030] loss = 0.822989
[e192 s0650/1030] loss = 0.814067
[e192 s0700/1030] loss = 0.796510
[e192 s0750/1030] loss = 0.770996
[e192 s0800/1030] loss = 0.759896
[e192 s0850/1030] loss = 0.769942
[e192 s0900/1030] loss = 0.797083
[e192 s0950/1030] loss = 0.813120
[e192 s1000/1030] loss = 0.813634
Epoch 192: train_loss = 0.834407  MAE/GAME0 = 7.691  RMSE = 14.648  GAME1 = 8.888  GAME2 = 10.123  GAME3 = 10.924  lr = 1.00e-05  time = 7.6s
[e193 s0001/1030] loss = 0.676734
[e193 s0050/1030] loss = 0.395143
[e193 s0100/1030] loss = 0.678803
[e193 s0150/1030] loss = 0.783910
[e193 s0200/1030] loss = 0.737840
[e193 s0250/1030] loss = 0.744976
[e193 s0300/1030] loss = 0.751279
[e193 s0350/1030] loss = 0.747976
[e193 s0400/1030] loss = 0.757632
[e193 s0450/1030] loss = 0.793616
[e193 s0500/1030] loss = 0.826485
[e193 s0550/1030] loss = 0.866775
[e193 s0600/1030] loss = 0.939472
[e193 s0650/1030] loss = 0.967321
[e193 s0700/1030] loss = 0.948829
[e193 s0750/1030] loss = 0.936389
[e193 s0800/1030] loss = 0.936314
[e193 s0850/1030] loss = 0.928639
[e193 s0900/1030] loss = 0.904398
[e193 s0950/1030] loss = 0.900426
[e193 s1000/1030] loss = 0.925216
Epoch 193: train_loss = 0.917236  MAE/GAME0 = 11.928  RMSE = 30.942  GAME1 = 13.013  GAME2 = 13.749  GAME3 = 14.102  lr = 1.00e-05  time = 7.8s
[e194 s0001/1030] loss = 5.466190
[e194 s0050/1030] loss = 1.119862
[e194 s0100/1030] loss = 0.877590
[e194 s0150/1030] loss = 0.810331
[e194 s0200/1030] loss = 0.727833
[e194 s0250/1030] loss = 0.974353
[e194 s0300/1030] loss = 0.986737
[e194 s0350/1030] loss = 0.946705
[e194 s0400/1030] loss = 0.909499
[e194 s0450/1030] loss = 0.970137
[e194 s0500/1030] loss = 0.962107
[e194 s0550/1030] loss = 0.968139
[e194 s0600/1030] loss = 0.968520
[e194 s0650/1030] loss = 0.957219
[e194 s0700/1030] loss = 0.933130
[e194 s0750/1030] loss = 0.930896
[e194 s0800/1030] loss = 0.913999
[e194 s0850/1030] loss = 0.923855
[e194 s0900/1030] loss = 0.905137
[e194 s0950/1030] loss = 0.916942
[e194 s1000/1030] loss = 0.931948
Epoch 194: train_loss = 0.929706  MAE/GAME0 = 10.551  RMSE = 20.580  GAME1 = 11.256  GAME2 = 11.988  GAME3 = 12.518  lr = 1.00e-05  time = 7.6s
[e195 s0001/1030] loss = 0.007331
[e195 s0050/1030] loss = 1.428484
[e195 s0100/1030] loss = 1.457430
[e195 s0150/1030] loss = 1.227789
[e195 s0200/1030] loss = 1.059158
[e195 s0250/1030] loss = 1.011018
[e195 s0300/1030] loss = 1.016883
[e195 s0350/1030] loss = 0.948112
[e195 s0400/1030] loss = 0.946318
[e195 s0450/1030] loss = 0.936063
[e195 s0500/1030] loss = 0.913638
[e195 s0550/1030] loss = 0.899038
[e195 s0600/1030] loss = 0.878908
[e195 s0650/1030] loss = 0.847786
[e195 s0700/1030] loss = 0.824428
[e195 s0750/1030] loss = 0.797156
[e195 s0800/1030] loss = 0.786101
[e195 s0850/1030] loss = 0.787101
[e195 s0900/1030] loss = 0.769402
[e195 s0950/1030] loss = 0.802743
[e195 s1000/1030] loss = 0.790217
Epoch 195: train_loss = 0.794792  MAE/GAME0 = 10.083  RMSE = 13.103  GAME1 = 11.448  GAME2 = 13.028  GAME3 = 14.223  lr = 1.00e-05  time = 7.8s
[e196 s0001/1030] loss = 0.426848
[e196 s0050/1030] loss = 0.622132
[e196 s0100/1030] loss = 0.608459
[e196 s0150/1030] loss = 0.702857
[e196 s0200/1030] loss = 0.868868
[e196 s0250/1030] loss = 0.897627
[e196 s0300/1030] loss = 0.835481
[e196 s0350/1030] loss = 0.867460
[e196 s0400/1030] loss = 0.896154
[e196 s0450/1030] loss = 0.867834
[e196 s0500/1030] loss = 0.854366
[e196 s0550/1030] loss = 0.853222
[e196 s0600/1030] loss = 0.833400
[e196 s0650/1030] loss = 0.826752
[e196 s0700/1030] loss = 0.820140
[e196 s0750/1030] loss = 0.801927
[e196 s0800/1030] loss = 0.828609
[e196 s0850/1030] loss = 0.807574
[e196 s0900/1030] loss = 0.795771
[e196 s0950/1030] loss = 0.784028
[e196 s1000/1030] loss = 0.814722
Epoch 196: train_loss = 0.805040  MAE/GAME0 = 9.536  RMSE = 27.414  GAME1 = 10.979  GAME2 = 12.525  GAME3 = 13.582  lr = 1.00e-05  time = 8.1s
[e197 s0001/1030] loss = 4.897522
[e197 s0050/1030] loss = 0.853725
[e197 s0100/1030] loss = 1.469732
[e197 s0150/1030] loss = 1.200729
[e197 s0200/1030] loss = 1.057060
[e197 s0250/1030] loss = 1.790250
[e197 s0300/1030] loss = 1.712668
[e197 s0350/1030] loss = 1.537224
[e197 s0400/1030] loss = 1.466913
[e197 s0450/1030] loss = 1.407195
[e197 s0500/1030] loss = 1.365343
[e197 s0550/1030] loss = 1.294390
[e197 s0600/1030] loss = 1.250279
[e197 s0650/1030] loss = 1.230917
[e197 s0700/1030] loss = 1.179160
[e197 s0750/1030] loss = 1.153768
[e197 s0800/1030] loss = 1.111807
[e197 s0850/1030] loss = 1.098623
[e197 s0900/1030] loss = 1.086179
[e197 s0950/1030] loss = 1.117410
[e197 s1000/1030] loss = 1.110557
Epoch 197: train_loss = 1.097795  MAE/GAME0 = 9.540  RMSE = 22.458  GAME1 = 10.858  GAME2 = 12.252  GAME3 = 13.094  lr = 1.00e-05  time = 7.7s
[e198 s0001/1030] loss = 0.309100
[e198 s0050/1030] loss = 2.380598
[e198 s0100/1030] loss = 1.553717
[e198 s0150/1030] loss = 1.240290
[e198 s0200/1030] loss = 1.136928
[e198 s0250/1030] loss = 1.087604
[e198 s0300/1030] loss = 1.047713
[e198 s0350/1030] loss = 0.990654
[e198 s0400/1030] loss = 0.946044
[e198 s0450/1030] loss = 0.972839
[e198 s0500/1030] loss = 0.982768
[e198 s0550/1030] loss = 0.945460
[e198 s0600/1030] loss = 0.905561
[e198 s0650/1030] loss = 0.897693
[e198 s0700/1030] loss = 0.932831
[e198 s0750/1030] loss = 0.910774
[e198 s0800/1030] loss = 0.916844
[e198 s0850/1030] loss = 1.024645
[e198 s0900/1030] loss = 1.044765
[e198 s0950/1030] loss = 1.038586
[e198 s1000/1030] loss = 1.048276
Epoch 198: train_loss = 1.033926  MAE/GAME0 = 6.755  RMSE = 11.206  GAME1 = 8.207  GAME2 = 9.748  GAME3 = 10.683  lr = 1.00e-05  time = 7.6s
[e199 s0001/1030] loss = 1.479184
[e199 s0050/1030] loss = 0.698225
[e199 s0100/1030] loss = 1.035131
[e199 s0150/1030] loss = 0.831780
[e199 s0200/1030] loss = 0.775842
[e199 s0250/1030] loss = 0.989656
[e199 s0300/1030] loss = 0.886447
[e199 s0350/1030] loss = 0.880714
[e199 s0400/1030] loss = 0.847892
[e199 s0450/1030] loss = 0.817998
[e199 s0500/1030] loss = 0.849758
[e199 s0550/1030] loss = 0.836505
[e199 s0600/1030] loss = 0.808314
[e199 s0650/1030] loss = 0.836428
[e199 s0700/1030] loss = 0.812900
[e199 s0750/1030] loss = 0.793073
[e199 s0800/1030] loss = 0.837924
[e199 s0850/1030] loss = 0.834741
[e199 s0900/1030] loss = 0.850527
[e199 s0950/1030] loss = 0.844593
[e199 s1000/1030] loss = 0.866171
Epoch 199: train_loss = 0.865366  MAE/GAME0 = 7.568  RMSE = 15.491  GAME1 = 8.979  GAME2 = 10.267  GAME3 = 11.146  lr = 1.00e-05  time = 7.6s
[e200 s0001/1030] loss = 0.009447
[e200 s0050/1030] loss = 1.250247
[e200 s0100/1030] loss = 1.013739
[e200 s0150/1030] loss = 0.970642
[e200 s0200/1030] loss = 0.916776
[e200 s0250/1030] loss = 0.857832
[e200 s0300/1030] loss = 0.779075
[e200 s0350/1030] loss = 0.765442
[e200 s0400/1030] loss = 0.741545
[e200 s0450/1030] loss = 0.840492
[e200 s0500/1030] loss = 0.815027
[e200 s0550/1030] loss = 0.791156
[e200 s0600/1030] loss = 0.771414
[e200 s0650/1030] loss = 0.769525
[e200 s0700/1030] loss = 0.760644
[e200 s0750/1030] loss = 0.767830
[e200 s0800/1030] loss = 0.765197
[e200 s0850/1030] loss = 0.750554
[e200 s0900/1030] loss = 0.751896
[e200 s0950/1030] loss = 0.738516
[e200 s1000/1030] loss = 0.747321
Epoch 200: train_loss = 0.743740  MAE/GAME0 = 6.450  RMSE = 11.284  GAME1 = 8.195  GAME2 = 9.839  GAME3 = 10.909  lr = 1.00e-05  time = 8.2s
[e201 s0001/1030] loss = 0.730188
[e201 s0050/1030] loss = 0.947495
[e201 s0100/1030] loss = 0.681969
[e201 s0150/1030] loss = 0.679909
[e201 s0200/1030] loss = 0.675055
[e201 s0250/1030] loss = 0.707290
[e201 s0300/1030] loss = 0.674314
[e201 s0350/1030] loss = 0.807548
[e201 s0400/1030] loss = 0.791541
[e201 s0450/1030] loss = 0.954310
[e201 s0500/1030] loss = 0.924422
[e201 s0550/1030] loss = 0.903391
[e201 s0600/1030] loss = 0.857294
[e201 s0650/1030] loss = 0.828967
[e201 s0700/1030] loss = 0.817890
[e201 s0750/1030] loss = 0.831928
[e201 s0800/1030] loss = 0.816761
[e201 s0850/1030] loss = 0.803797
[e201 s0900/1030] loss = 0.791859
[e201 s0950/1030] loss = 0.778916
[e201 s1000/1030] loss = 0.788279
Epoch 201: train_loss = 0.781851  MAE/GAME0 = 9.054  RMSE = 29.312  GAME1 = 10.353  GAME2 = 11.776  GAME3 = 12.699  lr = 1.00e-05  time = 7.7s
[e202 s0001/1030] loss = 0.012889
[e202 s0050/1030] loss = 0.781107
[e202 s0100/1030] loss = 0.741193
[e202 s0150/1030] loss = 0.810362
[e202 s0200/1030] loss = 0.860546
[e202 s0250/1030] loss = 1.012837
[e202 s0300/1030] loss = 0.948323
[e202 s0350/1030] loss = 0.902279
[e202 s0400/1030] loss = 0.863999
[e202 s0450/1030] loss = 0.863179
[e202 s0500/1030] loss = 0.873338
[e202 s0550/1030] loss = 0.848309
[e202 s0600/1030] loss = 0.859384
[e202 s0650/1030] loss = 0.827952
[e202 s0700/1030] loss = 0.814546
[e202 s0750/1030] loss = 0.825835
[e202 s0800/1030] loss = 0.816461
[e202 s0850/1030] loss = 0.803286
[e202 s0900/1030] loss = 0.799802
[e202 s0950/1030] loss = 0.805387
[e202 s1000/1030] loss = 0.848949
Epoch 202: train_loss = 0.840127  MAE/GAME0 = 11.382  RMSE = 30.035  GAME1 = 12.365  GAME2 = 13.306  GAME3 = 13.938  lr = 1.00e-05  time = 7.8s
[e203 s0001/1030] loss = 0.145670
[e203 s0050/1030] loss = 0.411644
[e203 s0100/1030] loss = 0.660167
[e203 s0150/1030] loss = 0.991680
[e203 s0200/1030] loss = 0.908697
[e203 s0250/1030] loss = 0.895132
[e203 s0300/1030] loss = 0.829604
[e203 s0350/1030] loss = 0.868897
[e203 s0400/1030] loss = 0.847354
[e203 s0450/1030] loss = 0.834986
[e203 s0500/1030] loss = 0.816931
[e203 s0550/1030] loss = 0.792986
[e203 s0600/1030] loss = 0.791695
[e203 s0650/1030] loss = 0.771293
[e203 s0700/1030] loss = 0.856103
[e203 s0750/1030] loss = 0.851527
[e203 s0800/1030] loss = 0.843614
[e203 s0850/1030] loss = 0.832104
[e203 s0900/1030] loss = 0.821008
[e203 s0950/1030] loss = 0.822216
[e203 s1000/1030] loss = 0.807028
Epoch 203: train_loss = 0.820083  MAE/GAME0 = 7.812  RMSE = 18.841  GAME1 = 9.460  GAME2 = 11.056  GAME3 = 12.033  lr = 1.00e-05  time = 7.7s
[e204 s0001/1030] loss = 0.313238
[e204 s0050/1030] loss = 0.703015
[e204 s0100/1030] loss = 0.593401
[e204 s0150/1030] loss = 0.547392
[e204 s0200/1030] loss = 0.563188
[e204 s0250/1030] loss = 0.612306
[e204 s0300/1030] loss = 0.694953
[e204 s0350/1030] loss = 0.717865
[e204 s0400/1030] loss = 0.791594
[e204 s0450/1030] loss = 0.836994
[e204 s0500/1030] loss = 0.887395
[e204 s0550/1030] loss = 0.890355
[e204 s0600/1030] loss = 0.928363
[e204 s0650/1030] loss = 0.931331
[e204 s0700/1030] loss = 0.979594
[e204 s0750/1030] loss = 0.961734
[e204 s0800/1030] loss = 1.068951
[e204 s0850/1030] loss = 1.036278
[e204 s0900/1030] loss = 1.004297
[e204 s0950/1030] loss = 1.000908
[e204 s1000/1030] loss = 0.966153
Epoch 204: train_loss = 0.973360  MAE/GAME0 = 8.387  RMSE = 20.355  GAME1 = 9.906  GAME2 = 11.501  GAME3 = 12.570  lr = 1.00e-05  time = 7.6s
[e205 s0001/1030] loss = 0.072871
[e205 s0050/1030] loss = 1.226043
[e205 s0100/1030] loss = 0.931511
[e205 s0150/1030] loss = 0.831980
[e205 s0200/1030] loss = 0.800043
[e205 s0250/1030] loss = 0.752992
[e205 s0300/1030] loss = 0.737600
[e205 s0350/1030] loss = 0.723044
[e205 s0400/1030] loss = 0.716120
[e205 s0450/1030] loss = 0.792431
[e205 s0500/1030] loss = 0.855160
[e205 s0550/1030] loss = 0.844484
[e205 s0600/1030] loss = 0.829482
[e205 s0650/1030] loss = 0.828454
[e205 s0700/1030] loss = 0.810611
[e205 s0750/1030] loss = 0.838906
[e205 s0800/1030] loss = 0.814114
[e205 s0850/1030] loss = 0.828265
[e205 s0900/1030] loss = 0.822606
[e205 s0950/1030] loss = 0.804566
[e205 s1000/1030] loss = 0.830441
Epoch 205: train_loss = 0.823951  MAE/GAME0 = 8.774  RMSE = 19.999  GAME1 = 10.315  GAME2 = 11.809  GAME3 = 12.779  lr = 1.00e-05  time = 7.7s
[e206 s0001/1030] loss = 0.232598
[e206 s0050/1030] loss = 0.402138
[e206 s0100/1030] loss = 0.444985
[e206 s0150/1030] loss = 0.483045
[e206 s0200/1030] loss = 0.493945
[e206 s0250/1030] loss = 0.557839
[e206 s0300/1030] loss = 0.603038
[e206 s0350/1030] loss = 0.697974
[e206 s0400/1030] loss = 0.702431
[e206 s0450/1030] loss = 1.005291
[e206 s0500/1030] loss = 1.047017
[e206 s0550/1030] loss = 1.018907
[e206 s0600/1030] loss = 0.981938
[e206 s0650/1030] loss = 0.950949
[e206 s0700/1030] loss = 0.947807
[e206 s0750/1030] loss = 0.942088
[e206 s0800/1030] loss = 1.046824
[e206 s0850/1030] loss = 1.030410
[e206 s0900/1030] loss = 1.002625
[e206 s0950/1030] loss = 0.977782
[e206 s1000/1030] loss = 0.960340
Epoch 206: train_loss = 0.948508  MAE/GAME0 = 8.213  RMSE = 16.462  GAME1 = 9.185  GAME2 = 10.295  GAME3 = 11.076  lr = 1.00e-05  time = 7.6s
[e207 s0001/1030] loss = 0.009243
[e207 s0050/1030] loss = 0.488863
[e207 s0100/1030] loss = 0.899329
[e207 s0150/1030] loss = 0.778515
[e207 s0200/1030] loss = 0.762561
[e207 s0250/1030] loss = 0.704153
[e207 s0300/1030] loss = 0.751998
[e207 s0350/1030] loss = 0.787037
[e207 s0400/1030] loss = 0.771369
[e207 s0450/1030] loss = 0.744438
[e207 s0500/1030] loss = 0.739805
[e207 s0550/1030] loss = 0.729091
[e207 s0600/1030] loss = 0.705067
[e207 s0650/1030] loss = 0.785823
[e207 s0700/1030] loss = 0.801869
[e207 s0750/1030] loss = 0.893345
[e207 s0800/1030] loss = 0.915491
[e207 s0850/1030] loss = 0.904852
[e207 s0900/1030] loss = 0.880362
[e207 s0950/1030] loss = 0.863496
[e207 s1000/1030] loss = 0.860082
Epoch 207: train_loss = 0.856463  MAE/GAME0 = 7.801  RMSE = 11.575  GAME1 = 9.244  GAME2 = 10.776  GAME3 = 11.855  lr = 1.00e-05  time = 7.7s
[e208 s0001/1030] loss = 0.874576
[e208 s0050/1030] loss = 0.710263
[e208 s0100/1030] loss = 0.691734
[e208 s0150/1030] loss = 0.677670
[e208 s0200/1030] loss = 0.726069
[e208 s0250/1030] loss = 0.722566
[e208 s0300/1030] loss = 0.678807
[e208 s0350/1030] loss = 0.684851
[e208 s0400/1030] loss = 0.710101
[e208 s0450/1030] loss = 0.727914
[e208 s0500/1030] loss = 0.777591
[e208 s0550/1030] loss = 0.806410
[e208 s0600/1030] loss = 0.796763
[e208 s0650/1030] loss = 0.824934
[e208 s0700/1030] loss = 0.834353
[e208 s0750/1030] loss = 0.828153
[e208 s0800/1030] loss = 0.809355
[e208 s0850/1030] loss = 0.797301
[e208 s0900/1030] loss = 0.791304
[e208 s0950/1030] loss = 0.786570
[e208 s1000/1030] loss = 0.804514
Epoch 208: train_loss = 0.799767  MAE/GAME0 = 6.613  RMSE = 11.713  GAME1 = 7.982  GAME2 = 9.382  GAME3 = 10.439  lr = 1.00e-05  time = 7.6s
[e209 s0001/1030] loss = 0.114353
[e209 s0050/1030] loss = 0.558856
[e209 s0100/1030] loss = 0.820155
[e209 s0150/1030] loss = 0.764199
[e209 s0200/1030] loss = 0.687120
[e209 s0250/1030] loss = 0.658138
[e209 s0300/1030] loss = 0.667620
[e209 s0350/1030] loss = 0.739910
[e209 s0400/1030] loss = 0.752063
[e209 s0450/1030] loss = 0.798623
[e209 s0500/1030] loss = 0.783453
[e209 s0550/1030] loss = 0.807502
[e209 s0600/1030] loss = 0.792035
[e209 s0650/1030] loss = 0.769167
[e209 s0700/1030] loss = 0.773796
[e209 s0750/1030] loss = 0.753039
[e209 s0800/1030] loss = 0.750046
[e209 s0850/1030] loss = 0.743270
[e209 s0900/1030] loss = 0.734924
[e209 s0950/1030] loss = 0.725239
[e209 s1000/1030] loss = 0.736745
Epoch 209: train_loss = 0.746512  MAE/GAME0 = 6.615  RMSE = 10.625  GAME1 = 8.278  GAME2 = 10.023  GAME3 = 11.035  lr = 1.00e-05  time = 7.6s
[e210 s0001/1030] loss = 0.265820
[e210 s0050/1030] loss = 0.448804
[e210 s0100/1030] loss = 0.474832
[e210 s0150/1030] loss = 0.668409
[e210 s0200/1030] loss = 0.983762
[e210 s0250/1030] loss = 0.880634
[e210 s0300/1030] loss = 0.996898
[e210 s0350/1030] loss = 0.969930
[e210 s0400/1030] loss = 0.924994
[e210 s0450/1030] loss = 0.902560
[e210 s0500/1030] loss = 0.959209
[e210 s0550/1030] loss = 0.929920
[e210 s0600/1030] loss = 0.908904
[e210 s0650/1030] loss = 0.890051
[e210 s0700/1030] loss = 0.883916
[e210 s0750/1030] loss = 0.896293
[e210 s0800/1030] loss = 0.886845
[e210 s0850/1030] loss = 0.867333
[e210 s0900/1030] loss = 0.853699
[e210 s0950/1030] loss = 0.838780
[e210 s1000/1030] loss = 0.835062
Epoch 210: train_loss = 0.824723  MAE/GAME0 = 6.363  RMSE = 10.841  GAME1 = 7.775  GAME2 = 9.354  GAME3 = 10.281  lr = 1.00e-05  time = 7.8s
[e211 s0001/1030] loss = 0.123574
[e211 s0050/1030] loss = 0.771608
[e211 s0100/1030] loss = 0.673655
[e211 s0150/1030] loss = 0.986076
[e211 s0200/1030] loss = 0.892998
[e211 s0250/1030] loss = 0.938050
[e211 s0300/1030] loss = 0.964468
[e211 s0350/1030] loss = 0.916932
[e211 s0400/1030] loss = 0.946349
[e211 s0450/1030] loss = 0.928679
[e211 s0500/1030] loss = 0.896733
[e211 s0550/1030] loss = 0.958409
[e211 s0600/1030] loss = 0.955142
[e211 s0650/1030] loss = 0.943466
[e211 s0700/1030] loss = 0.929808
[e211 s0750/1030] loss = 0.920904
[e211 s0800/1030] loss = 0.916353
[e211 s0850/1030] loss = 0.897844
[e211 s0900/1030] loss = 0.882959
[e211 s0950/1030] loss = 0.864569
[e211 s1000/1030] loss = 0.860994
Epoch 211: train_loss = 0.855731  MAE/GAME0 = 7.705  RMSE = 20.448  GAME1 = 9.140  GAME2 = 10.635  GAME3 = 11.593  lr = 1.00e-05  time = 7.8s
[e212 s0001/1030] loss = 0.031778
[e212 s0050/1030] loss = 0.787970
[e212 s0100/1030] loss = 0.818913
[e212 s0150/1030] loss = 0.888331
[e212 s0200/1030] loss = 0.788623
[e212 s0250/1030] loss = 0.794364
[e212 s0300/1030] loss = 0.879112
[e212 s0350/1030] loss = 0.840776
[e212 s0400/1030] loss = 0.805308
[e212 s0450/1030] loss = 0.789787
[e212 s0500/1030] loss = 0.790584
[e212 s0550/1030] loss = 0.798390
[e212 s0600/1030] loss = 0.912430
[e212 s0650/1030] loss = 0.883083
[e212 s0700/1030] loss = 0.899084
[e212 s0750/1030] loss = 0.940700
[e212 s0800/1030] loss = 0.921116
[e212 s0850/1030] loss = 0.920307
[e212 s0900/1030] loss = 0.910266
[e212 s0950/1030] loss = 0.891353
[e212 s1000/1030] loss = 0.875750
Epoch 212: train_loss = 0.890794  MAE/GAME0 = 11.195  RMSE = 14.467  GAME1 = 12.476  GAME2 = 14.178  GAME3 = 15.251  lr = 1.00e-05  time = 7.6s
[e213 s0001/1030] loss = 0.347091
[e213 s0050/1030] loss = 0.512884
[e213 s0100/1030] loss = 0.541096
[e213 s0150/1030] loss = 0.591981
[e213 s0200/1030] loss = 0.701466
[e213 s0250/1030] loss = 0.727878
[e213 s0300/1030] loss = 0.827060
[e213 s0350/1030] loss = 0.785306
[e213 s0400/1030] loss = 0.743513
[e213 s0450/1030] loss = 0.730476
[e213 s0500/1030] loss = 0.733028
[e213 s0550/1030] loss = 0.747274
[e213 s0600/1030] loss = 0.724493
[e213 s0650/1030] loss = 0.703350
[e213 s0700/1030] loss = 0.690333
[e213 s0750/1030] loss = 0.691509
[e213 s0800/1030] loss = 0.678359
[e213 s0850/1030] loss = 0.677632
[e213 s0900/1030] loss = 0.666911
[e213 s0950/1030] loss = 0.674632
[e213 s1000/1030] loss = 0.687973
Epoch 213: train_loss = 0.687592  MAE/GAME0 = 7.491  RMSE = 13.243  GAME1 = 9.181  GAME2 = 10.651  GAME3 = 11.441  lr = 1.00e-05  time = 7.7s
[e214 s0001/1030] loss = 0.114621
[e214 s0050/1030] loss = 0.724726
[e214 s0100/1030] loss = 0.588730
[e214 s0150/1030] loss = 0.814231
[e214 s0200/1030] loss = 0.796863
[e214 s0250/1030] loss = 0.777463
[e214 s0300/1030] loss = 0.727439
[e214 s0350/1030] loss = 0.772615
[e214 s0400/1030] loss = 0.760600
[e214 s0450/1030] loss = 0.945791
[e214 s0500/1030] loss = 0.999444
[e214 s0550/1030] loss = 1.017414
[e214 s0600/1030] loss = 0.993705
[e214 s0650/1030] loss = 0.978570
[e214 s0700/1030] loss = 0.952092
[e214 s0750/1030] loss = 0.965316
[e214 s0800/1030] loss = 0.948523
[e214 s0850/1030] loss = 0.944885
[e214 s0900/1030] loss = 0.921101
[e214 s0950/1030] loss = 0.899946
[e214 s1000/1030] loss = 0.899851
Epoch 214: train_loss = 0.897920  MAE/GAME0 = 7.512  RMSE = 16.768  GAME1 = 8.986  GAME2 = 10.329  GAME3 = 11.186  lr = 1.00e-05  time = 7.7s
[e215 s0001/1030] loss = 0.268564
[e215 s0050/1030] loss = 0.366642
[e215 s0100/1030] loss = 0.521361
[e215 s0150/1030] loss = 0.482396
[e215 s0200/1030] loss = 0.465423
[e215 s0250/1030] loss = 0.443029
[e215 s0300/1030] loss = 0.556076
[e215 s0350/1030] loss = 0.598922
[e215 s0400/1030] loss = 0.597745
[e215 s0450/1030] loss = 0.673114
[e215 s0500/1030] loss = 0.726384
[e215 s0550/1030] loss = 0.767789
[e215 s0600/1030] loss = 0.809763
[e215 s0650/1030] loss = 0.793911
[e215 s0700/1030] loss = 0.786216
[e215 s0750/1030] loss = 0.785500
[e215 s0800/1030] loss = 0.803845
[e215 s0850/1030] loss = 0.784707
[e215 s0900/1030] loss = 0.783241
[e215 s0950/1030] loss = 0.781560
[e215 s1000/1030] loss = 0.797186
Epoch 215: train_loss = 0.799916  MAE/GAME0 = 8.284  RMSE = 17.905  GAME1 = 9.961  GAME2 = 11.626  GAME3 = 12.689  lr = 1.00e-05  time = 8.1s
[e216 s0001/1030] loss = 0.335791
[e216 s0050/1030] loss = 0.426492
[e216 s0100/1030] loss = 0.425206
[e216 s0150/1030] loss = 0.883328
[e216 s0200/1030] loss = 0.869642
[e216 s0250/1030] loss = 0.817701
[e216 s0300/1030] loss = 0.814417
[e216 s0350/1030] loss = 0.853227
[e216 s0400/1030] loss = 0.848923
[e216 s0450/1030] loss = 0.813084
[e216 s0500/1030] loss = 0.804976
[e216 s0550/1030] loss = 0.789647
[e216 s0600/1030] loss = 0.756615
[e216 s0650/1030] loss = 0.737331
[e216 s0700/1030] loss = 0.732533
[e216 s0750/1030] loss = 0.740486
[e216 s0800/1030] loss = 0.752229
[e216 s0850/1030] loss = 0.743393
[e216 s0900/1030] loss = 0.767280
[e216 s0950/1030] loss = 0.764908
[e216 s1000/1030] loss = 0.756979
Epoch 216: train_loss = 0.749559  MAE/GAME0 = 6.444  RMSE = 11.181  GAME1 = 7.785  GAME2 = 9.369  GAME3 = 10.366  lr = 1.00e-05  time = 7.7s
[e217 s0001/1030] loss = 0.457545
[e217 s0050/1030] loss = 1.476055
[e217 s0100/1030] loss = 1.103665
[e217 s0150/1030] loss = 0.865385
[e217 s0200/1030] loss = 0.770676
[e217 s0250/1030] loss = 1.271717
[e217 s0300/1030] loss = 1.233421
[e217 s0350/1030] loss = 1.152995
[e217 s0400/1030] loss = 1.084201
[e217 s0450/1030] loss = 1.027647
[e217 s0500/1030] loss = 1.030474
[e217 s0550/1030] loss = 1.021896
[e217 s0600/1030] loss = 1.012958
[e217 s0650/1030] loss = 0.995084
[e217 s0700/1030] loss = 0.969239
[e217 s0750/1030] loss = 0.959488
[e217 s0800/1030] loss = 0.943864
[e217 s0850/1030] loss = 0.922433
[e217 s0900/1030] loss = 0.912135
[e217 s0950/1030] loss = 0.906377
[e217 s1000/1030] loss = 0.899479
Epoch 217: train_loss = 0.912951  MAE/GAME0 = 9.003  RMSE = 30.439  GAME1 = 10.630  GAME2 = 12.212  GAME3 = 13.311  lr = 1.00e-05  time = 7.8s
[e218 s0001/1030] loss = 0.147091
[e218 s0050/1030] loss = 0.834768
[e218 s0100/1030] loss = 0.662888
[e218 s0150/1030] loss = 0.637919
[e218 s0200/1030] loss = 0.613484
[e218 s0250/1030] loss = 0.669384
[e218 s0300/1030] loss = 0.682098
[e218 s0350/1030] loss = 0.677904
[e218 s0400/1030] loss = 0.662257
[e218 s0450/1030] loss = 0.631695
[e218 s0500/1030] loss = 0.629648
[e218 s0550/1030] loss = 0.607316
[e218 s0600/1030] loss = 0.622252
[e218 s0650/1030] loss = 0.636613
[e218 s0700/1030] loss = 0.628953
[e218 s0750/1030] loss = 1.172776
[e218 s0800/1030] loss = 1.167434
[e218 s0850/1030] loss = 1.148597
[e218 s0900/1030] loss = 1.113536
[e218 s0950/1030] loss = 1.087015
[e218 s1000/1030] loss = 1.067645
Epoch 218: train_loss = 1.051336  MAE/GAME0 = 8.563  RMSE = 23.649  GAME1 = 10.007  GAME2 = 11.596  GAME3 = 12.589  lr = 1.00e-05  time = 7.6s
[e219 s0001/1030] loss = 2.007146
[e219 s0050/1030] loss = 1.181261
[e219 s0100/1030] loss = 1.705391
[e219 s0150/1030] loss = 1.378753
[e219 s0200/1030] loss = 1.190666
[e219 s0250/1030] loss = 1.088138
[e219 s0300/1030] loss = 1.056366
[e219 s0350/1030] loss = 1.042001
[e219 s0400/1030] loss = 1.005120
[e219 s0450/1030] loss = 0.959789
[e219 s0500/1030] loss = 0.944538
[e219 s0550/1030] loss = 0.941045
[e219 s0600/1030] loss = 0.924104
[e219 s0650/1030] loss = 0.885355
[e219 s0700/1030] loss = 0.850769
[e219 s0750/1030] loss = 0.853634
[e219 s0800/1030] loss = 0.865377
[e219 s0850/1030] loss = 0.857817
[e219 s0900/1030] loss = 0.840795
[e219 s0950/1030] loss = 0.892824
[e219 s1000/1030] loss = 0.888512
Epoch 219: train_loss = 0.892427  MAE/GAME0 = 10.278  RMSE = 23.594  GAME1 = 11.563  GAME2 = 12.963  GAME3 = 13.991  lr = 1.00e-05  time = 7.6s
[e220 s0001/1030] loss = 0.258597
[e220 s0050/1030] loss = 0.669723
[e220 s0100/1030] loss = 0.729704
[e220 s0150/1030] loss = 0.708742
[e220 s0200/1030] loss = 0.873415
[e220 s0250/1030] loss = 0.806319
[e220 s0300/1030] loss = 0.772198
[e220 s0350/1030] loss = 0.815430
[e220 s0400/1030] loss = 0.788336
[e220 s0450/1030] loss = 0.781457
[e220 s0500/1030] loss = 0.829956
[e220 s0550/1030] loss = 0.813212
[e220 s0600/1030] loss = 1.076528
[e220 s0650/1030] loss = 1.168808
[e220 s0700/1030] loss = 1.128903
[e220 s0750/1030] loss = 1.113270
[e220 s0800/1030] loss = 1.082899
[e220 s0850/1030] loss = 1.077483
[e220 s0900/1030] loss = 1.062918
[e220 s0950/1030] loss = 1.038910
[e220 s1000/1030] loss = 1.023132
Epoch 220: train_loss = 1.005287  MAE/GAME0 = 7.879  RMSE = 19.659  GAME1 = 9.194  GAME2 = 10.537  GAME3 = 11.391  lr = 1.00e-05  time = 7.7s
[e221 s0001/1030] loss = 0.647082
[e221 s0050/1030] loss = 0.572788
[e221 s0100/1030] loss = 0.634231
[e221 s0150/1030] loss = 0.665169
[e221 s0200/1030] loss = 0.668343
[e221 s0250/1030] loss = 0.624107
[e221 s0300/1030] loss = 0.628024
[e221 s0350/1030] loss = 0.619738
[e221 s0400/1030] loss = 0.654600
[e221 s0450/1030] loss = 0.640262
[e221 s0500/1030] loss = 0.621747
[e221 s0550/1030] loss = 0.626037
[e221 s0600/1030] loss = 0.626151
[e221 s0650/1030] loss = 0.645263
[e221 s0700/1030] loss = 0.636188
[e221 s0750/1030] loss = 0.634313
[e221 s0800/1030] loss = 0.644361
[e221 s0850/1030] loss = 0.651704
[e221 s0900/1030] loss = 0.667199
[e221 s0950/1030] loss = 0.681064
[e221 s1000/1030] loss = 0.727667
Epoch 221: train_loss = 0.728621  MAE/GAME0 = 7.247  RMSE = 13.300  GAME1 = 8.901  GAME2 = 10.129  GAME3 = 10.906  lr = 1.00e-05  time = 7.6s
[e222 s0001/1030] loss = 1.491158
[e222 s0050/1030] loss = 0.512843
[e222 s0100/1030] loss = 0.609522
[e222 s0150/1030] loss = 0.666825
[e222 s0200/1030] loss = 0.647135
[e222 s0250/1030] loss = 0.785481
[e222 s0300/1030] loss = 0.787552
[e222 s0350/1030] loss = 0.763082
[e222 s0400/1030] loss = 0.736122
[e222 s0450/1030] loss = 0.747653
[e222 s0500/1030] loss = 0.714744
[e222 s0550/1030] loss = 0.733221
[e222 s0600/1030] loss = 0.739628
[e222 s0650/1030] loss = 0.776013
[e222 s0700/1030] loss = 0.800464
[e222 s0750/1030] loss = 0.795730
[e222 s0800/1030] loss = 0.810832
[e222 s0850/1030] loss = 0.805249
[e222 s0900/1030] loss = 0.810344
[e222 s0950/1030] loss = 0.790404
[e222 s1000/1030] loss = 0.795207
Epoch 222: train_loss = 0.791590  MAE/GAME0 = 5.913  RMSE = 10.169  GAME1 = 7.893  GAME2 = 9.461  GAME3 = 10.488  lr = 1.00e-05  time = 7.8s
[e223 s0001/1030] loss = 0.104067
[e223 s0050/1030] loss = 0.844667
[e223 s0100/1030] loss = 0.830501
[e223 s0150/1030] loss = 0.831566
[e223 s0200/1030] loss = 0.774350
[e223 s0250/1030] loss = 0.718952
[e223 s0300/1030] loss = 0.846754
[e223 s0350/1030] loss = 0.930044
[e223 s0400/1030] loss = 0.876930
[e223 s0450/1030] loss = 0.897676
[e223 s0500/1030] loss = 0.877452
[e223 s0550/1030] loss = 0.852907
[e223 s0600/1030] loss = 0.946878
[e223 s0650/1030] loss = 0.922890
[e223 s0700/1030] loss = 0.909757
[e223 s0750/1030] loss = 0.937392
[e223 s0800/1030] loss = 0.920040
[e223 s0850/1030] loss = 0.897385
[e223 s0900/1030] loss = 0.877940
[e223 s0950/1030] loss = 0.866994
[e223 s1000/1030] loss = 0.862635
Epoch 223: train_loss = 0.851335  MAE/GAME0 = 7.851  RMSE = 23.089  GAME1 = 9.411  GAME2 = 10.778  GAME3 = 11.779  lr = 1.00e-05  time = 7.7s
[e224 s0001/1030] loss = 0.069917
[e224 s0050/1030] loss = 0.765428
[e224 s0100/1030] loss = 1.232270
[e224 s0150/1030] loss = 1.523352
[e224 s0200/1030] loss = 1.314562
[e224 s0250/1030] loss = 1.184170
[e224 s0300/1030] loss = 1.070454
[e224 s0350/1030] loss = 0.987716
[e224 s0400/1030] loss = 0.980876
[e224 s0450/1030] loss = 0.956347
[e224 s0500/1030] loss = 0.957038
[e224 s0550/1030] loss = 0.927366
[e224 s0600/1030] loss = 0.889098
[e224 s0650/1030] loss = 0.902776
[e224 s0700/1030] loss = 0.872693
[e224 s0750/1030] loss = 0.853303
[e224 s0800/1030] loss = 0.833474
[e224 s0850/1030] loss = 0.817966
[e224 s0900/1030] loss = 0.818614
[e224 s0950/1030] loss = 0.818022
[e224 s1000/1030] loss = 0.798748
Epoch 224: train_loss = 0.801484  MAE/GAME0 = 7.147  RMSE = 16.530  GAME1 = 8.824  GAME2 = 10.412  GAME3 = 11.465  lr = 1.00e-05  time = 7.7s
[e225 s0001/1030] loss = 0.554537
[e225 s0050/1030] loss = 0.574684
[e225 s0100/1030] loss = 0.685765
[e225 s0150/1030] loss = 1.043353
[e225 s0200/1030] loss = 1.015993
[e225 s0250/1030] loss = 0.921520
[e225 s0300/1030] loss = 0.878218
[e225 s0350/1030] loss = 0.844866
[e225 s0400/1030] loss = 0.847565
[e225 s0450/1030] loss = 0.817856
[e225 s0500/1030] loss = 0.869979
[e225 s0550/1030] loss = 0.829975
[e225 s0600/1030] loss = 0.791846
[e225 s0650/1030] loss = 0.800745
[e225 s0700/1030] loss = 0.802700
[e225 s0750/1030] loss = 0.817847
[e225 s0800/1030] loss = 0.802226
[e225 s0850/1030] loss = 0.777919
[e225 s0900/1030] loss = 0.788143
[e225 s0950/1030] loss = 0.776342
[e225 s1000/1030] loss = 0.758842
Epoch 225: train_loss = 0.748081  MAE/GAME0 = 7.531  RMSE = 18.455  GAME1 = 8.874  GAME2 = 10.151  GAME3 = 11.084  lr = 1.00e-05  time = 7.7s
[e226 s0001/1030] loss = 0.042092
[e226 s0050/1030] loss = 0.505860
[e226 s0100/1030] loss = 0.783778
[e226 s0150/1030] loss = 0.892962
[e226 s0200/1030] loss = 0.832445
[e226 s0250/1030] loss = 0.742873
[e226 s0300/1030] loss = 0.712700
[e226 s0350/1030] loss = 0.744779
[e226 s0400/1030] loss = 0.753156
[e226 s0450/1030] loss = 0.723476
[e226 s0500/1030] loss = 0.691718
[e226 s0550/1030] loss = 0.687458
[e226 s0600/1030] loss = 0.709252
[e226 s0650/1030] loss = 0.702049
[e226 s0700/1030] loss = 0.690067
[e226 s0750/1030] loss = 0.720496
[e226 s0800/1030] loss = 0.704893
[e226 s0850/1030] loss = 0.706046
[e226 s0900/1030] loss = 0.704154
[e226 s0950/1030] loss = 0.766086
[e226 s1000/1030] loss = 0.773944
Epoch 226: train_loss = 0.787794  MAE/GAME0 = 8.677  RMSE = 14.899  GAME1 = 10.163  GAME2 = 11.848  GAME3 = 12.800  lr = 1.00e-05  time = 7.6s
[e227 s0001/1030] loss = 0.408926
[e227 s0050/1030] loss = 0.631489
[e227 s0100/1030] loss = 0.674723
[e227 s0150/1030] loss = 0.639576
[e227 s0200/1030] loss = 0.641489
[e227 s0250/1030] loss = 0.676244
[e227 s0300/1030] loss = 0.718887
[e227 s0350/1030] loss = 0.790132
[e227 s0400/1030] loss = 0.747870
[e227 s0450/1030] loss = 0.768744
[e227 s0500/1030] loss = 0.753364
[e227 s0550/1030] loss = 0.740027
[e227 s0600/1030] loss = 0.714553
[e227 s0650/1030] loss = 0.753622
[e227 s0700/1030] loss = 0.762029
[e227 s0750/1030] loss = 0.817685
[e227 s0800/1030] loss = 0.814370
[e227 s0850/1030] loss = 0.837595
[e227 s0900/1030] loss = 0.816041
[e227 s0950/1030] loss = 0.822746
[e227 s1000/1030] loss = 0.807295
Epoch 227: train_loss = 0.820407  MAE/GAME0 = 12.617  RMSE = 19.185  GAME1 = 13.437  GAME2 = 14.802  GAME3 = 15.692  lr = 1.00e-05  time = 7.7s
[e228 s0001/1030] loss = 0.483225
[e228 s0050/1030] loss = 0.742143
[e228 s0100/1030] loss = 0.791817
[e228 s0150/1030] loss = 0.666505
[e228 s0200/1030] loss = 0.758777
[e228 s0250/1030] loss = 0.693948
[e228 s0300/1030] loss = 0.666654
[e228 s0350/1030] loss = 0.630220
[e228 s0400/1030] loss = 0.603040
[e228 s0450/1030] loss = 0.659212
[e228 s0500/1030] loss = 0.648947
[e228 s0550/1030] loss = 0.713359
[e228 s0600/1030] loss = 0.726225
[e228 s0650/1030] loss = 0.746420
[e228 s0700/1030] loss = 0.751198
[e228 s0750/1030] loss = 0.853907
[e228 s0800/1030] loss = 0.839806
[e228 s0850/1030] loss = 0.837353
[e228 s0900/1030] loss = 0.834426
[e228 s0950/1030] loss = 0.932852
[e228 s1000/1030] loss = 0.916149
Epoch 228: train_loss = 0.913057  MAE/GAME0 = 7.938  RMSE = 15.687  GAME1 = 9.515  GAME2 = 10.919  GAME3 = 11.933  lr = 1.00e-05  time = 8.2s
[e229 s0001/1030] loss = 0.727669
[e229 s0050/1030] loss = 0.749589
[e229 s0100/1030] loss = 0.782142
[e229 s0150/1030] loss = 0.779820
[e229 s0200/1030] loss = 0.739140
[e229 s0250/1030] loss = 0.756597
[e229 s0300/1030] loss = 0.699436
[e229 s0350/1030] loss = 0.811919
[e229 s0400/1030] loss = 0.824874
[e229 s0450/1030] loss = 0.914058
[e229 s0500/1030] loss = 0.924339
[e229 s0550/1030] loss = 0.915670
[e229 s0600/1030] loss = 0.891146
[e229 s0650/1030] loss = 0.876913
[e229 s0700/1030] loss = 0.851510
[e229 s0750/1030] loss = 0.837587
[e229 s0800/1030] loss = 0.827513
[e229 s0850/1030] loss = 0.816661
[e229 s0900/1030] loss = 0.801750
[e229 s0950/1030] loss = 0.779939
[e229 s1000/1030] loss = 0.821013
Epoch 229: train_loss = 0.816479  MAE/GAME0 = 6.284  RMSE = 10.474  GAME1 = 8.497  GAME2 = 9.911  GAME3 = 10.944  lr = 1.00e-05  time = 7.7s
[e230 s0001/1030] loss = 0.057548
[e230 s0050/1030] loss = 0.541665
[e230 s0100/1030] loss = 0.660458
[e230 s0150/1030] loss = 0.858174
[e230 s0200/1030] loss = 0.788913
[e230 s0250/1030] loss = 0.792316
[e230 s0300/1030] loss = 0.782714
[e230 s0350/1030] loss = 0.786672
[e230 s0400/1030] loss = 0.747506
[e230 s0450/1030] loss = 0.744129
[e230 s0500/1030] loss = 0.719971
[e230 s0550/1030] loss = 0.709300
[e230 s0600/1030] loss = 0.693633
[e230 s0650/1030] loss = 0.700986
[e230 s0700/1030] loss = 0.717811
[e230 s0750/1030] loss = 0.770175
[e230 s0800/1030] loss = 0.757048
[e230 s0850/1030] loss = 0.795591
[e230 s0900/1030] loss = 0.826204
[e230 s0950/1030] loss = 0.809914
[e230 s1000/1030] loss = 0.795995
Epoch 230: train_loss = 0.788143  MAE/GAME0 = 9.223  RMSE = 30.805  GAME1 = 10.827  GAME2 = 12.302  GAME3 = 13.271  lr = 1.00e-05  time = 7.7s
[e231 s0001/1030] loss = 0.107576
[e231 s0050/1030] loss = 0.461461
[e231 s0100/1030] loss = 0.506298
[e231 s0150/1030] loss = 0.499717
[e231 s0200/1030] loss = 0.459363
[e231 s0250/1030] loss = 0.529978
[e231 s0300/1030] loss = 0.645756
[e231 s0350/1030] loss = 0.729416
[e231 s0400/1030] loss = 0.731009
[e231 s0450/1030] loss = 0.711861
[e231 s0500/1030] loss = 0.862477
[e231 s0550/1030] loss = 0.846014
[e231 s0600/1030] loss = 0.820457
[e231 s0650/1030] loss = 0.868398
[e231 s0700/1030] loss = 0.864119
[e231 s0750/1030] loss = 0.883428
[e231 s0800/1030] loss = 0.884611
[e231 s0850/1030] loss = 0.857888
[e231 s0900/1030] loss = 0.860676
[e231 s0950/1030] loss = 0.855708
[e231 s1000/1030] loss = 0.854496
Epoch 231: train_loss = 0.854209  MAE/GAME0 = 7.705  RMSE = 24.611  GAME1 = 9.475  GAME2 = 10.992  GAME3 = 12.027  lr = 1.00e-05  time = 7.8s
[e232 s0001/1030] loss = 0.618560
[e232 s0050/1030] loss = 0.660683
[e232 s0100/1030] loss = 0.547546
[e232 s0150/1030] loss = 0.646506
[e232 s0200/1030] loss = 0.609270
[e232 s0250/1030] loss = 0.619947
[e232 s0300/1030] loss = 0.641287
[e232 s0350/1030] loss = 0.731135
[e232 s0400/1030] loss = 0.712777
[e232 s0450/1030] loss = 0.696584
[e232 s0500/1030] loss = 0.740850
[e232 s0550/1030] loss = 0.716195
[e232 s0600/1030] loss = 0.731640
[e232 s0650/1030] loss = 0.905085
[e232 s0700/1030] loss = 0.889301
[e232 s0750/1030] loss = 0.869348
[e232 s0800/1030] loss = 0.860596
[e232 s0850/1030] loss = 0.881001
[e232 s0900/1030] loss = 0.855565
[e232 s0950/1030] loss = 0.837070
[e232 s1000/1030] loss = 0.821252
Epoch 232: train_loss = 0.811664  MAE/GAME0 = 8.165  RMSE = 21.859  GAME1 = 9.335  GAME2 = 10.527  GAME3 = 11.411  lr = 1.00e-05  time = 7.8s
[e233 s0001/1030] loss = 0.147522
[e233 s0050/1030] loss = 0.562701
[e233 s0100/1030] loss = 0.649196
[e233 s0150/1030] loss = 0.695862
[e233 s0200/1030] loss = 0.643911
[e233 s0250/1030] loss = 0.671343
[e233 s0300/1030] loss = 0.679824
[e233 s0350/1030] loss = 0.665589
[e233 s0400/1030] loss = 0.625092
[e233 s0450/1030] loss = 0.623475
[e233 s0500/1030] loss = 0.609572
[e233 s0550/1030] loss = 0.614160
[e233 s0600/1030] loss = 0.766834
[e233 s0650/1030] loss = 0.756397
[e233 s0700/1030] loss = 0.787881
[e233 s0750/1030] loss = 0.782161
[e233 s0800/1030] loss = 0.762176
[e233 s0850/1030] loss = 0.755720
[e233 s0900/1030] loss = 0.735792
[e233 s0950/1030] loss = 0.735413
[e233 s1000/1030] loss = 0.729058
Epoch 233: train_loss = 0.726194  MAE/GAME0 = 8.179  RMSE = 17.295  GAME1 = 9.673  GAME2 = 11.113  GAME3 = 12.120  lr = 1.00e-05  time = 7.6s
[e234 s0001/1030] loss = 0.058088
[e234 s0050/1030] loss = 0.471869
[e234 s0100/1030] loss = 0.644135
[e234 s0150/1030] loss = 1.134082
[e234 s0200/1030] loss = 1.098304
[e234 s0250/1030] loss = 0.982602
[e234 s0300/1030] loss = 1.002599
[e234 s0350/1030] loss = 0.974960
[e234 s0400/1030] loss = 0.933695
[e234 s0450/1030] loss = 0.913111
[e234 s0500/1030] loss = 0.897499
[e234 s0550/1030] loss = 0.967379
[e234 s0600/1030] loss = 0.933569
[e234 s0650/1030] loss = 0.921240
[e234 s0700/1030] loss = 0.896762
[e234 s0750/1030] loss = 0.909066
[e234 s0800/1030] loss = 0.890224
[e234 s0850/1030] loss = 0.909548
[e234 s0900/1030] loss = 0.890901
[e234 s0950/1030] loss = 0.881391
[e234 s1000/1030] loss = 0.865158
Epoch 234: train_loss = 0.853890  MAE/GAME0 = 8.190  RMSE = 14.717  GAME1 = 9.018  GAME2 = 9.923  GAME3 = 10.630  lr = 1.00e-05  time = 7.7s
[e235 s0001/1030] loss = 0.220522
[e235 s0050/1030] loss = 0.471490
[e235 s0100/1030] loss = 0.655614
[e235 s0150/1030] loss = 0.724262
[e235 s0200/1030] loss = 0.732222
[e235 s0250/1030] loss = 0.739604
[e235 s0300/1030] loss = 0.697741
[e235 s0350/1030] loss = 0.706935
[e235 s0400/1030] loss = 0.694185
[e235 s0450/1030] loss = 0.735504
[e235 s0500/1030] loss = 0.742265
[e235 s0550/1030] loss = 0.741261
[e235 s0600/1030] loss = 0.748949
[e235 s0650/1030] loss = 0.779729
[e235 s0700/1030] loss = 0.791262
[e235 s0750/1030] loss = 0.772576
[e235 s0800/1030] loss = 0.767145
[e235 s0850/1030] loss = 0.758574
[e235 s0900/1030] loss = 0.774104
[e235 s0950/1030] loss = 0.778054
[e235 s1000/1030] loss = 0.786069
Epoch 235: train_loss = 0.791533  MAE/GAME0 = 6.767  RMSE = 14.382  GAME1 = 8.209  GAME2 = 9.577  GAME3 = 10.533  lr = 1.00e-05  time = 7.7s
[e236 s0001/1030] loss = 0.192914
[e236 s0050/1030] loss = 0.536450
[e236 s0100/1030] loss = 0.709301
[e236 s0150/1030] loss = 0.713041
[e236 s0200/1030] loss = 0.621685
[e236 s0250/1030] loss = 0.605238
[e236 s0300/1030] loss = 0.586512
[e236 s0350/1030] loss = 0.573273
[e236 s0400/1030] loss = 0.566758
[e236 s0450/1030] loss = 0.588578
[e236 s0500/1030] loss = 0.588952
[e236 s0550/1030] loss = 0.594368
[e236 s0600/1030] loss = 0.733351
[e236 s0650/1030] loss = 0.761670
[e236 s0700/1030] loss = 0.762786
[e236 s0750/1030] loss = 0.804896
[e236 s0800/1030] loss = 0.796237
[e236 s0850/1030] loss = 0.790445
[e236 s0900/1030] loss = 0.797413
[e236 s0950/1030] loss = 0.776808
[e236 s1000/1030] loss = 0.777839
Epoch 236: train_loss = 0.784789  MAE/GAME0 = 8.777  RMSE = 13.714  GAME1 = 9.548  GAME2 = 10.583  GAME3 = 11.240  lr = 1.00e-05  time = 7.8s
[e237 s0001/1030] loss = 0.344662
[e237 s0050/1030] loss = 3.870019
[e237 s0100/1030] loss = 2.595531
[e237 s0150/1030] loss = 1.933734
[e237 s0200/1030] loss = 1.690037
[e237 s0250/1030] loss = 1.565044
[e237 s0300/1030] loss = 1.391206
[e237 s0350/1030] loss = 1.320401
[e237 s0400/1030] loss = 1.316640
[e237 s0450/1030] loss = 1.226655
[e237 s0500/1030] loss = 1.156276
[e237 s0550/1030] loss = 1.134312
[e237 s0600/1030] loss = 1.083176
[e237 s0650/1030] loss = 1.046314
[e237 s0700/1030] loss = 1.002987
[e237 s0750/1030] loss = 0.988526
[e237 s0800/1030] loss = 0.965427
[e237 s0850/1030] loss = 0.966137
[e237 s0900/1030] loss = 0.941652
[e237 s0950/1030] loss = 0.919495
[e237 s1000/1030] loss = 0.904347
Epoch 237: train_loss = 0.897590  MAE/GAME0 = 8.442  RMSE = 28.435  GAME1 = 9.797  GAME2 = 11.135  GAME3 = 12.109  lr = 1.00e-05  time = 7.7s
[e238 s0001/1030] loss = 0.377349
[e238 s0050/1030] loss = 0.813985
[e238 s0100/1030] loss = 1.336731
[e238 s0150/1030] loss = 1.062389
[e238 s0200/1030] loss = 0.937709
[e238 s0250/1030] loss = 0.891279
[e238 s0300/1030] loss = 0.815540
[e238 s0350/1030] loss = 0.790756
[e238 s0400/1030] loss = 0.835454
[e238 s0450/1030] loss = 0.793204
[e238 s0500/1030] loss = 0.761882
[e238 s0550/1030] loss = 0.757907
[e238 s0600/1030] loss = 0.885228
[e238 s0650/1030] loss = 0.864566
[e238 s0700/1030] loss = 0.853239
[e238 s0750/1030] loss = 0.862991
[e238 s0800/1030] loss = 0.841835
[e238 s0850/1030] loss = 0.813792
[e238 s0900/1030] loss = 0.930193
[e238 s0950/1030] loss = 0.918518
[e238 s1000/1030] loss = 0.916737
Epoch 238: train_loss = 0.908801  MAE/GAME0 = 7.645  RMSE = 18.688  GAME1 = 9.394  GAME2 = 10.803  GAME3 = 11.762  lr = 1.00e-05  time = 7.6s
[e239 s0001/1030] loss = 0.012927
[e239 s0050/1030] loss = 0.415247
[e239 s0100/1030] loss = 0.773948
[e239 s0150/1030] loss = 0.726303
[e239 s0200/1030] loss = 0.757150
[e239 s0250/1030] loss = 0.759487
[e239 s0300/1030] loss = 0.881105
[e239 s0350/1030] loss = 0.934253
[e239 s0400/1030] loss = 0.923444
[e239 s0450/1030] loss = 0.889634
[e239 s0500/1030] loss = 0.841917
[e239 s0550/1030] loss = 0.817742
[e239 s0600/1030] loss = 0.958716
[e239 s0650/1030] loss = 0.952761
[e239 s0700/1030] loss = 0.924897
[e239 s0750/1030] loss = 0.929773
[e239 s0800/1030] loss = 0.912067
[e239 s0850/1030] loss = 0.900188
[e239 s0900/1030] loss = 0.869733
[e239 s0950/1030] loss = 0.894499
[e239 s1000/1030] loss = 0.871790
Epoch 239: train_loss = 0.859355  MAE/GAME0 = 7.154  RMSE = 17.669  GAME1 = 8.463  GAME2 = 9.795  GAME3 = 10.748  lr = 1.00e-05  time = 7.6s
[e240 s0001/1030] loss = 0.594324
[e240 s0050/1030] loss = 0.987610
[e240 s0100/1030] loss = 0.743482
[e240 s0150/1030] loss = 0.650510
[e240 s0200/1030] loss = 0.664495
[e240 s0250/1030] loss = 0.659472
[e240 s0300/1030] loss = 0.652164
[e240 s0350/1030] loss = 0.681750
[e240 s0400/1030] loss = 0.665300
[e240 s0450/1030] loss = 0.662734
[e240 s0500/1030] loss = 0.682906
[e240 s0550/1030] loss = 0.676971
[e240 s0600/1030] loss = 0.755234
[e240 s0650/1030] loss = 0.739127
[e240 s0700/1030] loss = 0.711233
[e240 s0750/1030] loss = 0.690031
[e240 s0800/1030] loss = 0.709558
[e240 s0850/1030] loss = 0.710951
[e240 s0900/1030] loss = 0.716979
[e240 s0950/1030] loss = 0.731654
[e240 s1000/1030] loss = 0.727979
Epoch 240: train_loss = 0.722703  MAE/GAME0 = 6.523  RMSE = 15.004  GAME1 = 8.162  GAME2 = 9.658  GAME3 = 10.628  lr = 1.00e-05  time = 7.7s
[e241 s0001/1030] loss = 1.256575
[e241 s0050/1030] loss = 0.713027
[e241 s0100/1030] loss = 0.539704
[e241 s0150/1030] loss = 0.641438
[e241 s0200/1030] loss = 0.590449
[e241 s0250/1030] loss = 0.618838
[e241 s0300/1030] loss = 0.661842
[e241 s0350/1030] loss = 0.641098
[e241 s0400/1030] loss = 0.752227
[e241 s0450/1030] loss = 0.809828
[e241 s0500/1030] loss = 0.811911
[e241 s0550/1030] loss = 0.800882
[e241 s0600/1030] loss = 0.791297
[e241 s0650/1030] loss = 0.765751
[e241 s0700/1030] loss = 0.745957
[e241 s0750/1030] loss = 0.735087
[e241 s0800/1030] loss = 0.718994
[e241 s0850/1030] loss = 0.730797
[e241 s0900/1030] loss = 0.721768
[e241 s0950/1030] loss = 0.710699
[e241 s1000/1030] loss = 0.701692
Epoch 241: train_loss = 0.728329  MAE/GAME0 = 11.707  RMSE = 17.646  GAME1 = 12.786  GAME2 = 14.234  GAME3 = 15.049  lr = 1.00e-05  time = 7.7s
[e242 s0001/1030] loss = 0.172953
[e242 s0050/1030] loss = 0.900223
[e242 s0100/1030] loss = 1.035356
[e242 s0150/1030] loss = 0.969816
[e242 s0200/1030] loss = 0.954594
[e242 s0250/1030] loss = 0.882562
[e242 s0300/1030] loss = 0.922061
[e242 s0350/1030] loss = 0.899820
[e242 s0400/1030] loss = 0.857450
[e242 s0450/1030] loss = 0.969748
[e242 s0500/1030] loss = 1.024798
[e242 s0550/1030] loss = 1.036667
[e242 s0600/1030] loss = 0.985130
[e242 s0650/1030] loss = 0.958698
[e242 s0700/1030] loss = 0.931733
[e242 s0750/1030] loss = 0.917085
[e242 s0800/1030] loss = 0.885604
[e242 s0850/1030] loss = 0.864320
[e242 s0900/1030] loss = 0.857270
[e242 s0950/1030] loss = 0.848644
[e242 s1000/1030] loss = 0.858282
Epoch 242: train_loss = 0.854677  MAE/GAME0 = 6.836  RMSE = 15.435  GAME1 = 8.130  GAME2 = 9.452  GAME3 = 10.328  lr = 1.00e-05  time = 7.7s
[e243 s0001/1030] loss = 0.193439
[e243 s0050/1030] loss = 0.691396
[e243 s0100/1030] loss = 0.918168
[e243 s0150/1030] loss = 0.873741
[e243 s0200/1030] loss = 0.851528
[e243 s0250/1030] loss = 0.787955
[e243 s0300/1030] loss = 0.832428
[e243 s0350/1030] loss = 0.880931
[e243 s0400/1030] loss = 0.841864
[e243 s0450/1030] loss = 0.798118
[e243 s0500/1030] loss = 0.777207
[e243 s0550/1030] loss = 0.739881
[e243 s0600/1030] loss = 0.756018
[e243 s0650/1030] loss = 0.748575
[e243 s0700/1030] loss = 0.752928
[e243 s0750/1030] loss = 0.759391
[e243 s0800/1030] loss = 0.835580
[e243 s0850/1030] loss = 0.831521
[e243 s0900/1030] loss = 0.819400
[e243 s0950/1030] loss = 0.818576
[e243 s1000/1030] loss = 0.809252
Epoch 243: train_loss = 0.812143  MAE/GAME0 = 6.149  RMSE = 10.356  GAME1 = 7.355  GAME2 = 8.669  GAME3 = 9.800  lr = 1.00e-05  time = 7.7s
[e244 s0001/1030] loss = 0.469081
[e244 s0050/1030] loss = 1.393954
[e244 s0100/1030] loss = 1.150884
[e244 s0150/1030] loss = 1.033908
[e244 s0200/1030] loss = 0.993140
[e244 s0250/1030] loss = 0.919042
[e244 s0300/1030] loss = 0.918652
[e244 s0350/1030] loss = 0.882108
[e244 s0400/1030] loss = 0.842011
[e244 s0450/1030] loss = 0.911237
[e244 s0500/1030] loss = 0.898857
[e244 s0550/1030] loss = 0.914127
[e244 s0600/1030] loss = 0.865440
[e244 s0650/1030] loss = 0.848110
[e244 s0700/1030] loss = 0.834797
[e244 s0750/1030] loss = 0.824613
[e244 s0800/1030] loss = 0.822097
[e244 s0850/1030] loss = 0.808442
[e244 s0900/1030] loss = 0.804984
[e244 s0950/1030] loss = 0.794656
[e244 s1000/1030] loss = 0.784424
Epoch 244: train_loss = 0.771659  MAE/GAME0 = 6.425  RMSE = 11.086  GAME1 = 8.003  GAME2 = 9.508  GAME3 = 10.533  lr = 1.00e-05  time = 7.8s
[e245 s0001/1030] loss = 0.355377
[e245 s0050/1030] loss = 1.040419
[e245 s0100/1030] loss = 0.772097
[e245 s0150/1030] loss = 0.652107
[e245 s0200/1030] loss = 0.831765
[e245 s0250/1030] loss = 0.848633
[e245 s0300/1030] loss = 0.840711
[e245 s0350/1030] loss = 0.849390
[e245 s0400/1030] loss = 0.876897
[e245 s0450/1030] loss = 0.850025
[e245 s0500/1030] loss = 0.816036
[e245 s0550/1030] loss = 0.835045
[e245 s0600/1030] loss = 0.885445
[e245 s0650/1030] loss = 0.902048
[e245 s0700/1030] loss = 0.886425
[e245 s0750/1030] loss = 0.867031
[e245 s0800/1030] loss = 0.853447
[e245 s0850/1030] loss = 0.838641
[e245 s0900/1030] loss = 0.838155
[e245 s0950/1030] loss = 0.824098
[e245 s1000/1030] loss = 0.813170
Epoch 245: train_loss = 0.801974  MAE/GAME0 = 7.568  RMSE = 14.163  GAME1 = 8.975  GAME2 = 10.422  GAME3 = 11.441  lr = 1.00e-05  time = 8.3s
[e246 s0001/1030] loss = 0.337315
[e246 s0050/1030] loss = 0.609105
[e246 s0100/1030] loss = 0.705015
[e246 s0150/1030] loss = 0.594397
[e246 s0200/1030] loss = 0.566706
[e246 s0250/1030] loss = 0.610124
[e246 s0300/1030] loss = 0.592355
[e246 s0350/1030] loss = 0.671470
[e246 s0400/1030] loss = 0.711663
[e246 s0450/1030] loss = 0.718467
[e246 s0500/1030] loss = 0.707245
[e246 s0550/1030] loss = 0.682764
[e246 s0600/1030] loss = 0.681611
[e246 s0650/1030] loss = 0.668109
[e246 s0700/1030] loss = 0.659213
[e246 s0750/1030] loss = 0.660172
[e246 s0800/1030] loss = 0.652519
[e246 s0850/1030] loss = 0.687689
[e246 s0900/1030] loss = 0.700172
[e246 s0950/1030] loss = 0.683828
[e246 s1000/1030] loss = 0.678635
Epoch 246: train_loss = 0.691958  MAE/GAME0 = 16.942  RMSE = 19.529  GAME1 = 17.503  GAME2 = 18.772  GAME3 = 19.593  lr = 1.00e-05  time = 7.7s
[e247 s0001/1030] loss = 0.856915
[e247 s0050/1030] loss = 0.614831
[e247 s0100/1030] loss = 0.613177
[e247 s0150/1030] loss = 0.546527
[e247 s0200/1030] loss = 0.654067
[e247 s0250/1030] loss = 0.685452
[e247 s0300/1030] loss = 0.672207
[e247 s0350/1030] loss = 0.617219
[e247 s0400/1030] loss = 0.646973
[e247 s0450/1030] loss = 0.690009
[e247 s0500/1030] loss = 0.679380
[e247 s0550/1030] loss = 0.662499
[e247 s0600/1030] loss = 0.658894
[e247 s0650/1030] loss = 1.233965
[e247 s0700/1030] loss = 1.212811
[e247 s0750/1030] loss = 1.220320
[e247 s0800/1030] loss = 1.225971
[e247 s0850/1030] loss = 1.187502
[e247 s0900/1030] loss = 1.176134
[e247 s0950/1030] loss = 1.152560
[e247 s1000/1030] loss = 1.117528
Epoch 247: train_loss = 1.103198  MAE/GAME0 = 8.965  RMSE = 32.058  GAME1 = 10.481  GAME2 = 11.993  GAME3 = 12.850  lr = 1.00e-05  time = 7.7s
[e248 s0001/1030] loss = 0.112945
[e248 s0050/1030] loss = 1.009399
[e248 s0100/1030] loss = 2.392559
[e248 s0150/1030] loss = 1.936185
[e248 s0200/1030] loss = 1.613668
[e248 s0250/1030] loss = 1.508526
[e248 s0300/1030] loss = 1.457645
[e248 s0350/1030] loss = 1.329962
[e248 s0400/1030] loss = 1.225688
[e248 s0450/1030] loss = 1.156939
[e248 s0500/1030] loss = 1.118808
[e248 s0550/1030] loss = 1.074628
[e248 s0600/1030] loss = 1.041696
[e248 s0650/1030] loss = 1.012245
[e248 s0700/1030] loss = 0.980332
[e248 s0750/1030] loss = 0.968335
[e248 s0800/1030] loss = 0.946411
[e248 s0850/1030] loss = 0.924938
[e248 s0900/1030] loss = 0.901302
[e248 s0950/1030] loss = 0.890562
[e248 s1000/1030] loss = 0.875668
Epoch 248: train_loss = 0.872650  MAE/GAME0 = 8.544  RMSE = 29.751  GAME1 = 10.122  GAME2 = 11.593  GAME3 = 12.557  lr = 1.00e-05  time = 7.7s
[e249 s0001/1030] loss = 0.353076
[e249 s0050/1030] loss = 0.664205
[e249 s0100/1030] loss = 1.940118
[e249 s0150/1030] loss = 1.489093
[e249 s0200/1030] loss = 1.252089
[e249 s0250/1030] loss = 1.149494
[e249 s0300/1030] loss = 1.035998
[e249 s0350/1030] loss = 0.963979
[e249 s0400/1030] loss = 0.895161
[e249 s0450/1030] loss = 0.848973
[e249 s0500/1030] loss = 0.813716
[e249 s0550/1030] loss = 0.800014
[e249 s0600/1030] loss = 0.761075
[e249 s0650/1030] loss = 0.740108
[e249 s0700/1030] loss = 0.716080
[e249 s0750/1030] loss = 0.770674
[e249 s0800/1030] loss = 0.785131
[e249 s0850/1030] loss = 0.791199
[e249 s0900/1030] loss = 0.776148
[e249 s0950/1030] loss = 0.768064
[e249 s1000/1030] loss = 0.764663
Epoch 249: train_loss = 0.751106  MAE/GAME0 = 8.388  RMSE = 27.021  GAME1 = 10.171  GAME2 = 11.591  GAME3 = 12.500  lr = 1.00e-05  time = 8.5s
[e250 s0001/1030] loss = 0.154045
[e250 s0050/1030] loss = 0.737446
[e250 s0100/1030] loss = 0.575771
[e250 s0150/1030] loss = 0.718377
[e250 s0200/1030] loss = 0.705935
[e250 s0250/1030] loss = 0.677688
[e250 s0300/1030] loss = 0.656067
[e250 s0350/1030] loss = 0.744409
[e250 s0400/1030] loss = 0.808474
[e250 s0450/1030] loss = 0.814836
[e250 s0500/1030] loss = 0.827743
[e250 s0550/1030] loss = 0.801777
[e250 s0600/1030] loss = 0.775899
[e250 s0650/1030] loss = 0.743260
[e250 s0700/1030] loss = 0.714609
[e250 s0750/1030] loss = 0.702549
[e250 s0800/1030] loss = 0.691548
[e250 s0850/1030] loss = 0.963375
[e250 s0900/1030] loss = 0.961735
[e250 s0950/1030] loss = 0.941846
[e250 s1000/1030] loss = 0.954018
Epoch 250: train_loss = 0.946166  MAE/GAME0 = 7.761  RMSE = 19.500  GAME1 = 9.549  GAME2 = 11.109  GAME3 = 12.076  lr = 1.00e-05  time = 7.9s
[e251 s0001/1030] loss = 1.092468
[e251 s0050/1030] loss = 0.535336
[e251 s0100/1030] loss = 0.731540
[e251 s0150/1030] loss = 0.790904
[e251 s0200/1030] loss = 0.743893
[e251 s0250/1030] loss = 0.701120
[e251 s0300/1030] loss = 0.733548
[e251 s0350/1030] loss = 0.756339
[e251 s0400/1030] loss = 0.746372
[e251 s0450/1030] loss = 0.719483
[e251 s0500/1030] loss = 0.701660
[e251 s0550/1030] loss = 0.701381
[e251 s0600/1030] loss = 0.675770
[e251 s0650/1030] loss = 0.664442
[e251 s0700/1030] loss = 0.695172
[e251 s0750/1030] loss = 0.691058
[e251 s0800/1030] loss = 0.673189
[e251 s0850/1030] loss = 0.659360
[e251 s0900/1030] loss = 0.654476
[e251 s0950/1030] loss = 0.682414
[e251 s1000/1030] loss = 0.676894
Epoch 251: train_loss = 0.673237  MAE/GAME0 = 7.478  RMSE = 19.405  GAME1 = 8.798  GAME2 = 10.294  GAME3 = 11.254  lr = 1.00e-05  time = 7.7s
[e252 s0001/1030] loss = 0.095130
[e252 s0050/1030] loss = 0.686942
[e252 s0100/1030] loss = 0.737884
[e252 s0150/1030] loss = 0.638681
[e252 s0200/1030] loss = 0.572380
[e252 s0250/1030] loss = 0.581265
[e252 s0300/1030] loss = 0.572047
[e252 s0350/1030] loss = 0.572280
[e252 s0400/1030] loss = 0.593621
[e252 s0450/1030] loss = 0.710333
[e252 s0500/1030] loss = 0.682039
[e252 s0550/1030] loss = 0.732085
[e252 s0600/1030] loss = 0.730058
[e252 s0650/1030] loss = 0.703446
[e252 s0700/1030] loss = 0.691330
[e252 s0750/1030] loss = 0.718562
[e252 s0800/1030] loss = 0.752637
[e252 s0850/1030] loss = 0.765437
[e252 s0900/1030] loss = 0.768581
[e252 s0950/1030] loss = 0.793782
[e252 s1000/1030] loss = 0.801175
Epoch 252: train_loss = 0.798796  MAE/GAME0 = 7.211  RMSE = 17.720  GAME1 = 8.582  GAME2 = 10.079  GAME3 = 11.037  lr = 1.00e-05  time = 7.7s
[e253 s0001/1030] loss = 0.264659
[e253 s0050/1030] loss = 0.631172
[e253 s0100/1030] loss = 0.740495
[e253 s0150/1030] loss = 0.741042
[e253 s0200/1030] loss = 0.768370
[e253 s0250/1030] loss = 0.706112
[e253 s0300/1030] loss = 0.722723
[e253 s0350/1030] loss = 0.750444
[e253 s0400/1030] loss = 0.720202
[e253 s0450/1030] loss = 0.687863
[e253 s0500/1030] loss = 0.668393
[e253 s0550/1030] loss = 0.672494
[e253 s0600/1030] loss = 0.689715
[e253 s0650/1030] loss = 0.672458
[e253 s0700/1030] loss = 0.669510
[e253 s0750/1030] loss = 0.665553
[e253 s0800/1030] loss = 0.656199
[e253 s0850/1030] loss = 0.636510
[e253 s0900/1030] loss = 0.644357
[e253 s0950/1030] loss = 0.630752
[e253 s1000/1030] loss = 0.624252
Epoch 253: train_loss = 0.659320  MAE/GAME0 = 8.119  RMSE = 18.658  GAME1 = 9.493  GAME2 = 11.047  GAME3 = 12.004  lr = 1.00e-05  time = 7.6s
[e254 s0001/1030] loss = 0.130990
[e254 s0050/1030] loss = 0.531217
[e254 s0100/1030] loss = 0.598591
[e254 s0150/1030] loss = 0.790661
[e254 s0200/1030] loss = 0.736382
[e254 s0250/1030] loss = 0.724990
[e254 s0300/1030] loss = 0.719431
[e254 s0350/1030] loss = 0.675773
[e254 s0400/1030] loss = 0.692438
[e254 s0450/1030] loss = 0.716692
[e254 s0500/1030] loss = 0.698395
[e254 s0550/1030] loss = 0.677979
[e254 s0600/1030] loss = 0.663132
[e254 s0650/1030] loss = 0.644885
[e254 s0700/1030] loss = 0.622362
[e254 s0750/1030] loss = 0.612866
[e254 s0800/1030] loss = 0.598123
[e254 s0850/1030] loss = 0.589164
[e254 s0900/1030] loss = 0.589456
[e254 s0950/1030] loss = 0.588128
[e254 s1000/1030] loss = 0.595790
Epoch 254: train_loss = 0.609600  MAE/GAME0 = 8.674  RMSE = 19.835  GAME1 = 10.115  GAME2 = 11.588  GAME3 = 12.531  lr = 1.00e-05  time = 7.6s
[e255 s0001/1030] loss = 0.163646
[e255 s0050/1030] loss = 0.886722
[e255 s0100/1030] loss = 0.711625
[e255 s0150/1030] loss = 0.722510
[e255 s0200/1030] loss = 0.692675
[e255 s0250/1030] loss = 0.627278
[e255 s0300/1030] loss = 0.663940
[e255 s0350/1030] loss = 0.670744
[e255 s0400/1030] loss = 0.651162
[e255 s0450/1030] loss = 0.630738
[e255 s0500/1030] loss = 0.684090
[e255 s0550/1030] loss = 0.675125
[e255 s0600/1030] loss = 0.660914
[e255 s0650/1030] loss = 0.662665
[e255 s0700/1030] loss = 0.671007
[e255 s0750/1030] loss = 0.673961
[e255 s0800/1030] loss = 0.678648
[e255 s0850/1030] loss = 0.670521
[e255 s0900/1030] loss = 0.679160
[e255 s0950/1030] loss = 0.665326
[e255 s1000/1030] loss = 0.656316
Epoch 255: train_loss = 0.667697  MAE/GAME0 = 7.400  RMSE = 17.216  GAME1 = 9.047  GAME2 = 10.577  GAME3 = 11.471  lr = 1.00e-05  time = 7.6s
[e256 s0001/1030] loss = 0.658364
[e256 s0050/1030] loss = 0.914114
[e256 s0100/1030] loss = 0.801609
[e256 s0150/1030] loss = 0.644105
[e256 s0200/1030] loss = 0.671602
[e256 s0250/1030] loss = 0.599245
[e256 s0300/1030] loss = 0.602048
[e256 s0350/1030] loss = 0.586623
[e256 s0400/1030] loss = 0.615648
[e256 s0450/1030] loss = 0.674631
[e256 s0500/1030] loss = 0.659444
[e256 s0550/1030] loss = 0.645314
[e256 s0600/1030] loss = 0.754538
[e256 s0650/1030] loss = 0.731334
[e256 s0700/1030] loss = 0.714248
[e256 s0750/1030] loss = 0.733302
[e256 s0800/1030] loss = 0.732073
[e256 s0850/1030] loss = 0.726190
[e256 s0900/1030] loss = 0.743221
[e256 s0950/1030] loss = 0.732961
[e256 s1000/1030] loss = 0.726746
Epoch 256: train_loss = 0.737075  MAE/GAME0 = 8.580  RMSE = 18.255  GAME1 = 9.743  GAME2 = 11.276  GAME3 = 12.228  lr = 1.00e-05  time = 7.6s
[e257 s0001/1030] loss = 0.256169
[e257 s0050/1030] loss = 0.471022
[e257 s0100/1030] loss = 0.528299
[e257 s0150/1030] loss = 0.630641
[e257 s0200/1030] loss = 0.626736
[e257 s0250/1030] loss = 0.712637
[e257 s0300/1030] loss = 0.700410
[e257 s0350/1030] loss = 0.809253
[e257 s0400/1030] loss = 0.770720
[e257 s0450/1030] loss = 0.732411
[e257 s0500/1030] loss = 0.754496
[e257 s0550/1030] loss = 0.748799
[e257 s0600/1030] loss = 0.736209
[e257 s0650/1030] loss = 0.735186
[e257 s0700/1030] loss = 0.732618
[e257 s0750/1030] loss = 0.705173
[e257 s0800/1030] loss = 0.698399
[e257 s0850/1030] loss = 0.692508
[e257 s0900/1030] loss = 0.672963
[e257 s0950/1030] loss = 0.680915
[e257 s1000/1030] loss = 0.669269
Epoch 257: train_loss = 0.662139  MAE/GAME0 = 6.369  RMSE = 10.697  GAME1 = 7.482  GAME2 = 8.821  GAME3 = 9.828  lr = 1.00e-05  time = 7.9s
[e258 s0001/1030] loss = 0.111562
[e258 s0050/1030] loss = 0.722880
[e258 s0100/1030] loss = 0.797033
[e258 s0150/1030] loss = 0.671306
[e258 s0200/1030] loss = 0.715318
[e258 s0250/1030] loss = 0.684625
[e258 s0300/1030] loss = 0.681918
[e258 s0350/1030] loss = 0.686965
[e258 s0400/1030] loss = 0.682824
[e258 s0450/1030] loss = 0.709663
[e258 s0500/1030] loss = 0.696835
[e258 s0550/1030] loss = 0.711482
[e258 s0600/1030] loss = 0.714728
[e258 s0650/1030] loss = 0.692031
[e258 s0700/1030] loss = 0.891788
[e258 s0750/1030] loss = 0.868968
[e258 s0800/1030] loss = 0.861485
[e258 s0850/1030] loss = 0.840664
[e258 s0900/1030] loss = 0.836958
[e258 s0950/1030] loss = 0.829358
[e258 s1000/1030] loss = 0.824403
Epoch 258: train_loss = 0.817834  MAE/GAME0 = 8.892  RMSE = 27.119  GAME1 = 10.479  GAME2 = 12.060  GAME3 = 12.949  lr = 1.00e-05  time = 7.8s
[e259 s0001/1030] loss = 0.596275
[e259 s0050/1030] loss = 0.611527
[e259 s0100/1030] loss = 0.546253
[e259 s0150/1030] loss = 0.521631
[e259 s0200/1030] loss = 0.556754
[e259 s0250/1030] loss = 0.571026
[e259 s0300/1030] loss = 0.604429
[e259 s0350/1030] loss = 0.614529
[e259 s0400/1030] loss = 0.611861
[e259 s0450/1030] loss = 0.664068
[e259 s0500/1030] loss = 0.638380
[e259 s0550/1030] loss = 1.143921
[e259 s0600/1030] loss = 1.154784
[e259 s0650/1030] loss = 1.161780
[e259 s0700/1030] loss = 1.121815
[e259 s0750/1030] loss = 1.089868
[e259 s0800/1030] loss = 1.053333
[e259 s0850/1030] loss = 1.023282
[e259 s0900/1030] loss = 1.008142
[e259 s0950/1030] loss = 0.987981
[e259 s1000/1030] loss = 0.964778
Epoch 259: train_loss = 0.958796  MAE/GAME0 = 7.813  RMSE = 20.691  GAME1 = 9.227  GAME2 = 10.655  GAME3 = 11.555  lr = 1.00e-05  time = 7.8s
[e260 s0001/1030] loss = 0.135284
[e260 s0050/1030] loss = 0.560596
[e260 s0100/1030] loss = 0.525825
[e260 s0150/1030] loss = 0.579693
[e260 s0200/1030] loss = 0.761675
[e260 s0250/1030] loss = 0.759367
[e260 s0300/1030] loss = 0.718305
[e260 s0350/1030] loss = 0.689696
[e260 s0400/1030] loss = 0.692642
[e260 s0450/1030] loss = 0.691422
[e260 s0500/1030] loss = 0.677042
[e260 s0550/1030] loss = 0.658824
[e260 s0600/1030] loss = 0.653297
[e260 s0650/1030] loss = 0.671605
[e260 s0700/1030] loss = 0.656530
[e260 s0750/1030] loss = 0.652106
[e260 s0800/1030] loss = 0.715332
[e260 s0850/1030] loss = 0.696174
[e260 s0900/1030] loss = 0.685142
[e260 s0950/1030] loss = 0.686012
[e260 s1000/1030] loss = 0.678338
Epoch 260: train_loss = 0.728138  MAE/GAME0 = 12.463  RMSE = 21.861  GAME1 = 13.372  GAME2 = 14.567  GAME3 = 15.431  lr = 1.00e-05  time = 7.6s
[e261 s0001/1030] loss = 1.585618
[e261 s0050/1030] loss = 1.071234
[e261 s0100/1030] loss = 0.851612
[e261 s0150/1030] loss = 0.743838
[e261 s0200/1030] loss = 1.206905
[e261 s0250/1030] loss = 1.184030
[e261 s0300/1030] loss = 1.051939
[e261 s0350/1030] loss = 0.974216
[e261 s0400/1030] loss = 0.931595
[e261 s0450/1030] loss = 0.903548
[e261 s0500/1030] loss = 0.876449
[e261 s0550/1030] loss = 0.844414
[e261 s0600/1030] loss = 0.822027
[e261 s0650/1030] loss = 0.797663
[e261 s0700/1030] loss = 0.780390
[e261 s0750/1030] loss = 0.753441
[e261 s0800/1030] loss = 0.742471
[e261 s0850/1030] loss = 0.722463
[e261 s0900/1030] loss = 0.726824
[e261 s0950/1030] loss = 0.718554
[e261 s1000/1030] loss = 0.771848
Epoch 261: train_loss = 0.763168  MAE/GAME0 = 9.451  RMSE = 18.889  GAME1 = 9.995  GAME2 = 10.657  GAME3 = 11.190  lr = 1.00e-05  time = 7.7s
[e262 s0001/1030] loss = 1.451323
[e262 s0050/1030] loss = 0.545159
[e262 s0100/1030] loss = 0.445285
[e262 s0150/1030] loss = 0.507326
[e262 s0200/1030] loss = 0.614815
[e262 s0250/1030] loss = 0.598818
[e262 s0300/1030] loss = 0.616715
[e262 s0350/1030] loss = 0.614603
[e262 s0400/1030] loss = 0.611308
[e262 s0450/1030] loss = 0.761698
[e262 s0500/1030] loss = 0.724281
[e262 s0550/1030] loss = 0.705214
[e262 s0600/1030] loss = 0.713673
[e262 s0650/1030] loss = 0.740403
[e262 s0700/1030] loss = 0.815532
[e262 s0750/1030] loss = 0.798525
[e262 s0800/1030] loss = 0.784201
[e262 s0850/1030] loss = 0.761250
[e262 s0900/1030] loss = 0.755624
[e262 s0950/1030] loss = 0.835819
[e262 s1000/1030] loss = 0.823824
Epoch 262: train_loss = 0.813322  MAE/GAME0 = 8.586  RMSE = 19.129  GAME1 = 10.004  GAME2 = 11.317  GAME3 = 12.208  lr = 1.00e-05  time = 7.7s
[e263 s0001/1030] loss = 2.656052
[e263 s0050/1030] loss = 0.839075
[e263 s0100/1030] loss = 0.923509
[e263 s0150/1030] loss = 0.812497
[e263 s0200/1030] loss = 0.760911
[e263 s0250/1030] loss = 0.742838
[e263 s0300/1030] loss = 0.798525
[e263 s0350/1030] loss = 0.777633
[e263 s0400/1030] loss = 0.849254
[e263 s0450/1030] loss = 0.820221
[e263 s0500/1030] loss = 0.779866
[e263 s0550/1030] loss = 0.751902
[e263 s0600/1030] loss = 0.749123
[e263 s0650/1030] loss = 0.732391
[e263 s0700/1030] loss = 0.721287
[e263 s0750/1030] loss = 0.720952
[e263 s0800/1030] loss = 0.704293
[e263 s0850/1030] loss = 0.697237
[e263 s0900/1030] loss = 0.681498
[e263 s0950/1030] loss = 0.675788
[e263 s1000/1030] loss = 0.675792
Epoch 263: train_loss = 0.671205  MAE/GAME0 = 6.936  RMSE = 14.246  GAME1 = 8.685  GAME2 = 10.109  GAME3 = 10.982  lr = 1.00e-05  time = 7.7s
[e264 s0001/1030] loss = 0.040335
[e264 s0050/1030] loss = 0.832645
[e264 s0100/1030] loss = 0.691118
[e264 s0150/1030] loss = 0.676744
[e264 s0200/1030] loss = 0.639795
[e264 s0250/1030] loss = 0.676906
[e264 s0300/1030] loss = 0.638454
[e264 s0350/1030] loss = 0.671924
[e264 s0400/1030] loss = 0.665200
[e264 s0450/1030] loss = 0.681583
[e264 s0500/1030] loss = 0.697299
[e264 s0550/1030] loss = 0.706600
[e264 s0600/1030] loss = 0.699905
[e264 s0650/1030] loss = 0.680550
[e264 s0700/1030] loss = 0.682736
[e264 s0750/1030] loss = 0.721435
[e264 s0800/1030] loss = 0.713733
[e264 s0850/1030] loss = 0.705899
[e264 s0900/1030] loss = 0.694242
[e264 s0950/1030] loss = 0.690530
[e264 s1000/1030] loss = 0.687761
Epoch 264: train_loss = 0.683966  MAE/GAME0 = 7.025  RMSE = 15.427  GAME1 = 8.492  GAME2 = 9.920  GAME3 = 10.940  lr = 1.00e-05  time = 7.7s
[e265 s0001/1030] loss = 0.730436
[e265 s0050/1030] loss = 0.867685
[e265 s0100/1030] loss = 0.694043
[e265 s0150/1030] loss = 0.646696
[e265 s0200/1030] loss = 0.661962
[e265 s0250/1030] loss = 0.629586
[e265 s0300/1030] loss = 0.651129
[e265 s0350/1030] loss = 0.597566
[e265 s0400/1030] loss = 0.598542
[e265 s0450/1030] loss = 0.580730
[e265 s0500/1030] loss = 0.557480
[e265 s0550/1030] loss = 0.594445
[e265 s0600/1030] loss = 0.598720
[e265 s0650/1030] loss = 0.632075
[e265 s0700/1030] loss = 0.619248
[e265 s0750/1030] loss = 0.608490
[e265 s0800/1030] loss = 0.597016
[e265 s0850/1030] loss = 0.581913
[e265 s0900/1030] loss = 0.579496
[e265 s0950/1030] loss = 0.584403
[e265 s1000/1030] loss = 0.604452
Epoch 265: train_loss = 0.599984  MAE/GAME0 = 7.508  RMSE = 17.696  GAME1 = 8.566  GAME2 = 9.673  GAME3 = 10.428  lr = 1.00e-05  time = 7.7s
[e266 s0001/1030] loss = 0.212687
[e266 s0050/1030] loss = 0.247536
[e266 s0100/1030] loss = 0.394861
[e266 s0150/1030] loss = 0.604728
[e266 s0200/1030] loss = 0.528647
[e266 s0250/1030] loss = 0.528943
[e266 s0300/1030] loss = 0.543577
[e266 s0350/1030] loss = 0.563715
[e266 s0400/1030] loss = 0.602564
[e266 s0450/1030] loss = 0.600385
[e266 s0500/1030] loss = 0.601271
[e266 s0550/1030] loss = 0.581190
[e266 s0600/1030] loss = 0.572236
[e266 s0650/1030] loss = 0.572009
[e266 s0700/1030] loss = 0.577020
[e266 s0750/1030] loss = 0.640985
[e266 s0800/1030] loss = 0.629119
[e266 s0850/1030] loss = 0.653485
[e266 s0900/1030] loss = 0.662188
[e266 s0950/1030] loss = 0.687335
[e266 s1000/1030] loss = 0.692373
Epoch 266: train_loss = 0.685369  MAE/GAME0 = 7.278  RMSE = 16.908  GAME1 = 8.536  GAME2 = 9.711  GAME3 = 10.577  lr = 1.00e-05  time = 7.7s
[e267 s0001/1030] loss = 1.789226
[e267 s0050/1030] loss = 0.564582
[e267 s0100/1030] loss = 0.755156
[e267 s0150/1030] loss = 0.728317
[e267 s0200/1030] loss = 0.652226
[e267 s0250/1030] loss = 0.621555
[e267 s0300/1030] loss = 0.601047
[e267 s0350/1030] loss = 0.606245
[e267 s0400/1030] loss = 0.581215
[e267 s0450/1030] loss = 0.558654
[e267 s0500/1030] loss = 0.583647
[e267 s0550/1030] loss = 0.564344
[e267 s0600/1030] loss = 0.583574
[e267 s0650/1030] loss = 0.569906
[e267 s0700/1030] loss = 0.564355
[e267 s0750/1030] loss = 0.557951
[e267 s0800/1030] loss = 0.569547
[e267 s0850/1030] loss = 0.575718
[e267 s0900/1030] loss = 0.577028
[e267 s0950/1030] loss = 0.587405
[e267 s1000/1030] loss = 0.594137
Epoch 267: train_loss = 0.590695  MAE/GAME0 = 7.448  RMSE = 17.178  GAME1 = 8.749  GAME2 = 10.204  GAME3 = 11.091  lr = 1.00e-05  time = 7.7s
[e268 s0001/1030] loss = 0.663430
[e268 s0050/1030] loss = 0.667370
[e268 s0100/1030] loss = 0.730256
[e268 s0150/1030] loss = 0.691368
[e268 s0200/1030] loss = 0.628250
[e268 s0250/1030] loss = 0.568964
[e268 s0300/1030] loss = 0.562827
[e268 s0350/1030] loss = 0.667739
[e268 s0400/1030] loss = 0.651030
[e268 s0450/1030] loss = 0.645003
[e268 s0500/1030] loss = 0.632225
[e268 s0550/1030] loss = 0.615478
[e268 s0600/1030] loss = 0.618925
[e268 s0650/1030] loss = 0.620537
[e268 s0700/1030] loss = 0.605281
[e268 s0750/1030] loss = 0.600989
[e268 s0800/1030] loss = 0.658647
[e268 s0850/1030] loss = 0.699001
[e268 s0900/1030] loss = 0.696300
[e268 s0950/1030] loss = 0.683210
[e268 s1000/1030] loss = 0.678418
Epoch 268: train_loss = 0.683041  MAE/GAME0 = 10.010  RMSE = 14.978  GAME1 = 11.208  GAME2 = 12.500  GAME3 = 13.388  lr = 1.00e-05  time = 7.6s
[e269 s0001/1030] loss = 0.048882
[e269 s0050/1030] loss = 0.896853
[e269 s0100/1030] loss = 0.685530
[e269 s0150/1030] loss = 0.956084
[e269 s0200/1030] loss = 1.348681
[e269 s0250/1030] loss = 1.376415
[e269 s0300/1030] loss = 1.616555
[e269 s0350/1030] loss = 1.478204
[e269 s0400/1030] loss = 1.347634
[e269 s0450/1030] loss = 1.241064
[e269 s0500/1030] loss = 1.206129
[e269 s0550/1030] loss = 1.149320
[e269 s0600/1030] loss = 1.095881
[e269 s0650/1030] loss = 1.146665
[e269 s0700/1030] loss = 1.103995
[e269 s0750/1030] loss = 1.069867
[e269 s0800/1030] loss = 1.035837
[e269 s0850/1030] loss = 1.007354
[e269 s0900/1030] loss = 0.983796
[e269 s0950/1030] loss = 0.953268
[e269 s1000/1030] loss = 0.947319
Epoch 269: train_loss = 0.931736  MAE/GAME0 = 6.476  RMSE = 12.989  GAME1 = 8.001  GAME2 = 9.429  GAME3 = 10.371  lr = 1.00e-05  time = 7.7s
[e270 s0001/1030] loss = 0.182405
[e270 s0050/1030] loss = 0.511405
[e270 s0100/1030] loss = 0.447190
[e270 s0150/1030] loss = 0.454210
[e270 s0200/1030] loss = 0.554233
[e270 s0250/1030] loss = 0.628088
[e270 s0300/1030] loss = 0.632419
[e270 s0350/1030] loss = 0.635274
[e270 s0400/1030] loss = 0.628340
[e270 s0450/1030] loss = 0.634959
[e270 s0500/1030] loss = 0.634094
[e270 s0550/1030] loss = 0.631294
[e270 s0600/1030] loss = 0.626549
[e270 s0650/1030] loss = 0.626109
[e270 s0700/1030] loss = 0.614085
[e270 s0750/1030] loss = 0.609817
[e270 s0800/1030] loss = 0.601649
[e270 s0850/1030] loss = 0.607190
[e270 s0900/1030] loss = 0.608021
[e270 s0950/1030] loss = 0.611850
[e270 s1000/1030] loss = 0.681555
Epoch 270: train_loss = 0.670168  MAE/GAME0 = 5.795  RMSE = 9.701  GAME1 = 7.373  GAME2 = 8.886  GAME3 = 9.867  lr = 1.00e-05  time = 7.7s
[e271 s0001/1030] loss = 0.921718
[e271 s0050/1030] loss = 0.550385
[e271 s0100/1030] loss = 0.567414
[e271 s0150/1030] loss = 1.264988
[e271 s0200/1030] loss = 1.189123
[e271 s0250/1030] loss = 1.089153
[e271 s0300/1030] loss = 1.005424
[e271 s0350/1030] loss = 0.941658
[e271 s0400/1030] loss = 0.877656
[e271 s0450/1030] loss = 0.870132
[e271 s0500/1030] loss = 0.849158
[e271 s0550/1030] loss = 0.873099
[e271 s0600/1030] loss = 0.864449
[e271 s0650/1030] loss = 0.862462
[e271 s0700/1030] loss = 0.861950
[e271 s0750/1030] loss = 0.829205
[e271 s0800/1030] loss = 0.813614
[e271 s0850/1030] loss = 0.783901
[e271 s0900/1030] loss = 0.773578
[e271 s0950/1030] loss = 0.754939
[e271 s1000/1030] loss = 0.746299
Epoch 271: train_loss = 0.740729  MAE/GAME0 = 7.073  RMSE = 17.983  GAME1 = 8.726  GAME2 = 10.157  GAME3 = 11.061  lr = 1.00e-05  time = 11.3s
[e272 s0001/1030] loss = 0.331496
[e272 s0050/1030] loss = 0.339976
[e272 s0100/1030] loss = 0.479704
[e272 s0150/1030] loss = 0.549041
[e272 s0200/1030] loss = 0.529322
[e272 s0250/1030] loss = 0.584928
[e272 s0300/1030] loss = 0.633303
[e272 s0350/1030] loss = 0.637233
[e272 s0400/1030] loss = 0.632046
[e272 s0450/1030] loss = 0.633096
[e272 s0500/1030] loss = 0.637908
[e272 s0550/1030] loss = 0.611351
[e272 s0600/1030] loss = 0.613654
[e272 s0650/1030] loss = 0.602227
[e272 s0700/1030] loss = 0.591298
[e272 s0750/1030] loss = 0.600048
[e272 s0800/1030] loss = 0.587733
[e272 s0850/1030] loss = 0.583539
[e272 s0900/1030] loss = 0.582850
[e272 s0950/1030] loss = 0.585421
[e272 s1000/1030] loss = 0.612928
Epoch 272: train_loss = 0.620617  MAE/GAME0 = 7.048  RMSE = 16.391  GAME1 = 8.856  GAME2 = 10.624  GAME3 = 11.767  lr = 1.00e-05  time = 8.0s
[e273 s0001/1030] loss = 0.279307
[e273 s0050/1030] loss = 0.716928
[e273 s0100/1030] loss = 0.660724
[e273 s0150/1030] loss = 0.618265
[e273 s0200/1030] loss = 0.587078
[e273 s0250/1030] loss = 0.620841
[e273 s0300/1030] loss = 0.650347
[e273 s0350/1030] loss = 0.645178
[e273 s0400/1030] loss = 0.637794
[e273 s0450/1030] loss = 0.618984
[e273 s0500/1030] loss = 0.627790
[e273 s0550/1030] loss = 0.622566
[e273 s0600/1030] loss = 0.611786
[e273 s0650/1030] loss = 0.726700
[e273 s0700/1030] loss = 0.727125
[e273 s0750/1030] loss = 0.714566
[e273 s0800/1030] loss = 0.698346
[e273 s0850/1030] loss = 0.735760
[e273 s0900/1030] loss = 0.736960
[e273 s0950/1030] loss = 0.735001
[e273 s1000/1030] loss = 0.719916
Epoch 273: train_loss = 0.712097  MAE/GAME0 = 6.593  RMSE = 14.768  GAME1 = 8.374  GAME2 = 9.772  GAME3 = 10.658  lr = 1.00e-05  time = 7.6s
[e274 s0001/1030] loss = 0.383103
[e274 s0050/1030] loss = 0.480313
[e274 s0100/1030] loss = 0.461828
[e274 s0150/1030] loss = 0.505352
[e274 s0200/1030] loss = 0.516969
[e274 s0250/1030] loss = 0.485771
[e274 s0300/1030] loss = 0.521260
[e274 s0350/1030] loss = 0.528492
[e274 s0400/1030] loss = 0.520952
[e274 s0450/1030] loss = 0.756983
[e274 s0500/1030] loss = 0.755038
[e274 s0550/1030] loss = 0.729574
[e274 s0600/1030] loss = 0.725071
[e274 s0650/1030] loss = 0.712293
[e274 s0700/1030] loss = 0.715362
[e274 s0750/1030] loss = 0.693871
[e274 s0800/1030] loss = 0.694703
[e274 s0850/1030] loss = 0.708980
[e274 s0900/1030] loss = 0.699536
[e274 s0950/1030] loss = 0.697135
[e274 s1000/1030] loss = 0.724217
Epoch 274: train_loss = 0.725465  MAE/GAME0 = 6.500  RMSE = 12.840  GAME1 = 7.659  GAME2 = 8.937  GAME3 = 9.805  lr = 1.00e-05  time = 7.7s
[e275 s0001/1030] loss = 0.077768
[e275 s0050/1030] loss = 0.582320
[e275 s0100/1030] loss = 0.557663
[e275 s0150/1030] loss = 0.592012
[e275 s0200/1030] loss = 0.656672
[e275 s0250/1030] loss = 0.656111
[e275 s0300/1030] loss = 0.604130
[e275 s0350/1030] loss = 0.602195
[e275 s0400/1030] loss = 0.592939
[e275 s0450/1030] loss = 0.592209
[e275 s0500/1030] loss = 0.576430
[e275 s0550/1030] loss = 0.585723
[e275 s0600/1030] loss = 0.581457
[e275 s0650/1030] loss = 0.558038
[e275 s0700/1030] loss = 0.551534
[e275 s0750/1030] loss = 0.545782
[e275 s0800/1030] loss = 0.557467
[e275 s0850/1030] loss = 0.545464
[e275 s0900/1030] loss = 0.551432
[e275 s0950/1030] loss = 0.554470
[e275 s1000/1030] loss = 0.549149
Epoch 275: train_loss = 0.552501  MAE/GAME0 = 8.370  RMSE = 15.432  GAME1 = 9.633  GAME2 = 11.178  GAME3 = 12.014  lr = 1.00e-05  time = 7.7s
[e276 s0001/1030] loss = 0.060712
[e276 s0050/1030] loss = 0.648688
[e276 s0100/1030] loss = 0.619165
[e276 s0150/1030] loss = 0.685315
[e276 s0200/1030] loss = 0.639756
[e276 s0250/1030] loss = 0.601872
[e276 s0300/1030] loss = 0.580669
[e276 s0350/1030] loss = 0.582916
[e276 s0400/1030] loss = 0.566085
[e276 s0450/1030] loss = 0.574132
[e276 s0500/1030] loss = 0.576588
[e276 s0550/1030] loss = 0.559752
[e276 s0600/1030] loss = 0.557000
[e276 s0650/1030] loss = 0.551130
[e276 s0700/1030] loss = 0.544953
[e276 s0750/1030] loss = 0.538832
[e276 s0800/1030] loss = 0.538521
[e276 s0850/1030] loss = 0.547587
[e276 s0900/1030] loss = 0.547341
[e276 s0950/1030] loss = 0.578506
[e276 s1000/1030] loss = 0.583596
Epoch 276: train_loss = 0.578853  MAE/GAME0 = 6.970  RMSE = 16.854  GAME1 = 8.370  GAME2 = 9.678  GAME3 = 10.579  lr = 1.00e-05  time = 7.5s
[e277 s0001/1030] loss = 0.167436
[e277 s0050/1030] loss = 0.328108
[e277 s0100/1030] loss = 0.397783
[e277 s0150/1030] loss = 0.401870
[e277 s0200/1030] loss = 0.486726
[e277 s0250/1030] loss = 0.493721
[e277 s0300/1030] loss = 0.598730
[e277 s0350/1030] loss = 0.609684
[e277 s0400/1030] loss = 0.583726
[e277 s0450/1030] loss = 0.610329
[e277 s0500/1030] loss = 0.749335
[e277 s0550/1030] loss = 0.746290
[e277 s0600/1030] loss = 0.748152
[e277 s0650/1030] loss = 0.725874
[e277 s0700/1030] loss = 0.707718
[e277 s0750/1030] loss = 0.752614
[e277 s0800/1030] loss = 0.765915
[e277 s0850/1030] loss = 0.762105
[e277 s0900/1030] loss = 0.758532
[e277 s0950/1030] loss = 0.758189
[e277 s1000/1030] loss = 0.778748
Epoch 277: train_loss = 0.781933  MAE/GAME0 = 8.164  RMSE = 16.419  GAME1 = 9.535  GAME2 = 10.858  GAME3 = 11.752  lr = 1.00e-05  time = 7.7s
[e278 s0001/1030] loss = 0.393485
[e278 s0050/1030] loss = 0.580948
[e278 s0100/1030] loss = 0.705567
[e278 s0150/1030] loss = 0.668466
[e278 s0200/1030] loss = 0.658569
[e278 s0250/1030] loss = 0.835750
[e278 s0300/1030] loss = 1.060721
[e278 s0350/1030] loss = 1.034428
[e278 s0400/1030] loss = 1.042583
[e278 s0450/1030] loss = 0.983578
[e278 s0500/1030] loss = 0.958416
[e278 s0550/1030] loss = 0.950238
[e278 s0600/1030] loss = 0.912384
[e278 s0650/1030] loss = 0.872933
[e278 s0700/1030] loss = 0.852594
[e278 s0750/1030] loss = 0.838090
[e278 s0800/1030] loss = 0.853381
[e278 s0850/1030] loss = 0.826606
[e278 s0900/1030] loss = 0.814173
[e278 s0950/1030] loss = 0.795157
[e278 s1000/1030] loss = 0.792954
Epoch 278: train_loss = 0.811641  MAE/GAME0 = 10.154  RMSE = 17.619  GAME1 = 11.082  GAME2 = 12.459  GAME3 = 13.452  lr = 1.00e-05  time = 7.6s
[e279 s0001/1030] loss = 0.206382
[e279 s0050/1030] loss = 0.761468
[e279 s0100/1030] loss = 0.581708
[e279 s0150/1030] loss = 0.790416
[e279 s0200/1030] loss = 0.706534
[e279 s0250/1030] loss = 0.703225
[e279 s0300/1030] loss = 0.684335
[e279 s0350/1030] loss = 0.646347
[e279 s0400/1030] loss = 0.666562
[e279 s0450/1030] loss = 0.683264
[e279 s0500/1030] loss = 0.772663
[e279 s0550/1030] loss = 0.757280
[e279 s0600/1030] loss = 0.721258
[e279 s0650/1030] loss = 0.707717
[e279 s0700/1030] loss = 0.719110
[e279 s0750/1030] loss = 0.712056
[e279 s0800/1030] loss = 0.688953
[e279 s0850/1030] loss = 0.688922
[e279 s0900/1030] loss = 0.689742
[e279 s0950/1030] loss = 0.672061
[e279 s1000/1030] loss = 0.663880
Epoch 279: train_loss = 0.661166  MAE/GAME0 = 7.245  RMSE = 15.841  GAME1 = 8.191  GAME2 = 9.300  GAME3 = 10.135  lr = 1.00e-05  time = 7.8s
[e280 s0001/1030] loss = 0.014577
[e280 s0050/1030] loss = 0.469446
[e280 s0100/1030] loss = 0.426522
[e280 s0150/1030] loss = 0.655531
[e280 s0200/1030] loss = 0.666532
[e280 s0250/1030] loss = 0.610986
[e280 s0300/1030] loss = 0.575697
[e280 s0350/1030] loss = 0.575416
[e280 s0400/1030] loss = 0.569194
[e280 s0450/1030] loss = 0.571724
[e280 s0500/1030] loss = 0.556656
[e280 s0550/1030] loss = 0.560875
[e280 s0600/1030] loss = 0.613528
[e280 s0650/1030] loss = 0.596518
[e280 s0700/1030] loss = 0.598670
[e280 s0750/1030] loss = 0.610577
[e280 s0800/1030] loss = 0.611241
[e280 s0850/1030] loss = 0.602560
[e280 s0900/1030] loss = 0.636963
[e280 s0950/1030] loss = 0.640274
[e280 s1000/1030] loss = 0.641091
Epoch 280: train_loss = 0.637361  MAE/GAME0 = 6.190  RMSE = 13.180  GAME1 = 7.606  GAME2 = 9.051  GAME3 = 9.960  lr = 1.00e-05  time = 7.6s
[e281 s0001/1030] loss = 0.332465
[e281 s0050/1030] loss = 0.476835
[e281 s0100/1030] loss = 0.574910
[e281 s0150/1030] loss = 0.733695
[e281 s0200/1030] loss = 0.678543
[e281 s0250/1030] loss = 0.690684
[e281 s0300/1030] loss = 0.668961
[e281 s0350/1030] loss = 0.682293
[e281 s0400/1030] loss = 0.722688
[e281 s0450/1030] loss = 0.688248
[e281 s0500/1030] loss = 0.678242
[e281 s0550/1030] loss = 0.744859
[e281 s0600/1030] loss = 0.853481
[e281 s0650/1030] loss = 0.854229
[e281 s0700/1030] loss = 0.818358
[e281 s0750/1030] loss = 0.814204
[e281 s0800/1030] loss = 0.797605
[e281 s0850/1030] loss = 0.781704
[e281 s0900/1030] loss = 0.768346
[e281 s0950/1030] loss = 0.790871
[e281 s1000/1030] loss = 0.773797
Epoch 281: train_loss = 0.765284  MAE/GAME0 = 6.598  RMSE = 11.807  GAME1 = 8.197  GAME2 = 9.618  GAME3 = 10.497  lr = 1.00e-05  time = 7.7s
[e282 s0001/1030] loss = 0.118059
[e282 s0050/1030] loss = 0.487731
[e282 s0100/1030] loss = 0.479834
[e282 s0150/1030] loss = 0.568696
[e282 s0200/1030] loss = 0.611836
[e282 s0250/1030] loss = 0.605270
[e282 s0300/1030] loss = 0.594967
[e282 s0350/1030] loss = 0.622714
[e282 s0400/1030] loss = 0.601110
[e282 s0450/1030] loss = 0.679520
[e282 s0500/1030] loss = 0.662087
[e282 s0550/1030] loss = 0.652193
[e282 s0600/1030] loss = 0.640350
[e282 s0650/1030] loss = 0.629994
[e282 s0700/1030] loss = 0.617987
[e282 s0750/1030] loss = 0.622093
[e282 s0800/1030] loss = 0.619648
[e282 s0850/1030] loss = 0.617810
[e282 s0900/1030] loss = 0.603269
[e282 s0950/1030] loss = 0.600068
[e282 s1000/1030] loss = 0.592629
Epoch 282: train_loss = 0.588924  MAE/GAME0 = 6.899  RMSE = 16.438  GAME1 = 8.302  GAME2 = 9.519  GAME3 = 10.330  lr = 1.00e-05  time = 7.6s
[e283 s0001/1030] loss = 0.764057
[e283 s0050/1030] loss = 0.645877
[e283 s0100/1030] loss = 0.625917
[e283 s0150/1030] loss = 0.677075
[e283 s0200/1030] loss = 0.633275
[e283 s0250/1030] loss = 0.654485
[e283 s0300/1030] loss = 0.626917
[e283 s0350/1030] loss = 0.650536
[e283 s0400/1030] loss = 0.790797
[e283 s0450/1030] loss = 0.750014
[e283 s0500/1030] loss = 0.731386
[e283 s0550/1030] loss = 0.712720
[e283 s0600/1030] loss = 0.710255
[e283 s0650/1030] loss = 0.686249
[e283 s0700/1030] loss = 0.679408
[e283 s0750/1030] loss = 0.657571
[e283 s0800/1030] loss = 0.649847
[e283 s0850/1030] loss = 0.641555
[e283 s0900/1030] loss = 0.641506
[e283 s0950/1030] loss = 0.652074
[e283 s1000/1030] loss = 0.639868
Epoch 283: train_loss = 0.632239  MAE/GAME0 = 7.429  RMSE = 15.735  GAME1 = 8.245  GAME2 = 9.199  GAME3 = 9.921  lr = 1.00e-05  time = 8.6s
[e284 s0001/1030] loss = 0.098630
[e284 s0050/1030] loss = 0.523591
[e284 s0100/1030] loss = 0.498217
[e284 s0150/1030] loss = 0.520144
[e284 s0200/1030] loss = 0.509382
[e284 s0250/1030] loss = 0.515111
[e284 s0300/1030] loss = 0.585006
[e284 s0350/1030] loss = 0.554197
[e284 s0400/1030] loss = 0.562237
[e284 s0450/1030] loss = 0.544201
[e284 s0500/1030] loss = 0.552146
[e284 s0550/1030] loss = 0.538826
[e284 s0600/1030] loss = 0.540774
[e284 s0650/1030] loss = 0.538137
[e284 s0700/1030] loss = 0.550895
[e284 s0750/1030] loss = 0.545779
[e284 s0800/1030] loss = 0.550124
[e284 s0850/1030] loss = 0.553661
[e284 s0900/1030] loss = 0.559417
[e284 s0950/1030] loss = 0.561985
[e284 s1000/1030] loss = 0.556436
Epoch 284: train_loss = 0.555614  MAE/GAME0 = 6.141  RMSE = 9.785  GAME1 = 7.668  GAME2 = 9.120  GAME3 = 10.132  lr = 1.00e-05  time = 7.6s
[e285 s0001/1030] loss = 0.329934
[e285 s0050/1030] loss = 0.446103
[e285 s0100/1030] loss = 0.552820
[e285 s0150/1030] loss = 0.520823
[e285 s0200/1030] loss = 0.578875
[e285 s0250/1030] loss = 0.544544
[e285 s0300/1030] loss = 0.531079
[e285 s0350/1030] loss = 0.535770
[e285 s0400/1030] loss = 0.550697
[e285 s0450/1030] loss = 0.531356
[e285 s0500/1030] loss = 0.546271
[e285 s0550/1030] loss = 0.545213
[e285 s0600/1030] loss = 0.579957
[e285 s0650/1030] loss = 0.579607
[e285 s0700/1030] loss = 0.561505
[e285 s0750/1030] loss = 0.574474
[e285 s0800/1030] loss = 0.563599
[e285 s0850/1030] loss = 0.570389
[e285 s0900/1030] loss = 0.575566
[e285 s0950/1030] loss = 0.568889
[e285 s1000/1030] loss = 0.587430
Epoch 285: train_loss = 0.580382  MAE/GAME0 = 7.913  RMSE = 14.078  GAME1 = 9.419  GAME2 = 10.885  GAME3 = 11.766  lr = 1.00e-05  time = 7.5s
[e286 s0001/1030] loss = 0.008721
[e286 s0050/1030] loss = 0.247511
[e286 s0100/1030] loss = 0.475256
[e286 s0150/1030] loss = 0.447497
[e286 s0200/1030] loss = 0.500108
[e286 s0250/1030] loss = 0.532100
[e286 s0300/1030] loss = 0.534517
[e286 s0350/1030] loss = 0.545683
[e286 s0400/1030] loss = 0.558407
[e286 s0450/1030] loss = 0.553546
[e286 s0500/1030] loss = 0.559969
[e286 s0550/1030] loss = 0.547155
[e286 s0600/1030] loss = 0.547568
[e286 s0650/1030] loss = 0.570740
[e286 s0700/1030] loss = 0.582048
[e286 s0750/1030] loss = 0.584114
[e286 s0800/1030] loss = 0.569715
[e286 s0850/1030] loss = 0.575655
[e286 s0900/1030] loss = 0.584352
[e286 s0950/1030] loss = 0.583071
[e286 s1000/1030] loss = 0.625785
Epoch 286: train_loss = 0.619845  MAE/GAME0 = 6.225  RMSE = 11.130  GAME1 = 7.379  GAME2 = 8.636  GAME3 = 9.584  lr = 1.00e-05  time = 7.5s
[e287 s0001/1030] loss = 0.065355
[e287 s0050/1030] loss = 0.509747
[e287 s0100/1030] loss = 0.473512
[e287 s0150/1030] loss = 0.548657
[e287 s0200/1030] loss = 0.533995
[e287 s0250/1030] loss = 0.659859
[e287 s0300/1030] loss = 0.629173
[e287 s0350/1030] loss = 0.601564
[e287 s0400/1030] loss = 0.650695
[e287 s0450/1030] loss = 0.644473
[e287 s0500/1030] loss = 0.669298
[e287 s0550/1030] loss = 0.659920
[e287 s0600/1030] loss = 0.636424
[e287 s0650/1030] loss = 0.635964
[e287 s0700/1030] loss = 0.635098
[e287 s0750/1030] loss = 0.717625
[e287 s0800/1030] loss = 0.712183
[e287 s0850/1030] loss = 0.703027
[e287 s0900/1030] loss = 0.682988
[e287 s0950/1030] loss = 0.676158
[e287 s1000/1030] loss = 0.674788
Epoch 287: train_loss = 0.668061  MAE/GAME0 = 7.785  RMSE = 21.091  GAME1 = 9.462  GAME2 = 10.895  GAME3 = 11.791  lr = 1.00e-05  time = 7.7s
[e288 s0001/1030] loss = 3.721931
[e288 s0050/1030] loss = 0.505747
[e288 s0100/1030] loss = 0.444514
[e288 s0150/1030] loss = 0.412626
[e288 s0200/1030] loss = 0.434295
[e288 s0250/1030] loss = 0.588778
[e288 s0300/1030] loss = 0.712473
[e288 s0350/1030] loss = 0.678406
[e288 s0400/1030] loss = 0.705771
[e288 s0450/1030] loss = 0.674235
[e288 s0500/1030] loss = 0.648254
[e288 s0550/1030] loss = 0.627250
[e288 s0600/1030] loss = 0.612350
[e288 s0650/1030] loss = 0.609837
[e288 s0700/1030] loss = 0.625435
[e288 s0750/1030] loss = 0.626969
[e288 s0800/1030] loss = 0.633147
[e288 s0850/1030] loss = 0.654356
[e288 s0900/1030] loss = 0.644968
[e288 s0950/1030] loss = 0.630717
[e288 s1000/1030] loss = 0.617733
Epoch 288: train_loss = 0.617069  MAE/GAME0 = 9.543  RMSE = 17.723  GAME1 = 10.637  GAME2 = 11.874  GAME3 = 12.747  lr = 1.00e-05  time = 7.6s
[e289 s0001/1030] loss = 0.248280
[e289 s0050/1030] loss = 0.898772
[e289 s0100/1030] loss = 0.700617
[e289 s0150/1030] loss = 0.732044
[e289 s0200/1030] loss = 0.675709
[e289 s0250/1030] loss = 0.632042
[e289 s0300/1030] loss = 0.659698
[e289 s0350/1030] loss = 0.619373
[e289 s0400/1030] loss = 0.599164
[e289 s0450/1030] loss = 0.582989
[e289 s0500/1030] loss = 0.594851
[e289 s0550/1030] loss = 0.615409
[e289 s0600/1030] loss = 0.627327
[e289 s0650/1030] loss = 0.619822
[e289 s0700/1030] loss = 0.608060
[e289 s0750/1030] loss = 0.599044
[e289 s0800/1030] loss = 0.633693
[e289 s0850/1030] loss = 0.632283
[e289 s0900/1030] loss = 0.664644
[e289 s0950/1030] loss = 0.682891
[e289 s1000/1030] loss = 0.690684
Epoch 289: train_loss = 0.681653  MAE/GAME0 = 7.202  RMSE = 12.982  GAME1 = 8.710  GAME2 = 10.318  GAME3 = 11.364  lr = 1.00e-05  time = 7.7s
[e290 s0001/1030] loss = 0.853024
[e290 s0050/1030] loss = 1.160134
[e290 s0100/1030] loss = 1.073058
[e290 s0150/1030] loss = 0.882844
[e290 s0200/1030] loss = 0.789773
[e290 s0250/1030] loss = 0.742130
[e290 s0300/1030] loss = 0.720907
[e290 s0350/1030] loss = 0.700984
[e290 s0400/1030] loss = 0.690612
[e290 s0450/1030] loss = 0.697665
[e290 s0500/1030] loss = 0.698094
[e290 s0550/1030] loss = 0.666886
[e290 s0600/1030] loss = 0.629948
[e290 s0650/1030] loss = 0.619420
[e290 s0700/1030] loss = 0.614026
[e290 s0750/1030] loss = 0.608758
[e290 s0800/1030] loss = 0.603720
[e290 s0850/1030] loss = 0.588238
[e290 s0900/1030] loss = 0.598687
[e290 s0950/1030] loss = 0.591853
[e290 s1000/1030] loss = 0.590818
Epoch 290: train_loss = 0.584445  MAE/GAME0 = 7.711  RMSE = 21.620  GAME1 = 9.075  GAME2 = 10.573  GAME3 = 11.528  lr = 1.00e-05  time = 7.9s
[e291 s0001/1030] loss = 0.306971
[e291 s0050/1030] loss = 0.475685
[e291 s0100/1030] loss = 0.521616
[e291 s0150/1030] loss = 0.453178
[e291 s0200/1030] loss = 0.466184
[e291 s0250/1030] loss = 0.464036
[e291 s0300/1030] loss = 0.466685
[e291 s0350/1030] loss = 0.476963
[e291 s0400/1030] loss = 0.476889
[e291 s0450/1030] loss = 0.518943
[e291 s0500/1030] loss = 0.527520
[e291 s0550/1030] loss = 0.517466
[e291 s0600/1030] loss = 0.524966
[e291 s0650/1030] loss = 0.522167
[e291 s0700/1030] loss = 0.517704
[e291 s0750/1030] loss = 0.517134
[e291 s0800/1030] loss = 0.515520
[e291 s0850/1030] loss = 0.525451
[e291 s0900/1030] loss = 0.631223
[e291 s0950/1030] loss = 0.627307
[e291 s1000/1030] loss = 0.629832
Epoch 291: train_loss = 0.633036  MAE/GAME0 = 7.309  RMSE = 15.778  GAME1 = 8.900  GAME2 = 10.277  GAME3 = 11.205  lr = 1.00e-05  time = 7.7s
[e292 s0001/1030] loss = 0.394093
[e292 s0050/1030] loss = 0.667976
[e292 s0100/1030] loss = 0.751171
[e292 s0150/1030] loss = 0.674651
[e292 s0200/1030] loss = 0.618932
[e292 s0250/1030] loss = 0.639322
[e292 s0300/1030] loss = 0.586691
[e292 s0350/1030] loss = 0.574589
[e292 s0400/1030] loss = 0.626708
[e292 s0450/1030] loss = 0.610062
[e292 s0500/1030] loss = 0.604209
[e292 s0550/1030] loss = 0.600660
[e292 s0600/1030] loss = 0.604706
[e292 s0650/1030] loss = 0.612738
[e292 s0700/1030] loss = 0.612780
[e292 s0750/1030] loss = 0.609893
[e292 s0800/1030] loss = 0.601780
[e292 s0850/1030] loss = 0.622772
[e292 s0900/1030] loss = 0.629344
[e292 s0950/1030] loss = 0.615868
[e292 s1000/1030] loss = 0.599611
Epoch 292: train_loss = 0.601368  MAE/GAME0 = 7.536  RMSE = 16.538  GAME1 = 8.974  GAME2 = 10.340  GAME3 = 11.250  lr = 1.00e-05  time = 7.6s
[e293 s0001/1030] loss = 4.727274
[e293 s0050/1030] loss = 0.614925
[e293 s0100/1030] loss = 0.453127
[e293 s0150/1030] loss = 0.465602
[e293 s0200/1030] loss = 0.478420
[e293 s0250/1030] loss = 0.531964
[e293 s0300/1030] loss = 0.668549
[e293 s0350/1030] loss = 0.662948
[e293 s0400/1030] loss = 0.645628
[e293 s0450/1030] loss = 0.627185
[e293 s0500/1030] loss = 0.631153
[e293 s0550/1030] loss = 0.637881
[e293 s0600/1030] loss = 0.609228
[e293 s0650/1030] loss = 0.608337
[e293 s0700/1030] loss = 0.598144
[e293 s0750/1030] loss = 0.602446
[e293 s0800/1030] loss = 0.595641
[e293 s0850/1030] loss = 0.606649
[e293 s0900/1030] loss = 0.593629
[e293 s0950/1030] loss = 0.603612
[e293 s1000/1030] loss = 0.616654
Epoch 293: train_loss = 0.618888  MAE/GAME0 = 6.262  RMSE = 10.111  GAME1 = 7.866  GAME2 = 9.329  GAME3 = 10.293  lr = 1.00e-05  time = 7.5s
[e294 s0001/1030] loss = 0.180644
[e294 s0050/1030] loss = 0.555130
[e294 s0100/1030] loss = 0.557571
[e294 s0150/1030] loss = 0.618317
[e294 s0200/1030] loss = 0.584285
[e294 s0250/1030] loss = 0.547244
[e294 s0300/1030] loss = 0.584002
[e294 s0350/1030] loss = 0.590361
[e294 s0400/1030] loss = 0.602843
[e294 s0450/1030] loss = 0.614076
[e294 s0500/1030] loss = 0.603977
[e294 s0550/1030] loss = 0.608650
[e294 s0600/1030] loss = 0.627811
[e294 s0650/1030] loss = 0.668072
[e294 s0700/1030] loss = 0.671021
[e294 s0750/1030] loss = 0.671277
[e294 s0800/1030] loss = 0.666812
[e294 s0850/1030] loss = 0.664928
[e294 s0900/1030] loss = 0.656566
[e294 s0950/1030] loss = 0.648723
[e294 s1000/1030] loss = 0.645616
Epoch 294: train_loss = 0.644393  MAE/GAME0 = 6.598  RMSE = 16.941  GAME1 = 7.934  GAME2 = 9.464  GAME3 = 10.454  lr = 1.00e-05  time = 7.6s
[e295 s0001/1030] loss = 0.158448
[e295 s0050/1030] loss = 0.954414
[e295 s0100/1030] loss = 0.724241
[e295 s0150/1030] loss = 0.630823
[e295 s0200/1030] loss = 0.919122
[e295 s0250/1030] loss = 0.894277
[e295 s0300/1030] loss = 0.846151
[e295 s0350/1030] loss = 0.855713
[e295 s0400/1030] loss = 0.840676
[e295 s0450/1030] loss = 0.808730
[e295 s0500/1030] loss = 0.780697
[e295 s0550/1030] loss = 0.771781
[e295 s0600/1030] loss = 0.748624
[e295 s0650/1030] loss = 0.753228
[e295 s0700/1030] loss = 0.731949
[e295 s0750/1030] loss = 0.723572
[e295 s0800/1030] loss = 0.703750
[e295 s0850/1030] loss = 0.701857
[e295 s0900/1030] loss = 0.687063
[e295 s0950/1030] loss = 0.692216
[e295 s1000/1030] loss = 0.685350
Epoch 295: train_loss = 0.689095  MAE/GAME0 = 6.568  RMSE = 12.157  GAME1 = 8.143  GAME2 = 9.582  GAME3 = 10.374  lr = 1.00e-05  time = 7.7s
[e296 s0001/1030] loss = 0.062307
[e296 s0050/1030] loss = 0.776673
[e296 s0100/1030] loss = 0.737942
[e296 s0150/1030] loss = 0.733241
[e296 s0200/1030] loss = 0.679720
[e296 s0250/1030] loss = 1.011373
[e296 s0300/1030] loss = 0.921156
[e296 s0350/1030] loss = 0.855342
[e296 s0400/1030] loss = 0.814337
[e296 s0450/1030] loss = 0.801124
[e296 s0500/1030] loss = 0.776719
[e296 s0550/1030] loss = 0.742754
[e296 s0600/1030] loss = 0.741960
[e296 s0650/1030] loss = 0.707808
[e296 s0700/1030] loss = 0.689287
[e296 s0750/1030] loss = 0.695417
[e296 s0800/1030] loss = 0.678408
[e296 s0850/1030] loss = 0.681722
[e296 s0900/1030] loss = 0.690848
[e296 s0950/1030] loss = 0.677782
[e296 s1000/1030] loss = 0.664884
Epoch 296: train_loss = 0.666534  MAE/GAME0 = 7.379  RMSE = 20.257  GAME1 = 8.899  GAME2 = 10.377  GAME3 = 11.298  lr = 1.00e-05  time = 7.6s
[e297 s0001/1030] loss = 1.399401
[e297 s0050/1030] loss = 0.321004
[e297 s0100/1030] loss = 0.388289
[e297 s0150/1030] loss = 0.579894
[e297 s0200/1030] loss = 0.668177
[e297 s0250/1030] loss = 0.832578
[e297 s0300/1030] loss = 0.804570
[e297 s0350/1030] loss = 0.757651
[e297 s0400/1030] loss = 0.712101
[e297 s0450/1030] loss = 0.695227
[e297 s0500/1030] loss = 0.725679
[e297 s0550/1030] loss = 0.704825
[e297 s0600/1030] loss = 0.703145
[e297 s0650/1030] loss = 0.714142
[e297 s0700/1030] loss = 0.688672
[e297 s0750/1030] loss = 0.706228
[e297 s0800/1030] loss = 0.719169
[e297 s0850/1030] loss = 0.738125
[e297 s0900/1030] loss = 0.728286
[e297 s0950/1030] loss = 0.733377
[e297 s1000/1030] loss = 0.763310
Epoch 297: train_loss = 0.749496  MAE/GAME0 = 6.853  RMSE = 16.287  GAME1 = 8.430  GAME2 = 9.660  GAME3 = 10.439  lr = 1.00e-05  time = 7.6s
[e298 s0001/1030] loss = 0.317701
[e298 s0050/1030] loss = 0.735974
[e298 s0100/1030] loss = 0.599822
[e298 s0150/1030] loss = 0.538602
[e298 s0200/1030] loss = 0.491625
[e298 s0250/1030] loss = 0.478454
[e298 s0300/1030] loss = 0.678306
[e298 s0350/1030] loss = 0.686268
[e298 s0400/1030] loss = 0.673111
[e298 s0450/1030] loss = 0.659208
[e298 s0500/1030] loss = 0.646282
[e298 s0550/1030] loss = 0.641527
[e298 s0600/1030] loss = 0.615359
[e298 s0650/1030] loss = 0.659629
[e298 s0700/1030] loss = 0.652234
[e298 s0750/1030] loss = 0.638294
[e298 s0800/1030] loss = 0.626358
[e298 s0850/1030] loss = 0.613932
[e298 s0900/1030] loss = 0.607079
[e298 s0950/1030] loss = 0.600720
[e298 s1000/1030] loss = 0.615753
Epoch 298: train_loss = 0.617658  MAE/GAME0 = 9.246  RMSE = 16.781  GAME1 = 10.283  GAME2 = 11.743  GAME3 = 12.714  lr = 1.00e-05  time = 7.7s
[e299 s0001/1030] loss = 1.073335
[e299 s0050/1030] loss = 0.495760
[e299 s0100/1030] loss = 0.588033
[e299 s0150/1030] loss = 0.682637
[e299 s0200/1030] loss = 0.680228
[e299 s0250/1030] loss = 0.616681
[e299 s0300/1030] loss = 0.586528
[e299 s0350/1030] loss = 0.548664
[e299 s0400/1030] loss = 0.549762
[e299 s0450/1030] loss = 0.593858
[e299 s0500/1030] loss = 0.579643
[e299 s0550/1030] loss = 0.557788
[e299 s0600/1030] loss = 0.545038
[e299 s0650/1030] loss = 0.626017
[e299 s0700/1030] loss = 0.623450
[e299 s0750/1030] loss = 0.611591
[e299 s0800/1030] loss = 0.629294
[e299 s0850/1030] loss = 0.617933
[e299 s0900/1030] loss = 0.601616
[e299 s0950/1030] loss = 0.620298
[e299 s1000/1030] loss = 0.614243
Epoch 299: train_loss = 0.609849  MAE/GAME0 = 7.234  RMSE = 12.068  GAME1 = 8.918  GAME2 = 10.317  GAME3 = 11.121  lr = 1.00e-05  time = 7.8s
[e300 s0001/1030] loss = 0.847006
[e300 s0050/1030] loss = 0.728001
[e300 s0100/1030] loss = 0.526783
[e300 s0150/1030] loss = 0.566041
[e300 s0200/1030] loss = 0.527496
[e300 s0250/1030] loss = 0.507094
[e300 s0300/1030] loss = 0.538589
[e300 s0350/1030] loss = 0.552420
[e300 s0400/1030] loss = 0.555733
[e300 s0450/1030] loss = 0.551648
[e300 s0500/1030] loss = 0.563229
[e300 s0550/1030] loss = 0.536045
[e300 s0600/1030] loss = 0.555256
[e300 s0650/1030] loss = 0.555055
[e300 s0700/1030] loss = 0.546243
[e300 s0750/1030] loss = 0.543106
[e300 s0800/1030] loss = 0.535359
[e300 s0850/1030] loss = 0.539694
[e300 s0900/1030] loss = 0.547083
[e300 s0950/1030] loss = 0.538749
[e300 s1000/1030] loss = 0.538620
Epoch 300: train_loss = 0.535594  MAE/GAME0 = 6.309  RMSE = 12.139  GAME1 = 7.428  GAME2 = 8.637  GAME3 = 9.548  lr = 1.00e-05  time = 7.6s
[e301 s0001/1030] loss = 0.187955
[e301 s0050/1030] loss = 0.421462
[e301 s0100/1030] loss = 0.568704
[e301 s0150/1030] loss = 0.579115
[e301 s0200/1030] loss = 0.663900
[e301 s0250/1030] loss = 0.687418
[e301 s0300/1030] loss = 0.687690
[e301 s0350/1030] loss = 0.637702
[e301 s0400/1030] loss = 0.607213
[e301 s0450/1030] loss = 0.605523
[e301 s0500/1030] loss = 0.745335
[e301 s0550/1030] loss = 0.720986
[e301 s0600/1030] loss = 0.724512
[e301 s0650/1030] loss = 0.791363
[e301 s0700/1030] loss = 0.772745
[e301 s0750/1030] loss = 0.752873
[e301 s0800/1030] loss = 0.721818
[e301 s0850/1030] loss = 0.703728
[e301 s0900/1030] loss = 0.684280
[e301 s0950/1030] loss = 0.673667
[e301 s1000/1030] loss = 0.670124
Epoch 301: train_loss = 0.674664  MAE/GAME0 = 6.983  RMSE = 17.332  GAME1 = 8.338  GAME2 = 9.841  GAME3 = 10.793  lr = 1.00e-05  time = 7.7s
[e302 s0001/1030] loss = 0.036052
[e302 s0050/1030] loss = 0.498192
[e302 s0100/1030] loss = 0.543088
[e302 s0150/1030] loss = 0.455731
[e302 s0200/1030] loss = 0.488433
[e302 s0250/1030] loss = 0.602394
[e302 s0300/1030] loss = 0.559292
[e302 s0350/1030] loss = 0.589423
[e302 s0400/1030] loss = 0.641135
[e302 s0450/1030] loss = 0.621744
[e302 s0500/1030] loss = 0.657733
[e302 s0550/1030] loss = 0.638766
[e302 s0600/1030] loss = 0.631303
[e302 s0650/1030] loss = 0.633895
[e302 s0700/1030] loss = 0.620199
[e302 s0750/1030] loss = 0.639562
[e302 s0800/1030] loss = 0.635045
[e302 s0850/1030] loss = 0.658019
[e302 s0900/1030] loss = 0.649253
[e302 s0950/1030] loss = 0.636229
[e302 s1000/1030] loss = 0.638650
Epoch 302: train_loss = 0.645092  MAE/GAME0 = 15.161  RMSE = 21.337  GAME1 = 15.806  GAME2 = 16.721  GAME3 = 17.460  lr = 1.00e-05  time = 7.8s
[e303 s0001/1030] loss = 1.789380
[e303 s0050/1030] loss = 0.784397
[e303 s0100/1030] loss = 0.570909
[e303 s0150/1030] loss = 0.544835
[e303 s0200/1030] loss = 0.565220
[e303 s0250/1030] loss = 0.565743
[e303 s0300/1030] loss = 0.524527
[e303 s0350/1030] loss = 0.486450
[e303 s0400/1030] loss = 0.510590
[e303 s0450/1030] loss = 0.496658
[e303 s0500/1030] loss = 0.487306
[e303 s0550/1030] loss = 0.500126
[e303 s0600/1030] loss = 0.494558
[e303 s0650/1030] loss = 0.489474
[e303 s0700/1030] loss = 0.485577
[e303 s0750/1030] loss = 0.502476
[e303 s0800/1030] loss = 0.499277
[e303 s0850/1030] loss = 0.499458
[e303 s0900/1030] loss = 0.507344
[e303 s0950/1030] loss = 0.509778
[e303 s1000/1030] loss = 0.513518
Epoch 303: train_loss = 0.511105  MAE/GAME0 = 6.369  RMSE = 15.818  GAME1 = 7.931  GAME2 = 9.225  GAME3 = 10.100  lr = 1.00e-05  time = 7.7s
[e304 s0001/1030] loss = 0.413532
[e304 s0050/1030] loss = 0.570064
[e304 s0100/1030] loss = 0.667021
[e304 s0150/1030] loss = 0.615211
[e304 s0200/1030] loss = 0.846626
[e304 s0250/1030] loss = 0.786606
[e304 s0300/1030] loss = 0.892601
[e304 s0350/1030] loss = 0.848785
[e304 s0400/1030] loss = 0.814115
[e304 s0450/1030] loss = 0.784794
[e304 s0500/1030] loss = 0.747153
[e304 s0550/1030] loss = 0.730325
[e304 s0600/1030] loss = 0.702397
[e304 s0650/1030] loss = 0.677775
[e304 s0700/1030] loss = 0.675481
[e304 s0750/1030] loss = 0.665851
[e304 s0800/1030] loss = 0.660208
[e304 s0850/1030] loss = 0.665499
[e304 s0900/1030] loss = 0.660113
[e304 s0950/1030] loss = 0.658565
[e304 s1000/1030] loss = 0.645731
Epoch 304: train_loss = 0.642984  MAE/GAME0 = 5.282  RMSE = 8.770  GAME1 = 6.641  GAME2 = 8.017  GAME3 = 8.939  lr = 1.00e-05  time = 8.0s
[e305 s0001/1030] loss = 1.210329
[e305 s0050/1030] loss = 0.361005
[e305 s0100/1030] loss = 0.530018
[e305 s0150/1030] loss = 0.571435
[e305 s0200/1030] loss = 0.593998
[e305 s0250/1030] loss = 0.814916
[e305 s0300/1030] loss = 0.746992
[e305 s0350/1030] loss = 0.721241
[e305 s0400/1030] loss = 0.701040
[e305 s0450/1030] loss = 0.672332
[e305 s0500/1030] loss = 0.645011
[e305 s0550/1030] loss = 0.639113
[e305 s0600/1030] loss = 0.641044
[e305 s0650/1030] loss = 0.625680
[e305 s0700/1030] loss = 0.639642
[e305 s0750/1030] loss = 0.643687
[e305 s0800/1030] loss = 0.628637
[e305 s0850/1030] loss = 0.628392
[e305 s0900/1030] loss = 0.617318
[e305 s0950/1030] loss = 0.616346
[e305 s1000/1030] loss = 0.616954
Epoch 305: train_loss = 0.621999  MAE/GAME0 = 6.983  RMSE = 18.963  GAME1 = 8.596  GAME2 = 9.940  GAME3 = 10.773  lr = 1.00e-05  time = 7.8s
[e306 s0001/1030] loss = 0.475467
[e306 s0050/1030] loss = 0.695613
[e306 s0100/1030] loss = 0.656374
[e306 s0150/1030] loss = 0.650754
[e306 s0200/1030] loss = 0.629646
[e306 s0250/1030] loss = 0.616143
[e306 s0300/1030] loss = 0.582602
[e306 s0350/1030] loss = 0.587919
[e306 s0400/1030] loss = 0.595797
[e306 s0450/1030] loss = 0.583248
[e306 s0500/1030] loss = 0.572100
[e306 s0550/1030] loss = 0.599073
[e306 s0600/1030] loss = 0.595158
[e306 s0650/1030] loss = 0.576831
[e306 s0700/1030] loss = 0.570344
[e306 s0750/1030] loss = 0.597813
[e306 s0800/1030] loss = 0.592875
[e306 s0850/1030] loss = 0.624806
[e306 s0900/1030] loss = 0.633939
[e306 s0950/1030] loss = 0.643317
[e306 s1000/1030] loss = 0.640811
Epoch 306: train_loss = 0.633891  MAE/GAME0 = 6.873  RMSE = 17.901  GAME1 = 8.177  GAME2 = 9.435  GAME3 = 10.244  lr = 1.00e-05  time = 7.6s
[e307 s0001/1030] loss = 1.261044
[e307 s0050/1030] loss = 0.507519
[e307 s0100/1030] loss = 0.406604
[e307 s0150/1030] loss = 0.387315
[e307 s0200/1030] loss = 0.392946
[e307 s0250/1030] loss = 0.432104
[e307 s0300/1030] loss = 0.485640
[e307 s0350/1030] loss = 0.478827
[e307 s0400/1030] loss = 0.462283
[e307 s0450/1030] loss = 0.487129
[e307 s0500/1030] loss = 0.473481
[e307 s0550/1030] loss = 0.475004
[e307 s0600/1030] loss = 0.482641
[e307 s0650/1030] loss = 0.492282
[e307 s0700/1030] loss = 0.483514
[e307 s0750/1030] loss = 0.479307
[e307 s0800/1030] loss = 0.482782
[e307 s0850/1030] loss = 0.538933
[e307 s0900/1030] loss = 0.537778
[e307 s0950/1030] loss = 0.536181
[e307 s1000/1030] loss = 0.527106
Epoch 307: train_loss = 0.528807  MAE/GAME0 = 6.536  RMSE = 14.452  GAME1 = 8.133  GAME2 = 9.553  GAME3 = 10.439  lr = 1.00e-05  time = 7.8s
[e308 s0001/1030] loss = 0.137151
[e308 s0050/1030] loss = 0.505865
[e308 s0100/1030] loss = 0.442947
[e308 s0150/1030] loss = 0.519652
[e308 s0200/1030] loss = 0.493359
[e308 s0250/1030] loss = 0.476657
[e308 s0300/1030] loss = 0.486292
[e308 s0350/1030] loss = 0.524878
[e308 s0400/1030] loss = 0.530048
[e308 s0450/1030] loss = 0.518463
[e308 s0500/1030] loss = 0.506230
[e308 s0550/1030] loss = 0.488714
[e308 s0600/1030] loss = 0.507970
[e308 s0650/1030] loss = 0.494697
[e308 s0700/1030] loss = 0.485656
[e308 s0750/1030] loss = 0.496756
[e308 s0800/1030] loss = 0.502734
[e308 s0850/1030] loss = 0.505266
[e308 s0900/1030] loss = 0.505160
[e308 s0950/1030] loss = 0.517496
[e308 s1000/1030] loss = 0.514960
Epoch 308: train_loss = 0.511022  MAE/GAME0 = 5.935  RMSE = 11.929  GAME1 = 7.683  GAME2 = 9.031  GAME3 = 9.864  lr = 1.00e-05  time = 7.6s
[e309 s0001/1030] loss = 0.107053
[e309 s0050/1030] loss = 0.547401
[e309 s0100/1030] loss = 0.497615
[e309 s0150/1030] loss = 0.944611
[e309 s0200/1030] loss = 0.813324
[e309 s0250/1030] loss = 0.737650
[e309 s0300/1030] loss = 0.691900
[e309 s0350/1030] loss = 0.675008
[e309 s0400/1030] loss = 0.672928
[e309 s0450/1030] loss = 0.648857
[e309 s0500/1030] loss = 0.640696
[e309 s0550/1030] loss = 0.617013
[e309 s0600/1030] loss = 0.596993
[e309 s0650/1030] loss = 0.584889
[e309 s0700/1030] loss = 0.589917
[e309 s0750/1030] loss = 0.636004
[e309 s0800/1030] loss = 0.628542
[e309 s0850/1030] loss = 0.627206
[e309 s0900/1030] loss = 0.625962
[e309 s0950/1030] loss = 0.631837
[e309 s1000/1030] loss = 0.638864
Epoch 309: train_loss = 0.637307  MAE/GAME0 = 9.221  RMSE = 17.816  GAME1 = 10.196  GAME2 = 11.646  GAME3 = 12.562  lr = 1.00e-05  time = 7.7s
[e310 s0001/1030] loss = 1.574941
[e310 s0050/1030] loss = 0.320671
[e310 s0100/1030] loss = 0.400955
[e310 s0150/1030] loss = 0.497852
[e310 s0200/1030] loss = 0.509221
[e310 s0250/1030] loss = 0.505529
[e310 s0300/1030] loss = 0.557447
[e310 s0350/1030] loss = 0.624808
[e310 s0400/1030] loss = 0.612332
[e310 s0450/1030] loss = 0.615267
[e310 s0500/1030] loss = 0.594934
[e310 s0550/1030] loss = 0.588243
[e310 s0600/1030] loss = 0.595798
[e310 s0650/1030] loss = 0.582552
[e310 s0700/1030] loss = 0.576766
[e310 s0750/1030] loss = 0.568536
[e310 s0800/1030] loss = 0.561225
[e310 s0850/1030] loss = 0.549383
[e310 s0900/1030] loss = 0.541360
[e310 s0950/1030] loss = 0.534684
[e310 s1000/1030] loss = 0.524948
Epoch 310: train_loss = 0.527277  MAE/GAME0 = 6.237  RMSE = 14.086  GAME1 = 7.451  GAME2 = 8.790  GAME3 = 9.712  lr = 1.00e-05  time = 7.7s
[e311 s0001/1030] loss = 0.491604
[e311 s0050/1030] loss = 0.612876
[e311 s0100/1030] loss = 0.503995
[e311 s0150/1030] loss = 0.468206
[e311 s0200/1030] loss = 0.487916
[e311 s0250/1030] loss = 0.476355
[e311 s0300/1030] loss = 0.450612
[e311 s0350/1030] loss = 0.475407
[e311 s0400/1030] loss = 0.481832
[e311 s0450/1030] loss = 0.476422
[e311 s0500/1030] loss = 0.470186
[e311 s0550/1030] loss = 0.524596
[e311 s0600/1030] loss = 0.542817
[e311 s0650/1030] loss = 0.532348
[e311 s0700/1030] loss = 0.562784
[e311 s0750/1030] loss = 0.561923
[e311 s0800/1030] loss = 0.565491
[e311 s0850/1030] loss = 0.587278
[e311 s0900/1030] loss = 0.622582
[e311 s0950/1030] loss = 0.648676
[e311 s1000/1030] loss = 0.642078
Epoch 311: train_loss = 0.637969  MAE/GAME0 = 6.863  RMSE = 15.385  GAME1 = 8.224  GAME2 = 9.682  GAME3 = 10.542  lr = 1.00e-05  time = 7.8s
[e312 s0001/1030] loss = 0.076073
[e312 s0050/1030] loss = 0.621521
[e312 s0100/1030] loss = 0.533325
[e312 s0150/1030] loss = 0.769944
[e312 s0200/1030] loss = 0.817544
[e312 s0250/1030] loss = 0.749600
[e312 s0300/1030] loss = 0.687938
[e312 s0350/1030] loss = 0.679927
[e312 s0400/1030] loss = 0.633954
[e312 s0450/1030] loss = 0.654954
[e312 s0500/1030] loss = 0.639716
[e312 s0550/1030] loss = 0.639155
[e312 s0600/1030] loss = 0.680153
[e312 s0650/1030] loss = 0.654129
[e312 s0700/1030] loss = 0.636195
[e312 s0750/1030] loss = 0.632324
[e312 s0800/1030] loss = 0.624043
[e312 s0850/1030] loss = 0.610623
[e312 s0900/1030] loss = 0.603164
[e312 s0950/1030] loss = 0.600646
[e312 s1000/1030] loss = 0.599288
Epoch 312: train_loss = 0.601551  MAE/GAME0 = 5.652  RMSE = 10.513  GAME1 = 7.159  GAME2 = 8.691  GAME3 = 9.558  lr = 1.00e-05  time = 7.6s
[e313 s0001/1030] loss = 10.251404
[e313 s0050/1030] loss = 1.151435
[e313 s0100/1030] loss = 0.837653
[e313 s0150/1030] loss = 0.736560
[e313 s0200/1030] loss = 0.678419
[e313 s0250/1030] loss = 0.614381
[e313 s0300/1030] loss = 0.593378
[e313 s0350/1030] loss = 0.588041
[e313 s0400/1030] loss = 0.594221
[e313 s0450/1030] loss = 0.599937
[e313 s0500/1030] loss = 0.746631
[e313 s0550/1030] loss = 0.724877
[e313 s0600/1030] loss = 0.697660
[e313 s0650/1030] loss = 0.763545
[e313 s0700/1030] loss = 0.772517
[e313 s0750/1030] loss = 0.745812
[e313 s0800/1030] loss = 0.732124
[e313 s0850/1030] loss = 0.729955
[e313 s0900/1030] loss = 0.710186
[e313 s0950/1030] loss = 0.712456
[e313 s1000/1030] loss = 0.704017
Epoch 313: train_loss = 0.706840  MAE/GAME0 = 9.214  RMSE = 19.205  GAME1 = 10.402  GAME2 = 11.750  GAME3 = 12.529  lr = 1.00e-05  time = 7.8s
[e314 s0001/1030] loss = 1.222605
[e314 s0050/1030] loss = 0.535439
[e314 s0100/1030] loss = 0.531768
[e314 s0150/1030] loss = 0.905896
[e314 s0200/1030] loss = 0.792776
[e314 s0250/1030] loss = 0.734845
[e314 s0300/1030] loss = 0.691510
[e314 s0350/1030] loss = 0.700755
[e314 s0400/1030] loss = 0.666489
[e314 s0450/1030] loss = 0.695066
[e314 s0500/1030] loss = 0.660904
[e314 s0550/1030] loss = 0.650503
[e314 s0600/1030] loss = 0.626212
[e314 s0650/1030] loss = 0.609650
[e314 s0700/1030] loss = 0.602165
[e314 s0750/1030] loss = 0.586786
[e314 s0800/1030] loss = 0.580128
[e314 s0850/1030] loss = 0.586423
[e314 s0900/1030] loss = 0.580221
[e314 s0950/1030] loss = 0.574738
[e314 s1000/1030] loss = 0.572881
Epoch 314: train_loss = 0.567614  MAE/GAME0 = 6.666  RMSE = 16.851  GAME1 = 7.970  GAME2 = 9.206  GAME3 = 10.026  lr = 1.00e-05  time = 7.8s
[e315 s0001/1030] loss = 0.308235
[e315 s0050/1030] loss = 0.281320
[e315 s0100/1030] loss = 0.626095
[e315 s0150/1030] loss = 0.552848
[e315 s0200/1030] loss = 0.572151
[e315 s0250/1030] loss = 0.535324
[e315 s0300/1030] loss = 0.526381
[e315 s0350/1030] loss = 0.507334
[e315 s0400/1030] loss = 0.496152
[e315 s0450/1030] loss = 0.482493
[e315 s0500/1030] loss = 0.532848
[e315 s0550/1030] loss = 0.522369
[e315 s0600/1030] loss = 0.525772
[e315 s0650/1030] loss = 0.530051
[e315 s0700/1030] loss = 0.530951
[e315 s0750/1030] loss = 0.521518
[e315 s0800/1030] loss = 0.515665
[e315 s0850/1030] loss = 0.543905
[e315 s0900/1030] loss = 0.537409
[e315 s0950/1030] loss = 0.556521
[e315 s1000/1030] loss = 0.558534
Epoch 315: train_loss = 0.552032  MAE/GAME0 = 6.492  RMSE = 14.072  GAME1 = 7.755  GAME2 = 9.055  GAME3 = 9.917  lr = 1.00e-05  time = 8.0s
[e316 s0001/1030] loss = 0.705261
[e316 s0050/1030] loss = 0.742435
[e316 s0100/1030] loss = 0.648553
[e316 s0150/1030] loss = 0.623883
[e316 s0200/1030] loss = 0.534491
[e316 s0250/1030] loss = 0.526819
[e316 s0300/1030] loss = 0.759383
[e316 s0350/1030] loss = 0.710674
[e316 s0400/1030] loss = 0.672235
[e316 s0450/1030] loss = 0.666481
[e316 s0500/1030] loss = 0.627603
[e316 s0550/1030] loss = 0.598825
[e316 s0600/1030] loss = 0.575866
[e316 s0650/1030] loss = 0.593628
[e316 s0700/1030] loss = 0.605543
[e316 s0750/1030] loss = 0.607677
[e316 s0800/1030] loss = 0.599597
[e316 s0850/1030] loss = 0.593755
[e316 s0900/1030] loss = 0.591593
[e316 s0950/1030] loss = 0.578789
[e316 s1000/1030] loss = 0.575856
Epoch 316: train_loss = 0.571123  MAE/GAME0 = 6.575  RMSE = 14.062  GAME1 = 8.122  GAME2 = 9.490  GAME3 = 10.296  lr = 1.00e-05  time = 7.8s
[e317 s0001/1030] loss = 0.110300
[e317 s0050/1030] loss = 0.481964
[e317 s0100/1030] loss = 0.413787
[e317 s0150/1030] loss = 0.447387
[e317 s0200/1030] loss = 0.502777
[e317 s0250/1030] loss = 0.499889
[e317 s0300/1030] loss = 0.500422
[e317 s0350/1030] loss = 0.479495
[e317 s0400/1030] loss = 0.475329
[e317 s0450/1030] loss = 0.474774
[e317 s0500/1030] loss = 0.502676
[e317 s0550/1030] loss = 0.504784
[e317 s0600/1030] loss = 0.504103
[e317 s0650/1030] loss = 0.488442
[e317 s0700/1030] loss = 0.477243
[e317 s0750/1030] loss = 0.486509
[e317 s0800/1030] loss = 0.579087
[e317 s0850/1030] loss = 0.581389
[e317 s0900/1030] loss = 0.592021
[e317 s0950/1030] loss = 0.599747
[e317 s1000/1030] loss = 0.649137
Epoch 317: train_loss = 0.642947  MAE/GAME0 = 7.791  RMSE = 20.114  GAME1 = 9.063  GAME2 = 10.322  GAME3 = 11.120  lr = 1.00e-05  time = 7.7s
[e318 s0001/1030] loss = 0.034888
[e318 s0050/1030] loss = 0.455646
[e318 s0100/1030] loss = 0.543158
[e318 s0150/1030] loss = 0.538971
[e318 s0200/1030] loss = 0.502527
[e318 s0250/1030] loss = 0.518810
[e318 s0300/1030] loss = 0.511951
[e318 s0350/1030] loss = 0.523286
[e318 s0400/1030] loss = 0.518866
[e318 s0450/1030] loss = 0.580703
[e318 s0500/1030] loss = 0.590119
[e318 s0550/1030] loss = 0.585092
[e318 s0600/1030] loss = 0.568914
[e318 s0650/1030] loss = 0.601695
[e318 s0700/1030] loss = 0.597317
[e318 s0750/1030] loss = 0.579668
[e318 s0800/1030] loss = 0.566309
[e318 s0850/1030] loss = 0.584394
[e318 s0900/1030] loss = 0.582551
[e318 s0950/1030] loss = 0.572260
[e318 s1000/1030] loss = 0.578494
Epoch 318: train_loss = 0.575190  MAE/GAME0 = 6.617  RMSE = 10.160  GAME1 = 8.011  GAME2 = 9.471  GAME3 = 10.444  lr = 1.00e-05  time = 8.1s
[e319 s0001/1030] loss = 0.433032
[e319 s0050/1030] loss = 0.516698
[e319 s0100/1030] loss = 0.446202
[e319 s0150/1030] loss = 0.523755
[e319 s0200/1030] loss = 0.492778
[e319 s0250/1030] loss = 0.466306
[e319 s0300/1030] loss = 0.475546
[e319 s0350/1030] loss = 0.482507
[e319 s0400/1030] loss = 0.620508
[e319 s0450/1030] loss = 0.624104
[e319 s0500/1030] loss = 0.675583
[e319 s0550/1030] loss = 0.687234
[e319 s0600/1030] loss = 0.674002
[e319 s0650/1030] loss = 0.652338
[e319 s0700/1030] loss = 0.665252
[e319 s0750/1030] loss = 0.658092
[e319 s0800/1030] loss = 0.639144
[e319 s0850/1030] loss = 0.618783
[e319 s0900/1030] loss = 0.600005
[e319 s0950/1030] loss = 0.593836
[e319 s1000/1030] loss = 0.586024
Epoch 319: train_loss = 0.584662  MAE/GAME0 = 6.790  RMSE = 16.272  GAME1 = 7.738  GAME2 = 8.918  GAME3 = 9.694  lr = 1.00e-05  time = 7.6s
[e320 s0001/1030] loss = 0.778845
[e320 s0050/1030] loss = 0.717526
[e320 s0100/1030] loss = 0.572466
[e320 s0150/1030] loss = 0.558339
[e320 s0200/1030] loss = 0.523182
[e320 s0250/1030] loss = 0.531171
[e320 s0300/1030] loss = 0.532644
[e320 s0350/1030] loss = 0.532505
[e320 s0400/1030] loss = 0.519609
[e320 s0450/1030] loss = 0.520143
[e320 s0500/1030] loss = 0.516154
[e320 s0550/1030] loss = 0.518571
[e320 s0600/1030] loss = 0.518455
[e320 s0650/1030] loss = 0.530186
[e320 s0700/1030] loss = 0.553496
[e320 s0750/1030] loss = 0.555542
[e320 s0800/1030] loss = 0.777897
[e320 s0850/1030] loss = 0.794934
[e320 s0900/1030] loss = 0.790112
[e320 s0950/1030] loss = 0.770102
[e320 s1000/1030] loss = 0.746211
Epoch 320: train_loss = 0.736314  MAE/GAME0 = 7.185  RMSE = 15.983  GAME1 = 8.809  GAME2 = 10.037  GAME3 = 10.840  lr = 1.00e-05  time = 7.8s
[e321 s0001/1030] loss = 0.064175
[e321 s0050/1030] loss = 0.643379
[e321 s0100/1030] loss = 0.749519
[e321 s0150/1030] loss = 0.616971
[e321 s0200/1030] loss = 0.587040
[e321 s0250/1030] loss = 0.550566
[e321 s0300/1030] loss = 0.563462
[e321 s0350/1030] loss = 0.672667
[e321 s0400/1030] loss = 0.702819
[e321 s0450/1030] loss = 0.670598
[e321 s0500/1030] loss = 0.716095
[e321 s0550/1030] loss = 0.692814
[e321 s0600/1030] loss = 0.663050
[e321 s0650/1030] loss = 0.665283
[e321 s0700/1030] loss = 0.647151
[e321 s0750/1030] loss = 0.635795
[e321 s0800/1030] loss = 0.622542
[e321 s0850/1030] loss = 0.635509
[e321 s0900/1030] loss = 0.623642
[e321 s0950/1030] loss = 0.610537
[e321 s1000/1030] loss = 0.609670
Epoch 321: train_loss = 0.598762  MAE/GAME0 = 5.937  RMSE = 11.105  GAME1 = 7.307  GAME2 = 8.646  GAME3 = 9.474  lr = 1.00e-05  time = 7.8s
[e322 s0001/1030] loss = 0.704002
[e322 s0050/1030] loss = 0.366575
[e322 s0100/1030] loss = 0.531767
[e322 s0150/1030] loss = 0.458380
[e322 s0200/1030] loss = 0.460920
[e322 s0250/1030] loss = 0.448430
[e322 s0300/1030] loss = 0.437212
[e322 s0350/1030] loss = 0.450814
[e322 s0400/1030] loss = 0.437165
[e322 s0450/1030] loss = 0.437421
[e322 s0500/1030] loss = 0.452034
[e322 s0550/1030] loss = 0.461355
[e322 s0600/1030] loss = 0.456639
[e322 s0650/1030] loss = 0.465276
[e322 s0700/1030] loss = 0.461192
[e322 s0750/1030] loss = 0.455171
[e322 s0800/1030] loss = 0.454038
[e322 s0850/1030] loss = 0.461621
[e322 s0900/1030] loss = 0.490516
[e322 s0950/1030] loss = 0.482984
[e322 s1000/1030] loss = 0.481258
Epoch 322: train_loss = 0.480547  MAE/GAME0 = 6.666  RMSE = 14.129  GAME1 = 7.724  GAME2 = 8.866  GAME3 = 9.672  lr = 1.00e-05  time = 7.7s
[e323 s0001/1030] loss = 0.125044
[e323 s0050/1030] loss = 0.735186
[e323 s0100/1030] loss = 0.612616
[e323 s0150/1030] loss = 0.601290
[e323 s0200/1030] loss = 0.538703
[e323 s0250/1030] loss = 0.524084
[e323 s0300/1030] loss = 0.542728
[e323 s0350/1030] loss = 0.513527
[e323 s0400/1030] loss = 0.537221
[e323 s0450/1030] loss = 0.518273
[e323 s0500/1030] loss = 0.599825
[e323 s0550/1030] loss = 0.569446
[e323 s0600/1030] loss = 0.579832
[e323 s0650/1030] loss = 0.567227
[e323 s0700/1030] loss = 0.554338
[e323 s0750/1030] loss = 0.567828
[e323 s0800/1030] loss = 0.563590
[e323 s0850/1030] loss = 0.556960
[e323 s0900/1030] loss = 0.555902
[e323 s0950/1030] loss = 0.610776
[e323 s1000/1030] loss = 0.633390
Epoch 323: train_loss = 0.630506  MAE/GAME0 = 6.933  RMSE = 18.265  GAME1 = 8.198  GAME2 = 9.418  GAME3 = 10.238  lr = 1.00e-05  time = 7.6s
[e324 s0001/1030] loss = 0.442493
[e324 s0050/1030] loss = 0.972623
[e324 s0100/1030] loss = 0.746531
[e324 s0150/1030] loss = 0.629439
[e324 s0200/1030] loss = 0.900910
[e324 s0250/1030] loss = 0.822828
[e324 s0300/1030] loss = 0.746093
[e324 s0350/1030] loss = 0.692836
[e324 s0400/1030] loss = 0.670458
[e324 s0450/1030] loss = 0.647981
[e324 s0500/1030] loss = 0.641512
[e324 s0550/1030] loss = 0.630001
[e324 s0600/1030] loss = 0.657661
[e324 s0650/1030] loss = 0.643425
[e324 s0700/1030] loss = 0.650739
[e324 s0750/1030] loss = 0.632456
[e324 s0800/1030] loss = 0.623229
[e324 s0850/1030] loss = 0.611373
[e324 s0900/1030] loss = 0.600246
[e324 s0950/1030] loss = 0.589144
[e324 s1000/1030] loss = 0.590172
Epoch 324: train_loss = 0.584202  MAE/GAME0 = 6.132  RMSE = 14.707  GAME1 = 7.516  GAME2 = 8.839  GAME3 = 9.723  lr = 1.00e-05  time = 7.7s
[e325 s0001/1030] loss = 0.925110
[e325 s0050/1030] loss = 0.396129
[e325 s0100/1030] loss = 0.383927
[e325 s0150/1030] loss = 0.478574
[e325 s0200/1030] loss = 0.687461
[e325 s0250/1030] loss = 0.602160
[e325 s0300/1030] loss = 0.552094
[e325 s0350/1030] loss = 0.757023
[e325 s0400/1030] loss = 0.735494
[e325 s0450/1030] loss = 0.703732
[e325 s0500/1030] loss = 0.704109
[e325 s0550/1030] loss = 0.700287
[e325 s0600/1030] loss = 0.665334
[e325 s0650/1030] loss = 0.657976
[e325 s0700/1030] loss = 0.637521
[e325 s0750/1030] loss = 0.615212
[e325 s0800/1030] loss = 0.607610
[e325 s0850/1030] loss = 0.654949
[e325 s0900/1030] loss = 0.655162
[e325 s0950/1030] loss = 0.649029
[e325 s1000/1030] loss = 0.636480
Epoch 325: train_loss = 0.631230  MAE/GAME0 = 5.970  RMSE = 11.658  GAME1 = 7.203  GAME2 = 8.497  GAME3 = 9.435  lr = 1.00e-05  time = 7.6s
[e326 s0001/1030] loss = 0.072414
[e326 s0050/1030] loss = 0.430952
[e326 s0100/1030] loss = 0.553418
[e326 s0150/1030] loss = 0.632399
[e326 s0200/1030] loss = 0.632079
[e326 s0250/1030] loss = 0.595929
[e326 s0300/1030] loss = 0.571123
[e326 s0350/1030] loss = 0.533287
[e326 s0400/1030] loss = 0.554292
[e326 s0450/1030] loss = 0.544134
[e326 s0500/1030] loss = 0.532197
[e326 s0550/1030] loss = 0.530196
[e326 s0600/1030] loss = 0.537920
[e326 s0650/1030] loss = 0.532201
[e326 s0700/1030] loss = 0.555660
[e326 s0750/1030] loss = 0.554700
[e326 s0800/1030] loss = 0.608128
[e326 s0850/1030] loss = 0.597548
[e326 s0900/1030] loss = 0.581858
[e326 s0950/1030] loss = 0.577730
[e326 s1000/1030] loss = 0.572043
Epoch 326: train_loss = 0.572708  MAE/GAME0 = 5.249  RMSE = 9.115  GAME1 = 6.969  GAME2 = 8.235  GAME3 = 9.248  lr = 1.00e-05  time = 7.6s
[e327 s0001/1030] loss = 0.452368
[e327 s0050/1030] loss = 0.473930
[e327 s0100/1030] loss = 0.399874
[e327 s0150/1030] loss = 0.421375
[e327 s0200/1030] loss = 0.443729
[e327 s0250/1030] loss = 0.464343
[e327 s0300/1030] loss = 0.481203
[e327 s0350/1030] loss = 0.707731
[e327 s0400/1030] loss = 0.712149
[e327 s0450/1030] loss = 0.715760
[e327 s0500/1030] loss = 0.755085
[e327 s0550/1030] loss = 0.722047
[e327 s0600/1030] loss = 0.694182
[e327 s0650/1030] loss = 0.686520
[e327 s0700/1030] loss = 0.675659
[e327 s0750/1030] loss = 0.670399
[e327 s0800/1030] loss = 0.656347
[e327 s0850/1030] loss = 0.642295
[e327 s0900/1030] loss = 0.641389
[e327 s0950/1030] loss = 0.628089
[e327 s1000/1030] loss = 0.621299
Epoch 327: train_loss = 0.617933  MAE/GAME0 = 7.396  RMSE = 24.267  GAME1 = 8.809  GAME2 = 10.142  GAME3 = 11.068  lr = 1.00e-05  time = 7.8s
[e328 s0001/1030] loss = 1.116665
[e328 s0050/1030] loss = 0.516100
[e328 s0100/1030] loss = 0.537009
[e328 s0150/1030] loss = 0.473068
[e328 s0200/1030] loss = 0.481303
[e328 s0250/1030] loss = 0.480641
[e328 s0300/1030] loss = 0.497704
[e328 s0350/1030] loss = 0.485193
[e328 s0400/1030] loss = 0.492782
[e328 s0450/1030] loss = 0.487653
[e328 s0500/1030] loss = 0.517844
[e328 s0550/1030] loss = 0.528596
[e328 s0600/1030] loss = 0.531112
[e328 s0650/1030] loss = 0.546607
[e328 s0700/1030] loss = 0.547159
[e328 s0750/1030] loss = 0.564970
[e328 s0800/1030] loss = 0.549995
[e328 s0850/1030] loss = 0.654325
[e328 s0900/1030] loss = 0.640988
[e328 s0950/1030] loss = 0.623661
[e328 s1000/1030] loss = 0.620175
Epoch 328: train_loss = 0.618183  MAE/GAME0 = 7.380  RMSE = 18.451  GAME1 = 8.821  GAME2 = 10.214  GAME3 = 11.142  lr = 1.00e-05  time = 7.7s
[e329 s0001/1030] loss = 0.055804
[e329 s0050/1030] loss = 0.386069
[e329 s0100/1030] loss = 0.390064
[e329 s0150/1030] loss = 0.619371
[e329 s0200/1030] loss = 0.552141
[e329 s0250/1030] loss = 0.517248
[e329 s0300/1030] loss = 0.512190
[e329 s0350/1030] loss = 0.525282
[e329 s0400/1030] loss = 0.503477
[e329 s0450/1030] loss = 0.502356
[e329 s0500/1030] loss = 0.523208
[e329 s0550/1030] loss = 0.576070
[e329 s0600/1030] loss = 0.554103
[e329 s0650/1030] loss = 0.549385
[e329 s0700/1030] loss = 0.547618
[e329 s0750/1030] loss = 0.537081
[e329 s0800/1030] loss = 0.562485
[e329 s0850/1030] loss = 0.563229
[e329 s0900/1030] loss = 0.563229
[e329 s0950/1030] loss = 0.549392
[e329 s1000/1030] loss = 0.552622
Epoch 329: train_loss = 0.547619  MAE/GAME0 = 7.149  RMSE = 17.315  GAME1 = 8.573  GAME2 = 9.848  GAME3 = 10.685  lr = 1.00e-05  time = 7.9s
[e330 s0001/1030] loss = 0.053544
[e330 s0050/1030] loss = 0.495344
[e330 s0100/1030] loss = 0.523012
[e330 s0150/1030] loss = 0.544680
[e330 s0200/1030] loss = 0.528010
[e330 s0250/1030] loss = 0.537167
[e330 s0300/1030] loss = 0.559085
[e330 s0350/1030] loss = 0.641813
[e330 s0400/1030] loss = 0.650761
[e330 s0450/1030] loss = 0.627658
[e330 s0500/1030] loss = 0.601160
[e330 s0550/1030] loss = 0.586623
[e330 s0600/1030] loss = 0.571758
[e330 s0650/1030] loss = 0.576766
[e330 s0700/1030] loss = 0.598722
[e330 s0750/1030] loss = 0.605425
[e330 s0800/1030] loss = 0.606946
[e330 s0850/1030] loss = 0.599689
[e330 s0900/1030] loss = 0.589508
[e330 s0950/1030] loss = 0.574674
[e330 s1000/1030] loss = 0.565165
Epoch 330: train_loss = 0.578463  MAE/GAME0 = 6.170  RMSE = 14.129  GAME1 = 7.397  GAME2 = 8.698  GAME3 = 9.620  lr = 1.00e-05  time = 7.6s
[e331 s0001/1030] loss = 0.175301
[e331 s0050/1030] loss = 0.390777
[e331 s0100/1030] loss = 0.486537
[e331 s0150/1030] loss = 0.442110
[e331 s0200/1030] loss = 0.427736
[e331 s0250/1030] loss = 0.441365
[e331 s0300/1030] loss = 0.438285
[e331 s0350/1030] loss = 0.460942
[e331 s0400/1030] loss = 0.453630
[e331 s0450/1030] loss = 0.465348
[e331 s0500/1030] loss = 0.463220
[e331 s0550/1030] loss = 0.487376
[e331 s0600/1030] loss = 0.486514
[e331 s0650/1030] loss = 0.503390
[e331 s0700/1030] loss = 0.526153
[e331 s0750/1030] loss = 0.537754
[e331 s0800/1030] loss = 0.543306
[e331 s0850/1030] loss = 0.529545
[e331 s0900/1030] loss = 0.532545
[e331 s0950/1030] loss = 0.526577
[e331 s1000/1030] loss = 0.529783
Epoch 331: train_loss = 0.538353  MAE/GAME0 = 7.718  RMSE = 15.776  GAME1 = 8.951  GAME2 = 10.311  GAME3 = 11.079  lr = 1.00e-05  time = 7.7s
[e332 s0001/1030] loss = 0.081310
[e332 s0050/1030] loss = 0.831249
[e332 s0100/1030] loss = 0.621599
[e332 s0150/1030] loss = 0.575083
[e332 s0200/1030] loss = 0.517635
[e332 s0250/1030] loss = 0.485382
[e332 s0300/1030] loss = 0.471830
[e332 s0350/1030] loss = 0.513380
[e332 s0400/1030] loss = 0.573101
[e332 s0450/1030] loss = 0.591367
[e332 s0500/1030] loss = 0.595813
[e332 s0550/1030] loss = 0.592763
[e332 s0600/1030] loss = 0.660233
[e332 s0650/1030] loss = 0.715701
[e332 s0700/1030] loss = 0.711164
[e332 s0750/1030] loss = 0.690359
[e332 s0800/1030] loss = 0.673462
[e332 s0850/1030] loss = 0.656717
[e332 s0900/1030] loss = 0.642328
[e332 s0950/1030] loss = 0.691143
[e332 s1000/1030] loss = 0.689806
Epoch 332: train_loss = 0.693180  MAE/GAME0 = 6.689  RMSE = 18.976  GAME1 = 7.998  GAME2 = 9.291  GAME3 = 10.161  lr = 1.00e-05  time = 7.4s
[e333 s0001/1030] loss = 0.225349
[e333 s0050/1030] loss = 0.466351
[e333 s0100/1030] loss = 0.459704
[e333 s0150/1030] loss = 0.437930
[e333 s0200/1030] loss = 0.561788
[e333 s0250/1030] loss = 0.592849
[e333 s0300/1030] loss = 0.573014
[e333 s0350/1030] loss = 0.554623
[e333 s0400/1030] loss = 0.547887
[e333 s0450/1030] loss = 0.544571
[e333 s0500/1030] loss = 0.538477
[e333 s0550/1030] loss = 0.546867
[e333 s0600/1030] loss = 0.551933
[e333 s0650/1030] loss = 0.539435
[e333 s0700/1030] loss = 0.522791
[e333 s0750/1030] loss = 0.643265
[e333 s0800/1030] loss = 0.656671
[e333 s0850/1030] loss = 0.644927
[e333 s0900/1030] loss = 0.634746
[e333 s0950/1030] loss = 0.652242
[e333 s1000/1030] loss = 0.648926
Epoch 333: train_loss = 0.641426  MAE/GAME0 = 6.213  RMSE = 13.967  GAME1 = 7.727  GAME2 = 9.072  GAME3 = 9.904  lr = 1.00e-05  time = 7.7s
[e334 s0001/1030] loss = 0.208704
[e334 s0050/1030] loss = 0.473776
[e334 s0100/1030] loss = 0.693069
[e334 s0150/1030] loss = 0.675643
[e334 s0200/1030] loss = 0.628931
[e334 s0250/1030] loss = 0.601909
[e334 s0300/1030] loss = 0.582019
[e334 s0350/1030] loss = 0.573263
[e334 s0400/1030] loss = 0.603888
[e334 s0450/1030] loss = 0.600870
[e334 s0500/1030] loss = 0.578113
[e334 s0550/1030] loss = 0.600120
[e334 s0600/1030] loss = 0.610678
[e334 s0650/1030] loss = 0.593852
[e334 s0700/1030] loss = 0.580104
[e334 s0750/1030] loss = 0.572934
[e334 s0800/1030] loss = 0.556271
[e334 s0850/1030] loss = 0.564714
[e334 s0900/1030] loss = 0.567657
[e334 s0950/1030] loss = 0.554633
[e334 s1000/1030] loss = 0.553974
Epoch 334: train_loss = 0.555111  MAE/GAME0 = 5.623  RMSE = 11.566  GAME1 = 6.969  GAME2 = 8.187  GAME3 = 9.058  lr = 1.00e-05  time = 7.6s
[e335 s0001/1030] loss = 0.087551
[e335 s0050/1030] loss = 0.545639
[e335 s0100/1030] loss = 0.551129
[e335 s0150/1030] loss = 0.486989
[e335 s0200/1030] loss = 0.466276
[e335 s0250/1030] loss = 0.438023
[e335 s0300/1030] loss = 0.421513
[e335 s0350/1030] loss = 0.427058
[e335 s0400/1030] loss = 0.456194
[e335 s0450/1030] loss = 0.493028
[e335 s0500/1030] loss = 0.494591
[e335 s0550/1030] loss = 0.478726
[e335 s0600/1030] loss = 0.487811
[e335 s0650/1030] loss = 0.488348
[e335 s0700/1030] loss = 0.510590
[e335 s0750/1030] loss = 0.508878
[e335 s0800/1030] loss = 0.520063
[e335 s0850/1030] loss = 0.516301
[e335 s0900/1030] loss = 0.506616
[e335 s0950/1030] loss = 0.540090
[e335 s1000/1030] loss = 0.539898
Epoch 335: train_loss = 0.532430  MAE/GAME0 = 7.311  RMSE = 20.640  GAME1 = 8.517  GAME2 = 9.743  GAME3 = 10.601  lr = 1.00e-05  time = 7.7s
[e336 s0001/1030] loss = 0.441360
[e336 s0050/1030] loss = 0.529567
[e336 s0100/1030] loss = 0.491907
[e336 s0150/1030] loss = 0.492864
[e336 s0200/1030] loss = 0.470606
[e336 s0250/1030] loss = 0.480240
[e336 s0300/1030] loss = 0.489776
[e336 s0350/1030] loss = 0.493791
[e336 s0400/1030] loss = 0.468977
[e336 s0450/1030] loss = 0.483825
[e336 s0500/1030] loss = 0.483916
[e336 s0550/1030] loss = 0.476037
[e336 s0600/1030] loss = 0.474343
[e336 s0650/1030] loss = 0.474203
[e336 s0700/1030] loss = 0.499546
[e336 s0750/1030] loss = 0.505005
[e336 s0800/1030] loss = 0.494728
[e336 s0850/1030] loss = 0.494496
[e336 s0900/1030] loss = 0.655445
[e336 s0950/1030] loss = 0.655374
[e336 s1000/1030] loss = 0.660335
Epoch 336: train_loss = 0.677698  MAE/GAME0 = 7.083  RMSE = 15.039  GAME1 = 8.129  GAME2 = 9.295  GAME3 = 10.069  lr = 1.00e-05  time = 8.0s
[e337 s0001/1030] loss = 0.619165
[e337 s0050/1030] loss = 0.545397
[e337 s0100/1030] loss = 0.547444
[e337 s0150/1030] loss = 0.551141
[e337 s0200/1030] loss = 0.540471
[e337 s0250/1030] loss = 0.521382
[e337 s0300/1030] loss = 0.511617
[e337 s0350/1030] loss = 0.501959
[e337 s0400/1030] loss = 0.529980
[e337 s0450/1030] loss = 0.548257
[e337 s0500/1030] loss = 0.541353
[e337 s0550/1030] loss = 0.537594
[e337 s0600/1030] loss = 0.538512
[e337 s0650/1030] loss = 0.527611
[e337 s0700/1030] loss = 0.533132
[e337 s0750/1030] loss = 0.555378
[e337 s0800/1030] loss = 0.552793
[e337 s0850/1030] loss = 0.547587
[e337 s0900/1030] loss = 0.536578
[e337 s0950/1030] loss = 0.547527
[e337 s1000/1030] loss = 0.552064
Epoch 337: train_loss = 0.555064  MAE/GAME0 = 5.829  RMSE = 13.222  GAME1 = 7.138  GAME2 = 8.442  GAME3 = 9.308  lr = 1.00e-05  time = 7.7s
[e338 s0001/1030] loss = 0.544603
[e338 s0050/1030] loss = 0.365183
[e338 s0100/1030] loss = 0.413606
[e338 s0150/1030] loss = 0.495479
[e338 s0200/1030] loss = 0.634673
[e338 s0250/1030] loss = 0.574784
[e338 s0300/1030] loss = 0.565122
[e338 s0350/1030] loss = 0.617921
[e338 s0400/1030] loss = 0.590908
[e338 s0450/1030] loss = 0.566070
[e338 s0500/1030] loss = 0.568669
[e338 s0550/1030] loss = 0.577409
[e338 s0600/1030] loss = 0.574065
[e338 s0650/1030] loss = 0.580360
[e338 s0700/1030] loss = 0.590080
[e338 s0750/1030] loss = 0.588182
[e338 s0800/1030] loss = 0.577477
[e338 s0850/1030] loss = 0.583441
[e338 s0900/1030] loss = 0.570543
[e338 s0950/1030] loss = 0.567922
[e338 s1000/1030] loss = 0.557117
Epoch 338: train_loss = 0.547773  MAE/GAME0 = 5.757  RMSE = 11.091  GAME1 = 7.080  GAME2 = 8.414  GAME3 = 9.347  lr = 1.00e-05  time = 8.5s
[e339 s0001/1030] loss = 0.084023
[e339 s0050/1030] loss = 0.504961
[e339 s0100/1030] loss = 0.431577
[e339 s0150/1030] loss = 0.534804
[e339 s0200/1030] loss = 0.531342
[e339 s0250/1030] loss = 0.519684
[e339 s0300/1030] loss = 0.518290
[e339 s0350/1030] loss = 0.493922
[e339 s0400/1030] loss = 0.516060
[e339 s0450/1030] loss = 0.498951
[e339 s0500/1030] loss = 0.509595
[e339 s0550/1030] loss = 0.506287
[e339 s0600/1030] loss = 0.502057
[e339 s0650/1030] loss = 0.490510
[e339 s0700/1030] loss = 0.479231
[e339 s0750/1030] loss = 0.489998
[e339 s0800/1030] loss = 0.484146
[e339 s0850/1030] loss = 0.491410
[e339 s0900/1030] loss = 0.488147
[e339 s0950/1030] loss = 0.484330
[e339 s1000/1030] loss = 0.522858
Epoch 339: train_loss = 0.532728  MAE/GAME0 = 7.830  RMSE = 17.034  GAME1 = 8.839  GAME2 = 9.930  GAME3 = 10.679  lr = 1.00e-05  time = 7.7s
[e340 s0001/1030] loss = 0.262677
[e340 s0050/1030] loss = 0.507227
[e340 s0100/1030] loss = 0.522756
[e340 s0150/1030] loss = 0.479460
[e340 s0200/1030] loss = 0.440888
[e340 s0250/1030] loss = 0.465192
[e340 s0300/1030] loss = 0.462199
[e340 s0350/1030] loss = 0.637200
[e340 s0400/1030] loss = 0.625313
[e340 s0450/1030] loss = 0.616893
[e340 s0500/1030] loss = 0.622199
[e340 s0550/1030] loss = 0.611285
[e340 s0600/1030] loss = 0.612193
[e340 s0650/1030] loss = 0.600381
[e340 s0700/1030] loss = 0.640904
[e340 s0750/1030] loss = 0.635938
[e340 s0800/1030] loss = 0.612618
[e340 s0850/1030] loss = 0.610017
[e340 s0900/1030] loss = 0.619642
[e340 s0950/1030] loss = 0.618406
[e340 s1000/1030] loss = 0.612646
Epoch 340: train_loss = 0.602086  MAE/GAME0 = 6.098  RMSE = 13.196  GAME1 = 7.256  GAME2 = 8.430  GAME3 = 9.204  lr = 1.00e-05  time = 7.5s
[e341 s0001/1030] loss = 0.442400
[e341 s0050/1030] loss = 0.472650
[e341 s0100/1030] loss = 0.452044
[e341 s0150/1030] loss = 0.518326
[e341 s0200/1030] loss = 0.493557
[e341 s0250/1030] loss = 0.486444
[e341 s0300/1030] loss = 0.500295
[e341 s0350/1030] loss = 0.552977
[e341 s0400/1030] loss = 0.527994
[e341 s0450/1030] loss = 0.524514
[e341 s0500/1030] loss = 0.510848
[e341 s0550/1030] loss = 0.508458
[e341 s0600/1030] loss = 0.500807
[e341 s0650/1030] loss = 0.501711
[e341 s0700/1030] loss = 0.501941
[e341 s0750/1030] loss = 0.496353
[e341 s0800/1030] loss = 0.494453
[e341 s0850/1030] loss = 0.491182
[e341 s0900/1030] loss = 0.487841
[e341 s0950/1030] loss = 0.488919
[e341 s1000/1030] loss = 0.499615
Epoch 341: train_loss = 0.500541  MAE/GAME0 = 6.125  RMSE = 9.469  GAME1 = 7.582  GAME2 = 9.033  GAME3 = 9.990  lr = 1.00e-05  time = 7.7s
[e342 s0001/1030] loss = 0.368801
[e342 s0050/1030] loss = 0.359652
[e342 s0100/1030] loss = 0.377959
[e342 s0150/1030] loss = 0.403132
[e342 s0200/1030] loss = 0.389256
[e342 s0250/1030] loss = 0.491907
[e342 s0300/1030] loss = 0.489476
[e342 s0350/1030] loss = 0.510357
[e342 s0400/1030] loss = 0.522796
[e342 s0450/1030] loss = 0.503294
[e342 s0500/1030] loss = 0.506882
[e342 s0550/1030] loss = 0.508075
[e342 s0600/1030] loss = 0.561083
[e342 s0650/1030] loss = 0.544663
[e342 s0700/1030] loss = 0.539253
[e342 s0750/1030] loss = 0.547551
[e342 s0800/1030] loss = 0.544118
[e342 s0850/1030] loss = 0.553087
[e342 s0900/1030] loss = 0.556497
[e342 s0950/1030] loss = 0.554364
[e342 s1000/1030] loss = 0.552140
Epoch 342: train_loss = 0.542498  MAE/GAME0 = 5.588  RMSE = 9.989  GAME1 = 6.965  GAME2 = 8.288  GAME3 = 9.179  lr = 1.00e-05  time = 7.7s
[e343 s0001/1030] loss = 0.383539
[e343 s0050/1030] loss = 0.373738
[e343 s0100/1030] loss = 0.370506
[e343 s0150/1030] loss = 0.482390
[e343 s0200/1030] loss = 0.601707
[e343 s0250/1030] loss = 0.569942
[e343 s0300/1030] loss = 0.536853
[e343 s0350/1030] loss = 0.509528
[e343 s0400/1030] loss = 0.506783
[e343 s0450/1030] loss = 0.506382
[e343 s0500/1030] loss = 0.528098
[e343 s0550/1030] loss = 0.513255
[e343 s0600/1030] loss = 0.506139
[e343 s0650/1030] loss = 0.497458
[e343 s0700/1030] loss = 0.506368
[e343 s0750/1030] loss = 0.560358
[e343 s0800/1030] loss = 0.552582
[e343 s0850/1030] loss = 0.552780
[e343 s0900/1030] loss = 0.552852
[e343 s0950/1030] loss = 0.544670
[e343 s1000/1030] loss = 0.545412
Epoch 343: train_loss = 0.543597  MAE/GAME0 = 6.623  RMSE = 18.250  GAME1 = 7.884  GAME2 = 9.157  GAME3 = 10.007  lr = 1.00e-05  time = 7.6s
[e344 s0001/1030] loss = 0.359190
[e344 s0050/1030] loss = 0.564890
[e344 s0100/1030] loss = 0.606987
[e344 s0150/1030] loss = 0.618833
[e344 s0200/1030] loss = 1.021282
[e344 s0250/1030] loss = 0.934474
[e344 s0300/1030] loss = 0.872092
[e344 s0350/1030] loss = 0.864588
[e344 s0400/1030] loss = 0.879199
[e344 s0450/1030] loss = 0.848316
[e344 s0500/1030] loss = 0.817101
[e344 s0550/1030] loss = 0.816409
[e344 s0600/1030] loss = 0.786002
[e344 s0650/1030] loss = 0.749433
[e344 s0700/1030] loss = 0.718630
[e344 s0750/1030] loss = 0.708970
[e344 s0800/1030] loss = 0.704606
[e344 s0850/1030] loss = 0.696184
[e344 s0900/1030] loss = 0.697990
[e344 s0950/1030] loss = 0.677453
[e344 s1000/1030] loss = 0.670822
Epoch 344: train_loss = 0.661963  MAE/GAME0 = 5.593  RMSE = 10.376  GAME1 = 6.988  GAME2 = 8.207  GAME3 = 9.065  lr = 1.00e-05  time = 7.7s
[e345 s0001/1030] loss = 0.016158
[e345 s0050/1030] loss = 0.410041
[e345 s0100/1030] loss = 0.563802
[e345 s0150/1030] loss = 0.640805
[e345 s0200/1030] loss = 0.574935
[e345 s0250/1030] loss = 0.539798
[e345 s0300/1030] loss = 0.523327
[e345 s0350/1030] loss = 0.511691
[e345 s0400/1030] loss = 0.528996
[e345 s0450/1030] loss = 0.514571
[e345 s0500/1030] loss = 0.523694
[e345 s0550/1030] loss = 0.531691
[e345 s0600/1030] loss = 0.520438
[e345 s0650/1030] loss = 0.516371
[e345 s0700/1030] loss = 0.523861
[e345 s0750/1030] loss = 0.511763
[e345 s0800/1030] loss = 0.531497
[e345 s0850/1030] loss = 0.532719
[e345 s0900/1030] loss = 0.533103
[e345 s0950/1030] loss = 0.525066
[e345 s1000/1030] loss = 0.515236
Epoch 345: train_loss = 0.510445  MAE/GAME0 = 6.044  RMSE = 12.282  GAME1 = 7.581  GAME2 = 8.910  GAME3 = 9.660  lr = 1.00e-05  time = 7.7s
[e346 s0001/1030] loss = 0.798933
[e346 s0050/1030] loss = 0.345788
[e346 s0100/1030] loss = 0.431746
[e346 s0150/1030] loss = 0.427829
[e346 s0200/1030] loss = 0.395733
[e346 s0250/1030] loss = 0.407732
[e346 s0300/1030] loss = 0.453227
[e346 s0350/1030] loss = 0.432382
[e346 s0400/1030] loss = 0.435426
[e346 s0450/1030] loss = 0.450503
[e346 s0500/1030] loss = 0.452109
[e346 s0550/1030] loss = 0.448159
[e346 s0600/1030] loss = 0.455996
[e346 s0650/1030] loss = 0.464788
[e346 s0700/1030] loss = 0.461947
[e346 s0750/1030] loss = 0.453372
[e346 s0800/1030] loss = 0.445925
[e346 s0850/1030] loss = 0.443896
[e346 s0900/1030] loss = 0.448402
[e346 s0950/1030] loss = 0.456405
[e346 s1000/1030] loss = 0.472526
Epoch 346: train_loss = 0.515081  MAE/GAME0 = 6.199  RMSE = 10.388  GAME1 = 7.838  GAME2 = 9.188  GAME3 = 10.081  lr = 1.00e-05  time = 7.6s
[e347 s0001/1030] loss = 0.798421
[e347 s0050/1030] loss = 0.834520
[e347 s0100/1030] loss = 0.795098
[e347 s0150/1030] loss = 0.669134
[e347 s0200/1030] loss = 0.637637
[e347 s0250/1030] loss = 0.617266
[e347 s0300/1030] loss = 0.624247
[e347 s0350/1030] loss = 0.620309
[e347 s0400/1030] loss = 0.579721
[e347 s0450/1030] loss = 0.566965
[e347 s0500/1030] loss = 0.560411
[e347 s0550/1030] loss = 0.552238
[e347 s0600/1030] loss = 0.531257
[e347 s0650/1030] loss = 0.527249
[e347 s0700/1030] loss = 0.557888
[e347 s0750/1030] loss = 0.558234
[e347 s0800/1030] loss = 0.578462
[e347 s0850/1030] loss = 0.588102
[e347 s0900/1030] loss = 0.581213
[e347 s0950/1030] loss = 0.583133
[e347 s1000/1030] loss = 0.582570
Epoch 347: train_loss = 0.575900  MAE/GAME0 = 6.595  RMSE = 17.362  GAME1 = 7.858  GAME2 = 9.023  GAME3 = 9.844  lr = 1.00e-05  time = 7.7s
[e348 s0001/1030] loss = 0.095977
[e348 s0050/1030] loss = 0.769223
[e348 s0100/1030] loss = 0.592671
[e348 s0150/1030] loss = 3.002458
[e348 s0200/1030] loss = 2.340333
[e348 s0250/1030] loss = 2.078071
[e348 s0300/1030] loss = 1.976901
[e348 s0350/1030] loss = 1.940656
[e348 s0400/1030] loss = 1.808247
[e348 s0450/1030] loss = 1.659016
[e348 s0500/1030] loss = 1.541604
[e348 s0550/1030] loss = 1.437972
[e348 s0600/1030] loss = 1.358058
[e348 s0650/1030] loss = 1.297820
[e348 s0700/1030] loss = 1.243050
[e348 s0750/1030] loss = 1.182463
[e348 s0800/1030] loss = 1.133006
[e348 s0850/1030] loss = 1.101154
[e348 s0900/1030] loss = 1.111909
[e348 s0950/1030] loss = 1.087783
[e348 s1000/1030] loss = 1.069413
Epoch 348: train_loss = 1.046299  MAE/GAME0 = 8.187  RMSE = 30.365  GAME1 = 9.348  GAME2 = 10.694  GAME3 = 11.509  lr = 1.00e-05  time = 7.7s
[e349 s0001/1030] loss = 0.201319
[e349 s0050/1030] loss = 0.473536
[e349 s0100/1030] loss = 0.426901
[e349 s0150/1030] loss = 0.437568
[e349 s0200/1030] loss = 0.465871
[e349 s0250/1030] loss = 0.463379
[e349 s0300/1030] loss = 0.835852
[e349 s0350/1030] loss = 0.765790
[e349 s0400/1030] loss = 0.767555
[e349 s0450/1030] loss = 0.756451
[e349 s0500/1030] loss = 0.727326
[e349 s0550/1030] loss = 0.697658
[e349 s0600/1030] loss = 0.704448
[e349 s0650/1030] loss = 0.682135
[e349 s0700/1030] loss = 0.659254
[e349 s0750/1030] loss = 0.661697
[e349 s0800/1030] loss = 0.680401
[e349 s0850/1030] loss = 0.658664
[e349 s0900/1030] loss = 0.652174
[e349 s0950/1030] loss = 0.639412
[e349 s1000/1030] loss = 0.621482
Epoch 349: train_loss = 0.626058  MAE/GAME0 = 8.001  RMSE = 26.318  GAME1 = 9.287  GAME2 = 10.588  GAME3 = 11.434  lr = 1.00e-05  time = 7.4s
[e350 s0001/1030] loss = 0.982202
[e350 s0050/1030] loss = 0.346066
[e350 s0100/1030] loss = 0.642494
[e350 s0150/1030] loss = 0.586900
[e350 s0200/1030] loss = 0.529244
[e350 s0250/1030] loss = 0.478482
[e350 s0300/1030] loss = 0.541066
[e350 s0350/1030] loss = 0.502455
[e350 s0400/1030] loss = 0.485956
[e350 s0450/1030] loss = 0.492334
[e350 s0500/1030] loss = 0.924910
[e350 s0550/1030] loss = 0.902809
[e350 s0600/1030] loss = 0.865107
[e350 s0650/1030] loss = 0.841386
[e350 s0700/1030] loss = 0.804244
[e350 s0750/1030] loss = 0.796209
[e350 s0800/1030] loss = 0.785212
[e350 s0850/1030] loss = 0.771792
[e350 s0900/1030] loss = 0.755231
[e350 s0950/1030] loss = 0.735422
[e350 s1000/1030] loss = 0.722272
Epoch 350: train_loss = 0.710298  MAE/GAME0 = 6.424  RMSE = 17.396  GAME1 = 7.845  GAME2 = 9.023  GAME3 = 9.895  lr = 1.00e-05  time = 7.6s
[e351 s0001/1030] loss = 0.235608
[e351 s0050/1030] loss = 0.493804
[e351 s0100/1030] loss = 0.419509
[e351 s0150/1030] loss = 0.385960
[e351 s0200/1030] loss = 0.442356
[e351 s0250/1030] loss = 0.461750
[e351 s0300/1030] loss = 0.465823
[e351 s0350/1030] loss = 0.477746
[e351 s0400/1030] loss = 0.503547
[e351 s0450/1030] loss = 0.492438
[e351 s0500/1030] loss = 0.503639
[e351 s0550/1030] loss = 0.493203
[e351 s0600/1030] loss = 0.494609
[e351 s0650/1030] loss = 0.574398
[e351 s0700/1030] loss = 0.555564
[e351 s0750/1030] loss = 0.544654
[e351 s0800/1030] loss = 0.547623
[e351 s0850/1030] loss = 0.544298
[e351 s0900/1030] loss = 0.538979
[e351 s0950/1030] loss = 0.543850
[e351 s1000/1030] loss = 0.541564
Epoch 351: train_loss = 0.544813  MAE/GAME0 = 5.596  RMSE = 11.334  GAME1 = 7.063  GAME2 = 8.350  GAME3 = 9.266  lr = 1.00e-05  time = 7.7s
[e352 s0001/1030] loss = 0.193998
[e352 s0050/1030] loss = 0.402274
[e352 s0100/1030] loss = 0.383538
[e352 s0150/1030] loss = 0.382504
[e352 s0200/1030] loss = 0.386604
[e352 s0250/1030] loss = 0.409722
[e352 s0300/1030] loss = 0.480048
[e352 s0350/1030] loss = 0.469957
[e352 s0400/1030] loss = 0.497891
[e352 s0450/1030] loss = 0.474570
[e352 s0500/1030] loss = 0.457769
[e352 s0550/1030] loss = 0.463465
[e352 s0600/1030] loss = 0.470912
[e352 s0650/1030] loss = 0.460418
[e352 s0700/1030] loss = 0.476760
[e352 s0750/1030] loss = 0.468212
[e352 s0800/1030] loss = 0.462438
[e352 s0850/1030] loss = 0.455552
[e352 s0900/1030] loss = 0.459497
[e352 s0950/1030] loss = 0.471154
[e352 s1000/1030] loss = 0.465925
Epoch 352: train_loss = 0.470920  MAE/GAME0 = 7.396  RMSE = 14.455  GAME1 = 8.588  GAME2 = 9.947  GAME3 = 10.818  lr = 1.00e-05  time = 7.8s
[e353 s0001/1030] loss = 1.366034
[e353 s0050/1030] loss = 0.701131
[e353 s0100/1030] loss = 0.592941
[e353 s0150/1030] loss = 0.538711
[e353 s0200/1030] loss = 0.493234
[e353 s0250/1030] loss = 0.457792
[e353 s0300/1030] loss = 0.494415
[e353 s0350/1030] loss = 0.529496
[e353 s0400/1030] loss = 0.506010
[e353 s0450/1030] loss = 0.489099
[e353 s0500/1030] loss = 0.488366
[e353 s0550/1030] loss = 0.481691
[e353 s0600/1030] loss = 0.467161
[e353 s0650/1030] loss = 0.488306
[e353 s0700/1030] loss = 0.472825
[e353 s0750/1030] loss = 0.481783
[e353 s0800/1030] loss = 0.486841
[e353 s0850/1030] loss = 0.485983
[e353 s0900/1030] loss = 0.494518
[e353 s0950/1030] loss = 0.508900
[e353 s1000/1030] loss = 0.504466
Epoch 353: train_loss = 0.503856  MAE/GAME0 = 6.424  RMSE = 11.090  GAME1 = 7.889  GAME2 = 9.157  GAME3 = 9.969  lr = 1.00e-05  time = 7.6s
[e354 s0001/1030] loss = 0.292595
[e354 s0050/1030] loss = 0.583661
[e354 s0100/1030] loss = 0.765727
[e354 s0150/1030] loss = 0.675137
[e354 s0200/1030] loss = 0.612086
[e354 s0250/1030] loss = 0.562871
[e354 s0300/1030] loss = 0.596900
[e354 s0350/1030] loss = 0.567700
[e354 s0400/1030] loss = 0.546227
[e354 s0450/1030] loss = 0.551948
[e354 s0500/1030] loss = 0.539606
[e354 s0550/1030] loss = 0.584576
[e354 s0600/1030] loss = 0.560129
[e354 s0650/1030] loss = 0.546301
[e354 s0700/1030] loss = 0.531549
[e354 s0750/1030] loss = 0.529536
[e354 s0800/1030] loss = 0.529580
[e354 s0850/1030] loss = 0.524275
[e354 s0900/1030] loss = 0.513941
[e354 s0950/1030] loss = 0.520819
[e354 s1000/1030] loss = 0.517890
Epoch 354: train_loss = 0.512487  MAE/GAME0 = 6.239  RMSE = 13.394  GAME1 = 7.300  GAME2 = 8.441  GAME3 = 9.252  lr = 1.00e-05  time = 7.6s
[e355 s0001/1030] loss = 0.025578
[e355 s0050/1030] loss = 0.341348
[e355 s0100/1030] loss = 0.367487
[e355 s0150/1030] loss = 0.420670
[e355 s0200/1030] loss = 0.450450
[e355 s0250/1030] loss = 0.479908
[e355 s0300/1030] loss = 0.493228
[e355 s0350/1030] loss = 0.484964
[e355 s0400/1030] loss = 0.495090
[e355 s0450/1030] loss = 0.499208
[e355 s0500/1030] loss = 0.501680
[e355 s0550/1030] loss = 0.491660
[e355 s0600/1030] loss = 0.478919
[e355 s0650/1030] loss = 0.472533
[e355 s0700/1030] loss = 0.465292
[e355 s0750/1030] loss = 0.460109
[e355 s0800/1030] loss = 0.466090
[e355 s0850/1030] loss = 0.473397
[e355 s0900/1030] loss = 0.467999
[e355 s0950/1030] loss = 0.479637
[e355 s1000/1030] loss = 0.484328
Epoch 355: train_loss = 0.480435  MAE/GAME0 = 6.181  RMSE = 14.343  GAME1 = 7.548  GAME2 = 8.678  GAME3 = 9.494  lr = 1.00e-05  time = 7.8s
[e356 s0001/1030] loss = 1.171719
[e356 s0050/1030] loss = 0.536206
[e356 s0100/1030] loss = 0.572648
[e356 s0150/1030] loss = 0.494725
[e356 s0200/1030] loss = 0.496274
[e356 s0250/1030] loss = 0.451694
[e356 s0300/1030] loss = 0.433988
[e356 s0350/1030] loss = 0.417991
[e356 s0400/1030] loss = 0.411854
[e356 s0450/1030] loss = 0.425381
[e356 s0500/1030] loss = 0.451494
[e356 s0550/1030] loss = 0.476416
[e356 s0600/1030] loss = 0.481142
[e356 s0650/1030] loss = 0.488343
[e356 s0700/1030] loss = 0.490840
[e356 s0750/1030] loss = 0.501211
[e356 s0800/1030] loss = 0.518842
[e356 s0850/1030] loss = 0.528199
[e356 s0900/1030] loss = 0.538814
[e356 s0950/1030] loss = 0.535082
[e356 s1000/1030] loss = 0.529791
Epoch 356: train_loss = 0.523763  MAE/GAME0 = 7.046  RMSE = 16.990  GAME1 = 8.030  GAME2 = 9.049  GAME3 = 9.790  lr = 1.00e-05  time = 7.7s
[e357 s0001/1030] loss = 0.085446
[e357 s0050/1030] loss = 0.651599
[e357 s0100/1030] loss = 0.556629
[e357 s0150/1030] loss = 0.567218
[e357 s0200/1030] loss = 0.500235
[e357 s0250/1030] loss = 0.469355
[e357 s0300/1030] loss = 0.490720
[e357 s0350/1030] loss = 0.489460
[e357 s0400/1030] loss = 0.502210
[e357 s0450/1030] loss = 0.501848
[e357 s0500/1030] loss = 0.496760
[e357 s0550/1030] loss = 0.499610
[e357 s0600/1030] loss = 0.584352
[e357 s0650/1030] loss = 0.590616
[e357 s0700/1030] loss = 0.572866
[e357 s0750/1030] loss = 0.556591
[e357 s0800/1030] loss = 0.546873
[e357 s0850/1030] loss = 0.538569
[e357 s0900/1030] loss = 0.538731
[e357 s0950/1030] loss = 0.528758
[e357 s1000/1030] loss = 0.523575
Epoch 357: train_loss = 0.517302  MAE/GAME0 = 5.487  RMSE = 9.635  GAME1 = 6.771  GAME2 = 7.882  GAME3 = 8.794  lr = 1.00e-05  time = 7.6s
[e358 s0001/1030] loss = 0.075370
[e358 s0050/1030] loss = 0.304538
[e358 s0100/1030] loss = 0.378390
[e358 s0150/1030] loss = 0.426245
[e358 s0200/1030] loss = 0.447876
[e358 s0250/1030] loss = 0.440248
[e358 s0300/1030] loss = 0.466098
[e358 s0350/1030] loss = 0.488314
[e358 s0400/1030] loss = 0.501344
[e358 s0450/1030] loss = 0.484157
[e358 s0500/1030] loss = 0.479291
[e358 s0550/1030] loss = 0.508263
[e358 s0600/1030] loss = 0.496793
[e358 s0650/1030] loss = 0.602063
[e358 s0700/1030] loss = 0.587250
[e358 s0750/1030] loss = 0.575891
[e358 s0800/1030] loss = 0.574763
[e358 s0850/1030] loss = 0.575378
[e358 s0900/1030] loss = 0.568355
[e358 s0950/1030] loss = 0.562041
[e358 s1000/1030] loss = 0.555323
Epoch 358: train_loss = 0.552661  MAE/GAME0 = 6.703  RMSE = 15.683  GAME1 = 8.055  GAME2 = 9.223  GAME3 = 10.097  lr = 1.00e-05  time = 7.6s
[e359 s0001/1030] loss = 0.139625
[e359 s0050/1030] loss = 0.529521
[e359 s0100/1030] loss = 0.458887
[e359 s0150/1030] loss = 0.437137
[e359 s0200/1030] loss = 0.404558
[e359 s0250/1030] loss = 0.401384
[e359 s0300/1030] loss = 0.565269
[e359 s0350/1030] loss = 0.549046
[e359 s0400/1030] loss = 0.541343
[e359 s0450/1030] loss = 0.523641
[e359 s0500/1030] loss = 0.506716
[e359 s0550/1030] loss = 0.515678
[e359 s0600/1030] loss = 0.517625
[e359 s0650/1030] loss = 0.505492
[e359 s0700/1030] loss = 0.491773
[e359 s0750/1030] loss = 0.478814
[e359 s0800/1030] loss = 0.476448
[e359 s0850/1030] loss = 0.529126
[e359 s0900/1030] loss = 0.526934
[e359 s0950/1030] loss = 0.527483
[e359 s1000/1030] loss = 0.527594
Epoch 359: train_loss = 0.521720  MAE/GAME0 = 6.156  RMSE = 14.815  GAME1 = 7.363  GAME2 = 8.680  GAME3 = 9.643  lr = 1.00e-05  time = 7.6s
[e360 s0001/1030] loss = 1.315546
[e360 s0050/1030] loss = 0.532015
[e360 s0100/1030] loss = 0.560835
[e360 s0150/1030] loss = 0.552821
[e360 s0200/1030] loss = 0.517150
[e360 s0250/1030] loss = 0.500260
[e360 s0300/1030] loss = 0.472183
[e360 s0350/1030] loss = 0.511449
[e360 s0400/1030] loss = 0.516826
[e360 s0450/1030] loss = 0.515112
[e360 s0500/1030] loss = 0.514996
[e360 s0550/1030] loss = 0.548808
[e360 s0600/1030] loss = 0.529639
[e360 s0650/1030] loss = 0.515845
[e360 s0700/1030] loss = 0.556275
[e360 s0750/1030] loss = 0.561626
[e360 s0800/1030] loss = 0.559166
[e360 s0850/1030] loss = 0.550062
[e360 s0900/1030] loss = 0.542846
[e360 s0950/1030] loss = 0.564393
[e360 s1000/1030] loss = 0.569032
Epoch 360: train_loss = 0.578293  MAE/GAME0 = 8.040  RMSE = 11.779  GAME1 = 8.954  GAME2 = 10.192  GAME3 = 11.020  lr = 1.00e-05  time = 7.7s
[e361 s0001/1030] loss = 0.262387
[e361 s0050/1030] loss = 0.349478
[e361 s0100/1030] loss = 0.454098
[e361 s0150/1030] loss = 0.429333
[e361 s0200/1030] loss = 0.431599
[e361 s0250/1030] loss = 0.454176
[e361 s0300/1030] loss = 0.447227
[e361 s0350/1030] loss = 0.451488
[e361 s0400/1030] loss = 0.477274
[e361 s0450/1030] loss = 0.488261
[e361 s0500/1030] loss = 0.480600
[e361 s0550/1030] loss = 0.475397
[e361 s0600/1030] loss = 0.490853
[e361 s0650/1030] loss = 0.488191
[e361 s0700/1030] loss = 0.481906
[e361 s0750/1030] loss = 0.481756
[e361 s0800/1030] loss = 0.479791
[e361 s0850/1030] loss = 0.485952
[e361 s0900/1030] loss = 0.489452
[e361 s0950/1030] loss = 0.486469
[e361 s1000/1030] loss = 0.495679
Epoch 361: train_loss = 0.505159  MAE/GAME0 = 10.695  RMSE = 16.228  GAME1 = 11.525  GAME2 = 12.639  GAME3 = 13.351  lr = 1.00e-05  time = 7.7s
[e362 s0001/1030] loss = 0.184296
[e362 s0050/1030] loss = 0.553851
[e362 s0100/1030] loss = 0.504697
[e362 s0150/1030] loss = 0.484687
[e362 s0200/1030] loss = 0.454247
[e362 s0250/1030] loss = 0.493077
[e362 s0300/1030] loss = 0.490715
[e362 s0350/1030] loss = 0.490634
[e362 s0400/1030] loss = 0.498910
[e362 s0450/1030] loss = 0.492533
[e362 s0500/1030] loss = 0.490438
[e362 s0550/1030] loss = 0.512368
[e362 s0600/1030] loss = 0.506154
[e362 s0650/1030] loss = 0.495829
[e362 s0700/1030] loss = 0.489905
[e362 s0750/1030] loss = 0.492841
[e362 s0800/1030] loss = 0.488425
[e362 s0850/1030] loss = 0.486244
[e362 s0900/1030] loss = 0.479763
[e362 s0950/1030] loss = 0.473268
[e362 s1000/1030] loss = 0.487787
Epoch 362: train_loss = 0.488486  MAE/GAME0 = 6.280  RMSE = 13.361  GAME1 = 7.650  GAME2 = 8.900  GAME3 = 9.711  lr = 1.00e-05  time = 7.7s
[e363 s0001/1030] loss = 0.305795
[e363 s0050/1030] loss = 0.667070
[e363 s0100/1030] loss = 0.509151
[e363 s0150/1030] loss = 0.481645
[e363 s0200/1030] loss = 0.513989
[e363 s0250/1030] loss = 0.487848
[e363 s0300/1030] loss = 0.479579
[e363 s0350/1030] loss = 0.491335
[e363 s0400/1030] loss = 0.489690
[e363 s0450/1030] loss = 0.477877
[e363 s0500/1030] loss = 0.466763
[e363 s0550/1030] loss = 0.451662
[e363 s0600/1030] loss = 0.460102
[e363 s0650/1030] loss = 0.463736
[e363 s0700/1030] loss = 0.452273
[e363 s0750/1030] loss = 0.458313
[e363 s0800/1030] loss = 0.454935
[e363 s0850/1030] loss = 0.449489
[e363 s0900/1030] loss = 0.478216
[e363 s0950/1030] loss = 0.468399
[e363 s1000/1030] loss = 0.470136
Epoch 363: train_loss = 0.467263  MAE/GAME0 = 7.196  RMSE = 20.692  GAME1 = 8.411  GAME2 = 9.484  GAME3 = 10.393  lr = 1.00e-05  time = 9.4s
[e364 s0001/1030] loss = 0.924643
[e364 s0050/1030] loss = 0.758717
[e364 s0100/1030] loss = 0.559114
[e364 s0150/1030] loss = 0.561487
[e364 s0200/1030] loss = 0.501639
[e364 s0250/1030] loss = 0.466149
[e364 s0300/1030] loss = 0.572658
[e364 s0350/1030] loss = 0.568236
[e364 s0400/1030] loss = 0.535864
[e364 s0450/1030] loss = 0.555372
[e364 s0500/1030] loss = 0.554242
[e364 s0550/1030] loss = 0.539108
[e364 s0600/1030] loss = 0.531528
[e364 s0650/1030] loss = 0.534987
[e364 s0700/1030] loss = 0.526273
[e364 s0750/1030] loss = 0.517037
[e364 s0800/1030] loss = 0.520203
[e364 s0850/1030] loss = 0.510040
[e364 s0900/1030] loss = 0.505452
[e364 s0950/1030] loss = 0.504223
[e364 s1000/1030] loss = 0.512080
Epoch 364: train_loss = 0.504248  MAE/GAME0 = 7.460  RMSE = 15.255  GAME1 = 8.700  GAME2 = 9.905  GAME3 = 10.736  lr = 1.00e-05  time = 7.5s
[e365 s0001/1030] loss = 1.130586
[e365 s0050/1030] loss = 0.375040
[e365 s0100/1030] loss = 0.347379
[e365 s0150/1030] loss = 0.382375
[e365 s0200/1030] loss = 0.396910
[e365 s0250/1030] loss = 0.380410
[e365 s0300/1030] loss = 0.400752
[e365 s0350/1030] loss = 0.392456
[e365 s0400/1030] loss = 0.444484
[e365 s0450/1030] loss = 0.479344
[e365 s0500/1030] loss = 0.470278
[e365 s0550/1030] loss = 0.524332
[e365 s0600/1030] loss = 0.516481
[e365 s0650/1030] loss = 0.511986
[e365 s0700/1030] loss = 0.503952
[e365 s0750/1030] loss = 0.503278
[e365 s0800/1030] loss = 0.494641
[e365 s0850/1030] loss = 0.525146
[e365 s0900/1030] loss = 0.532843
[e365 s0950/1030] loss = 0.528898
[e365 s1000/1030] loss = 0.520553
Epoch 365: train_loss = 0.520207  MAE/GAME0 = 6.325  RMSE = 9.782  GAME1 = 7.717  GAME2 = 9.198  GAME3 = 10.073  lr = 1.00e-05  time = 7.7s
[e366 s0001/1030] loss = 0.385611
[e366 s0050/1030] loss = 0.385504
[e366 s0100/1030] loss = 0.459218
[e366 s0150/1030] loss = 0.454454
[e366 s0200/1030] loss = 0.455719
[e366 s0250/1030] loss = 0.439700
[e366 s0300/1030] loss = 0.765654
[e366 s0350/1030] loss = 0.896401
[e366 s0400/1030] loss = 0.906470
[e366 s0450/1030] loss = 0.869502
[e366 s0500/1030] loss = 0.836488
[e366 s0550/1030] loss = 0.813846
[e366 s0600/1030] loss = 0.806529
[e366 s0650/1030] loss = 0.781700
[e366 s0700/1030] loss = 0.765326
[e366 s0750/1030] loss = 0.736686
[e366 s0800/1030] loss = 0.729245
[e366 s0850/1030] loss = 0.727111
[e366 s0900/1030] loss = 0.717177
[e366 s0950/1030] loss = 0.713021
[e366 s1000/1030] loss = 0.695905
Epoch 366: train_loss = 0.689540  MAE/GAME0 = 8.010  RMSE = 30.357  GAME1 = 9.167  GAME2 = 10.349  GAME3 = 11.118  lr = 1.00e-05  time = 7.6s
[e367 s0001/1030] loss = 1.163321
[e367 s0050/1030] loss = 0.421960
[e367 s0100/1030] loss = 0.406688
[e367 s0150/1030] loss = 0.392521
[e367 s0200/1030] loss = 2.397196
[e367 s0250/1030] loss = 2.095911
[e367 s0300/1030] loss = 1.829296
[e367 s0350/1030] loss = 1.633518
[e367 s0400/1030] loss = 1.477011
[e367 s0450/1030] loss = 1.355302
[e367 s0500/1030] loss = 1.284676
[e367 s0550/1030] loss = 1.205491
[e367 s0600/1030] loss = 1.146413
[e367 s0650/1030] loss = 1.086558
[e367 s0700/1030] loss = 1.047137
[e367 s0750/1030] loss = 1.003018
[e367 s0800/1030] loss = 0.978936
[e367 s0850/1030] loss = 0.958021
[e367 s0900/1030] loss = 0.932831
[e367 s0950/1030] loss = 0.935096
[e367 s1000/1030] loss = 0.913649
Epoch 367: train_loss = 0.900189  MAE/GAME0 = 7.909  RMSE = 25.588  GAME1 = 8.955  GAME2 = 10.149  GAME3 = 10.944  lr = 1.00e-05  time = 7.6s
[e368 s0001/1030] loss = 0.627027
[e368 s0050/1030] loss = 0.505422
[e368 s0100/1030] loss = 0.428377
[e368 s0150/1030] loss = 0.468860
[e368 s0200/1030] loss = 0.532344
[e368 s0250/1030] loss = 0.520471
[e368 s0300/1030] loss = 0.513467
[e368 s0350/1030] loss = 0.500099
[e368 s0400/1030] loss = 0.474231
[e368 s0450/1030] loss = 0.464450
[e368 s0500/1030] loss = 0.477864
[e368 s0550/1030] loss = 0.732137
[e368 s0600/1030] loss = 0.791725
[e368 s0650/1030] loss = 0.765484
[e368 s0700/1030] loss = 0.740881
[e368 s0750/1030] loss = 0.723493
[e368 s0800/1030] loss = 0.699216
[e368 s0850/1030] loss = 0.681301
[e368 s0900/1030] loss = 0.681070
[e368 s0950/1030] loss = 0.676951
[e368 s1000/1030] loss = 0.687180
Epoch 368: train_loss = 0.684276  MAE/GAME0 = 7.047  RMSE = 17.476  GAME1 = 8.266  GAME2 = 9.501  GAME3 = 10.280  lr = 1.00e-05  time = 7.6s
[e369 s0001/1030] loss = 0.001184
[e369 s0050/1030] loss = 0.408143
[e369 s0100/1030] loss = 0.557444
[e369 s0150/1030] loss = 0.568079
[e369 s0200/1030] loss = 0.567720
[e369 s0250/1030] loss = 0.552995
[e369 s0300/1030] loss = 0.526896
[e369 s0350/1030] loss = 0.518853
[e369 s0400/1030] loss = 0.536486
[e369 s0450/1030] loss = 0.528586
[e369 s0500/1030] loss = 0.524698
[e369 s0550/1030] loss = 0.520196
[e369 s0600/1030] loss = 0.502151
[e369 s0650/1030] loss = 0.492733
[e369 s0700/1030] loss = 0.491771
[e369 s0750/1030] loss = 0.491100
[e369 s0800/1030] loss = 0.479558
[e369 s0850/1030] loss = 0.539839
[e369 s0900/1030] loss = 0.544383
[e369 s0950/1030] loss = 0.550875
[e369 s1000/1030] loss = 0.539132
Epoch 369: train_loss = 0.556061  MAE/GAME0 = 7.158  RMSE = 14.492  GAME1 = 8.381  GAME2 = 9.673  GAME3 = 10.527  lr = 1.00e-05  time = 7.7s
[e370 s0001/1030] loss = 0.599099
[e370 s0050/1030] loss = 0.347417
[e370 s0100/1030] loss = 0.352300
[e370 s0150/1030] loss = 0.344392
[e370 s0200/1030] loss = 0.344217
[e370 s0250/1030] loss = 0.371285
[e370 s0300/1030] loss = 0.372378
[e370 s0350/1030] loss = 0.375538
[e370 s0400/1030] loss = 0.394437
[e370 s0450/1030] loss = 0.398717
[e370 s0500/1030] loss = 0.410842
[e370 s0550/1030] loss = 0.403380
[e370 s0600/1030] loss = 0.431333
[e370 s0650/1030] loss = 0.429296
[e370 s0700/1030] loss = 0.449857
[e370 s0750/1030] loss = 0.437695
[e370 s0800/1030] loss = 0.433165
[e370 s0850/1030] loss = 0.429803
[e370 s0900/1030] loss = 0.444187
[e370 s0950/1030] loss = 0.459680
[e370 s1000/1030] loss = 0.462313
Epoch 370: train_loss = 0.467424  MAE/GAME0 = 5.734  RMSE = 10.502  GAME1 = 7.094  GAME2 = 8.395  GAME3 = 9.172  lr = 1.00e-05  time = 7.9s
[e371 s0001/1030] loss = 0.288623
[e371 s0050/1030] loss = 0.468155
[e371 s0100/1030] loss = 0.685897
[e371 s0150/1030] loss = 0.632355
[e371 s0200/1030] loss = 0.577856
[e371 s0250/1030] loss = 0.558240
[e371 s0300/1030] loss = 0.571742
[e371 s0350/1030] loss = 0.535260
[e371 s0400/1030] loss = 0.529437
[e371 s0450/1030] loss = 0.522142
[e371 s0500/1030] loss = 0.499459
[e371 s0550/1030] loss = 0.483090
[e371 s0600/1030] loss = 0.483070
[e371 s0650/1030] loss = 0.473317
[e371 s0700/1030] loss = 0.460969
[e371 s0750/1030] loss = 0.470681
[e371 s0800/1030] loss = 0.463654
[e371 s0850/1030] loss = 0.460146
[e371 s0900/1030] loss = 0.487144
[e371 s0950/1030] loss = 0.491961
[e371 s1000/1030] loss = 0.494339
Epoch 371: train_loss = 0.491575  MAE/GAME0 = 7.176  RMSE = 20.966  GAME1 = 8.265  GAME2 = 9.415  GAME3 = 10.226  lr = 1.00e-05  time = 7.7s
[e372 s0001/1030] loss = 0.219330
[e372 s0050/1030] loss = 0.355823
[e372 s0100/1030] loss = 0.541174
[e372 s0150/1030] loss = 0.490810
[e372 s0200/1030] loss = 0.535189
[e372 s0250/1030] loss = 0.570311
[e372 s0300/1030] loss = 0.529756
[e372 s0350/1030] loss = 0.539759
[e372 s0400/1030] loss = 0.528738
[e372 s0450/1030] loss = 0.515680
[e372 s0500/1030] loss = 0.534604
[e372 s0550/1030] loss = 0.546486
[e372 s0600/1030] loss = 0.535266
[e372 s0650/1030] loss = 0.545238
[e372 s0700/1030] loss = 0.538862
[e372 s0750/1030] loss = 0.523211
[e372 s0800/1030] loss = 0.522870
[e372 s0850/1030] loss = 0.511211
[e372 s0900/1030] loss = 0.562279
[e372 s0950/1030] loss = 0.563742
[e372 s1000/1030] loss = 0.561173
Epoch 372: train_loss = 0.567205  MAE/GAME0 = 7.997  RMSE = 17.776  GAME1 = 9.328  GAME2 = 10.577  GAME3 = 11.377  lr = 1.00e-05  time = 7.7s
[e373 s0001/1030] loss = 0.023086
[e373 s0050/1030] loss = 0.317831
[e373 s0100/1030] loss = 0.374577
[e373 s0150/1030] loss = 0.418568
[e373 s0200/1030] loss = 0.443454
[e373 s0250/1030] loss = 0.407217
[e373 s0300/1030] loss = 0.424776
[e373 s0350/1030] loss = 0.424462
[e373 s0400/1030] loss = 0.429273
[e373 s0450/1030] loss = 0.424079
[e373 s0500/1030] loss = 0.461601
[e373 s0550/1030] loss = 0.451003
[e373 s0600/1030] loss = 0.454637
[e373 s0650/1030] loss = 0.448595
[e373 s0700/1030] loss = 0.447935
[e373 s0750/1030] loss = 0.438863
[e373 s0800/1030] loss = 0.430326
[e373 s0850/1030] loss = 0.433185
[e373 s0900/1030] loss = 0.436433
[e373 s0950/1030] loss = 0.437007
[e373 s1000/1030] loss = 0.441484
Epoch 373: train_loss = 0.443687  MAE/GAME0 = 6.981  RMSE = 15.766  GAME1 = 8.325  GAME2 = 9.588  GAME3 = 10.474  lr = 1.00e-05  time = 7.6s
[e374 s0001/1030] loss = 0.107693
[e374 s0050/1030] loss = 0.418503
[e374 s0100/1030] loss = 0.381918
[e374 s0150/1030] loss = 0.361034
[e374 s0200/1030] loss = 0.345741
[e374 s0250/1030] loss = 0.386003
[e374 s0300/1030] loss = 0.404041
[e374 s0350/1030] loss = 0.410908
[e374 s0400/1030] loss = 0.431594
[e374 s0450/1030] loss = 0.442006
[e374 s0500/1030] loss = 0.434300
[e374 s0550/1030] loss = 0.520211
[e374 s0600/1030] loss = 0.526259
[e374 s0650/1030] loss = 0.539538
[e374 s0700/1030] loss = 0.539538
[e374 s0750/1030] loss = 0.538689
[e374 s0800/1030] loss = 0.540695
[e374 s0850/1030] loss = 0.536630
[e374 s0900/1030] loss = 0.532213
[e374 s0950/1030] loss = 0.525976
[e374 s1000/1030] loss = 0.522221
Epoch 374: train_loss = 0.516740  MAE/GAME0 = 5.938  RMSE = 14.203  GAME1 = 7.307  GAME2 = 8.450  GAME3 = 9.333  lr = 1.00e-05  time = 7.6s
[e375 s0001/1030] loss = 0.795013
[e375 s0050/1030] loss = 0.525992
[e375 s0100/1030] loss = 0.614675
[e375 s0150/1030] loss = 0.589762
[e375 s0200/1030] loss = 0.741926
[e375 s0250/1030] loss = 0.862594
[e375 s0300/1030] loss = 0.780071
[e375 s0350/1030] loss = 0.764106
[e375 s0400/1030] loss = 0.722823
[e375 s0450/1030] loss = 0.672207
[e375 s0500/1030] loss = 0.648875
[e375 s0550/1030] loss = 0.615616
[e375 s0600/1030] loss = 0.605067
[e375 s0650/1030] loss = 0.592022
[e375 s0700/1030] loss = 0.579351
[e375 s0750/1030] loss = 0.577232
[e375 s0800/1030] loss = 0.634024
[e375 s0850/1030] loss = 0.629970
[e375 s0900/1030] loss = 0.621592
[e375 s0950/1030] loss = 0.622230
[e375 s1000/1030] loss = 0.620874
Epoch 375: train_loss = 0.613656  MAE/GAME0 = 6.079  RMSE = 11.679  GAME1 = 7.432  GAME2 = 8.734  GAME3 = 9.631  lr = 1.00e-05  time = 7.8s
[e376 s0001/1030] loss = 0.505668
[e376 s0050/1030] loss = 0.498846
[e376 s0100/1030] loss = 0.545605
[e376 s0150/1030] loss = 0.544737
[e376 s0200/1030] loss = 0.568940
[e376 s0250/1030] loss = 0.547075
[e376 s0300/1030] loss = 0.517806
[e376 s0350/1030] loss = 0.523997
[e376 s0400/1030] loss = 0.503273
[e376 s0450/1030] loss = 0.486844
[e376 s0500/1030] loss = 0.473283
[e376 s0550/1030] loss = 0.491451
[e376 s0600/1030] loss = 0.488570
[e376 s0650/1030] loss = 0.501528
[e376 s0700/1030] loss = 0.525868
[e376 s0750/1030] loss = 0.524143
[e376 s0800/1030] loss = 0.511386
[e376 s0850/1030] loss = 0.508529
[e376 s0900/1030] loss = 0.502221
[e376 s0950/1030] loss = 0.498061
[e376 s1000/1030] loss = 0.492516
Epoch 376: train_loss = 0.488489  MAE/GAME0 = 6.132  RMSE = 14.080  GAME1 = 7.406  GAME2 = 8.634  GAME3 = 9.428  lr = 1.00e-05  time = 7.6s
[e377 s0001/1030] loss = 0.786936
[e377 s0050/1030] loss = 0.408883
[e377 s0100/1030] loss = 0.510276
[e377 s0150/1030] loss = 0.530586
[e377 s0200/1030] loss = 0.484963
[e377 s0250/1030] loss = 0.497001
[e377 s0300/1030] loss = 0.476930
[e377 s0350/1030] loss = 0.451745
[e377 s0400/1030] loss = 0.432403
[e377 s0450/1030] loss = 0.437228
[e377 s0500/1030] loss = 0.490365
[e377 s0550/1030] loss = 0.489174
[e377 s0600/1030] loss = 0.483597
[e377 s0650/1030] loss = 0.476552
[e377 s0700/1030] loss = 0.477902
[e377 s0750/1030] loss = 0.549660
[e377 s0800/1030] loss = 0.575342
[e377 s0850/1030] loss = 0.584428
[e377 s0900/1030] loss = 0.585407
[e377 s0950/1030] loss = 0.575089
[e377 s1000/1030] loss = 0.567030
Epoch 377: train_loss = 0.566419  MAE/GAME0 = 7.468  RMSE = 14.344  GAME1 = 8.633  GAME2 = 9.920  GAME3 = 10.755  lr = 1.00e-05  time = 7.7s
[e378 s0001/1030] loss = 0.353425
[e378 s0050/1030] loss = 0.256438
[e378 s0100/1030] loss = 0.552349
[e378 s0150/1030] loss = 0.925134
[e378 s0200/1030] loss = 0.803444
[e378 s0250/1030] loss = 0.697447
[e378 s0300/1030] loss = 0.745987
[e378 s0350/1030] loss = 0.713158
[e378 s0400/1030] loss = 0.704343
[e378 s0450/1030] loss = 0.727098
[e378 s0500/1030] loss = 0.703402
[e378 s0550/1030] loss = 0.691192
[e378 s0600/1030] loss = 0.671588
[e378 s0650/1030] loss = 0.660865
[e378 s0700/1030] loss = 0.644236
[e378 s0750/1030] loss = 0.630287
[e378 s0800/1030] loss = 0.627376
[e378 s0850/1030] loss = 0.614243
[e378 s0900/1030] loss = 0.608848
[e378 s0950/1030] loss = 0.593998
[e378 s1000/1030] loss = 0.582542
Epoch 378: train_loss = 0.575792  MAE/GAME0 = 5.584  RMSE = 10.446  GAME1 = 6.740  GAME2 = 7.954  GAME3 = 8.783  lr = 1.00e-05  time = 7.6s
[e379 s0001/1030] loss = 0.117622
[e379 s0050/1030] loss = 0.417212
[e379 s0100/1030] loss = 0.373276
[e379 s0150/1030] loss = 0.399104
[e379 s0200/1030] loss = 0.394523
[e379 s0250/1030] loss = 0.411346
[e379 s0300/1030] loss = 0.410560
[e379 s0350/1030] loss = 0.401838
[e379 s0400/1030] loss = 0.437116
[e379 s0450/1030] loss = 0.444432
[e379 s0500/1030] loss = 0.427891
[e379 s0550/1030] loss = 0.433730
[e379 s0600/1030] loss = 0.437791
[e379 s0650/1030] loss = 0.431611
[e379 s0700/1030] loss = 0.434828
[e379 s0750/1030] loss = 0.436640
[e379 s0800/1030] loss = 0.438312
[e379 s0850/1030] loss = 0.443911
[e379 s0900/1030] loss = 0.450369
[e379 s0950/1030] loss = 0.455937
[e379 s1000/1030] loss = 0.454289
Epoch 379: train_loss = 0.462241  MAE/GAME0 = 5.829  RMSE = 11.255  GAME1 = 7.216  GAME2 = 8.343  GAME3 = 9.166  lr = 1.00e-05  time = 7.6s
[e380 s0001/1030] loss = 0.111739
[e380 s0050/1030] loss = 0.541190
[e380 s0100/1030] loss = 0.448053
[e380 s0150/1030] loss = 0.420848
[e380 s0200/1030] loss = 0.411505
[e380 s0250/1030] loss = 0.405829
[e380 s0300/1030] loss = 0.386815
[e380 s0350/1030] loss = 0.433354
[e380 s0400/1030] loss = 0.463693
[e380 s0450/1030] loss = 0.451116
[e380 s0500/1030] loss = 0.443771
[e380 s0550/1030] loss = 0.435208
[e380 s0600/1030] loss = 0.427747
[e380 s0650/1030] loss = 0.415533
[e380 s0700/1030] loss = 0.421469
[e380 s0750/1030] loss = 0.416540
[e380 s0800/1030] loss = 0.465055
[e380 s0850/1030] loss = 0.535055
[e380 s0900/1030] loss = 0.534085
[e380 s0950/1030] loss = 0.534869
[e380 s1000/1030] loss = 0.541090
Epoch 380: train_loss = 0.543667  MAE/GAME0 = 6.854  RMSE = 15.565  GAME1 = 7.927  GAME2 = 9.216  GAME3 = 10.096  lr = 1.00e-05  time = 7.7s
[e381 s0001/1030] loss = 0.220354
[e381 s0050/1030] loss = 1.040117
[e381 s0100/1030] loss = 0.865858
[e381 s0150/1030] loss = 0.737894
[e381 s0200/1030] loss = 0.694735
[e381 s0250/1030] loss = 0.623018
[e381 s0300/1030] loss = 0.588788
[e381 s0350/1030] loss = 0.567122
[e381 s0400/1030] loss = 0.541727
[e381 s0450/1030] loss = 0.540971
[e381 s0500/1030] loss = 0.530326
[e381 s0550/1030] loss = 0.517164
[e381 s0600/1030] loss = 0.508405
[e381 s0650/1030] loss = 0.504932
[e381 s0700/1030] loss = 0.523872
[e381 s0750/1030] loss = 0.513646
[e381 s0800/1030] loss = 0.508283
[e381 s0850/1030] loss = 0.534111
[e381 s0900/1030] loss = 0.534714
[e381 s0950/1030] loss = 0.534130
[e381 s1000/1030] loss = 0.529954
Epoch 381: train_loss = 0.523985  MAE/GAME0 = 6.556  RMSE = 10.442  GAME1 = 7.406  GAME2 = 8.475  GAME3 = 9.068  lr = 1.00e-05  time = 7.7s
[e382 s0001/1030] loss = 0.125655
[e382 s0050/1030] loss = 0.409205
[e382 s0100/1030] loss = 0.545264
[e382 s0150/1030] loss = 0.606600
[e382 s0200/1030] loss = 0.585101
[e382 s0250/1030] loss = 0.576689
[e382 s0300/1030] loss = 0.559574
[e382 s0350/1030] loss = 0.547739
[e382 s0400/1030] loss = 0.571140
[e382 s0450/1030] loss = 0.548150
[e382 s0500/1030] loss = 0.818755
[e382 s0550/1030] loss = 0.797036
[e382 s0600/1030] loss = 0.763649
[e382 s0650/1030] loss = 0.741245
[e382 s0700/1030] loss = 0.717826
[e382 s0750/1030] loss = 0.692583
[e382 s0800/1030] loss = 0.681115
[e382 s0850/1030] loss = 0.676378
[e382 s0900/1030] loss = 0.683003
[e382 s0950/1030] loss = 0.666033
[e382 s1000/1030] loss = 0.666397
Epoch 382: train_loss = 0.659894  MAE/GAME0 = 8.520  RMSE = 22.630  GAME1 = 9.759  GAME2 = 11.071  GAME3 = 11.855  lr = 1.00e-05  time = 7.5s
[e383 s0001/1030] loss = 0.064514
[e383 s0050/1030] loss = 0.483077
[e383 s0100/1030] loss = 0.468698
[e383 s0150/1030] loss = 0.539510
[e383 s0200/1030] loss = 0.909702
[e383 s0250/1030] loss = 0.833084
[e383 s0300/1030] loss = 0.750386
[e383 s0350/1030] loss = 0.711237
[e383 s0400/1030] loss = 0.701276
[e383 s0450/1030] loss = 0.662421
[e383 s0500/1030] loss = 0.642609
[e383 s0550/1030] loss = 0.636585
[e383 s0600/1030] loss = 0.629363
[e383 s0650/1030] loss = 0.602406
[e383 s0700/1030] loss = 0.589711
[e383 s0750/1030] loss = 0.584344
[e383 s0800/1030] loss = 0.573629
[e383 s0850/1030] loss = 0.573608
[e383 s0900/1030] loss = 0.561571
[e383 s0950/1030] loss = 0.556473
[e383 s1000/1030] loss = 0.543463
Epoch 383: train_loss = 0.548653  MAE/GAME0 = 6.378  RMSE = 17.390  GAME1 = 7.689  GAME2 = 8.798  GAME3 = 9.533  lr = 1.00e-05  time = 7.7s
[e384 s0001/1030] loss = 0.001389
[e384 s0050/1030] loss = 1.149747
[e384 s0100/1030] loss = 0.757551
[e384 s0150/1030] loss = 0.627405
[e384 s0200/1030] loss = 0.625423
[e384 s0250/1030] loss = 0.635528
[e384 s0300/1030] loss = 0.626767
[e384 s0350/1030] loss = 0.607476
[e384 s0400/1030] loss = 0.566586
[e384 s0450/1030] loss = 0.544239
[e384 s0500/1030] loss = 0.539337
[e384 s0550/1030] loss = 0.528029
[e384 s0600/1030] loss = 0.529144
[e384 s0650/1030] loss = 0.518122
[e384 s0700/1030] loss = 0.499292
[e384 s0750/1030] loss = 0.495352
[e384 s0800/1030] loss = 0.486917
[e384 s0850/1030] loss = 0.497385
[e384 s0900/1030] loss = 0.487538
[e384 s0950/1030] loss = 0.486308
[e384 s1000/1030] loss = 0.484869
Epoch 384: train_loss = 0.488880  MAE/GAME0 = 6.363  RMSE = 14.560  GAME1 = 7.689  GAME2 = 9.061  GAME3 = 9.957  lr = 1.00e-05  time = 7.6s
[e385 s0001/1030] loss = 0.236506
[e385 s0050/1030] loss = 0.512870
[e385 s0100/1030] loss = 0.621411
[e385 s0150/1030] loss = 0.540598
[e385 s0200/1030] loss = 0.515911
[e385 s0250/1030] loss = 0.483414
[e385 s0300/1030] loss = 0.469462
[e385 s0350/1030] loss = 0.475140
[e385 s0400/1030] loss = 0.471533
[e385 s0450/1030] loss = 0.463673
[e385 s0500/1030] loss = 0.450815
[e385 s0550/1030] loss = 0.448332
[e385 s0600/1030] loss = 0.438304
[e385 s0650/1030] loss = 0.433751
[e385 s0700/1030] loss = 0.433043
[e385 s0750/1030] loss = 0.428355
[e385 s0800/1030] loss = 0.429351
[e385 s0850/1030] loss = 0.429697
[e385 s0900/1030] loss = 0.436793
[e385 s0950/1030] loss = 0.515023
[e385 s1000/1030] loss = 0.523654
Epoch 385: train_loss = 0.530780  MAE/GAME0 = 7.813  RMSE = 12.576  GAME1 = 9.060  GAME2 = 10.304  GAME3 = 11.279  lr = 1.00e-05  time = 7.6s
[e386 s0001/1030] loss = 1.180384
[e386 s0050/1030] loss = 0.558355
[e386 s0100/1030] loss = 0.468806
[e386 s0150/1030] loss = 0.436607
[e386 s0200/1030] loss = 0.468679
[e386 s0250/1030] loss = 0.536562
[e386 s0300/1030] loss = 0.556938
[e386 s0350/1030] loss = 0.553189
[e386 s0400/1030] loss = 0.526000
[e386 s0450/1030] loss = 0.513197
[e386 s0500/1030] loss = 0.502958
[e386 s0550/1030] loss = 0.489935
[e386 s0600/1030] loss = 0.492755
[e386 s0650/1030] loss = 0.480507
[e386 s0700/1030] loss = 0.468391
[e386 s0750/1030] loss = 0.462988
[e386 s0800/1030] loss = 0.462784
[e386 s0850/1030] loss = 0.465928
[e386 s0900/1030] loss = 0.461623
[e386 s0950/1030] loss = 0.470758
[e386 s1000/1030] loss = 0.461008
Epoch 386: train_loss = 0.459044  MAE/GAME0 = 6.439  RMSE = 14.487  GAME1 = 7.733  GAME2 = 8.946  GAME3 = 9.764  lr = 1.00e-05  time = 8.0s
[e387 s0001/1030] loss = 0.292335
[e387 s0050/1030] loss = 0.572973
[e387 s0100/1030] loss = 0.518869
[e387 s0150/1030] loss = 0.486349
[e387 s0200/1030] loss = 0.464410
[e387 s0250/1030] loss = 0.443906
[e387 s0300/1030] loss = 0.420646
[e387 s0350/1030] loss = 0.412679
[e387 s0400/1030] loss = 0.420318
[e387 s0450/1030] loss = 0.413885
[e387 s0500/1030] loss = 0.417796
[e387 s0550/1030] loss = 0.415389
[e387 s0600/1030] loss = 0.412330
[e387 s0650/1030] loss = 0.407009
[e387 s0700/1030] loss = 0.435873
[e387 s0750/1030] loss = 0.434495
[e387 s0800/1030] loss = 0.431558
[e387 s0850/1030] loss = 0.436856
[e387 s0900/1030] loss = 0.437935
[e387 s0950/1030] loss = 0.440511
[e387 s1000/1030] loss = 0.441982
Epoch 387: train_loss = 0.494448  MAE/GAME0 = 6.497  RMSE = 14.321  GAME1 = 7.587  GAME2 = 8.544  GAME3 = 9.202  lr = 1.00e-05  time = 7.7s
[e388 s0001/1030] loss = 0.254463
[e388 s0050/1030] loss = 0.340878
[e388 s0100/1030] loss = 0.405264
[e388 s0150/1030] loss = 0.409885
[e388 s0200/1030] loss = 0.440425
[e388 s0250/1030] loss = 0.441636
[e388 s0300/1030] loss = 0.414664
[e388 s0350/1030] loss = 0.414499
[e388 s0400/1030] loss = 0.456804
[e388 s0450/1030] loss = 0.454414
[e388 s0500/1030] loss = 0.452192
[e388 s0550/1030] loss = 0.449138
[e388 s0600/1030] loss = 0.456015
[e388 s0650/1030] loss = 0.461723
[e388 s0700/1030] loss = 0.458387
[e388 s0750/1030] loss = 0.454980
[e388 s0800/1030] loss = 0.452383
[e388 s0850/1030] loss = 0.445677
[e388 s0900/1030] loss = 0.449474
[e388 s0950/1030] loss = 0.452188
[e388 s1000/1030] loss = 0.447564
Epoch 388: train_loss = 0.450867  MAE/GAME0 = 6.685  RMSE = 19.392  GAME1 = 7.806  GAME2 = 8.920  GAME3 = 9.686  lr = 1.00e-05  time = 7.6s
[e389 s0001/1030] loss = 0.479019
[e389 s0050/1030] loss = 0.431782
[e389 s0100/1030] loss = 0.455724
[e389 s0150/1030] loss = 0.441456
[e389 s0200/1030] loss = 0.422529
[e389 s0250/1030] loss = 0.502256
[e389 s0300/1030] loss = 0.496329
[e389 s0350/1030] loss = 0.486701
[e389 s0400/1030] loss = 0.466545
[e389 s0450/1030] loss = 0.457657
[e389 s0500/1030] loss = 0.458592
[e389 s0550/1030] loss = 0.469800
[e389 s0600/1030] loss = 0.495308
[e389 s0650/1030] loss = 0.495896
[e389 s0700/1030] loss = 0.493810
[e389 s0750/1030] loss = 0.490893
[e389 s0800/1030] loss = 0.518989
[e389 s0850/1030] loss = 0.522289
[e389 s0900/1030] loss = 0.543417
[e389 s0950/1030] loss = 0.536028
[e389 s1000/1030] loss = 0.544867
Epoch 389: train_loss = 0.536417  MAE/GAME0 = 6.845  RMSE = 16.789  GAME1 = 8.032  GAME2 = 9.297  GAME3 = 10.140  lr = 1.00e-05  time = 7.6s
[e390 s0001/1030] loss = 0.402935
[e390 s0050/1030] loss = 0.259814
[e390 s0100/1030] loss = 0.303528
[e390 s0150/1030] loss = 0.307207
[e390 s0200/1030] loss = 0.370864
[e390 s0250/1030] loss = 0.372915
[e390 s0300/1030] loss = 0.387529
[e390 s0350/1030] loss = 0.427161
[e390 s0400/1030] loss = 0.428047
[e390 s0450/1030] loss = 0.423378
[e390 s0500/1030] loss = 0.433656
[e390 s0550/1030] loss = 0.439487
[e390 s0600/1030] loss = 0.450802
[e390 s0650/1030] loss = 0.440393
[e390 s0700/1030] loss = 0.484060
[e390 s0750/1030] loss = 0.471494
[e390 s0800/1030] loss = 0.473065
[e390 s0850/1030] loss = 0.467292
[e390 s0900/1030] loss = 0.478169
[e390 s0950/1030] loss = 0.474972
[e390 s1000/1030] loss = 0.473491
Epoch 390: train_loss = 0.469032  MAE/GAME0 = 6.132  RMSE = 14.438  GAME1 = 7.364  GAME2 = 8.595  GAME3 = 9.368  lr = 1.00e-05  time = 7.7s
[e391 s0001/1030] loss = 0.280045
[e391 s0050/1030] loss = 0.748046
[e391 s0100/1030] loss = 0.920477
[e391 s0150/1030] loss = 0.875131
[e391 s0200/1030] loss = 0.820822
[e391 s0250/1030] loss = 0.753711
[e391 s0300/1030] loss = 0.719547
[e391 s0350/1030] loss = 0.671364
[e391 s0400/1030] loss = 0.633132
[e391 s0450/1030] loss = 0.636565
[e391 s0500/1030] loss = 0.614625
[e391 s0550/1030] loss = 0.604762
[e391 s0600/1030] loss = 0.590268
[e391 s0650/1030] loss = 0.586702
[e391 s0700/1030] loss = 0.591721
[e391 s0750/1030] loss = 0.576174
[e391 s0800/1030] loss = 0.611750
[e391 s0850/1030] loss = 0.605571
[e391 s0900/1030] loss = 0.601074
[e391 s0950/1030] loss = 0.586067
[e391 s1000/1030] loss = 0.571041
Epoch 391: train_loss = 0.570560  MAE/GAME0 = 5.603  RMSE = 10.340  GAME1 = 6.830  GAME2 = 8.137  GAME3 = 8.967  lr = 1.00e-05  time = 8.0s
[e392 s0001/1030] loss = 0.476904
[e392 s0050/1030] loss = 0.767127
[e392 s0100/1030] loss = 0.583829
[e392 s0150/1030] loss = 0.492754
[e392 s0200/1030] loss = 0.547294
[e392 s0250/1030] loss = 0.498308
[e392 s0300/1030] loss = 0.536056
[e392 s0350/1030] loss = 0.516990
[e392 s0400/1030] loss = 0.502280
[e392 s0450/1030] loss = 0.480905
[e392 s0500/1030] loss = 0.482448
[e392 s0550/1030] loss = 0.494953
[e392 s0600/1030] loss = 0.506409
[e392 s0650/1030] loss = 0.616938
[e392 s0700/1030] loss = 0.614319
[e392 s0750/1030] loss = 0.626742
[e392 s0800/1030] loss = 0.624601
[e392 s0850/1030] loss = 0.609148
[e392 s0900/1030] loss = 0.599472
[e392 s0950/1030] loss = 0.588662
[e392 s1000/1030] loss = 0.578555
Epoch 392: train_loss = 0.573083  MAE/GAME0 = 7.145  RMSE = 21.820  GAME1 = 8.392  GAME2 = 9.541  GAME3 = 10.403  lr = 1.00e-05  time = 7.6s
[e393 s0001/1030] loss = 0.206757
[e393 s0050/1030] loss = 0.290537
[e393 s0100/1030] loss = 0.550976
[e393 s0150/1030] loss = 1.238624
[e393 s0200/1030] loss = 1.039286
[e393 s0250/1030] loss = 0.930075
[e393 s0300/1030] loss = 0.864807
[e393 s0350/1030] loss = 0.807559
[e393 s0400/1030] loss = 0.767539
[e393 s0450/1030] loss = 0.734816
[e393 s0500/1030] loss = 0.702258
[e393 s0550/1030] loss = 0.674996
[e393 s0600/1030] loss = 0.679859
[e393 s0650/1030] loss = 0.660320
[e393 s0700/1030] loss = 0.664615
[e393 s0750/1030] loss = 0.645036
[e393 s0800/1030] loss = 0.622542
[e393 s0850/1030] loss = 0.617227
[e393 s0900/1030] loss = 0.602099
[e393 s0950/1030] loss = 0.601850
[e393 s1000/1030] loss = 0.591963
Epoch 393: train_loss = 0.585277  MAE/GAME0 = 6.230  RMSE = 17.227  GAME1 = 7.463  GAME2 = 8.557  GAME3 = 9.360  lr = 1.00e-05  time = 7.8s
[e394 s0001/1030] loss = 1.109650
[e394 s0050/1030] loss = 0.386404
[e394 s0100/1030] loss = 0.522053
[e394 s0150/1030] loss = 0.436857
[e394 s0200/1030] loss = 0.621059
[e394 s0250/1030] loss = 0.543392
[e394 s0300/1030] loss = 0.510635
[e394 s0350/1030] loss = 0.489151
[e394 s0400/1030] loss = 0.481752
[e394 s0450/1030] loss = 0.465551
[e394 s0500/1030] loss = 0.456311
[e394 s0550/1030] loss = 0.465885
[e394 s0600/1030] loss = 0.456104
[e394 s0650/1030] loss = 0.461829
[e394 s0700/1030] loss = 0.452019
[e394 s0750/1030] loss = 0.449293
[e394 s0800/1030] loss = 0.440074
[e394 s0850/1030] loss = 0.440119
[e394 s0900/1030] loss = 0.437661
[e394 s0950/1030] loss = 0.435350
[e394 s1000/1030] loss = 0.433330
Epoch 394: train_loss = 0.429914  MAE/GAME0 = 5.750  RMSE = 12.689  GAME1 = 6.930  GAME2 = 8.027  GAME3 = 8.812  lr = 1.00e-05  time = 7.6s
[e395 s0001/1030] loss = 0.139911
[e395 s0050/1030] loss = 0.438267
[e395 s0100/1030] loss = 0.414416
[e395 s0150/1030] loss = 0.404350
[e395 s0200/1030] loss = 0.390260
[e395 s0250/1030] loss = 0.386496
[e395 s0300/1030] loss = 0.369553
[e395 s0350/1030] loss = 0.355844
[e395 s0400/1030] loss = 0.353876
[e395 s0450/1030] loss = 0.367719
[e395 s0500/1030] loss = 0.409407
[e395 s0550/1030] loss = 0.417145
[e395 s0600/1030] loss = 0.412227
[e395 s0650/1030] loss = 0.421626
[e395 s0700/1030] loss = 0.411709
[e395 s0750/1030] loss = 0.413783
[e395 s0800/1030] loss = 0.416910
[e395 s0850/1030] loss = 0.409946
[e395 s0900/1030] loss = 0.406019
[e395 s0950/1030] loss = 0.401026
[e395 s1000/1030] loss = 0.418844
Epoch 395: train_loss = 0.425979  MAE/GAME0 = 6.505  RMSE = 13.911  GAME1 = 7.534  GAME2 = 8.458  GAME3 = 9.198  lr = 1.00e-05  time = 7.7s
[e396 s0001/1030] loss = 0.206723
[e396 s0050/1030] loss = 0.385786
[e396 s0100/1030] loss = 0.422183
[e396 s0150/1030] loss = 0.364459
[e396 s0200/1030] loss = 0.446357
[e396 s0250/1030] loss = 0.457777
[e396 s0300/1030] loss = 0.456101
[e396 s0350/1030] loss = 0.458210
[e396 s0400/1030] loss = 0.467066
[e396 s0450/1030] loss = 0.461928
[e396 s0500/1030] loss = 0.460563
[e396 s0550/1030] loss = 0.487341
[e396 s0600/1030] loss = 0.525859
[e396 s0650/1030] loss = 0.523802
[e396 s0700/1030] loss = 0.534616
[e396 s0750/1030] loss = 0.527940
[e396 s0800/1030] loss = 0.517411
[e396 s0850/1030] loss = 0.506781
[e396 s0900/1030] loss = 0.520407
[e396 s0950/1030] loss = 0.518444
[e396 s1000/1030] loss = 0.512942
Epoch 396: train_loss = 0.509001  MAE/GAME0 = 5.642  RMSE = 11.726  GAME1 = 6.780  GAME2 = 7.909  GAME3 = 8.711  lr = 1.00e-05  time = 7.8s
[e397 s0001/1030] loss = 0.048412
[e397 s0050/1030] loss = 0.278825
[e397 s0100/1030] loss = 0.365395
[e397 s0150/1030] loss = 0.341536
[e397 s0200/1030] loss = 0.324961
[e397 s0250/1030] loss = 0.345717
[e397 s0300/1030] loss = 0.393587
[e397 s0350/1030] loss = 0.458987
[e397 s0400/1030] loss = 0.474340
[e397 s0450/1030] loss = 0.477985
[e397 s0500/1030] loss = 0.464892
[e397 s0550/1030] loss = 0.476525
[e397 s0600/1030] loss = 0.492464
[e397 s0650/1030] loss = 0.493261
[e397 s0700/1030] loss = 0.496308
[e397 s0750/1030] loss = 0.495647
[e397 s0800/1030] loss = 0.483909
[e397 s0850/1030] loss = 0.478630
[e397 s0900/1030] loss = 0.486712
[e397 s0950/1030] loss = 0.479354
[e397 s1000/1030] loss = 0.469332
Epoch 397: train_loss = 0.470526  MAE/GAME0 = 6.263  RMSE = 13.488  GAME1 = 7.582  GAME2 = 8.786  GAME3 = 9.656  lr = 1.00e-05  time = 7.8s
[e398 s0001/1030] loss = 2.393620
[e398 s0050/1030] loss = 0.325863
[e398 s0100/1030] loss = 0.433217
[e398 s0150/1030] loss = 0.409045
[e398 s0200/1030] loss = 0.440567
[e398 s0250/1030] loss = 0.436586
[e398 s0300/1030] loss = 0.434722
[e398 s0350/1030] loss = 0.465816
[e398 s0400/1030] loss = 0.446512
[e398 s0450/1030] loss = 0.435182
[e398 s0500/1030] loss = 0.434966
[e398 s0550/1030] loss = 0.427171
[e398 s0600/1030] loss = 0.412535
[e398 s0650/1030] loss = 0.444485
[e398 s0700/1030] loss = 0.446695
[e398 s0750/1030] loss = 0.447323
[e398 s0800/1030] loss = 0.455170
[e398 s0850/1030] loss = 0.453496
[e398 s0900/1030] loss = 0.451937
[e398 s0950/1030] loss = 0.444411
[e398 s1000/1030] loss = 0.450424
Epoch 398: train_loss = 0.453918  MAE/GAME0 = 5.096  RMSE = 8.548  GAME1 = 6.279  GAME2 = 7.440  GAME3 = 8.222  lr = 1.00e-05  time = 7.7s
[e399 s0001/1030] loss = 1.939266
[e399 s0050/1030] loss = 0.450648
[e399 s0100/1030] loss = 0.607042
[e399 s0150/1030] loss = 0.608691
[e399 s0200/1030] loss = 0.542271
[e399 s0250/1030] loss = 0.530750
[e399 s0300/1030] loss = 0.527393
[e399 s0350/1030] loss = 0.504985
[e399 s0400/1030] loss = 0.477170
[e399 s0450/1030] loss = 0.491551
[e399 s0500/1030] loss = 0.555347
[e399 s0550/1030] loss = 0.549588
[e399 s0600/1030] loss = 0.600040
[e399 s0650/1030] loss = 0.586320
[e399 s0700/1030] loss = 0.576445
[e399 s0750/1030] loss = 0.566976
[e399 s0800/1030] loss = 0.563585
[e399 s0850/1030] loss = 0.553730
[e399 s0900/1030] loss = 0.545285
[e399 s0950/1030] loss = 0.535872
[e399 s1000/1030] loss = 0.541391
Epoch 399: train_loss = 0.556535  MAE/GAME0 = 7.005  RMSE = 19.047  GAME1 = 8.348  GAME2 = 9.557  GAME3 = 10.413  lr = 1.00e-05  time = 7.7s
[e400 s0001/1030] loss = 0.146412
[e400 s0050/1030] loss = 0.486789
[e400 s0100/1030] loss = 0.534855
[e400 s0150/1030] loss = 0.456966
[e400 s0200/1030] loss = 0.471007
[e400 s0250/1030] loss = 0.472357
[e400 s0300/1030] loss = 0.465113
[e400 s0350/1030] loss = 0.456153
[e400 s0400/1030] loss = 0.453196
[e400 s0450/1030] loss = 0.468229
[e400 s0500/1030] loss = 0.456867
[e400 s0550/1030] loss = 0.446476
[e400 s0600/1030] loss = 0.477163
[e400 s0650/1030] loss = 0.466356
[e400 s0700/1030] loss = 0.460761
[e400 s0750/1030] loss = 0.448511
[e400 s0800/1030] loss = 0.456730
[e400 s0850/1030] loss = 0.449702
[e400 s0900/1030] loss = 0.447981
[e400 s0950/1030] loss = 0.448823
[e400 s1000/1030] loss = 0.454364
Epoch 400: train_loss = 0.509274  MAE/GAME0 = 6.845  RMSE = 12.893  GAME1 = 8.281  GAME2 = 9.477  GAME3 = 10.238  lr = 1.00e-05  time = 7.7s
[done] best_mae = 5.096  best_path = /scratch/users/ntu/kenneth0/FYP-SmartObjectCounter/outputs/train_rgbt_early_e400/12844539.pbs101_20260207_174348/best.pth
