[log] /scratch/users/ntu/kenneth0/FYP-SmartObjectCounter/logs/train_rgbt_early_e400_12850188.pbs101_20260209_154141.log
[job] name=train_rgbt_early_e400 id=12850188.pbs101 host=x1000c2s7b0n1 time=Mon Feb  9 15:41:41 +08 2026
torch 2.6.0+cu118 cuda True
[init] device = cuda
[init] val_fullres = True (split=val, img=768x1024)
[init] train = 1030  val = 200  workers = 4
/scratch/users/ntu/kenneth0/FYP-SmartObjectCounter/scripts/train_rgbt.py:453: FutureWarning: `torch.cuda.amp.GradScaler(args...)` is deprecated. Please use `torch.amp.GradScaler('cuda', args...)` instead.
  scaler = GradScaler(enabled = bool(args.amp))
[e001 s0001/1030] loss = 5053673.500000
[e001 s0050/1030] loss = 478370.388535
[e001 s0100/1030] loss = 240432.751182
[e001 s0150/1030] loss = 160828.916673
[e001 s0200/1030] loss = 120957.359880
[e001 s0250/1030] loss = 96959.445357
[e001 s0300/1030] loss = 80943.346089
[e001 s0350/1030] loss = 69491.433962
[e001 s0400/1030] loss = 60886.530667
[e001 s0450/1030] loss = 54187.628276
[e001 s0500/1030] loss = 48819.036776
[e001 s0550/1030] loss = 44418.297540
[e001 s0600/1030] loss = 40748.288153
[e001 s0650/1030] loss = 37643.164942
[e001 s0700/1030] loss = 34974.785126
[e001 s0750/1030] loss = 32662.344546
[e001 s0800/1030] loss = 30636.373064
[e001 s0850/1030] loss = 28847.009533
[e001 s0900/1030] loss = 27254.331460
[e001 s0950/1030] loss = 25828.189002
[e001 s1000/1030] loss = 24544.263491
Epoch 001: train_loss = 23833.679599  MAE/GAME0 = 36.980  RMSE = 65.410  GAME1 = 65.609  GAME2 = 102.849  GAME3 = 110.213  lr = 5.07e-06  time = 27.8s
[e002 s0001/1030] loss = 48.881165
[e002 s0050/1030] loss = 137.726408
[e002 s0100/1030] loss = 124.053247
[e002 s0150/1030] loss = 116.982424
[e002 s0200/1030] loss = 106.495471
[e002 s0250/1030] loss = 100.322006
[e002 s0300/1030] loss = 99.724189
[e002 s0350/1030] loss = 92.841617
[e002 s0400/1030] loss = 90.447398
[e002 s0450/1030] loss = 86.952373
[e002 s0500/1030] loss = 83.973720
[e002 s0550/1030] loss = 80.427727
[e002 s0600/1030] loss = 77.529180
[e002 s0650/1030] loss = 75.407614
[e002 s0700/1030] loss = 72.793714
[e002 s0750/1030] loss = 71.254266
[e002 s0800/1030] loss = 69.228975
[e002 s0850/1030] loss = 66.761149
[e002 s0900/1030] loss = 64.217807
[e002 s0950/1030] loss = 62.435200
[e002 s1000/1030] loss = 60.781052
Epoch 002: train_loss = 59.793452  MAE/GAME0 = 52.768  RMSE = 80.740  GAME1 = 62.176  GAME2 = 75.085  GAME3 = 77.445  lr = 5.28e-06  time = 9.5s
[e003 s0001/1030] loss = 30.887150
[e003 s0050/1030] loss = 25.415801
[e003 s0100/1030] loss = 20.435787
[e003 s0150/1030] loss = 19.814520
[e003 s0200/1030] loss = 21.984363
[e003 s0250/1030] loss = 20.511000
[e003 s0300/1030] loss = 22.117794
[e003 s0350/1030] loss = 21.091927
[e003 s0400/1030] loss = 21.610097
[e003 s0450/1030] loss = 21.016681
[e003 s0500/1030] loss = 20.502262
[e003 s0550/1030] loss = 21.376393
[e003 s0600/1030] loss = 20.465167
[e003 s0650/1030] loss = 20.790255
[e003 s0700/1030] loss = 20.226372
[e003 s0750/1030] loss = 19.527522
[e003 s0800/1030] loss = 19.080286
[e003 s0850/1030] loss = 18.534311
[e003 s0900/1030] loss = 18.180742
[e003 s0950/1030] loss = 17.873861
[e003 s1000/1030] loss = 17.568988
Epoch 003: train_loss = 17.315320  MAE/GAME0 = 59.827  RMSE = 85.746  GAME1 = 63.499  GAME2 = 69.529  GAME3 = 70.577  lr = 5.62e-06  time = 9.5s
[e004 s0001/1030] loss = 15.970720
[e004 s0050/1030] loss = 9.629996
[e004 s0100/1030] loss = 8.727809
[e004 s0150/1030] loss = 9.067266
[e004 s0200/1030] loss = 9.596225
[e004 s0250/1030] loss = 8.675721
[e004 s0300/1030] loss = 8.408954
[e004 s0350/1030] loss = 8.694007
[e004 s0400/1030] loss = 8.793496
[e004 s0450/1030] loss = 8.866379
[e004 s0500/1030] loss = 8.699204
[e004 s0550/1030] loss = 8.421566
[e004 s0600/1030] loss = 8.346358
[e004 s0650/1030] loss = 8.330704
[e004 s0700/1030] loss = 8.037233
[e004 s0750/1030] loss = 7.855499
[e004 s0800/1030] loss = 7.957020
[e004 s0850/1030] loss = 7.956367
[e004 s0900/1030] loss = 7.819477
[e004 s0950/1030] loss = 8.011590
[e004 s1000/1030] loss = 7.940562
Epoch 004: train_loss = 7.990360  MAE/GAME0 = 62.377  RMSE = 87.549  GAME1 = 64.240  GAME2 = 67.669  GAME3 = 68.239  lr = 6.10e-06  time = 9.5s
[e005 s0001/1030] loss = 2.052794
[e005 s0050/1030] loss = 4.870608
[e005 s0100/1030] loss = 5.125457
[e005 s0150/1030] loss = 5.815668
[e005 s0200/1030] loss = 5.663273
[e005 s0250/1030] loss = 6.055112
[e005 s0300/1030] loss = 5.747749
[e005 s0350/1030] loss = 5.618082
[e005 s0400/1030] loss = 6.260722
[e005 s0450/1030] loss = 6.095431
[e005 s0500/1030] loss = 5.955701
[e005 s0550/1030] loss = 6.004172
[e005 s0600/1030] loss = 5.806723
[e005 s0650/1030] loss = 5.985666
[e005 s0700/1030] loss = 5.914681
[e005 s0750/1030] loss = 5.761157
[e005 s0800/1030] loss = 5.564004
[e005 s0850/1030] loss = 5.447363
[e005 s0900/1030] loss = 5.342726
[e005 s0950/1030] loss = 5.204614
[e005 s1000/1030] loss = 5.403070
Epoch 005: train_loss = 5.314304  MAE/GAME0 = 63.860  RMSE = 88.646  GAME1 = 64.774  GAME2 = 66.596  GAME3 = 66.884  lr = 6.71e-06  time = 9.5s
[e006 s0001/1030] loss = 0.437992
[e006 s0050/1030] loss = 7.436999
[e006 s0100/1030] loss = 5.739146
[e006 s0150/1030] loss = 4.951555
[e006 s0200/1030] loss = 4.661175
[e006 s0250/1030] loss = 4.187944
[e006 s0300/1030] loss = 3.985387
[e006 s0350/1030] loss = 3.846680
[e006 s0400/1030] loss = 4.947307
[e006 s0450/1030] loss = 4.784555
[e006 s0500/1030] loss = 4.651215
[e006 s0550/1030] loss = 4.527663
[e006 s0600/1030] loss = 4.364134
[e006 s0650/1030] loss = 4.747431
[e006 s0700/1030] loss = 4.709986
[e006 s0750/1030] loss = 4.798702
[e006 s0800/1030] loss = 4.833183
[e006 s0850/1030] loss = 4.689506
[e006 s0900/1030] loss = 4.638537
[e006 s0950/1030] loss = 4.769552
[e006 s1000/1030] loss = 4.771882
Epoch 006: train_loss = 4.764993  MAE/GAME0 = 64.501  RMSE = 89.128  GAME1 = 65.042  GAME2 = 66.136  GAME3 = 66.303  lr = 7.45e-06  time = 9.5s
[e007 s0001/1030] loss = 10.554230
[e007 s0050/1030] loss = 4.539577
[e007 s0100/1030] loss = 4.258985
[e007 s0150/1030] loss = 3.812561
[e007 s0200/1030] loss = 3.634136
[e007 s0250/1030] loss = 3.872908
[e007 s0300/1030] loss = 3.816162
[e007 s0350/1030] loss = 4.572474
[e007 s0400/1030] loss = 5.012089
[e007 s0450/1030] loss = 5.216684
[e007 s0500/1030] loss = 4.988041
[e007 s0550/1030] loss = 4.927759
[e007 s0600/1030] loss = 4.722259
[e007 s0650/1030] loss = 4.582328
[e007 s0700/1030] loss = 4.415453
[e007 s0750/1030] loss = 4.287303
[e007 s0800/1030] loss = 4.161928
[e007 s0850/1030] loss = 4.100743
[e007 s0900/1030] loss = 4.078841
[e007 s0950/1030] loss = 4.121266
[e007 s1000/1030] loss = 4.084346
Epoch 007: train_loss = 4.050979  MAE/GAME0 = 64.847  RMSE = 89.383  GAME1 = 65.197  GAME2 = 65.890  GAME3 = 65.992  lr = 8.32e-06  time = 9.6s
[e008 s0001/1030] loss = 6.656997
[e008 s0050/1030] loss = 2.273518
[e008 s0100/1030] loss = 3.145860
[e008 s0150/1030] loss = 3.667335
[e008 s0200/1030] loss = 3.633029
[e008 s0250/1030] loss = 3.544139
[e008 s0300/1030] loss = 3.519642
[e008 s0350/1030] loss = 3.387165
[e008 s0400/1030] loss = 3.406513
[e008 s0450/1030] loss = 3.978332
[e008 s0500/1030] loss = 3.818987
[e008 s0550/1030] loss = 3.721043
[e008 s0600/1030] loss = 3.724469
[e008 s0650/1030] loss = 3.853477
[e008 s0700/1030] loss = 3.991594
[e008 s0750/1030] loss = 3.879957
[e008 s0800/1030] loss = 3.824596
[e008 s0850/1030] loss = 3.720326
[e008 s0900/1030] loss = 3.722252
[e008 s0950/1030] loss = 3.680852
[e008 s1000/1030] loss = 3.574452
Epoch 008: train_loss = 3.584944  MAE/GAME0 = 65.086  RMSE = 89.573  GAME1 = 65.302  GAME2 = 65.710  GAME3 = 65.781  lr = 9.30e-06  time = 9.6s
[e009 s0001/1030] loss = 1.763135
[e009 s0050/1030] loss = 4.262966
[e009 s0100/1030] loss = 5.136234
[e009 s0150/1030] loss = 5.344605
[e009 s0200/1030] loss = 5.658538
[e009 s0250/1030] loss = 4.760601
[e009 s0300/1030] loss = 4.543536
[e009 s0350/1030] loss = 4.169984
[e009 s0400/1030] loss = 4.135205
[e009 s0450/1030] loss = 4.026439
[e009 s0500/1030] loss = 3.935564
[e009 s0550/1030] loss = 3.860718
[e009 s0600/1030] loss = 3.731781
[e009 s0650/1030] loss = 3.584995
[e009 s0700/1030] loss = 3.468009
[e009 s0750/1030] loss = 3.481558
[e009 s0800/1030] loss = 3.394556
[e009 s0850/1030] loss = 3.409565
[e009 s0900/1030] loss = 3.346631
[e009 s0950/1030] loss = 3.280041
[e009 s1000/1030] loss = 3.280646
Epoch 009: train_loss = 3.315334  MAE/GAME0 = 65.220  RMSE = 89.673  GAME1 = 65.360  GAME2 = 65.622  GAME3 = 65.662  lr = 1.04e-05  time = 9.6s
[e010 s0001/1030] loss = 0.452038
[e010 s0050/1030] loss = 3.956155
[e010 s0100/1030] loss = 3.384622
[e010 s0150/1030] loss = 3.720244
[e010 s0200/1030] loss = 3.375738
[e010 s0250/1030] loss = 3.893000
[e010 s0300/1030] loss = 3.715103
[e010 s0350/1030] loss = 3.534432
[e010 s0400/1030] loss = 3.581698
[e010 s0450/1030] loss = 4.007864
[e010 s0500/1030] loss = 3.860701
[e010 s0550/1030] loss = 3.716158
[e010 s0600/1030] loss = 3.597037
[e010 s0650/1030] loss = 3.628584
[e010 s0700/1030] loss = 3.588625
[e010 s0750/1030] loss = 3.447832
[e010 s0800/1030] loss = 3.412676
[e010 s0850/1030] loss = 3.400169
[e010 s0900/1030] loss = 3.434840
[e010 s0950/1030] loss = 3.517331
[e010 s1000/1030] loss = 3.445210
Epoch 010: train_loss = 3.443201  MAE/GAME0 = 65.262  RMSE = 89.707  GAME1 = 65.375  GAME2 = 65.590  GAME3 = 65.622  lr = 1.16e-05  time = 9.5s
[e011 s0001/1030] loss = 1.040620
[e011 s0050/1030] loss = 2.308784
[e011 s0100/1030] loss = 3.176489
[e011 s0150/1030] loss = 3.254713
[e011 s0200/1030] loss = 3.865590
[e011 s0250/1030] loss = 3.359933
[e011 s0300/1030] loss = 3.104011
[e011 s0350/1030] loss = 3.071323
[e011 s0400/1030] loss = 3.207341
[e011 s0450/1030] loss = 3.045450
[e011 s0500/1030] loss = 2.994115
[e011 s0550/1030] loss = 3.000275
[e011 s0600/1030] loss = 2.893855
[e011 s0650/1030] loss = 2.932914
[e011 s0700/1030] loss = 2.962451
[e011 s0750/1030] loss = 2.961797
[e011 s0800/1030] loss = 2.955035
[e011 s0850/1030] loss = 2.951419
[e011 s0900/1030] loss = 3.158806
[e011 s0950/1030] loss = 3.598972
[e011 s1000/1030] loss = 3.533306
Epoch 011: train_loss = 3.488013  MAE/GAME0 = 65.323  RMSE = 89.756  GAME1 = 65.400  GAME2 = 65.548  GAME3 = 65.566  lr = 1.29e-05  time = 9.7s
[e012 s0001/1030] loss = 0.000008
[e012 s0050/1030] loss = 1.764247
[e012 s0100/1030] loss = 1.975233
[e012 s0150/1030] loss = 2.737295
[e012 s0200/1030] loss = 2.709293
[e012 s0250/1030] loss = 2.997560
[e012 s0300/1030] loss = 2.942047
[e012 s0350/1030] loss = 2.876849
[e012 s0400/1030] loss = 2.759311
[e012 s0450/1030] loss = 2.917701
[e012 s0500/1030] loss = 2.838218
[e012 s0550/1030] loss = 3.023926
[e012 s0600/1030] loss = 3.140907
[e012 s0650/1030] loss = 3.467819
[e012 s0700/1030] loss = 3.576207
[e012 s0750/1030] loss = 3.504772
[e012 s0800/1030] loss = 3.490302
[e012 s0850/1030] loss = 3.598911
[e012 s0900/1030] loss = 3.531334
[e012 s0950/1030] loss = 3.481814
[e012 s1000/1030] loss = 3.487200
Epoch 012: train_loss = 3.486105  MAE/GAME0 = 65.371  RMSE = 89.794  GAME1 = 65.417  GAME2 = 65.514  GAME3 = 65.524  lr = 1.43e-05  time = 9.5s
[e013 s0001/1030] loss = 11.850705
[e013 s0050/1030] loss = 4.191812
[e013 s0100/1030] loss = 2.802048
[e013 s0150/1030] loss = 2.419143
[e013 s0200/1030] loss = 2.409486
[e013 s0250/1030] loss = 2.920692
[e013 s0300/1030] loss = 3.073473
[e013 s0350/1030] loss = 3.163450
[e013 s0400/1030] loss = 3.074763
[e013 s0450/1030] loss = 2.991750
[e013 s0500/1030] loss = 2.949863
[e013 s0550/1030] loss = 2.882478
[e013 s0600/1030] loss = 2.843149
[e013 s0650/1030] loss = 3.193405
[e013 s0700/1030] loss = 3.160205
[e013 s0750/1030] loss = 3.112881
[e013 s0800/1030] loss = 3.068300
[e013 s0850/1030] loss = 3.053479
[e013 s0900/1030] loss = 3.107195
[e013 s0950/1030] loss = 3.146809
[e013 s1000/1030] loss = 3.076672
Epoch 013: train_loss = 3.329985  MAE/GAME0 = 65.397  RMSE = 89.816  GAME1 = 65.427  GAME2 = 65.494  GAME3 = 65.501  lr = 1.57e-05  time = 9.6s
[e014 s0001/1030] loss = 0.784024
[e014 s0050/1030] loss = 1.768778
[e014 s0100/1030] loss = 2.412120
[e014 s0150/1030] loss = 2.595000
[e014 s0200/1030] loss = 2.212826
[e014 s0250/1030] loss = 2.194876
[e014 s0300/1030] loss = 2.219116
[e014 s0350/1030] loss = 2.817315
[e014 s0400/1030] loss = 3.333143
[e014 s0450/1030] loss = 3.260471
[e014 s0500/1030] loss = 3.147548
[e014 s0550/1030] loss = 3.384174
[e014 s0600/1030] loss = 3.581643
[e014 s0650/1030] loss = 3.553382
[e014 s0700/1030] loss = 3.553590
[e014 s0750/1030] loss = 3.537620
[e014 s0800/1030] loss = 3.659378
[e014 s0850/1030] loss = 3.560784
[e014 s0900/1030] loss = 3.469867
[e014 s0950/1030] loss = 3.707513
[e014 s1000/1030] loss = 3.692190
Epoch 014: train_loss = 3.736444  MAE/GAME0 = 65.399  RMSE = 89.818  GAME1 = 65.428  GAME2 = 65.492  GAME3 = 65.498  lr = 1.73e-05  time = 9.5s
[e015 s0001/1030] loss = 0.050638
[e015 s0050/1030] loss = 2.525516
[e015 s0100/1030] loss = 4.278418
[e015 s0150/1030] loss = 3.943140
[e015 s0200/1030] loss = 3.699844
[e015 s0250/1030] loss = 3.659244
[e015 s0300/1030] loss = 3.405128
[e015 s0350/1030] loss = 3.477809
[e015 s0400/1030] loss = 3.375478
[e015 s0450/1030] loss = 3.320731
[e015 s0500/1030] loss = 3.367553
[e015 s0550/1030] loss = 3.454827
[e015 s0600/1030] loss = 3.358883
[e015 s0650/1030] loss = 3.275506
[e015 s0700/1030] loss = 3.311090
[e015 s0750/1030] loss = 3.370857
[e015 s0800/1030] loss = 3.342789
[e015 s0850/1030] loss = 3.556586
[e015 s0900/1030] loss = 3.614330
[e015 s0950/1030] loss = 3.648689
[e015 s1000/1030] loss = 3.574869
Epoch 015: train_loss = 3.592920  MAE/GAME0 = 65.404  RMSE = 89.823  GAME1 = 65.430  GAME2 = 65.488  GAME3 = 65.494  lr = 1.89e-05  time = 9.8s
[e016 s0001/1030] loss = 0.231776
[e016 s0050/1030] loss = 2.222930
[e016 s0100/1030] loss = 2.110350
[e016 s0150/1030] loss = 3.396695
[e016 s0200/1030] loss = 4.102818
[e016 s0250/1030] loss = 3.905716
[e016 s0300/1030] loss = 3.648571
[e016 s0350/1030] loss = 3.946844
[e016 s0400/1030] loss = 4.002965
[e016 s0450/1030] loss = 4.004229
[e016 s0500/1030] loss = 3.943306
[e016 s0550/1030] loss = 3.873293
[e016 s0600/1030] loss = 3.758629
[e016 s0650/1030] loss = 3.606138
[e016 s0700/1030] loss = 3.698023
[e016 s0750/1030] loss = 3.644288
[e016 s0800/1030] loss = 3.517718
[e016 s0850/1030] loss = 3.457919
[e016 s0900/1030] loss = 3.425958
[e016 s0950/1030] loss = 3.477167
[e016 s1000/1030] loss = 3.426262
Epoch 016: train_loss = 3.381268  MAE/GAME0 = 65.425  RMSE = 89.841  GAME1 = 65.438  GAME2 = 65.469  GAME3 = 65.473  lr = 2.05e-05  time = 9.7s
[e017 s0001/1030] loss = 4.258625
[e017 s0050/1030] loss = 2.844072
[e017 s0100/1030] loss = 3.351956
[e017 s0150/1030] loss = 3.829576
[e017 s0200/1030] loss = 3.307506
[e017 s0250/1030] loss = 3.040395
[e017 s0300/1030] loss = 3.045492
[e017 s0350/1030] loss = 2.967842
[e017 s0400/1030] loss = 3.002455
[e017 s0450/1030] loss = 3.046144
[e017 s0500/1030] loss = 3.380670
[e017 s0550/1030] loss = 3.285291
[e017 s0600/1030] loss = 3.215613
[e017 s0650/1030] loss = 3.193024
[e017 s0700/1030] loss = 3.137036
[e017 s0750/1030] loss = 3.145444
[e017 s0800/1030] loss = 3.186524
[e017 s0850/1030] loss = 3.120826
[e017 s0900/1030] loss = 3.304327
[e017 s0950/1030] loss = 3.275083
[e017 s1000/1030] loss = 3.254014
Epoch 017: train_loss = 3.200794  MAE/GAME0 = 65.438  RMSE = 89.852  GAME1 = 65.444  GAME2 = 65.458  GAME3 = 65.460  lr = 2.22e-05  time = 9.5s
[e018 s0001/1030] loss = 0.067628
[e018 s0050/1030] loss = 3.206165
[e018 s0100/1030] loss = 3.479539
[e018 s0150/1030] loss = 3.136160
[e018 s0200/1030] loss = 3.254354
[e018 s0250/1030] loss = 3.292438
[e018 s0300/1030] loss = 3.975343
[e018 s0350/1030] loss = 3.729284
[e018 s0400/1030] loss = 3.572369
[e018 s0450/1030] loss = 3.533314
[e018 s0500/1030] loss = 3.468007
[e018 s0550/1030] loss = 3.534879
[e018 s0600/1030] loss = 3.408547
[e018 s0650/1030] loss = 3.343043
[e018 s0700/1030] loss = 3.403023
[e018 s0750/1030] loss = 3.264212
[e018 s0800/1030] loss = 3.230746
[e018 s0850/1030] loss = 3.207879
[e018 s0900/1030] loss = 3.129314
[e018 s0950/1030] loss = 3.099049
[e018 s1000/1030] loss = 3.165366
Epoch 018: train_loss = 3.404813  MAE/GAME0 = 65.438  RMSE = 89.852  GAME1 = 65.444  GAME2 = 65.458  GAME3 = 65.460  lr = 2.40e-05  time = 9.5s
[e019 s0001/1030] loss = 3.607594
[e019 s0050/1030] loss = 2.567911
[e019 s0100/1030] loss = 2.910160
[e019 s0150/1030] loss = 3.453196
[e019 s0200/1030] loss = 3.124318
[e019 s0250/1030] loss = 3.860914
[e019 s0300/1030] loss = 3.639741
[e019 s0350/1030] loss = 3.525877
[e019 s0400/1030] loss = 3.650007
[e019 s0450/1030] loss = 3.770447
[e019 s0500/1030] loss = 3.587392
[e019 s0550/1030] loss = 3.428394
[e019 s0600/1030] loss = 3.307700
[e019 s0650/1030] loss = 3.188317
[e019 s0700/1030] loss = 3.103457
[e019 s0750/1030] loss = 3.200780
[e019 s0800/1030] loss = 3.145124
[e019 s0850/1030] loss = 3.154749
[e019 s0900/1030] loss = 3.188629
[e019 s0950/1030] loss = 3.176666
[e019 s1000/1030] loss = 3.117088
Epoch 019: train_loss = 3.074105  MAE/GAME0 = 65.444  RMSE = 89.857  GAME1 = 65.447  GAME2 = 65.454  GAME3 = 65.455  lr = 2.57e-05  time = 9.6s
[e020 s0001/1030] loss = 2.408193
[e020 s0050/1030] loss = 3.105148
[e020 s0100/1030] loss = 3.560010
[e020 s0150/1030] loss = 3.189792
[e020 s0200/1030] loss = 2.934190
[e020 s0250/1030] loss = 3.654683
[e020 s0300/1030] loss = 3.435261
[e020 s0350/1030] loss = 3.597180
[e020 s0400/1030] loss = 3.525420
[e020 s0450/1030] loss = 3.596921
[e020 s0500/1030] loss = 3.375396
[e020 s0550/1030] loss = 3.646659
[e020 s0600/1030] loss = 3.614300
[e020 s0650/1030] loss = 3.571934
[e020 s0700/1030] loss = 3.448533
[e020 s0750/1030] loss = 3.446435
[e020 s0800/1030] loss = 3.439570
[e020 s0850/1030] loss = 3.389779
[e020 s0900/1030] loss = 3.326807
[e020 s0950/1030] loss = 3.266349
[e020 s1000/1030] loss = 3.246889
Epoch 020: train_loss = 3.325857  MAE/GAME0 = 65.444  RMSE = 89.857  GAME1 = 65.447  GAME2 = 65.454  GAME3 = 65.455  lr = 2.75e-05  time = 9.5s
[e021 s0001/1030] loss = 0.845309
[e021 s0050/1030] loss = 2.444066
[e021 s0100/1030] loss = 2.929811
[e021 s0150/1030] loss = 2.848962
[e021 s0200/1030] loss = 3.035274
[e021 s0250/1030] loss = 3.300922
[e021 s0300/1030] loss = 3.291753
[e021 s0350/1030] loss = 3.031796
[e021 s0400/1030] loss = 3.140231
[e021 s0450/1030] loss = 3.242561
[e021 s0500/1030] loss = 3.170763
[e021 s0550/1030] loss = 3.141494
[e021 s0600/1030] loss = 3.029906
[e021 s0650/1030] loss = 3.065414
[e021 s0700/1030] loss = 3.080239
[e021 s0750/1030] loss = 2.978769
[e021 s0800/1030] loss = 2.979012
[e021 s0850/1030] loss = 3.574392
[e021 s0900/1030] loss = 3.552617
[e021 s0950/1030] loss = 3.466307
[e021 s1000/1030] loss = 3.758823
Epoch 021: train_loss = 3.707852  MAE/GAME0 = 65.444  RMSE = 89.857  GAME1 = 65.447  GAME2 = 65.454  GAME3 = 65.455  lr = 2.93e-05  time = 9.6s
[e022 s0001/1030] loss = 6.384503
[e022 s0050/1030] loss = 1.458676
[e022 s0100/1030] loss = 1.883347
[e022 s0150/1030] loss = 2.311567
[e022 s0200/1030] loss = 2.700158
[e022 s0250/1030] loss = 2.784761
[e022 s0300/1030] loss = 2.905660
[e022 s0350/1030] loss = 3.480692
[e022 s0400/1030] loss = 3.635340
[e022 s0450/1030] loss = 3.609839
[e022 s0500/1030] loss = 3.944703
[e022 s0550/1030] loss = 3.964296
[e022 s0600/1030] loss = 4.131657
[e022 s0650/1030] loss = 3.961396
[e022 s0700/1030] loss = 3.855770
[e022 s0750/1030] loss = 3.715001
[e022 s0800/1030] loss = 3.634300
[e022 s0850/1030] loss = 3.568999
[e022 s0900/1030] loss = 3.521004
[e022 s0950/1030] loss = 3.441500
[e022 s1000/1030] loss = 3.410530
Epoch 022: train_loss = 3.372406  MAE/GAME0 = 65.444  RMSE = 89.857  GAME1 = 65.447  GAME2 = 65.454  GAME3 = 65.455  lr = 3.10e-05  time = 9.5s
[e023 s0001/1030] loss = 1.677038
[e023 s0050/1030] loss = 2.132692
[e023 s0100/1030] loss = 2.924935
[e023 s0150/1030] loss = 2.915099
[e023 s0200/1030] loss = 2.965446
[e023 s0250/1030] loss = 2.990475
[e023 s0300/1030] loss = 2.972054
[e023 s0350/1030] loss = 2.936128
[e023 s0400/1030] loss = 2.928162
[e023 s0450/1030] loss = 2.939640
[e023 s0500/1030] loss = 2.874329
[e023 s0550/1030] loss = 2.907241
[e023 s0600/1030] loss = 3.158012
[e023 s0650/1030] loss = 3.098858
[e023 s0700/1030] loss = 3.316970
[e023 s0750/1030] loss = 3.427828
[e023 s0800/1030] loss = 3.428923
[e023 s0850/1030] loss = 3.430143
[e023 s0900/1030] loss = 3.412560
[e023 s0950/1030] loss = 3.399833
[e023 s1000/1030] loss = 3.416166
Epoch 023: train_loss = 3.414806  MAE/GAME0 = 65.445  RMSE = 89.858  GAME1 = 65.447  GAME2 = 65.453  GAME3 = 65.454  lr = 3.28e-05  time = 9.6s
[e024 s0001/1030] loss = 4.027434
[e024 s0050/1030] loss = 3.598328
[e024 s0100/1030] loss = 3.570739
[e024 s0150/1030] loss = 3.215272
[e024 s0200/1030] loss = 3.137379
[e024 s0250/1030] loss = 3.015056
[e024 s0300/1030] loss = 3.394473
[e024 s0350/1030] loss = 3.257215
[e024 s0400/1030] loss = 3.307418
[e024 s0450/1030] loss = 3.286674
[e024 s0500/1030] loss = 3.169527
[e024 s0550/1030] loss = 3.064613
[e024 s0600/1030] loss = 2.998831
[e024 s0650/1030] loss = 2.975354
[e024 s0700/1030] loss = 2.907195
[e024 s0750/1030] loss = 2.943165
[e024 s0800/1030] loss = 3.138437
[e024 s0850/1030] loss = 3.100361
[e024 s0900/1030] loss = 3.119650
[e024 s0950/1030] loss = 3.127751
[e024 s1000/1030] loss = 3.050422
Epoch 024: train_loss = 3.025107  MAE/GAME0 = 65.446  RMSE = 89.858  GAME1 = 65.448  GAME2 = 65.453  GAME3 = 65.454  lr = 3.45e-05  time = 9.6s
[e025 s0001/1030] loss = 0.120262
[e025 s0050/1030] loss = 1.855001
[e025 s0100/1030] loss = 2.250800
[e025 s0150/1030] loss = 2.452503
[e025 s0200/1030] loss = 2.383053
[e025 s0250/1030] loss = 3.037251
[e025 s0300/1030] loss = 3.017553
[e025 s0350/1030] loss = 3.520061
[e025 s0400/1030] loss = 3.295025
[e025 s0450/1030] loss = 3.170611
[e025 s0500/1030] loss = 3.041949
[e025 s0550/1030] loss = 2.921372
[e025 s0600/1030] loss = 2.980803
[e025 s0650/1030] loss = 2.868646
[e025 s0700/1030] loss = 2.828194
[e025 s0750/1030] loss = 2.781673
[e025 s0800/1030] loss = 2.760497
[e025 s0850/1030] loss = 2.780336
[e025 s0900/1030] loss = 2.751725
[e025 s0950/1030] loss = 2.724416
[e025 s1000/1030] loss = 2.778548
Epoch 025: train_loss = 3.098191  MAE/GAME0 = 65.446  RMSE = 89.858  GAME1 = 65.448  GAME2 = 65.453  GAME3 = 65.454  lr = 3.61e-05  time = 9.6s
[e026 s0001/1030] loss = 0.247515
[e026 s0050/1030] loss = 3.456947
[e026 s0100/1030] loss = 3.147695
[e026 s0150/1030] loss = 2.975899
[e026 s0200/1030] loss = 2.889940
[e026 s0250/1030] loss = 2.964229
[e026 s0300/1030] loss = 3.879966
[e026 s0350/1030] loss = 3.606149
[e026 s0400/1030] loss = 3.617983
[e026 s0450/1030] loss = 3.659385
[e026 s0500/1030] loss = 3.650217
[e026 s0550/1030] loss = 3.543289
[e026 s0600/1030] loss = 3.395232
[e026 s0650/1030] loss = 3.448204
[e026 s0700/1030] loss = 3.423515
[e026 s0750/1030] loss = 3.617674
[e026 s0800/1030] loss = 3.497398
[e026 s0850/1030] loss = 3.438841
[e026 s0900/1030] loss = 3.391634
[e026 s0950/1030] loss = 3.335550
[e026 s1000/1030] loss = 3.253619
Epoch 026: train_loss = 3.325219  MAE/GAME0 = 65.445  RMSE = 89.857  GAME1 = 65.448  GAME2 = 65.454  GAME3 = 65.454  lr = 3.77e-05  time = 9.5s
[e027 s0001/1030] loss = 1.599529
[e027 s0050/1030] loss = 3.981327
[e027 s0100/1030] loss = 3.209779
[e027 s0150/1030] loss = 3.023384
[e027 s0200/1030] loss = 2.765081
[e027 s0250/1030] loss = 2.878665
[e027 s0300/1030] loss = 3.125760
[e027 s0350/1030] loss = 3.162462
[e027 s0400/1030] loss = 3.211391
[e027 s0450/1030] loss = 3.087529
[e027 s0500/1030] loss = 3.253931
[e027 s0550/1030] loss = 3.238584
[e027 s0600/1030] loss = 3.222139
[e027 s0650/1030] loss = 3.440984
[e027 s0700/1030] loss = 3.447855
[e027 s0750/1030] loss = 3.403782
[e027 s0800/1030] loss = 3.379149
[e027 s0850/1030] loss = 3.253138
[e027 s0900/1030] loss = 3.258976
[e027 s0950/1030] loss = 3.419517
[e027 s1000/1030] loss = 3.388215
Epoch 027: train_loss = 3.648198  MAE/GAME0 = 65.449  RMSE = 89.860  GAME1 = 65.449  GAME2 = 65.451  GAME3 = 65.451  lr = 3.93e-05  time = 9.6s
[e028 s0001/1030] loss = 0.536331
[e028 s0050/1030] loss = 5.029425
[e028 s0100/1030] loss = 3.881662
[e028 s0150/1030] loss = 3.152297
[e028 s0200/1030] loss = 3.222428
[e028 s0250/1030] loss = 3.103810
[e028 s0300/1030] loss = 3.072016
[e028 s0350/1030] loss = 3.223440
[e028 s0400/1030] loss = 3.216676
[e028 s0450/1030] loss = 3.111054
[e028 s0500/1030] loss = 3.111668
[e028 s0550/1030] loss = 3.009012
[e028 s0600/1030] loss = 2.976162
[e028 s0650/1030] loss = 2.907217
[e028 s0700/1030] loss = 4.054497
[e028 s0750/1030] loss = 7.934174
[e028 s0800/1030] loss = 7.724926
[e028 s0850/1030] loss = 7.421256
[e028 s0900/1030] loss = 7.153256
[e028 s0950/1030] loss = 6.928432
[e028 s1000/1030] loss = 6.717081
Epoch 028: train_loss = 6.622860  MAE/GAME0 = 65.450  RMSE = 89.862  GAME1 = 65.450  GAME2 = 65.450  GAME3 = 65.450  lr = 4.07e-05  time = 9.5s
[e029 s0001/1030] loss = 1.117643
[e029 s0050/1030] loss = 4.615601
[e029 s0100/1030] loss = 3.532140
[e029 s0150/1030] loss = 3.302280
[e029 s0200/1030] loss = 3.275542
[e029 s0250/1030] loss = 3.833120
[e029 s0300/1030] loss = 3.641879
[e029 s0350/1030] loss = 3.411677
[e029 s0400/1030] loss = 3.338322
[e029 s0450/1030] loss = 3.289965
[e029 s0500/1030] loss = 3.244619
[e029 s0550/1030] loss = 3.135259
[e029 s0600/1030] loss = 3.005369
[e029 s0650/1030] loss = 4.111646
[e029 s0700/1030] loss = 4.185145
[e029 s0750/1030] loss = 4.070606
[e029 s0800/1030] loss = 4.019046
[e029 s0850/1030] loss = 3.905284
[e029 s0900/1030] loss = 3.828584
[e029 s0950/1030] loss = 3.747275
[e029 s1000/1030] loss = 3.725932
Epoch 029: train_loss = 3.707767  MAE/GAME0 = 65.450  RMSE = 89.862  GAME1 = 65.450  GAME2 = 65.450  GAME3 = 65.450  lr = 4.21e-05  time = 9.7s
[e030 s0001/1030] loss = 2.173678
[e030 s0050/1030] loss = 4.247185
[e030 s0100/1030] loss = 3.607093
[e030 s0150/1030] loss = 3.918820
[e030 s0200/1030] loss = 3.835510
[e030 s0250/1030] loss = 4.377667
[e030 s0300/1030] loss = 4.255672
[e030 s0350/1030] loss = 4.125752
[e030 s0400/1030] loss = 4.023482
[e030 s0450/1030] loss = 3.774003
[e030 s0500/1030] loss = 3.600660
[e030 s0550/1030] loss = 3.497208
[e030 s0600/1030] loss = 3.427005
[e030 s0650/1030] loss = 3.249694
[e030 s0700/1030] loss = 3.200282
[e030 s0750/1030] loss = 3.509578
[e030 s0800/1030] loss = 3.795093
[e030 s0850/1030] loss = 3.790512
[e030 s0900/1030] loss = 3.687950
[e030 s0950/1030] loss = 3.680156
[e030 s1000/1030] loss = 3.633381
Epoch 030: train_loss = 3.704863  MAE/GAME0 = 65.450  RMSE = 89.862  GAME1 = 65.450  GAME2 = 65.450  GAME3 = 65.450  lr = 4.34e-05  time = 9.5s
[e031 s0001/1030] loss = 1.294066
[e031 s0050/1030] loss = 3.124296
[e031 s0100/1030] loss = 2.924520
[e031 s0150/1030] loss = 2.479805
[e031 s0200/1030] loss = 2.702969
[e031 s0250/1030] loss = 2.572440
[e031 s0300/1030] loss = 2.567692
[e031 s0350/1030] loss = 2.716023
[e031 s0400/1030] loss = 2.702116
[e031 s0450/1030] loss = 2.773043
[e031 s0500/1030] loss = 2.731519
[e031 s0550/1030] loss = 2.824381
[e031 s0600/1030] loss = 2.827994
[e031 s0650/1030] loss = 2.781975
[e031 s0700/1030] loss = 2.730845
[e031 s0750/1030] loss = 2.977843
[e031 s0800/1030] loss = 3.616081
[e031 s0850/1030] loss = 3.591904
[e031 s0900/1030] loss = 3.692694
[e031 s0950/1030] loss = 3.677469
[e031 s1000/1030] loss = 3.618281
Epoch 031: train_loss = 3.586786  MAE/GAME0 = 65.450  RMSE = 89.862  GAME1 = 65.450  GAME2 = 65.450  GAME3 = 65.450  lr = 4.46e-05  time = 9.4s
[e032 s0001/1030] loss = 7.219456
[e032 s0050/1030] loss = 3.482807
[e032 s0100/1030] loss = 4.351542
[e032 s0150/1030] loss = 3.682263
[e032 s0200/1030] loss = 3.663604
[e032 s0250/1030] loss = 3.561041
[e032 s0300/1030] loss = 3.425607
[e032 s0350/1030] loss = 3.483588
[e032 s0400/1030] loss = 3.515918
[e032 s0450/1030] loss = 3.765966
[e032 s0500/1030] loss = 3.640751
[e032 s0550/1030] loss = 3.454407
[e032 s0600/1030] loss = 3.437027
[e032 s0650/1030] loss = 3.405138
[e032 s0700/1030] loss = 3.404607
[e032 s0750/1030] loss = 3.663349
[e032 s0800/1030] loss = 3.559596
[e032 s0850/1030] loss = 3.519329
[e032 s0900/1030] loss = 3.461916
[e032 s0950/1030] loss = 3.536758
[e032 s1000/1030] loss = 3.461236
Epoch 032: train_loss = 3.412940  MAE/GAME0 = 65.450  RMSE = 89.862  GAME1 = 65.450  GAME2 = 65.450  GAME3 = 65.450  lr = 4.57e-05  time = 9.5s
[e033 s0001/1030] loss = 3.741660
[e033 s0050/1030] loss = 2.326365
[e033 s0100/1030] loss = 2.531200
[e033 s0150/1030] loss = 2.305330
[e033 s0200/1030] loss = 2.267362
[e033 s0250/1030] loss = 2.326875
[e033 s0300/1030] loss = 2.270685
[e033 s0350/1030] loss = 2.302710
[e033 s0400/1030] loss = 2.566175
[e033 s0450/1030] loss = 3.557108
[e033 s0500/1030] loss = 3.448268
[e033 s0550/1030] loss = 3.554387
[e033 s0600/1030] loss = 3.396253
[e033 s0650/1030] loss = 3.410770
[e033 s0700/1030] loss = 3.282609
[e033 s0750/1030] loss = 3.333781
[e033 s0800/1030] loss = 3.270903
[e033 s0850/1030] loss = 3.210187
[e033 s0900/1030] loss = 3.220732
[e033 s0950/1030] loss = 3.124529
[e033 s1000/1030] loss = 3.268195
Epoch 033: train_loss = 3.227933  MAE/GAME0 = 65.450  RMSE = 89.862  GAME1 = 65.450  GAME2 = 65.450  GAME3 = 65.450  lr = 4.67e-05  time = 9.5s
[e034 s0001/1030] loss = 0.050042
[e034 s0050/1030] loss = 2.135056
[e034 s0100/1030] loss = 3.194365
[e034 s0150/1030] loss = 2.818793
[e034 s0200/1030] loss = 2.811264
[e034 s0250/1030] loss = 2.771032
[e034 s0300/1030] loss = 2.839201
[e034 s0350/1030] loss = 3.216938
[e034 s0400/1030] loss = 3.132714
[e034 s0450/1030] loss = 3.028289
[e034 s0500/1030] loss = 3.143723
[e034 s0550/1030] loss = 3.385444
[e034 s0600/1030] loss = 3.450994
[e034 s0650/1030] loss = 3.310752
[e034 s0700/1030] loss = 3.388495
[e034 s0750/1030] loss = 3.444577
[e034 s0800/1030] loss = 3.383830
[e034 s0850/1030] loss = 3.325746
[e034 s0900/1030] loss = 3.342565
[e034 s0950/1030] loss = 3.269978
[e034 s1000/1030] loss = 3.243236
Epoch 034: train_loss = 3.232490  MAE/GAME0 = 65.450  RMSE = 89.862  GAME1 = 65.450  GAME2 = 65.450  GAME3 = 65.450  lr = 4.75e-05  time = 9.6s
[e035 s0001/1030] loss = 5.208903
[e035 s0050/1030] loss = 3.698664
[e035 s0100/1030] loss = 3.611464
[e035 s0150/1030] loss = 3.098473
[e035 s0200/1030] loss = 3.108925
[e035 s0250/1030] loss = 3.492751
[e035 s0300/1030] loss = 3.248328
[e035 s0350/1030] loss = 3.920297
[e035 s0400/1030] loss = 3.663020
[e035 s0450/1030] loss = 3.596373
[e035 s0500/1030] loss = 3.513450
[e035 s0550/1030] loss = 3.438205
[e035 s0600/1030] loss = 3.304059
[e035 s0650/1030] loss = 3.299998
[e035 s0700/1030] loss = 3.256101
[e035 s0750/1030] loss = 3.190595
[e035 s0800/1030] loss = 3.138009
[e035 s0850/1030] loss = 3.103726
[e035 s0900/1030] loss = 3.113089
[e035 s0950/1030] loss = 3.134775
[e035 s1000/1030] loss = 3.290129
Epoch 035: train_loss = 3.300765  MAE/GAME0 = 65.450  RMSE = 89.862  GAME1 = 65.450  GAME2 = 65.450  GAME3 = 65.450  lr = 4.83e-05  time = 9.5s
[e036 s0001/1030] loss = 0.142811
[e036 s0050/1030] loss = 7.103275
[e036 s0100/1030] loss = 4.964671
[e036 s0150/1030] loss = 4.254730
[e036 s0200/1030] loss = 3.831112
[e036 s0250/1030] loss = 4.626696
[e036 s0300/1030] loss = 4.211983
[e036 s0350/1030] loss = 3.939152
[e036 s0400/1030] loss = 3.725636
[e036 s0450/1030] loss = 3.704948
[e036 s0500/1030] loss = 3.695293
[e036 s0550/1030] loss = 3.867783
[e036 s0600/1030] loss = 3.777335
[e036 s0650/1030] loss = 3.707407
[e036 s0700/1030] loss = 3.652583
[e036 s0750/1030] loss = 3.663534
[e036 s0800/1030] loss = 3.583482
[e036 s0850/1030] loss = 3.514940
[e036 s0900/1030] loss = 3.531489
[e036 s0950/1030] loss = 3.438832
[e036 s1000/1030] loss = 3.376472
Epoch 036: train_loss = 3.345831  MAE/GAME0 = 65.450  RMSE = 89.862  GAME1 = 65.450  GAME2 = 65.450  GAME3 = 65.450  lr = 4.89e-05  time = 9.5s
[e037 s0001/1030] loss = 0.375565
[e037 s0050/1030] loss = 1.312364
[e037 s0100/1030] loss = 2.351372
[e037 s0150/1030] loss = 2.250875
[e037 s0200/1030] loss = 2.610169
[e037 s0250/1030] loss = 2.647876
[e037 s0300/1030] loss = 2.584479
[e037 s0350/1030] loss = 2.662979
[e037 s0400/1030] loss = 2.804064
[e037 s0450/1030] loss = 2.631188
[e037 s0500/1030] loss = 2.570442
[e037 s0550/1030] loss = 2.694513
[e037 s0600/1030] loss = 2.760077
[e037 s0650/1030] loss = 2.763286
[e037 s0700/1030] loss = 2.863575
[e037 s0750/1030] loss = 3.120581
[e037 s0800/1030] loss = 3.113017
[e037 s0850/1030] loss = 3.118158
[e037 s0900/1030] loss = 3.143225
[e037 s0950/1030] loss = 3.387986
[e037 s1000/1030] loss = 3.347628
Epoch 037: train_loss = 3.282609  MAE/GAME0 = 65.450  RMSE = 89.862  GAME1 = 65.450  GAME2 = 65.450  GAME3 = 65.450  lr = 4.94e-05  time = 9.6s
[e038 s0001/1030] loss = 0.041822
[e038 s0050/1030] loss = 5.202803
[e038 s0100/1030] loss = 5.004705
[e038 s0150/1030] loss = 6.333924
[e038 s0200/1030] loss = 5.648298
[e038 s0250/1030] loss = 5.169904
[e038 s0300/1030] loss = 4.558652
[e038 s0350/1030] loss = 4.462168
[e038 s0400/1030] loss = 4.488959
[e038 s0450/1030] loss = 4.406163
[e038 s0500/1030] loss = 4.306650
[e038 s0550/1030] loss = 4.132669
[e038 s0600/1030] loss = 4.037407
[e038 s0650/1030] loss = 3.879844
[e038 s0700/1030] loss = 3.816241
[e038 s0750/1030] loss = 3.723858
[e038 s0800/1030] loss = 3.595819
[e038 s0850/1030] loss = 3.630131
[e038 s0900/1030] loss = 3.599205
[e038 s0950/1030] loss = 3.562900
[e038 s1000/1030] loss = 3.533880
Epoch 038: train_loss = 3.484555  MAE/GAME0 = 65.450  RMSE = 89.862  GAME1 = 65.450  GAME2 = 65.450  GAME3 = 65.450  lr = 4.97e-05  time = 9.6s
[e039 s0001/1030] loss = 0.092299
[e039 s0050/1030] loss = 2.100444
[e039 s0100/1030] loss = 2.991347
[e039 s0150/1030] loss = 3.020154
[e039 s0200/1030] loss = 3.326266
[e039 s0250/1030] loss = 3.038906
[e039 s0300/1030] loss = 3.244856
[e039 s0350/1030] loss = 3.171429
[e039 s0400/1030] loss = 3.958568
[e039 s0450/1030] loss = 3.704928
[e039 s0500/1030] loss = 3.608096
[e039 s0550/1030] loss = 3.469163
[e039 s0600/1030] loss = 3.312588
[e039 s0650/1030] loss = 3.276326
[e039 s0700/1030] loss = 3.238213
[e039 s0750/1030] loss = 3.204020
[e039 s0800/1030] loss = 3.419340
[e039 s0850/1030] loss = 3.355639
[e039 s0900/1030] loss = 3.330660
[e039 s0950/1030] loss = 3.488444
[e039 s1000/1030] loss = 3.389585
Epoch 039: train_loss = 3.369877  MAE/GAME0 = 65.450  RMSE = 89.862  GAME1 = 65.450  GAME2 = 65.450  GAME3 = 65.450  lr = 4.99e-05  time = 9.4s
[e040 s0001/1030] loss = 0.032703
[e040 s0050/1030] loss = 2.650318
[e040 s0100/1030] loss = 4.535044
[e040 s0150/1030] loss = 3.888502
[e040 s0200/1030] loss = 4.614418
[e040 s0250/1030] loss = 4.482821
[e040 s0300/1030] loss = 4.244246
[e040 s0350/1030] loss = 3.977997
[e040 s0400/1030] loss = 4.078598
[e040 s0450/1030] loss = 4.030016
[e040 s0500/1030] loss = 3.821671
[e040 s0550/1030] loss = 3.661626
[e040 s0600/1030] loss = 3.545257
[e040 s0650/1030] loss = 3.419068
[e040 s0700/1030] loss = 3.347311
[e040 s0750/1030] loss = 3.435006
[e040 s0800/1030] loss = 3.354381
[e040 s0850/1030] loss = 3.293046
[e040 s0900/1030] loss = 3.256003
[e040 s0950/1030] loss = 3.250088
[e040 s1000/1030] loss = 3.207111
Epoch 040: train_loss = 3.344623  MAE/GAME0 = 65.450  RMSE = 89.862  GAME1 = 65.450  GAME2 = 65.450  GAME3 = 65.450  lr = 5.00e-05  time = 9.6s
[e041 s0001/1030] loss = 1.217784
[e041 s0050/1030] loss = 3.103461
[e041 s0100/1030] loss = 2.984059
[e041 s0150/1030] loss = 4.601818
[e041 s0200/1030] loss = 4.366843
[e041 s0250/1030] loss = 4.133794
[e041 s0300/1030] loss = 4.402411
[e041 s0350/1030] loss = 4.192185
[e041 s0400/1030] loss = 3.984840
[e041 s0450/1030] loss = 3.851950
[e041 s0500/1030] loss = 3.786194
[e041 s0550/1030] loss = 4.499934
[e041 s0600/1030] loss = 4.276368
[e041 s0650/1030] loss = 4.172509
[e041 s0700/1030] loss = 4.110322
[e041 s0750/1030] loss = 4.033890
[e041 s0800/1030] loss = 3.947247
[e041 s0850/1030] loss = 3.844409
[e041 s0900/1030] loss = 3.816952
[e041 s0950/1030] loss = 3.802296
[e041 s1000/1030] loss = 3.700570
Epoch 041: train_loss = 3.669514  MAE/GAME0 = 65.450  RMSE = 89.862  GAME1 = 65.450  GAME2 = 65.450  GAME3 = 65.450  lr = 5.00e-05  time = 9.7s
[e042 s0001/1030] loss = 0.231508
[e042 s0050/1030] loss = 3.440849
[e042 s0100/1030] loss = 3.152247
[e042 s0150/1030] loss = 2.728545
[e042 s0200/1030] loss = 2.544258
[e042 s0250/1030] loss = 2.392702
[e042 s0300/1030] loss = 3.024774
[e042 s0350/1030] loss = 3.533811
[e042 s0400/1030] loss = 3.427458
[e042 s0450/1030] loss = 3.432260
[e042 s0500/1030] loss = 3.350606
[e042 s0550/1030] loss = 3.299107
[e042 s0600/1030] loss = 3.305556
[e042 s0650/1030] loss = 3.260162
[e042 s0700/1030] loss = 3.206539
[e042 s0750/1030] loss = 3.182226
[e042 s0800/1030] loss = 3.185129
[e042 s0850/1030] loss = 3.102022
[e042 s0900/1030] loss = 3.017303
[e042 s0950/1030] loss = 3.021710
[e042 s1000/1030] loss = 2.991555
Epoch 042: train_loss = 3.010365  MAE/GAME0 = 65.450  RMSE = 89.862  GAME1 = 65.450  GAME2 = 65.450  GAME3 = 65.450  lr = 5.00e-05  time = 9.7s
[e043 s0001/1030] loss = 0.339774
[e043 s0050/1030] loss = 5.218421
[e043 s0100/1030] loss = 3.735118
[e043 s0150/1030] loss = 3.498925
[e043 s0200/1030] loss = 3.133562
[e043 s0250/1030] loss = 2.943601
[e043 s0300/1030] loss = 3.020302
[e043 s0350/1030] loss = 3.225567
[e043 s0400/1030] loss = 3.135615
[e043 s0450/1030] loss = 3.152137
[e043 s0500/1030] loss = 3.016744
[e043 s0550/1030] loss = 3.315746
[e043 s0600/1030] loss = 3.278642
[e043 s0650/1030] loss = 3.445739
[e043 s0700/1030] loss = 3.459623
[e043 s0750/1030] loss = 3.454361
[e043 s0800/1030] loss = 3.437748
[e043 s0850/1030] loss = 3.548757
[e043 s0900/1030] loss = 3.440566
[e043 s0950/1030] loss = 3.401386
[e043 s1000/1030] loss = 3.473724
Epoch 043: train_loss = 3.435161  MAE/GAME0 = 65.450  RMSE = 89.862  GAME1 = 65.450  GAME2 = 65.450  GAME3 = 65.450  lr = 5.00e-05  time = 9.5s
[e044 s0001/1030] loss = 2.593605
[e044 s0050/1030] loss = 5.034775
[e044 s0100/1030] loss = 5.664111
[e044 s0150/1030] loss = 4.665982
[e044 s0200/1030] loss = 4.194633
[e044 s0250/1030] loss = 3.785204
[e044 s0300/1030] loss = 4.262448
[e044 s0350/1030] loss = 4.015243
[e044 s0400/1030] loss = 3.906188
[e044 s0450/1030] loss = 3.766059
[e044 s0500/1030] loss = 3.651339
[e044 s0550/1030] loss = 3.666530
[e044 s0600/1030] loss = 3.629973
[e044 s0650/1030] loss = 3.474192
[e044 s0700/1030] loss = 3.571224
[e044 s0750/1030] loss = 3.422594
[e044 s0800/1030] loss = 3.658719
[e044 s0850/1030] loss = 3.550346
[e044 s0900/1030] loss = 3.501024
[e044 s0950/1030] loss = 3.575995
[e044 s1000/1030] loss = 3.542662
Epoch 044: train_loss = 3.569019  MAE/GAME0 = 65.450  RMSE = 89.862  GAME1 = 65.450  GAME2 = 65.450  GAME3 = 65.450  lr = 5.00e-05  time = 9.6s
[e045 s0001/1030] loss = 0.086151
[e045 s0050/1030] loss = 3.575174
[e045 s0100/1030] loss = 3.831535
[e045 s0150/1030] loss = 3.529873
[e045 s0200/1030] loss = 3.513352
[e045 s0250/1030] loss = 4.104212
[e045 s0300/1030] loss = 3.791837
[e045 s0350/1030] loss = 3.620258
[e045 s0400/1030] loss = 3.600185
[e045 s0450/1030] loss = 3.533362
[e045 s0500/1030] loss = 3.354878
[e045 s0550/1030] loss = 3.301277
[e045 s0600/1030] loss = 3.335870
[e045 s0650/1030] loss = 3.385012
[e045 s0700/1030] loss = 3.273601
[e045 s0750/1030] loss = 3.167173
[e045 s0800/1030] loss = 3.164617
[e045 s0850/1030] loss = 3.162727
[e045 s0900/1030] loss = 3.093519
[e045 s0950/1030] loss = 3.174943
[e045 s1000/1030] loss = 3.173906
Epoch 045: train_loss = 3.176763  MAE/GAME0 = 65.450  RMSE = 89.862  GAME1 = 65.450  GAME2 = 65.450  GAME3 = 65.450  lr = 5.00e-05  time = 9.5s
[e046 s0001/1030] loss = 10.130927
[e046 s0050/1030] loss = 3.371347
[e046 s0100/1030] loss = 3.400850
[e046 s0150/1030] loss = 3.308097
[e046 s0200/1030] loss = 3.092755
[e046 s0250/1030] loss = 3.594911
[e046 s0300/1030] loss = 3.271966
[e046 s0350/1030] loss = 3.325168
[e046 s0400/1030] loss = 3.239251
[e046 s0450/1030] loss = 3.261318
[e046 s0500/1030] loss = 3.135201
[e046 s0550/1030] loss = 3.056912
[e046 s0600/1030] loss = 3.220359
[e046 s0650/1030] loss = 3.279017
[e046 s0700/1030] loss = 3.398731
[e046 s0750/1030] loss = 3.645739
[e046 s0800/1030] loss = 3.785875
[e046 s0850/1030] loss = 3.950304
[e046 s0900/1030] loss = 3.921580
[e046 s0950/1030] loss = 3.856660
[e046 s1000/1030] loss = 3.811261
Epoch 046: train_loss = 3.791929  MAE/GAME0 = 65.450  RMSE = 89.862  GAME1 = 65.450  GAME2 = 65.450  GAME3 = 65.450  lr = 5.00e-05  time = 9.7s
[e047 s0001/1030] loss = 20.660812
[e047 s0050/1030] loss = 3.734553
[e047 s0100/1030] loss = 3.223320
[e047 s0150/1030] loss = 2.869157
[e047 s0200/1030] loss = 3.421891
[e047 s0250/1030] loss = 3.359197
[e047 s0300/1030] loss = 3.116475
[e047 s0350/1030] loss = 3.330587
[e047 s0400/1030] loss = 3.293528
[e047 s0450/1030] loss = 3.098343
[e047 s0500/1030] loss = 3.105605
[e047 s0550/1030] loss = 3.218417
[e047 s0600/1030] loss = 3.167190
[e047 s0650/1030] loss = 3.099094
[e047 s0700/1030] loss = 3.101809
[e047 s0750/1030] loss = 3.268806
[e047 s0800/1030] loss = 3.289264
[e047 s0850/1030] loss = 3.410142
[e047 s0900/1030] loss = 3.326267
[e047 s0950/1030] loss = 3.292531
[e047 s1000/1030] loss = 3.258263
Epoch 047: train_loss = 3.227899  MAE/GAME0 = 65.450  RMSE = 89.862  GAME1 = 65.450  GAME2 = 65.450  GAME3 = 65.450  lr = 5.00e-05  time = 9.5s
[e048 s0001/1030] loss = 2.026964
[e048 s0050/1030] loss = 1.844705
[e048 s0100/1030] loss = 2.058469
[e048 s0150/1030] loss = 2.231919
[e048 s0200/1030] loss = 2.188196
[e048 s0250/1030] loss = 2.151045
[e048 s0300/1030] loss = 2.277197
[e048 s0350/1030] loss = 2.444522
[e048 s0400/1030] loss = 2.744561
[e048 s0450/1030] loss = 2.673660
[e048 s0500/1030] loss = 3.516664
[e048 s0550/1030] loss = 3.431059
[e048 s0600/1030] loss = 3.479211
[e048 s0650/1030] loss = 3.462012
[e048 s0700/1030] loss = 3.437760
[e048 s0750/1030] loss = 3.423221
[e048 s0800/1030] loss = 3.328520
[e048 s0850/1030] loss = 3.270836
[e048 s0900/1030] loss = 3.227707
[e048 s0950/1030] loss = 3.156756
[e048 s1000/1030] loss = 3.355578
Epoch 048: train_loss = 3.359304  MAE/GAME0 = 65.450  RMSE = 89.862  GAME1 = 65.450  GAME2 = 65.450  GAME3 = 65.450  lr = 4.99e-05  time = 9.6s
[e049 s0001/1030] loss = 3.662727
[e049 s0050/1030] loss = 2.022876
[e049 s0100/1030] loss = 3.216129
[e049 s0150/1030] loss = 2.697198
[e049 s0200/1030] loss = 2.818962
[e049 s0250/1030] loss = 2.638964
[e049 s0300/1030] loss = 2.679427
[e049 s0350/1030] loss = 2.528385
[e049 s0400/1030] loss = 3.077776
[e049 s0450/1030] loss = 3.065135
[e049 s0500/1030] loss = 3.048321
[e049 s0550/1030] loss = 2.987193
[e049 s0600/1030] loss = 2.963663
[e049 s0650/1030] loss = 3.330516
[e049 s0700/1030] loss = 3.262209
[e049 s0750/1030] loss = 3.205601
[e049 s0800/1030] loss = 3.097738
[e049 s0850/1030] loss = 3.242701
[e049 s0900/1030] loss = 3.156406
[e049 s0950/1030] loss = 3.141924
[e049 s1000/1030] loss = 3.153673
Epoch 049: train_loss = 3.109935  MAE/GAME0 = 65.450  RMSE = 89.862  GAME1 = 65.450  GAME2 = 65.450  GAME3 = 65.450  lr = 4.99e-05  time = 9.5s
[e050 s0001/1030] loss = 0.762748
[e050 s0050/1030] loss = 4.276330
[e050 s0100/1030] loss = 3.903032
[e050 s0150/1030] loss = 3.476122
[e050 s0200/1030] loss = 3.803310
[e050 s0250/1030] loss = 4.460786
[e050 s0300/1030] loss = 4.225228
[e050 s0350/1030] loss = 4.117532
[e050 s0400/1030] loss = 3.868088
[e050 s0450/1030] loss = 3.624026
[e050 s0500/1030] loss = 3.573232
[e050 s0550/1030] loss = 3.643820
[e050 s0600/1030] loss = 3.546320
[e050 s0650/1030] loss = 3.450307
[e050 s0700/1030] loss = 3.486239
[e050 s0750/1030] loss = 3.476607
[e050 s0800/1030] loss = 3.554337
[e050 s0850/1030] loss = 3.529053
[e050 s0900/1030] loss = 3.524107
[e050 s0950/1030] loss = 3.713220
[e050 s1000/1030] loss = 3.666582
Epoch 050: train_loss = 3.611513  MAE/GAME0 = 65.450  RMSE = 89.862  GAME1 = 65.450  GAME2 = 65.450  GAME3 = 65.450  lr = 4.99e-05  time = 9.5s
[e051 s0001/1030] loss = 4.714591
[e051 s0050/1030] loss = 3.377986
[e051 s0100/1030] loss = 2.721150
[e051 s0150/1030] loss = 2.558036
[e051 s0200/1030] loss = 2.458330
[e051 s0250/1030] loss = 3.386700
[e051 s0300/1030] loss = 3.180502
[e051 s0350/1030] loss = 3.345408
[e051 s0400/1030] loss = 3.298168
[e051 s0450/1030] loss = 3.157976
[e051 s0500/1030] loss = 3.125972
[e051 s0550/1030] loss = 3.602154
[e051 s0600/1030] loss = 3.443849
[e051 s0650/1030] loss = 3.399570
[e051 s0700/1030] loss = 3.418054
[e051 s0750/1030] loss = 3.399862
[e051 s0800/1030] loss = 3.360032
[e051 s0850/1030] loss = 3.287655
[e051 s0900/1030] loss = 3.321271
[e051 s0950/1030] loss = 3.236864
[e051 s1000/1030] loss = 3.176779
Epoch 051: train_loss = 3.199476  MAE/GAME0 = 65.450  RMSE = 89.862  GAME1 = 65.450  GAME2 = 65.450  GAME3 = 65.450  lr = 4.99e-05  time = 9.6s
[e052 s0001/1030] loss = 0.000000
[e052 s0050/1030] loss = 3.169461
[e052 s0100/1030] loss = 2.787166
[e052 s0150/1030] loss = 4.247212
[e052 s0200/1030] loss = 3.726797
[e052 s0250/1030] loss = 3.794188
[e052 s0300/1030] loss = 3.684811
[e052 s0350/1030] loss = 3.506015
[e052 s0400/1030] loss = 3.422211
[e052 s0450/1030] loss = 3.326967
[e052 s0500/1030] loss = 3.330926
[e052 s0550/1030] loss = 3.284795
[e052 s0600/1030] loss = 3.923372
[e052 s0650/1030] loss = 3.901556
[e052 s0700/1030] loss = 3.896019
[e052 s0750/1030] loss = 3.782020
[e052 s0800/1030] loss = 3.891156
[e052 s0850/1030] loss = 3.860932
[e052 s0900/1030] loss = 3.897196
[e052 s0950/1030] loss = 3.811145
[e052 s1000/1030] loss = 3.780448
Epoch 052: train_loss = 3.729397  MAE/GAME0 = 65.450  RMSE = 89.862  GAME1 = 65.450  GAME2 = 65.450  GAME3 = 65.450  lr = 4.99e-05  time = 9.5s
[e053 s0001/1030] loss = 0.106011
[e053 s0050/1030] loss = 5.693034
[e053 s0100/1030] loss = 3.959824
[e053 s0150/1030] loss = 3.488482
[e053 s0200/1030] loss = 3.110145
[e053 s0250/1030] loss = 2.917064
[e053 s0300/1030] loss = 2.916969
[e053 s0350/1030] loss = 3.503750
[e053 s0400/1030] loss = 3.558931
[e053 s0450/1030] loss = 3.370974
[e053 s0500/1030] loss = 3.607167
[e053 s0550/1030] loss = 3.549362
[e053 s0600/1030] loss = 3.410362
[e053 s0650/1030] loss = 3.283943
[e053 s0700/1030] loss = 3.213763
[e053 s0750/1030] loss = 3.227708
[e053 s0800/1030] loss = 3.334722
[e053 s0850/1030] loss = 3.322696
[e053 s0900/1030] loss = 3.521085
[e053 s0950/1030] loss = 3.600035
[e053 s1000/1030] loss = 3.580809
Epoch 053: train_loss = 3.520301  MAE/GAME0 = 65.450  RMSE = 89.862  GAME1 = 65.450  GAME2 = 65.450  GAME3 = 65.450  lr = 4.98e-05  time = 9.5s
[e054 s0001/1030] loss = 0.582709
[e054 s0050/1030] loss = 2.847541
[e054 s0100/1030] loss = 2.656541
[e054 s0150/1030] loss = 3.269437
[e054 s0200/1030] loss = 3.249843
[e054 s0250/1030] loss = 3.369395
[e054 s0300/1030] loss = 3.148244
[e054 s0350/1030] loss = 3.118488
[e054 s0400/1030] loss = 3.586664
[e054 s0450/1030] loss = 3.474182
[e054 s0500/1030] loss = 3.396076
[e054 s0550/1030] loss = 3.249350
[e054 s0600/1030] loss = 3.182634
[e054 s0650/1030] loss = 3.141866
[e054 s0700/1030] loss = 3.074304
[e054 s0750/1030] loss = 3.023058
[e054 s0800/1030] loss = 2.971288
[e054 s0850/1030] loss = 3.090891
[e054 s0900/1030] loss = 3.060926
[e054 s0950/1030] loss = 3.020644
[e054 s1000/1030] loss = 3.065661
Epoch 054: train_loss = 3.009630  MAE/GAME0 = 65.450  RMSE = 89.862  GAME1 = 65.450  GAME2 = 65.450  GAME3 = 65.450  lr = 4.98e-05  time = 9.5s
[e055 s0001/1030] loss = 0.269981
[e055 s0050/1030] loss = 3.420756
[e055 s0100/1030] loss = 3.750429
[e055 s0150/1030] loss = 3.472656
[e055 s0200/1030] loss = 3.340861
[e055 s0250/1030] loss = 3.227663
[e055 s0300/1030] loss = 3.690219
[e055 s0350/1030] loss = 3.586753
[e055 s0400/1030] loss = 3.355405
[e055 s0450/1030] loss = 3.585131
[e055 s0500/1030] loss = 3.654500
[e055 s0550/1030] loss = 4.017940
[e055 s0600/1030] loss = 3.815002
[e055 s0650/1030] loss = 3.696875
[e055 s0700/1030] loss = 3.815531
[e055 s0750/1030] loss = 3.704078
[e055 s0800/1030] loss = 3.685796
[e055 s0850/1030] loss = 3.660935
[e055 s0900/1030] loss = 3.598983
[e055 s0950/1030] loss = 3.590583
[e055 s1000/1030] loss = 3.510139
Epoch 055: train_loss = 3.461448  MAE/GAME0 = 65.450  RMSE = 89.862  GAME1 = 65.450  GAME2 = 65.450  GAME3 = 65.450  lr = 4.98e-05  time = 9.6s
[e056 s0001/1030] loss = 0.295271
[e056 s0050/1030] loss = 10.146609
[e056 s0100/1030] loss = 7.068541
[e056 s0150/1030] loss = 6.618521
[e056 s0200/1030] loss = 5.392094
[e056 s0250/1030] loss = 5.606217
[e056 s0300/1030] loss = 4.945304
[e056 s0350/1030] loss = 4.466118
[e056 s0400/1030] loss = 4.158039
[e056 s0450/1030] loss = 3.969821
[e056 s0500/1030] loss = 3.891946
[e056 s0550/1030] loss = 3.745146
[e056 s0600/1030] loss = 3.678758
[e056 s0650/1030] loss = 3.583815
[e056 s0700/1030] loss = 3.644122
[e056 s0750/1030] loss = 3.816129
[e056 s0800/1030] loss = 3.762277
[e056 s0850/1030] loss = 3.868585
[e056 s0900/1030] loss = 3.850608
[e056 s0950/1030] loss = 3.778506
[e056 s1000/1030] loss = 3.718015
Epoch 056: train_loss = 3.679966  MAE/GAME0 = 65.450  RMSE = 89.862  GAME1 = 65.450  GAME2 = 65.450  GAME3 = 65.450  lr = 4.98e-05  time = 9.5s
[e057 s0001/1030] loss = 0.593865
[e057 s0050/1030] loss = 2.358967
[e057 s0100/1030] loss = 2.299071
[e057 s0150/1030] loss = 2.303277
[e057 s0200/1030] loss = 2.320179
[e057 s0250/1030] loss = 2.420579
[e057 s0300/1030] loss = 2.487975
[e057 s0350/1030] loss = 2.696142
[e057 s0400/1030] loss = 2.888595
[e057 s0450/1030] loss = 2.868398
[e057 s0500/1030] loss = 2.779600
[e057 s0550/1030] loss = 2.894732
[e057 s0600/1030] loss = 2.887101
[e057 s0650/1030] loss = 3.188297
[e057 s0700/1030] loss = 3.124008
[e057 s0750/1030] loss = 3.176741
[e057 s0800/1030] loss = 3.170893
[e057 s0850/1030] loss = 3.114762
[e057 s0900/1030] loss = 3.149736
[e057 s0950/1030] loss = 3.124852
[e057 s1000/1030] loss = 3.222909
Epoch 057: train_loss = 3.402279  MAE/GAME0 = 65.450  RMSE = 89.862  GAME1 = 65.450  GAME2 = 65.450  GAME3 = 65.450  lr = 4.97e-05  time = 9.5s
[e058 s0001/1030] loss = 0.032637
[e058 s0050/1030] loss = 4.845565
[e058 s0100/1030] loss = 3.571107
[e058 s0150/1030] loss = 3.006094
[e058 s0200/1030] loss = 3.639254
[e058 s0250/1030] loss = 3.353017
[e058 s0300/1030] loss = 3.802909
[e058 s0350/1030] loss = 3.855466
[e058 s0400/1030] loss = 3.721200
[e058 s0450/1030] loss = 3.638158
[e058 s0500/1030] loss = 3.444099
[e058 s0550/1030] loss = 3.426867
[e058 s0600/1030] loss = 3.384663
[e058 s0650/1030] loss = 3.283491
[e058 s0700/1030] loss = 3.232199
[e058 s0750/1030] loss = 3.174381
[e058 s0800/1030] loss = 3.094885
[e058 s0850/1030] loss = 3.090353
[e058 s0900/1030] loss = 3.420803
[e058 s0950/1030] loss = 3.373373
[e058 s1000/1030] loss = 3.423386
Epoch 058: train_loss = 3.437167  MAE/GAME0 = 65.450  RMSE = 89.862  GAME1 = 65.450  GAME2 = 65.450  GAME3 = 65.450  lr = 4.97e-05  time = 9.6s
[e059 s0001/1030] loss = 1.206813
[e059 s0050/1030] loss = 1.507779
[e059 s0100/1030] loss = 2.337206
[e059 s0150/1030] loss = 2.582353
[e059 s0200/1030] loss = 3.327444
[e059 s0250/1030] loss = 3.434987
[e059 s0300/1030] loss = 3.668861
[e059 s0350/1030] loss = 3.488141
[e059 s0400/1030] loss = 3.486760
[e059 s0450/1030] loss = 3.397425
[e059 s0500/1030] loss = 3.355335
[e059 s0550/1030] loss = 3.265110
[e059 s0600/1030] loss = 3.126648
[e059 s0650/1030] loss = 3.377453
[e059 s0700/1030] loss = 3.355130
[e059 s0750/1030] loss = 3.244753
[e059 s0800/1030] loss = 3.315024
[e059 s0850/1030] loss = 3.389275
[e059 s0900/1030] loss = 3.512262
[e059 s0950/1030] loss = 3.526646
[e059 s1000/1030] loss = 3.581103
Epoch 059: train_loss = 3.579661  MAE/GAME0 = 65.450  RMSE = 89.862  GAME1 = 65.450  GAME2 = 65.450  GAME3 = 65.450  lr = 4.97e-05  time = 9.6s
[e060 s0001/1030] loss = 1.529784
[e060 s0050/1030] loss = 5.562956
[e060 s0100/1030] loss = 3.419410
[e060 s0150/1030] loss = 3.325513
[e060 s0200/1030] loss = 4.280695
[e060 s0250/1030] loss = 3.907834
[e060 s0300/1030] loss = 4.136833
[e060 s0350/1030] loss = 3.956637
[e060 s0400/1030] loss = 4.542861
[e060 s0450/1030] loss = 4.275812
[e060 s0500/1030] loss = 4.116913
[e060 s0550/1030] loss = 4.006057
[e060 s0600/1030] loss = 3.946539
[e060 s0650/1030] loss = 3.845885
[e060 s0700/1030] loss = 3.676007
[e060 s0750/1030] loss = 3.600428
[e060 s0800/1030] loss = 3.506497
[e060 s0850/1030] loss = 3.440574
[e060 s0900/1030] loss = 3.369605
[e060 s0950/1030] loss = 3.355996
[e060 s1000/1030] loss = 3.324835
Epoch 060: train_loss = 3.299199  MAE/GAME0 = 65.450  RMSE = 89.862  GAME1 = 65.450  GAME2 = 65.450  GAME3 = 65.450  lr = 4.96e-05  time = 9.6s
[e061 s0001/1030] loss = 2.189971
[e061 s0050/1030] loss = 3.735697
[e061 s0100/1030] loss = 3.849720
[e061 s0150/1030] loss = 3.489884
[e061 s0200/1030] loss = 3.252691
[e061 s0250/1030] loss = 3.079339
[e061 s0300/1030] loss = 3.005484
[e061 s0350/1030] loss = 2.846741
[e061 s0400/1030] loss = 2.916469
[e061 s0450/1030] loss = 2.876118
[e061 s0500/1030] loss = 2.839711
[e061 s0550/1030] loss = 2.817672
[e061 s0600/1030] loss = 3.450190
[e061 s0650/1030] loss = 3.456891
[e061 s0700/1030] loss = 3.352412
[e061 s0750/1030] loss = 3.651651
[e061 s0800/1030] loss = 3.584337
[e061 s0850/1030] loss = 3.600039
[e061 s0900/1030] loss = 3.539258
[e061 s0950/1030] loss = 3.512560
[e061 s1000/1030] loss = 3.535688
Epoch 061: train_loss = 3.542408  MAE/GAME0 = 65.450  RMSE = 89.862  GAME1 = 65.450  GAME2 = 65.450  GAME3 = 65.450  lr = 4.96e-05  time = 9.6s
[e062 s0001/1030] loss = 0.984823
[e062 s0050/1030] loss = 3.449908
[e062 s0100/1030] loss = 5.230776
[e062 s0150/1030] loss = 4.246669
[e062 s0200/1030] loss = 3.884650
[e062 s0250/1030] loss = 3.496098
[e062 s0300/1030] loss = 3.211130
[e062 s0350/1030] loss = 2.939412
[e062 s0400/1030] loss = 2.916555
[e062 s0450/1030] loss = 2.868558
[e062 s0500/1030] loss = 2.782837
[e062 s0550/1030] loss = 2.861853
[e062 s0600/1030] loss = 2.740323
[e062 s0650/1030] loss = 2.734654
[e062 s0700/1030] loss = 3.178556
[e062 s0750/1030] loss = 3.300423
[e062 s0800/1030] loss = 3.313092
[e062 s0850/1030] loss = 3.509013
[e062 s0900/1030] loss = 3.599292
[e062 s0950/1030] loss = 3.536264
[e062 s1000/1030] loss = 3.531239
Epoch 062: train_loss = 3.533860  MAE/GAME0 = 65.450  RMSE = 89.862  GAME1 = 65.450  GAME2 = 65.450  GAME3 = 65.450  lr = 4.95e-05  time = 9.6s
[e063 s0001/1030] loss = 0.000000
[e063 s0050/1030] loss = 6.092378
[e063 s0100/1030] loss = 3.868319
[e063 s0150/1030] loss = 4.516291
[e063 s0200/1030] loss = 4.288593
[e063 s0250/1030] loss = 3.944699
[e063 s0300/1030] loss = 3.593185
[e063 s0350/1030] loss = 3.303579
[e063 s0400/1030] loss = 3.210242
[e063 s0450/1030] loss = 3.469065
[e063 s0500/1030] loss = 4.276516
[e063 s0550/1030] loss = 4.014000
[e063 s0600/1030] loss = 3.860752
[e063 s0650/1030] loss = 3.824213
[e063 s0700/1030] loss = 3.892531
[e063 s0750/1030] loss = 3.949255
[e063 s0800/1030] loss = 3.966672
[e063 s0850/1030] loss = 3.854113
[e063 s0900/1030] loss = 3.733670
[e063 s0950/1030] loss = 3.676123
[e063 s1000/1030] loss = 3.613933
Epoch 063: train_loss = 3.639034  MAE/GAME0 = 65.450  RMSE = 89.862  GAME1 = 65.450  GAME2 = 65.450  GAME3 = 65.450  lr = 4.95e-05  time = 9.6s
[e064 s0001/1030] loss = 6.584578
[e064 s0050/1030] loss = 2.148977
[e064 s0100/1030] loss = 2.398170
[e064 s0150/1030] loss = 2.502743
[e064 s0200/1030] loss = 2.434370
[e064 s0250/1030] loss = 2.567952
[e064 s0300/1030] loss = 2.562288
[e064 s0350/1030] loss = 2.637662
[e064 s0400/1030] loss = 2.559875
[e064 s0450/1030] loss = 2.746842
[e064 s0500/1030] loss = 2.675443
[e064 s0550/1030] loss = 2.660168
[e064 s0600/1030] loss = 2.732632
[e064 s0650/1030] loss = 2.810176
[e064 s0700/1030] loss = 3.342730
[e064 s0750/1030] loss = 3.319723
[e064 s0800/1030] loss = 3.229437
[e064 s0850/1030] loss = 3.142545
[e064 s0900/1030] loss = 3.189468
[e064 s0950/1030] loss = 3.205991
[e064 s1000/1030] loss = 3.147346
Epoch 064: train_loss = 3.104585  MAE/GAME0 = 65.450  RMSE = 89.862  GAME1 = 65.450  GAME2 = 65.450  GAME3 = 65.450  lr = 4.95e-05  time = 9.7s
[e065 s0001/1030] loss = 0.032987
[e065 s0050/1030] loss = 7.323161
[e065 s0100/1030] loss = 5.723922
[e065 s0150/1030] loss = 4.490764
[e065 s0200/1030] loss = 3.887074
[e065 s0250/1030] loss = 3.592232
[e065 s0300/1030] loss = 3.537200
[e065 s0350/1030] loss = 3.578233
[e065 s0400/1030] loss = 3.352232
[e065 s0450/1030] loss = 3.317370
[e065 s0500/1030] loss = 3.347054
[e065 s0550/1030] loss = 3.522317
[e065 s0600/1030] loss = 3.576792
[e065 s0650/1030] loss = 3.551524
[e065 s0700/1030] loss = 3.487991
[e065 s0750/1030] loss = 3.525594
[e065 s0800/1030] loss = 3.491420
[e065 s0850/1030] loss = 3.431205
[e065 s0900/1030] loss = 3.375235
[e065 s0950/1030] loss = 3.382946
[e065 s1000/1030] loss = 3.338065
Epoch 065: train_loss = 3.319581  MAE/GAME0 = 65.450  RMSE = 89.862  GAME1 = 65.450  GAME2 = 65.450  GAME3 = 65.450  lr = 4.94e-05  time = 9.7s
[e066 s0001/1030] loss = 0.840460
[e066 s0050/1030] loss = 2.395138
[e066 s0100/1030] loss = 2.461104
[e066 s0150/1030] loss = 2.639123
[e066 s0200/1030] loss = 2.562158
[e066 s0250/1030] loss = 2.478709
[e066 s0300/1030] loss = 2.449463
[e066 s0350/1030] loss = 3.811424
[e066 s0400/1030] loss = 3.653159
[e066 s0450/1030] loss = 3.406340
[e066 s0500/1030] loss = 3.674205
[e066 s0550/1030] loss = 3.664375
[e066 s0600/1030] loss = 3.779165
[e066 s0650/1030] loss = 3.696264
[e066 s0700/1030] loss = 3.695840
[e066 s0750/1030] loss = 3.788016
[e066 s0800/1030] loss = 3.666056
[e066 s0850/1030] loss = 3.585222
[e066 s0900/1030] loss = 3.571731
[e066 s0950/1030] loss = 3.467292
[e066 s1000/1030] loss = 3.452045
Epoch 066: train_loss = 3.403829  MAE/GAME0 = 65.450  RMSE = 89.862  GAME1 = 65.450  GAME2 = 65.450  GAME3 = 65.450  lr = 4.94e-05  time = 9.7s
[e067 s0001/1030] loss = 0.032714
[e067 s0050/1030] loss = 1.950014
[e067 s0100/1030] loss = 3.100224
[e067 s0150/1030] loss = 2.903184
[e067 s0200/1030] loss = 3.084080
[e067 s0250/1030] loss = 2.777862
[e067 s0300/1030] loss = 3.030805
[e067 s0350/1030] loss = 3.004069
[e067 s0400/1030] loss = 3.018301
[e067 s0450/1030] loss = 2.915780
[e067 s0500/1030] loss = 3.314350
[e067 s0550/1030] loss = 3.310541
[e067 s0600/1030] loss = 3.239048
[e067 s0650/1030] loss = 3.252144
[e067 s0700/1030] loss = 3.264362
[e067 s0750/1030] loss = 3.348324
[e067 s0800/1030] loss = 3.335825
[e067 s0850/1030] loss = 3.327554
[e067 s0900/1030] loss = 3.368766
[e067 s0950/1030] loss = 3.323060
[e067 s1000/1030] loss = 3.294251
Epoch 067: train_loss = 3.236258  MAE/GAME0 = 65.450  RMSE = 89.862  GAME1 = 65.450  GAME2 = 65.450  GAME3 = 65.450  lr = 4.93e-05  time = 9.7s
[e068 s0001/1030] loss = 3.366450
[e068 s0050/1030] loss = 7.693518
[e068 s0100/1030] loss = 4.915756
[e068 s0150/1030] loss = 4.222097
[e068 s0200/1030] loss = 3.787006
[e068 s0250/1030] loss = 3.569241
[e068 s0300/1030] loss = 3.430980
[e068 s0350/1030] loss = 3.166787
[e068 s0400/1030] loss = 2.991566
[e068 s0450/1030] loss = 2.937957
[e068 s0500/1030] loss = 2.965933
[e068 s0550/1030] loss = 2.930327
[e068 s0600/1030] loss = 2.858805
[e068 s0650/1030] loss = 2.831424
[e068 s0700/1030] loss = 2.993344
[e068 s0750/1030] loss = 2.964589
[e068 s0800/1030] loss = 3.303170
[e068 s0850/1030] loss = 3.317249
[e068 s0900/1030] loss = 3.321387
[e068 s0950/1030] loss = 3.336244
[e068 s1000/1030] loss = 3.247618
Epoch 068: train_loss = 3.221817  MAE/GAME0 = 65.450  RMSE = 89.862  GAME1 = 65.450  GAME2 = 65.450  GAME3 = 65.450  lr = 4.93e-05  time = 9.6s
[e069 s0001/1030] loss = 1.809394
[e069 s0050/1030] loss = 3.440766
[e069 s0100/1030] loss = 3.089949
[e069 s0150/1030] loss = 3.306638
[e069 s0200/1030] loss = 3.932298
[e069 s0250/1030] loss = 3.487960
[e069 s0300/1030] loss = 3.359796
[e069 s0350/1030] loss = 4.383238
[e069 s0400/1030] loss = 4.087193
[e069 s0450/1030] loss = 3.954593
[e069 s0500/1030] loss = 3.929613
[e069 s0550/1030] loss = 4.027858
[e069 s0600/1030] loss = 4.118059
[e069 s0650/1030] loss = 4.084958
[e069 s0700/1030] loss = 3.991849
[e069 s0750/1030] loss = 3.980790
[e069 s0800/1030] loss = 3.889008
[e069 s0850/1030] loss = 3.758327
[e069 s0900/1030] loss = 3.768886
[e069 s0950/1030] loss = 3.723973
[e069 s1000/1030] loss = 3.659422
Epoch 069: train_loss = 3.621137  MAE/GAME0 = 65.450  RMSE = 89.862  GAME1 = 65.450  GAME2 = 65.450  GAME3 = 65.450  lr = 4.92e-05  time = 9.6s
[e070 s0001/1030] loss = 0.449415
[e070 s0050/1030] loss = 1.899916
[e070 s0100/1030] loss = 1.820269
[e070 s0150/1030] loss = 1.841153
[e070 s0200/1030] loss = 2.103483
[e070 s0250/1030] loss = 2.299178
[e070 s0300/1030] loss = 2.365948
[e070 s0350/1030] loss = 2.520138
[e070 s0400/1030] loss = 2.644877
[e070 s0450/1030] loss = 3.157580
[e070 s0500/1030] loss = 3.443353
[e070 s0550/1030] loss = 3.528614
[e070 s0600/1030] loss = 3.368973
[e070 s0650/1030] loss = 3.400559
[e070 s0700/1030] loss = 3.390170
[e070 s0750/1030] loss = 3.405249
[e070 s0800/1030] loss = 3.293576
[e070 s0850/1030] loss = 3.223341
[e070 s0900/1030] loss = 3.236646
[e070 s0950/1030] loss = 3.311425
[e070 s1000/1030] loss = 3.314564
Epoch 070: train_loss = 3.312617  MAE/GAME0 = 65.450  RMSE = 89.862  GAME1 = 65.450  GAME2 = 65.450  GAME3 = 65.450  lr = 4.91e-05  time = 9.5s
[e071 s0001/1030] loss = 0.000000
[e071 s0050/1030] loss = 2.138158
[e071 s0100/1030] loss = 3.089019
[e071 s0150/1030] loss = 3.147186
[e071 s0200/1030] loss = 3.026352
[e071 s0250/1030] loss = 2.933783
[e071 s0300/1030] loss = 3.582880
[e071 s0350/1030] loss = 3.675418
[e071 s0400/1030] loss = 3.547835
[e071 s0450/1030] loss = 3.510220
[e071 s0500/1030] loss = 3.366785
[e071 s0550/1030] loss = 3.285394
[e071 s0600/1030] loss = 3.138981
[e071 s0650/1030] loss = 3.148965
[e071 s0700/1030] loss = 3.648828
[e071 s0750/1030] loss = 3.581657
[e071 s0800/1030] loss = 3.525977
[e071 s0850/1030] loss = 3.521594
[e071 s0900/1030] loss = 3.468751
[e071 s0950/1030] loss = 3.397461
[e071 s1000/1030] loss = 3.382480
Epoch 071: train_loss = 3.355735  MAE/GAME0 = 65.450  RMSE = 89.862  GAME1 = 65.450  GAME2 = 65.450  GAME3 = 65.450  lr = 4.91e-05  time = 9.6s
[e072 s0001/1030] loss = 0.380479
[e072 s0050/1030] loss = 2.620546
[e072 s0100/1030] loss = 4.867239
[e072 s0150/1030] loss = 4.624371
[e072 s0200/1030] loss = 3.935072
[e072 s0250/1030] loss = 3.647901
[e072 s0300/1030] loss = 3.407565
[e072 s0350/1030] loss = 3.264530
[e072 s0400/1030] loss = 3.303816
[e072 s0450/1030] loss = 4.072982
[e072 s0500/1030] loss = 3.816418
[e072 s0550/1030] loss = 3.745237
[e072 s0600/1030] loss = 3.601435
[e072 s0650/1030] loss = 3.500356
[e072 s0700/1030] loss = 3.601029
[e072 s0750/1030] loss = 3.521012
[e072 s0800/1030] loss = 3.454033
[e072 s0850/1030] loss = 3.431374
[e072 s0900/1030] loss = 3.398452
[e072 s0950/1030] loss = 3.325781
[e072 s1000/1030] loss = 3.274975
Epoch 072: train_loss = 3.237972  MAE/GAME0 = 65.450  RMSE = 89.862  GAME1 = 65.450  GAME2 = 65.450  GAME3 = 65.450  lr = 4.90e-05  time = 9.5s
[e073 s0001/1030] loss = 4.615585
[e073 s0050/1030] loss = 2.192233
[e073 s0100/1030] loss = 2.148338
[e073 s0150/1030] loss = 2.163057
[e073 s0200/1030] loss = 2.463844
[e073 s0250/1030] loss = 2.542819
[e073 s0300/1030] loss = 2.630995
[e073 s0350/1030] loss = 2.562691
[e073 s0400/1030] loss = 2.961276
[e073 s0450/1030] loss = 2.998543
[e073 s0500/1030] loss = 2.915078
[e073 s0550/1030] loss = 3.268817
[e073 s0600/1030] loss = 3.247488
[e073 s0650/1030] loss = 3.224929
[e073 s0700/1030] loss = 3.452850
[e073 s0750/1030] loss = 3.385439
[e073 s0800/1030] loss = 3.386308
[e073 s0850/1030] loss = 3.356964
[e073 s0900/1030] loss = 3.309562
[e073 s0950/1030] loss = 3.232081
[e073 s1000/1030] loss = 3.167468
Epoch 073: train_loss = 3.146407  MAE/GAME0 = 65.450  RMSE = 89.862  GAME1 = 65.450  GAME2 = 65.450  GAME3 = 65.450  lr = 4.90e-05  time = 9.5s
[e074 s0001/1030] loss = 0.301489
[e074 s0050/1030] loss = 2.945009
[e074 s0100/1030] loss = 2.965402
[e074 s0150/1030] loss = 3.013738
[e074 s0200/1030] loss = 2.878915
[e074 s0250/1030] loss = 2.791356
[e074 s0300/1030] loss = 2.726131
[e074 s0350/1030] loss = 2.868510
[e074 s0400/1030] loss = 2.708760
[e074 s0450/1030] loss = 2.669096
[e074 s0500/1030] loss = 2.834603
[e074 s0550/1030] loss = 2.844259
[e074 s0600/1030] loss = 2.942729
[e074 s0650/1030] loss = 2.918532
[e074 s0700/1030] loss = 2.924985
[e074 s0750/1030] loss = 3.160438
[e074 s0800/1030] loss = 3.156244
[e074 s0850/1030] loss = 3.050370
[e074 s0900/1030] loss = 2.970239
[e074 s0950/1030] loss = 2.960987
[e074 s1000/1030] loss = 3.008719
Epoch 074: train_loss = 3.020702  MAE/GAME0 = 65.450  RMSE = 89.862  GAME1 = 65.450  GAME2 = 65.450  GAME3 = 65.450  lr = 4.89e-05  time = 9.5s
[e075 s0001/1030] loss = 11.372144
[e075 s0050/1030] loss = 2.669225
[e075 s0100/1030] loss = 2.105218
[e075 s0150/1030] loss = 2.431923
[e075 s0200/1030] loss = 3.088147
[e075 s0250/1030] loss = 2.823930
[e075 s0300/1030] loss = 2.806694
[e075 s0350/1030] loss = 2.727788
[e075 s0400/1030] loss = 2.855544
[e075 s0450/1030] loss = 2.696988
[e075 s0500/1030] loss = 2.679547
[e075 s0550/1030] loss = 2.755242
[e075 s0600/1030] loss = 3.444882
[e075 s0650/1030] loss = 3.403869
[e075 s0700/1030] loss = 3.528747
[e075 s0750/1030] loss = 3.442771
[e075 s0800/1030] loss = 3.365639
[e075 s0850/1030] loss = 3.288461
[e075 s0900/1030] loss = 3.232834
[e075 s0950/1030] loss = 3.269770
[e075 s1000/1030] loss = 3.193746
Epoch 075: train_loss = 3.187027  MAE/GAME0 = 65.450  RMSE = 89.862  GAME1 = 65.450  GAME2 = 65.450  GAME3 = 65.450  lr = 4.88e-05  time = 9.6s
[e076 s0001/1030] loss = 1.342065
[e076 s0050/1030] loss = 4.562940
[e076 s0100/1030] loss = 3.892426
[e076 s0150/1030] loss = 4.894635
[e076 s0200/1030] loss = 4.314692
[e076 s0250/1030] loss = 3.937019
[e076 s0300/1030] loss = 3.582673
[e076 s0350/1030] loss = 3.480371
[e076 s0400/1030] loss = 3.408828
[e076 s0450/1030] loss = 3.272537
[e076 s0500/1030] loss = 3.337584
[e076 s0550/1030] loss = 3.512178
[e076 s0600/1030] loss = 3.508674
[e076 s0650/1030] loss = 3.437680
[e076 s0700/1030] loss = 3.341148
[e076 s0750/1030] loss = 3.316028
[e076 s0800/1030] loss = 3.645597
[e076 s0850/1030] loss = 3.676824
[e076 s0900/1030] loss = 3.643489
[e076 s0950/1030] loss = 3.542962
[e076 s1000/1030] loss = 3.478265
Epoch 076: train_loss = 3.589147  MAE/GAME0 = 65.450  RMSE = 89.862  GAME1 = 65.450  GAME2 = 65.450  GAME3 = 65.450  lr = 4.88e-05  time = 9.6s
[e077 s0001/1030] loss = 0.609496
[e077 s0050/1030] loss = 4.533068
[e077 s0100/1030] loss = 3.506790
[e077 s0150/1030] loss = 2.956651
[e077 s0200/1030] loss = 2.832738
[e077 s0250/1030] loss = 2.644179
[e077 s0300/1030] loss = 2.587961
[e077 s0350/1030] loss = 2.714674
[e077 s0400/1030] loss = 2.683824
[e077 s0450/1030] loss = 3.283972
[e077 s0500/1030] loss = 3.317937
[e077 s0550/1030] loss = 3.345440
[e077 s0600/1030] loss = 3.233338
[e077 s0650/1030] loss = 3.265471
[e077 s0700/1030] loss = 3.253104
[e077 s0750/1030] loss = 3.273158
[e077 s0800/1030] loss = 3.372220
[e077 s0850/1030] loss = 3.301354
[e077 s0900/1030] loss = 3.243159
[e077 s0950/1030] loss = 3.187254
[e077 s1000/1030] loss = 3.343757
Epoch 077: train_loss = 3.372415  MAE/GAME0 = 65.450  RMSE = 89.862  GAME1 = 65.450  GAME2 = 65.450  GAME3 = 65.450  lr = 4.87e-05  time = 9.6s
[e078 s0001/1030] loss = 0.000000
[e078 s0050/1030] loss = 2.350423
[e078 s0100/1030] loss = 2.653417
[e078 s0150/1030] loss = 3.682860
[e078 s0200/1030] loss = 3.103247
[e078 s0250/1030] loss = 2.852939
[e078 s0300/1030] loss = 3.003347
[e078 s0350/1030] loss = 3.194379
[e078 s0400/1030] loss = 3.055722
[e078 s0450/1030] loss = 2.902138
[e078 s0500/1030] loss = 2.882217
[e078 s0550/1030] loss = 2.842968
[e078 s0600/1030] loss = 2.794511
[e078 s0650/1030] loss = 2.784942
[e078 s0700/1030] loss = 2.806185
[e078 s0750/1030] loss = 2.845747
[e078 s0800/1030] loss = 2.852761
[e078 s0850/1030] loss = 2.824965
[e078 s0900/1030] loss = 2.788962
[e078 s0950/1030] loss = 2.882338
[e078 s1000/1030] loss = 2.932048
Epoch 078: train_loss = 2.960206  MAE/GAME0 = 65.450  RMSE = 89.862  GAME1 = 65.450  GAME2 = 65.450  GAME3 = 65.450  lr = 4.86e-05  time = 9.6s
[e079 s0001/1030] loss = 2.336484
[e079 s0050/1030] loss = 2.986533
[e079 s0100/1030] loss = 3.473052
[e079 s0150/1030] loss = 3.084860
[e079 s0200/1030] loss = 2.990453
[e079 s0250/1030] loss = 3.059112
[e079 s0300/1030] loss = 3.149829
[e079 s0350/1030] loss = 3.357533
[e079 s0400/1030] loss = 3.596373
[e079 s0450/1030] loss = 3.607833
[e079 s0500/1030] loss = 3.631623
[e079 s0550/1030] loss = 3.528705
[e079 s0600/1030] loss = 3.528895
[e079 s0650/1030] loss = 3.392420
[e079 s0700/1030] loss = 3.324214
[e079 s0750/1030] loss = 3.285562
[e079 s0800/1030] loss = 3.528275
[e079 s0850/1030] loss = 4.050508
[e079 s0900/1030] loss = 4.065911
[e079 s0950/1030] loss = 3.939237
[e079 s1000/1030] loss = 3.837185
Epoch 079: train_loss = 3.775732  MAE/GAME0 = 65.450  RMSE = 89.862  GAME1 = 65.450  GAME2 = 65.450  GAME3 = 65.450  lr = 4.86e-05  time = 9.6s
[e080 s0001/1030] loss = 0.850440
[e080 s0050/1030] loss = 4.632198
[e080 s0100/1030] loss = 5.460182
[e080 s0150/1030] loss = 4.434282
[e080 s0200/1030] loss = 3.986945
[e080 s0250/1030] loss = 3.709597
[e080 s0300/1030] loss = 4.255352
[e080 s0350/1030] loss = 3.868726
[e080 s0400/1030] loss = 3.870394
[e080 s0450/1030] loss = 3.663919
[e080 s0500/1030] loss = 3.593592
[e080 s0550/1030] loss = 3.663537
[e080 s0600/1030] loss = 3.665095
[e080 s0650/1030] loss = 3.568245
[e080 s0700/1030] loss = 3.694448
[e080 s0750/1030] loss = 3.603437
[e080 s0800/1030] loss = 3.684792
[e080 s0850/1030] loss = 3.578578
[e080 s0900/1030] loss = 3.553448
[e080 s0950/1030] loss = 3.488347
[e080 s1000/1030] loss = 3.465467
Epoch 080: train_loss = 3.521192  MAE/GAME0 = 65.450  RMSE = 89.862  GAME1 = 65.450  GAME2 = 65.450  GAME3 = 65.450  lr = 4.85e-05  time = 9.5s
[e081 s0001/1030] loss = 0.435964
[e081 s0050/1030] loss = 4.530909
[e081 s0100/1030] loss = 3.639586
[e081 s0150/1030] loss = 4.495638
[e081 s0200/1030] loss = 4.052081
[e081 s0250/1030] loss = 3.745886
[e081 s0300/1030] loss = 3.482875
[e081 s0350/1030] loss = 3.709948
[e081 s0400/1030] loss = 3.683629
[e081 s0450/1030] loss = 3.613829
[e081 s0500/1030] loss = 3.942242
[e081 s0550/1030] loss = 3.788537
[e081 s0600/1030] loss = 3.668902
[e081 s0650/1030] loss = 3.742316
[e081 s0700/1030] loss = 3.676492
[e081 s0750/1030] loss = 3.555480
[e081 s0800/1030] loss = 3.553839
[e081 s0850/1030] loss = 3.510451
[e081 s0900/1030] loss = 3.517154
[e081 s0950/1030] loss = 3.509638
[e081 s1000/1030] loss = 3.471762
Epoch 081: train_loss = 3.435280  MAE/GAME0 = 65.448  RMSE = 89.861  GAME1 = 65.449  GAME2 = 65.451  GAME3 = 65.451  lr = 4.84e-05  time = 9.6s
[e082 s0001/1030] loss = 2.140574
[e082 s0050/1030] loss = 5.425933
[e082 s0100/1030] loss = 6.013392
[e082 s0150/1030] loss = 4.885709
[e082 s0200/1030] loss = 4.253418
[e082 s0250/1030] loss = 4.085758
[e082 s0300/1030] loss = 4.351171
[e082 s0350/1030] loss = 3.954369
[e082 s0400/1030] loss = 3.928001
[e082 s0450/1030] loss = 4.168229
[e082 s0500/1030] loss = 4.097095
[e082 s0550/1030] loss = 4.083231
[e082 s0600/1030] loss = 4.383900
[e082 s0650/1030] loss = 4.311286
[e082 s0700/1030] loss = 4.185501
[e082 s0750/1030] loss = 4.090199
[e082 s0800/1030] loss = 4.021880
[e082 s0850/1030] loss = 3.875906
[e082 s0900/1030] loss = 3.793269
[e082 s0950/1030] loss = 3.704931
[e082 s1000/1030] loss = 3.601808
Epoch 082: train_loss = 3.597893  MAE/GAME0 = 269.363  RMSE = 272.649  GAME1 = 273.851  GAME2 = 288.635  GAME3 = 308.178  lr = 4.83e-05  time = 9.7s
[e083 s0001/1030] loss = 1.041840
[e083 s0050/1030] loss = 3.362571
[e083 s0100/1030] loss = 3.256232
[e083 s0150/1030] loss = 2.891326
[e083 s0200/1030] loss = 2.715846
[e083 s0250/1030] loss = 2.558174
[e083 s0300/1030] loss = 2.549584
[e083 s0350/1030] loss = 2.607598
[e083 s0400/1030] loss = 2.599648
[e083 s0450/1030] loss = 2.605567
[e083 s0500/1030] loss = 2.707027
[e083 s0550/1030] loss = 2.601084
[e083 s0600/1030] loss = 2.727492
[e083 s0650/1030] loss = 2.642713
[e083 s0700/1030] loss = 3.014651
[e083 s0750/1030] loss = 2.969517
[e083 s0800/1030] loss = 2.918095
[e083 s0850/1030] loss = 2.862172
[e083 s0900/1030] loss = 2.835511
[e083 s0950/1030] loss = 2.856630
[e083 s1000/1030] loss = 2.848151
Epoch 083: train_loss = 2.981076  MAE/GAME0 = 293.882  RMSE = 297.075  GAME1 = 298.314  GAME2 = 311.953  GAME3 = 331.412  lr = 4.83e-05  time = 9.5s
[e084 s0001/1030] loss = 1.343684
[e084 s0050/1030] loss = 3.847733
[e084 s0100/1030] loss = 3.699014
[e084 s0150/1030] loss = 3.314145
[e084 s0200/1030] loss = 2.952959
[e084 s0250/1030] loss = 3.160953
[e084 s0300/1030] loss = 3.027034
[e084 s0350/1030] loss = 2.937791
[e084 s0400/1030] loss = 3.207939
[e084 s0450/1030] loss = 3.032406
[e084 s0500/1030] loss = 2.908579
[e084 s0550/1030] loss = 2.899807
[e084 s0600/1030] loss = 2.810474
[e084 s0650/1030] loss = 2.714838
[e084 s0700/1030] loss = 2.667126
[e084 s0750/1030] loss = 2.605769
[e084 s0800/1030] loss = 2.626705
[e084 s0850/1030] loss = 2.690726
[e084 s0900/1030] loss = 2.742265
[e084 s0950/1030] loss = 2.725535
[e084 s1000/1030] loss = 2.672432
Epoch 084: train_loss = 2.661351  MAE/GAME0 = 200.259  RMSE = 204.576  GAME1 = 206.650  GAME2 = 226.610  GAME3 = 246.741  lr = 4.82e-05  time = 9.6s
[e085 s0001/1030] loss = 6.663578
[e085 s0050/1030] loss = 2.309691
[e085 s0100/1030] loss = 2.912931
[e085 s0150/1030] loss = 4.282134
[e085 s0200/1030] loss = 5.066865
[e085 s0250/1030] loss = 4.669325
[e085 s0300/1030] loss = 4.187900
[e085 s0350/1030] loss = 3.916455
[e085 s0400/1030] loss = 3.992299
[e085 s0450/1030] loss = 3.718308
[e085 s0500/1030] loss = 3.787184
[e085 s0550/1030] loss = 3.629933
[e085 s0600/1030] loss = 3.546822
[e085 s0650/1030] loss = 3.449801
[e085 s0700/1030] loss = 3.443541
[e085 s0750/1030] loss = 3.322697
[e085 s0800/1030] loss = 3.248630
[e085 s0850/1030] loss = 3.296109
[e085 s0900/1030] loss = 3.275010
[e085 s0950/1030] loss = 3.239191
[e085 s1000/1030] loss = 3.215559
Epoch 085: train_loss = 3.169639  MAE/GAME0 = 171.141  RMSE = 176.469  GAME1 = 179.447  GAME2 = 202.499  GAME3 = 222.751  lr = 4.81e-05  time = 9.6s
[e086 s0001/1030] loss = 0.977609
[e086 s0050/1030] loss = 4.894668
[e086 s0100/1030] loss = 4.148504
[e086 s0150/1030] loss = 3.519022
[e086 s0200/1030] loss = 3.105554
[e086 s0250/1030] loss = 2.754764
[e086 s0300/1030] loss = 2.580792
[e086 s0350/1030] loss = 2.746661
[e086 s0400/1030] loss = 2.732399
[e086 s0450/1030] loss = 2.803970
[e086 s0500/1030] loss = 3.131363
[e086 s0550/1030] loss = 3.134968
[e086 s0600/1030] loss = 3.002805
[e086 s0650/1030] loss = 2.986555
[e086 s0700/1030] loss = 3.079943
[e086 s0750/1030] loss = 3.006228
[e086 s0800/1030] loss = 3.171832
[e086 s0850/1030] loss = 3.126658
[e086 s0900/1030] loss = 3.058509
[e086 s0950/1030] loss = 3.052854
[e086 s1000/1030] loss = 3.020781
Epoch 086: train_loss = 2.992028  MAE/GAME0 = 223.244  RMSE = 227.053  GAME1 = 228.591  GAME2 = 246.768  GAME3 = 266.783  lr = 4.80e-05  time = 9.6s
[e087 s0001/1030] loss = 7.508279
[e087 s0050/1030] loss = 3.423668
[e087 s0100/1030] loss = 2.664872
[e087 s0150/1030] loss = 2.816417
[e087 s0200/1030] loss = 2.560370
[e087 s0250/1030] loss = 2.422922
[e087 s0300/1030] loss = 3.032260
[e087 s0350/1030] loss = 2.940001
[e087 s0400/1030] loss = 2.940045
[e087 s0450/1030] loss = 2.863745
[e087 s0500/1030] loss = 2.762422
[e087 s0550/1030] loss = 2.753425
[e087 s0600/1030] loss = 2.706101
[e087 s0650/1030] loss = 3.051382
[e087 s0700/1030] loss = 3.064789
[e087 s0750/1030] loss = 3.071779
[e087 s0800/1030] loss = 3.115407
[e087 s0850/1030] loss = 3.111540
[e087 s0900/1030] loss = 3.060788
[e087 s0950/1030] loss = 2.979355
[e087 s1000/1030] loss = 2.988661
Epoch 087: train_loss = 3.044056  MAE/GAME0 = 241.677  RMSE = 245.210  GAME1 = 246.586  GAME2 = 263.392  GAME3 = 283.272  lr = 4.79e-05  time = 9.6s
[e088 s0001/1030] loss = 0.545782
[e088 s0050/1030] loss = 2.536282
[e088 s0100/1030] loss = 6.188379
[e088 s0150/1030] loss = 5.017161
[e088 s0200/1030] loss = 4.501457
[e088 s0250/1030] loss = 3.926063
[e088 s0300/1030] loss = 3.595228
[e088 s0350/1030] loss = 3.739521
[e088 s0400/1030] loss = 3.638510
[e088 s0450/1030] loss = 3.447630
[e088 s0500/1030] loss = 3.761680
[e088 s0550/1030] loss = 3.563309
[e088 s0600/1030] loss = 3.423289
[e088 s0650/1030] loss = 4.008754
[e088 s0700/1030] loss = 4.284157
[e088 s0750/1030] loss = 4.073155
[e088 s0800/1030] loss = 3.942293
[e088 s0850/1030] loss = 3.861014
[e088 s0900/1030] loss = 3.769632
[e088 s0950/1030] loss = 3.806219
[e088 s1000/1030] loss = 3.822776
Epoch 088: train_loss = 3.764627  MAE/GAME0 = 159.714  RMSE = 165.591  GAME1 = 168.860  GAME2 = 191.485  GAME3 = 211.328  lr = 4.78e-05  time = 9.5s
[e089 s0001/1030] loss = 0.270937
[e089 s0050/1030] loss = 1.339700
[e089 s0100/1030] loss = 4.013009
[e089 s0150/1030] loss = 3.158114
[e089 s0200/1030] loss = 3.064144
[e089 s0250/1030] loss = 2.782576
[e089 s0300/1030] loss = 2.935977
[e089 s0350/1030] loss = 2.851411
[e089 s0400/1030] loss = 2.726641
[e089 s0450/1030] loss = 2.661605
[e089 s0500/1030] loss = 2.701936
[e089 s0550/1030] loss = 2.690136
[e089 s0600/1030] loss = 2.613943
[e089 s0650/1030] loss = 2.601842
[e089 s0700/1030] loss = 2.829835
[e089 s0750/1030] loss = 2.781176
[e089 s0800/1030] loss = 2.924855
[e089 s0850/1030] loss = 2.891276
[e089 s0900/1030] loss = 2.821472
[e089 s0950/1030] loss = 2.820424
[e089 s1000/1030] loss = 2.772546
Epoch 089: train_loss = 2.753721  MAE/GAME0 = 156.950  RMSE = 162.976  GAME1 = 166.174  GAME2 = 190.068  GAME3 = 210.215  lr = 4.78e-05  time = 9.6s
[e090 s0001/1030] loss = 0.310678
[e090 s0050/1030] loss = 1.610237
[e090 s0100/1030] loss = 1.949049
[e090 s0150/1030] loss = 2.250197
[e090 s0200/1030] loss = 2.059858
[e090 s0250/1030] loss = 2.334711
[e090 s0300/1030] loss = 2.182209
[e090 s0350/1030] loss = 2.192708
[e090 s0400/1030] loss = 2.237083
[e090 s0450/1030] loss = 2.429581
[e090 s0500/1030] loss = 2.331241
[e090 s0550/1030] loss = 2.527348
[e090 s0600/1030] loss = 2.474599
[e090 s0650/1030] loss = 2.759831
[e090 s0700/1030] loss = 3.150600
[e090 s0750/1030] loss = 3.144403
[e090 s0800/1030] loss = 3.198165
[e090 s0850/1030] loss = 3.144826
[e090 s0900/1030] loss = 3.077723
[e090 s0950/1030] loss = 3.022958
[e090 s1000/1030] loss = 3.044826
Epoch 090: train_loss = 3.029697  MAE/GAME0 = 241.539  RMSE = 245.073  GAME1 = 246.517  GAME2 = 263.364  GAME3 = 283.227  lr = 4.77e-05  time = 9.6s
[e091 s0001/1030] loss = 0.458689
[e091 s0050/1030] loss = 2.419250
[e091 s0100/1030] loss = 2.137445
[e091 s0150/1030] loss = 2.512422
[e091 s0200/1030] loss = 2.612131
[e091 s0250/1030] loss = 2.528002
[e091 s0300/1030] loss = 2.426192
[e091 s0350/1030] loss = 2.338644
[e091 s0400/1030] loss = 2.626320
[e091 s0450/1030] loss = 2.610186
[e091 s0500/1030] loss = 2.553931
[e091 s0550/1030] loss = 2.612863
[e091 s0600/1030] loss = 2.508577
[e091 s0650/1030] loss = 2.401510
[e091 s0700/1030] loss = 2.373145
[e091 s0750/1030] loss = 2.735368
[e091 s0800/1030] loss = 2.700885
[e091 s0850/1030] loss = 2.653735
[e091 s0900/1030] loss = 2.609310
[e091 s0950/1030] loss = 2.563331
[e091 s1000/1030] loss = 2.575196
Epoch 091: train_loss = 2.607204  MAE/GAME0 = 248.776  RMSE = 252.229  GAME1 = 253.470  GAME2 = 270.158  GAME3 = 290.163  lr = 4.76e-05  time = 9.6s
[e092 s0001/1030] loss = 2.221102
[e092 s0050/1030] loss = 3.513442
[e092 s0100/1030] loss = 2.813897
[e092 s0150/1030] loss = 3.284550
[e092 s0200/1030] loss = 3.175558
[e092 s0250/1030] loss = 2.899286
[e092 s0300/1030] loss = 2.831649
[e092 s0350/1030] loss = 2.662135
[e092 s0400/1030] loss = 2.522057
[e092 s0450/1030] loss = 2.583166
[e092 s0500/1030] loss = 2.586678
[e092 s0550/1030] loss = 2.588894
[e092 s0600/1030] loss = 2.567984
[e092 s0650/1030] loss = 2.505854
[e092 s0700/1030] loss = 2.598178
[e092 s0750/1030] loss = 2.606066
[e092 s0800/1030] loss = 2.595810
[e092 s0850/1030] loss = 2.640683
[e092 s0900/1030] loss = 2.731916
[e092 s0950/1030] loss = 2.725287
[e092 s1000/1030] loss = 2.884555
Epoch 092: train_loss = 2.956339  MAE/GAME0 = 273.503  RMSE = 276.765  GAME1 = 277.920  GAME2 = 292.667  GAME3 = 312.307  lr = 4.75e-05  time = 9.6s
[e093 s0001/1030] loss = 0.690978
[e093 s0050/1030] loss = 3.135079
[e093 s0100/1030] loss = 2.566995
[e093 s0150/1030] loss = 2.695167
[e093 s0200/1030] loss = 2.523631
[e093 s0250/1030] loss = 2.526281
[e093 s0300/1030] loss = 2.430187
[e093 s0350/1030] loss = 2.356995
[e093 s0400/1030] loss = 2.842656
[e093 s0450/1030] loss = 2.836893
[e093 s0500/1030] loss = 2.886645
[e093 s0550/1030] loss = 2.735395
[e093 s0600/1030] loss = 2.727936
[e093 s0650/1030] loss = 2.769135
[e093 s0700/1030] loss = 2.794641
[e093 s0750/1030] loss = 2.913253
[e093 s0800/1030] loss = 2.851520
[e093 s0850/1030] loss = 2.820406
[e093 s0900/1030] loss = 3.342791
[e093 s0950/1030] loss = 3.300229
[e093 s1000/1030] loss = 3.255160
Epoch 093: train_loss = 3.228638  MAE/GAME0 = 196.969  RMSE = 201.377  GAME1 = 203.470  GAME2 = 223.656  GAME3 = 243.827  lr = 4.74e-05  time = 9.6s
[e094 s0001/1030] loss = 0.716131
[e094 s0050/1030] loss = 2.263939
[e094 s0100/1030] loss = 3.723370
[e094 s0150/1030] loss = 3.343304
[e094 s0200/1030] loss = 3.098080
[e094 s0250/1030] loss = 4.531590
[e094 s0300/1030] loss = 4.242602
[e094 s0350/1030] loss = 3.976090
[e094 s0400/1030] loss = 3.863246
[e094 s0450/1030] loss = 3.712876
[e094 s0500/1030] loss = 3.553291
[e094 s0550/1030] loss = 3.661197
[e094 s0600/1030] loss = 3.556743
[e094 s0650/1030] loss = 3.445235
[e094 s0700/1030] loss = 3.314506
[e094 s0750/1030] loss = 3.311758
[e094 s0800/1030] loss = 3.371399
[e094 s0850/1030] loss = 3.525481
[e094 s0900/1030] loss = 3.443549
[e094 s0950/1030] loss = 3.389865
[e094 s1000/1030] loss = 3.308403
Epoch 094: train_loss = 3.278204  MAE/GAME0 = 176.966  RMSE = 182.051  GAME1 = 184.756  GAME2 = 207.052  GAME3 = 227.297  lr = 4.73e-05  time = 9.6s
[e095 s0001/1030] loss = 1.364295
[e095 s0050/1030] loss = 4.180786
[e095 s0100/1030] loss = 3.027263
[e095 s0150/1030] loss = 2.726233
[e095 s0200/1030] loss = 2.673257
[e095 s0250/1030] loss = 2.697471
[e095 s0300/1030] loss = 2.639041
[e095 s0350/1030] loss = 2.461231
[e095 s0400/1030] loss = 2.515617
[e095 s0450/1030] loss = 2.512527
[e095 s0500/1030] loss = 2.435881
[e095 s0550/1030] loss = 3.273185
[e095 s0600/1030] loss = 3.154850
[e095 s0650/1030] loss = 3.088007
[e095 s0700/1030] loss = 3.064034
[e095 s0750/1030] loss = 3.015234
[e095 s0800/1030] loss = 2.912097
[e095 s0850/1030] loss = 2.846462
[e095 s0900/1030] loss = 2.783341
[e095 s0950/1030] loss = 2.779251
[e095 s1000/1030] loss = 2.876390
Epoch 095: train_loss = 2.841623  MAE/GAME0 = 153.447  RMSE = 159.640  GAME1 = 162.831  GAME2 = 186.381  GAME3 = 206.384  lr = 4.72e-05  time = 9.6s
[e096 s0001/1030] loss = 0.248148
[e096 s0050/1030] loss = 3.362513
[e096 s0100/1030] loss = 3.627666
[e096 s0150/1030] loss = 3.613054
[e096 s0200/1030] loss = 3.221863
[e096 s0250/1030] loss = 2.931627
[e096 s0300/1030] loss = 4.049157
[e096 s0350/1030] loss = 3.749392
[e096 s0400/1030] loss = 3.636280
[e096 s0450/1030] loss = 3.405650
[e096 s0500/1030] loss = 3.334788
[e096 s0550/1030] loss = 3.290593
[e096 s0600/1030] loss = 3.229044
[e096 s0650/1030] loss = 3.090163
[e096 s0700/1030] loss = 3.047206
[e096 s0750/1030] loss = 2.972454
[e096 s0800/1030] loss = 3.126155
[e096 s0850/1030] loss = 3.086415
[e096 s0900/1030] loss = 3.166296
[e096 s0950/1030] loss = 3.116894
[e096 s1000/1030] loss = 3.184876
Epoch 096: train_loss = 3.148815  MAE/GAME0 = 175.024  RMSE = 180.187  GAME1 = 183.005  GAME2 = 205.304  GAME3 = 225.475  lr = 4.71e-05  time = 9.6s
[e097 s0001/1030] loss = 2.072613
[e097 s0050/1030] loss = 1.959032
[e097 s0100/1030] loss = 1.905458
[e097 s0150/1030] loss = 3.342532
[e097 s0200/1030] loss = 2.925010
[e097 s0250/1030] loss = 2.772154
[e097 s0300/1030] loss = 2.650010
[e097 s0350/1030] loss = 2.668753
[e097 s0400/1030] loss = 2.783201
[e097 s0450/1030] loss = 2.639788
[e097 s0500/1030] loss = 2.735780
[e097 s0550/1030] loss = 3.150058
[e097 s0600/1030] loss = 3.034583
[e097 s0650/1030] loss = 2.953188
[e097 s0700/1030] loss = 2.854920
[e097 s0750/1030] loss = 2.774327
[e097 s0800/1030] loss = 2.760492
[e097 s0850/1030] loss = 2.708194
[e097 s0900/1030] loss = 2.679779
[e097 s0950/1030] loss = 2.646787
[e097 s1000/1030] loss = 3.101201
Epoch 097: train_loss = 3.058374  MAE/GAME0 = 209.029  RMSE = 213.128  GAME1 = 215.089  GAME2 = 234.355  GAME3 = 254.419  lr = 4.70e-05  time = 9.6s
[e098 s0001/1030] loss = 2.497317
[e098 s0050/1030] loss = 3.487482
[e098 s0100/1030] loss = 2.570893
[e098 s0150/1030] loss = 2.442288
[e098 s0200/1030] loss = 2.571033
[e098 s0250/1030] loss = 3.203655
[e098 s0300/1030] loss = 2.994274
[e098 s0350/1030] loss = 3.057568
[e098 s0400/1030] loss = 2.950536
[e098 s0450/1030] loss = 2.816799
[e098 s0500/1030] loss = 2.709391
[e098 s0550/1030] loss = 2.592616
[e098 s0600/1030] loss = 2.870368
[e098 s0650/1030] loss = 2.798889
[e098 s0700/1030] loss = 2.741021
[e098 s0750/1030] loss = 2.957564
[e098 s0800/1030] loss = 2.914870
[e098 s0850/1030] loss = 3.174382
[e098 s0900/1030] loss = 3.064779
[e098 s0950/1030] loss = 3.082839
[e098 s1000/1030] loss = 3.024906
Epoch 098: train_loss = 3.007740  MAE/GAME0 = 189.600  RMSE = 194.232  GAME1 = 196.452  GAME2 = 217.461  GAME3 = 237.726  lr = 4.69e-05  time = 9.7s
[e099 s0001/1030] loss = 0.848388
[e099 s0050/1030] loss = 3.765026
[e099 s0100/1030] loss = 3.180067
[e099 s0150/1030] loss = 2.834401
[e099 s0200/1030] loss = 3.370596
[e099 s0250/1030] loss = 3.054393
[e099 s0300/1030] loss = 3.307878
[e099 s0350/1030] loss = 3.168657
[e099 s0400/1030] loss = 3.023907
[e099 s0450/1030] loss = 2.992195
[e099 s0500/1030] loss = 2.890117
[e099 s0550/1030] loss = 2.938936
[e099 s0600/1030] loss = 2.921235
[e099 s0650/1030] loss = 2.839096
[e099 s0700/1030] loss = 2.734264
[e099 s0750/1030] loss = 2.727370
[e099 s0800/1030] loss = 2.689656
[e099 s0850/1030] loss = 2.652136
[e099 s0900/1030] loss = 2.708002
[e099 s0950/1030] loss = 2.990804
[e099 s1000/1030] loss = 3.026615
Epoch 099: train_loss = 3.139036  MAE/GAME0 = 211.033  RMSE = 215.086  GAME1 = 217.115  GAME2 = 236.760  GAME3 = 256.952  lr = 4.68e-05  time = 9.7s
[e100 s0001/1030] loss = 1.663169
[e100 s0050/1030] loss = 2.399695
[e100 s0100/1030] loss = 2.989269
[e100 s0150/1030] loss = 3.550346
[e100 s0200/1030] loss = 3.375673
[e100 s0250/1030] loss = 3.279513
[e100 s0300/1030] loss = 3.037697
[e100 s0350/1030] loss = 3.022454
[e100 s0400/1030] loss = 2.997731
[e100 s0450/1030] loss = 3.306723
[e100 s0500/1030] loss = 3.250602
[e100 s0550/1030] loss = 3.131966
[e100 s0600/1030] loss = 3.023263
[e100 s0650/1030] loss = 2.937152
[e100 s0700/1030] loss = 2.850564
[e100 s0750/1030] loss = 2.809393
[e100 s0800/1030] loss = 3.235558
[e100 s0850/1030] loss = 3.242139
[e100 s0900/1030] loss = 3.226311
[e100 s0950/1030] loss = 3.170893
[e100 s1000/1030] loss = 3.166095
Epoch 100: train_loss = 3.119226  MAE/GAME0 = 154.417  RMSE = 160.565  GAME1 = 163.921  GAME2 = 188.284  GAME3 = 208.446  lr = 4.67e-05  time = 9.5s
[e101 s0001/1030] loss = 1.252372
[e101 s0050/1030] loss = 1.761854
[e101 s0100/1030] loss = 1.866325
[e101 s0150/1030] loss = 1.735255
[e101 s0200/1030] loss = 2.302702
[e101 s0250/1030] loss = 2.697093
[e101 s0300/1030] loss = 2.725007
[e101 s0350/1030] loss = 2.885252
[e101 s0400/1030] loss = 2.792343
[e101 s0450/1030] loss = 2.697797
[e101 s0500/1030] loss = 2.751997
[e101 s0550/1030] loss = 2.716624
[e101 s0600/1030] loss = 2.663518
[e101 s0650/1030] loss = 2.670255
[e101 s0700/1030] loss = 2.661759
[e101 s0750/1030] loss = 2.625912
[e101 s0800/1030] loss = 2.663754
[e101 s0850/1030] loss = 2.713492
[e101 s0900/1030] loss = 2.702636
[e101 s0950/1030] loss = 2.700045
[e101 s1000/1030] loss = 2.713039
Epoch 101: train_loss = 2.699373  MAE/GAME0 = 144.395  RMSE = 150.977  GAME1 = 154.747  GAME2 = 179.593  GAME3 = 199.574  lr = 4.65e-05  time = 9.6s
[e102 s0001/1030] loss = 0.281223
[e102 s0050/1030] loss = 2.814297
[e102 s0100/1030] loss = 3.967645
[e102 s0150/1030] loss = 3.501847
[e102 s0200/1030] loss = 3.632069
[e102 s0250/1030] loss = 3.467333
[e102 s0300/1030] loss = 3.442989
[e102 s0350/1030] loss = 3.236349
[e102 s0400/1030] loss = 3.628423
[e102 s0450/1030] loss = 3.410828
[e102 s0500/1030] loss = 3.298047
[e102 s0550/1030] loss = 3.222962
[e102 s0600/1030] loss = 3.132181
[e102 s0650/1030] loss = 3.014167
[e102 s0700/1030] loss = 3.095284
[e102 s0750/1030] loss = 3.063488
[e102 s0800/1030] loss = 2.985226
[e102 s0850/1030] loss = 3.141480
[e102 s0900/1030] loss = 3.155414
[e102 s0950/1030] loss = 3.111127
[e102 s1000/1030] loss = 3.112645
Epoch 102: train_loss = 3.059266  MAE/GAME0 = 185.535  RMSE = 190.302  GAME1 = 192.676  GAME2 = 213.835  GAME3 = 234.020  lr = 4.64e-05  time = 9.6s
[e103 s0001/1030] loss = 3.933441
[e103 s0050/1030] loss = 4.720017
[e103 s0100/1030] loss = 5.281044
[e103 s0150/1030] loss = 3.949414
[e103 s0200/1030] loss = 3.500388
[e103 s0250/1030] loss = 4.340013
[e103 s0300/1030] loss = 3.875096
[e103 s0350/1030] loss = 3.851310
[e103 s0400/1030] loss = 3.656820
[e103 s0450/1030] loss = 3.554843
[e103 s0500/1030] loss = 3.583854
[e103 s0550/1030] loss = 3.497274
[e103 s0600/1030] loss = 3.430647
[e103 s0650/1030] loss = 3.469401
[e103 s0700/1030] loss = 3.424157
[e103 s0750/1030] loss = 3.349248
[e103 s0800/1030] loss = 3.257348
[e103 s0850/1030] loss = 3.142816
[e103 s0900/1030] loss = 3.084167
[e103 s0950/1030] loss = 3.045085
[e103 s1000/1030] loss = 2.993692
Epoch 103: train_loss = 2.969676  MAE/GAME0 = 224.225  RMSE = 228.016  GAME1 = 229.686  GAME2 = 248.305  GAME3 = 268.464  lr = 4.63e-05  time = 9.7s
[e104 s0001/1030] loss = 0.327110
[e104 s0050/1030] loss = 9.775690
[e104 s0100/1030] loss = 7.231220
[e104 s0150/1030] loss = 5.544105
[e104 s0200/1030] loss = 4.763911
[e104 s0250/1030] loss = 4.180834
[e104 s0300/1030] loss = 3.682979
[e104 s0350/1030] loss = 3.595575
[e104 s0400/1030] loss = 3.479529
[e104 s0450/1030] loss = 3.938723
[e104 s0500/1030] loss = 3.713784
[e104 s0550/1030] loss = 3.620048
[e104 s0600/1030] loss = 3.597267
[e104 s0650/1030] loss = 3.516270
[e104 s0700/1030] loss = 3.446160
[e104 s0750/1030] loss = 3.343851
[e104 s0800/1030] loss = 3.401294
[e104 s0850/1030] loss = 3.297836
[e104 s0900/1030] loss = 3.261330
[e104 s0950/1030] loss = 3.195283
[e104 s1000/1030] loss = 3.107551
Epoch 104: train_loss = 3.066171  MAE/GAME0 = 170.454  RMSE = 175.812  GAME1 = 178.594  GAME2 = 201.143  GAME3 = 221.334  lr = 4.62e-05  time = 9.6s
[e105 s0001/1030] loss = 0.338927
[e105 s0050/1030] loss = 1.735869
[e105 s0100/1030] loss = 1.589098
[e105 s0150/1030] loss = 1.455950
[e105 s0200/1030] loss = 1.783421
[e105 s0250/1030] loss = 1.986719
[e105 s0300/1030] loss = 2.020412
[e105 s0350/1030] loss = 2.031134
[e105 s0400/1030] loss = 2.014046
[e105 s0450/1030] loss = 2.244316
[e105 s0500/1030] loss = 2.169139
[e105 s0550/1030] loss = 2.250463
[e105 s0600/1030] loss = 2.501955
[e105 s0650/1030] loss = 2.731073
[e105 s0700/1030] loss = 2.721754
[e105 s0750/1030] loss = 2.697243
[e105 s0800/1030] loss = 2.663972
[e105 s0850/1030] loss = 2.607109
[e105 s0900/1030] loss = 2.563596
[e105 s0950/1030] loss = 2.592260
[e105 s1000/1030] loss = 2.681767
Epoch 105: train_loss = 2.668909  MAE/GAME0 = 216.625  RMSE = 220.559  GAME1 = 222.280  GAME2 = 241.358  GAME3 = 261.560  lr = 4.61e-05  time = 9.7s
[e106 s0001/1030] loss = 2.247185
[e106 s0050/1030] loss = 2.918145
[e106 s0100/1030] loss = 2.218755
[e106 s0150/1030] loss = 2.046032
[e106 s0200/1030] loss = 2.344240
[e106 s0250/1030] loss = 2.359933
[e106 s0300/1030] loss = 2.248177
[e106 s0350/1030] loss = 2.398119
[e106 s0400/1030] loss = 2.725209
[e106 s0450/1030] loss = 2.692149
[e106 s0500/1030] loss = 3.754992
[e106 s0550/1030] loss = 3.717745
[e106 s0600/1030] loss = 3.670693
[e106 s0650/1030] loss = 3.568365
[e106 s0700/1030] loss = 3.696638
[e106 s0750/1030] loss = 3.622678
[e106 s0800/1030] loss = 3.566825
[e106 s0850/1030] loss = 3.700334
[e106 s0900/1030] loss = 3.620574
[e106 s0950/1030] loss = 3.547031
[e106 s1000/1030] loss = 3.463284
Epoch 106: train_loss = 3.426583  MAE/GAME0 = 253.804  RMSE = 257.207  GAME1 = 258.448  GAME2 = 274.281  GAME3 = 294.003  lr = 4.60e-05  time = 9.6s
[e107 s0001/1030] loss = 0.344572
[e107 s0050/1030] loss = 6.444465
[e107 s0100/1030] loss = 4.129674
[e107 s0150/1030] loss = 3.453158
[e107 s0200/1030] loss = 3.417979
[e107 s0250/1030] loss = 5.096656
[e107 s0300/1030] loss = 5.525037
[e107 s0350/1030] loss = 5.043756
[e107 s0400/1030] loss = 4.636196
[e107 s0450/1030] loss = 4.721878
[e107 s0500/1030] loss = 4.524734
[e107 s0550/1030] loss = 4.347601
[e107 s0600/1030] loss = 4.126126
[e107 s0650/1030] loss = 3.970937
[e107 s0700/1030] loss = 3.816518
[e107 s0750/1030] loss = 3.735164
[e107 s0800/1030] loss = 3.634850
[e107 s0850/1030] loss = 3.560978
[e107 s0900/1030] loss = 3.462188
[e107 s0950/1030] loss = 3.363959
[e107 s1000/1030] loss = 3.366541
Epoch 107: train_loss = 3.386386  MAE/GAME0 = 231.000  RMSE = 234.680  GAME1 = 236.197  GAME2 = 254.127  GAME3 = 274.169  lr = 4.59e-05  time = 9.6s
[e108 s0001/1030] loss = 10.509691
[e108 s0050/1030] loss = 2.677216
[e108 s0100/1030] loss = 2.374469
[e108 s0150/1030] loss = 2.725067
[e108 s0200/1030] loss = 2.522218
[e108 s0250/1030] loss = 2.617953
[e108 s0300/1030] loss = 2.500182
[e108 s0350/1030] loss = 2.507110
[e108 s0400/1030] loss = 2.512187
[e108 s0450/1030] loss = 3.290009
[e108 s0500/1030] loss = 3.175990
[e108 s0550/1030] loss = 3.078784
[e108 s0600/1030] loss = 3.283416
[e108 s0650/1030] loss = 3.243981
[e108 s0700/1030] loss = 3.191669
[e108 s0750/1030] loss = 3.139960
[e108 s0800/1030] loss = 3.145464
[e108 s0850/1030] loss = 3.100759
[e108 s0900/1030] loss = 3.059314
[e108 s0950/1030] loss = 3.342805
[e108 s1000/1030] loss = 3.306664
Epoch 108: train_loss = 3.283349  MAE/GAME0 = 238.933  RMSE = 242.501  GAME1 = 243.817  GAME2 = 260.952  GAME3 = 280.933  lr = 4.57e-05  time = 9.5s
[e109 s0001/1030] loss = 0.558213
[e109 s0050/1030] loss = 3.402524
[e109 s0100/1030] loss = 2.861394
[e109 s0150/1030] loss = 4.001052
[e109 s0200/1030] loss = 4.730491
[e109 s0250/1030] loss = 4.544702
[e109 s0300/1030] loss = 4.122554
[e109 s0350/1030] loss = 3.998029
[e109 s0400/1030] loss = 4.047410
[e109 s0450/1030] loss = 3.837082
[e109 s0500/1030] loss = 3.682887
[e109 s0550/1030] loss = 3.649403
[e109 s0600/1030] loss = 3.613490
[e109 s0650/1030] loss = 3.501879
[e109 s0700/1030] loss = 3.338667
[e109 s0750/1030] loss = 3.290097
[e109 s0800/1030] loss = 3.386800
[e109 s0850/1030] loss = 3.323934
[e109 s0900/1030] loss = 3.297899
[e109 s0950/1030] loss = 3.311273
[e109 s1000/1030] loss = 3.275237
Epoch 109: train_loss = 3.228513  MAE/GAME0 = 186.586  RMSE = 191.318  GAME1 = 193.745  GAME2 = 215.220  GAME3 = 235.460  lr = 4.56e-05  time = 9.6s
[e110 s0001/1030] loss = 0.299406
[e110 s0050/1030] loss = 2.634865
[e110 s0100/1030] loss = 2.688540
[e110 s0150/1030] loss = 2.347118
[e110 s0200/1030] loss = 2.220872
[e110 s0250/1030] loss = 3.304404
[e110 s0300/1030] loss = 3.241574
[e110 s0350/1030] loss = 3.222545
[e110 s0400/1030] loss = 3.051655
[e110 s0450/1030] loss = 3.410435
[e110 s0500/1030] loss = 3.245221
[e110 s0550/1030] loss = 3.107057
[e110 s0600/1030] loss = 3.005951
[e110 s0650/1030] loss = 2.985044
[e110 s0700/1030] loss = 3.080085
[e110 s0750/1030] loss = 3.071958
[e110 s0800/1030] loss = 3.091110
[e110 s0850/1030] loss = 2.997840
[e110 s0900/1030] loss = 2.995096
[e110 s0950/1030] loss = 2.987951
[e110 s1000/1030] loss = 2.972895
Epoch 110: train_loss = 3.039102  MAE/GAME0 = 333.091  RMSE = 336.317  GAME1 = 337.283  GAME2 = 348.231  GAME3 = 367.045  lr = 4.55e-05  time = 9.5s
[e111 s0001/1030] loss = 0.689914
[e111 s0050/1030] loss = 9.733491
[e111 s0100/1030] loss = 5.824356
[e111 s0150/1030] loss = 4.660919
[e111 s0200/1030] loss = 3.971296
[e111 s0250/1030] loss = 3.629318
[e111 s0300/1030] loss = 3.508719
[e111 s0350/1030] loss = 3.376169
[e111 s0400/1030] loss = 3.635640
[e111 s0450/1030] loss = 3.531009
[e111 s0500/1030] loss = 3.549985
[e111 s0550/1030] loss = 3.422173
[e111 s0600/1030] loss = 3.428578
[e111 s0650/1030] loss = 3.360570
[e111 s0700/1030] loss = 3.418667
[e111 s0750/1030] loss = 3.301620
[e111 s0800/1030] loss = 3.234482
[e111 s0850/1030] loss = 3.144692
[e111 s0900/1030] loss = 3.172598
[e111 s0950/1030] loss = 3.164701
[e111 s1000/1030] loss = 3.122351
Epoch 111: train_loss = 3.112765  MAE/GAME0 = 206.588  RMSE = 210.744  GAME1 = 212.682  GAME2 = 232.493  GAME3 = 252.714  lr = 4.54e-05  time = 9.6s
[e112 s0001/1030] loss = 7.036852
[e112 s0050/1030] loss = 4.609413
[e112 s0100/1030] loss = 3.813899
[e112 s0150/1030] loss = 3.133431
[e112 s0200/1030] loss = 4.922149
[e112 s0250/1030] loss = 4.309770
[e112 s0300/1030] loss = 3.807974
[e112 s0350/1030] loss = 3.551707
[e112 s0400/1030] loss = 3.455601
[e112 s0450/1030] loss = 3.501401
[e112 s0500/1030] loss = 3.417114
[e112 s0550/1030] loss = 3.390011
[e112 s0600/1030] loss = 3.213589
[e112 s0650/1030] loss = 3.167077
[e112 s0700/1030] loss = 3.256601
[e112 s0750/1030] loss = 3.525772
[e112 s0800/1030] loss = 3.644469
[e112 s0850/1030] loss = 3.607751
[e112 s0900/1030] loss = 3.489779
[e112 s0950/1030] loss = 3.398964
[e112 s1000/1030] loss = 3.377705
Epoch 112: train_loss = 3.314280  MAE/GAME0 = 181.541  RMSE = 186.451  GAME1 = 188.923  GAME2 = 210.445  GAME3 = 230.614  lr = 4.52e-05  time = 9.7s
[e113 s0001/1030] loss = 0.363636
[e113 s0050/1030] loss = 2.142628
[e113 s0100/1030] loss = 1.777921
[e113 s0150/1030] loss = 1.858775
[e113 s0200/1030] loss = 2.088395
[e113 s0250/1030] loss = 2.667510
[e113 s0300/1030] loss = 2.644411
[e113 s0350/1030] loss = 2.496991
[e113 s0400/1030] loss = 2.633900
[e113 s0450/1030] loss = 2.604461
[e113 s0500/1030] loss = 2.598802
[e113 s0550/1030] loss = 2.827562
[e113 s0600/1030] loss = 2.764265
[e113 s0650/1030] loss = 2.680352
[e113 s0700/1030] loss = 2.739902
[e113 s0750/1030] loss = 2.889378
[e113 s0800/1030] loss = 2.865141
[e113 s0850/1030] loss = 2.833585
[e113 s0900/1030] loss = 2.910609
[e113 s0950/1030] loss = 2.851773
[e113 s1000/1030] loss = 2.875792
Epoch 113: train_loss = 3.126050  MAE/GAME0 = 280.157  RMSE = 283.389  GAME1 = 284.473  GAME2 = 298.299  GAME3 = 317.747  lr = 4.51e-05  time = 9.5s
[e114 s0001/1030] loss = 0.657032
[e114 s0050/1030] loss = 2.817583
[e114 s0100/1030] loss = 2.931592
[e114 s0150/1030] loss = 2.385046
[e114 s0200/1030] loss = 2.427202
[e114 s0250/1030] loss = 2.497517
[e114 s0300/1030] loss = 2.305962
[e114 s0350/1030] loss = 2.293270
[e114 s0400/1030] loss = 2.363953
[e114 s0450/1030] loss = 2.467430
[e114 s0500/1030] loss = 2.545418
[e114 s0550/1030] loss = 2.407296
[e114 s0600/1030] loss = 2.458115
[e114 s0650/1030] loss = 2.397406
[e114 s0700/1030] loss = 2.367896
[e114 s0750/1030] loss = 2.513476
[e114 s0800/1030] loss = 2.730174
[e114 s0850/1030] loss = 2.644476
[e114 s0900/1030] loss = 3.216051
[e114 s0950/1030] loss = 3.160896
[e114 s1000/1030] loss = 3.083997
Epoch 114: train_loss = 3.035710  MAE/GAME0 = 169.661  RMSE = 175.054  GAME1 = 178.083  GAME2 = 200.800  GAME3 = 220.924  lr = 4.50e-05  time = 9.6s
[e115 s0001/1030] loss = 0.304716
[e115 s0050/1030] loss = 3.237750
[e115 s0100/1030] loss = 2.443558
[e115 s0150/1030] loss = 3.550324
[e115 s0200/1030] loss = 3.895053
[e115 s0250/1030] loss = 3.645204
[e115 s0300/1030] loss = 3.476272
[e115 s0350/1030] loss = 3.375879
[e115 s0400/1030] loss = 3.492333
[e115 s0450/1030] loss = 3.359538
[e115 s0500/1030] loss = 3.300081
[e115 s0550/1030] loss = 3.217996
[e115 s0600/1030] loss = 3.239410
[e115 s0650/1030] loss = 3.203098
[e115 s0700/1030] loss = 3.173066
[e115 s0750/1030] loss = 3.097424
[e115 s0800/1030] loss = 3.036314
[e115 s0850/1030] loss = 3.117450
[e115 s0900/1030] loss = 3.063296
[e115 s0950/1030] loss = 3.055876
[e115 s1000/1030] loss = 3.005533
Epoch 115: train_loss = 2.980825  MAE/GAME0 = 173.195  RMSE = 178.434  GAME1 = 180.909  GAME2 = 202.998  GAME3 = 223.196  lr = 4.48e-05  time = 9.6s
[e116 s0001/1030] loss = 93.988243
[e116 s0050/1030] loss = 5.218982
[e116 s0100/1030] loss = 4.110841
[e116 s0150/1030] loss = 4.404526
[e116 s0200/1030] loss = 4.102149
[e116 s0250/1030] loss = 3.694852
[e116 s0300/1030] loss = 3.447457
[e116 s0350/1030] loss = 3.273856
[e116 s0400/1030] loss = 3.156413
[e116 s0450/1030] loss = 3.454278
[e116 s0500/1030] loss = 3.367462
[e116 s0550/1030] loss = 3.673012
[e116 s0600/1030] loss = 3.553787
[e116 s0650/1030] loss = 3.487837
[e116 s0700/1030] loss = 3.418564
[e116 s0750/1030] loss = 3.290914
[e116 s0800/1030] loss = 3.354838
[e116 s0850/1030] loss = 3.319977
[e116 s0900/1030] loss = 3.247890
[e116 s0950/1030] loss = 3.172380
[e116 s1000/1030] loss = 3.085291
Epoch 116: train_loss = 3.049806  MAE/GAME0 = 177.768  RMSE = 182.821  GAME1 = 185.468  GAME2 = 207.685  GAME3 = 227.937  lr = 4.47e-05  time = 9.6s
[e117 s0001/1030] loss = 0.726769
[e117 s0050/1030] loss = 2.478282
[e117 s0100/1030] loss = 2.405736
[e117 s0150/1030] loss = 2.344702
[e117 s0200/1030] loss = 2.261740
[e117 s0250/1030] loss = 2.345569
[e117 s0300/1030] loss = 2.363815
[e117 s0350/1030] loss = 2.254702
[e117 s0400/1030] loss = 2.167967
[e117 s0450/1030] loss = 2.148297
[e117 s0500/1030] loss = 2.231698
[e117 s0550/1030] loss = 2.184148
[e117 s0600/1030] loss = 2.474636
[e117 s0650/1030] loss = 2.415306
[e117 s0700/1030] loss = 2.679830
[e117 s0750/1030] loss = 2.807548
[e117 s0800/1030] loss = 2.772869
[e117 s0850/1030] loss = 2.726290
[e117 s0900/1030] loss = 2.713879
[e117 s0950/1030] loss = 2.660097
[e117 s1000/1030] loss = 2.725168
Epoch 117: train_loss = 2.725835  MAE/GAME0 = 219.449  RMSE = 223.327  GAME1 = 225.003  GAME2 = 243.911  GAME3 = 264.113  lr = 4.46e-05  time = 9.5s
[e118 s0001/1030] loss = 0.465184
[e118 s0050/1030] loss = 3.004802
[e118 s0100/1030] loss = 2.564990
[e118 s0150/1030] loss = 2.585902
[e118 s0200/1030] loss = 3.829414
[e118 s0250/1030] loss = 3.447738
[e118 s0300/1030] loss = 3.329166
[e118 s0350/1030] loss = 3.300752
[e118 s0400/1030] loss = 3.053328
[e118 s0450/1030] loss = 3.290569
[e118 s0500/1030] loss = 3.265978
[e118 s0550/1030] loss = 3.594751
[e118 s0600/1030] loss = 3.422548
[e118 s0650/1030] loss = 3.433668
[e118 s0700/1030] loss = 3.441344
[e118 s0750/1030] loss = 3.313481
[e118 s0800/1030] loss = 3.274706
[e118 s0850/1030] loss = 3.209861
[e118 s0900/1030] loss = 3.137845
[e118 s0950/1030] loss = 3.102515
[e118 s1000/1030] loss = 3.217878
Epoch 118: train_loss = 3.168839  MAE/GAME0 = 188.597  RMSE = 193.262  GAME1 = 195.526  GAME2 = 216.411  GAME3 = 236.604  lr = 4.44e-05  time = 9.5s
[e119 s0001/1030] loss = 0.704030
[e119 s0050/1030] loss = 3.539215
[e119 s0100/1030] loss = 3.223766
[e119 s0150/1030] loss = 2.880811
[e119 s0200/1030] loss = 2.880673
[e119 s0250/1030] loss = 2.740598
[e119 s0300/1030] loss = 2.720548
[e119 s0350/1030] loss = 3.104082
[e119 s0400/1030] loss = 2.950941
[e119 s0450/1030] loss = 3.117869
[e119 s0500/1030] loss = 3.400382
[e119 s0550/1030] loss = 3.407223
[e119 s0600/1030] loss = 4.181255
[e119 s0650/1030] loss = 3.980337
[e119 s0700/1030] loss = 3.932937
[e119 s0750/1030] loss = 3.776566
[e119 s0800/1030] loss = 3.649885
[e119 s0850/1030] loss = 3.575679
[e119 s0900/1030] loss = 3.475906
[e119 s0950/1030] loss = 3.366198
[e119 s1000/1030] loss = 3.375488
Epoch 119: train_loss = 3.366708  MAE/GAME0 = 191.602  RMSE = 196.171  GAME1 = 198.406  GAME2 = 218.987  GAME3 = 239.148  lr = 4.43e-05  time = 9.6s
[e120 s0001/1030] loss = 0.521437
[e120 s0050/1030] loss = 3.061744
[e120 s0100/1030] loss = 2.502220
[e120 s0150/1030] loss = 2.420748
[e120 s0200/1030] loss = 2.783088
[e120 s0250/1030] loss = 3.396645
[e120 s0300/1030] loss = 3.390184
[e120 s0350/1030] loss = 3.410418
[e120 s0400/1030] loss = 3.326898
[e120 s0450/1030] loss = 3.207277
[e120 s0500/1030] loss = 3.303420
[e120 s0550/1030] loss = 3.288529
[e120 s0600/1030] loss = 3.162905
[e120 s0650/1030] loss = 3.128833
[e120 s0700/1030] loss = 3.143918
[e120 s0750/1030] loss = 3.084915
[e120 s0800/1030] loss = 3.148123
[e120 s0850/1030] loss = 3.148661
[e120 s0900/1030] loss = 3.111511
[e120 s0950/1030] loss = 3.079962
[e120 s1000/1030] loss = 3.025288
Epoch 120: train_loss = 3.022910  MAE/GAME0 = 228.205  RMSE = 231.929  GAME1 = 233.463  GAME2 = 251.592  GAME3 = 271.656  lr = 4.42e-05  time = 9.6s
[e121 s0001/1030] loss = 0.505914
[e121 s0050/1030] loss = 4.818271
[e121 s0100/1030] loss = 3.615893
[e121 s0150/1030] loss = 3.056810
[e121 s0200/1030] loss = 2.677086
[e121 s0250/1030] loss = 2.667984
[e121 s0300/1030] loss = 2.550389
[e121 s0350/1030] loss = 2.468981
[e121 s0400/1030] loss = 2.356665
[e121 s0450/1030] loss = 3.049230
[e121 s0500/1030] loss = 2.999055
[e121 s0550/1030] loss = 3.079517
[e121 s0600/1030] loss = 3.165240
[e121 s0650/1030] loss = 3.222301
[e121 s0700/1030] loss = 3.314831
[e121 s0750/1030] loss = 3.209467
[e121 s0800/1030] loss = 3.194365
[e121 s0850/1030] loss = 3.223027
[e121 s0900/1030] loss = 3.149533
[e121 s0950/1030] loss = 3.080002
[e121 s1000/1030] loss = 3.008797
Epoch 121: train_loss = 2.971016  MAE/GAME0 = 202.583  RMSE = 206.839  GAME1 = 208.934  GAME2 = 228.991  GAME3 = 249.193  lr = 4.40e-05  time = 9.6s
[e122 s0001/1030] loss = 1.567508
[e122 s0050/1030] loss = 3.447708
[e122 s0100/1030] loss = 2.729624
[e122 s0150/1030] loss = 2.769798
[e122 s0200/1030] loss = 2.704364
[e122 s0250/1030] loss = 2.464972
[e122 s0300/1030] loss = 2.479868
[e122 s0350/1030] loss = 2.893050
[e122 s0400/1030] loss = 3.272199
[e122 s0450/1030] loss = 3.132806
[e122 s0500/1030] loss = 3.302742
[e122 s0550/1030] loss = 3.286943
[e122 s0600/1030] loss = 3.212467
[e122 s0650/1030] loss = 3.177744
[e122 s0700/1030] loss = 3.045108
[e122 s0750/1030] loss = 2.949325
[e122 s0800/1030] loss = 2.942592
[e122 s0850/1030] loss = 2.911297
[e122 s0900/1030] loss = 3.264146
[e122 s0950/1030] loss = 3.173703
[e122 s1000/1030] loss = 3.163541
Epoch 122: train_loss = 3.106935  MAE/GAME0 = 185.027  RMSE = 189.811  GAME1 = 192.145  GAME2 = 213.275  GAME3 = 233.462  lr = 4.39e-05  time = 9.5s
[e123 s0001/1030] loss = 0.244156
[e123 s0050/1030] loss = 2.429294
[e123 s0100/1030] loss = 2.157603
[e123 s0150/1030] loss = 2.524369
[e123 s0200/1030] loss = 2.366537
[e123 s0250/1030] loss = 2.554208
[e123 s0300/1030] loss = 2.384849
[e123 s0350/1030] loss = 2.359694
[e123 s0400/1030] loss = 2.331612
[e123 s0450/1030] loss = 2.294048
[e123 s0500/1030] loss = 2.246468
[e123 s0550/1030] loss = 2.513705
[e123 s0600/1030] loss = 2.933491
[e123 s0650/1030] loss = 2.835216
[e123 s0700/1030] loss = 2.810768
[e123 s0750/1030] loss = 2.704645
[e123 s0800/1030] loss = 2.700728
[e123 s0850/1030] loss = 2.661496
[e123 s0900/1030] loss = 2.631023
[e123 s0950/1030] loss = 2.786112
[e123 s1000/1030] loss = 2.762961
Epoch 123: train_loss = 2.746766  MAE/GAME0 = 187.989  RMSE = 192.674  GAME1 = 195.082  GAME2 = 216.229  GAME3 = 236.425  lr = 4.37e-05  time = 9.6s
[e124 s0001/1030] loss = 0.553281
[e124 s0050/1030] loss = 2.061995
[e124 s0100/1030] loss = 2.610454
[e124 s0150/1030] loss = 2.316378
[e124 s0200/1030] loss = 2.254498
[e124 s0250/1030] loss = 2.384775
[e124 s0300/1030] loss = 2.833220
[e124 s0350/1030] loss = 2.829156
[e124 s0400/1030] loss = 2.934475
[e124 s0450/1030] loss = 2.816154
[e124 s0500/1030] loss = 2.872525
[e124 s0550/1030] loss = 2.772045
[e124 s0600/1030] loss = 3.007608
[e124 s0650/1030] loss = 2.920315
[e124 s0700/1030] loss = 2.900579
[e124 s0750/1030] loss = 3.018681
[e124 s0800/1030] loss = 2.978431
[e124 s0850/1030] loss = 2.942087
[e124 s0900/1030] loss = 3.100894
[e124 s0950/1030] loss = 3.035063
[e124 s1000/1030] loss = 2.960421
Epoch 124: train_loss = 3.070031  MAE/GAME0 = 259.329  RMSE = 262.684  GAME1 = 264.011  GAME2 = 279.807  GAME3 = 299.547  lr = 4.36e-05  time = 9.6s
[e125 s0001/1030] loss = 0.825639
[e125 s0050/1030] loss = 4.382621
[e125 s0100/1030] loss = 3.628078
[e125 s0150/1030] loss = 3.791383
[e125 s0200/1030] loss = 3.726100
[e125 s0250/1030] loss = 3.727163
[e125 s0300/1030] loss = 3.702779
[e125 s0350/1030] loss = 3.560721
[e125 s0400/1030] loss = 3.289645
[e125 s0450/1030] loss = 3.136611
[e125 s0500/1030] loss = 3.031825
[e125 s0550/1030] loss = 2.921945
[e125 s0600/1030] loss = 2.971628
[e125 s0650/1030] loss = 3.111285
[e125 s0700/1030] loss = 3.063944
[e125 s0750/1030] loss = 3.033237
[e125 s0800/1030] loss = 3.002644
[e125 s0850/1030] loss = 2.916029
[e125 s0900/1030] loss = 2.937267
[e125 s0950/1030] loss = 2.917604
[e125 s1000/1030] loss = 3.280852
Epoch 125: train_loss = 3.249322  MAE/GAME0 = 262.328  RMSE = 265.660  GAME1 = 266.849  GAME2 = 282.638  GAME3 = 302.465  lr = 4.34e-05  time = 9.6s
[e126 s0001/1030] loss = 0.552474
[e126 s0050/1030] loss = 1.963201
[e126 s0100/1030] loss = 2.873674
[e126 s0150/1030] loss = 5.480655
[e126 s0200/1030] loss = 4.580958
[e126 s0250/1030] loss = 4.077307
[e126 s0300/1030] loss = 4.167578
[e126 s0350/1030] loss = 3.766576
[e126 s0400/1030] loss = 3.613324
[e126 s0450/1030] loss = 3.492022
[e126 s0500/1030] loss = 3.356024
[e126 s0550/1030] loss = 3.438753
[e126 s0600/1030] loss = 3.297814
[e126 s0650/1030] loss = 3.213633
[e126 s0700/1030] loss = 3.166921
[e126 s0750/1030] loss = 3.082592
[e126 s0800/1030] loss = 3.091793
[e126 s0850/1030] loss = 3.019404
[e126 s0900/1030] loss = 3.011969
[e126 s0950/1030] loss = 2.920620
[e126 s1000/1030] loss = 2.939963
Epoch 126: train_loss = 2.983196  MAE/GAME0 = 184.057  RMSE = 188.876  GAME1 = 191.433  GAME2 = 213.111  GAME3 = 233.339  lr = 4.33e-05  time = 9.7s
[e127 s0001/1030] loss = 0.673700
[e127 s0050/1030] loss = 2.170754
[e127 s0100/1030] loss = 2.447650
[e127 s0150/1030] loss = 2.948475
[e127 s0200/1030] loss = 2.574028
[e127 s0250/1030] loss = 2.733830
[e127 s0300/1030] loss = 3.159186
[e127 s0350/1030] loss = 3.018412
[e127 s0400/1030] loss = 2.859773
[e127 s0450/1030] loss = 2.851240
[e127 s0500/1030] loss = 2.791825
[e127 s0550/1030] loss = 2.948357
[e127 s0600/1030] loss = 3.000348
[e127 s0650/1030] loss = 3.034497
[e127 s0700/1030] loss = 2.925016
[e127 s0750/1030] loss = 2.951703
[e127 s0800/1030] loss = 2.859130
[e127 s0850/1030] loss = 2.817107
[e127 s0900/1030] loss = 2.768088
[e127 s0950/1030] loss = 2.840234
[e127 s1000/1030] loss = 2.818472
Epoch 127: train_loss = 2.832808  MAE/GAME0 = 245.110  RMSE = 248.602  GAME1 = 250.080  GAME2 = 267.052  GAME3 = 287.016  lr = 4.31e-05  time = 9.5s
[e128 s0001/1030] loss = 6.358862
[e128 s0050/1030] loss = 2.978275
[e128 s0100/1030] loss = 2.726075
[e128 s0150/1030] loss = 2.668535
[e128 s0200/1030] loss = 2.487111
[e128 s0250/1030] loss = 2.331343
[e128 s0300/1030] loss = 2.311643
[e128 s0350/1030] loss = 2.368206
[e128 s0400/1030] loss = 2.453882
[e128 s0450/1030] loss = 2.837300
[e128 s0500/1030] loss = 3.156288
[e128 s0550/1030] loss = 3.009924
[e128 s0600/1030] loss = 2.950870
[e128 s0650/1030] loss = 2.916555
[e128 s0700/1030] loss = 2.909048
[e128 s0750/1030] loss = 2.922572
[e128 s0800/1030] loss = 2.980888
[e128 s0850/1030] loss = 2.915245
[e128 s0900/1030] loss = 3.172251
[e128 s0950/1030] loss = 3.140147
[e128 s1000/1030] loss = 3.094678
Epoch 128: train_loss = 3.118443  MAE/GAME0 = 242.377  RMSE = 245.902  GAME1 = 247.262  GAME2 = 264.201  GAME3 = 284.162  lr = 4.30e-05  time = 9.6s
[e129 s0001/1030] loss = 0.654693
[e129 s0050/1030] loss = 1.906157
[e129 s0100/1030] loss = 3.119009
[e129 s0150/1030] loss = 2.781569
[e129 s0200/1030] loss = 3.016692
[e129 s0250/1030] loss = 2.920070
[e129 s0300/1030] loss = 2.834235
[e129 s0350/1030] loss = 2.828901
[e129 s0400/1030] loss = 2.660571
[e129 s0450/1030] loss = 3.172905
[e129 s0500/1030] loss = 3.153403
[e129 s0550/1030] loss = 3.078388
[e129 s0600/1030] loss = 3.023391
[e129 s0650/1030] loss = 3.324724
[e129 s0700/1030] loss = 3.212450
[e129 s0750/1030] loss = 3.131919
[e129 s0800/1030] loss = 3.224515
[e129 s0850/1030] loss = 3.202250
[e129 s0900/1030] loss = 3.673479
[e129 s0950/1030] loss = 3.589887
[e129 s1000/1030] loss = 3.529845
Epoch 129: train_loss = 3.497262  MAE/GAME0 = 175.201  RMSE = 180.357  GAME1 = 183.039  GAME2 = 205.040  GAME3 = 225.197  lr = 4.28e-05  time = 9.5s
[e130 s0001/1030] loss = 4.924768
[e130 s0050/1030] loss = 1.352448
[e130 s0100/1030] loss = 2.299161
[e130 s0150/1030] loss = 2.443306
[e130 s0200/1030] loss = 2.479163
[e130 s0250/1030] loss = 2.377328
[e130 s0300/1030] loss = 2.429698
[e130 s0350/1030] loss = 2.305468
[e130 s0400/1030] loss = 2.460552
[e130 s0450/1030] loss = 2.389017
[e130 s0500/1030] loss = 2.350720
[e130 s0550/1030] loss = 2.345525
[e130 s0600/1030] loss = 2.477659
[e130 s0650/1030] loss = 2.415962
[e130 s0700/1030] loss = 2.356329
[e130 s0750/1030] loss = 2.455397
[e130 s0800/1030] loss = 2.524666
[e130 s0850/1030] loss = 2.506146
[e130 s0900/1030] loss = 2.657821
[e130 s0950/1030] loss = 2.849139
[e130 s1000/1030] loss = 2.785191
Epoch 130: train_loss = 2.755018  MAE/GAME0 = 195.992  RMSE = 200.428  GAME1 = 202.556  GAME2 = 222.951  GAME3 = 243.156  lr = 4.27e-05  time = 9.5s
[e131 s0001/1030] loss = 0.412733
[e131 s0050/1030] loss = 2.137510
[e131 s0100/1030] loss = 2.185997
[e131 s0150/1030] loss = 2.254621
[e131 s0200/1030] loss = 2.231194
[e131 s0250/1030] loss = 2.159820
[e131 s0300/1030] loss = 1.971432
[e131 s0350/1030] loss = 1.985152
[e131 s0400/1030] loss = 2.022636
[e131 s0450/1030] loss = 2.110265
[e131 s0500/1030] loss = 2.126316
[e131 s0550/1030] loss = 2.231569
[e131 s0600/1030] loss = 2.361484
[e131 s0650/1030] loss = 2.414010
[e131 s0700/1030] loss = 2.504276
[e131 s0750/1030] loss = 2.675045
[e131 s0800/1030] loss = 2.629108
[e131 s0850/1030] loss = 2.627113
[e131 s0900/1030] loss = 2.924983
[e131 s0950/1030] loss = 2.866956
[e131 s1000/1030] loss = 2.852302
Epoch 131: train_loss = 3.048076  MAE/GAME0 = 317.223  RMSE = 320.413  GAME1 = 321.390  GAME2 = 333.391  GAME3 = 352.569  lr = 4.25e-05  time = 9.7s
[e132 s0001/1030] loss = 1.591755
[e132 s0050/1030] loss = 3.563828
[e132 s0100/1030] loss = 5.030718
[e132 s0150/1030] loss = 4.340619
[e132 s0200/1030] loss = 4.849183
[e132 s0250/1030] loss = 4.198596
[e132 s0300/1030] loss = 3.999517
[e132 s0350/1030] loss = 3.811965
[e132 s0400/1030] loss = 3.780303
[e132 s0450/1030] loss = 3.550625
[e132 s0500/1030] loss = 3.598012
[e132 s0550/1030] loss = 3.501549
[e132 s0600/1030] loss = 3.363839
[e132 s0650/1030] loss = 3.283546
[e132 s0700/1030] loss = 3.218513
[e132 s0750/1030] loss = 3.151818
[e132 s0800/1030] loss = 3.119738
[e132 s0850/1030] loss = 3.103883
[e132 s0900/1030] loss = 3.053617
[e132 s0950/1030] loss = 3.003420
[e132 s1000/1030] loss = 3.153624
Epoch 132: train_loss = 3.156037  MAE/GAME0 = 237.115  RMSE = 240.706  GAME1 = 242.130  GAME2 = 259.453  GAME3 = 279.418  lr = 4.24e-05  time = 9.6s
[e133 s0001/1030] loss = 1.740917
[e133 s0050/1030] loss = 1.553636
[e133 s0100/1030] loss = 2.152728
[e133 s0150/1030] loss = 2.071845
[e133 s0200/1030] loss = 2.216274
[e133 s0250/1030] loss = 2.130294
[e133 s0300/1030] loss = 2.188111
[e133 s0350/1030] loss = 2.273912
[e133 s0400/1030] loss = 2.292724
[e133 s0450/1030] loss = 2.281401
[e133 s0500/1030] loss = 2.575688
[e133 s0550/1030] loss = 2.546358
[e133 s0600/1030] loss = 2.533321
[e133 s0650/1030] loss = 2.553232
[e133 s0700/1030] loss = 2.601206
[e133 s0750/1030] loss = 3.003793
[e133 s0800/1030] loss = 2.960747
[e133 s0850/1030] loss = 2.960382
[e133 s0900/1030] loss = 2.888528
[e133 s0950/1030] loss = 2.972878
[e133 s1000/1030] loss = 2.948714
Epoch 133: train_loss = 3.070794  MAE/GAME0 = 303.204  RMSE = 306.386  GAME1 = 307.420  GAME2 = 320.141  GAME3 = 339.454  lr = 4.22e-05  time = 9.5s
[e134 s0001/1030] loss = 0.704975
[e134 s0050/1030] loss = 1.338123
[e134 s0100/1030] loss = 2.583768
[e134 s0150/1030] loss = 2.483712
[e134 s0200/1030] loss = 2.410938
[e134 s0250/1030] loss = 3.673988
[e134 s0300/1030] loss = 3.476556
[e134 s0350/1030] loss = 3.307913
[e134 s0400/1030] loss = 3.202783
[e134 s0450/1030] loss = 3.279709
[e134 s0500/1030] loss = 3.167750
[e134 s0550/1030] loss = 3.179339
[e134 s0600/1030] loss = 3.088752
[e134 s0650/1030] loss = 3.014153
[e134 s0700/1030] loss = 2.980506
[e134 s0750/1030] loss = 2.948985
[e134 s0800/1030] loss = 2.881217
[e134 s0850/1030] loss = 3.065816
[e134 s0900/1030] loss = 3.042809
[e134 s0950/1030] loss = 3.043124
[e134 s1000/1030] loss = 2.986705
Epoch 134: train_loss = 2.985397  MAE/GAME0 = 165.759  RMSE = 171.333  GAME1 = 174.512  GAME2 = 197.726  GAME3 = 217.860  lr = 4.21e-05  time = 9.5s
[e135 s0001/1030] loss = 2.317744
[e135 s0050/1030] loss = 2.122261
[e135 s0100/1030] loss = 1.745019
[e135 s0150/1030] loss = 2.041724
[e135 s0200/1030] loss = 2.276165
[e135 s0250/1030] loss = 3.569124
[e135 s0300/1030] loss = 3.385429
[e135 s0350/1030] loss = 3.209589
[e135 s0400/1030] loss = 3.647621
[e135 s0450/1030] loss = 3.654085
[e135 s0500/1030] loss = 3.514074
[e135 s0550/1030] loss = 3.519044
[e135 s0600/1030] loss = 3.414429
[e135 s0650/1030] loss = 3.575342
[e135 s0700/1030] loss = 3.437512
[e135 s0750/1030] loss = 3.401253
[e135 s0800/1030] loss = 3.278051
[e135 s0850/1030] loss = 3.194097
[e135 s0900/1030] loss = 3.410602
[e135 s0950/1030] loss = 3.373931
[e135 s1000/1030] loss = 3.302297
Epoch 135: train_loss = 3.294418  MAE/GAME0 = 176.070  RMSE = 181.191  GAME1 = 183.891  GAME2 = 205.980  GAME3 = 226.169  lr = 4.19e-05  time = 9.6s
[e136 s0001/1030] loss = 0.341245
[e136 s0050/1030] loss = 5.274392
[e136 s0100/1030] loss = 3.973431
[e136 s0150/1030] loss = 3.586945
[e136 s0200/1030] loss = 3.389057
[e136 s0250/1030] loss = 3.205832
[e136 s0300/1030] loss = 3.028315
[e136 s0350/1030] loss = 2.957753
[e136 s0400/1030] loss = 2.769991
[e136 s0450/1030] loss = 2.743760
[e136 s0500/1030] loss = 3.650153
[e136 s0550/1030] loss = 3.576620
[e136 s0600/1030] loss = 3.451755
[e136 s0650/1030] loss = 3.434331
[e136 s0700/1030] loss = 3.341725
[e136 s0750/1030] loss = 3.305901
[e136 s0800/1030] loss = 3.255767
[e136 s0850/1030] loss = 3.203981
[e136 s0900/1030] loss = 3.114122
[e136 s0950/1030] loss = 3.046438
[e136 s1000/1030] loss = 3.025670
Epoch 136: train_loss = 3.017783  MAE/GAME0 = 209.551  RMSE = 213.638  GAME1 = 215.510  GAME2 = 235.068  GAME3 = 255.282  lr = 4.17e-05  time = 9.5s
[e137 s0001/1030] loss = 0.659191
[e137 s0050/1030] loss = 1.383782
[e137 s0100/1030] loss = 2.388522
[e137 s0150/1030] loss = 2.044439
[e137 s0200/1030] loss = 2.298816
[e137 s0250/1030] loss = 2.483863
[e137 s0300/1030] loss = 2.472704
[e137 s0350/1030] loss = 2.395086
[e137 s0400/1030] loss = 2.258713
[e137 s0450/1030] loss = 2.278184
[e137 s0500/1030] loss = 3.038905
[e137 s0550/1030] loss = 2.938484
[e137 s0600/1030] loss = 3.123223
[e137 s0650/1030] loss = 3.049054
[e137 s0700/1030] loss = 3.089529
[e137 s0750/1030] loss = 3.176563
[e137 s0800/1030] loss = 3.085261
[e137 s0850/1030] loss = 2.986114
[e137 s0900/1030] loss = 2.916503
[e137 s0950/1030] loss = 2.897818
[e137 s1000/1030] loss = 3.063278
Epoch 137: train_loss = 3.057431  MAE/GAME0 = 224.230  RMSE = 228.021  GAME1 = 229.602  GAME2 = 247.931  GAME3 = 268.009  lr = 4.16e-05  time = 9.6s
[e138 s0001/1030] loss = 0.886755
[e138 s0050/1030] loss = 1.725058
[e138 s0100/1030] loss = 1.889906
[e138 s0150/1030] loss = 2.164885
[e138 s0200/1030] loss = 2.297748
[e138 s0250/1030] loss = 2.279888
[e138 s0300/1030] loss = 2.828465
[e138 s0350/1030] loss = 2.690820
[e138 s0400/1030] loss = 2.653668
[e138 s0450/1030] loss = 3.071976
[e138 s0500/1030] loss = 2.981327
[e138 s0550/1030] loss = 2.977295
[e138 s0600/1030] loss = 3.171356
[e138 s0650/1030] loss = 3.110508
[e138 s0700/1030] loss = 2.984404
[e138 s0750/1030] loss = 3.003713
[e138 s0800/1030] loss = 2.933102
[e138 s0850/1030] loss = 2.885379
[e138 s0900/1030] loss = 3.219947
[e138 s0950/1030] loss = 3.152658
[e138 s1000/1030] loss = 3.107177
Epoch 138: train_loss = 3.078913  MAE/GAME0 = 197.879  RMSE = 202.262  GAME1 = 204.502  GAME2 = 224.907  GAME3 = 245.100  lr = 4.14e-05  time = 9.8s
[e139 s0001/1030] loss = 0.428566
[e139 s0050/1030] loss = 9.261068
[e139 s0100/1030] loss = 5.752921
[e139 s0150/1030] loss = 4.782257
[e139 s0200/1030] loss = 3.965591
[e139 s0250/1030] loss = 3.432052
[e139 s0300/1030] loss = 3.249301
[e139 s0350/1030] loss = 3.234458
[e139 s0400/1030] loss = 3.272116
[e139 s0450/1030] loss = 3.370060
[e139 s0500/1030] loss = 3.211554
[e139 s0550/1030] loss = 3.131113
[e139 s0600/1030] loss = 3.049103
[e139 s0650/1030] loss = 3.299256
[e139 s0700/1030] loss = 3.236387
[e139 s0750/1030] loss = 3.216280
[e139 s0800/1030] loss = 3.355767
[e139 s0850/1030] loss = 3.503326
[e139 s0900/1030] loss = 3.539973
[e139 s0950/1030] loss = 3.450845
[e139 s1000/1030] loss = 3.471624
Epoch 139: train_loss = 3.444945  MAE/GAME0 = 293.660  RMSE = 296.854  GAME1 = 297.882  GAME2 = 310.711  GAME3 = 329.958  lr = 4.12e-05  time = 9.6s
[e140 s0001/1030] loss = 0.826301
[e140 s0050/1030] loss = 1.432243
[e140 s0100/1030] loss = 1.862155
[e140 s0150/1030] loss = 2.279153
[e140 s0200/1030] loss = 2.157459
[e140 s0250/1030] loss = 2.017119
[e140 s0300/1030] loss = 2.389422
[e140 s0350/1030] loss = 2.459716
[e140 s0400/1030] loss = 2.487242
[e140 s0450/1030] loss = 2.388673
[e140 s0500/1030] loss = 2.522248
[e140 s0550/1030] loss = 2.418857
[e140 s0600/1030] loss = 2.437852
[e140 s0650/1030] loss = 2.409932
[e140 s0700/1030] loss = 2.317513
[e140 s0750/1030] loss = 2.450381
[e140 s0800/1030] loss = 2.783743
[e140 s0850/1030] loss = 2.774945
[e140 s0900/1030] loss = 2.715411
[e140 s0950/1030] loss = 2.744079
[e140 s1000/1030] loss = 2.735702
Epoch 140: train_loss = 2.764743  MAE/GAME0 = 232.812  RMSE = 236.465  GAME1 = 238.015  GAME2 = 255.782  GAME3 = 275.775  lr = 4.11e-05  time = 9.6s
[e141 s0001/1030] loss = 1.202611
[e141 s0050/1030] loss = 6.271400
[e141 s0100/1030] loss = 4.500695
[e141 s0150/1030] loss = 3.503619
[e141 s0200/1030] loss = 3.025513
[e141 s0250/1030] loss = 2.809791
[e141 s0300/1030] loss = 3.002871
[e141 s0350/1030] loss = 2.964490
[e141 s0400/1030] loss = 2.857390
[e141 s0450/1030] loss = 3.114972
[e141 s0500/1030] loss = 3.138110
[e141 s0550/1030] loss = 3.058143
[e141 s0600/1030] loss = 3.545799
[e141 s0650/1030] loss = 3.488723
[e141 s0700/1030] loss = 3.366905
[e141 s0750/1030] loss = 3.333055
[e141 s0800/1030] loss = 3.272380
[e141 s0850/1030] loss = 3.283856
[e141 s0900/1030] loss = 3.251252
[e141 s0950/1030] loss = 3.168633
[e141 s1000/1030] loss = 3.340925
Epoch 141: train_loss = 3.339215  MAE/GAME0 = 252.456  RMSE = 255.871  GAME1 = 257.160  GAME2 = 273.403  GAME3 = 293.256  lr = 4.09e-05  time = 9.6s
[e142 s0001/1030] loss = 0.626370
[e142 s0050/1030] loss = 6.838394
[e142 s0100/1030] loss = 7.563004
[e142 s0150/1030] loss = 5.553837
[e142 s0200/1030] loss = 6.449459
[e142 s0250/1030] loss = 5.753417
[e142 s0300/1030] loss = 5.400544
[e142 s0350/1030] loss = 4.843672
[e142 s0400/1030] loss = 4.581144
[e142 s0450/1030] loss = 4.217218
[e142 s0500/1030] loss = 3.978052
[e142 s0550/1030] loss = 3.783300
[e142 s0600/1030] loss = 3.653546
[e142 s0650/1030] loss = 3.482534
[e142 s0700/1030] loss = 3.365564
[e142 s0750/1030] loss = 3.348050
[e142 s0800/1030] loss = 3.299444
[e142 s0850/1030] loss = 3.235763
[e142 s0900/1030] loss = 3.226215
[e142 s0950/1030] loss = 3.174565
[e142 s1000/1030] loss = 3.283791
Epoch 142: train_loss = 3.230451  MAE/GAME0 = 226.001  RMSE = 229.762  GAME1 = 231.327  GAME2 = 249.396  GAME3 = 269.393  lr = 4.07e-05  time = 9.6s
[e143 s0001/1030] loss = 0.488921
[e143 s0050/1030] loss = 2.063775
[e143 s0100/1030] loss = 2.286866
[e143 s0150/1030] loss = 2.213462
[e143 s0200/1030] loss = 2.341812
[e143 s0250/1030] loss = 2.224154
[e143 s0300/1030] loss = 2.014007
[e143 s0350/1030] loss = 2.219482
[e143 s0400/1030] loss = 2.188168
[e143 s0450/1030] loss = 2.224559
[e143 s0500/1030] loss = 2.191274
[e143 s0550/1030] loss = 2.316273
[e143 s0600/1030] loss = 2.342075
[e143 s0650/1030] loss = 2.441894
[e143 s0700/1030] loss = 2.413067
[e143 s0750/1030] loss = 2.428396
[e143 s0800/1030] loss = 2.862272
[e143 s0850/1030] loss = 2.792373
[e143 s0900/1030] loss = 2.851538
[e143 s0950/1030] loss = 2.794510
[e143 s1000/1030] loss = 2.781108
Epoch 143: train_loss = 2.788920  MAE/GAME0 = 204.755  RMSE = 208.956  GAME1 = 210.811  GAME2 = 230.628  GAME3 = 250.865  lr = 4.06e-05  time = 9.6s
[e144 s0001/1030] loss = 0.433255
[e144 s0050/1030] loss = 1.348062
[e144 s0100/1030] loss = 1.423441
[e144 s0150/1030] loss = 1.724807
[e144 s0200/1030] loss = 1.818762
[e144 s0250/1030] loss = 2.042009
[e144 s0300/1030] loss = 2.196390
[e144 s0350/1030] loss = 2.322888
[e144 s0400/1030] loss = 2.430061
[e144 s0450/1030] loss = 2.912359
[e144 s0500/1030] loss = 3.307245
[e144 s0550/1030] loss = 3.426128
[e144 s0600/1030] loss = 3.373715
[e144 s0650/1030] loss = 3.350096
[e144 s0700/1030] loss = 3.258155
[e144 s0750/1030] loss = 3.258416
[e144 s0800/1030] loss = 3.206016
[e144 s0850/1030] loss = 3.320351
[e144 s0900/1030] loss = 3.252749
[e144 s0950/1030] loss = 3.211640
[e144 s1000/1030] loss = 3.207524
Epoch 144: train_loss = 3.172546  MAE/GAME0 = 211.248  RMSE = 215.296  GAME1 = 217.108  GAME2 = 236.284  GAME3 = 256.414  lr = 4.04e-05  time = 9.5s
[e145 s0001/1030] loss = 5.553947
[e145 s0050/1030] loss = 2.610650
[e145 s0100/1030] loss = 2.683024
[e145 s0150/1030] loss = 2.627396
[e145 s0200/1030] loss = 2.369674
[e145 s0250/1030] loss = 2.618219
[e145 s0300/1030] loss = 2.908547
[e145 s0350/1030] loss = 2.724660
[e145 s0400/1030] loss = 2.607589
[e145 s0450/1030] loss = 2.716401
[e145 s0500/1030] loss = 2.571289
[e145 s0550/1030] loss = 2.544243
[e145 s0600/1030] loss = 2.532405
[e145 s0650/1030] loss = 2.475057
[e145 s0700/1030] loss = 2.756152
[e145 s0750/1030] loss = 2.886231
[e145 s0800/1030] loss = 2.822203
[e145 s0850/1030] loss = 2.767936
[e145 s0900/1030] loss = 2.739810
[e145 s0950/1030] loss = 2.732247
[e145 s1000/1030] loss = 2.727412
Epoch 145: train_loss = 2.701606  MAE/GAME0 = 213.739  RMSE = 217.733  GAME1 = 219.677  GAME2 = 239.081  GAME3 = 259.265  lr = 4.02e-05  time = 9.5s
[e146 s0001/1030] loss = 14.060461
[e146 s0050/1030] loss = 2.843482
[e146 s0100/1030] loss = 2.356840
[e146 s0150/1030] loss = 2.229388
[e146 s0200/1030] loss = 2.192588
[e146 s0250/1030] loss = 2.027581
[e146 s0300/1030] loss = 2.207785
[e146 s0350/1030] loss = 2.415413
[e146 s0400/1030] loss = 2.811023
[e146 s0450/1030] loss = 2.819847
[e146 s0500/1030] loss = 2.777328
[e146 s0550/1030] loss = 2.911134
[e146 s0600/1030] loss = 2.915018
[e146 s0650/1030] loss = 2.805247
[e146 s0700/1030] loss = 2.729938
[e146 s0750/1030] loss = 2.702990
[e146 s0800/1030] loss = 2.664896
[e146 s0850/1030] loss = 3.005782
[e146 s0900/1030] loss = 3.170446
[e146 s0950/1030] loss = 3.245273
[e146 s1000/1030] loss = 3.277981
Epoch 146: train_loss = 3.291147  MAE/GAME0 = 241.640  RMSE = 245.173  GAME1 = 246.592  GAME2 = 263.508  GAME3 = 283.402  lr = 4.01e-05  time = 9.5s
[e147 s0001/1030] loss = 0.550228
[e147 s0050/1030] loss = 2.631035
[e147 s0100/1030] loss = 2.223851
[e147 s0150/1030] loss = 2.820935
[e147 s0200/1030] loss = 2.895627
[e147 s0250/1030] loss = 2.896664
[e147 s0300/1030] loss = 3.036955
[e147 s0350/1030] loss = 3.106034
[e147 s0400/1030] loss = 3.283008
[e147 s0450/1030] loss = 3.255856
[e147 s0500/1030] loss = 3.152809
[e147 s0550/1030] loss = 3.150293
[e147 s0600/1030] loss = 3.092946
[e147 s0650/1030] loss = 3.041286
[e147 s0700/1030] loss = 2.978019
[e147 s0750/1030] loss = 3.254540
[e147 s0800/1030] loss = 3.132701
[e147 s0850/1030] loss = 3.079067
[e147 s0900/1030] loss = 3.040339
[e147 s0950/1030] loss = 2.967196
[e147 s1000/1030] loss = 2.921534
Epoch 147: train_loss = 2.885128  MAE/GAME0 = 222.067  RMSE = 225.896  GAME1 = 227.539  GAME2 = 245.939  GAME3 = 265.994  lr = 3.99e-05  time = 9.5s
[e148 s0001/1030] loss = 0.450856
[e148 s0050/1030] loss = 1.825651
[e148 s0100/1030] loss = 1.979457
[e148 s0150/1030] loss = 1.906831
[e148 s0200/1030] loss = 2.623400
[e148 s0250/1030] loss = 2.823743
[e148 s0300/1030] loss = 2.730563
[e148 s0350/1030] loss = 2.807555
[e148 s0400/1030] loss = 3.265957
[e148 s0450/1030] loss = 3.131177
[e148 s0500/1030] loss = 3.188275
[e148 s0550/1030] loss = 3.133108
[e148 s0600/1030] loss = 3.172201
[e148 s0650/1030] loss = 3.040644
[e148 s0700/1030] loss = 3.023414
[e148 s0750/1030] loss = 3.634435
[e148 s0800/1030] loss = 3.562417
[e148 s0850/1030] loss = 3.517463
[e148 s0900/1030] loss = 3.604280
[e148 s0950/1030] loss = 3.570976
[e148 s1000/1030] loss = 3.491307
Epoch 148: train_loss = 3.443616  MAE/GAME0 = 193.174  RMSE = 197.694  GAME1 = 199.982  GAME2 = 220.627  GAME3 = 240.791  lr = 3.97e-05  time = 9.5s
[e149 s0001/1030] loss = 0.639940
[e149 s0050/1030] loss = 2.575079
[e149 s0100/1030] loss = 4.359406
[e149 s0150/1030] loss = 3.255417
[e149 s0200/1030] loss = 3.224874
[e149 s0250/1030] loss = 3.034169
[e149 s0300/1030] loss = 2.903399
[e149 s0350/1030] loss = 3.033984
[e149 s0400/1030] loss = 3.099291
[e149 s0450/1030] loss = 3.033605
[e149 s0500/1030] loss = 3.043009
[e149 s0550/1030] loss = 2.937677
[e149 s0600/1030] loss = 2.985005
[e149 s0650/1030] loss = 2.951972
[e149 s0700/1030] loss = 2.870519
[e149 s0750/1030] loss = 3.591098
[e149 s0800/1030] loss = 3.616610
[e149 s0850/1030] loss = 3.613161
[e149 s0900/1030] loss = 3.522986
[e149 s0950/1030] loss = 3.452619
[e149 s1000/1030] loss = 3.396579
Epoch 149: train_loss = 3.388898  MAE/GAME0 = 208.008  RMSE = 212.130  GAME1 = 214.147  GAME2 = 233.768  GAME3 = 253.919  lr = 3.95e-05  time = 9.5s
[e150 s0001/1030] loss = 25.770363
[e150 s0050/1030] loss = 4.147067
[e150 s0100/1030] loss = 3.592121
[e150 s0150/1030] loss = 3.787327
[e150 s0200/1030] loss = 3.337551
[e150 s0250/1030] loss = 2.988085
[e150 s0300/1030] loss = 2.917142
[e150 s0350/1030] loss = 2.784160
[e150 s0400/1030] loss = 2.832047
[e150 s0450/1030] loss = 2.846980
[e150 s0500/1030] loss = 3.415955
[e150 s0550/1030] loss = 3.354060
[e150 s0600/1030] loss = 3.448304
[e150 s0650/1030] loss = 3.339140
[e150 s0700/1030] loss = 3.252599
[e150 s0750/1030] loss = 3.456013
[e150 s0800/1030] loss = 3.342030
[e150 s0850/1030] loss = 3.298190
[e150 s0900/1030] loss = 3.434265
[e150 s0950/1030] loss = 3.443333
[e150 s1000/1030] loss = 3.383222
Epoch 150: train_loss = 3.326705  MAE/GAME0 = 203.564  RMSE = 207.795  GAME1 = 209.699  GAME2 = 229.261  GAME3 = 249.378  lr = 3.93e-05  time = 9.6s
[e151 s0001/1030] loss = 5.888277
[e151 s0050/1030] loss = 2.956473
[e151 s0100/1030] loss = 4.873282
[e151 s0150/1030] loss = 3.803429
[e151 s0200/1030] loss = 3.287634
[e151 s0250/1030] loss = 3.181775
[e151 s0300/1030] loss = 3.085915
[e151 s0350/1030] loss = 2.900552
[e151 s0400/1030] loss = 2.821569
[e151 s0450/1030] loss = 2.854393
[e151 s0500/1030] loss = 2.781550
[e151 s0550/1030] loss = 2.661410
[e151 s0600/1030] loss = 2.621455
[e151 s0650/1030] loss = 2.671274
[e151 s0700/1030] loss = 2.810403
[e151 s0750/1030] loss = 2.736284
[e151 s0800/1030] loss = 2.747940
[e151 s0850/1030] loss = 2.749626
[e151 s0900/1030] loss = 2.923020
[e151 s0950/1030] loss = 2.863066
[e151 s1000/1030] loss = 2.829533
Epoch 151: train_loss = 2.809253  MAE/GAME0 = 187.629  RMSE = 192.326  GAME1 = 194.788  GAME2 = 216.143  GAME3 = 236.378  lr = 3.92e-05  time = 9.6s
[e152 s0001/1030] loss = 3.951885
[e152 s0050/1030] loss = 3.024120
[e152 s0100/1030] loss = 2.754722
[e152 s0150/1030] loss = 2.368333
[e152 s0200/1030] loss = 2.488185
[e152 s0250/1030] loss = 2.431078
[e152 s0300/1030] loss = 2.365071
[e152 s0350/1030] loss = 2.398106
[e152 s0400/1030] loss = 2.290759
[e152 s0450/1030] loss = 2.419457
[e152 s0500/1030] loss = 2.445082
[e152 s0550/1030] loss = 2.381180
[e152 s0600/1030] loss = 2.375668
[e152 s0650/1030] loss = 2.370783
[e152 s0700/1030] loss = 2.318476
[e152 s0750/1030] loss = 2.388707
[e152 s0800/1030] loss = 2.491914
[e152 s0850/1030] loss = 2.687191
[e152 s0900/1030] loss = 2.725263
[e152 s0950/1030] loss = 2.740526
[e152 s1000/1030] loss = 2.687353
Epoch 152: train_loss = 2.679074  MAE/GAME0 = 213.593  RMSE = 217.590  GAME1 = 219.314  GAME2 = 238.211  GAME3 = 258.323  lr = 3.90e-05  time = 9.5s
[e153 s0001/1030] loss = 0.432510
[e153 s0050/1030] loss = 1.461760
[e153 s0100/1030] loss = 2.276886
[e153 s0150/1030] loss = 2.259586
[e153 s0200/1030] loss = 2.253775
[e153 s0250/1030] loss = 4.749633
[e153 s0300/1030] loss = 4.412889
[e153 s0350/1030] loss = 4.509264
[e153 s0400/1030] loss = 4.290019
[e153 s0450/1030] loss = 4.011323
[e153 s0500/1030] loss = 3.832101
[e153 s0550/1030] loss = 3.678436
[e153 s0600/1030] loss = 3.515282
[e153 s0650/1030] loss = 3.436739
[e153 s0700/1030] loss = 3.379675
[e153 s0750/1030] loss = 3.332903
[e153 s0800/1030] loss = 3.335174
[e153 s0850/1030] loss = 3.250406
[e153 s0900/1030] loss = 3.359567
[e153 s0950/1030] loss = 3.315490
[e153 s1000/1030] loss = 3.280368
Epoch 153: train_loss = 3.281509  MAE/GAME0 = 216.150  RMSE = 220.094  GAME1 = 221.865  GAME2 = 240.554  GAME3 = 260.600  lr = 3.88e-05  time = 9.5s
[e154 s0001/1030] loss = 0.579427
[e154 s0050/1030] loss = 1.377948
[e154 s0100/1030] loss = 1.688074
[e154 s0150/1030] loss = 2.455519
[e154 s0200/1030] loss = 2.261604
[e154 s0250/1030] loss = 2.164692
[e154 s0300/1030] loss = 2.387114
[e154 s0350/1030] loss = 2.309634
[e154 s0400/1030] loss = 2.352613
[e154 s0450/1030] loss = 2.923166
[e154 s0500/1030] loss = 2.843508
[e154 s0550/1030] loss = 2.813107
[e154 s0600/1030] loss = 2.864566
[e154 s0650/1030] loss = 3.576711
[e154 s0700/1030] loss = 3.490829
[e154 s0750/1030] loss = 3.397876
[e154 s0800/1030] loss = 3.312098
[e154 s0850/1030] loss = 3.354176
[e154 s0900/1030] loss = 3.362291
[e154 s0950/1030] loss = 3.280497
[e154 s1000/1030] loss = 3.258512
Epoch 154: train_loss = 3.233632  MAE/GAME0 = 221.692  RMSE = 225.529  GAME1 = 227.215  GAME2 = 245.728  GAME3 = 265.805  lr = 3.86e-05  time = 9.7s
[e155 s0001/1030] loss = 0.673514
[e155 s0050/1030] loss = 2.832256
[e155 s0100/1030] loss = 2.437238
[e155 s0150/1030] loss = 2.278638
[e155 s0200/1030] loss = 2.385739
[e155 s0250/1030] loss = 3.012035
[e155 s0300/1030] loss = 2.869254
[e155 s0350/1030] loss = 2.819129
[e155 s0400/1030] loss = 2.692356
[e155 s0450/1030] loss = 2.637330
[e155 s0500/1030] loss = 2.759828
[e155 s0550/1030] loss = 2.797980
[e155 s0600/1030] loss = 2.726362
[e155 s0650/1030] loss = 2.720185
[e155 s0700/1030] loss = 2.814678
[e155 s0750/1030] loss = 2.836574
[e155 s0800/1030] loss = 2.765251
[e155 s0850/1030] loss = 2.757721
[e155 s0900/1030] loss = 2.747911
[e155 s0950/1030] loss = 3.147101
[e155 s1000/1030] loss = 3.098752
Epoch 155: train_loss = 3.083708  MAE/GAME0 = 231.682  RMSE = 235.352  GAME1 = 236.830  GAME2 = 254.409  GAME3 = 274.345  lr = 3.84e-05  time = 9.5s
[e156 s0001/1030] loss = 0.834365
[e156 s0050/1030] loss = 2.603237
[e156 s0100/1030] loss = 2.715824
[e156 s0150/1030] loss = 2.598923
[e156 s0200/1030] loss = 2.374506
[e156 s0250/1030] loss = 2.417931
[e156 s0300/1030] loss = 2.368456
[e156 s0350/1030] loss = 2.336963
[e156 s0400/1030] loss = 2.363901
[e156 s0450/1030] loss = 2.293336
[e156 s0500/1030] loss = 2.304428
[e156 s0550/1030] loss = 2.287081
[e156 s0600/1030] loss = 2.346505
[e156 s0650/1030] loss = 2.290910
[e156 s0700/1030] loss = 2.252893
[e156 s0750/1030] loss = 2.251753
[e156 s0800/1030] loss = 2.245944
[e156 s0850/1030] loss = 2.268262
[e156 s0900/1030] loss = 2.691231
[e156 s0950/1030] loss = 2.678288
[e156 s1000/1030] loss = 2.730875
Epoch 156: train_loss = 2.699720  MAE/GAME0 = 221.997  RMSE = 225.828  GAME1 = 227.413  GAME2 = 245.814  GAME3 = 265.882  lr = 3.83e-05  time = 9.5s
[e157 s0001/1030] loss = 0.456494
[e157 s0050/1030] loss = 3.912089
[e157 s0100/1030] loss = 3.195503
[e157 s0150/1030] loss = 2.629688
[e157 s0200/1030] loss = 2.463817
[e157 s0250/1030] loss = 2.392195
[e157 s0300/1030] loss = 3.370085
[e157 s0350/1030] loss = 3.272546
[e157 s0400/1030] loss = 3.124860
[e157 s0450/1030] loss = 2.980689
[e157 s0500/1030] loss = 3.005069
[e157 s0550/1030] loss = 3.041465
[e157 s0600/1030] loss = 3.227674
[e157 s0650/1030] loss = 3.133564
[e157 s0700/1030] loss = 3.053969
[e157 s0750/1030] loss = 3.071161
[e157 s0800/1030] loss = 3.105760
[e157 s0850/1030] loss = 3.071800
[e157 s0900/1030] loss = 3.333111
[e157 s0950/1030] loss = 3.328771
[e157 s1000/1030] loss = 3.254694
Epoch 157: train_loss = 3.241092  MAE/GAME0 = 227.292  RMSE = 231.031  GAME1 = 232.446  GAME2 = 250.475  GAME3 = 270.550  lr = 3.81e-05  time = 9.7s
[e158 s0001/1030] loss = 1.024549
[e158 s0050/1030] loss = 2.101923
[e158 s0100/1030] loss = 2.129763
[e158 s0150/1030] loss = 1.981784
[e158 s0200/1030] loss = 2.274807
[e158 s0250/1030] loss = 2.214307
[e158 s0300/1030] loss = 2.569581
[e158 s0350/1030] loss = 2.780629
[e158 s0400/1030] loss = 3.083531
[e158 s0450/1030] loss = 2.958124
[e158 s0500/1030] loss = 3.136526
[e158 s0550/1030] loss = 3.065384
[e158 s0600/1030] loss = 3.353381
[e158 s0650/1030] loss = 3.377048
[e158 s0700/1030] loss = 3.323168
[e158 s0750/1030] loss = 3.211935
[e158 s0800/1030] loss = 3.294407
[e158 s0850/1030] loss = 3.284230
[e158 s0900/1030] loss = 3.251134
[e158 s0950/1030] loss = 3.227313
[e158 s1000/1030] loss = 3.147357
Epoch 158: train_loss = 3.076180  MAE/GAME0 = 119.698  RMSE = 127.196  GAME1 = 132.334  GAME2 = 158.398  GAME3 = 177.923  lr = 3.79e-05  time = 9.6s
[e159 s0001/1030] loss = 1.500148
[e159 s0050/1030] loss = 2.318919
[e159 s0100/1030] loss = 1.750094
[e159 s0150/1030] loss = 2.067974
[e159 s0200/1030] loss = 2.269858
[e159 s0250/1030] loss = 2.260095
[e159 s0300/1030] loss = 2.495082
[e159 s0350/1030] loss = 2.609209
[e159 s0400/1030] loss = 2.583785
[e159 s0450/1030] loss = 2.457318
[e159 s0500/1030] loss = 2.635769
[e159 s0550/1030] loss = 2.947228
[e159 s0600/1030] loss = 2.930178
[e159 s0650/1030] loss = 2.927453
[e159 s0700/1030] loss = 2.878431
[e159 s0750/1030] loss = 2.844890
[e159 s0800/1030] loss = 2.774507
[e159 s0850/1030] loss = 2.811185
[e159 s0900/1030] loss = 2.745126
[e159 s0950/1030] loss = 2.700750
[e159 s1000/1030] loss = 2.883629
Epoch 159: train_loss = 2.834008  MAE/GAME0 = 191.457  RMSE = 196.030  GAME1 = 198.508  GAME2 = 219.444  GAME3 = 239.598  lr = 3.77e-05  time = 9.5s
[e160 s0001/1030] loss = 0.347912
[e160 s0050/1030] loss = 2.368827
[e160 s0100/1030] loss = 2.874934
[e160 s0150/1030] loss = 2.775555
[e160 s0200/1030] loss = 2.691110
[e160 s0250/1030] loss = 3.811774
[e160 s0300/1030] loss = 3.543483
[e160 s0350/1030] loss = 3.372431
[e160 s0400/1030] loss = 3.214257
[e160 s0450/1030] loss = 3.146105
[e160 s0500/1030] loss = 3.078945
[e160 s0550/1030] loss = 3.220290
[e160 s0600/1030] loss = 3.120416
[e160 s0650/1030] loss = 3.113916
[e160 s0700/1030] loss = 3.055288
[e160 s0750/1030] loss = 2.982930
[e160 s0800/1030] loss = 2.961258
[e160 s0850/1030] loss = 2.926794
[e160 s0900/1030] loss = 2.884911
[e160 s0950/1030] loss = 2.810661
[e160 s1000/1030] loss = 2.836675
Epoch 160: train_loss = 2.799000  MAE/GAME0 = 213.222  RMSE = 217.227  GAME1 = 219.221  GAME2 = 238.483  GAME3 = 258.599  lr = 3.75e-05  time = 9.5s
[e161 s0001/1030] loss = 1.710190
[e161 s0050/1030] loss = 2.768985
[e161 s0100/1030] loss = 2.158699
[e161 s0150/1030] loss = 2.434042
[e161 s0200/1030] loss = 2.579104
[e161 s0250/1030] loss = 2.588219
[e161 s0300/1030] loss = 3.940574
[e161 s0350/1030] loss = 3.691580
[e161 s0400/1030] loss = 3.554765
[e161 s0450/1030] loss = 3.616857
[e161 s0500/1030] loss = 3.406934
[e161 s0550/1030] loss = 3.374040
[e161 s0600/1030] loss = 3.488297
[e161 s0650/1030] loss = 3.356141
[e161 s0700/1030] loss = 3.333071
[e161 s0750/1030] loss = 3.369143
[e161 s0800/1030] loss = 3.291521
[e161 s0850/1030] loss = 3.237585
[e161 s0900/1030] loss = 3.227817
[e161 s0950/1030] loss = 3.163642
[e161 s1000/1030] loss = 3.135551
Epoch 161: train_loss = 3.131526  MAE/GAME0 = 220.775  RMSE = 224.628  GAME1 = 226.337  GAME2 = 244.962  GAME3 = 265.059  lr = 3.73e-05  time = 9.9s
[e162 s0001/1030] loss = 0.495884
[e162 s0050/1030] loss = 3.151306
[e162 s0100/1030] loss = 7.083389
[e162 s0150/1030] loss = 5.599880
[e162 s0200/1030] loss = 4.705999
[e162 s0250/1030] loss = 4.399729
[e162 s0300/1030] loss = 3.948669
[e162 s0350/1030] loss = 3.756320
[e162 s0400/1030] loss = 3.447606
[e162 s0450/1030] loss = 3.292350
[e162 s0500/1030] loss = 3.135087
[e162 s0550/1030] loss = 3.030722
[e162 s0600/1030] loss = 3.021267
[e162 s0650/1030] loss = 2.996428
[e162 s0700/1030] loss = 2.892129
[e162 s0750/1030] loss = 2.863276
[e162 s0800/1030] loss = 2.793034
[e162 s0850/1030] loss = 2.791526
[e162 s0900/1030] loss = 3.015409
[e162 s0950/1030] loss = 2.965391
[e162 s1000/1030] loss = 2.936774
Epoch 162: train_loss = 2.901529  MAE/GAME0 = 184.763  RMSE = 189.557  GAME1 = 192.023  GAME2 = 213.428  GAME3 = 233.630  lr = 3.71e-05  time = 9.5s
[e163 s0001/1030] loss = 4.429835
[e163 s0050/1030] loss = 3.434993
[e163 s0100/1030] loss = 2.641502
[e163 s0150/1030] loss = 2.845509
[e163 s0200/1030] loss = 3.449764
[e163 s0250/1030] loss = 3.079882
[e163 s0300/1030] loss = 3.096798
[e163 s0350/1030] loss = 2.837864
[e163 s0400/1030] loss = 2.954533
[e163 s0450/1030] loss = 3.496697
[e163 s0500/1030] loss = 3.482674
[e163 s0550/1030] loss = 3.420065
[e163 s0600/1030] loss = 3.325770
[e163 s0650/1030] loss = 3.576715
[e163 s0700/1030] loss = 3.456084
[e163 s0750/1030] loss = 3.413967
[e163 s0800/1030] loss = 3.680697
[e163 s0850/1030] loss = 3.617450
[e163 s0900/1030] loss = 3.536323
[e163 s0950/1030] loss = 3.462020
[e163 s1000/1030] loss = 3.361236
Epoch 163: train_loss = 3.359144  MAE/GAME0 = 194.496  RMSE = 198.976  GAME1 = 201.133  GAME2 = 221.145  GAME3 = 241.223  lr = 3.69e-05  time = 9.6s
[e164 s0001/1030] loss = 1.022311
[e164 s0050/1030] loss = 1.504860
[e164 s0100/1030] loss = 1.677812
[e164 s0150/1030] loss = 1.803009
[e164 s0200/1030] loss = 2.018066
[e164 s0250/1030] loss = 2.066432
[e164 s0300/1030] loss = 2.222998
[e164 s0350/1030] loss = 2.357109
[e164 s0400/1030] loss = 2.236142
[e164 s0450/1030] loss = 2.773044
[e164 s0500/1030] loss = 2.728288
[e164 s0550/1030] loss = 2.734321
[e164 s0600/1030] loss = 2.670528
[e164 s0650/1030] loss = 2.610934
[e164 s0700/1030] loss = 2.649810
[e164 s0750/1030] loss = 2.583963
[e164 s0800/1030] loss = 2.625211
[e164 s0850/1030] loss = 3.057082
[e164 s0900/1030] loss = 2.987458
[e164 s0950/1030] loss = 2.978989
[e164 s1000/1030] loss = 3.079786
Epoch 164: train_loss = 3.062373  MAE/GAME0 = 206.990  RMSE = 211.136  GAME1 = 213.012  GAME2 = 232.408  GAME3 = 252.540  lr = 3.67e-05  time = 9.6s
[e165 s0001/1030] loss = 1.224696
[e165 s0050/1030] loss = 3.532443
[e165 s0100/1030] loss = 3.017631
[e165 s0150/1030] loss = 3.058194
[e165 s0200/1030] loss = 3.268439
[e165 s0250/1030] loss = 2.960247
[e165 s0300/1030] loss = 3.176141
[e165 s0350/1030] loss = 3.185528
[e165 s0400/1030] loss = 3.141266
[e165 s0450/1030] loss = 3.091167
[e165 s0500/1030] loss = 3.603623
[e165 s0550/1030] loss = 3.585295
[e165 s0600/1030] loss = 3.455896
[e165 s0650/1030] loss = 3.485521
[e165 s0700/1030] loss = 3.383718
[e165 s0750/1030] loss = 3.347957
[e165 s0800/1030] loss = 3.266284
[e165 s0850/1030] loss = 3.216928
[e165 s0900/1030] loss = 3.256837
[e165 s0950/1030] loss = 3.220073
[e165 s1000/1030] loss = 3.228683
Epoch 165: train_loss = 3.201339  MAE/GAME0 = 251.817  RMSE = 255.238  GAME1 = 256.470  GAME2 = 272.765  GAME3 = 292.670  lr = 3.66e-05  time = 9.5s
[e166 s0001/1030] loss = 0.569681
[e166 s0050/1030] loss = 5.706753
[e166 s0100/1030] loss = 3.809045
[e166 s0150/1030] loss = 3.193471
[e166 s0200/1030] loss = 3.297085
[e166 s0250/1030] loss = 3.202836
[e166 s0300/1030] loss = 3.183016
[e166 s0350/1030] loss = 3.435912
[e166 s0400/1030] loss = 3.349841
[e166 s0450/1030] loss = 3.299200
[e166 s0500/1030] loss = 3.207844
[e166 s0550/1030] loss = 3.130414
[e166 s0600/1030] loss = 3.229429
[e166 s0650/1030] loss = 3.161792
[e166 s0700/1030] loss = 3.105144
[e166 s0750/1030] loss = 3.046568
[e166 s0800/1030] loss = 3.225597
[e166 s0850/1030] loss = 3.161196
[e166 s0900/1030] loss = 3.110607
[e166 s0950/1030] loss = 3.025537
[e166 s1000/1030] loss = 2.981847
Epoch 166: train_loss = 2.946684  MAE/GAME0 = 214.654  RMSE = 218.628  GAME1 = 220.388  GAME2 = 239.222  GAME3 = 259.309  lr = 3.64e-05  time = 9.7s
[e167 s0001/1030] loss = 2.881311
[e167 s0050/1030] loss = 2.581942
[e167 s0100/1030] loss = 2.346310
[e167 s0150/1030] loss = 2.131508
[e167 s0200/1030] loss = 2.794895
[e167 s0250/1030] loss = 2.788509
[e167 s0300/1030] loss = 2.826798
[e167 s0350/1030] loss = 2.678367
[e167 s0400/1030] loss = 2.914241
[e167 s0450/1030] loss = 2.824523
[e167 s0500/1030] loss = 2.807638
[e167 s0550/1030] loss = 3.287903
[e167 s0600/1030] loss = 3.262597
[e167 s0650/1030] loss = 3.110420
[e167 s0700/1030] loss = 3.027845
[e167 s0750/1030] loss = 2.928409
[e167 s0800/1030] loss = 2.947272
[e167 s0850/1030] loss = 2.938596
[e167 s0900/1030] loss = 2.822242
[e167 s0950/1030] loss = 2.918678
[e167 s1000/1030] loss = 2.983460
Epoch 167: train_loss = 2.948471  MAE/GAME0 = 228.623  RMSE = 232.340  GAME1 = 233.828  GAME2 = 251.830  GAME3 = 271.891  lr = 3.62e-05  time = 9.7s
[e168 s0001/1030] loss = 3.829096
[e168 s0050/1030] loss = 1.727987
[e168 s0100/1030] loss = 2.102583
[e168 s0150/1030] loss = 2.797778
[e168 s0200/1030] loss = 3.696967
[e168 s0250/1030] loss = 3.409357
[e168 s0300/1030] loss = 3.239239
[e168 s0350/1030] loss = 3.113175
[e168 s0400/1030] loss = 3.032610
[e168 s0450/1030] loss = 3.227002
[e168 s0500/1030] loss = 3.629372
[e168 s0550/1030] loss = 3.450714
[e168 s0600/1030] loss = 3.318333
[e168 s0650/1030] loss = 3.257608
[e168 s0700/1030] loss = 3.130525
[e168 s0750/1030] loss = 3.032998
[e168 s0800/1030] loss = 2.947549
[e168 s0850/1030] loss = 2.905788
[e168 s0900/1030] loss = 2.848037
[e168 s0950/1030] loss = 2.940579
[e168 s1000/1030] loss = 2.918699
Epoch 168: train_loss = 2.890205  MAE/GAME0 = 218.246  RMSE = 222.148  GAME1 = 224.044  GAME2 = 242.541  GAME3 = 262.477  lr = 3.60e-05  time = 9.5s
[e169 s0001/1030] loss = 0.510708
[e169 s0050/1030] loss = 2.496787
[e169 s0100/1030] loss = 2.709382
[e169 s0150/1030] loss = 3.315045
[e169 s0200/1030] loss = 3.039759
[e169 s0250/1030] loss = 2.815491
[e169 s0300/1030] loss = 3.049683
[e169 s0350/1030] loss = 3.025997
[e169 s0400/1030] loss = 3.519120
[e169 s0450/1030] loss = 3.310567
[e169 s0500/1030] loss = 3.111421
[e169 s0550/1030] loss = 3.711010
[e169 s0600/1030] loss = 3.556533
[e169 s0650/1030] loss = 3.421120
[e169 s0700/1030] loss = 3.457132
[e169 s0750/1030] loss = 3.490132
[e169 s0800/1030] loss = 3.373864
[e169 s0850/1030] loss = 3.293651
[e169 s0900/1030] loss = 3.201457
[e169 s0950/1030] loss = 3.145351
[e169 s1000/1030] loss = 3.156188
Epoch 169: train_loss = 3.146228  MAE/GAME0 = 209.638  RMSE = 213.722  GAME1 = 215.760  GAME2 = 235.391  GAME3 = 255.566  lr = 3.58e-05  time = 9.6s
[e170 s0001/1030] loss = 0.464035
[e170 s0050/1030] loss = 3.328882
[e170 s0100/1030] loss = 2.847243
[e170 s0150/1030] loss = 2.409418
[e170 s0200/1030] loss = 3.283120
[e170 s0250/1030] loss = 3.055189
[e170 s0300/1030] loss = 3.004573
[e170 s0350/1030] loss = 2.884102
[e170 s0400/1030] loss = 2.780580
[e170 s0450/1030] loss = 2.981674
[e170 s0500/1030] loss = 2.896854
[e170 s0550/1030] loss = 3.232679
[e170 s0600/1030] loss = 3.133596
[e170 s0650/1030] loss = 3.084364
[e170 s0700/1030] loss = 3.067758
[e170 s0750/1030] loss = 2.976721
[e170 s0800/1030] loss = 3.176580
[e170 s0850/1030] loss = 3.099188
[e170 s0900/1030] loss = 3.270398
[e170 s0950/1030] loss = 3.170638
[e170 s1000/1030] loss = 3.095045
Epoch 170: train_loss = 3.116601  MAE/GAME0 = 232.029  RMSE = 235.693  GAME1 = 237.254  GAME2 = 254.952  GAME3 = 274.902  lr = 3.56e-05  time = 9.6s
[e171 s0001/1030] loss = 1.096295
[e171 s0050/1030] loss = 2.544916
[e171 s0100/1030] loss = 2.425760
[e171 s0150/1030] loss = 2.484680
[e171 s0200/1030] loss = 2.537449
[e171 s0250/1030] loss = 2.321783
[e171 s0300/1030] loss = 2.400840
[e171 s0350/1030] loss = 2.460861
[e171 s0400/1030] loss = 2.549779
[e171 s0450/1030] loss = 2.436190
[e171 s0500/1030] loss = 2.743305
[e171 s0550/1030] loss = 3.251522
[e171 s0600/1030] loss = 3.120502
[e171 s0650/1030] loss = 3.115918
[e171 s0700/1030] loss = 3.087923
[e171 s0750/1030] loss = 3.005475
[e171 s0800/1030] loss = 2.938800
[e171 s0850/1030] loss = 2.884520
[e171 s0900/1030] loss = 2.811992
[e171 s0950/1030] loss = 2.853656
[e171 s1000/1030] loss = 2.803354
Epoch 171: train_loss = 2.806178  MAE/GAME0 = 205.562  RMSE = 209.743  GAME1 = 211.713  GAME2 = 231.325  GAME3 = 251.465  lr = 3.54e-05  time = 9.6s
[e172 s0001/1030] loss = 1.414520
[e172 s0050/1030] loss = 2.257102
[e172 s0100/1030] loss = 4.528359
[e172 s0150/1030] loss = 3.988926
[e172 s0200/1030] loss = 3.916744
[e172 s0250/1030] loss = 3.441570
[e172 s0300/1030] loss = 3.356892
[e172 s0350/1030] loss = 3.204623
[e172 s0400/1030] loss = 3.007123
[e172 s0450/1030] loss = 2.892238
[e172 s0500/1030] loss = 2.754749
[e172 s0550/1030] loss = 2.808212
[e172 s0600/1030] loss = 2.883639
[e172 s0650/1030] loss = 2.795759
[e172 s0700/1030] loss = 2.758646
[e172 s0750/1030] loss = 2.710431
[e172 s0800/1030] loss = 2.683937
[e172 s0850/1030] loss = 2.638192
[e172 s0900/1030] loss = 3.113427
[e172 s0950/1030] loss = 3.117479
[e172 s1000/1030] loss = 3.051193
Epoch 172: train_loss = 3.037058  MAE/GAME0 = 201.785  RMSE = 206.062  GAME1 = 208.226  GAME2 = 228.482  GAME3 = 248.716  lr = 3.52e-05  time = 9.6s
[e173 s0001/1030] loss = 0.558931
[e173 s0050/1030] loss = 2.789501
[e173 s0100/1030] loss = 2.496627
[e173 s0150/1030] loss = 2.845839
[e173 s0200/1030] loss = 2.542622
[e173 s0250/1030] loss = 4.303966
[e173 s0300/1030] loss = 4.317232
[e173 s0350/1030] loss = 4.009937
[e173 s0400/1030] loss = 3.896397
[e173 s0450/1030] loss = 3.916163
[e173 s0500/1030] loss = 3.703515
[e173 s0550/1030] loss = 3.619912
[e173 s0600/1030] loss = 3.553831
[e173 s0650/1030] loss = 3.474622
[e173 s0700/1030] loss = 3.448111
[e173 s0750/1030] loss = 3.731392
[e173 s0800/1030] loss = 3.721519
[e173 s0850/1030] loss = 3.649742
[e173 s0900/1030] loss = 3.791885
[e173 s0950/1030] loss = 3.701064
[e173 s1000/1030] loss = 3.596175
Epoch 173: train_loss = 3.518358  MAE/GAME0 = 194.783  RMSE = 199.255  GAME1 = 201.427  GAME2 = 221.684  GAME3 = 241.826  lr = 3.50e-05  time = 9.6s
[e174 s0001/1030] loss = 0.393969
[e174 s0050/1030] loss = 2.731930
[e174 s0100/1030] loss = 2.824546
[e174 s0150/1030] loss = 2.793362
[e174 s0200/1030] loss = 2.913151
[e174 s0250/1030] loss = 3.211853
[e174 s0300/1030] loss = 3.018704
[e174 s0350/1030] loss = 2.897552
[e174 s0400/1030] loss = 2.937623
[e174 s0450/1030] loss = 2.912778
[e174 s0500/1030] loss = 3.619685
[e174 s0550/1030] loss = 3.481377
[e174 s0600/1030] loss = 3.403650
[e174 s0650/1030] loss = 3.726765
[e174 s0700/1030] loss = 3.746687
[e174 s0750/1030] loss = 3.775565
[e174 s0800/1030] loss = 3.804180
[e174 s0850/1030] loss = 3.847670
[e174 s0900/1030] loss = 3.730627
[e174 s0950/1030] loss = 3.633622
[e174 s1000/1030] loss = 3.527702
Epoch 174: train_loss = 3.570646  MAE/GAME0 = 210.124  RMSE = 214.198  GAME1 = 216.114  GAME2 = 235.755  GAME3 = 255.985  lr = 3.48e-05  time = 9.6s
[e175 s0001/1030] loss = 2.034088
[e175 s0050/1030] loss = 6.383143
[e175 s0100/1030] loss = 4.299377
[e175 s0150/1030] loss = 3.636189
[e175 s0200/1030] loss = 3.163504
[e175 s0250/1030] loss = 3.010056
[e175 s0300/1030] loss = 2.894229
[e175 s0350/1030] loss = 2.844143
[e175 s0400/1030] loss = 2.777731
[e175 s0450/1030] loss = 3.037906
[e175 s0500/1030] loss = 2.919268
[e175 s0550/1030] loss = 2.843882
[e175 s0600/1030] loss = 2.850159
[e175 s0650/1030] loss = 2.797275
[e175 s0700/1030] loss = 2.784641
[e175 s0750/1030] loss = 2.717013
[e175 s0800/1030] loss = 2.708417
[e175 s0850/1030] loss = 2.779820
[e175 s0900/1030] loss = 2.739503
[e175 s0950/1030] loss = 2.752616
[e175 s1000/1030] loss = 2.765905
Epoch 175: train_loss = 2.777334  MAE/GAME0 = 255.116  RMSE = 258.507  GAME1 = 259.809  GAME2 = 275.960  GAME3 = 295.807  lr = 3.46e-05  time = 9.6s
[e176 s0001/1030] loss = 0.561331
[e176 s0050/1030] loss = 6.061868
[e176 s0100/1030] loss = 4.921339
[e176 s0150/1030] loss = 4.215927
[e176 s0200/1030] loss = 3.622843
[e176 s0250/1030] loss = 3.259221
[e176 s0300/1030] loss = 3.063980
[e176 s0350/1030] loss = 2.847032
[e176 s0400/1030] loss = 2.828630
[e176 s0450/1030] loss = 2.951553
[e176 s0500/1030] loss = 2.867906
[e176 s0550/1030] loss = 2.905233
[e176 s0600/1030] loss = 2.816811
[e176 s0650/1030] loss = 2.985337
[e176 s0700/1030] loss = 2.952060
[e176 s0750/1030] loss = 3.072270
[e176 s0800/1030] loss = 3.000007
[e176 s0850/1030] loss = 3.139767
[e176 s0900/1030] loss = 3.191567
[e176 s0950/1030] loss = 3.151738
[e176 s1000/1030] loss = 3.183658
Epoch 176: train_loss = 3.191283  MAE/GAME0 = 223.600  RMSE = 227.402  GAME1 = 229.268  GAME2 = 248.065  GAME3 = 268.203  lr = 3.44e-05  time = 9.6s
[e177 s0001/1030] loss = 0.542226
[e177 s0050/1030] loss = 6.573265
[e177 s0100/1030] loss = 4.524547
[e177 s0150/1030] loss = 3.699199
[e177 s0200/1030] loss = 3.313869
[e177 s0250/1030] loss = 3.022849
[e177 s0300/1030] loss = 3.204075
[e177 s0350/1030] loss = 3.264906
[e177 s0400/1030] loss = 3.264300
[e177 s0450/1030] loss = 3.098378
[e177 s0500/1030] loss = 3.066051
[e177 s0550/1030] loss = 3.007387
[e177 s0600/1030] loss = 2.932972
[e177 s0650/1030] loss = 2.841625
[e177 s0700/1030] loss = 2.838448
[e177 s0750/1030] loss = 2.805868
[e177 s0800/1030] loss = 3.428321
[e177 s0850/1030] loss = 3.583527
[e177 s0900/1030] loss = 3.570112
[e177 s0950/1030] loss = 3.491513
[e177 s1000/1030] loss = 3.394136
Epoch 177: train_loss = 3.356844  MAE/GAME0 = 189.544  RMSE = 194.177  GAME1 = 196.534  GAME2 = 217.598  GAME3 = 237.811  lr = 3.42e-05  time = 9.5s
[e178 s0001/1030] loss = 0.404469
[e178 s0050/1030] loss = 2.998564
[e178 s0100/1030] loss = 3.437229
[e178 s0150/1030] loss = 2.846675
[e178 s0200/1030] loss = 2.753072
[e178 s0250/1030] loss = 2.760666
[e178 s0300/1030] loss = 2.802393
[e178 s0350/1030] loss = 2.644861
[e178 s0400/1030] loss = 2.484166
[e178 s0450/1030] loss = 2.552357
[e178 s0500/1030] loss = 3.217810
[e178 s0550/1030] loss = 3.121842
[e178 s0600/1030] loss = 3.435766
[e178 s0650/1030] loss = 3.327555
[e178 s0700/1030] loss = 3.192294
[e178 s0750/1030] loss = 3.387520
[e178 s0800/1030] loss = 3.625583
[e178 s0850/1030] loss = 3.620847
[e178 s0900/1030] loss = 3.519286
[e178 s0950/1030] loss = 3.587068
[e178 s1000/1030] loss = 3.540341
Epoch 178: train_loss = 3.510242  MAE/GAME0 = 227.389  RMSE = 231.127  GAME1 = 232.792  GAME2 = 251.104  GAME3 = 271.179  lr = 3.40e-05  time = 9.6s
[e179 s0001/1030] loss = 4.622428
[e179 s0050/1030] loss = 1.775545
[e179 s0100/1030] loss = 4.080083
[e179 s0150/1030] loss = 4.434918
[e179 s0200/1030] loss = 3.652704
[e179 s0250/1030] loss = 3.365185
[e179 s0300/1030] loss = 4.155705
[e179 s0350/1030] loss = 4.221190
[e179 s0400/1030] loss = 3.881331
[e179 s0450/1030] loss = 3.737894
[e179 s0500/1030] loss = 3.729959
[e179 s0550/1030] loss = 3.622865
[e179 s0600/1030] loss = 3.500295
[e179 s0650/1030] loss = 3.570393
[e179 s0700/1030] loss = 3.468127
[e179 s0750/1030] loss = 3.412011
[e179 s0800/1030] loss = 3.400735
[e179 s0850/1030] loss = 3.306399
[e179 s0900/1030] loss = 3.320619
[e179 s0950/1030] loss = 3.257958
[e179 s1000/1030] loss = 3.198599
Epoch 179: train_loss = 3.179324  MAE/GAME0 = 222.241  RMSE = 226.068  GAME1 = 227.659  GAME2 = 246.148  GAME3 = 266.254  lr = 3.38e-05  time = 9.6s
[e180 s0001/1030] loss = 12.603764
[e180 s0050/1030] loss = 2.701584
[e180 s0100/1030] loss = 2.073252
[e180 s0150/1030] loss = 2.884660
[e180 s0200/1030] loss = 2.672668
[e180 s0250/1030] loss = 2.650190
[e180 s0300/1030] loss = 2.852851
[e180 s0350/1030] loss = 2.907408
[e180 s0400/1030] loss = 3.015372
[e180 s0450/1030] loss = 2.877756
[e180 s0500/1030] loss = 2.779882
[e180 s0550/1030] loss = 2.808742
[e180 s0600/1030] loss = 2.801042
[e180 s0650/1030] loss = 3.049197
[e180 s0700/1030] loss = 3.115670
[e180 s0750/1030] loss = 3.001231
[e180 s0800/1030] loss = 2.925917
[e180 s0850/1030] loss = 3.007456
[e180 s0900/1030] loss = 2.919913
[e180 s0950/1030] loss = 2.844523
[e180 s1000/1030] loss = 2.877303
Epoch 180: train_loss = 2.897804  MAE/GAME0 = 235.275  RMSE = 238.893  GAME1 = 240.347  GAME2 = 257.828  GAME3 = 277.802  lr = 3.36e-05  time = 9.5s
[e181 s0001/1030] loss = 1.822680
[e181 s0050/1030] loss = 3.842168
[e181 s0100/1030] loss = 2.655827
[e181 s0150/1030] loss = 2.489559
[e181 s0200/1030] loss = 3.451295
[e181 s0250/1030] loss = 3.143792
[e181 s0300/1030] loss = 3.008900
[e181 s0350/1030] loss = 2.832374
[e181 s0400/1030] loss = 2.751228
[e181 s0450/1030] loss = 2.682749
[e181 s0500/1030] loss = 2.655326
[e181 s0550/1030] loss = 2.667709
[e181 s0600/1030] loss = 2.614314
[e181 s0650/1030] loss = 2.685820
[e181 s0700/1030] loss = 2.640602
[e181 s0750/1030] loss = 2.828644
[e181 s0800/1030] loss = 2.735956
[e181 s0850/1030] loss = 2.727063
[e181 s0900/1030] loss = 2.869644
[e181 s0950/1030] loss = 2.864431
[e181 s1000/1030] loss = 2.925537
Epoch 181: train_loss = 2.896588  MAE/GAME0 = 217.704  RMSE = 221.617  GAME1 = 223.467  GAME2 = 242.486  GAME3 = 262.631  lr = 3.34e-05  time = 9.7s
[e182 s0001/1030] loss = 0.908785
[e182 s0050/1030] loss = 7.385260
[e182 s0100/1030] loss = 5.082716
[e182 s0150/1030] loss = 4.124600
[e182 s0200/1030] loss = 3.623000
[e182 s0250/1030] loss = 3.316866
[e182 s0300/1030] loss = 3.218211
[e182 s0350/1030] loss = 3.475209
[e182 s0400/1030] loss = 3.266447
[e182 s0450/1030] loss = 3.536962
[e182 s0500/1030] loss = 3.375586
[e182 s0550/1030] loss = 3.292337
[e182 s0600/1030] loss = 3.216515
[e182 s0650/1030] loss = 3.087794
[e182 s0700/1030] loss = 3.222331
[e182 s0750/1030] loss = 3.087575
[e182 s0800/1030] loss = 3.067584
[e182 s0850/1030] loss = 3.073603
[e182 s0900/1030] loss = 3.062608
[e182 s0950/1030] loss = 3.081070
[e182 s1000/1030] loss = 3.080545
Epoch 182: train_loss = 3.037474  MAE/GAME0 = 226.884  RMSE = 230.630  GAME1 = 232.176  GAME2 = 250.087  GAME3 = 270.053  lr = 3.32e-05  time = 9.5s
[e183 s0001/1030] loss = 0.743384
[e183 s0050/1030] loss = 1.920608
[e183 s0100/1030] loss = 2.090536
[e183 s0150/1030] loss = 2.358593
[e183 s0200/1030] loss = 2.424320
[e183 s0250/1030] loss = 3.542529
[e183 s0300/1030] loss = 3.397184
[e183 s0350/1030] loss = 3.577030
[e183 s0400/1030] loss = 3.319974
[e183 s0450/1030] loss = 3.152673
[e183 s0500/1030] loss = 3.020833
[e183 s0550/1030] loss = 2.898381
[e183 s0600/1030] loss = 2.845981
[e183 s0650/1030] loss = 2.874883
[e183 s0700/1030] loss = 2.780560
[e183 s0750/1030] loss = 2.765093
[e183 s0800/1030] loss = 2.721874
[e183 s0850/1030] loss = 2.660722
[e183 s0900/1030] loss = 2.630331
[e183 s0950/1030] loss = 2.694114
[e183 s1000/1030] loss = 2.670346
Epoch 183: train_loss = 2.648332  MAE/GAME0 = 176.908  RMSE = 181.995  GAME1 = 184.501  GAME2 = 206.380  GAME3 = 226.600  lr = 3.29e-05  time = 9.5s
[e184 s0001/1030] loss = 2.968472
[e184 s0050/1030] loss = 1.350527
[e184 s0100/1030] loss = 3.045584
[e184 s0150/1030] loss = 2.672980
[e184 s0200/1030] loss = 2.564507
[e184 s0250/1030] loss = 2.506979
[e184 s0300/1030] loss = 2.744340
[e184 s0350/1030] loss = 2.628834
[e184 s0400/1030] loss = 3.192360
[e184 s0450/1030] loss = 3.121632
[e184 s0500/1030] loss = 3.050387
[e184 s0550/1030] loss = 2.978668
[e184 s0600/1030] loss = 2.963333
[e184 s0650/1030] loss = 2.894231
[e184 s0700/1030] loss = 2.845333
[e184 s0750/1030] loss = 2.839381
[e184 s0800/1030] loss = 2.840627
[e184 s0850/1030] loss = 2.891505
[e184 s0900/1030] loss = 2.852765
[e184 s0950/1030] loss = 2.826209
[e184 s1000/1030] loss = 2.852259
Epoch 184: train_loss = 2.800253  MAE/GAME0 = 196.573  RMSE = 200.993  GAME1 = 203.062  GAME2 = 223.685  GAME3 = 243.991  lr = 3.27e-05  time = 9.6s
[e185 s0001/1030] loss = 1.907934
[e185 s0050/1030] loss = 2.975637
[e185 s0100/1030] loss = 2.376604
[e185 s0150/1030] loss = 2.816302
[e185 s0200/1030] loss = 2.642693
[e185 s0250/1030] loss = 2.568198
[e185 s0300/1030] loss = 2.730114
[e185 s0350/1030] loss = 2.812876
[e185 s0400/1030] loss = 2.836277
[e185 s0450/1030] loss = 3.040796
[e185 s0500/1030] loss = 2.913991
[e185 s0550/1030] loss = 2.830112
[e185 s0600/1030] loss = 3.088697
[e185 s0650/1030] loss = 3.070873
[e185 s0700/1030] loss = 3.152670
[e185 s0750/1030] loss = 3.098605
[e185 s0800/1030] loss = 3.025876
[e185 s0850/1030] loss = 3.088028
[e185 s0900/1030] loss = 3.055767
[e185 s0950/1030] loss = 2.991830
[e185 s1000/1030] loss = 3.150276
Epoch 185: train_loss = 3.102376  MAE/GAME0 = 170.905  RMSE = 176.243  GAME1 = 179.235  GAME2 = 202.429  GAME3 = 222.703  lr = 3.25e-05  time = 9.5s
[e186 s0001/1030] loss = 0.388472
[e186 s0050/1030] loss = 2.264802
[e186 s0100/1030] loss = 2.279688
[e186 s0150/1030] loss = 1.907422
[e186 s0200/1030] loss = 1.958135
[e186 s0250/1030] loss = 2.057327
[e186 s0300/1030] loss = 2.769199
[e186 s0350/1030] loss = 3.127592
[e186 s0400/1030] loss = 3.075346
[e186 s0450/1030] loss = 3.051243
[e186 s0500/1030] loss = 2.980808
[e186 s0550/1030] loss = 2.881352
[e186 s0600/1030] loss = 2.880716
[e186 s0650/1030] loss = 3.139515
[e186 s0700/1030] loss = 3.038933
[e186 s0750/1030] loss = 3.022066
[e186 s0800/1030] loss = 2.929428
[e186 s0850/1030] loss = 2.928800
[e186 s0900/1030] loss = 2.860837
[e186 s0950/1030] loss = 2.815855
[e186 s1000/1030] loss = 2.812695
Epoch 186: train_loss = 2.773263  MAE/GAME0 = 174.875  RMSE = 180.045  GAME1 = 182.862  GAME2 = 205.426  GAME3 = 225.664  lr = 3.23e-05  time = 9.5s
[e187 s0001/1030] loss = 0.395892
[e187 s0050/1030] loss = 1.771777
[e187 s0100/1030] loss = 2.382680
[e187 s0150/1030] loss = 2.481480
[e187 s0200/1030] loss = 2.249810
[e187 s0250/1030] loss = 2.376261
[e187 s0300/1030] loss = 2.290068
[e187 s0350/1030] loss = 2.503741
[e187 s0400/1030] loss = 2.797700
[e187 s0450/1030] loss = 2.823111
[e187 s0500/1030] loss = 2.972100
[e187 s0550/1030] loss = 3.050724
[e187 s0600/1030] loss = 3.057734
[e187 s0650/1030] loss = 2.974175
[e187 s0700/1030] loss = 2.929731
[e187 s0750/1030] loss = 2.842136
[e187 s0800/1030] loss = 2.802509
[e187 s0850/1030] loss = 3.151639
[e187 s0900/1030] loss = 3.305031
[e187 s0950/1030] loss = 3.293032
[e187 s1000/1030] loss = 3.233165
Epoch 187: train_loss = 3.199978  MAE/GAME0 = 206.893  RMSE = 211.041  GAME1 = 212.884  GAME2 = 232.436  GAME3 = 252.616  lr = 3.21e-05  time = 9.6s
[e188 s0001/1030] loss = 0.441628
[e188 s0050/1030] loss = 2.993306
[e188 s0100/1030] loss = 4.155217
[e188 s0150/1030] loss = 3.518954
[e188 s0200/1030] loss = 3.375515
[e188 s0250/1030] loss = 3.052047
[e188 s0300/1030] loss = 3.242489
[e188 s0350/1030] loss = 2.990834
[e188 s0400/1030] loss = 2.975600
[e188 s0450/1030] loss = 3.102873
[e188 s0500/1030] loss = 3.116775
[e188 s0550/1030] loss = 3.077088
[e188 s0600/1030] loss = 3.068422
[e188 s0650/1030] loss = 3.022463
[e188 s0700/1030] loss = 2.949039
[e188 s0750/1030] loss = 2.984404
[e188 s0800/1030] loss = 2.947068
[e188 s0850/1030] loss = 2.922153
[e188 s0900/1030] loss = 2.880929
[e188 s0950/1030] loss = 2.829454
[e188 s1000/1030] loss = 3.040637
Epoch 188: train_loss = 2.987028  MAE/GAME0 = 207.849  RMSE = 211.975  GAME1 = 213.727  GAME2 = 233.398  GAME3 = 253.666  lr = 3.19e-05  time = 9.5s
[e189 s0001/1030] loss = 2.306155
[e189 s0050/1030] loss = 3.404038
[e189 s0100/1030] loss = 3.419049
[e189 s0150/1030] loss = 2.983837
[e189 s0200/1030] loss = 3.322826
[e189 s0250/1030] loss = 3.244887
[e189 s0300/1030] loss = 3.044865
[e189 s0350/1030] loss = 2.876669
[e189 s0400/1030] loss = 2.874849
[e189 s0450/1030] loss = 3.116776
[e189 s0500/1030] loss = 2.983869
[e189 s0550/1030] loss = 3.027594
[e189 s0600/1030] loss = 3.066460
[e189 s0650/1030] loss = 3.144188
[e189 s0700/1030] loss = 3.030595
[e189 s0750/1030] loss = 2.947252
[e189 s0800/1030] loss = 2.893492
[e189 s0850/1030] loss = 2.823797
[e189 s0900/1030] loss = 2.987383
[e189 s0950/1030] loss = 2.899762
[e189 s1000/1030] loss = 3.142479
Epoch 189: train_loss = 3.117275  MAE/GAME0 = 208.094  RMSE = 212.214  GAME1 = 214.124  GAME2 = 233.812  GAME3 = 254.030  lr = 3.17e-05  time = 9.5s
[e190 s0001/1030] loss = 0.465148
[e190 s0050/1030] loss = 2.814211
[e190 s0100/1030] loss = 3.302162
[e190 s0150/1030] loss = 4.089708
[e190 s0200/1030] loss = 4.364805
[e190 s0250/1030] loss = 3.719903
[e190 s0300/1030] loss = 3.379105
[e190 s0350/1030] loss = 3.129814
[e190 s0400/1030] loss = 3.018649
[e190 s0450/1030] loss = 2.964006
[e190 s0500/1030] loss = 3.189452
[e190 s0550/1030] loss = 3.062091
[e190 s0600/1030] loss = 3.084692
[e190 s0650/1030] loss = 3.141371
[e190 s0700/1030] loss = 3.053112
[e190 s0750/1030] loss = 2.964713
[e190 s0800/1030] loss = 2.916311
[e190 s0850/1030] loss = 3.015474
[e190 s0900/1030] loss = 3.042321
[e190 s0950/1030] loss = 3.004118
[e190 s1000/1030] loss = 2.954839
Epoch 190: train_loss = 2.926097  MAE/GAME0 = 198.020  RMSE = 202.398  GAME1 = 204.534  GAME2 = 224.784  GAME3 = 244.964  lr = 3.15e-05  time = 9.7s
[e191 s0001/1030] loss = 1.014657
[e191 s0050/1030] loss = 7.839249
[e191 s0100/1030] loss = 5.448637
[e191 s0150/1030] loss = 4.228764
[e191 s0200/1030] loss = 4.804573
[e191 s0250/1030] loss = 4.167525
[e191 s0300/1030] loss = 3.843078
[e191 s0350/1030] loss = 3.693326
[e191 s0400/1030] loss = 3.456073
[e191 s0450/1030] loss = 3.374119
[e191 s0500/1030] loss = 3.305483
[e191 s0550/1030] loss = 3.263991
[e191 s0600/1030] loss = 3.151426
[e191 s0650/1030] loss = 3.300236
[e191 s0700/1030] loss = 3.273603
[e191 s0750/1030] loss = 3.204745
[e191 s0800/1030] loss = 3.285415
[e191 s0850/1030] loss = 3.217935
[e191 s0900/1030] loss = 3.118157
[e191 s0950/1030] loss = 3.077234
[e191 s1000/1030] loss = 2.985949
Epoch 191: train_loss = 2.945921  MAE/GAME0 = 187.773  RMSE = 192.464  GAME1 = 194.830  GAME2 = 215.988  GAME3 = 236.192  lr = 3.13e-05  time = 9.6s
[e192 s0001/1030] loss = 0.566443
[e192 s0050/1030] loss = 2.212678
[e192 s0100/1030] loss = 2.452327
[e192 s0150/1030] loss = 2.695908
[e192 s0200/1030] loss = 2.631448
[e192 s0250/1030] loss = 2.776059
[e192 s0300/1030] loss = 2.758206
[e192 s0350/1030] loss = 3.154478
[e192 s0400/1030] loss = 2.903901
[e192 s0450/1030] loss = 3.025244
[e192 s0500/1030] loss = 3.073128
[e192 s0550/1030] loss = 2.912732
[e192 s0600/1030] loss = 2.810763
[e192 s0650/1030] loss = 2.753722
[e192 s0700/1030] loss = 2.693093
[e192 s0750/1030] loss = 2.595508
[e192 s0800/1030] loss = 2.570035
[e192 s0850/1030] loss = 2.559343
[e192 s0900/1030] loss = 2.630955
[e192 s0950/1030] loss = 2.691721
[e192 s1000/1030] loss = 2.666539
Epoch 192: train_loss = 2.662245  MAE/GAME0 = 214.268  RMSE = 218.251  GAME1 = 219.779  GAME2 = 238.516  GAME3 = 258.662  lr = 3.11e-05  time = 9.5s
[e193 s0001/1030] loss = 0.793552
[e193 s0050/1030] loss = 1.651683
[e193 s0100/1030] loss = 3.109052
[e193 s0150/1030] loss = 3.019074
[e193 s0200/1030] loss = 2.777822
[e193 s0250/1030] loss = 2.744329
[e193 s0300/1030] loss = 2.775808
[e193 s0350/1030] loss = 2.691864
[e193 s0400/1030] loss = 2.624305
[e193 s0450/1030] loss = 2.577049
[e193 s0500/1030] loss = 2.546775
[e193 s0550/1030] loss = 2.864965
[e193 s0600/1030] loss = 2.886956
[e193 s0650/1030] loss = 2.895314
[e193 s0700/1030] loss = 2.842056
[e193 s0750/1030] loss = 2.876827
[e193 s0800/1030] loss = 2.867703
[e193 s0850/1030] loss = 2.941359
[e193 s0900/1030] loss = 2.899588
[e193 s0950/1030] loss = 3.000997
[e193 s1000/1030] loss = 3.195754
Epoch 193: train_loss = 3.194089  MAE/GAME0 = 242.576  RMSE = 246.098  GAME1 = 247.639  GAME2 = 264.828  GAME3 = 284.791  lr = 3.09e-05  time = 9.5s
[e194 s0001/1030] loss = 7.277599
[e194 s0050/1030] loss = 3.651652
[e194 s0100/1030] loss = 2.653641
[e194 s0150/1030] loss = 2.332911
[e194 s0200/1030] loss = 2.226211
[e194 s0250/1030] loss = 2.662156
[e194 s0300/1030] loss = 2.911490
[e194 s0350/1030] loss = 2.870921
[e194 s0400/1030] loss = 2.728283
[e194 s0450/1030] loss = 3.166252
[e194 s0500/1030] loss = 3.196943
[e194 s0550/1030] loss = 3.102775
[e194 s0600/1030] loss = 3.067882
[e194 s0650/1030] loss = 3.098394
[e194 s0700/1030] loss = 3.122810
[e194 s0750/1030] loss = 3.055405
[e194 s0800/1030] loss = 2.997473
[e194 s0850/1030] loss = 2.991182
[e194 s0900/1030] loss = 2.991969
[e194 s0950/1030] loss = 2.964880
[e194 s1000/1030] loss = 3.058509
Epoch 194: train_loss = 3.056930  MAE/GAME0 = 281.641  RMSE = 284.867  GAME1 = 286.015  GAME2 = 300.085  GAME3 = 319.607  lr = 3.06e-05  time = 9.5s
[e195 s0001/1030] loss = 0.705986
[e195 s0050/1030] loss = 4.499022
[e195 s0100/1030] loss = 5.073744
[e195 s0150/1030] loss = 4.146791
[e195 s0200/1030] loss = 3.601410
[e195 s0250/1030] loss = 3.329812
[e195 s0300/1030] loss = 3.739266
[e195 s0350/1030] loss = 3.394311
[e195 s0400/1030] loss = 3.239939
[e195 s0450/1030] loss = 3.539149
[e195 s0500/1030] loss = 3.361640
[e195 s0550/1030] loss = 3.230234
[e195 s0600/1030] loss = 3.103900
[e195 s0650/1030] loss = 2.968758
[e195 s0700/1030] loss = 2.879559
[e195 s0750/1030] loss = 2.791072
[e195 s0800/1030] loss = 2.751360
[e195 s0850/1030] loss = 2.694083
[e195 s0900/1030] loss = 2.627563
[e195 s0950/1030] loss = 2.707932
[e195 s1000/1030] loss = 2.655962
Epoch 195: train_loss = 2.809201  MAE/GAME0 = 258.152  RMSE = 261.517  GAME1 = 262.652  GAME2 = 278.316  GAME3 = 298.073  lr = 3.04e-05  time = 9.4s
[e196 s0001/1030] loss = 0.847589
[e196 s0050/1030] loss = 1.802967
[e196 s0100/1030] loss = 1.825190
[e196 s0150/1030] loss = 2.027548
[e196 s0200/1030] loss = 2.587883
[e196 s0250/1030] loss = 3.247142
[e196 s0300/1030] loss = 3.065887
[e196 s0350/1030] loss = 3.168821
[e196 s0400/1030] loss = 3.275498
[e196 s0450/1030] loss = 3.234235
[e196 s0500/1030] loss = 3.156048
[e196 s0550/1030] loss = 3.294566
[e196 s0600/1030] loss = 3.155814
[e196 s0650/1030] loss = 3.139421
[e196 s0700/1030] loss = 3.091129
[e196 s0750/1030] loss = 3.098986
[e196 s0800/1030] loss = 3.581811
[e196 s0850/1030] loss = 3.465597
[e196 s0900/1030] loss = 3.390184
[e196 s0950/1030] loss = 3.310678
[e196 s1000/1030] loss = 3.320521
Epoch 196: train_loss = 3.265686  MAE/GAME0 = 212.660  RMSE = 216.677  GAME1 = 218.359  GAME2 = 237.377  GAME3 = 257.531  lr = 3.02e-05  time = 9.6s
[e197 s0001/1030] loss = 9.087094
[e197 s0050/1030] loss = 2.839293
[e197 s0100/1030] loss = 3.708533
[e197 s0150/1030] loss = 3.171892
[e197 s0200/1030] loss = 2.861103
[e197 s0250/1030] loss = 3.979782
[e197 s0300/1030] loss = 3.787747
[e197 s0350/1030] loss = 3.444887
[e197 s0400/1030] loss = 3.363720
[e197 s0450/1030] loss = 3.336694
[e197 s0500/1030] loss = 3.198128
[e197 s0550/1030] loss = 3.060382
[e197 s0600/1030] loss = 3.296354
[e197 s0650/1030] loss = 3.265509
[e197 s0700/1030] loss = 3.176784
[e197 s0750/1030] loss = 3.283172
[e197 s0800/1030] loss = 3.215534
[e197 s0850/1030] loss = 3.256840
[e197 s0900/1030] loss = 3.202077
[e197 s0950/1030] loss = 3.332347
[e197 s1000/1030] loss = 3.288932
Epoch 197: train_loss = 3.248345  MAE/GAME0 = 211.954  RMSE = 215.986  GAME1 = 217.775  GAME2 = 237.082  GAME3 = 257.274  lr = 3.00e-05  time = 9.5s
[e198 s0001/1030] loss = 1.255859
[e198 s0050/1030] loss = 5.935908
[e198 s0100/1030] loss = 3.908547
[e198 s0150/1030] loss = 3.404717
[e198 s0200/1030] loss = 3.116031
[e198 s0250/1030] loss = 2.942954
[e198 s0300/1030] loss = 2.852245
[e198 s0350/1030] loss = 2.782812
[e198 s0400/1030] loss = 2.667948
[e198 s0450/1030] loss = 2.904544
[e198 s0500/1030] loss = 2.990087
[e198 s0550/1030] loss = 2.914790
[e198 s0600/1030] loss = 2.851819
[e198 s0650/1030] loss = 2.853426
[e198 s0700/1030] loss = 2.857517
[e198 s0750/1030] loss = 2.908176
[e198 s0800/1030] loss = 2.944545
[e198 s0850/1030] loss = 3.346251
[e198 s0900/1030] loss = 3.319676
[e198 s0950/1030] loss = 3.250853
[e198 s1000/1030] loss = 3.211137
Epoch 198: train_loss = 3.177309  MAE/GAME0 = 229.970  RMSE = 233.666  GAME1 = 235.012  GAME2 = 252.448  GAME3 = 272.374  lr = 2.98e-05  time = 9.5s
[e199 s0001/1030] loss = 14.817649
[e199 s0050/1030] loss = 2.833598
[e199 s0100/1030] loss = 3.228490
[e199 s0150/1030] loss = 2.741756
[e199 s0200/1030] loss = 2.643203
[e199 s0250/1030] loss = 2.701292
[e199 s0300/1030] loss = 2.475563
[e199 s0350/1030] loss = 2.505441
[e199 s0400/1030] loss = 2.369664
[e199 s0450/1030] loss = 2.349370
[e199 s0500/1030] loss = 2.360276
[e199 s0550/1030] loss = 2.437885
[e199 s0600/1030] loss = 2.383492
[e199 s0650/1030] loss = 2.470151
[e199 s0700/1030] loss = 2.398833
[e199 s0750/1030] loss = 2.413716
[e199 s0800/1030] loss = 2.491669
[e199 s0850/1030] loss = 2.588311
[e199 s0900/1030] loss = 2.659053
[e199 s0950/1030] loss = 2.765948
[e199 s1000/1030] loss = 2.794228
Epoch 199: train_loss = 2.870829  MAE/GAME0 = 280.193  RMSE = 283.424  GAME1 = 284.504  GAME2 = 298.557  GAME3 = 318.110  lr = 2.96e-05  time = 9.5s
[e200 s0001/1030] loss = 0.693989
[e200 s0050/1030] loss = 7.328784
[e200 s0100/1030] loss = 5.079462
[e200 s0150/1030] loss = 4.038161
[e200 s0200/1030] loss = 3.615267
[e200 s0250/1030] loss = 3.283090
[e200 s0300/1030] loss = 2.960646
[e200 s0350/1030] loss = 2.900603
[e200 s0400/1030] loss = 2.835302
[e200 s0450/1030] loss = 3.153147
[e200 s0500/1030] loss = 3.073274
[e200 s0550/1030] loss = 2.977934
[e200 s0600/1030] loss = 2.899623
[e200 s0650/1030] loss = 2.888647
[e200 s0700/1030] loss = 2.826240
[e200 s0750/1030] loss = 2.895863
[e200 s0800/1030] loss = 3.005509
[e200 s0850/1030] loss = 2.943552
[e200 s0900/1030] loss = 2.893000
[e200 s0950/1030] loss = 2.840692
[e200 s1000/1030] loss = 2.850208
Epoch 200: train_loss = 2.805116  MAE/GAME0 = 199.001  RMSE = 203.352  GAME1 = 205.592  GAME2 = 226.024  GAME3 = 246.238  lr = 2.94e-05  time = 9.6s
[e201 s0001/1030] loss = 1.758211
[e201 s0050/1030] loss = 3.032718
[e201 s0100/1030] loss = 2.175812
[e201 s0150/1030] loss = 2.446988
[e201 s0200/1030] loss = 2.349680
[e201 s0250/1030] loss = 2.338491
[e201 s0300/1030] loss = 2.195466
[e201 s0350/1030] loss = 3.308336
[e201 s0400/1030] loss = 3.180099
[e201 s0450/1030] loss = 3.319823
[e201 s0500/1030] loss = 3.223694
[e201 s0550/1030] loss = 3.116139
[e201 s0600/1030] loss = 2.945730
[e201 s0650/1030] loss = 2.842416
[e201 s0700/1030] loss = 2.815734
[e201 s0750/1030] loss = 3.025406
[e201 s0800/1030] loss = 2.990425
[e201 s0850/1030] loss = 2.909202
[e201 s0900/1030] loss = 2.888173
[e201 s0950/1030] loss = 2.868757
[e201 s1000/1030] loss = 2.904559
Epoch 201: train_loss = 2.878246  MAE/GAME0 = 228.951  RMSE = 232.663  GAME1 = 234.114  GAME2 = 252.115  GAME3 = 272.184  lr = 2.91e-05  time = 9.5s
[e202 s0001/1030] loss = 0.524019
[e202 s0050/1030] loss = 2.630729
[e202 s0100/1030] loss = 2.335463
[e202 s0150/1030] loss = 2.618242
[e202 s0200/1030] loss = 2.653597
[e202 s0250/1030] loss = 2.766195
[e202 s0300/1030] loss = 2.693591
[e202 s0350/1030] loss = 2.551023
[e202 s0400/1030] loss = 2.453804
[e202 s0450/1030] loss = 2.496515
[e202 s0500/1030] loss = 2.720952
[e202 s0550/1030] loss = 2.625364
[e202 s0600/1030] loss = 2.772969
[e202 s0650/1030] loss = 2.691305
[e202 s0700/1030] loss = 2.641240
[e202 s0750/1030] loss = 2.626030
[e202 s0800/1030] loss = 2.653364
[e202 s0850/1030] loss = 2.790766
[e202 s0900/1030] loss = 2.749709
[e202 s0950/1030] loss = 2.851714
[e202 s1000/1030] loss = 2.915453
Epoch 202: train_loss = 2.876639  MAE/GAME0 = 259.359  RMSE = 262.714  GAME1 = 263.962  GAME2 = 279.729  GAME3 = 299.496  lr = 2.89e-05  time = 9.5s
[e203 s0001/1030] loss = 0.588475
[e203 s0050/1030] loss = 1.500769
[e203 s0100/1030] loss = 1.930014
[e203 s0150/1030] loss = 2.934261
[e203 s0200/1030] loss = 2.666357
[e203 s0250/1030] loss = 2.740800
[e203 s0300/1030] loss = 2.519933
[e203 s0350/1030] loss = 2.552551
[e203 s0400/1030] loss = 2.499649
[e203 s0450/1030] loss = 2.524330
[e203 s0500/1030] loss = 2.495420
[e203 s0550/1030] loss = 2.461747
[e203 s0600/1030] loss = 2.560520
[e203 s0650/1030] loss = 2.476962
[e203 s0700/1030] loss = 2.594374
[e203 s0750/1030] loss = 2.575060
[e203 s0800/1030] loss = 2.622640
[e203 s0850/1030] loss = 2.753283
[e203 s0900/1030] loss = 2.694570
[e203 s0950/1030] loss = 2.724121
[e203 s1000/1030] loss = 2.676460
Epoch 203: train_loss = 2.833505  MAE/GAME0 = 207.387  RMSE = 211.524  GAME1 = 213.397  GAME2 = 232.880  GAME3 = 253.032  lr = 2.87e-05  time = 9.5s
[e204 s0001/1030] loss = 0.972365
[e204 s0050/1030] loss = 2.368407
[e204 s0100/1030] loss = 2.002494
[e204 s0150/1030] loss = 1.910719
[e204 s0200/1030] loss = 2.580908
[e204 s0250/1030] loss = 2.491411
[e204 s0300/1030] loss = 2.667760
[e204 s0350/1030] loss = 2.670913
[e204 s0400/1030] loss = 2.758869
[e204 s0450/1030] loss = 2.803751
[e204 s0500/1030] loss = 2.887797
[e204 s0550/1030] loss = 2.945211
[e204 s0600/1030] loss = 3.059256
[e204 s0650/1030] loss = 3.008328
[e204 s0700/1030] loss = 3.214663
[e204 s0750/1030] loss = 3.149052
[e204 s0800/1030] loss = 3.322856
[e204 s0850/1030] loss = 3.212703
[e204 s0900/1030] loss = 3.121765
[e204 s0950/1030] loss = 3.101551
[e204 s1000/1030] loss = 2.991401
Epoch 204: train_loss = 2.973929  MAE/GAME0 = 169.900  RMSE = 175.283  GAME1 = 177.961  GAME2 = 200.474  GAME3 = 220.677  lr = 2.85e-05  time = 9.5s
[e205 s0001/1030] loss = 0.306503
[e205 s0050/1030] loss = 2.674184
[e205 s0100/1030] loss = 2.297232
[e205 s0150/1030] loss = 2.335415
[e205 s0200/1030] loss = 2.308894
[e205 s0250/1030] loss = 2.212964
[e205 s0300/1030] loss = 2.291955
[e205 s0350/1030] loss = 2.324529
[e205 s0400/1030] loss = 2.305853
[e205 s0450/1030] loss = 2.396914
[e205 s0500/1030] loss = 2.722020
[e205 s0550/1030] loss = 2.633946
[e205 s0600/1030] loss = 2.631258
[e205 s0650/1030] loss = 2.813997
[e205 s0700/1030] loss = 2.854524
[e205 s0750/1030] loss = 2.873865
[e205 s0800/1030] loss = 2.809521
[e205 s0850/1030] loss = 2.929654
[e205 s0900/1030] loss = 2.879250
[e205 s0950/1030] loss = 2.831837
[e205 s1000/1030] loss = 3.031631
Epoch 205: train_loss = 3.009094  MAE/GAME0 = 235.713  RMSE = 239.324  GAME1 = 240.857  GAME2 = 258.253  GAME3 = 278.153  lr = 2.83e-05  time = 9.6s
[e206 s0001/1030] loss = 0.511730
[e206 s0050/1030] loss = 1.262497
[e206 s0100/1030] loss = 1.765105
[e206 s0150/1030] loss = 1.849026
[e206 s0200/1030] loss = 1.782109
[e206 s0250/1030] loss = 1.826230
[e206 s0300/1030] loss = 2.019404
[e206 s0350/1030] loss = 2.481641
[e206 s0400/1030] loss = 2.435301
[e206 s0450/1030] loss = 2.748975
[e206 s0500/1030] loss = 2.807166
[e206 s0550/1030] loss = 2.745197
[e206 s0600/1030] loss = 2.688284
[e206 s0650/1030] loss = 2.614386
[e206 s0700/1030] loss = 2.658853
[e206 s0750/1030] loss = 2.657979
[e206 s0800/1030] loss = 2.936414
[e206 s0850/1030] loss = 2.867382
[e206 s0900/1030] loss = 2.904057
[e206 s0950/1030] loss = 2.849934
[e206 s1000/1030] loss = 2.819602
Epoch 206: train_loss = 2.825071  MAE/GAME0 = 212.351  RMSE = 216.375  GAME1 = 218.198  GAME2 = 237.283  GAME3 = 257.395  lr = 2.81e-05  time = 9.6s
[e207 s0001/1030] loss = 0.456260
[e207 s0050/1030] loss = 2.026264
[e207 s0100/1030] loss = 3.542775
[e207 s0150/1030] loss = 2.940735
[e207 s0200/1030] loss = 2.829744
[e207 s0250/1030] loss = 2.677333
[e207 s0300/1030] loss = 2.720172
[e207 s0350/1030] loss = 2.782012
[e207 s0400/1030] loss = 2.834903
[e207 s0450/1030] loss = 2.781954
[e207 s0500/1030] loss = 2.791314
[e207 s0550/1030] loss = 2.753730
[e207 s0600/1030] loss = 2.690613
[e207 s0650/1030] loss = 3.016251
[e207 s0700/1030] loss = 2.963849
[e207 s0750/1030] loss = 3.169615
[e207 s0800/1030] loss = 3.242241
[e207 s0850/1030] loss = 3.170295
[e207 s0900/1030] loss = 3.105574
[e207 s0950/1030] loss = 3.040792
[e207 s1000/1030] loss = 3.014607
Epoch 207: train_loss = 2.984214  MAE/GAME0 = 187.669  RMSE = 192.364  GAME1 = 194.762  GAME2 = 215.891  GAME3 = 236.079  lr = 2.79e-05  time = 9.6s
[e208 s0001/1030] loss = 0.319120
[e208 s0050/1030] loss = 2.085238
[e208 s0100/1030] loss = 2.657177
[e208 s0150/1030] loss = 2.487351
[e208 s0200/1030] loss = 2.432543
[e208 s0250/1030] loss = 2.415252
[e208 s0300/1030] loss = 2.249107
[e208 s0350/1030] loss = 2.589631
[e208 s0400/1030] loss = 2.711750
[e208 s0450/1030] loss = 2.814040
[e208 s0500/1030] loss = 2.769663
[e208 s0550/1030] loss = 2.832023
[e208 s0600/1030] loss = 2.711354
[e208 s0650/1030] loss = 2.938259
[e208 s0700/1030] loss = 2.914971
[e208 s0750/1030] loss = 2.886280
[e208 s0800/1030] loss = 2.834410
[e208 s0850/1030] loss = 2.751944
[e208 s0900/1030] loss = 2.739039
[e208 s0950/1030] loss = 2.721580
[e208 s1000/1030] loss = 2.774461
Epoch 208: train_loss = 2.753666  MAE/GAME0 = 223.552  RMSE = 227.355  GAME1 = 228.898  GAME2 = 247.255  GAME3 = 267.347  lr = 2.76e-05  time = 9.6s
[e209 s0001/1030] loss = 0.510852
[e209 s0050/1030] loss = 1.473897
[e209 s0100/1030] loss = 2.956233
[e209 s0150/1030] loss = 2.686490
[e209 s0200/1030] loss = 2.417107
[e209 s0250/1030] loss = 2.493945
[e209 s0300/1030] loss = 2.450048
[e209 s0350/1030] loss = 2.827768
[e209 s0400/1030] loss = 2.744044
[e209 s0450/1030] loss = 3.434877
[e209 s0500/1030] loss = 3.551814
[e209 s0550/1030] loss = 3.540841
[e209 s0600/1030] loss = 3.408422
[e209 s0650/1030] loss = 3.269876
[e209 s0700/1030] loss = 3.194249
[e209 s0750/1030] loss = 3.185248
[e209 s0800/1030] loss = 3.205253
[e209 s0850/1030] loss = 3.138884
[e209 s0900/1030] loss = 3.063847
[e209 s0950/1030] loss = 3.029544
[e209 s1000/1030] loss = 3.032260
Epoch 209: train_loss = 3.018694  MAE/GAME0 = 212.929  RMSE = 216.941  GAME1 = 218.780  GAME2 = 238.237  GAME3 = 258.475  lr = 2.74e-05  time = 9.6s
[e210 s0001/1030] loss = 0.545399
[e210 s0050/1030] loss = 1.491111
[e210 s0100/1030] loss = 1.626567
[e210 s0150/1030] loss = 2.507400
[e210 s0200/1030] loss = 2.858920
[e210 s0250/1030] loss = 2.569099
[e210 s0300/1030] loss = 2.753303
[e210 s0350/1030] loss = 3.083277
[e210 s0400/1030] loss = 2.925241
[e210 s0450/1030] loss = 2.993808
[e210 s0500/1030] loss = 3.152798
[e210 s0550/1030] loss = 3.040664
[e210 s0600/1030] loss = 2.990991
[e210 s0650/1030] loss = 2.889012
[e210 s0700/1030] loss = 2.847457
[e210 s0750/1030] loss = 2.953591
[e210 s0800/1030] loss = 2.926065
[e210 s0850/1030] loss = 2.894483
[e210 s0900/1030] loss = 2.841489
[e210 s0950/1030] loss = 2.811671
[e210 s1000/1030] loss = 2.778645
Epoch 210: train_loss = 2.741230  MAE/GAME0 = 205.750  RMSE = 209.927  GAME1 = 211.833  GAME2 = 231.388  GAME3 = 251.535  lr = 2.72e-05  time = 9.6s
[e211 s0001/1030] loss = 0.947952
[e211 s0050/1030] loss = 3.217188
[e211 s0100/1030] loss = 2.781903
[e211 s0150/1030] loss = 3.338143
[e211 s0200/1030] loss = 2.931863
[e211 s0250/1030] loss = 2.951042
[e211 s0300/1030] loss = 3.002133
[e211 s0350/1030] loss = 2.853752
[e211 s0400/1030] loss = 2.749695
[e211 s0450/1030] loss = 2.715454
[e211 s0500/1030] loss = 2.992214
[e211 s0550/1030] loss = 3.302750
[e211 s0600/1030] loss = 3.243214
[e211 s0650/1030] loss = 3.168825
[e211 s0700/1030] loss = 3.123941
[e211 s0750/1030] loss = 3.217852
[e211 s0800/1030] loss = 3.152504
[e211 s0850/1030] loss = 3.072108
[e211 s0900/1030] loss = 3.018495
[e211 s0950/1030] loss = 2.983767
[e211 s1000/1030] loss = 2.962471
Epoch 211: train_loss = 2.963188  MAE/GAME0 = 216.127  RMSE = 220.072  GAME1 = 221.846  GAME2 = 240.923  GAME3 = 261.101  lr = 2.70e-05  time = 9.5s
[e212 s0001/1030] loss = 0.493232
[e212 s0050/1030] loss = 1.848937
[e212 s0100/1030] loss = 3.088934
[e212 s0150/1030] loss = 3.452226
[e212 s0200/1030] loss = 3.234467
[e212 s0250/1030] loss = 3.135078
[e212 s0300/1030] loss = 3.142019
[e212 s0350/1030] loss = 3.009457
[e212 s0400/1030] loss = 2.993343
[e212 s0450/1030] loss = 2.904452
[e212 s0500/1030] loss = 2.815435
[e212 s0550/1030] loss = 2.809093
[e212 s0600/1030] loss = 4.121735
[e212 s0650/1030] loss = 3.919703
[e212 s0700/1030] loss = 3.834054
[e212 s0750/1030] loss = 3.791371
[e212 s0800/1030] loss = 3.667457
[e212 s0850/1030] loss = 3.630771
[e212 s0900/1030] loss = 3.609706
[e212 s0950/1030] loss = 3.504167
[e212 s1000/1030] loss = 3.435109
Epoch 212: train_loss = 3.446446  MAE/GAME0 = 225.720  RMSE = 229.486  GAME1 = 231.107  GAME2 = 249.402  GAME3 = 269.468  lr = 2.68e-05  time = 9.6s
[e213 s0001/1030] loss = 1.167707
[e213 s0050/1030] loss = 1.585171
[e213 s0100/1030] loss = 1.924518
[e213 s0150/1030] loss = 1.985635
[e213 s0200/1030] loss = 2.675865
[e213 s0250/1030] loss = 3.017251
[e213 s0300/1030] loss = 3.085429
[e213 s0350/1030] loss = 2.943527
[e213 s0400/1030] loss = 2.756028
[e213 s0450/1030] loss = 2.906657
[e213 s0500/1030] loss = 2.849534
[e213 s0550/1030] loss = 3.075311
[e213 s0600/1030] loss = 3.019954
[e213 s0650/1030] loss = 2.894965
[e213 s0700/1030] loss = 3.028031
[e213 s0750/1030] loss = 3.021739
[e213 s0800/1030] loss = 2.963412
[e213 s0850/1030] loss = 2.959682
[e213 s0900/1030] loss = 2.900952
[e213 s0950/1030] loss = 2.929087
[e213 s1000/1030] loss = 2.959653
Epoch 213: train_loss = 3.016642  MAE/GAME0 = 225.628  RMSE = 229.395  GAME1 = 231.057  GAME2 = 249.362  GAME3 = 269.413  lr = 2.65e-05  time = 9.6s
[e214 s0001/1030] loss = 0.700341
[e214 s0050/1030] loss = 1.998984
[e214 s0100/1030] loss = 1.640393
[e214 s0150/1030] loss = 5.374535
[e214 s0200/1030] loss = 4.607755
[e214 s0250/1030] loss = 4.249240
[e214 s0300/1030] loss = 3.853291
[e214 s0350/1030] loss = 3.806637
[e214 s0400/1030] loss = 3.791742
[e214 s0450/1030] loss = 3.760423
[e214 s0500/1030] loss = 3.933696
[e214 s0550/1030] loss = 3.992158
[e214 s0600/1030] loss = 3.822555
[e214 s0650/1030] loss = 3.841675
[e214 s0700/1030] loss = 3.774191
[e214 s0750/1030] loss = 3.685449
[e214 s0800/1030] loss = 3.577876
[e214 s0850/1030] loss = 3.538582
[e214 s0900/1030] loss = 3.438180
[e214 s0950/1030] loss = 3.359063
[e214 s1000/1030] loss = 3.323308
Epoch 214: train_loss = 3.388813  MAE/GAME0 = 223.644  RMSE = 227.445  GAME1 = 229.233  GAME2 = 247.883  GAME3 = 267.995  lr = 2.63e-05  time = 9.7s
[e215 s0001/1030] loss = 0.712305
[e215 s0050/1030] loss = 1.502076
[e215 s0100/1030] loss = 2.005701
[e215 s0150/1030] loss = 1.914574
[e215 s0200/1030] loss = 2.258775
[e215 s0250/1030] loss = 2.071062
[e215 s0300/1030] loss = 2.354243
[e215 s0350/1030] loss = 2.272366
[e215 s0400/1030] loss = 2.326454
[e215 s0450/1030] loss = 2.633665
[e215 s0500/1030] loss = 2.682398
[e215 s0550/1030] loss = 2.710115
[e215 s0600/1030] loss = 2.773816
[e215 s0650/1030] loss = 2.744549
[e215 s0700/1030] loss = 2.758944
[e215 s0750/1030] loss = 2.716499
[e215 s0800/1030] loss = 2.854670
[e215 s0850/1030] loss = 2.881209
[e215 s0900/1030] loss = 2.879983
[e215 s0950/1030] loss = 2.876140
[e215 s1000/1030] loss = 2.888485
Epoch 215: train_loss = 2.855234  MAE/GAME0 = 204.603  RMSE = 208.808  GAME1 = 210.902  GAME2 = 230.772  GAME3 = 250.933  lr = 2.61e-05  time = 9.6s
[e216 s0001/1030] loss = 0.427056
[e216 s0050/1030] loss = 1.226600
[e216 s0100/1030] loss = 1.451257
[e216 s0150/1030] loss = 5.385307
[e216 s0200/1030] loss = 4.711079
[e216 s0250/1030] loss = 4.148939
[e216 s0300/1030] loss = 3.900736
[e216 s0350/1030] loss = 3.773481
[e216 s0400/1030] loss = 3.628814
[e216 s0450/1030] loss = 3.520386
[e216 s0500/1030] loss = 3.644439
[e216 s0550/1030] loss = 3.523531
[e216 s0600/1030] loss = 3.375460
[e216 s0650/1030] loss = 3.283358
[e216 s0700/1030] loss = 3.271490
[e216 s0750/1030] loss = 3.238438
[e216 s0800/1030] loss = 3.190543
[e216 s0850/1030] loss = 3.102208
[e216 s0900/1030] loss = 3.084646
[e216 s0950/1030] loss = 3.087728
[e216 s1000/1030] loss = 3.143024
Epoch 216: train_loss = 3.109739  MAE/GAME0 = 226.070  RMSE = 229.829  GAME1 = 231.466  GAME2 = 249.628  GAME3 = 269.632  lr = 2.59e-05  time = 9.8s
[e217 s0001/1030] loss = 2.480778
[e217 s0050/1030] loss = 5.447123
[e217 s0100/1030] loss = 4.064956
[e217 s0150/1030] loss = 3.217701
[e217 s0200/1030] loss = 2.756545
[e217 s0250/1030] loss = 4.314914
[e217 s0300/1030] loss = 3.901307
[e217 s0350/1030] loss = 3.673640
[e217 s0400/1030] loss = 3.480665
[e217 s0450/1030] loss = 3.272887
[e217 s0500/1030] loss = 3.339754
[e217 s0550/1030] loss = 3.332308
[e217 s0600/1030] loss = 3.328541
[e217 s0650/1030] loss = 3.229538
[e217 s0700/1030] loss = 3.198004
[e217 s0750/1030] loss = 3.180233
[e217 s0800/1030] loss = 3.115281
[e217 s0850/1030] loss = 3.105461
[e217 s0900/1030] loss = 3.181031
[e217 s0950/1030] loss = 3.253326
[e217 s1000/1030] loss = 3.202369
Epoch 217: train_loss = 3.274925  MAE/GAME0 = 249.625  RMSE = 253.068  GAME1 = 254.329  GAME2 = 270.445  GAME3 = 290.215  lr = 2.57e-05  time = 9.5s
[e218 s0001/1030] loss = 0.441790
[e218 s0050/1030] loss = 2.022354
[e218 s0100/1030] loss = 2.153196
[e218 s0150/1030] loss = 1.990373
[e218 s0200/1030] loss = 2.032591
[e218 s0250/1030] loss = 2.210358
[e218 s0300/1030] loss = 2.845297
[e218 s0350/1030] loss = 2.811985
[e218 s0400/1030] loss = 2.681524
[e218 s0450/1030] loss = 2.582048
[e218 s0500/1030] loss = 2.519300
[e218 s0550/1030] loss = 2.394517
[e218 s0600/1030] loss = 2.404166
[e218 s0650/1030] loss = 2.437138
[e218 s0700/1030] loss = 2.380299
[e218 s0750/1030] loss = 2.894972
[e218 s0800/1030] loss = 2.912288
[e218 s0850/1030] loss = 2.984962
[e218 s0900/1030] loss = 2.911453
[e218 s0950/1030] loss = 2.862557
[e218 s1000/1030] loss = 2.829013
Epoch 218: train_loss = 2.830693  MAE/GAME0 = 214.878  RMSE = 218.848  GAME1 = 220.560  GAME2 = 239.337  GAME3 = 259.429  lr = 2.55e-05  time = 9.7s
[e219 s0001/1030] loss = 1.405140
[e219 s0050/1030] loss = 5.107720
[e219 s0100/1030] loss = 5.344103
[e219 s0150/1030] loss = 4.159067
[e219 s0200/1030] loss = 3.561504
[e219 s0250/1030] loss = 3.284120
[e219 s0300/1030] loss = 3.152633
[e219 s0350/1030] loss = 3.205635
[e219 s0400/1030] loss = 3.164188
[e219 s0450/1030] loss = 2.999133
[e219 s0500/1030] loss = 2.920989
[e219 s0550/1030] loss = 2.855535
[e219 s0600/1030] loss = 2.781082
[e219 s0650/1030] loss = 2.689220
[e219 s0700/1030] loss = 2.593682
[e219 s0750/1030] loss = 2.566301
[e219 s0800/1030] loss = 2.885563
[e219 s0850/1030] loss = 2.886259
[e219 s0900/1030] loss = 2.827796
[e219 s0950/1030] loss = 3.066717
[e219 s1000/1030] loss = 3.027377
Epoch 219: train_loss = 3.015636  MAE/GAME0 = 249.552  RMSE = 252.996  GAME1 = 254.341  GAME2 = 270.562  GAME3 = 290.342  lr = 2.52e-05  time = 9.7s
[e220 s0001/1030] loss = 0.865902
[e220 s0050/1030] loss = 1.919922
[e220 s0100/1030] loss = 3.257771
[e220 s0150/1030] loss = 2.945127
[e220 s0200/1030] loss = 3.253385
[e220 s0250/1030] loss = 3.071928
[e220 s0300/1030] loss = 2.938722
[e220 s0350/1030] loss = 3.007916
[e220 s0400/1030] loss = 2.971710
[e220 s0450/1030] loss = 2.986038
[e220 s0500/1030] loss = 2.975818
[e220 s0550/1030] loss = 2.945751
[e220 s0600/1030] loss = 3.741390
[e220 s0650/1030] loss = 3.713558
[e220 s0700/1030] loss = 3.590070
[e220 s0750/1030] loss = 3.489873
[e220 s0800/1030] loss = 3.405083
[e220 s0850/1030] loss = 3.361371
[e220 s0900/1030] loss = 3.318822
[e220 s0950/1030] loss = 3.232514
[e220 s1000/1030] loss = 3.175982
Epoch 220: train_loss = 3.154762  MAE/GAME0 = 226.994  RMSE = 230.738  GAME1 = 232.235  GAME2 = 250.155  GAME3 = 270.151  lr = 2.50e-05  time = 9.7s
[e221 s0001/1030] loss = 0.810003
[e221 s0050/1030] loss = 2.508434
[e221 s0100/1030] loss = 3.412537
[e221 s0150/1030] loss = 2.944535
[e221 s0200/1030] loss = 2.882074
[e221 s0250/1030] loss = 2.574254
[e221 s0300/1030] loss = 2.402084
[e221 s0350/1030] loss = 2.320531
[e221 s0400/1030] loss = 2.478218
[e221 s0450/1030] loss = 2.417995
[e221 s0500/1030] loss = 2.337036
[e221 s0550/1030] loss = 2.340946
[e221 s0600/1030] loss = 2.382815
[e221 s0650/1030] loss = 2.434070
[e221 s0700/1030] loss = 2.398710
[e221 s0750/1030] loss = 2.385568
[e221 s0800/1030] loss = 2.442840
[e221 s0850/1030] loss = 2.505753
[e221 s0900/1030] loss = 2.514510
[e221 s0950/1030] loss = 2.649770
[e221 s1000/1030] loss = 2.833720
Epoch 221: train_loss = 2.818635  MAE/GAME0 = 217.230  RMSE = 221.152  GAME1 = 222.964  GAME2 = 241.836  GAME3 = 261.948  lr = 2.48e-05  time = 9.6s
[e222 s0001/1030] loss = 1.868037
[e222 s0050/1030] loss = 1.637228
[e222 s0100/1030] loss = 2.171095
[e222 s0150/1030] loss = 3.285104
[e222 s0200/1030] loss = 3.002442
[e222 s0250/1030] loss = 3.172632
[e222 s0300/1030] loss = 2.982298
[e222 s0350/1030] loss = 2.965549
[e222 s0400/1030] loss = 3.031904
[e222 s0450/1030] loss = 3.051275
[e222 s0500/1030] loss = 2.928737
[e222 s0550/1030] loss = 3.077635
[e222 s0600/1030] loss = 3.100716
[e222 s0650/1030] loss = 3.093624
[e222 s0700/1030] loss = 3.048673
[e222 s0750/1030] loss = 2.970016
[e222 s0800/1030] loss = 2.947764
[e222 s0850/1030] loss = 2.928668
[e222 s0900/1030] loss = 2.889379
[e222 s0950/1030] loss = 2.821763
[e222 s1000/1030] loss = 3.003587
Epoch 222: train_loss = 2.970819  MAE/GAME0 = 190.221  RMSE = 194.832  GAME1 = 197.207  GAME2 = 218.094  GAME3 = 238.259  lr = 2.46e-05  time = 9.5s
[e223 s0001/1030] loss = 0.991189
[e223 s0050/1030] loss = 2.540706
[e223 s0100/1030] loss = 2.508607
[e223 s0150/1030] loss = 2.603628
[e223 s0200/1030] loss = 2.481328
[e223 s0250/1030] loss = 2.291153
[e223 s0300/1030] loss = 3.527752
[e223 s0350/1030] loss = 3.819862
[e223 s0400/1030] loss = 3.596603
[e223 s0450/1030] loss = 3.487959
[e223 s0500/1030] loss = 3.436526
[e223 s0550/1030] loss = 3.383382
[e223 s0600/1030] loss = 3.361339
[e223 s0650/1030] loss = 3.269882
[e223 s0700/1030] loss = 3.178369
[e223 s0750/1030] loss = 3.395635
[e223 s0800/1030] loss = 3.336249
[e223 s0850/1030] loss = 3.270969
[e223 s0900/1030] loss = 3.193039
[e223 s0950/1030] loss = 3.160751
[e223 s1000/1030] loss = 3.176687
Epoch 223: train_loss = 3.155302  MAE/GAME0 = 228.439  RMSE = 232.160  GAME1 = 233.696  GAME2 = 251.712  GAME3 = 271.745  lr = 2.44e-05  time = 9.6s
[e224 s0001/1030] loss = 0.468167
[e224 s0050/1030] loss = 2.651407
[e224 s0100/1030] loss = 3.138295
[e224 s0150/1030] loss = 4.935777
[e224 s0200/1030] loss = 4.268125
[e224 s0250/1030] loss = 3.938743
[e224 s0300/1030] loss = 3.655303
[e224 s0350/1030] loss = 3.332696
[e224 s0400/1030] loss = 3.237999
[e224 s0450/1030] loss = 3.245179
[e224 s0500/1030] loss = 3.528887
[e224 s0550/1030] loss = 3.340613
[e224 s0600/1030] loss = 3.218492
[e224 s0650/1030] loss = 3.312943
[e224 s0700/1030] loss = 3.221323
[e224 s0750/1030] loss = 3.186573
[e224 s0800/1030] loss = 3.145529
[e224 s0850/1030] loss = 3.069737
[e224 s0900/1030] loss = 3.058287
[e224 s0950/1030] loss = 3.041476
[e224 s1000/1030] loss = 2.959748
Epoch 224: train_loss = 2.954392  MAE/GAME0 = 201.628  RMSE = 205.909  GAME1 = 207.937  GAME2 = 227.913  GAME3 = 248.100  lr = 2.42e-05  time = 9.6s
[e225 s0001/1030] loss = 1.297249
[e225 s0050/1030] loss = 2.122688
[e225 s0100/1030] loss = 2.471200
[e225 s0150/1030] loss = 3.780663
[e225 s0200/1030] loss = 3.494747
[e225 s0250/1030] loss = 3.174184
[e225 s0300/1030] loss = 3.211928
[e225 s0350/1030] loss = 3.223632
[e225 s0400/1030] loss = 3.446484
[e225 s0450/1030] loss = 3.429392
[e225 s0500/1030] loss = 3.828429
[e225 s0550/1030] loss = 3.594320
[e225 s0600/1030] loss = 3.422134
[e225 s0650/1030] loss = 3.500141
[e225 s0700/1030] loss = 3.404082
[e225 s0750/1030] loss = 3.352308
[e225 s0800/1030] loss = 3.288795
[e225 s0850/1030] loss = 3.193797
[e225 s0900/1030] loss = 3.269481
[e225 s0950/1030] loss = 3.216780
[e225 s1000/1030] loss = 3.139555
Epoch 225: train_loss = 3.105110  MAE/GAME0 = 194.434  RMSE = 198.916  GAME1 = 201.119  GAME2 = 221.403  GAME3 = 241.535  lr = 2.39e-05  time = 9.6s
[e226 s0001/1030] loss = 0.383691
[e226 s0050/1030] loss = 1.351583
[e226 s0100/1030] loss = 3.937549
[e226 s0150/1030] loss = 3.592219
[e226 s0200/1030] loss = 3.390776
[e226 s0250/1030] loss = 3.079634
[e226 s0300/1030] loss = 2.809524
[e226 s0350/1030] loss = 2.698411
[e226 s0400/1030] loss = 2.814907
[e226 s0450/1030] loss = 2.688123
[e226 s0500/1030] loss = 2.591760
[e226 s0550/1030] loss = 2.749020
[e226 s0600/1030] loss = 2.809201
[e226 s0650/1030] loss = 2.704640
[e226 s0700/1030] loss = 2.683553
[e226 s0750/1030] loss = 2.687732
[e226 s0800/1030] loss = 2.654130
[e226 s0850/1030] loss = 2.718677
[e226 s0900/1030] loss = 2.721950
[e226 s0950/1030] loss = 2.946669
[e226 s1000/1030] loss = 2.907483
Epoch 226: train_loss = 2.904158  MAE/GAME0 = 202.911  RMSE = 207.159  GAME1 = 209.180  GAME2 = 228.864  GAME3 = 248.967  lr = 2.37e-05  time = 9.5s
[e227 s0001/1030] loss = 0.409778
[e227 s0050/1030] loss = 2.280000
[e227 s0100/1030] loss = 2.153775
[e227 s0150/1030] loss = 2.120127
[e227 s0200/1030] loss = 2.191332
[e227 s0250/1030] loss = 2.407324
[e227 s0300/1030] loss = 3.106802
[e227 s0350/1030] loss = 4.153912
[e227 s0400/1030] loss = 3.830020
[e227 s0450/1030] loss = 3.732575
[e227 s0500/1030] loss = 3.614170
[e227 s0550/1030] loss = 3.571605
[e227 s0600/1030] loss = 3.370910
[e227 s0650/1030] loss = 3.577068
[e227 s0700/1030] loss = 3.530271
[e227 s0750/1030] loss = 3.528206
[e227 s0800/1030] loss = 3.439153
[e227 s0850/1030] loss = 3.406296
[e227 s0900/1030] loss = 3.296726
[e227 s0950/1030] loss = 3.249106
[e227 s1000/1030] loss = 3.208730
Epoch 227: train_loss = 3.252198  MAE/GAME0 = 207.818  RMSE = 211.945  GAME1 = 213.897  GAME2 = 233.571  GAME3 = 253.765  lr = 2.35e-05  time = 9.6s
[e228 s0001/1030] loss = 1.578012
[e228 s0050/1030] loss = 1.612070
[e228 s0100/1030] loss = 1.947190
[e228 s0150/1030] loss = 2.024914
[e228 s0200/1030] loss = 2.437742
[e228 s0250/1030] loss = 2.289678
[e228 s0300/1030] loss = 2.237025
[e228 s0350/1030] loss = 2.129819
[e228 s0400/1030] loss = 2.071933
[e228 s0450/1030] loss = 2.262487
[e228 s0500/1030] loss = 2.277890
[e228 s0550/1030] loss = 2.481516
[e228 s0600/1030] loss = 2.476391
[e228 s0650/1030] loss = 2.509597
[e228 s0700/1030] loss = 2.631669
[e228 s0750/1030] loss = 2.716773
[e228 s0800/1030] loss = 2.700273
[e228 s0850/1030] loss = 2.723762
[e228 s0900/1030] loss = 2.692275
[e228 s0950/1030] loss = 2.840040
[e228 s1000/1030] loss = 2.819724
Epoch 228: train_loss = 2.789018  MAE/GAME0 = 219.053  RMSE = 222.939  GAME1 = 224.612  GAME2 = 243.287  GAME3 = 263.401  lr = 2.33e-05  time = 9.7s
[e229 s0001/1030] loss = 4.354005
[e229 s0050/1030] loss = 4.387085
[e229 s0100/1030] loss = 4.197736
[e229 s0150/1030] loss = 3.507685
[e229 s0200/1030] loss = 3.197788
[e229 s0250/1030] loss = 3.304049
[e229 s0300/1030] loss = 3.021954
[e229 s0350/1030] loss = 4.062184
[e229 s0400/1030] loss = 3.985592
[e229 s0450/1030] loss = 4.198248
[e229 s0500/1030] loss = 4.040104
[e229 s0550/1030] loss = 3.874310
[e229 s0600/1030] loss = 3.715654
[e229 s0650/1030] loss = 3.681136
[e229 s0700/1030] loss = 3.584933
[e229 s0750/1030] loss = 3.491610
[e229 s0800/1030] loss = 3.393658
[e229 s0850/1030] loss = 3.335708
[e229 s0900/1030] loss = 3.278309
[e229 s0950/1030] loss = 3.182824
[e229 s1000/1030] loss = 3.264413
Epoch 229: train_loss = 3.217876  MAE/GAME0 = 182.036  RMSE = 186.928  GAME1 = 189.432  GAME2 = 211.242  GAME3 = 231.501  lr = 2.31e-05  time = 9.6s
[e230 s0001/1030] loss = 0.346542
[e230 s0050/1030] loss = 2.454967
[e230 s0100/1030] loss = 2.331093
[e230 s0150/1030] loss = 2.756735
[e230 s0200/1030] loss = 2.576622
[e230 s0250/1030] loss = 2.702798
[e230 s0300/1030] loss = 2.891043
[e230 s0350/1030] loss = 2.861581
[e230 s0400/1030] loss = 2.692378
[e230 s0450/1030] loss = 2.681505
[e230 s0500/1030] loss = 2.753341
[e230 s0550/1030] loss = 2.896232
[e230 s0600/1030] loss = 2.832534
[e230 s0650/1030] loss = 2.822724
[e230 s0700/1030] loss = 2.879012
[e230 s0750/1030] loss = 3.373129
[e230 s0800/1030] loss = 3.294723
[e230 s0850/1030] loss = 3.303375
[e230 s0900/1030] loss = 3.292658
[e230 s0950/1030] loss = 3.227101
[e230 s1000/1030] loss = 3.173625
Epoch 230: train_loss = 3.129504  MAE/GAME0 = 208.572  RMSE = 212.681  GAME1 = 214.443  GAME2 = 233.612  GAME3 = 253.723  lr = 2.28e-05  time = 9.5s
[e231 s0001/1030] loss = 1.232562
[e231 s0050/1030] loss = 2.755503
[e231 s0100/1030] loss = 2.186106
[e231 s0150/1030] loss = 2.141144
[e231 s0200/1030] loss = 1.986785
[e231 s0250/1030] loss = 1.971432
[e231 s0300/1030] loss = 2.449996
[e231 s0350/1030] loss = 3.167215
[e231 s0400/1030] loss = 3.060594
[e231 s0450/1030] loss = 3.035865
[e231 s0500/1030] loss = 3.082222
[e231 s0550/1030] loss = 2.980187
[e231 s0600/1030] loss = 2.853354
[e231 s0650/1030] loss = 3.011992
[e231 s0700/1030] loss = 3.023712
[e231 s0750/1030] loss = 3.071988
[e231 s0800/1030] loss = 3.070215
[e231 s0850/1030] loss = 3.001523
[e231 s0900/1030] loss = 2.977698
[e231 s0950/1030] loss = 3.106923
[e231 s1000/1030] loss = 3.105460
Epoch 231: train_loss = 3.150069  MAE/GAME0 = 242.822  RMSE = 246.341  GAME1 = 247.748  GAME2 = 264.466  GAME3 = 284.316  lr = 2.26e-05  time = 9.5s
[e232 s0001/1030] loss = 2.185263
[e232 s0050/1030] loss = 2.037475
[e232 s0100/1030] loss = 1.714144
[e232 s0150/1030] loss = 1.908869
[e232 s0200/1030] loss = 1.921418
[e232 s0250/1030] loss = 2.120950
[e232 s0300/1030] loss = 2.471713
[e232 s0350/1030] loss = 3.176824
[e232 s0400/1030] loss = 3.139478
[e232 s0450/1030] loss = 2.977789
[e232 s0500/1030] loss = 3.066073
[e232 s0550/1030] loss = 2.940184
[e232 s0600/1030] loss = 3.127736
[e232 s0650/1030] loss = 3.253616
[e232 s0700/1030] loss = 3.186586
[e232 s0750/1030] loss = 3.264748
[e232 s0800/1030] loss = 3.215885
[e232 s0850/1030] loss = 3.253992
[e232 s0900/1030] loss = 3.224683
[e232 s0950/1030] loss = 3.192360
[e232 s1000/1030] loss = 3.121641
Epoch 232: train_loss = 3.101297  MAE/GAME0 = 207.564  RMSE = 211.696  GAME1 = 213.630  GAME2 = 233.156  GAME3 = 253.304  lr = 2.24e-05  time = 9.5s
[e233 s0001/1030] loss = 0.276516
[e233 s0050/1030] loss = 2.532548
[e233 s0100/1030] loss = 3.875476
[e233 s0150/1030] loss = 3.409133
[e233 s0200/1030] loss = 3.117944
[e233 s0250/1030] loss = 2.970853
[e233 s0300/1030] loss = 3.064101
[e233 s0350/1030] loss = 2.947488
[e233 s0400/1030] loss = 2.753209
[e233 s0450/1030] loss = 2.728548
[e233 s0500/1030] loss = 2.657895
[e233 s0550/1030] loss = 2.695238
[e233 s0600/1030] loss = 2.898342
[e233 s0650/1030] loss = 3.097889
[e233 s0700/1030] loss = 3.120954
[e233 s0750/1030] loss = 3.072467
[e233 s0800/1030] loss = 2.970504
[e233 s0850/1030] loss = 2.925640
[e233 s0900/1030] loss = 2.853562
[e233 s0950/1030] loss = 2.935772
[e233 s1000/1030] loss = 2.970900
Epoch 233: train_loss = 2.959275  MAE/GAME0 = 253.806  RMSE = 257.208  GAME1 = 258.561  GAME2 = 274.772  GAME3 = 294.607  lr = 2.22e-05  time = 9.5s
[e234 s0001/1030] loss = 0.550216
[e234 s0050/1030] loss = 1.560859
[e234 s0100/1030] loss = 2.026565
[e234 s0150/1030] loss = 2.587844
[e234 s0200/1030] loss = 2.528411
[e234 s0250/1030] loss = 2.263308
[e234 s0300/1030] loss = 2.363591
[e234 s0350/1030] loss = 2.339415
[e234 s0400/1030] loss = 2.332567
[e234 s0450/1030] loss = 2.304653
[e234 s0500/1030] loss = 2.331638
[e234 s0550/1030] loss = 3.028070
[e234 s0600/1030] loss = 2.918286
[e234 s0650/1030] loss = 2.960786
[e234 s0700/1030] loss = 2.950755
[e234 s0750/1030] loss = 2.944928
[e234 s0800/1030] loss = 2.860788
[e234 s0850/1030] loss = 3.037835
[e234 s0900/1030] loss = 2.967856
[e234 s0950/1030] loss = 2.940944
[e234 s1000/1030] loss = 3.010173
Epoch 234: train_loss = 2.981555  MAE/GAME0 = 204.587  RMSE = 208.792  GAME1 = 210.898  GAME2 = 230.707  GAME3 = 250.847  lr = 2.20e-05  time = 9.6s
[e235 s0001/1030] loss = 0.614914
[e235 s0050/1030] loss = 1.848483
[e235 s0100/1030] loss = 2.514376
[e235 s0150/1030] loss = 2.681750
[e235 s0200/1030] loss = 2.705617
[e235 s0250/1030] loss = 2.702314
[e235 s0300/1030] loss = 2.652240
[e235 s0350/1030] loss = 2.710014
[e235 s0400/1030] loss = 2.974667
[e235 s0450/1030] loss = 3.836323
[e235 s0500/1030] loss = 3.928938
[e235 s0550/1030] loss = 3.787588
[e235 s0600/1030] loss = 3.744548
[e235 s0650/1030] loss = 3.677348
[e235 s0700/1030] loss = 3.585568
[e235 s0750/1030] loss = 3.454854
[e235 s0800/1030] loss = 3.387563
[e235 s0850/1030] loss = 3.340652
[e235 s0900/1030] loss = 3.346398
[e235 s0950/1030] loss = 3.305885
[e235 s1000/1030] loss = 3.276960
Epoch 235: train_loss = 3.242091  MAE/GAME0 = 226.443  RMSE = 230.196  GAME1 = 231.725  GAME2 = 249.763  GAME3 = 269.777  lr = 2.18e-05  time = 9.6s
[e236 s0001/1030] loss = 0.427242
[e236 s0050/1030] loss = 1.497650
[e236 s0100/1030] loss = 2.064117
[e236 s0150/1030] loss = 2.185668
[e236 s0200/1030] loss = 2.064641
[e236 s0250/1030] loss = 1.969657
[e236 s0300/1030] loss = 2.035133
[e236 s0350/1030] loss = 2.143772
[e236 s0400/1030] loss = 2.093866
[e236 s0450/1030] loss = 2.153961
[e236 s0500/1030] loss = 2.181245
[e236 s0550/1030] loss = 2.205491
[e236 s0600/1030] loss = 2.416348
[e236 s0650/1030] loss = 2.518744
[e236 s0700/1030] loss = 2.475940
[e236 s0750/1030] loss = 2.507639
[e236 s0800/1030] loss = 2.505112
[e236 s0850/1030] loss = 2.575173
[e236 s0900/1030] loss = 2.567940
[e236 s0950/1030] loss = 2.519711
[e236 s1000/1030] loss = 2.519538
Epoch 236: train_loss = 2.514369  MAE/GAME0 = 202.372  RMSE = 206.634  GAME1 = 208.572  GAME2 = 228.606  GAME3 = 248.856  lr = 2.15e-05  time = 9.6s
[e237 s0001/1030] loss = 0.611600
[e237 s0050/1030] loss = 10.720963
[e237 s0100/1030] loss = 6.873630
[e237 s0150/1030] loss = 5.324201
[e237 s0200/1030] loss = 4.549161
[e237 s0250/1030] loss = 4.230604
[e237 s0300/1030] loss = 3.823076
[e237 s0350/1030] loss = 3.769953
[e237 s0400/1030] loss = 4.114528
[e237 s0450/1030] loss = 3.911060
[e237 s0500/1030] loss = 3.773861
[e237 s0550/1030] loss = 3.635885
[e237 s0600/1030] loss = 3.504368
[e237 s0650/1030] loss = 3.509375
[e237 s0700/1030] loss = 3.399125
[e237 s0750/1030] loss = 3.337642
[e237 s0800/1030] loss = 3.267523
[e237 s0850/1030] loss = 3.237560
[e237 s0900/1030] loss = 3.170274
[e237 s0950/1030] loss = 3.091777
[e237 s1000/1030] loss = 3.058514
Epoch 237: train_loss = 3.089248  MAE/GAME0 = 201.698  RMSE = 205.977  GAME1 = 208.110  GAME2 = 228.275  GAME3 = 248.489  lr = 2.13e-05  time = 9.7s
[e238 s0001/1030] loss = 1.434679
[e238 s0050/1030] loss = 4.130963
[e238 s0100/1030] loss = 4.937137
[e238 s0150/1030] loss = 4.169122
[e238 s0200/1030] loss = 3.814943
[e238 s0250/1030] loss = 3.621344
[e238 s0300/1030] loss = 3.307209
[e238 s0350/1030] loss = 3.207050
[e238 s0400/1030] loss = 3.752754
[e238 s0450/1030] loss = 3.490671
[e238 s0500/1030] loss = 3.279862
[e238 s0550/1030] loss = 3.248414
[e238 s0600/1030] loss = 3.354377
[e238 s0650/1030] loss = 3.257070
[e238 s0700/1030] loss = 3.207839
[e238 s0750/1030] loss = 3.153042
[e238 s0800/1030] loss = 3.263171
[e238 s0850/1030] loss = 3.157089
[e238 s0900/1030] loss = 3.380136
[e238 s0950/1030] loss = 3.307388
[e238 s1000/1030] loss = 3.271244
Epoch 238: train_loss = 3.265902  MAE/GAME0 = 235.592  RMSE = 239.205  GAME1 = 240.683  GAME2 = 258.083  GAME3 = 278.016  lr = 2.11e-05  time = 9.6s
[e239 s0001/1030] loss = 0.516232
[e239 s0050/1030] loss = 2.135991
[e239 s0100/1030] loss = 2.526982
[e239 s0150/1030] loss = 2.464215
[e239 s0200/1030] loss = 2.558350
[e239 s0250/1030] loss = 2.543693
[e239 s0300/1030] loss = 2.747966
[e239 s0350/1030] loss = 2.781285
[e239 s0400/1030] loss = 2.961862
[e239 s0450/1030] loss = 2.965656
[e239 s0500/1030] loss = 2.832332
[e239 s0550/1030] loss = 2.747683
[e239 s0600/1030] loss = 3.555776
[e239 s0650/1030] loss = 3.480418
[e239 s0700/1030] loss = 3.553560
[e239 s0750/1030] loss = 3.498392
[e239 s0800/1030] loss = 3.466417
[e239 s0850/1030] loss = 3.375449
[e239 s0900/1030] loss = 3.246894
[e239 s0950/1030] loss = 3.237798
[e239 s1000/1030] loss = 3.148785
Epoch 239: train_loss = 3.088804  MAE/GAME0 = 187.484  RMSE = 192.185  GAME1 = 194.614  GAME2 = 215.670  GAME3 = 235.827  lr = 2.09e-05  time = 9.6s
[e240 s0001/1030] loss = 3.254134
[e240 s0050/1030] loss = 2.296860
[e240 s0100/1030] loss = 2.102167
[e240 s0150/1030] loss = 1.979960
[e240 s0200/1030] loss = 2.029408
[e240 s0250/1030] loss = 2.323175
[e240 s0300/1030] loss = 2.303564
[e240 s0350/1030] loss = 2.739295
[e240 s0400/1030] loss = 2.653777
[e240 s0450/1030] loss = 2.647732
[e240 s0500/1030] loss = 2.600811
[e240 s0550/1030] loss = 2.593451
[e240 s0600/1030] loss = 2.866274
[e240 s0650/1030] loss = 2.804835
[e240 s0700/1030] loss = 2.713212
[e240 s0750/1030] loss = 2.624209
[e240 s0800/1030] loss = 2.757874
[e240 s0850/1030] loss = 2.807994
[e240 s0900/1030] loss = 2.980373
[e240 s0950/1030] loss = 3.195249
[e240 s1000/1030] loss = 3.189483
Epoch 240: train_loss = 3.173351  MAE/GAME0 = 238.619  RMSE = 242.190  GAME1 = 243.677  GAME2 = 260.843  GAME3 = 280.744  lr = 2.07e-05  time = 9.6s
[e241 s0001/1030] loss = 2.220781
[e241 s0050/1030] loss = 2.870090
[e241 s0100/1030] loss = 2.139321
[e241 s0150/1030] loss = 2.501231
[e241 s0200/1030] loss = 2.334895
[e241 s0250/1030] loss = 2.521155
[e241 s0300/1030] loss = 2.544338
[e241 s0350/1030] loss = 2.500572
[e241 s0400/1030] loss = 2.785037
[e241 s0450/1030] loss = 3.021725
[e241 s0500/1030] loss = 2.955227
[e241 s0550/1030] loss = 2.912714
[e241 s0600/1030] loss = 2.907186
[e241 s0650/1030] loss = 2.851225
[e241 s0700/1030] loss = 2.742449
[e241 s0750/1030] loss = 2.737343
[e241 s0800/1030] loss = 2.675676
[e241 s0850/1030] loss = 2.748985
[e241 s0900/1030] loss = 2.710810
[e241 s0950/1030] loss = 2.693180
[e241 s1000/1030] loss = 2.700854
Epoch 241: train_loss = 2.747754  MAE/GAME0 = 219.563  RMSE = 223.439  GAME1 = 225.195  GAME2 = 243.943  GAME3 = 264.059  lr = 2.05e-05  time = 9.6s
[e242 s0001/1030] loss = 0.496078
[e242 s0050/1030] loss = 2.205091
[e242 s0100/1030] loss = 3.067700
[e242 s0150/1030] loss = 2.757637
[e242 s0200/1030] loss = 3.256868
[e242 s0250/1030] loss = 2.959215
[e242 s0300/1030] loss = 3.364867
[e242 s0350/1030] loss = 3.307270
[e242 s0400/1030] loss = 3.104315
[e242 s0450/1030] loss = 3.577317
[e242 s0500/1030] loss = 3.610910
[e242 s0550/1030] loss = 3.516667
[e242 s0600/1030] loss = 3.366727
[e242 s0650/1030] loss = 3.285434
[e242 s0700/1030] loss = 3.344553
[e242 s0750/1030] loss = 3.346079
[e242 s0800/1030] loss = 3.218491
[e242 s0850/1030] loss = 3.151509
[e242 s0900/1030] loss = 3.161864
[e242 s0950/1030] loss = 3.131110
[e242 s1000/1030] loss = 3.256153
Epoch 242: train_loss = 3.205934  MAE/GAME0 = 232.666  RMSE = 236.321  GAME1 = 237.820  GAME2 = 255.507  GAME3 = 275.491  lr = 2.03e-05  time = 9.7s
[e243 s0001/1030] loss = 0.493497
[e243 s0050/1030] loss = 3.089248
[e243 s0100/1030] loss = 2.827000
[e243 s0150/1030] loss = 2.806188
[e243 s0200/1030] loss = 3.929335
[e243 s0250/1030] loss = 3.678738
[e243 s0300/1030] loss = 3.583800
[e243 s0350/1030] loss = 3.667389
[e243 s0400/1030] loss = 3.546585
[e243 s0450/1030] loss = 3.336572
[e243 s0500/1030] loss = 3.255555
[e243 s0550/1030] loss = 3.055963
[e243 s0600/1030] loss = 3.166250
[e243 s0650/1030] loss = 3.160147
[e243 s0700/1030] loss = 3.186050
[e243 s0750/1030] loss = 3.239102
[e243 s0800/1030] loss = 3.678703
[e243 s0850/1030] loss = 3.570600
[e243 s0900/1030] loss = 3.480585
[e243 s0950/1030] loss = 3.403090
[e243 s1000/1030] loss = 3.368160
Epoch 243: train_loss = 3.346256  MAE/GAME0 = 223.926  RMSE = 227.722  GAME1 = 229.315  GAME2 = 247.668  GAME3 = 267.751  lr = 2.00e-05  time = 9.5s
[e244 s0001/1030] loss = 0.806824
[e244 s0050/1030] loss = 3.066356
[e244 s0100/1030] loss = 6.243153
[e244 s0150/1030] loss = 5.126229
[e244 s0200/1030] loss = 5.033694
[e244 s0250/1030] loss = 4.528068
[e244 s0300/1030] loss = 4.276579
[e244 s0350/1030] loss = 3.943484
[e244 s0400/1030] loss = 3.666091
[e244 s0450/1030] loss = 3.964154
[e244 s0500/1030] loss = 3.851967
[e244 s0550/1030] loss = 4.182864
[e244 s0600/1030] loss = 3.941473
[e244 s0650/1030] loss = 3.856858
[e244 s0700/1030] loss = 3.768593
[e244 s0750/1030] loss = 3.730240
[e244 s0800/1030] loss = 3.644600
[e244 s0850/1030] loss = 3.545903
[e244 s0900/1030] loss = 3.791765
[e244 s0950/1030] loss = 3.681115
[e244 s1000/1030] loss = 3.595529
Epoch 244: train_loss = 3.556742  MAE/GAME0 = 199.481  RMSE = 203.819  GAME1 = 205.868  GAME2 = 225.947  GAME3 = 246.125  lr = 1.98e-05  time = 9.4s
[e245 s0001/1030] loss = 3.648023
[e245 s0050/1030] loss = 3.463119
[e245 s0100/1030] loss = 2.845379
[e245 s0150/1030] loss = 2.360237
[e245 s0200/1030] loss = 3.013866
[e245 s0250/1030] loss = 2.943558
[e245 s0300/1030] loss = 3.067107
[e245 s0350/1030] loss = 3.280260
[e245 s0400/1030] loss = 3.203553
[e245 s0450/1030] loss = 3.101063
[e245 s0500/1030] loss = 2.991011
[e245 s0550/1030] loss = 3.192879
[e245 s0600/1030] loss = 3.379422
[e245 s0650/1030] loss = 3.306362
[e245 s0700/1030] loss = 3.268107
[e245 s0750/1030] loss = 3.230747
[e245 s0800/1030] loss = 3.249932
[e245 s0850/1030] loss = 3.166341
[e245 s0900/1030] loss = 3.146765
[e245 s0950/1030] loss = 3.082152
[e245 s1000/1030] loss = 3.044578
Epoch 245: train_loss = 3.015437  MAE/GAME0 = 213.191  RMSE = 217.196  GAME1 = 219.080  GAME2 = 238.185  GAME3 = 258.291  lr = 1.96e-05  time = 9.5s
[e246 s0001/1030] loss = 0.371544
[e246 s0050/1030] loss = 3.091714
[e246 s0100/1030] loss = 2.750786
[e246 s0150/1030] loss = 2.253904
[e246 s0200/1030] loss = 2.202835
[e246 s0250/1030] loss = 2.258503
[e246 s0300/1030] loss = 2.189679
[e246 s0350/1030] loss = 2.998984
[e246 s0400/1030] loss = 3.148896
[e246 s0450/1030] loss = 3.071533
[e246 s0500/1030] loss = 2.965429
[e246 s0550/1030] loss = 2.900462
[e246 s0600/1030] loss = 2.881938
[e246 s0650/1030] loss = 2.958473
[e246 s0700/1030] loss = 2.992581
[e246 s0750/1030] loss = 2.988844
[e246 s0800/1030] loss = 2.902555
[e246 s0850/1030] loss = 3.113501
[e246 s0900/1030] loss = 3.090715
[e246 s0950/1030] loss = 3.020862
[e246 s1000/1030] loss = 2.948352
Epoch 246: train_loss = 2.945358  MAE/GAME0 = 186.411  RMSE = 191.148  GAME1 = 193.580  GAME2 = 214.958  GAME3 = 235.193  lr = 1.94e-05  time = 9.8s
[e247 s0001/1030] loss = 0.617170
[e247 s0050/1030] loss = 1.978545
[e247 s0100/1030] loss = 2.182252
[e247 s0150/1030] loss = 2.076307
[e247 s0200/1030] loss = 2.340749
[e247 s0250/1030] loss = 2.528438
[e247 s0300/1030] loss = 2.378967
[e247 s0350/1030] loss = 2.200360
[e247 s0400/1030] loss = 2.259613
[e247 s0450/1030] loss = 2.259155
[e247 s0500/1030] loss = 2.199616
[e247 s0550/1030] loss = 2.207097
[e247 s0600/1030] loss = 2.255539
[e247 s0650/1030] loss = 2.766520
[e247 s0700/1030] loss = 2.733722
[e247 s0750/1030] loss = 2.814549
[e247 s0800/1030] loss = 2.869312
[e247 s0850/1030] loss = 2.794434
[e247 s0900/1030] loss = 2.758966
[e247 s0950/1030] loss = 2.742740
[e247 s1000/1030] loss = 2.680598
Epoch 247: train_loss = 2.666454  MAE/GAME0 = 198.317  RMSE = 202.687  GAME1 = 204.706  GAME2 = 224.804  GAME3 = 244.986  lr = 1.92e-05  time = 9.5s
[e248 s0001/1030] loss = 0.523874
[e248 s0050/1030] loss = 3.324027
[e248 s0100/1030] loss = 4.450622
[e248 s0150/1030] loss = 4.157291
[e248 s0200/1030] loss = 3.560326
[e248 s0250/1030] loss = 3.783644
[e248 s0300/1030] loss = 3.798013
[e248 s0350/1030] loss = 3.635457
[e248 s0400/1030] loss = 3.413141
[e248 s0450/1030] loss = 3.336914
[e248 s0500/1030] loss = 3.683671
[e248 s0550/1030] loss = 3.559761
[e248 s0600/1030] loss = 3.510354
[e248 s0650/1030] loss = 3.410937
[e248 s0700/1030] loss = 3.368668
[e248 s0750/1030] loss = 3.395655
[e248 s0800/1030] loss = 3.326824
[e248 s0850/1030] loss = 3.415064
[e248 s0900/1030] loss = 3.377418
[e248 s0950/1030] loss = 3.327583
[e248 s1000/1030] loss = 3.246590
Epoch 248: train_loss = 3.257718  MAE/GAME0 = 230.701  RMSE = 234.385  GAME1 = 235.834  GAME2 = 253.552  GAME3 = 273.539  lr = 1.90e-05  time = 9.5s
[e249 s0001/1030] loss = 1.019087
[e249 s0050/1030] loss = 2.175380
[e249 s0100/1030] loss = 4.230652
[e249 s0150/1030] loss = 3.803846
[e249 s0200/1030] loss = 3.288686
[e249 s0250/1030] loss = 3.168149
[e249 s0300/1030] loss = 3.026046
[e249 s0350/1030] loss = 2.926616
[e249 s0400/1030] loss = 2.751241
[e249 s0450/1030] loss = 2.779926
[e249 s0500/1030] loss = 2.649796
[e249 s0550/1030] loss = 2.683982
[e249 s0600/1030] loss = 2.580346
[e249 s0650/1030] loss = 2.525037
[e249 s0700/1030] loss = 2.471175
[e249 s0750/1030] loss = 2.767951
[e249 s0800/1030] loss = 2.793833
[e249 s0850/1030] loss = 2.783581
[e249 s0900/1030] loss = 2.732332
[e249 s0950/1030] loss = 2.723671
[e249 s1000/1030] loss = 2.775063
Epoch 249: train_loss = 2.720652  MAE/GAME0 = 203.105  RMSE = 207.348  GAME1 = 209.288  GAME2 = 228.954  GAME3 = 249.086  lr = 1.88e-05  time = 9.5s
[e250 s0001/1030] loss = 0.753414
[e250 s0050/1030] loss = 2.210710
[e250 s0100/1030] loss = 1.889211
[e250 s0150/1030] loss = 2.109689
[e250 s0200/1030] loss = 2.252659
[e250 s0250/1030] loss = 2.213969
[e250 s0300/1030] loss = 2.126764
[e250 s0350/1030] loss = 2.520555
[e250 s0400/1030] loss = 2.830954
[e250 s0450/1030] loss = 2.809333
[e250 s0500/1030] loss = 2.753834
[e250 s0550/1030] loss = 2.802882
[e250 s0600/1030] loss = 2.756398
[e250 s0650/1030] loss = 2.624450
[e250 s0700/1030] loss = 2.558837
[e250 s0750/1030] loss = 2.518493
[e250 s0800/1030] loss = 2.511451
[e250 s0850/1030] loss = 2.922663
[e250 s0900/1030] loss = 2.901718
[e250 s0950/1030] loss = 2.840894
[e250 s1000/1030] loss = 2.932654
Epoch 250: train_loss = 2.931301  MAE/GAME0 = 231.042  RMSE = 234.721  GAME1 = 236.259  GAME2 = 254.220  GAME3 = 274.267  lr = 1.86e-05  time = 9.6s
[e251 s0001/1030] loss = 2.530569
[e251 s0050/1030] loss = 2.175080
[e251 s0100/1030] loss = 2.912976
[e251 s0150/1030] loss = 4.217386
[e251 s0200/1030] loss = 3.785494
[e251 s0250/1030] loss = 3.504518
[e251 s0300/1030] loss = 3.686227
[e251 s0350/1030] loss = 3.447060
[e251 s0400/1030] loss = 3.269860
[e251 s0450/1030] loss = 3.124972
[e251 s0500/1030] loss = 3.008012
[e251 s0550/1030] loss = 3.231097
[e251 s0600/1030] loss = 3.087865
[e251 s0650/1030] loss = 2.980635
[e251 s0700/1030] loss = 3.165561
[e251 s0750/1030] loss = 3.073892
[e251 s0800/1030] loss = 2.998787
[e251 s0850/1030] loss = 2.917947
[e251 s0900/1030] loss = 2.881980
[e251 s0950/1030] loss = 3.020512
[e251 s1000/1030] loss = 2.962421
Epoch 251: train_loss = 2.925174  MAE/GAME0 = 208.926  RMSE = 213.027  GAME1 = 214.894  GAME2 = 234.199  GAME3 = 254.323  lr = 1.84e-05  time = 9.6s
[e252 s0001/1030] loss = 0.587596
[e252 s0050/1030] loss = 2.549202
[e252 s0100/1030] loss = 2.838003
[e252 s0150/1030] loss = 2.728199
[e252 s0200/1030] loss = 2.386313
[e252 s0250/1030] loss = 2.438374
[e252 s0300/1030] loss = 2.402777
[e252 s0350/1030] loss = 2.388722
[e252 s0400/1030] loss = 2.455603
[e252 s0450/1030] loss = 2.569621
[e252 s0500/1030] loss = 2.461012
[e252 s0550/1030] loss = 2.630456
[e252 s0600/1030] loss = 2.586917
[e252 s0650/1030] loss = 2.494653
[e252 s0700/1030] loss = 2.452598
[e252 s0750/1030] loss = 2.634109
[e252 s0800/1030] loss = 2.828339
[e252 s0850/1030] loss = 2.803273
[e252 s0900/1030] loss = 2.788161
[e252 s0950/1030] loss = 2.986274
[e252 s1000/1030] loss = 2.965473
Epoch 252: train_loss = 2.957396  MAE/GAME0 = 238.938  RMSE = 242.505  GAME1 = 243.923  GAME2 = 261.184  GAME3 = 281.164  lr = 1.81e-05  time = 9.5s
[e253 s0001/1030] loss = 0.781913
[e253 s0050/1030] loss = 2.245412
[e253 s0100/1030] loss = 2.569107
[e253 s0150/1030] loss = 2.815035
[e253 s0200/1030] loss = 2.820740
[e253 s0250/1030] loss = 2.928790
[e253 s0300/1030] loss = 3.104773
[e253 s0350/1030] loss = 3.091158
[e253 s0400/1030] loss = 2.860351
[e253 s0450/1030] loss = 2.737885
[e253 s0500/1030] loss = 2.613181
[e253 s0550/1030] loss = 2.819694
[e253 s0600/1030] loss = 2.774724
[e253 s0650/1030] loss = 2.799788
[e253 s0700/1030] loss = 2.815832
[e253 s0750/1030] loss = 2.835583
[e253 s0800/1030] loss = 2.814840
[e253 s0850/1030] loss = 2.716819
[e253 s0900/1030] loss = 2.735870
[e253 s0950/1030] loss = 2.695510
[e253 s1000/1030] loss = 2.668959
Epoch 253: train_loss = 2.685357  MAE/GAME0 = 192.788  RMSE = 197.320  GAME1 = 199.486  GAME2 = 220.043  GAME3 = 240.246  lr = 1.79e-05  time = 9.5s
[e254 s0001/1030] loss = 1.098176
[e254 s0050/1030] loss = 1.796177
[e254 s0100/1030] loss = 2.231771
[e254 s0150/1030] loss = 3.300005
[e254 s0200/1030] loss = 3.093017
[e254 s0250/1030] loss = 3.249223
[e254 s0300/1030] loss = 3.013124
[e254 s0350/1030] loss = 2.882540
[e254 s0400/1030] loss = 2.818718
[e254 s0450/1030] loss = 2.779065
[e254 s0500/1030] loss = 2.780441
[e254 s0550/1030] loss = 2.694508
[e254 s0600/1030] loss = 2.634366
[e254 s0650/1030] loss = 2.577268
[e254 s0700/1030] loss = 2.504009
[e254 s0750/1030] loss = 2.460726
[e254 s0800/1030] loss = 2.395872
[e254 s0850/1030] loss = 2.348806
[e254 s0900/1030] loss = 2.327939
[e254 s0950/1030] loss = 2.324096
[e254 s1000/1030] loss = 2.381210
Epoch 254: train_loss = 2.394452  MAE/GAME0 = 214.405  RMSE = 218.385  GAME1 = 220.255  GAME2 = 239.574  GAME3 = 259.774  lr = 1.77e-05  time = 9.7s
[e255 s0001/1030] loss = 1.494213
[e255 s0050/1030] loss = 4.794426
[e255 s0100/1030] loss = 3.623409
[e255 s0150/1030] loss = 3.202664
[e255 s0200/1030] loss = 2.926569
[e255 s0250/1030] loss = 2.674326
[e255 s0300/1030] loss = 2.509835
[e255 s0350/1030] loss = 2.453843
[e255 s0400/1030] loss = 2.547614
[e255 s0450/1030] loss = 2.522872
[e255 s0500/1030] loss = 2.631350
[e255 s0550/1030] loss = 2.733432
[e255 s0600/1030] loss = 2.674103
[e255 s0650/1030] loss = 2.700492
[e255 s0700/1030] loss = 2.695304
[e255 s0750/1030] loss = 2.640514
[e255 s0800/1030] loss = 2.650442
[e255 s0850/1030] loss = 2.573189
[e255 s0900/1030] loss = 2.735418
[e255 s0950/1030] loss = 2.695807
[e255 s1000/1030] loss = 2.625539
Epoch 255: train_loss = 2.653768  MAE/GAME0 = 195.562  RMSE = 200.011  GAME1 = 202.222  GAME2 = 222.801  GAME3 = 243.026  lr = 1.75e-05  time = 9.7s
[e256 s0001/1030] loss = 19.000763
[e256 s0050/1030] loss = 3.327965
[e256 s0100/1030] loss = 3.187705
[e256 s0150/1030] loss = 2.760110
[e256 s0200/1030] loss = 2.866134
[e256 s0250/1030] loss = 2.543543
[e256 s0300/1030] loss = 2.844872
[e256 s0350/1030] loss = 2.738071
[e256 s0400/1030] loss = 2.803626
[e256 s0450/1030] loss = 2.850048
[e256 s0500/1030] loss = 2.823539
[e256 s0550/1030] loss = 2.754054
[e256 s0600/1030] loss = 2.850612
[e256 s0650/1030] loss = 2.784871
[e256 s0700/1030] loss = 2.706491
[e256 s0750/1030] loss = 2.680642
[e256 s0800/1030] loss = 2.782717
[e256 s0850/1030] loss = 2.892659
[e256 s0900/1030] loss = 2.884839
[e256 s0950/1030] loss = 2.821605
[e256 s1000/1030] loss = 2.811276
Epoch 256: train_loss = 2.797292  MAE/GAME0 = 212.647  RMSE = 216.665  GAME1 = 218.493  GAME2 = 237.632  GAME3 = 257.765  lr = 1.73e-05  time = 9.6s
[e257 s0001/1030] loss = 0.320220
[e257 s0050/1030] loss = 6.046971
[e257 s0100/1030] loss = 4.636519
[e257 s0150/1030] loss = 3.779437
[e257 s0200/1030] loss = 3.375434
[e257 s0250/1030] loss = 3.383889
[e257 s0300/1030] loss = 3.179652
[e257 s0350/1030] loss = 3.992228
[e257 s0400/1030] loss = 3.759655
[e257 s0450/1030] loss = 3.541245
[e257 s0500/1030] loss = 3.485400
[e257 s0550/1030] loss = 3.349125
[e257 s0600/1030] loss = 3.415840
[e257 s0650/1030] loss = 3.315577
[e257 s0700/1030] loss = 3.390191
[e257 s0750/1030] loss = 3.234712
[e257 s0800/1030] loss = 3.130869
[e257 s0850/1030] loss = 3.191781
[e257 s0900/1030] loss = 3.202445
[e257 s0950/1030] loss = 3.314043
[e257 s1000/1030] loss = 3.241890
Epoch 257: train_loss = 3.231189  MAE/GAME0 = 216.192  RMSE = 220.135  GAME1 = 221.828  GAME2 = 240.717  GAME3 = 260.871  lr = 1.71e-05  time = 9.5s
[e258 s0001/1030] loss = 0.349043
[e258 s0050/1030] loss = 1.633117
[e258 s0100/1030] loss = 2.332350
[e258 s0150/1030] loss = 2.170282
[e258 s0200/1030] loss = 2.511274
[e258 s0250/1030] loss = 2.477535
[e258 s0300/1030] loss = 2.463817
[e258 s0350/1030] loss = 2.591295
[e258 s0400/1030] loss = 2.482055
[e258 s0450/1030] loss = 2.516878
[e258 s0500/1030] loss = 2.544312
[e258 s0550/1030] loss = 2.513595
[e258 s0600/1030] loss = 2.577508
[e258 s0650/1030] loss = 2.535576
[e258 s0700/1030] loss = 3.029274
[e258 s0750/1030] loss = 2.996432
[e258 s0800/1030] loss = 3.162019
[e258 s0850/1030] loss = 3.088958
[e258 s0900/1030] loss = 3.117168
[e258 s0950/1030] loss = 3.057799
[e258 s1000/1030] loss = 3.082158
Epoch 258: train_loss = 3.137216  MAE/GAME0 = 249.415  RMSE = 252.861  GAME1 = 254.078  GAME2 = 270.199  GAME3 = 289.980  lr = 1.69e-05  time = 9.5s
[e259 s0001/1030] loss = 5.383023
[e259 s0050/1030] loss = 4.869348
[e259 s0100/1030] loss = 3.574837
[e259 s0150/1030] loss = 2.937010
[e259 s0200/1030] loss = 2.883532
[e259 s0250/1030] loss = 2.665272
[e259 s0300/1030] loss = 2.900810
[e259 s0350/1030] loss = 3.269385
[e259 s0400/1030] loss = 3.174983
[e259 s0450/1030] loss = 3.232033
[e259 s0500/1030] loss = 3.063114
[e259 s0550/1030] loss = 3.938398
[e259 s0600/1030] loss = 3.832747
[e259 s0650/1030] loss = 3.790843
[e259 s0700/1030] loss = 3.670355
[e259 s0750/1030] loss = 3.616421
[e259 s0800/1030] loss = 3.497735
[e259 s0850/1030] loss = 3.431330
[e259 s0900/1030] loss = 3.394972
[e259 s0950/1030] loss = 3.326340
[e259 s1000/1030] loss = 3.287085
Epoch 259: train_loss = 3.379201  MAE/GAME0 = 223.343  RMSE = 227.150  GAME1 = 228.726  GAME2 = 247.028  GAME3 = 267.089  lr = 1.67e-05  time = 9.5s
[e260 s0001/1030] loss = 0.346630
[e260 s0050/1030] loss = 2.338448
[e260 s0100/1030] loss = 2.010214
[e260 s0150/1030] loss = 3.127106
[e260 s0200/1030] loss = 3.238228
[e260 s0250/1030] loss = 3.134416
[e260 s0300/1030] loss = 2.910409
[e260 s0350/1030] loss = 2.730123
[e260 s0400/1030] loss = 2.894691
[e260 s0450/1030] loss = 2.845555
[e260 s0500/1030] loss = 2.835496
[e260 s0550/1030] loss = 2.726520
[e260 s0600/1030] loss = 2.941046
[e260 s0650/1030] loss = 3.030276
[e260 s0700/1030] loss = 2.977166
[e260 s0750/1030] loss = 2.969987
[e260 s0800/1030] loss = 3.034882
[e260 s0850/1030] loss = 3.030742
[e260 s0900/1030] loss = 3.014837
[e260 s0950/1030] loss = 3.021661
[e260 s1000/1030] loss = 3.062314
Epoch 260: train_loss = 3.096818  MAE/GAME0 = 247.507  RMSE = 250.973  GAME1 = 252.256  GAME2 = 268.542  GAME3 = 288.340  lr = 1.65e-05  time = 9.7s
[e261 s0001/1030] loss = 2.680700
[e261 s0050/1030] loss = 3.000179
[e261 s0100/1030] loss = 4.563414
[e261 s0150/1030] loss = 3.596046
[e261 s0200/1030] loss = 5.727498
[e261 s0250/1030] loss = 5.683443
[e261 s0300/1030] loss = 5.088740
[e261 s0350/1030] loss = 4.826248
[e261 s0400/1030] loss = 4.829285
[e261 s0450/1030] loss = 4.628996
[e261 s0500/1030] loss = 4.454019
[e261 s0550/1030] loss = 4.225996
[e261 s0600/1030] loss = 4.079463
[e261 s0650/1030] loss = 4.027043
[e261 s0700/1030] loss = 3.894781
[e261 s0750/1030] loss = 3.728003
[e261 s0800/1030] loss = 3.603264
[e261 s0850/1030] loss = 3.489737
[e261 s0900/1030] loss = 3.556190
[e261 s0950/1030] loss = 3.503649
[e261 s1000/1030] loss = 3.493610
Epoch 261: train_loss = 3.428482  MAE/GAME0 = 210.435  RMSE = 214.501  GAME1 = 216.320  GAME2 = 235.463  GAME3 = 255.574  lr = 1.63e-05  time = 9.5s
[e262 s0001/1030] loss = 5.021877
[e262 s0050/1030] loss = 1.861466
[e262 s0100/1030] loss = 1.734156
[e262 s0150/1030] loss = 1.860608
[e262 s0200/1030] loss = 2.227764
[e262 s0250/1030] loss = 2.282216
[e262 s0300/1030] loss = 2.775524
[e262 s0350/1030] loss = 2.739860
[e262 s0400/1030] loss = 3.199953
[e262 s0450/1030] loss = 3.209160
[e262 s0500/1030] loss = 3.048466
[e262 s0550/1030] loss = 2.931393
[e262 s0600/1030] loss = 2.878300
[e262 s0650/1030] loss = 3.191167
[e262 s0700/1030] loss = 3.175627
[e262 s0750/1030] loss = 3.224479
[e262 s0800/1030] loss = 3.208859
[e262 s0850/1030] loss = 3.121328
[e262 s0900/1030] loss = 3.058016
[e262 s0950/1030] loss = 3.095054
[e262 s1000/1030] loss = 3.009093
Epoch 262: train_loss = 2.969031  MAE/GAME0 = 192.728  RMSE = 197.262  GAME1 = 199.507  GAME2 = 219.960  GAME3 = 240.100  lr = 1.61e-05  time = 9.5s
[e263 s0001/1030] loss = 4.736003
[e263 s0050/1030] loss = 3.177859
[e263 s0100/1030] loss = 4.729776
[e263 s0150/1030] loss = 3.819572
[e263 s0200/1030] loss = 3.268712
[e263 s0250/1030] loss = 3.124315
[e263 s0300/1030] loss = 3.377260
[e263 s0350/1030] loss = 3.186577
[e263 s0400/1030] loss = 3.732156
[e263 s0450/1030] loss = 3.482228
[e263 s0500/1030] loss = 3.391853
[e263 s0550/1030] loss = 3.354916
[e263 s0600/1030] loss = 3.457228
[e263 s0650/1030] loss = 3.319468
[e263 s0700/1030] loss = 3.247998
[e263 s0750/1030] loss = 3.189555
[e263 s0800/1030] loss = 3.108641
[e263 s0850/1030] loss = 3.081049
[e263 s0900/1030] loss = 3.089214
[e263 s0950/1030] loss = 3.125705
[e263 s1000/1030] loss = 3.116214
Epoch 263: train_loss = 3.085393  MAE/GAME0 = 226.084  RMSE = 229.843  GAME1 = 231.383  GAME2 = 249.358  GAME3 = 269.340  lr = 1.59e-05  time = 9.8s
[e264 s0001/1030] loss = 0.618855
[e264 s0050/1030] loss = 4.995442
[e264 s0100/1030] loss = 3.482868
[e264 s0150/1030] loss = 3.117038
[e264 s0200/1030] loss = 2.894158
[e264 s0250/1030] loss = 2.780872
[e264 s0300/1030] loss = 2.653124
[e264 s0350/1030] loss = 2.778188
[e264 s0400/1030] loss = 2.765093
[e264 s0450/1030] loss = 3.024400
[e264 s0500/1030] loss = 3.010288
[e264 s0550/1030] loss = 3.266127
[e264 s0600/1030] loss = 3.240173
[e264 s0650/1030] loss = 3.097852
[e264 s0700/1030] loss = 3.087187
[e264 s0750/1030] loss = 3.166220
[e264 s0800/1030] loss = 3.151175
[e264 s0850/1030] loss = 3.053068
[e264 s0900/1030] loss = 3.047483
[e264 s0950/1030] loss = 3.042121
[e264 s1000/1030] loss = 3.067959
Epoch 264: train_loss = 3.052379  MAE/GAME0 = 228.065  RMSE = 231.792  GAME1 = 233.263  GAME2 = 251.085  GAME3 = 271.064  lr = 1.57e-05  time = 9.5s
[e265 s0001/1030] loss = 4.614437
[e265 s0050/1030] loss = 4.356680
[e265 s0100/1030] loss = 3.056758
[e265 s0150/1030] loss = 2.786211
[e265 s0200/1030] loss = 2.941733
[e265 s0250/1030] loss = 2.838746
[e265 s0300/1030] loss = 2.734808
[e265 s0350/1030] loss = 2.535917
[e265 s0400/1030] loss = 2.673342
[e265 s0450/1030] loss = 2.563788
[e265 s0500/1030] loss = 2.450702
[e265 s0550/1030] loss = 2.637060
[e265 s0600/1030] loss = 2.604953
[e265 s0650/1030] loss = 2.801100
[e265 s0700/1030] loss = 2.688086
[e265 s0750/1030] loss = 2.655251
[e265 s0800/1030] loss = 2.592793
[e265 s0850/1030] loss = 2.566063
[e265 s0900/1030] loss = 2.544514
[e265 s0950/1030] loss = 2.710355
[e265 s1000/1030] loss = 2.739504
Epoch 265: train_loss = 2.707872  MAE/GAME0 = 230.643  RMSE = 234.329  GAME1 = 235.818  GAME2 = 253.698  GAME3 = 273.727  lr = 1.55e-05  time = 9.5s
[e266 s0001/1030] loss = 0.512837
[e266 s0050/1030] loss = 1.574261
[e266 s0100/1030] loss = 2.787511
[e266 s0150/1030] loss = 3.079891
[e266 s0200/1030] loss = 2.633103
[e266 s0250/1030] loss = 2.401860
[e266 s0300/1030] loss = 2.464124
[e266 s0350/1030] loss = 2.431336
[e266 s0400/1030] loss = 2.482292
[e266 s0450/1030] loss = 2.582137
[e266 s0500/1030] loss = 2.556819
[e266 s0550/1030] loss = 2.496680
[e266 s0600/1030] loss = 2.504666
[e266 s0650/1030] loss = 2.509183
[e266 s0700/1030] loss = 2.514974
[e266 s0750/1030] loss = 2.969416
[e266 s0800/1030] loss = 2.884708
[e266 s0850/1030] loss = 2.894006
[e266 s0900/1030] loss = 2.924044
[e266 s0950/1030] loss = 3.136491
[e266 s1000/1030] loss = 3.113152
Epoch 266: train_loss = 3.062233  MAE/GAME0 = 237.799  RMSE = 241.382  GAME1 = 242.900  GAME2 = 260.096  GAME3 = 279.974  lr = 1.53e-05  time = 9.5s
[e267 s0001/1030] loss = 6.978300
[e267 s0050/1030] loss = 8.204864
[e267 s0100/1030] loss = 9.249017
[e267 s0150/1030] loss = 7.020398
[e267 s0200/1030] loss = 5.685334
[e267 s0250/1030] loss = 4.938486
[e267 s0300/1030] loss = 4.482147
[e267 s0350/1030] loss = 4.170191
[e267 s0400/1030] loss = 3.861072
[e267 s0450/1030] loss = 3.626444
[e267 s0500/1030] loss = 3.561759
[e267 s0550/1030] loss = 3.379960
[e267 s0600/1030] loss = 3.314723
[e267 s0650/1030] loss = 3.198163
[e267 s0700/1030] loss = 3.151481
[e267 s0750/1030] loss = 3.089989
[e267 s0800/1030] loss = 3.087422
[e267 s0850/1030] loss = 3.028906
[e267 s0900/1030] loss = 3.018658
[e267 s0950/1030] loss = 3.021390
[e267 s1000/1030] loss = 3.002998
Epoch 267: train_loss = 2.978443  MAE/GAME0 = 232.683  RMSE = 236.338  GAME1 = 237.799  GAME2 = 255.313  GAME3 = 275.243  lr = 1.51e-05  time = 9.6s
[e268 s0001/1030] loss = 0.398114
[e268 s0050/1030] loss = 3.056435
[e268 s0100/1030] loss = 3.260894
[e268 s0150/1030] loss = 2.930169
[e268 s0200/1030] loss = 2.721495
[e268 s0250/1030] loss = 2.432629
[e268 s0300/1030] loss = 2.361915
[e268 s0350/1030] loss = 3.058921
[e268 s0400/1030] loss = 2.866629
[e268 s0450/1030] loss = 2.736624
[e268 s0500/1030] loss = 2.700889
[e268 s0550/1030] loss = 2.682429
[e268 s0600/1030] loss = 2.634732
[e268 s0650/1030] loss = 2.626317
[e268 s0700/1030] loss = 2.580489
[e268 s0750/1030] loss = 2.530564
[e268 s0800/1030] loss = 3.002678
[e268 s0850/1030] loss = 3.074860
[e268 s0900/1030] loss = 3.012149
[e268 s0950/1030] loss = 2.954389
[e268 s1000/1030] loss = 2.940306
Epoch 268: train_loss = 2.958383  MAE/GAME0 = 225.484  RMSE = 229.253  GAME1 = 230.797  GAME2 = 248.985  GAME3 = 269.038  lr = 1.49e-05  time = 9.5s
[e269 s0001/1030] loss = 0.501193
[e269 s0050/1030] loss = 2.886171
[e269 s0100/1030] loss = 2.522805
[e269 s0150/1030] loss = 3.797303
[e269 s0200/1030] loss = 3.582356
[e269 s0250/1030] loss = 3.548292
[e269 s0300/1030] loss = 4.401082
[e269 s0350/1030] loss = 4.291180
[e269 s0400/1030] loss = 4.000094
[e269 s0450/1030] loss = 3.734566
[e269 s0500/1030] loss = 3.754511
[e269 s0550/1030] loss = 3.643301
[e269 s0600/1030] loss = 3.505845
[e269 s0650/1030] loss = 3.922453
[e269 s0700/1030] loss = 3.811070
[e269 s0750/1030] loss = 3.714753
[e269 s0800/1030] loss = 3.567704
[e269 s0850/1030] loss = 3.450485
[e269 s0900/1030] loss = 3.374885
[e269 s0950/1030] loss = 3.308626
[e269 s1000/1030] loss = 3.350759
Epoch 269: train_loss = 3.338696  MAE/GAME0 = 226.002  RMSE = 229.762  GAME1 = 231.374  GAME2 = 249.636  GAME3 = 269.692  lr = 1.47e-05  time = 9.6s
[e270 s0001/1030] loss = 0.464560
[e270 s0050/1030] loss = 2.253159
[e270 s0100/1030] loss = 1.965031
[e270 s0150/1030] loss = 2.148477
[e270 s0200/1030] loss = 2.451858
[e270 s0250/1030] loss = 2.910558
[e270 s0300/1030] loss = 3.029814
[e270 s0350/1030] loss = 2.830448
[e270 s0400/1030] loss = 2.804806
[e270 s0450/1030] loss = 2.769730
[e270 s0500/1030] loss = 2.828319
[e270 s0550/1030] loss = 2.794873
[e270 s0600/1030] loss = 2.750529
[e270 s0650/1030] loss = 2.757339
[e270 s0700/1030] loss = 2.685932
[e270 s0750/1030] loss = 2.761279
[e270 s0800/1030] loss = 2.707951
[e270 s0850/1030] loss = 2.672652
[e270 s0900/1030] loss = 2.674611
[e270 s0950/1030] loss = 2.754142
[e270 s1000/1030] loss = 2.821874
Epoch 270: train_loss = 2.774030  MAE/GAME0 = 212.423  RMSE = 216.445  GAME1 = 218.230  GAME2 = 237.316  GAME3 = 257.444  lr = 1.45e-05  time = 9.5s
[e271 s0001/1030] loss = 6.768051
[e271 s0050/1030] loss = 3.921401
[e271 s0100/1030] loss = 4.195503
[e271 s0150/1030] loss = 5.744638
[e271 s0200/1030] loss = 5.031995
[e271 s0250/1030] loss = 4.558145
[e271 s0300/1030] loss = 4.150518
[e271 s0350/1030] loss = 4.001555
[e271 s0400/1030] loss = 3.778002
[e271 s0450/1030] loss = 3.714217
[e271 s0500/1030] loss = 3.720290
[e271 s0550/1030] loss = 3.614966
[e271 s0600/1030] loss = 3.572993
[e271 s0650/1030] loss = 3.493296
[e271 s0700/1030] loss = 3.402289
[e271 s0750/1030] loss = 3.268819
[e271 s0800/1030] loss = 3.359051
[e271 s0850/1030] loss = 3.245189
[e271 s0900/1030] loss = 3.356922
[e271 s0950/1030] loss = 3.272416
[e271 s1000/1030] loss = 3.266694
Epoch 271: train_loss = 3.264049  MAE/GAME0 = 210.551  RMSE = 214.615  GAME1 = 216.514  GAME2 = 235.883  GAME3 = 256.035  lr = 1.43e-05  time = 9.4s
[e272 s0001/1030] loss = 7.477128
[e272 s0050/1030] loss = 1.738851
[e272 s0100/1030] loss = 2.807636
[e272 s0150/1030] loss = 2.773572
[e272 s0200/1030] loss = 2.719536
[e272 s0250/1030] loss = 3.350841
[e272 s0300/1030] loss = 3.411250
[e272 s0350/1030] loss = 3.252478
[e272 s0400/1030] loss = 3.066128
[e272 s0450/1030] loss = 3.128627
[e272 s0500/1030] loss = 3.086229
[e272 s0550/1030] loss = 2.968068
[e272 s0600/1030] loss = 2.908160
[e272 s0650/1030] loss = 2.851774
[e272 s0700/1030] loss = 2.760221
[e272 s0750/1030] loss = 2.907170
[e272 s0800/1030] loss = 2.851949
[e272 s0850/1030] loss = 2.797349
[e272 s0900/1030] loss = 2.781667
[e272 s0950/1030] loss = 2.753898
[e272 s1000/1030] loss = 2.826153
Epoch 272: train_loss = 2.820987  MAE/GAME0 = 206.217  RMSE = 210.382  GAME1 = 212.426  GAME2 = 232.163  GAME3 = 252.323  lr = 1.41e-05  time = 9.5s
[e273 s0001/1030] loss = 1.232074
[e273 s0050/1030] loss = 3.247313
[e273 s0100/1030] loss = 3.404907
[e273 s0150/1030] loss = 3.639694
[e273 s0200/1030] loss = 3.233244
[e273 s0250/1030] loss = 3.473547
[e273 s0300/1030] loss = 3.361793
[e273 s0350/1030] loss = 3.257085
[e273 s0400/1030] loss = 3.100052
[e273 s0450/1030] loss = 2.952507
[e273 s0500/1030] loss = 2.912843
[e273 s0550/1030] loss = 2.906080
[e273 s0600/1030] loss = 2.890164
[e273 s0650/1030] loss = 3.055653
[e273 s0700/1030] loss = 3.052156
[e273 s0750/1030] loss = 3.002029
[e273 s0800/1030] loss = 2.932112
[e273 s0850/1030] loss = 3.263016
[e273 s0900/1030] loss = 3.262018
[e273 s0950/1030] loss = 3.371759
[e273 s1000/1030] loss = 3.277697
Epoch 273: train_loss = 3.227859  MAE/GAME0 = 209.532  RMSE = 213.619  GAME1 = 215.546  GAME2 = 234.903  GAME3 = 255.024  lr = 1.39e-05  time = 9.6s
[e274 s0001/1030] loss = 1.172296
[e274 s0050/1030] loss = 2.436480
[e274 s0100/1030] loss = 2.060762
[e274 s0150/1030] loss = 2.082846
[e274 s0200/1030] loss = 2.235347
[e274 s0250/1030] loss = 2.545286
[e274 s0300/1030] loss = 3.163845
[e274 s0350/1030] loss = 3.054348
[e274 s0400/1030] loss = 2.861478
[e274 s0450/1030] loss = 3.120920
[e274 s0500/1030] loss = 3.104962
[e274 s0550/1030] loss = 2.981444
[e274 s0600/1030] loss = 2.898844
[e274 s0650/1030] loss = 2.993831
[e274 s0700/1030] loss = 3.069692
[e274 s0750/1030] loss = 2.984174
[e274 s0800/1030] loss = 2.942952
[e274 s0850/1030] loss = 3.016373
[e274 s0900/1030] loss = 2.977950
[e274 s0950/1030] loss = 2.958569
[e274 s1000/1030] loss = 3.431745
Epoch 274: train_loss = 3.411811  MAE/GAME0 = 249.199  RMSE = 252.647  GAME1 = 254.028  GAME2 = 270.493  GAME3 = 290.355  lr = 1.37e-05  time = 9.6s
[e275 s0001/1030] loss = 0.567681
[e275 s0050/1030] loss = 2.670623
[e275 s0100/1030] loss = 2.286816
[e275 s0150/1030] loss = 2.152376
[e275 s0200/1030] loss = 2.464404
[e275 s0250/1030] loss = 2.917280
[e275 s0300/1030] loss = 2.836240
[e275 s0350/1030] loss = 2.742619
[e275 s0400/1030] loss = 2.784346
[e275 s0450/1030] loss = 3.373825
[e275 s0500/1030] loss = 3.193680
[e275 s0550/1030] loss = 3.235295
[e275 s0600/1030] loss = 3.478517
[e275 s0650/1030] loss = 3.299701
[e275 s0700/1030] loss = 3.200791
[e275 s0750/1030] loss = 3.136910
[e275 s0800/1030] loss = 3.078949
[e275 s0850/1030] loss = 3.004616
[e275 s0900/1030] loss = 2.948789
[e275 s0950/1030] loss = 2.952801
[e275 s1000/1030] loss = 2.892213
Epoch 275: train_loss = 2.889882  MAE/GAME0 = 205.228  RMSE = 209.417  GAME1 = 211.382  GAME2 = 231.126  GAME3 = 251.304  lr = 1.35e-05  time = 9.6s
[e276 s0001/1030] loss = 0.536859
[e276 s0050/1030] loss = 4.105873
[e276 s0100/1030] loss = 3.829168
[e276 s0150/1030] loss = 3.532543
[e276 s0200/1030] loss = 3.204011
[e276 s0250/1030] loss = 2.941666
[e276 s0300/1030] loss = 3.092213
[e276 s0350/1030] loss = 2.934379
[e276 s0400/1030] loss = 2.726198
[e276 s0450/1030] loss = 2.628725
[e276 s0500/1030] loss = 2.631265
[e276 s0550/1030] loss = 2.582934
[e276 s0600/1030] loss = 2.516675
[e276 s0650/1030] loss = 2.449720
[e276 s0700/1030] loss = 2.456987
[e276 s0750/1030] loss = 2.375885
[e276 s0800/1030] loss = 2.372585
[e276 s0850/1030] loss = 2.499484
[e276 s0900/1030] loss = 2.526149
[e276 s0950/1030] loss = 2.668522
[e276 s1000/1030] loss = 2.667260
Epoch 276: train_loss = 2.656374  MAE/GAME0 = 238.600  RMSE = 242.172  GAME1 = 243.611  GAME2 = 260.843  GAME3 = 280.793  lr = 1.33e-05  time = 9.6s
[e277 s0001/1030] loss = 1.306563
[e277 s0050/1030] loss = 1.851486
[e277 s0100/1030] loss = 2.057717
[e277 s0150/1030] loss = 2.315779
[e277 s0200/1030] loss = 2.413598
[e277 s0250/1030] loss = 2.406548
[e277 s0300/1030] loss = 3.208964
[e277 s0350/1030] loss = 3.089004
[e277 s0400/1030] loss = 2.870818
[e277 s0450/1030] loss = 2.843025
[e277 s0500/1030] loss = 3.259761
[e277 s0550/1030] loss = 3.246639
[e277 s0600/1030] loss = 3.228754
[e277 s0650/1030] loss = 3.104386
[e277 s0700/1030] loss = 3.148839
[e277 s0750/1030] loss = 3.379464
[e277 s0800/1030] loss = 3.406928
[e277 s0850/1030] loss = 3.322481
[e277 s0900/1030] loss = 3.283561
[e277 s0950/1030] loss = 3.277552
[e277 s1000/1030] loss = 3.318881
Epoch 277: train_loss = 3.295491  MAE/GAME0 = 225.927  RMSE = 229.689  GAME1 = 231.250  GAME2 = 249.430  GAME3 = 269.475  lr = 1.31e-05  time = 9.6s
[e278 s0001/1030] loss = 0.835609
[e278 s0050/1030] loss = 1.737085
[e278 s0100/1030] loss = 2.044556
[e278 s0150/1030] loss = 3.189938
[e278 s0200/1030] loss = 2.898516
[e278 s0250/1030] loss = 3.918007
[e278 s0300/1030] loss = 4.124483
[e278 s0350/1030] loss = 3.959930
[e278 s0400/1030] loss = 4.170246
[e278 s0450/1030] loss = 3.971374
[e278 s0500/1030] loss = 3.799442
[e278 s0550/1030] loss = 3.853319
[e278 s0600/1030] loss = 3.676788
[e278 s0650/1030] loss = 3.578339
[e278 s0700/1030] loss = 3.478933
[e278 s0750/1030] loss = 3.421188
[e278 s0800/1030] loss = 3.352743
[e278 s0850/1030] loss = 3.250814
[e278 s0900/1030] loss = 3.209465
[e278 s0950/1030] loss = 3.125445
[e278 s1000/1030] loss = 3.078016
Epoch 278: train_loss = 3.117828  MAE/GAME0 = 214.921  RMSE = 218.890  GAME1 = 220.605  GAME2 = 239.372  GAME3 = 259.456  lr = 1.29e-05  time = 9.5s
[e279 s0001/1030] loss = 0.651104
[e279 s0050/1030] loss = 3.565573
[e279 s0100/1030] loss = 2.699277
[e279 s0150/1030] loss = 3.410693
[e279 s0200/1030] loss = 2.970342
[e279 s0250/1030] loss = 2.785771
[e279 s0300/1030] loss = 2.770090
[e279 s0350/1030] loss = 2.672525
[e279 s0400/1030] loss = 2.737415
[e279 s0450/1030] loss = 2.789066
[e279 s0500/1030] loss = 3.221846
[e279 s0550/1030] loss = 3.205793
[e279 s0600/1030] loss = 3.090067
[e279 s0650/1030] loss = 3.051734
[e279 s0700/1030] loss = 3.384440
[e279 s0750/1030] loss = 3.474796
[e279 s0800/1030] loss = 3.358089
[e279 s0850/1030] loss = 3.370478
[e279 s0900/1030] loss = 3.358754
[e279 s0950/1030] loss = 3.277926
[e279 s1000/1030] loss = 3.237785
Epoch 279: train_loss = 3.206562  MAE/GAME0 = 244.250  RMSE = 247.752  GAME1 = 249.119  GAME2 = 265.675  GAME3 = 285.507  lr = 1.27e-05  time = 9.6s
[e280 s0001/1030] loss = 0.541449
[e280 s0050/1030] loss = 2.353273
[e280 s0100/1030] loss = 1.910763
[e280 s0150/1030] loss = 4.533352
[e280 s0200/1030] loss = 3.919248
[e280 s0250/1030] loss = 3.558851
[e280 s0300/1030] loss = 3.413106
[e280 s0350/1030] loss = 3.179203
[e280 s0400/1030] loss = 3.099614
[e280 s0450/1030] loss = 2.976924
[e280 s0500/1030] loss = 3.072411
[e280 s0550/1030] loss = 3.020689
[e280 s0600/1030] loss = 3.059303
[e280 s0650/1030] loss = 2.950187
[e280 s0700/1030] loss = 2.877163
[e280 s0750/1030] loss = 2.969846
[e280 s0800/1030] loss = 2.909357
[e280 s0850/1030] loss = 2.898606
[e280 s0900/1030] loss = 2.927671
[e280 s0950/1030] loss = 2.888446
[e280 s1000/1030] loss = 2.846372
Epoch 280: train_loss = 2.848798  MAE/GAME0 = 211.725  RMSE = 215.763  GAME1 = 217.581  GAME2 = 236.684  GAME3 = 256.799  lr = 1.25e-05  time = 9.5s
[e281 s0001/1030] loss = 1.587392
[e281 s0050/1030] loss = 2.031387
[e281 s0100/1030] loss = 3.664274
[e281 s0150/1030] loss = 4.854376
[e281 s0200/1030] loss = 4.127013
[e281 s0250/1030] loss = 3.954623
[e281 s0300/1030] loss = 3.614938
[e281 s0350/1030] loss = 3.468154
[e281 s0400/1030] loss = 3.695842
[e281 s0450/1030] loss = 3.503000
[e281 s0500/1030] loss = 3.508246
[e281 s0550/1030] loss = 3.664198
[e281 s0600/1030] loss = 4.116905
[e281 s0650/1030] loss = 4.002987
[e281 s0700/1030] loss = 3.806890
[e281 s0750/1030] loss = 3.808306
[e281 s0800/1030] loss = 3.707659
[e281 s0850/1030] loss = 3.626968
[e281 s0900/1030] loss = 3.565917
[e281 s0950/1030] loss = 3.540698
[e281 s1000/1030] loss = 3.433665
Epoch 281: train_loss = 3.426671  MAE/GAME0 = 227.561  RMSE = 231.295  GAME1 = 232.812  GAME2 = 250.702  GAME3 = 270.675  lr = 1.23e-05  time = 9.6s
[e282 s0001/1030] loss = 0.530007
[e282 s0050/1030] loss = 2.326619
[e282 s0100/1030] loss = 2.285332
[e282 s0150/1030] loss = 2.801462
[e282 s0200/1030] loss = 3.099521
[e282 s0250/1030] loss = 3.023916
[e282 s0300/1030] loss = 2.922013
[e282 s0350/1030] loss = 2.942440
[e282 s0400/1030] loss = 3.172685
[e282 s0450/1030] loss = 3.296437
[e282 s0500/1030] loss = 3.147323
[e282 s0550/1030] loss = 3.020817
[e282 s0600/1030] loss = 2.959471
[e282 s0650/1030] loss = 2.925687
[e282 s0700/1030] loss = 2.861839
[e282 s0750/1030] loss = 2.875920
[e282 s0800/1030] loss = 2.951012
[e282 s0850/1030] loss = 3.088965
[e282 s0900/1030] loss = 3.000613
[e282 s0950/1030] loss = 2.996644
[e282 s1000/1030] loss = 2.923365
Epoch 282: train_loss = 2.908986  MAE/GAME0 = 201.198  RMSE = 205.490  GAME1 = 207.526  GAME2 = 227.319  GAME3 = 247.437  lr = 1.22e-05  time = 9.6s
[e283 s0001/1030] loss = 1.062336
[e283 s0050/1030] loss = 2.439776
[e283 s0100/1030] loss = 2.539028
[e283 s0150/1030] loss = 2.623196
[e283 s0200/1030] loss = 2.810678
[e283 s0250/1030] loss = 2.643475
[e283 s0300/1030] loss = 2.548602
[e283 s0350/1030] loss = 3.153068
[e283 s0400/1030] loss = 3.230189
[e283 s0450/1030] loss = 3.061238
[e283 s0500/1030] loss = 2.944633
[e283 s0550/1030] loss = 2.878459
[e283 s0600/1030] loss = 2.862087
[e283 s0650/1030] loss = 2.856925
[e283 s0700/1030] loss = 2.849184
[e283 s0750/1030] loss = 2.774104
[e283 s0800/1030] loss = 2.767532
[e283 s0850/1030] loss = 2.737799
[e283 s0900/1030] loss = 2.763955
[e283 s0950/1030] loss = 2.811162
[e283 s1000/1030] loss = 2.783289
Epoch 283: train_loss = 2.746467  MAE/GAME0 = 220.811  RMSE = 224.664  GAME1 = 226.348  GAME2 = 244.921  GAME3 = 265.012  lr = 1.20e-05  time = 9.6s
[e284 s0001/1030] loss = 0.393506
[e284 s0050/1030] loss = 2.989139
[e284 s0100/1030] loss = 2.323955
[e284 s0150/1030] loss = 2.722751
[e284 s0200/1030] loss = 2.644794
[e284 s0250/1030] loss = 2.628202
[e284 s0300/1030] loss = 3.147284
[e284 s0350/1030] loss = 2.877444
[e284 s0400/1030] loss = 2.808318
[e284 s0450/1030] loss = 2.839504
[e284 s0500/1030] loss = 2.760452
[e284 s0550/1030] loss = 2.629357
[e284 s0600/1030] loss = 2.620725
[e284 s0650/1030] loss = 2.532098
[e284 s0700/1030] loss = 2.591859
[e284 s0750/1030] loss = 2.586494
[e284 s0800/1030] loss = 2.543924
[e284 s0850/1030] loss = 2.610460
[e284 s0900/1030] loss = 2.589139
[e284 s0950/1030] loss = 2.685070
[e284 s1000/1030] loss = 2.672565
Epoch 284: train_loss = 2.679128  MAE/GAME0 = 220.420  RMSE = 224.280  GAME1 = 225.921  GAME2 = 244.601  GAME3 = 264.748  lr = 1.18e-05  time = 9.4s
[e285 s0001/1030] loss = 0.311457
[e285 s0050/1030] loss = 2.113528
[e285 s0100/1030] loss = 2.846948
[e285 s0150/1030] loss = 2.636090
[e285 s0200/1030] loss = 3.291194
[e285 s0250/1030] loss = 2.965857
[e285 s0300/1030] loss = 3.008101
[e285 s0350/1030] loss = 2.897207
[e285 s0400/1030] loss = 3.038580
[e285 s0450/1030] loss = 2.859410
[e285 s0500/1030] loss = 2.946312
[e285 s0550/1030] loss = 2.862650
[e285 s0600/1030] loss = 2.985245
[e285 s0650/1030] loss = 2.951786
[e285 s0700/1030] loss = 2.858795
[e285 s0750/1030] loss = 2.827407
[e285 s0800/1030] loss = 2.784283
[e285 s0850/1030] loss = 2.750913
[e285 s0900/1030] loss = 2.907030
[e285 s0950/1030] loss = 2.860686
[e285 s1000/1030] loss = 2.891657
Epoch 285: train_loss = 2.880940  MAE/GAME0 = 210.154  RMSE = 214.226  GAME1 = 216.119  GAME2 = 235.669  GAME3 = 255.878  lr = 1.16e-05  time = 9.5s
[e286 s0001/1030] loss = 0.473641
[e286 s0050/1030] loss = 1.028672
[e286 s0100/1030] loss = 1.790593
[e286 s0150/1030] loss = 1.627144
[e286 s0200/1030] loss = 2.362465
[e286 s0250/1030] loss = 2.235160
[e286 s0300/1030] loss = 2.241288
[e286 s0350/1030] loss = 2.130211
[e286 s0400/1030] loss = 2.109484
[e286 s0450/1030] loss = 2.247317
[e286 s0500/1030] loss = 2.226003
[e286 s0550/1030] loss = 2.220671
[e286 s0600/1030] loss = 2.205688
[e286 s0650/1030] loss = 2.564806
[e286 s0700/1030] loss = 2.521260
[e286 s0750/1030] loss = 2.501540
[e286 s0800/1030] loss = 2.470315
[e286 s0850/1030] loss = 2.456850
[e286 s0900/1030] loss = 2.479472
[e286 s0950/1030] loss = 2.487826
[e286 s1000/1030] loss = 2.699930
Epoch 286: train_loss = 2.666176  MAE/GAME0 = 246.136  RMSE = 249.617  GAME1 = 250.939  GAME2 = 267.603  GAME3 = 287.531  lr = 1.14e-05  time = 9.6s
[e287 s0001/1030] loss = 0.526628
[e287 s0050/1030] loss = 2.951428
[e287 s0100/1030] loss = 2.302330
[e287 s0150/1030] loss = 2.484545
[e287 s0200/1030] loss = 2.431191
[e287 s0250/1030] loss = 2.685635
[e287 s0300/1030] loss = 2.588477
[e287 s0350/1030] loss = 2.786163
[e287 s0400/1030] loss = 3.027458
[e287 s0450/1030] loss = 2.912477
[e287 s0500/1030] loss = 2.961848
[e287 s0550/1030] loss = 2.963712
[e287 s0600/1030] loss = 2.937579
[e287 s0650/1030] loss = 2.910670
[e287 s0700/1030] loss = 2.905514
[e287 s0750/1030] loss = 3.547199
[e287 s0800/1030] loss = 3.433060
[e287 s0850/1030] loss = 3.358522
[e287 s0900/1030] loss = 3.277692
[e287 s0950/1030] loss = 3.321223
[e287 s1000/1030] loss = 3.366789
Epoch 287: train_loss = 3.332112  MAE/GAME0 = 219.610  RMSE = 223.485  GAME1 = 225.117  GAME2 = 243.726  GAME3 = 263.834  lr = 1.12e-05  time = 9.6s
[e288 s0001/1030] loss = 28.409601
[e288 s0050/1030] loss = 3.032849
[e288 s0100/1030] loss = 2.495363
[e288 s0150/1030] loss = 2.262959
[e288 s0200/1030] loss = 2.237820
[e288 s0250/1030] loss = 3.436613
[e288 s0300/1030] loss = 3.753738
[e288 s0350/1030] loss = 3.390365
[e288 s0400/1030] loss = 3.281260
[e288 s0450/1030] loss = 3.087231
[e288 s0500/1030] loss = 2.980388
[e288 s0550/1030] loss = 2.845802
[e288 s0600/1030] loss = 2.764525
[e288 s0650/1030] loss = 2.790720
[e288 s0700/1030] loss = 2.870925
[e288 s0750/1030] loss = 2.829488
[e288 s0800/1030] loss = 2.853551
[e288 s0850/1030] loss = 2.845235
[e288 s0900/1030] loss = 2.810523
[e288 s0950/1030] loss = 2.737220
[e288 s1000/1030] loss = 2.694914
Epoch 288: train_loss = 2.666843  MAE/GAME0 = 210.590  RMSE = 214.652  GAME1 = 216.334  GAME2 = 235.563  GAME3 = 255.756  lr = 1.11e-05  time = 9.6s
[e289 s0001/1030] loss = 1.213705
[e289 s0050/1030] loss = 5.016335
[e289 s0100/1030] loss = 4.235911
[e289 s0150/1030] loss = 3.910446
[e289 s0200/1030] loss = 3.468928
[e289 s0250/1030] loss = 3.370569
[e289 s0300/1030] loss = 3.360153
[e289 s0350/1030] loss = 3.087553
[e289 s0400/1030] loss = 2.980059
[e289 s0450/1030] loss = 2.894119
[e289 s0500/1030] loss = 2.945988
[e289 s0550/1030] loss = 2.920886
[e289 s0600/1030] loss = 2.898951
[e289 s0650/1030] loss = 2.833077
[e289 s0700/1030] loss = 2.781007
[e289 s0750/1030] loss = 2.733168
[e289 s0800/1030] loss = 2.866082
[e289 s0850/1030] loss = 2.849083
[e289 s0900/1030] loss = 2.926787
[e289 s0950/1030] loss = 3.150048
[e289 s1000/1030] loss = 3.150106
Epoch 289: train_loss = 3.101233  MAE/GAME0 = 226.450  RMSE = 230.203  GAME1 = 231.704  GAME2 = 249.738  GAME3 = 269.762  lr = 1.09e-05  time = 9.5s
[e290 s0001/1030] loss = 0.939720
[e290 s0050/1030] loss = 8.002689
[e290 s0100/1030] loss = 6.044208
[e290 s0150/1030] loss = 4.782639
[e290 s0200/1030] loss = 4.060512
[e290 s0250/1030] loss = 3.723677
[e290 s0300/1030] loss = 3.943148
[e290 s0350/1030] loss = 3.877108
[e290 s0400/1030] loss = 3.731157
[e290 s0450/1030] loss = 3.612905
[e290 s0500/1030] loss = 3.528720
[e290 s0550/1030] loss = 3.373532
[e290 s0600/1030] loss = 3.170686
[e290 s0650/1030] loss = 3.131823
[e290 s0700/1030] loss = 3.106080
[e290 s0750/1030] loss = 3.082312
[e290 s0800/1030] loss = 3.036457
[e290 s0850/1030] loss = 2.942276
[e290 s0900/1030] loss = 2.942729
[e290 s0950/1030] loss = 2.924552
[e290 s1000/1030] loss = 2.894680
Epoch 290: train_loss = 2.861360  MAE/GAME0 = 206.378  RMSE = 210.539  GAME1 = 212.406  GAME2 = 231.942  GAME3 = 252.105  lr = 1.07e-05  time = 9.6s
[e291 s0001/1030] loss = 0.932023
[e291 s0050/1030] loss = 2.462815
[e291 s0100/1030] loss = 2.523497
[e291 s0150/1030] loss = 2.214977
[e291 s0200/1030] loss = 2.252753
[e291 s0250/1030] loss = 2.288207
[e291 s0300/1030] loss = 2.265707
[e291 s0350/1030] loss = 2.404058
[e291 s0400/1030] loss = 2.405837
[e291 s0450/1030] loss = 2.401674
[e291 s0500/1030] loss = 2.414599
[e291 s0550/1030] loss = 2.610444
[e291 s0600/1030] loss = 2.554204
[e291 s0650/1030] loss = 2.605891
[e291 s0700/1030] loss = 2.599269
[e291 s0750/1030] loss = 2.588130
[e291 s0800/1030] loss = 2.586600
[e291 s0850/1030] loss = 2.607201
[e291 s0900/1030] loss = 2.806845
[e291 s0950/1030] loss = 2.772264
[e291 s1000/1030] loss = 2.734397
Epoch 291: train_loss = 2.729212  MAE/GAME0 = 224.891  RMSE = 228.671  GAME1 = 230.264  GAME2 = 248.466  GAME3 = 268.494  lr = 1.05e-05  time = 9.6s
[e292 s0001/1030] loss = 6.090120
[e292 s0050/1030] loss = 3.708465
[e292 s0100/1030] loss = 2.871089
[e292 s0150/1030] loss = 2.598722
[e292 s0200/1030] loss = 2.468798
[e292 s0250/1030] loss = 2.732042
[e292 s0300/1030] loss = 2.541141
[e292 s0350/1030] loss = 2.474239
[e292 s0400/1030] loss = 2.494917
[e292 s0450/1030] loss = 2.494750
[e292 s0500/1030] loss = 2.648814
[e292 s0550/1030] loss = 2.639481
[e292 s0600/1030] loss = 2.683388
[e292 s0650/1030] loss = 2.919795
[e292 s0700/1030] loss = 2.920290
[e292 s0750/1030] loss = 2.905746
[e292 s0800/1030] loss = 2.842009
[e292 s0850/1030] loss = 2.939980
[e292 s0900/1030] loss = 2.889863
[e292 s0950/1030] loss = 2.858178
[e292 s1000/1030] loss = 2.800019
Epoch 292: train_loss = 2.806870  MAE/GAME0 = 210.115  RMSE = 214.189  GAME1 = 216.042  GAME2 = 235.350  GAME3 = 255.493  lr = 1.03e-05  time = 9.5s
[e293 s0001/1030] loss = 9.490815
[e293 s0050/1030] loss = 2.291931
[e293 s0100/1030] loss = 1.819222
[e293 s0150/1030] loss = 1.971381
[e293 s0200/1030] loss = 2.379470
[e293 s0250/1030] loss = 2.517160
[e293 s0300/1030] loss = 2.975716
[e293 s0350/1030] loss = 2.962134
[e293 s0400/1030] loss = 2.842259
[e293 s0450/1030] loss = 2.714173
[e293 s0500/1030] loss = 2.817833
[e293 s0550/1030] loss = 2.783313
[e293 s0600/1030] loss = 2.669357
[e293 s0650/1030] loss = 2.787560
[e293 s0700/1030] loss = 2.716637
[e293 s0750/1030] loss = 2.720050
[e293 s0800/1030] loss = 2.742664
[e293 s0850/1030] loss = 2.790482
[e293 s0900/1030] loss = 2.785021
[e293 s0950/1030] loss = 2.768877
[e293 s1000/1030] loss = 3.170350
Epoch 293: train_loss = 3.163084  MAE/GAME0 = 243.636  RMSE = 247.145  GAME1 = 248.483  GAME2 = 265.200  GAME3 = 285.102  lr = 1.02e-05  time = 9.5s
[e294 s0001/1030] loss = 0.483915
[e294 s0050/1030] loss = 1.851182
[e294 s0100/1030] loss = 2.145869
[e294 s0150/1030] loss = 2.212668
[e294 s0200/1030] loss = 2.140261
[e294 s0250/1030] loss = 2.110489
[e294 s0300/1030] loss = 2.890499
[e294 s0350/1030] loss = 2.941335
[e294 s0400/1030] loss = 2.952923
[e294 s0450/1030] loss = 2.854552
[e294 s0500/1030] loss = 2.767892
[e294 s0550/1030] loss = 2.855692
[e294 s0600/1030] loss = 3.250738
[e294 s0650/1030] loss = 3.277957
[e294 s0700/1030] loss = 3.568738
[e294 s0750/1030] loss = 3.510809
[e294 s0800/1030] loss = 3.459946
[e294 s0850/1030] loss = 3.462770
[e294 s0900/1030] loss = 3.394023
[e294 s0950/1030] loss = 3.355352
[e294 s1000/1030] loss = 3.306526
Epoch 294: train_loss = 3.337196  MAE/GAME0 = 240.487  RMSE = 244.035  GAME1 = 245.401  GAME2 = 262.319  GAME3 = 282.228  lr = 9.99e-06  time = 9.4s
[e295 s0001/1030] loss = 0.730959
[e295 s0050/1030] loss = 6.111389
[e295 s0100/1030] loss = 4.137224
[e295 s0150/1030] loss = 3.421233
[e295 s0200/1030] loss = 3.533494
[e295 s0250/1030] loss = 3.224735
[e295 s0300/1030] loss = 3.042149
[e295 s0350/1030] loss = 3.051624
[e295 s0400/1030] loss = 2.963157
[e295 s0450/1030] loss = 2.855224
[e295 s0500/1030] loss = 2.857933
[e295 s0550/1030] loss = 2.897785
[e295 s0600/1030] loss = 3.408875
[e295 s0650/1030] loss = 3.398097
[e295 s0700/1030] loss = 3.298152
[e295 s0750/1030] loss = 3.208675
[e295 s0800/1030] loss = 3.132809
[e295 s0850/1030] loss = 3.090654
[e295 s0900/1030] loss = 3.002098
[e295 s0950/1030] loss = 2.985189
[e295 s1000/1030] loss = 2.998783
Epoch 295: train_loss = 3.036080  MAE/GAME0 = 229.120  RMSE = 232.830  GAME1 = 234.275  GAME2 = 252.149  GAME3 = 272.176  lr = 9.82e-06  time = 9.5s
[e296 s0001/1030] loss = 0.616901
[e296 s0050/1030] loss = 2.599385
[e296 s0100/1030] loss = 2.889291
[e296 s0150/1030] loss = 3.485186
[e296 s0200/1030] loss = 3.095707
[e296 s0250/1030] loss = 3.560809
[e296 s0300/1030] loss = 3.272858
[e296 s0350/1030] loss = 3.143004
[e296 s0400/1030] loss = 2.982783
[e296 s0450/1030] loss = 2.986928
[e296 s0500/1030] loss = 2.931413
[e296 s0550/1030] loss = 2.889275
[e296 s0600/1030] loss = 2.916207
[e296 s0650/1030] loss = 2.816720
[e296 s0700/1030] loss = 2.805897
[e296 s0750/1030] loss = 2.774363
[e296 s0800/1030] loss = 2.743299
[e296 s0850/1030] loss = 2.734207
[e296 s0900/1030] loss = 2.823281
[e296 s0950/1030] loss = 2.775480
[e296 s1000/1030] loss = 2.736580
Epoch 296: train_loss = 2.793800  MAE/GAME0 = 213.511  RMSE = 217.509  GAME1 = 219.246  GAME2 = 238.298  GAME3 = 258.451  lr = 9.65e-06  time = 9.5s
[e297 s0001/1030] loss = 5.592654
[e297 s0050/1030] loss = 1.256200
[e297 s0100/1030] loss = 1.738462
[e297 s0150/1030] loss = 2.098954
[e297 s0200/1030] loss = 2.254821
[e297 s0250/1030] loss = 2.595155
[e297 s0300/1030] loss = 2.605667
[e297 s0350/1030] loss = 2.648990
[e297 s0400/1030] loss = 2.685259
[e297 s0450/1030] loss = 2.661993
[e297 s0500/1030] loss = 2.744391
[e297 s0550/1030] loss = 2.757488
[e297 s0600/1030] loss = 3.010544
[e297 s0650/1030] loss = 3.271549
[e297 s0700/1030] loss = 3.245339
[e297 s0750/1030] loss = 3.219463
[e297 s0800/1030] loss = 3.347673
[e297 s0850/1030] loss = 3.369703
[e297 s0900/1030] loss = 3.371685
[e297 s0950/1030] loss = 3.320695
[e297 s1000/1030] loss = 3.293672
Epoch 297: train_loss = 3.234550  MAE/GAME0 = 230.481  RMSE = 234.169  GAME1 = 235.646  GAME2 = 253.559  GAME3 = 273.602  lr = 9.48e-06  time = 9.6s
[e298 s0001/1030] loss = 1.489327
[e298 s0050/1030] loss = 2.948692
[e298 s0100/1030] loss = 2.492176
[e298 s0150/1030] loss = 2.536143
[e298 s0200/1030] loss = 2.490226
[e298 s0250/1030] loss = 2.371787
[e298 s0300/1030] loss = 3.937155
[e298 s0350/1030] loss = 4.224799
[e298 s0400/1030] loss = 3.998565
[e298 s0450/1030] loss = 3.779453
[e298 s0500/1030] loss = 3.626084
[e298 s0550/1030] loss = 3.505806
[e298 s0600/1030] loss = 3.348531
[e298 s0650/1030] loss = 3.436467
[e298 s0700/1030] loss = 3.433461
[e298 s0750/1030] loss = 3.371951
[e298 s0800/1030] loss = 3.303592
[e298 s0850/1030] loss = 3.207868
[e298 s0900/1030] loss = 3.148939
[e298 s0950/1030] loss = 3.108665
[e298 s1000/1030] loss = 3.168608
Epoch 298: train_loss = 3.139617  MAE/GAME0 = 219.003  RMSE = 222.890  GAME1 = 224.559  GAME2 = 243.195  GAME3 = 263.294  lr = 9.31e-06  time = 9.5s
[e299 s0001/1030] loss = 0.300308
[e299 s0050/1030] loss = 1.911770
[e299 s0100/1030] loss = 2.454947
[e299 s0150/1030] loss = 4.212073
[e299 s0200/1030] loss = 3.915896
[e299 s0250/1030] loss = 3.512351
[e299 s0300/1030] loss = 3.250496
[e299 s0350/1030] loss = 3.327685
[e299 s0400/1030] loss = 3.301431
[e299 s0450/1030] loss = 3.764088
[e299 s0500/1030] loss = 3.580412
[e299 s0550/1030] loss = 3.386490
[e299 s0600/1030] loss = 3.294446
[e299 s0650/1030] loss = 3.317588
[e299 s0700/1030] loss = 3.236642
[e299 s0750/1030] loss = 3.210332
[e299 s0800/1030] loss = 3.222277
[e299 s0850/1030] loss = 3.146003
[e299 s0900/1030] loss = 3.067788
[e299 s0950/1030] loss = 3.148986
[e299 s1000/1030] loss = 3.072759
Epoch 299: train_loss = 3.064000  MAE/GAME0 = 206.625  RMSE = 210.780  GAME1 = 212.738  GAME2 = 232.467  GAME3 = 252.662  lr = 9.14e-06  time = 9.5s
[e300 s0001/1030] loss = 1.788730
[e300 s0050/1030] loss = 3.805223
[e300 s0100/1030] loss = 2.653485
[e300 s0150/1030] loss = 2.676970
[e300 s0200/1030] loss = 2.527994
[e300 s0250/1030] loss = 2.360670
[e300 s0300/1030] loss = 2.848188
[e300 s0350/1030] loss = 2.825769
[e300 s0400/1030] loss = 2.725083
[e300 s0450/1030] loss = 2.680900
[e300 s0500/1030] loss = 2.644822
[e300 s0550/1030] loss = 2.565764
[e300 s0600/1030] loss = 2.818576
[e300 s0650/1030] loss = 2.876228
[e300 s0700/1030] loss = 2.787708
[e300 s0750/1030] loss = 3.002553
[e300 s0800/1030] loss = 2.941764
[e300 s0850/1030] loss = 2.921017
[e300 s0900/1030] loss = 2.870303
[e300 s0950/1030] loss = 2.983358
[e300 s1000/1030] loss = 2.991043
Epoch 300: train_loss = 2.955658  MAE/GAME0 = 224.842  RMSE = 228.622  GAME1 = 230.190  GAME2 = 248.476  GAME3 = 268.544  lr = 8.97e-06  time = 9.5s
[e301 s0001/1030] loss = 0.479952
[e301 s0050/1030] loss = 3.826405
[e301 s0100/1030] loss = 3.176425
[e301 s0150/1030] loss = 2.687592
[e301 s0200/1030] loss = 3.609314
[e301 s0250/1030] loss = 3.466496
[e301 s0300/1030] loss = 3.815220
[e301 s0350/1030] loss = 3.501805
[e301 s0400/1030] loss = 3.266220
[e301 s0450/1030] loss = 3.342695
[e301 s0500/1030] loss = 3.360308
[e301 s0550/1030] loss = 3.221781
[e301 s0600/1030] loss = 3.194269
[e301 s0650/1030] loss = 3.500978
[e301 s0700/1030] loss = 3.446342
[e301 s0750/1030] loss = 3.400509
[e301 s0800/1030] loss = 3.260684
[e301 s0850/1030] loss = 3.146274
[e301 s0900/1030] loss = 3.071504
[e301 s0950/1030] loss = 2.994960
[e301 s1000/1030] loss = 3.108799
Epoch 301: train_loss = 3.092327  MAE/GAME0 = 199.064  RMSE = 203.414  GAME1 = 205.526  GAME2 = 225.753  GAME3 = 245.948  lr = 8.80e-06  time = 9.6s
[e302 s0001/1030] loss = 0.391474
[e302 s0050/1030] loss = 1.922619
[e302 s0100/1030] loss = 2.169181
[e302 s0150/1030] loss = 2.245200
[e302 s0200/1030] loss = 2.217535
[e302 s0250/1030] loss = 2.655192
[e302 s0300/1030] loss = 2.466856
[e302 s0350/1030] loss = 2.634452
[e302 s0400/1030] loss = 2.914108
[e302 s0450/1030] loss = 2.809196
[e302 s0500/1030] loss = 2.908213
[e302 s0550/1030] loss = 2.803701
[e302 s0600/1030] loss = 2.709511
[e302 s0650/1030] loss = 2.719572
[e302 s0700/1030] loss = 2.674644
[e302 s0750/1030] loss = 2.794606
[e302 s0800/1030] loss = 2.832603
[e302 s0850/1030] loss = 2.847161
[e302 s0900/1030] loss = 2.825795
[e302 s0950/1030] loss = 2.813205
[e302 s1000/1030] loss = 2.889100
Epoch 302: train_loss = 2.929830  MAE/GAME0 = 236.607  RMSE = 240.206  GAME1 = 241.664  GAME2 = 259.077  GAME3 = 279.045  lr = 8.64e-06  time = 9.6s
[e303 s0001/1030] loss = 3.170952
[e303 s0050/1030] loss = 2.793259
[e303 s0100/1030] loss = 2.146264
[e303 s0150/1030] loss = 2.152788
[e303 s0200/1030] loss = 3.093658
[e303 s0250/1030] loss = 3.591757
[e303 s0300/1030] loss = 3.278693
[e303 s0350/1030] loss = 3.045196
[e303 s0400/1030] loss = 3.743855
[e303 s0450/1030] loss = 3.503600
[e303 s0500/1030] loss = 3.291548
[e303 s0550/1030] loss = 3.244642
[e303 s0600/1030] loss = 3.141345
[e303 s0650/1030] loss = 3.146363
[e303 s0700/1030] loss = 3.073738
[e303 s0750/1030] loss = 3.113679
[e303 s0800/1030] loss = 3.042511
[e303 s0850/1030] loss = 3.003323
[e303 s0900/1030] loss = 2.971976
[e303 s0950/1030] loss = 2.946378
[e303 s1000/1030] loss = 3.028139
Epoch 303: train_loss = 3.001703  MAE/GAME0 = 225.908  RMSE = 229.670  GAME1 = 231.250  GAME2 = 249.563  GAME3 = 269.654  lr = 8.48e-06  time = 9.5s
[e304 s0001/1030] loss = 4.646019
[e304 s0050/1030] loss = 3.440177
[e304 s0100/1030] loss = 3.976445
[e304 s0150/1030] loss = 3.919902
[e304 s0200/1030] loss = 3.720827
[e304 s0250/1030] loss = 3.400142
[e304 s0300/1030] loss = 4.244253
[e304 s0350/1030] loss = 3.992766
[e304 s0400/1030] loss = 3.791382
[e304 s0450/1030] loss = 3.773508
[e304 s0500/1030] loss = 3.542274
[e304 s0550/1030] loss = 3.461237
[e304 s0600/1030] loss = 3.343245
[e304 s0650/1030] loss = 3.223781
[e304 s0700/1030] loss = 3.232744
[e304 s0750/1030] loss = 3.158285
[e304 s0800/1030] loss = 3.094276
[e304 s0850/1030] loss = 3.143528
[e304 s0900/1030] loss = 3.262642
[e304 s0950/1030] loss = 3.367471
[e304 s1000/1030] loss = 3.304720
Epoch 304: train_loss = 3.273299  MAE/GAME0 = 214.917  RMSE = 218.887  GAME1 = 220.674  GAME2 = 239.725  GAME3 = 259.873  lr = 8.31e-06  time = 9.5s
[e305 s0001/1030] loss = 4.855037
[e305 s0050/1030] loss = 2.071462
[e305 s0100/1030] loss = 2.414679
[e305 s0150/1030] loss = 2.534333
[e305 s0200/1030] loss = 2.447794
[e305 s0250/1030] loss = 4.232362
[e305 s0300/1030] loss = 3.865497
[e305 s0350/1030] loss = 3.614507
[e305 s0400/1030] loss = 4.013940
[e305 s0450/1030] loss = 3.877552
[e305 s0500/1030] loss = 3.665497
[e305 s0550/1030] loss = 3.472867
[e305 s0600/1030] loss = 3.398716
[e305 s0650/1030] loss = 3.402377
[e305 s0700/1030] loss = 3.324007
[e305 s0750/1030] loss = 3.237394
[e305 s0800/1030] loss = 3.151168
[e305 s0850/1030] loss = 3.061450
[e305 s0900/1030] loss = 3.013147
[e305 s0950/1030] loss = 2.956532
[e305 s1000/1030] loss = 2.930859
Epoch 305: train_loss = 2.964854  MAE/GAME0 = 203.614  RMSE = 207.843  GAME1 = 209.871  GAME2 = 229.766  GAME3 = 249.949  lr = 8.15e-06  time = 10.0s
[e306 s0001/1030] loss = 7.176507
[e306 s0050/1030] loss = 3.007651
[e306 s0100/1030] loss = 4.803622
[e306 s0150/1030] loss = 4.450363
[e306 s0200/1030] loss = 3.798943
[e306 s0250/1030] loss = 3.439832
[e306 s0300/1030] loss = 3.247773
[e306 s0350/1030] loss = 3.254452
[e306 s0400/1030] loss = 3.067981
[e306 s0450/1030] loss = 2.989916
[e306 s0500/1030] loss = 3.071887
[e306 s0550/1030] loss = 3.103388
[e306 s0600/1030] loss = 3.023330
[e306 s0650/1030] loss = 2.942534
[e306 s0700/1030] loss = 3.003181
[e306 s0750/1030] loss = 2.993957
[e306 s0800/1030] loss = 2.916524
[e306 s0850/1030] loss = 2.882461
[e306 s0900/1030] loss = 2.904414
[e306 s0950/1030] loss = 2.875365
[e306 s1000/1030] loss = 2.931335
Epoch 306: train_loss = 2.921171  MAE/GAME0 = 214.826  RMSE = 218.797  GAME1 = 220.617  GAME2 = 239.593  GAME3 = 259.698  lr = 7.99e-06  time = 9.5s
[e307 s0001/1030] loss = 3.015690
[e307 s0050/1030] loss = 2.206616
[e307 s0100/1030] loss = 2.096247
[e307 s0150/1030] loss = 2.187194
[e307 s0200/1030] loss = 2.638504
[e307 s0250/1030] loss = 2.614116
[e307 s0300/1030] loss = 3.203599
[e307 s0350/1030] loss = 2.980149
[e307 s0400/1030] loss = 2.788341
[e307 s0450/1030] loss = 2.797337
[e307 s0500/1030] loss = 2.685554
[e307 s0550/1030] loss = 2.625700
[e307 s0600/1030] loss = 2.605965
[e307 s0650/1030] loss = 2.580640
[e307 s0700/1030] loss = 2.490741
[e307 s0750/1030] loss = 2.575558
[e307 s0800/1030] loss = 2.592549
[e307 s0850/1030] loss = 2.858949
[e307 s0900/1030] loss = 2.821494
[e307 s0950/1030] loss = 2.761395
[e307 s1000/1030] loss = 2.711153
Epoch 307: train_loss = 2.697316  MAE/GAME0 = 204.928  RMSE = 209.124  GAME1 = 211.181  GAME2 = 230.950  GAME3 = 251.096  lr = 7.83e-06  time = 9.6s
[e308 s0001/1030] loss = 0.351618
[e308 s0050/1030] loss = 2.062043
[e308 s0100/1030] loss = 2.260108
[e308 s0150/1030] loss = 2.374575
[e308 s0200/1030] loss = 2.421430
[e308 s0250/1030] loss = 2.343645
[e308 s0300/1030] loss = 2.319649
[e308 s0350/1030] loss = 2.489209
[e308 s0400/1030] loss = 2.617295
[e308 s0450/1030] loss = 2.607138
[e308 s0500/1030] loss = 2.489728
[e308 s0550/1030] loss = 2.374702
[e308 s0600/1030] loss = 2.507086
[e308 s0650/1030] loss = 2.484943
[e308 s0700/1030] loss = 2.480948
[e308 s0750/1030] loss = 2.590702
[e308 s0800/1030] loss = 2.697055
[e308 s0850/1030] loss = 2.744868
[e308 s0900/1030] loss = 2.837267
[e308 s0950/1030] loss = 2.817229
[e308 s1000/1030] loss = 2.898058
Epoch 308: train_loss = 2.865132  MAE/GAME0 = 221.904  RMSE = 225.737  GAME1 = 227.383  GAME2 = 245.905  GAME3 = 266.002  lr = 7.68e-06  time = 9.6s
[e309 s0001/1030] loss = 0.537199
[e309 s0050/1030] loss = 2.022896
[e309 s0100/1030] loss = 1.814567
[e309 s0150/1030] loss = 3.072042
[e309 s0200/1030] loss = 2.875183
[e309 s0250/1030] loss = 2.900440
[e309 s0300/1030] loss = 2.719509
[e309 s0350/1030] loss = 2.555595
[e309 s0400/1030] loss = 2.540163
[e309 s0450/1030] loss = 2.463279
[e309 s0500/1030] loss = 2.512599
[e309 s0550/1030] loss = 2.398682
[e309 s0600/1030] loss = 2.338548
[e309 s0650/1030] loss = 2.350564
[e309 s0700/1030] loss = 2.726057
[e309 s0750/1030] loss = 2.900659
[e309 s0800/1030] loss = 2.867715
[e309 s0850/1030] loss = 2.880179
[e309 s0900/1030] loss = 2.860702
[e309 s0950/1030] loss = 2.910713
[e309 s1000/1030] loss = 3.000712
Epoch 309: train_loss = 2.974377  MAE/GAME0 = 227.868  RMSE = 231.597  GAME1 = 233.145  GAME2 = 251.257  GAME3 = 271.307  lr = 7.52e-06  time = 9.6s
[e310 s0001/1030] loss = 3.837050
[e310 s0050/1030] loss = 2.608076
[e310 s0100/1030] loss = 2.710050
[e310 s0150/1030] loss = 2.704549
[e310 s0200/1030] loss = 2.734176
[e310 s0250/1030] loss = 2.923809
[e310 s0300/1030] loss = 4.163789
[e310 s0350/1030] loss = 3.973264
[e310 s0400/1030] loss = 4.071427
[e310 s0450/1030] loss = 4.011242
[e310 s0500/1030] loss = 3.753266
[e310 s0550/1030] loss = 3.652513
[e310 s0600/1030] loss = 3.625106
[e310 s0650/1030] loss = 3.518129
[e310 s0700/1030] loss = 3.452502
[e310 s0750/1030] loss = 3.353229
[e310 s0800/1030] loss = 3.262965
[e310 s0850/1030] loss = 3.228699
[e310 s0900/1030] loss = 3.155356
[e310 s0950/1030] loss = 3.104082
[e310 s1000/1030] loss = 3.044447
Epoch 310: train_loss = 3.081205  MAE/GAME0 = 215.502  RMSE = 219.459  GAME1 = 221.163  GAME2 = 239.901  GAME3 = 259.983  lr = 7.36e-06  time = 9.6s
[e311 s0001/1030] loss = 0.526722
[e311 s0050/1030] loss = 2.810665
[e311 s0100/1030] loss = 2.445235
[e311 s0150/1030] loss = 2.296256
[e311 s0200/1030] loss = 2.415517
[e311 s0250/1030] loss = 2.388682
[e311 s0300/1030] loss = 2.192289
[e311 s0350/1030] loss = 2.312504
[e311 s0400/1030] loss = 2.671322
[e311 s0450/1030] loss = 2.614051
[e311 s0500/1030] loss = 2.599384
[e311 s0550/1030] loss = 2.737596
[e311 s0600/1030] loss = 3.124677
[e311 s0650/1030] loss = 3.053322
[e311 s0700/1030] loss = 3.163550
[e311 s0750/1030] loss = 3.062069
[e311 s0800/1030] loss = 3.039561
[e311 s0850/1030] loss = 3.428691
[e311 s0900/1030] loss = 3.560578
[e311 s0950/1030] loss = 3.576801
[e311 s1000/1030] loss = 3.493166
Epoch 311: train_loss = 3.428453  MAE/GAME0 = 228.527  RMSE = 232.246  GAME1 = 233.766  GAME2 = 251.788  GAME3 = 271.823  lr = 7.21e-06  time = 9.7s
[e312 s0001/1030] loss = 0.512932
[e312 s0050/1030] loss = 2.100595
[e312 s0100/1030] loss = 2.221784
[e312 s0150/1030] loss = 2.653280
[e312 s0200/1030] loss = 2.820145
[e312 s0250/1030] loss = 3.284097
[e312 s0300/1030] loss = 3.010514
[e312 s0350/1030] loss = 2.933072
[e312 s0400/1030] loss = 2.726304
[e312 s0450/1030] loss = 2.829337
[e312 s0500/1030] loss = 2.828411
[e312 s0550/1030] loss = 3.182699
[e312 s0600/1030] loss = 3.147046
[e312 s0650/1030] loss = 3.041900
[e312 s0700/1030] loss = 3.019483
[e312 s0750/1030] loss = 3.056743
[e312 s0800/1030] loss = 3.050522
[e312 s0850/1030] loss = 2.979584
[e312 s0900/1030] loss = 2.944736
[e312 s0950/1030] loss = 2.929233
[e312 s1000/1030] loss = 3.217699
Epoch 312: train_loss = 3.200157  MAE/GAME0 = 228.943  RMSE = 232.656  GAME1 = 234.114  GAME2 = 251.926  GAME3 = 271.914  lr = 7.06e-06  time = 9.4s
[e313 s0001/1030] loss = 107.067436
[e313 s0050/1030] loss = 6.008873
[e313 s0100/1030] loss = 4.117929
[e313 s0150/1030] loss = 3.426857
[e313 s0200/1030] loss = 3.337119
[e313 s0250/1030] loss = 3.033047
[e313 s0300/1030] loss = 2.874467
[e313 s0350/1030] loss = 2.731340
[e313 s0400/1030] loss = 2.687320
[e313 s0450/1030] loss = 2.737744
[e313 s0500/1030] loss = 3.100331
[e313 s0550/1030] loss = 2.964057
[e313 s0600/1030] loss = 2.881151
[e313 s0650/1030] loss = 3.169541
[e313 s0700/1030] loss = 3.185802
[e313 s0750/1030] loss = 3.086975
[e313 s0800/1030] loss = 2.991448
[e313 s0850/1030] loss = 3.004156
[e313 s0900/1030] loss = 2.909806
[e313 s0950/1030] loss = 3.076635
[e313 s1000/1030] loss = 3.071131
Epoch 313: train_loss = 3.072090  MAE/GAME0 = 216.740  RMSE = 220.672  GAME1 = 222.422  GAME2 = 241.208  GAME3 = 261.305  lr = 6.91e-06  time = 9.7s
[e314 s0001/1030] loss = 2.855988
[e314 s0050/1030] loss = 2.261874
[e314 s0100/1030] loss = 2.227844
[e314 s0150/1030] loss = 4.542112
[e314 s0200/1030] loss = 3.804309
[e314 s0250/1030] loss = 3.509071
[e314 s0300/1030] loss = 3.245451
[e314 s0350/1030] loss = 3.739189
[e314 s0400/1030] loss = 3.496425
[e314 s0450/1030] loss = 3.390458
[e314 s0500/1030] loss = 3.307320
[e314 s0550/1030] loss = 3.268414
[e314 s0600/1030] loss = 3.236170
[e314 s0650/1030] loss = 3.390082
[e314 s0700/1030] loss = 3.370238
[e314 s0750/1030] loss = 3.276396
[e314 s0800/1030] loss = 3.199225
[e314 s0850/1030] loss = 3.260322
[e314 s0900/1030] loss = 3.196760
[e314 s0950/1030] loss = 3.113444
[e314 s1000/1030] loss = 3.065666
Epoch 314: train_loss = 3.021491  MAE/GAME0 = 208.826  RMSE = 212.929  GAME1 = 214.836  GAME2 = 234.327  GAME3 = 254.494  lr = 6.76e-06  time = 9.6s
[e315 s0001/1030] loss = 0.619893
[e315 s0050/1030] loss = 1.387452
[e315 s0100/1030] loss = 2.310257
[e315 s0150/1030] loss = 2.280307
[e315 s0200/1030] loss = 2.474611
[e315 s0250/1030] loss = 2.217327
[e315 s0300/1030] loss = 2.376613
[e315 s0350/1030] loss = 2.251897
[e315 s0400/1030] loss = 2.250530
[e315 s0450/1030] loss = 2.285718
[e315 s0500/1030] loss = 2.683755
[e315 s0550/1030] loss = 2.673783
[e315 s0600/1030] loss = 3.140150
[e315 s0650/1030] loss = 3.120970
[e315 s0700/1030] loss = 3.102564
[e315 s0750/1030] loss = 3.011995
[e315 s0800/1030] loss = 3.009800
[e315 s0850/1030] loss = 3.251847
[e315 s0900/1030] loss = 3.159462
[e315 s0950/1030] loss = 3.226362
[e315 s1000/1030] loss = 3.152178
Epoch 315: train_loss = 3.114066  MAE/GAME0 = 210.257  RMSE = 214.327  GAME1 = 216.235  GAME2 = 235.636  GAME3 = 255.790  lr = 6.61e-06  time = 9.5s
[e316 s0001/1030] loss = 1.240152
[e316 s0050/1030] loss = 5.550129
[e316 s0100/1030] loss = 3.522066
[e316 s0150/1030] loss = 3.245245
[e316 s0200/1030] loss = 2.753278
[e316 s0250/1030] loss = 2.744832
[e316 s0300/1030] loss = 3.222971
[e316 s0350/1030] loss = 3.046976
[e316 s0400/1030] loss = 3.076721
[e316 s0450/1030] loss = 3.111927
[e316 s0500/1030] loss = 2.921723
[e316 s0550/1030] loss = 2.791347
[e316 s0600/1030] loss = 2.714667
[e316 s0650/1030] loss = 2.792356
[e316 s0700/1030] loss = 2.779532
[e316 s0750/1030] loss = 2.741898
[e316 s0800/1030] loss = 2.698492
[e316 s0850/1030] loss = 2.686070
[e316 s0900/1030] loss = 2.990133
[e316 s0950/1030] loss = 2.938381
[e316 s1000/1030] loss = 2.892670
Epoch 316: train_loss = 2.852839  MAE/GAME0 = 198.875  RMSE = 203.230  GAME1 = 205.360  GAME2 = 225.661  GAME3 = 245.873  lr = 6.46e-06  time = 9.5s
[e317 s0001/1030] loss = 1.945289
[e317 s0050/1030] loss = 4.214854
[e317 s0100/1030] loss = 2.895140
[e317 s0150/1030] loss = 2.841832
[e317 s0200/1030] loss = 2.823607
[e317 s0250/1030] loss = 2.825338
[e317 s0300/1030] loss = 2.727986
[e317 s0350/1030] loss = 2.554805
[e317 s0400/1030] loss = 2.564784
[e317 s0450/1030] loss = 2.490487
[e317 s0500/1030] loss = 2.695306
[e317 s0550/1030] loss = 2.668092
[e317 s0600/1030] loss = 2.658212
[e317 s0650/1030] loss = 2.576525
[e317 s0700/1030] loss = 2.519725
[e317 s0750/1030] loss = 2.519127
[e317 s0800/1030] loss = 2.610285
[e317 s0850/1030] loss = 2.779139
[e317 s0900/1030] loss = 2.802653
[e317 s0950/1030] loss = 3.083619
[e317 s1000/1030] loss = 3.280511
Epoch 317: train_loss = 3.220120  MAE/GAME0 = 223.941  RMSE = 227.738  GAME1 = 229.363  GAME2 = 247.796  GAME3 = 267.892  lr = 6.32e-06  time = 9.6s
[e318 s0001/1030] loss = 0.413308
[e318 s0050/1030] loss = 1.859322
[e318 s0100/1030] loss = 2.318408
[e318 s0150/1030] loss = 2.208077
[e318 s0200/1030] loss = 2.085278
[e318 s0250/1030] loss = 2.257935
[e318 s0300/1030] loss = 2.203755
[e318 s0350/1030] loss = 2.253516
[e318 s0400/1030] loss = 2.390969
[e318 s0450/1030] loss = 2.560976
[e318 s0500/1030] loss = 2.715632
[e318 s0550/1030] loss = 2.719426
[e318 s0600/1030] loss = 2.638843
[e318 s0650/1030] loss = 2.669874
[e318 s0700/1030] loss = 2.663330
[e318 s0750/1030] loss = 2.578290
[e318 s0800/1030] loss = 2.563684
[e318 s0850/1030] loss = 3.032762
[e318 s0900/1030] loss = 3.010293
[e318 s0950/1030] loss = 2.953540
[e318 s1000/1030] loss = 2.928172
Epoch 318: train_loss = 2.916449  MAE/GAME0 = 198.738  RMSE = 203.096  GAME1 = 205.230  GAME2 = 225.552  GAME3 = 245.768  lr = 6.18e-06  time = 9.8s
[e319 s0001/1030] loss = 0.768961
[e319 s0050/1030] loss = 3.393280
[e319 s0100/1030] loss = 3.066655
[e319 s0150/1030] loss = 5.425286
[e319 s0200/1030] loss = 4.586883
[e319 s0250/1030] loss = 4.044656
[e319 s0300/1030] loss = 3.839255
[e319 s0350/1030] loss = 3.614853
[e319 s0400/1030] loss = 4.134895
[e319 s0450/1030] loss = 4.011707
[e319 s0500/1030] loss = 4.099089
[e319 s0550/1030] loss = 3.911683
[e319 s0600/1030] loss = 3.760807
[e319 s0650/1030] loss = 3.597652
[e319 s0700/1030] loss = 3.637277
[e319 s0750/1030] loss = 3.581036
[e319 s0800/1030] loss = 3.511468
[e319 s0850/1030] loss = 3.388301
[e319 s0900/1030] loss = 3.287845
[e319 s0950/1030] loss = 3.223642
[e319 s1000/1030] loss = 3.267820
Epoch 319: train_loss = 3.226227  MAE/GAME0 = 204.335  RMSE = 208.546  GAME1 = 210.523  GAME2 = 230.317  GAME3 = 250.493  lr = 6.03e-06  time = 9.5s
[e320 s0001/1030] loss = 2.299717
[e320 s0050/1030] loss = 2.791906
[e320 s0100/1030] loss = 2.357348
[e320 s0150/1030] loss = 2.874532
[e320 s0200/1030] loss = 2.691998
[e320 s0250/1030] loss = 2.608928
[e320 s0300/1030] loss = 2.495999
[e320 s0350/1030] loss = 2.672280
[e320 s0400/1030] loss = 2.589470
[e320 s0450/1030] loss = 2.570502
[e320 s0500/1030] loss = 2.711418
[e320 s0550/1030] loss = 2.739101
[e320 s0600/1030] loss = 2.730569
[e320 s0650/1030] loss = 2.864080
[e320 s0700/1030] loss = 3.146696
[e320 s0750/1030] loss = 3.083753
[e320 s0800/1030] loss = 3.451852
[e320 s0850/1030] loss = 3.432884
[e320 s0900/1030] loss = 3.359619
[e320 s0950/1030] loss = 3.282385
[e320 s1000/1030] loss = 3.188830
Epoch 320: train_loss = 3.207644  MAE/GAME0 = 208.235  RMSE = 212.352  GAME1 = 214.217  GAME2 = 233.747  GAME3 = 253.933  lr = 5.89e-06  time = 9.7s
[e321 s0001/1030] loss = 0.448686
[e321 s0050/1030] loss = 3.347114
[e321 s0100/1030] loss = 2.759179
[e321 s0150/1030] loss = 2.305664
[e321 s0200/1030] loss = 2.393101
[e321 s0250/1030] loss = 2.292869
[e321 s0300/1030] loss = 2.307496
[e321 s0350/1030] loss = 2.903254
[e321 s0400/1030] loss = 2.997019
[e321 s0450/1030] loss = 2.831318
[e321 s0500/1030] loss = 3.547232
[e321 s0550/1030] loss = 3.607233
[e321 s0600/1030] loss = 3.481140
[e321 s0650/1030] loss = 3.434552
[e321 s0700/1030] loss = 3.376746
[e321 s0750/1030] loss = 3.276183
[e321 s0800/1030] loss = 3.198518
[e321 s0850/1030] loss = 3.224591
[e321 s0900/1030] loss = 3.173331
[e321 s0950/1030] loss = 3.107724
[e321 s1000/1030] loss = 3.167554
Epoch 321: train_loss = 3.131257  MAE/GAME0 = 220.877  RMSE = 224.729  GAME1 = 226.374  GAME2 = 244.973  GAME3 = 265.090  lr = 5.75e-06  time = 9.6s
[e322 s0001/1030] loss = 3.006168
[e322 s0050/1030] loss = 1.803387
[e322 s0100/1030] loss = 2.793558
[e322 s0150/1030] loss = 2.353635
[e322 s0200/1030] loss = 2.350584
[e322 s0250/1030] loss = 2.315403
[e322 s0300/1030] loss = 2.244066
[e322 s0350/1030] loss = 2.582375
[e322 s0400/1030] loss = 2.425497
[e322 s0450/1030] loss = 2.497233
[e322 s0500/1030] loss = 2.550111
[e322 s0550/1030] loss = 2.529548
[e322 s0600/1030] loss = 2.430471
[e322 s0650/1030] loss = 2.446273
[e322 s0700/1030] loss = 2.429246
[e322 s0750/1030] loss = 2.357752
[e322 s0800/1030] loss = 2.330075
[e322 s0850/1030] loss = 2.330360
[e322 s0900/1030] loss = 2.409247
[e322 s0950/1030] loss = 2.353229
[e322 s1000/1030] loss = 2.378950
Epoch 322: train_loss = 2.401803  MAE/GAME0 = 203.131  RMSE = 207.373  GAME1 = 209.380  GAME2 = 229.313  GAME3 = 249.511  lr = 5.62e-06  time = 9.6s
[e323 s0001/1030] loss = 0.417581
[e323 s0050/1030] loss = 3.199861
[e323 s0100/1030] loss = 2.633039
[e323 s0150/1030] loss = 2.901798
[e323 s0200/1030] loss = 2.635670
[e323 s0250/1030] loss = 2.779330
[e323 s0300/1030] loss = 2.789045
[e323 s0350/1030] loss = 2.687343
[e323 s0400/1030] loss = 2.721696
[e323 s0450/1030] loss = 2.551658
[e323 s0500/1030] loss = 3.024124
[e323 s0550/1030] loss = 2.870108
[e323 s0600/1030] loss = 2.929740
[e323 s0650/1030] loss = 2.990741
[e323 s0700/1030] loss = 2.981686
[e323 s0750/1030] loss = 3.575147
[e323 s0800/1030] loss = 3.473311
[e323 s0850/1030] loss = 3.383946
[e323 s0900/1030] loss = 3.304648
[e323 s0950/1030] loss = 3.326232
[e323 s1000/1030] loss = 3.282201
Epoch 323: train_loss = 3.269594  MAE/GAME0 = 217.822  RMSE = 221.733  GAME1 = 223.435  GAME2 = 242.232  GAME3 = 262.365  lr = 5.48e-06  time = 9.4s
[e324 s0001/1030] loss = 9.181313
[e324 s0050/1030] loss = 7.116975
[e324 s0100/1030] loss = 4.756535
[e324 s0150/1030] loss = 3.936992
[e324 s0200/1030] loss = 4.713231
[e324 s0250/1030] loss = 4.249810
[e324 s0300/1030] loss = 3.842841
[e324 s0350/1030] loss = 3.507397
[e324 s0400/1030] loss = 3.333117
[e324 s0450/1030] loss = 3.141004
[e324 s0500/1030] loss = 3.072812
[e324 s0550/1030] loss = 3.097088
[e324 s0600/1030] loss = 3.036417
[e324 s0650/1030] loss = 3.075913
[e324 s0700/1030] loss = 3.471585
[e324 s0750/1030] loss = 3.416898
[e324 s0800/1030] loss = 3.372638
[e324 s0850/1030] loss = 3.296138
[e324 s0900/1030] loss = 3.269673
[e324 s0950/1030] loss = 3.229614
[e324 s1000/1030] loss = 3.181726
Epoch 324: train_loss = 3.157792  MAE/GAME0 = 227.420  RMSE = 231.157  GAME1 = 232.649  GAME2 = 250.691  GAME3 = 270.734  lr = 5.34e-06  time = 9.4s
[e325 s0001/1030] loss = 3.113250
[e325 s0050/1030] loss = 2.095880
[e325 s0100/1030] loss = 1.949871
[e325 s0150/1030] loss = 2.376235
[e325 s0200/1030] loss = 4.545292
[e325 s0250/1030] loss = 3.942115
[e325 s0300/1030] loss = 3.567528
[e325 s0350/1030] loss = 3.736341
[e325 s0400/1030] loss = 3.682440
[e325 s0450/1030] loss = 3.569882
[e325 s0500/1030] loss = 3.497493
[e325 s0550/1030] loss = 3.429648
[e325 s0600/1030] loss = 3.235574
[e325 s0650/1030] loss = 3.429067
[e325 s0700/1030] loss = 3.334624
[e325 s0750/1030] loss = 3.225422
[e325 s0800/1030] loss = 3.173964
[e325 s0850/1030] loss = 3.416840
[e325 s0900/1030] loss = 3.427553
[e325 s0950/1030] loss = 3.395604
[e325 s1000/1030] loss = 3.285474
Epoch 325: train_loss = 3.239611  MAE/GAME0 = 204.120  RMSE = 208.337  GAME1 = 210.318  GAME2 = 230.230  GAME3 = 250.445  lr = 5.21e-06  time = 9.6s
[e326 s0001/1030] loss = 0.393993
[e326 s0050/1030] loss = 1.647489
[e326 s0100/1030] loss = 3.198165
[e326 s0150/1030] loss = 3.874902
[e326 s0200/1030] loss = 3.486759
[e326 s0250/1030] loss = 3.321278
[e326 s0300/1030] loss = 3.077069
[e326 s0350/1030] loss = 2.869425
[e326 s0400/1030] loss = 2.967866
[e326 s0450/1030] loss = 2.827253
[e326 s0500/1030] loss = 2.777137
[e326 s0550/1030] loss = 2.711769
[e326 s0600/1030] loss = 2.717062
[e326 s0650/1030] loss = 2.708148
[e326 s0700/1030] loss = 2.718994
[e326 s0750/1030] loss = 2.804036
[e326 s0800/1030] loss = 3.353876
[e326 s0850/1030] loss = 3.236266
[e326 s0900/1030] loss = 3.138417
[e326 s0950/1030] loss = 3.079717
[e326 s1000/1030] loss = 3.070355
Epoch 326: train_loss = 3.126328  MAE/GAME0 = 214.434  RMSE = 218.413  GAME1 = 220.181  GAME2 = 239.289  GAME3 = 259.458  lr = 5.08e-06  time = 9.5s
[e327 s0001/1030] loss = 2.469808
[e327 s0050/1030] loss = 2.634969
[e327 s0100/1030] loss = 2.451554
[e327 s0150/1030] loss = 2.439486
[e327 s0200/1030] loss = 2.469208
[e327 s0250/1030] loss = 2.487416
[e327 s0300/1030] loss = 2.900310
[e327 s0350/1030] loss = 3.203605
[e327 s0400/1030] loss = 3.113690
[e327 s0450/1030] loss = 3.028170
[e327 s0500/1030] loss = 2.976108
[e327 s0550/1030] loss = 2.854525
[e327 s0600/1030] loss = 2.836410
[e327 s0650/1030] loss = 2.835566
[e327 s0700/1030] loss = 2.757601
[e327 s0750/1030] loss = 2.780933
[e327 s0800/1030] loss = 2.754201
[e327 s0850/1030] loss = 2.698298
[e327 s0900/1030] loss = 2.663370
[e327 s0950/1030] loss = 2.638496
[e327 s1000/1030] loss = 2.746374
Epoch 327: train_loss = 2.706506  MAE/GAME0 = 211.929  RMSE = 215.962  GAME1 = 217.772  GAME2 = 237.019  GAME3 = 257.183  lr = 4.95e-06  time = 9.7s
[e328 s0001/1030] loss = 9.384669
[e328 s0050/1030] loss = 7.361398
[e328 s0100/1030] loss = 4.806202
[e328 s0150/1030] loss = 3.794957
[e328 s0200/1030] loss = 3.400676
[e328 s0250/1030] loss = 3.092397
[e328 s0300/1030] loss = 3.024911
[e328 s0350/1030] loss = 2.837155
[e328 s0400/1030] loss = 2.779154
[e328 s0450/1030] loss = 2.744446
[e328 s0500/1030] loss = 2.852567
[e328 s0550/1030] loss = 2.966886
[e328 s0600/1030] loss = 3.022181
[e328 s0650/1030] loss = 3.010359
[e328 s0700/1030] loss = 3.109938
[e328 s0750/1030] loss = 3.147628
[e328 s0800/1030] loss = 3.013633
[e328 s0850/1030] loss = 3.173658
[e328 s0900/1030] loss = 3.108586
[e328 s0950/1030] loss = 3.028488
[e328 s1000/1030] loss = 2.970649
Epoch 328: train_loss = 2.980024  MAE/GAME0 = 212.401  RMSE = 216.423  GAME1 = 218.225  GAME2 = 237.400  GAME3 = 257.549  lr = 4.82e-06  time = 9.5s
[e329 s0001/1030] loss = 0.427073
[e329 s0050/1030] loss = 1.696738
[e329 s0100/1030] loss = 2.718752
[e329 s0150/1030] loss = 4.410869
[e329 s0200/1030] loss = 3.790776
[e329 s0250/1030] loss = 3.381688
[e329 s0300/1030] loss = 3.243966
[e329 s0350/1030] loss = 3.171315
[e329 s0400/1030] loss = 3.012213
[e329 s0450/1030] loss = 2.987944
[e329 s0500/1030] loss = 3.128106
[e329 s0550/1030] loss = 3.115896
[e329 s0600/1030] loss = 2.968880
[e329 s0650/1030] loss = 2.935575
[e329 s0700/1030] loss = 2.950590
[e329 s0750/1030] loss = 2.951791
[e329 s0800/1030] loss = 2.952370
[e329 s0850/1030] loss = 2.911910
[e329 s0900/1030] loss = 2.910453
[e329 s0950/1030] loss = 2.845846
[e329 s1000/1030] loss = 2.837078
Epoch 329: train_loss = 2.820424  MAE/GAME0 = 223.090  RMSE = 226.901  GAME1 = 228.493  GAME2 = 246.814  GAME3 = 266.868  lr = 4.69e-06  time = 9.5s
[e330 s0001/1030] loss = 0.487751
[e330 s0050/1030] loss = 2.353908
[e330 s0100/1030] loss = 2.270540
[e330 s0150/1030] loss = 2.599030
[e330 s0200/1030] loss = 2.542634
[e330 s0250/1030] loss = 2.468754
[e330 s0300/1030] loss = 2.468416
[e330 s0350/1030] loss = 2.643739
[e330 s0400/1030] loss = 2.651459
[e330 s0450/1030] loss = 2.691301
[e330 s0500/1030] loss = 2.574026
[e330 s0550/1030] loss = 2.580453
[e330 s0600/1030] loss = 2.890368
[e330 s0650/1030] loss = 2.991694
[e330 s0700/1030] loss = 3.078249
[e330 s0750/1030] loss = 3.167923
[e330 s0800/1030] loss = 3.113814
[e330 s0850/1030] loss = 3.060160
[e330 s0900/1030] loss = 2.974221
[e330 s0950/1030] loss = 2.912025
[e330 s1000/1030] loss = 2.878295
Epoch 330: train_loss = 3.011575  MAE/GAME0 = 227.820  RMSE = 231.551  GAME1 = 233.068  GAME2 = 251.107  GAME3 = 271.142  lr = 4.57e-06  time = 9.6s
[e331 s0001/1030] loss = 0.397064
[e331 s0050/1030] loss = 2.192951
[e331 s0100/1030] loss = 2.682991
[e331 s0150/1030] loss = 2.534201
[e331 s0200/1030] loss = 2.376776
[e331 s0250/1030] loss = 2.374757
[e331 s0300/1030] loss = 2.202364
[e331 s0350/1030] loss = 2.274680
[e331 s0400/1030] loss = 2.272332
[e331 s0450/1030] loss = 2.736242
[e331 s0500/1030] loss = 3.231033
[e331 s0550/1030] loss = 3.362105
[e331 s0600/1030] loss = 3.275396
[e331 s0650/1030] loss = 3.429181
[e331 s0700/1030] loss = 3.488914
[e331 s0750/1030] loss = 3.498435
[e331 s0800/1030] loss = 3.512699
[e331 s0850/1030] loss = 3.412035
[e331 s0900/1030] loss = 3.362997
[e331 s0950/1030] loss = 3.287198
[e331 s1000/1030] loss = 3.292668
Epoch 331: train_loss = 3.357422  MAE/GAME0 = 241.663  RMSE = 245.196  GAME1 = 246.569  GAME2 = 263.505  GAME3 = 283.433  lr = 4.44e-06  time = 9.5s
[e332 s0001/1030] loss = 0.403377
[e332 s0050/1030] loss = 6.717328
[e332 s0100/1030] loss = 4.228868
[e332 s0150/1030] loss = 3.663600
[e332 s0200/1030] loss = 3.308051
[e332 s0250/1030] loss = 2.987941
[e332 s0300/1030] loss = 3.004796
[e332 s0350/1030] loss = 3.294801
[e332 s0400/1030] loss = 3.999720
[e332 s0450/1030] loss = 3.889191
[e332 s0500/1030] loss = 4.036943
[e332 s0550/1030] loss = 3.925786
[e332 s0600/1030] loss = 4.058252
[e332 s0650/1030] loss = 4.103385
[e332 s0700/1030] loss = 4.152120
[e332 s0750/1030] loss = 3.990943
[e332 s0800/1030] loss = 3.854309
[e332 s0850/1030] loss = 3.722811
[e332 s0900/1030] loss = 3.648405
[e332 s0950/1030] loss = 3.624284
[e332 s1000/1030] loss = 3.545247
Epoch 332: train_loss = 3.560695  MAE/GAME0 = 227.565  RMSE = 231.300  GAME1 = 232.843  GAME2 = 250.962  GAME3 = 271.012  lr = 4.32e-06  time = 9.6s
[e333 s0001/1030] loss = 2.371985
[e333 s0050/1030] loss = 6.441825
[e333 s0100/1030] loss = 4.086202
[e333 s0150/1030] loss = 3.461417
[e333 s0200/1030] loss = 3.472462
[e333 s0250/1030] loss = 3.602674
[e333 s0300/1030] loss = 3.387007
[e333 s0350/1030] loss = 3.296689
[e333 s0400/1030] loss = 3.177966
[e333 s0450/1030] loss = 3.315284
[e333 s0500/1030] loss = 3.219233
[e333 s0550/1030] loss = 3.375698
[e333 s0600/1030] loss = 3.392389
[e333 s0650/1030] loss = 3.255631
[e333 s0700/1030] loss = 3.137962
[e333 s0750/1030] loss = 3.578232
[e333 s0800/1030] loss = 3.493332
[e333 s0850/1030] loss = 3.407772
[e333 s0900/1030] loss = 3.326160
[e333 s0950/1030] loss = 3.325810
[e333 s1000/1030] loss = 3.296073
Epoch 333: train_loss = 3.279524  MAE/GAME0 = 217.743  RMSE = 221.655  GAME1 = 223.391  GAME2 = 242.163  GAME3 = 262.273  lr = 4.20e-06  time = 9.7s
[e334 s0001/1030] loss = 0.526711
[e334 s0050/1030] loss = 2.069956
[e334 s0100/1030] loss = 2.534853
[e334 s0150/1030] loss = 2.362256
[e334 s0200/1030] loss = 2.301366
[e334 s0250/1030] loss = 2.492620
[e334 s0300/1030] loss = 2.498774
[e334 s0350/1030] loss = 2.628330
[e334 s0400/1030] loss = 2.645402
[e334 s0450/1030] loss = 2.657459
[e334 s0500/1030] loss = 2.555662
[e334 s0550/1030] loss = 2.578004
[e334 s0600/1030] loss = 2.576232
[e334 s0650/1030] loss = 2.522177
[e334 s0700/1030] loss = 2.568789
[e334 s0750/1030] loss = 2.862057
[e334 s0800/1030] loss = 2.806452
[e334 s0850/1030] loss = 3.030659
[e334 s0900/1030] loss = 2.986219
[e334 s0950/1030] loss = 2.905359
[e334 s1000/1030] loss = 2.906392
Epoch 334: train_loss = 2.905758  MAE/GAME0 = 216.821  RMSE = 220.751  GAME1 = 222.517  GAME2 = 241.366  GAME3 = 261.479  lr = 4.08e-06  time = 9.6s
[e335 s0001/1030] loss = 0.439658
[e335 s0050/1030] loss = 2.146023
[e335 s0100/1030] loss = 2.594327
[e335 s0150/1030] loss = 2.447779
[e335 s0200/1030] loss = 3.338527
[e335 s0250/1030] loss = 3.026246
[e335 s0300/1030] loss = 2.784672
[e335 s0350/1030] loss = 2.818746
[e335 s0400/1030] loss = 2.929343
[e335 s0450/1030] loss = 3.229910
[e335 s0500/1030] loss = 3.424988
[e335 s0550/1030] loss = 3.278520
[e335 s0600/1030] loss = 3.214557
[e335 s0650/1030] loss = 3.120217
[e335 s0700/1030] loss = 3.171910
[e335 s0750/1030] loss = 3.091113
[e335 s0800/1030] loss = 3.047774
[e335 s0850/1030] loss = 3.133730
[e335 s0900/1030] loss = 3.030133
[e335 s0950/1030] loss = 3.273062
[e335 s1000/1030] loss = 3.217283
Epoch 335: train_loss = 3.162923  MAE/GAME0 = 226.182  RMSE = 229.940  GAME1 = 231.511  GAME2 = 249.710  GAME3 = 269.762  lr = 3.96e-06  time = 9.5s
[e336 s0001/1030] loss = 2.997298
[e336 s0050/1030] loss = 2.011871
[e336 s0100/1030] loss = 3.292563
[e336 s0150/1030] loss = 3.000425
[e336 s0200/1030] loss = 2.742423
[e336 s0250/1030] loss = 2.810363
[e336 s0300/1030] loss = 2.785028
[e336 s0350/1030] loss = 2.977537
[e336 s0400/1030] loss = 2.796837
[e336 s0450/1030] loss = 2.793869
[e336 s0500/1030] loss = 2.742156
[e336 s0550/1030] loss = 2.909401
[e336 s0600/1030] loss = 2.981368
[e336 s0650/1030] loss = 2.894713
[e336 s0700/1030] loss = 2.938071
[e336 s0750/1030] loss = 2.923073
[e336 s0800/1030] loss = 2.829433
[e336 s0850/1030] loss = 2.836645
[e336 s0900/1030] loss = 3.236307
[e336 s0950/1030] loss = 3.285652
[e336 s1000/1030] loss = 3.311380
Epoch 336: train_loss = 3.333079  MAE/GAME0 = 229.170  RMSE = 232.879  GAME1 = 234.390  GAME2 = 252.396  GAME3 = 272.437  lr = 3.84e-06  time = 9.5s
[e337 s0001/1030] loss = 2.995824
[e337 s0050/1030] loss = 2.275301
[e337 s0100/1030] loss = 2.813545
[e337 s0150/1030] loss = 2.942023
[e337 s0200/1030] loss = 2.861755
[e337 s0250/1030] loss = 2.791236
[e337 s0300/1030] loss = 2.611774
[e337 s0350/1030] loss = 2.798499
[e337 s0400/1030] loss = 3.213920
[e337 s0450/1030] loss = 3.392931
[e337 s0500/1030] loss = 3.262533
[e337 s0550/1030] loss = 3.194592
[e337 s0600/1030] loss = 3.150661
[e337 s0650/1030] loss = 3.047861
[e337 s0700/1030] loss = 3.269924
[e337 s0750/1030] loss = 3.533595
[e337 s0800/1030] loss = 3.456331
[e337 s0850/1030] loss = 3.365544
[e337 s0900/1030] loss = 3.276104
[e337 s0950/1030] loss = 3.322704
[e337 s1000/1030] loss = 3.295046
Epoch 337: train_loss = 3.284045  MAE/GAME0 = 233.249  RMSE = 236.895  GAME1 = 238.344  GAME2 = 255.963  GAME3 = 275.950  lr = 3.73e-06  time = 9.6s
[e338 s0001/1030] loss = 0.602859
[e338 s0050/1030] loss = 2.164118
[e338 s0100/1030] loss = 2.408014
[e338 s0150/1030] loss = 2.238194
[e338 s0200/1030] loss = 3.820341
[e338 s0250/1030] loss = 3.416250
[e338 s0300/1030] loss = 3.271546
[e338 s0350/1030] loss = 3.793942
[e338 s0400/1030] loss = 3.576142
[e338 s0450/1030] loss = 3.367798
[e338 s0500/1030] loss = 3.339660
[e338 s0550/1030] loss = 3.335128
[e338 s0600/1030] loss = 3.218907
[e338 s0650/1030] loss = 3.140022
[e338 s0700/1030] loss = 3.190926
[e338 s0750/1030] loss = 3.123928
[e338 s0800/1030] loss = 3.053185
[e338 s0850/1030] loss = 3.216021
[e338 s0900/1030] loss = 3.121053
[e338 s0950/1030] loss = 3.094432
[e338 s1000/1030] loss = 3.025711
Epoch 338: train_loss = 2.979796  MAE/GAME0 = 232.398  RMSE = 236.057  GAME1 = 237.493  GAME2 = 255.122  GAME3 = 275.104  lr = 3.62e-06  time = 9.5s
[e339 s0001/1030] loss = 0.858314
[e339 s0050/1030] loss = 2.007084
[e339 s0100/1030] loss = 2.322025
[e339 s0150/1030] loss = 3.120522
[e339 s0200/1030] loss = 2.924360
[e339 s0250/1030] loss = 2.957988
[e339 s0300/1030] loss = 2.946761
[e339 s0350/1030] loss = 2.973007
[e339 s0400/1030] loss = 3.992805
[e339 s0450/1030] loss = 3.752047
[e339 s0500/1030] loss = 3.792479
[e339 s0550/1030] loss = 3.686762
[e339 s0600/1030] loss = 3.517554
[e339 s0650/1030] loss = 3.434915
[e339 s0700/1030] loss = 3.309855
[e339 s0750/1030] loss = 3.399567
[e339 s0800/1030] loss = 3.330208
[e339 s0850/1030] loss = 3.317281
[e339 s0900/1030] loss = 3.259499
[e339 s0950/1030] loss = 3.195394
[e339 s1000/1030] loss = 3.185610
Epoch 339: train_loss = 3.197741  MAE/GAME0 = 225.465  RMSE = 229.235  GAME1 = 230.760  GAME2 = 248.908  GAME3 = 268.952  lr = 3.51e-06  time = 9.4s
[e340 s0001/1030] loss = 0.552186
[e340 s0050/1030] loss = 1.977668
[e340 s0100/1030] loss = 2.026064
[e340 s0150/1030] loss = 2.450275
[e340 s0200/1030] loss = 2.305703
[e340 s0250/1030] loss = 2.580481
[e340 s0300/1030] loss = 2.442451
[e340 s0350/1030] loss = 2.992615
[e340 s0400/1030] loss = 2.882047
[e340 s0450/1030] loss = 3.024575
[e340 s0500/1030] loss = 2.993238
[e340 s0550/1030] loss = 2.923470
[e340 s0600/1030] loss = 2.873576
[e340 s0650/1030] loss = 2.774282
[e340 s0700/1030] loss = 2.840413
[e340 s0750/1030] loss = 2.781073
[e340 s0800/1030] loss = 2.712665
[e340 s0850/1030] loss = 2.750992
[e340 s0900/1030] loss = 2.860057
[e340 s0950/1030] loss = 2.841103
[e340 s1000/1030] loss = 2.818112
Epoch 340: train_loss = 2.783418  MAE/GAME0 = 215.543  RMSE = 219.499  GAME1 = 221.195  GAME2 = 240.094  GAME3 = 260.239  lr = 3.40e-06  time = 9.5s
[e341 s0001/1030] loss = 1.929064
[e341 s0050/1030] loss = 2.486093
[e341 s0100/1030] loss = 2.211217
[e341 s0150/1030] loss = 2.706231
[e341 s0200/1030] loss = 2.553007
[e341 s0250/1030] loss = 2.555649
[e341 s0300/1030] loss = 2.629044
[e341 s0350/1030] loss = 3.900485
[e341 s0400/1030] loss = 3.658082
[e341 s0450/1030] loss = 3.512332
[e341 s0500/1030] loss = 3.330587
[e341 s0550/1030] loss = 3.232033
[e341 s0600/1030] loss = 3.282317
[e341 s0650/1030] loss = 3.216857
[e341 s0700/1030] loss = 3.119926
[e341 s0750/1030] loss = 3.122277
[e341 s0800/1030] loss = 3.085672
[e341 s0850/1030] loss = 3.068022
[e341 s0900/1030] loss = 3.002536
[e341 s0950/1030] loss = 2.996583
[e341 s1000/1030] loss = 3.121885
Epoch 341: train_loss = 3.076670  MAE/GAME0 = 226.103  RMSE = 229.862  GAME1 = 231.366  GAME2 = 249.516  GAME3 = 269.581  lr = 3.29e-06  time = 9.5s
[e342 s0001/1030] loss = 1.488780
[e342 s0050/1030] loss = 2.067636
[e342 s0100/1030] loss = 2.092476
[e342 s0150/1030] loss = 2.118605
[e342 s0200/1030] loss = 2.127375
[e342 s0250/1030] loss = 2.326845
[e342 s0300/1030] loss = 2.229982
[e342 s0350/1030] loss = 2.394348
[e342 s0400/1030] loss = 2.814579
[e342 s0450/1030] loss = 2.986058
[e342 s0500/1030] loss = 3.070354
[e342 s0550/1030] loss = 2.969470
[e342 s0600/1030] loss = 3.024299
[e342 s0650/1030] loss = 2.978514
[e342 s0700/1030] loss = 2.911780
[e342 s0750/1030] loss = 2.886821
[e342 s0800/1030] loss = 2.831533
[e342 s0850/1030] loss = 2.842902
[e342 s0900/1030] loss = 2.826923
[e342 s0950/1030] loss = 2.759719
[e342 s1000/1030] loss = 2.749318
Epoch 342: train_loss = 2.715563  MAE/GAME0 = 217.297  RMSE = 221.218  GAME1 = 222.868  GAME2 = 241.619  GAME3 = 261.750  lr = 3.18e-06  time = 9.7s
[e343 s0001/1030] loss = 0.980052
[e343 s0050/1030] loss = 2.461076
[e343 s0100/1030] loss = 2.169615
[e343 s0150/1030] loss = 4.443255
[e343 s0200/1030] loss = 4.853994
[e343 s0250/1030] loss = 4.236698
[e343 s0300/1030] loss = 3.960588
[e343 s0350/1030] loss = 3.695560
[e343 s0400/1030] loss = 3.791643
[e343 s0450/1030] loss = 3.769172
[e343 s0500/1030] loss = 3.793917
[e343 s0550/1030] loss = 3.600081
[e343 s0600/1030] loss = 3.455751
[e343 s0650/1030] loss = 3.355151
[e343 s0700/1030] loss = 3.288138
[e343 s0750/1030] loss = 3.263725
[e343 s0800/1030] loss = 3.160371
[e343 s0850/1030] loss = 3.136153
[e343 s0900/1030] loss = 3.143669
[e343 s0950/1030] loss = 3.068756
[e343 s1000/1030] loss = 3.076658
Epoch 343: train_loss = 3.033691  MAE/GAME0 = 213.267  RMSE = 217.271  GAME1 = 219.033  GAME2 = 238.090  GAME3 = 258.229  lr = 3.08e-06  time = 9.6s
[e344 s0001/1030] loss = 1.876103
[e344 s0050/1030] loss = 3.255518
[e344 s0100/1030] loss = 3.370132
[e344 s0150/1030] loss = 2.861394
[e344 s0200/1030] loss = 4.889546
[e344 s0250/1030] loss = 4.195460
[e344 s0300/1030] loss = 3.898863
[e344 s0350/1030] loss = 3.607745
[e344 s0400/1030] loss = 3.491629
[e344 s0450/1030] loss = 3.340900
[e344 s0500/1030] loss = 3.278524
[e344 s0550/1030] loss = 3.356936
[e344 s0600/1030] loss = 3.191467
[e344 s0650/1030] loss = 3.053904
[e344 s0700/1030] loss = 2.952790
[e344 s0750/1030] loss = 2.931271
[e344 s0800/1030] loss = 3.010760
[e344 s0850/1030] loss = 3.005138
[e344 s0900/1030] loss = 3.117787
[e344 s0950/1030] loss = 3.041079
[e344 s1000/1030] loss = 3.057110
Epoch 344: train_loss = 3.025180  MAE/GAME0 = 219.621  RMSE = 223.496  GAME1 = 225.145  GAME2 = 243.712  GAME3 = 263.798  lr = 2.97e-06  time = 9.5s
[e345 s0001/1030] loss = 0.476483
[e345 s0050/1030] loss = 2.025393
[e345 s0100/1030] loss = 3.408504
[e345 s0150/1030] loss = 4.518539
[e345 s0200/1030] loss = 4.095749
[e345 s0250/1030] loss = 3.711861
[e345 s0300/1030] loss = 3.484008
[e345 s0350/1030] loss = 3.421169
[e345 s0400/1030] loss = 3.518622
[e345 s0450/1030] loss = 3.321859
[e345 s0500/1030] loss = 3.234097
[e345 s0550/1030] loss = 3.172168
[e345 s0600/1030] loss = 3.110481
[e345 s0650/1030] loss = 3.033643
[e345 s0700/1030] loss = 3.056052
[e345 s0750/1030] loss = 2.951062
[e345 s0800/1030] loss = 2.917441
[e345 s0850/1030] loss = 2.881706
[e345 s0900/1030] loss = 2.866414
[e345 s0950/1030] loss = 2.800044
[e345 s1000/1030] loss = 2.744755
Epoch 345: train_loss = 2.734074  MAE/GAME0 = 218.304  RMSE = 222.205  GAME1 = 223.883  GAME2 = 242.557  GAME3 = 262.659  lr = 2.87e-06  time = 9.5s
[e346 s0001/1030] loss = 5.840996
[e346 s0050/1030] loss = 1.718718
[e346 s0100/1030] loss = 2.065230
[e346 s0150/1030] loss = 2.202329
[e346 s0200/1030] loss = 2.027628
[e346 s0250/1030] loss = 2.300431
[e346 s0300/1030] loss = 2.947245
[e346 s0350/1030] loss = 2.825434
[e346 s0400/1030] loss = 2.798186
[e346 s0450/1030] loss = 2.748368
[e346 s0500/1030] loss = 3.241107
[e346 s0550/1030] loss = 3.184222
[e346 s0600/1030] loss = 3.106089
[e346 s0650/1030] loss = 3.102075
[e346 s0700/1030] loss = 3.072763
[e346 s0750/1030] loss = 2.990804
[e346 s0800/1030] loss = 2.876723
[e346 s0850/1030] loss = 2.835218
[e346 s0900/1030] loss = 2.871226
[e346 s0950/1030] loss = 2.834115
[e346 s1000/1030] loss = 2.840567
Epoch 346: train_loss = 2.881568  MAE/GAME0 = 217.650  RMSE = 221.563  GAME1 = 223.256  GAME2 = 241.990  GAME3 = 262.102  lr = 2.77e-06  time = 9.5s
[e347 s0001/1030] loss = 2.458596
[e347 s0050/1030] loss = 1.953392
[e347 s0100/1030] loss = 2.281705
[e347 s0150/1030] loss = 2.151669
[e347 s0200/1030] loss = 3.087455
[e347 s0250/1030] loss = 2.922757
[e347 s0300/1030] loss = 2.890379
[e347 s0350/1030] loss = 2.985666
[e347 s0400/1030] loss = 2.871208
[e347 s0450/1030] loss = 2.798622
[e347 s0500/1030] loss = 2.738229
[e347 s0550/1030] loss = 2.840175
[e347 s0600/1030] loss = 2.753857
[e347 s0650/1030] loss = 2.761922
[e347 s0700/1030] loss = 3.111956
[e347 s0750/1030] loss = 3.074328
[e347 s0800/1030] loss = 3.228471
[e347 s0850/1030] loss = 3.313585
[e347 s0900/1030] loss = 3.255600
[e347 s0950/1030] loss = 3.215595
[e347 s1000/1030] loss = 3.169185
Epoch 347: train_loss = 3.150554  MAE/GAME0 = 232.084  RMSE = 235.748  GAME1 = 237.184  GAME2 = 254.893  GAME3 = 274.905  lr = 2.67e-06  time = 9.6s
[e348 s0001/1030] loss = 0.433766
[e348 s0050/1030] loss = 2.098364
[e348 s0100/1030] loss = 2.091924
[e348 s0150/1030] loss = 4.010317
[e348 s0200/1030] loss = 3.251506
[e348 s0250/1030] loss = 3.103247
[e348 s0300/1030] loss = 3.575941
[e348 s0350/1030] loss = 3.873134
[e348 s0400/1030] loss = 3.629669
[e348 s0450/1030] loss = 3.449684
[e348 s0500/1030] loss = 3.281046
[e348 s0550/1030] loss = 3.161063
[e348 s0600/1030] loss = 3.050811
[e348 s0650/1030] loss = 3.038053
[e348 s0700/1030] loss = 3.010108
[e348 s0750/1030] loss = 2.925482
[e348 s0800/1030] loss = 2.889697
[e348 s0850/1030] loss = 2.866818
[e348 s0900/1030] loss = 2.933835
[e348 s0950/1030] loss = 2.954645
[e348 s1000/1030] loss = 2.925631
Epoch 348: train_loss = 2.909047  MAE/GAME0 = 223.923  RMSE = 227.719  GAME1 = 229.278  GAME2 = 247.571  GAME3 = 267.637  lr = 2.58e-06  time = 9.5s
[e349 s0001/1030] loss = 0.601387
[e349 s0050/1030] loss = 1.924040
[e349 s0100/1030] loss = 2.010128
[e349 s0150/1030] loss = 1.948267
[e349 s0200/1030] loss = 2.014913
[e349 s0250/1030] loss = 1.947626
[e349 s0300/1030] loss = 2.396880
[e349 s0350/1030] loss = 2.263749
[e349 s0400/1030] loss = 2.364930
[e349 s0450/1030] loss = 2.393681
[e349 s0500/1030] loss = 2.607110
[e349 s0550/1030] loss = 2.525548
[e349 s0600/1030] loss = 2.773950
[e349 s0650/1030] loss = 2.757426
[e349 s0700/1030] loss = 2.706908
[e349 s0750/1030] loss = 2.902843
[e349 s0800/1030] loss = 2.859885
[e349 s0850/1030] loss = 2.776395
[e349 s0900/1030] loss = 2.754443
[e349 s0950/1030] loss = 2.741077
[e349 s1000/1030] loss = 2.679447
Epoch 349: train_loss = 2.896768  MAE/GAME0 = 213.072  RMSE = 217.081  GAME1 = 218.836  GAME2 = 237.972  GAME3 = 258.138  lr = 2.48e-06  time = 9.5s
[e350 s0001/1030] loss = 6.865246
[e350 s0050/1030] loss = 1.777565
[e350 s0100/1030] loss = 4.044061
[e350 s0150/1030] loss = 3.574236
[e350 s0200/1030] loss = 3.225706
[e350 s0250/1030] loss = 2.876327
[e350 s0300/1030] loss = 3.016016
[e350 s0350/1030] loss = 2.886267
[e350 s0400/1030] loss = 2.734965
[e350 s0450/1030] loss = 2.760800
[e350 s0500/1030] loss = 3.358382
[e350 s0550/1030] loss = 3.278696
[e350 s0600/1030] loss = 3.114589
[e350 s0650/1030] loss = 3.138364
[e350 s0700/1030] loss = 2.988770
[e350 s0750/1030] loss = 3.048414
[e350 s0800/1030] loss = 3.047766
[e350 s0850/1030] loss = 3.065643
[e350 s0900/1030] loss = 3.023694
[e350 s0950/1030] loss = 2.982445
[e350 s1000/1030] loss = 2.951235
Epoch 350: train_loss = 2.908992  MAE/GAME0 = 226.298  RMSE = 230.053  GAME1 = 231.562  GAME2 = 249.672  GAME3 = 269.721  lr = 2.39e-06  time = 9.5s
[e351 s0001/1030] loss = 0.510867
[e351 s0050/1030] loss = 2.526947
[e351 s0100/1030] loss = 2.225471
[e351 s0150/1030] loss = 2.137451
[e351 s0200/1030] loss = 2.118637
[e351 s0250/1030] loss = 2.454291
[e351 s0300/1030] loss = 2.379365
[e351 s0350/1030] loss = 2.337007
[e351 s0400/1030] loss = 2.732667
[e351 s0450/1030] loss = 2.604956
[e351 s0500/1030] loss = 2.684839
[e351 s0550/1030] loss = 2.605395
[e351 s0600/1030] loss = 2.784528
[e351 s0650/1030] loss = 3.270928
[e351 s0700/1030] loss = 3.167582
[e351 s0750/1030] loss = 3.117786
[e351 s0800/1030] loss = 3.093055
[e351 s0850/1030] loss = 3.035503
[e351 s0900/1030] loss = 3.065630
[e351 s0950/1030] loss = 3.057395
[e351 s1000/1030] loss = 3.114161
Epoch 351: train_loss = 3.097365  MAE/GAME0 = 224.102  RMSE = 227.896  GAME1 = 229.434  GAME2 = 247.690  GAME3 = 267.753  lr = 2.30e-06  time = 9.5s
[e352 s0001/1030] loss = 3.055183
[e352 s0050/1030] loss = 2.216874
[e352 s0100/1030] loss = 2.255270
[e352 s0150/1030] loss = 2.080210
[e352 s0200/1030] loss = 2.107990
[e352 s0250/1030] loss = 2.693139
[e352 s0300/1030] loss = 4.737210
[e352 s0350/1030] loss = 4.332804
[e352 s0400/1030] loss = 4.224588
[e352 s0450/1030] loss = 3.887726
[e352 s0500/1030] loss = 3.693382
[e352 s0550/1030] loss = 3.524654
[e352 s0600/1030] loss = 3.623257
[e352 s0650/1030] loss = 3.490489
[e352 s0700/1030] loss = 3.493810
[e352 s0750/1030] loss = 3.405502
[e352 s0800/1030] loss = 3.305189
[e352 s0850/1030] loss = 3.233272
[e352 s0900/1030] loss = 3.182063
[e352 s0950/1030] loss = 3.210041
[e352 s1000/1030] loss = 3.132568
Epoch 352: train_loss = 3.161825  MAE/GAME0 = 222.447  RMSE = 226.270  GAME1 = 227.841  GAME2 = 246.249  GAME3 = 266.339  lr = 2.21e-06  time = 9.6s
[e353 s0001/1030] loss = 10.586129
[e353 s0050/1030] loss = 3.185577
[e353 s0100/1030] loss = 2.983794
[e353 s0150/1030] loss = 2.760795
[e353 s0200/1030] loss = 2.568584
[e353 s0250/1030] loss = 2.393799
[e353 s0300/1030] loss = 2.442372
[e353 s0350/1030] loss = 2.614104
[e353 s0400/1030] loss = 3.008176
[e353 s0450/1030] loss = 2.950947
[e353 s0500/1030] loss = 2.920387
[e353 s0550/1030] loss = 2.939974
[e353 s0600/1030] loss = 2.801387
[e353 s0650/1030] loss = 2.859833
[e353 s0700/1030] loss = 2.771079
[e353 s0750/1030] loss = 2.705073
[e353 s0800/1030] loss = 3.154446
[e353 s0850/1030] loss = 3.082095
[e353 s0900/1030] loss = 3.307900
[e353 s0950/1030] loss = 3.287170
[e353 s1000/1030] loss = 3.245277
Epoch 353: train_loss = 3.244033  MAE/GAME0 = 230.324  RMSE = 234.014  GAME1 = 235.442  GAME2 = 253.228  GAME3 = 273.246  lr = 2.12e-06  time = 9.6s
[e354 s0001/1030] loss = 4.121137
[e354 s0050/1030] loss = 2.246550
[e354 s0100/1030] loss = 3.609669
[e354 s0150/1030] loss = 4.394842
[e354 s0200/1030] loss = 4.006743
[e354 s0250/1030] loss = 3.484712
[e354 s0300/1030] loss = 3.784480
[e354 s0350/1030] loss = 3.500923
[e354 s0400/1030] loss = 3.264126
[e354 s0450/1030] loss = 3.569982
[e354 s0500/1030] loss = 3.379787
[e354 s0550/1030] loss = 3.447068
[e354 s0600/1030] loss = 3.313862
[e354 s0650/1030] loss = 3.267455
[e354 s0700/1030] loss = 3.200710
[e354 s0750/1030] loss = 3.349251
[e354 s0800/1030] loss = 3.272558
[e354 s0850/1030] loss = 3.182903
[e354 s0900/1030] loss = 3.132912
[e354 s0950/1030] loss = 3.091949
[e354 s1000/1030] loss = 3.081171
Epoch 354: train_loss = 3.064282  MAE/GAME0 = 224.596  RMSE = 228.380  GAME1 = 229.886  GAME2 = 248.070  GAME3 = 268.126  lr = 2.04e-06  time = 9.5s
[e355 s0001/1030] loss = 0.480141
[e355 s0050/1030] loss = 1.374813
[e355 s0100/1030] loss = 1.672475
[e355 s0150/1030] loss = 2.716827
[e355 s0200/1030] loss = 2.647949
[e355 s0250/1030] loss = 2.521956
[e355 s0300/1030] loss = 2.522620
[e355 s0350/1030] loss = 2.707563
[e355 s0400/1030] loss = 2.683775
[e355 s0450/1030] loss = 2.697686
[e355 s0500/1030] loss = 2.748013
[e355 s0550/1030] loss = 2.630153
[e355 s0600/1030] loss = 2.543547
[e355 s0650/1030] loss = 2.499354
[e355 s0700/1030] loss = 2.482614
[e355 s0750/1030] loss = 2.446156
[e355 s0800/1030] loss = 2.499557
[e355 s0850/1030] loss = 2.562923
[e355 s0900/1030] loss = 2.524141
[e355 s0950/1030] loss = 2.855369
[e355 s1000/1030] loss = 2.848315
Epoch 355: train_loss = 2.823065  MAE/GAME0 = 225.709  RMSE = 229.475  GAME1 = 230.980  GAME2 = 249.138  GAME3 = 269.199  lr = 1.95e-06  time = 9.5s
[e356 s0001/1030] loss = 22.062592
[e356 s0050/1030] loss = 4.285399
[e356 s0100/1030] loss = 3.331239
[e356 s0150/1030] loss = 2.780872
[e356 s0200/1030] loss = 3.269364
[e356 s0250/1030] loss = 2.851893
[e356 s0300/1030] loss = 2.632970
[e356 s0350/1030] loss = 2.500389
[e356 s0400/1030] loss = 2.380867
[e356 s0450/1030] loss = 2.459908
[e356 s0500/1030] loss = 2.528083
[e356 s0550/1030] loss = 2.567868
[e356 s0600/1030] loss = 2.910523
[e356 s0650/1030] loss = 2.848366
[e356 s0700/1030] loss = 2.757103
[e356 s0750/1030] loss = 2.774492
[e356 s0800/1030] loss = 2.775330
[e356 s0850/1030] loss = 2.812335
[e356 s0900/1030] loss = 2.854023
[e356 s0950/1030] loss = 2.825005
[e356 s1000/1030] loss = 2.830954
Epoch 356: train_loss = 2.790340  MAE/GAME0 = 220.894  RMSE = 224.746  GAME1 = 226.340  GAME2 = 244.857  GAME3 = 264.961  lr = 1.87e-06  time = 9.5s
[e357 s0001/1030] loss = 0.772420
[e357 s0050/1030] loss = 4.076151
[e357 s0100/1030] loss = 3.178227
[e357 s0150/1030] loss = 2.908916
[e357 s0200/1030] loss = 2.560765
[e357 s0250/1030] loss = 2.547448
[e357 s0300/1030] loss = 2.726823
[e357 s0350/1030] loss = 2.668552
[e357 s0400/1030] loss = 3.073282
[e357 s0450/1030] loss = 2.964429
[e357 s0500/1030] loss = 2.914848
[e357 s0550/1030] loss = 2.899878
[e357 s0600/1030] loss = 3.527046
[e357 s0650/1030] loss = 3.504225
[e357 s0700/1030] loss = 3.419691
[e357 s0750/1030] loss = 3.328101
[e357 s0800/1030] loss = 3.242334
[e357 s0850/1030] loss = 3.348212
[e357 s0900/1030] loss = 3.310983
[e357 s0950/1030] loss = 3.216466
[e357 s1000/1030] loss = 3.147841
Epoch 357: train_loss = 3.139204  MAE/GAME0 = 221.213  RMSE = 225.059  GAME1 = 226.653  GAME2 = 245.129  GAME3 = 265.220  lr = 1.79e-06  time = 9.6s
[e358 s0001/1030] loss = 0.466839
[e358 s0050/1030] loss = 1.263362
[e358 s0100/1030] loss = 2.539937
[e358 s0150/1030] loss = 2.441382
[e358 s0200/1030] loss = 2.578160
[e358 s0250/1030] loss = 2.581475
[e358 s0300/1030] loss = 2.948288
[e358 s0350/1030] loss = 3.434341
[e358 s0400/1030] loss = 3.479793
[e358 s0450/1030] loss = 3.279047
[e358 s0500/1030] loss = 3.211182
[e358 s0550/1030] loss = 3.395242
[e358 s0600/1030] loss = 3.264515
[e358 s0650/1030] loss = 3.449608
[e358 s0700/1030] loss = 3.329405
[e358 s0750/1030] loss = 3.237016
[e358 s0800/1030] loss = 3.208861
[e358 s0850/1030] loss = 3.206008
[e358 s0900/1030] loss = 3.163192
[e358 s0950/1030] loss = 3.125895
[e358 s1000/1030] loss = 3.057180
Epoch 358: train_loss = 3.015857  MAE/GAME0 = 224.110  RMSE = 227.903  GAME1 = 229.444  GAME2 = 247.741  GAME3 = 267.819  lr = 1.71e-06  time = 9.5s
[e359 s0001/1030] loss = 0.637187
[e359 s0050/1030] loss = 2.856830
[e359 s0100/1030] loss = 2.575982
[e359 s0150/1030] loss = 2.421181
[e359 s0200/1030] loss = 2.133526
[e359 s0250/1030] loss = 2.476159
[e359 s0300/1030] loss = 2.708286
[e359 s0350/1030] loss = 2.574498
[e359 s0400/1030] loss = 2.733764
[e359 s0450/1030] loss = 2.603868
[e359 s0500/1030] loss = 2.499484
[e359 s0550/1030] loss = 2.589623
[e359 s0600/1030] loss = 2.607309
[e359 s0650/1030] loss = 2.564556
[e359 s0700/1030] loss = 2.502895
[e359 s0750/1030] loss = 2.466882
[e359 s0800/1030] loss = 2.619144
[e359 s0850/1030] loss = 2.818687
[e359 s0900/1030] loss = 2.790437
[e359 s0950/1030] loss = 2.776763
[e359 s1000/1030] loss = 2.744251
Epoch 359: train_loss = 2.705872  MAE/GAME0 = 218.613  RMSE = 222.508  GAME1 = 224.153  GAME2 = 242.839  GAME3 = 262.961  lr = 1.63e-06  time = 9.6s
[e360 s0001/1030] loss = 7.569334
[e360 s0050/1030] loss = 3.010299
[e360 s0100/1030] loss = 3.664843
[e360 s0150/1030] loss = 3.245747
[e360 s0200/1030] loss = 2.899501
[e360 s0250/1030] loss = 2.661183
[e360 s0300/1030] loss = 2.610985
[e360 s0350/1030] loss = 3.738244
[e360 s0400/1030] loss = 3.564207
[e360 s0450/1030] loss = 3.433144
[e360 s0500/1030] loss = 3.319519
[e360 s0550/1030] loss = 3.339379
[e360 s0600/1030] loss = 3.177558
[e360 s0650/1030] loss = 3.098898
[e360 s0700/1030] loss = 3.014375
[e360 s0750/1030] loss = 3.117770
[e360 s0800/1030] loss = 3.102614
[e360 s0850/1030] loss = 3.100743
[e360 s0900/1030] loss = 3.019702
[e360 s0950/1030] loss = 3.173217
[e360 s1000/1030] loss = 3.151585
Epoch 360: train_loss = 3.149597  MAE/GAME0 = 223.414  RMSE = 227.220  GAME1 = 228.789  GAME2 = 247.112  GAME3 = 267.179  lr = 1.56e-06  time = 9.5s
[e361 s0001/1030] loss = 1.091969
[e361 s0050/1030] loss = 1.618024
[e361 s0100/1030] loss = 2.137486
[e361 s0150/1030] loss = 2.377428
[e361 s0200/1030] loss = 2.559600
[e361 s0250/1030] loss = 2.443557
[e361 s0300/1030] loss = 2.427220
[e361 s0350/1030] loss = 2.808050
[e361 s0400/1030] loss = 3.276451
[e361 s0450/1030] loss = 3.548470
[e361 s0500/1030] loss = 3.480757
[e361 s0550/1030] loss = 3.296655
[e361 s0600/1030] loss = 3.285930
[e361 s0650/1030] loss = 3.179990
[e361 s0700/1030] loss = 3.295355
[e361 s0750/1030] loss = 3.267011
[e361 s0800/1030] loss = 3.256662
[e361 s0850/1030] loss = 3.258411
[e361 s0900/1030] loss = 3.247522
[e361 s0950/1030] loss = 3.196655
[e361 s1000/1030] loss = 3.164371
Epoch 361: train_loss = 3.170353  MAE/GAME0 = 222.241  RMSE = 226.067  GAME1 = 227.662  GAME2 = 246.110  GAME3 = 266.201  lr = 1.48e-06  time = 9.6s
[e362 s0001/1030] loss = 0.920011
[e362 s0050/1030] loss = 2.384448
[e362 s0100/1030] loss = 4.692843
[e362 s0150/1030] loss = 4.985681
[e362 s0200/1030] loss = 4.201346
[e362 s0250/1030] loss = 3.854304
[e362 s0300/1030] loss = 4.061912
[e362 s0350/1030] loss = 3.836660
[e362 s0400/1030] loss = 3.669414
[e362 s0450/1030] loss = 3.521365
[e362 s0500/1030] loss = 3.403544
[e362 s0550/1030] loss = 3.404796
[e362 s0600/1030] loss = 3.342800
[e362 s0650/1030] loss = 3.242351
[e362 s0700/1030] loss = 3.147607
[e362 s0750/1030] loss = 3.121087
[e362 s0800/1030] loss = 3.096860
[e362 s0850/1030] loss = 3.101830
[e362 s0900/1030] loss = 3.035998
[e362 s0950/1030] loss = 2.991225
[e362 s1000/1030] loss = 3.261610
Epoch 362: train_loss = 3.211911  MAE/GAME0 = 224.231  RMSE = 228.022  GAME1 = 229.600  GAME2 = 247.924  GAME3 = 267.996  lr = 1.41e-06  time = 9.5s
[e363 s0001/1030] loss = 0.477758
[e363 s0050/1030] loss = 3.510302
[e363 s0100/1030] loss = 2.772319
[e363 s0150/1030] loss = 3.960229
[e363 s0200/1030] loss = 3.854458
[e363 s0250/1030] loss = 3.467291
[e363 s0300/1030] loss = 3.283525
[e363 s0350/1030] loss = 3.295109
[e363 s0400/1030] loss = 3.158875
[e363 s0450/1030] loss = 2.957653
[e363 s0500/1030] loss = 2.807992
[e363 s0550/1030] loss = 2.721107
[e363 s0600/1030] loss = 2.682479
[e363 s0650/1030] loss = 2.745071
[e363 s0700/1030] loss = 2.817406
[e363 s0750/1030] loss = 2.760002
[e363 s0800/1030] loss = 2.713488
[e363 s0850/1030] loss = 2.716561
[e363 s0900/1030] loss = 2.925984
[e363 s0950/1030] loss = 2.841678
[e363 s1000/1030] loss = 2.795995
Epoch 363: train_loss = 2.763700  MAE/GAME0 = 218.291  RMSE = 222.192  GAME1 = 223.867  GAME2 = 242.604  GAME3 = 262.729  lr = 1.34e-06  time = 9.5s
[e364 s0001/1030] loss = 3.916676
[e364 s0050/1030] loss = 3.124294
[e364 s0100/1030] loss = 2.672152
[e364 s0150/1030] loss = 3.622387
[e364 s0200/1030] loss = 3.302796
[e364 s0250/1030] loss = 2.929023
[e364 s0300/1030] loss = 2.984963
[e364 s0350/1030] loss = 3.029311
[e364 s0400/1030] loss = 2.875123
[e364 s0450/1030] loss = 3.339832
[e364 s0500/1030] loss = 3.531865
[e364 s0550/1030] loss = 3.345671
[e364 s0600/1030] loss = 3.252655
[e364 s0650/1030] loss = 3.276355
[e364 s0700/1030] loss = 3.164007
[e364 s0750/1030] loss = 3.073575
[e364 s0800/1030] loss = 3.054698
[e364 s0850/1030] loss = 3.024485
[e364 s0900/1030] loss = 2.978708
[e364 s0950/1030] loss = 2.984999
[e364 s1000/1030] loss = 3.007289
Epoch 364: train_loss = 2.957402  MAE/GAME0 = 217.863  RMSE = 221.772  GAME1 = 223.445  GAME2 = 242.204  GAME3 = 262.333  lr = 1.27e-06  time = 9.5s
[e365 s0001/1030] loss = 0.432569
[e365 s0050/1030] loss = 2.600512
[e365 s0100/1030] loss = 2.385416
[e365 s0150/1030] loss = 2.645859
[e365 s0200/1030] loss = 2.729967
[e365 s0250/1030] loss = 2.458158
[e365 s0300/1030] loss = 2.662186
[e365 s0350/1030] loss = 2.565558
[e365 s0400/1030] loss = 2.933403
[e365 s0450/1030] loss = 2.997134
[e365 s0500/1030] loss = 2.876913
[e365 s0550/1030] loss = 3.029373
[e365 s0600/1030] loss = 2.926428
[e365 s0650/1030] loss = 2.854229
[e365 s0700/1030] loss = 2.788626
[e365 s0750/1030] loss = 3.079567
[e365 s0800/1030] loss = 3.013954
[e365 s0850/1030] loss = 3.192965
[e365 s0900/1030] loss = 3.136966
[e365 s0950/1030] loss = 3.142078
[e365 s1000/1030] loss = 3.064388
Epoch 365: train_loss = 3.057164  MAE/GAME0 = 216.396  RMSE = 220.335  GAME1 = 222.033  GAME2 = 240.909  GAME3 = 261.053  lr = 1.21e-06  time = 9.7s
[e366 s0001/1030] loss = 1.775387
[e366 s0050/1030] loss = 2.155619
[e366 s0100/1030] loss = 2.257768
[e366 s0150/1030] loss = 2.074368
[e366 s0200/1030] loss = 2.124959
[e366 s0250/1030] loss = 2.386762
[e366 s0300/1030] loss = 3.777328
[e366 s0350/1030] loss = 4.132476
[e366 s0400/1030] loss = 4.052174
[e366 s0450/1030] loss = 3.851686
[e366 s0500/1030] loss = 3.681320
[e366 s0550/1030] loss = 3.545112
[e366 s0600/1030] loss = 3.630371
[e366 s0650/1030] loss = 3.572517
[e366 s0700/1030] loss = 3.487946
[e366 s0750/1030] loss = 3.473648
[e366 s0800/1030] loss = 3.670646
[e366 s0850/1030] loss = 3.670959
[e366 s0900/1030] loss = 3.654811
[e366 s0950/1030] loss = 3.664684
[e366 s1000/1030] loss = 3.561757
Epoch 366: train_loss = 3.527483  MAE/GAME0 = 226.038  RMSE = 229.798  GAME1 = 231.325  GAME2 = 249.508  GAME3 = 269.571  lr = 1.14e-06  time = 9.6s
[e367 s0001/1030] loss = 5.221456
[e367 s0050/1030] loss = 1.616769
[e367 s0100/1030] loss = 2.049145
[e367 s0150/1030] loss = 2.175018
[e367 s0200/1030] loss = 4.580049
[e367 s0250/1030] loss = 4.160492
[e367 s0300/1030] loss = 4.366602
[e367 s0350/1030] loss = 3.984691
[e367 s0400/1030] loss = 4.115870
[e367 s0450/1030] loss = 3.860469
[e367 s0500/1030] loss = 3.997354
[e367 s0550/1030] loss = 3.857172
[e367 s0600/1030] loss = 3.780806
[e367 s0650/1030] loss = 3.605680
[e367 s0700/1030] loss = 3.510879
[e367 s0750/1030] loss = 3.387957
[e367 s0800/1030] loss = 3.329103
[e367 s0850/1030] loss = 3.279167
[e367 s0900/1030] loss = 3.233675
[e367 s0950/1030] loss = 3.234329
[e367 s1000/1030] loss = 3.262622
Epoch 367: train_loss = 3.234438  MAE/GAME0 = 224.655  RMSE = 228.439  GAME1 = 229.992  GAME2 = 248.274  GAME3 = 268.346  lr = 1.08e-06  time = 9.5s
[e368 s0001/1030] loss = 3.284756
[e368 s0050/1030] loss = 3.071890
[e368 s0100/1030] loss = 2.487011
[e368 s0150/1030] loss = 2.785524
[e368 s0200/1030] loss = 3.866740
[e368 s0250/1030] loss = 3.532342
[e368 s0300/1030] loss = 3.387953
[e368 s0350/1030] loss = 3.202537
[e368 s0400/1030] loss = 2.990913
[e368 s0450/1030] loss = 3.281129
[e368 s0500/1030] loss = 3.337440
[e368 s0550/1030] loss = 3.681048
[e368 s0600/1030] loss = 3.638069
[e368 s0650/1030] loss = 3.646722
[e368 s0700/1030] loss = 3.492317
[e368 s0750/1030] loss = 3.500552
[e368 s0800/1030] loss = 3.431739
[e368 s0850/1030] loss = 3.327298
[e368 s0900/1030] loss = 3.316054
[e368 s0950/1030] loss = 3.232145
[e368 s1000/1030] loss = 3.244575
Epoch 368: train_loss = 3.294839  MAE/GAME0 = 225.282  RMSE = 229.055  GAME1 = 230.598  GAME2 = 248.832  GAME3 = 268.898  lr = 1.02e-06  time = 9.5s
[e369 s0001/1030] loss = 0.501861
[e369 s0050/1030] loss = 2.764988
[e369 s0100/1030] loss = 2.799235
[e369 s0150/1030] loss = 2.886737
[e369 s0200/1030] loss = 2.900890
[e369 s0250/1030] loss = 2.819635
[e369 s0300/1030] loss = 2.832076
[e369 s0350/1030] loss = 2.747005
[e369 s0400/1030] loss = 2.852854
[e369 s0450/1030] loss = 3.071628
[e369 s0500/1030] loss = 2.960058
[e369 s0550/1030] loss = 2.958517
[e369 s0600/1030] loss = 2.855834
[e369 s0650/1030] loss = 2.771284
[e369 s0700/1030] loss = 2.842017
[e369 s0750/1030] loss = 2.802004
[e369 s0800/1030] loss = 2.761390
[e369 s0850/1030] loss = 3.110186
[e369 s0900/1030] loss = 3.102390
[e369 s0950/1030] loss = 3.234707
[e369 s1000/1030] loss = 3.254119
Epoch 369: train_loss = 3.256694  MAE/GAME0 = 227.181  RMSE = 230.922  GAME1 = 232.435  GAME2 = 250.547  GAME3 = 270.603  lr = 9.58e-07  time = 9.6s
[e370 s0001/1030] loss = 4.289704
[e370 s0050/1030] loss = 1.781118
[e370 s0100/1030] loss = 1.636287
[e370 s0150/1030] loss = 1.495763
[e370 s0200/1030] loss = 2.230066
[e370 s0250/1030] loss = 2.270112
[e370 s0300/1030] loss = 2.354978
[e370 s0350/1030] loss = 2.354242
[e370 s0400/1030] loss = 2.469114
[e370 s0450/1030] loss = 2.542559
[e370 s0500/1030] loss = 2.524341
[e370 s0550/1030] loss = 2.466299
[e370 s0600/1030] loss = 2.612532
[e370 s0650/1030] loss = 2.564103
[e370 s0700/1030] loss = 2.580011
[e370 s0750/1030] loss = 2.517123
[e370 s0800/1030] loss = 2.581576
[e370 s0850/1030] loss = 2.564886
[e370 s0900/1030] loss = 2.951650
[e370 s0950/1030] loss = 2.998858
[e370 s1000/1030] loss = 2.936662
Epoch 370: train_loss = 3.038869  MAE/GAME0 = 227.935  RMSE = 231.664  GAME1 = 233.160  GAME2 = 251.206  GAME3 = 271.254  lr = 9.01e-07  time = 9.6s
[e371 s0001/1030] loss = 1.544208
[e371 s0050/1030] loss = 2.031105
[e371 s0100/1030] loss = 3.020033
[e371 s0150/1030] loss = 3.050874
[e371 s0200/1030] loss = 2.744607
[e371 s0250/1030] loss = 2.590785
[e371 s0300/1030] loss = 2.568205
[e371 s0350/1030] loss = 2.404964
[e371 s0400/1030] loss = 2.511287
[e371 s0450/1030] loss = 2.720296
[e371 s0500/1030] loss = 2.610560
[e371 s0550/1030] loss = 2.548982
[e371 s0600/1030] loss = 2.549518
[e371 s0650/1030] loss = 2.542809
[e371 s0700/1030] loss = 2.455581
[e371 s0750/1030] loss = 2.460052
[e371 s0800/1030] loss = 2.442518
[e371 s0850/1030] loss = 2.463436
[e371 s0900/1030] loss = 2.836686
[e371 s0950/1030] loss = 2.885702
[e371 s1000/1030] loss = 2.911652
Epoch 371: train_loss = 2.866082  MAE/GAME0 = 225.109  RMSE = 228.885  GAME1 = 230.426  GAME2 = 248.673  GAME3 = 268.742  lr = 8.45e-07  time = 9.5s
[e372 s0001/1030] loss = 1.458538
[e372 s0050/1030] loss = 1.853767
[e372 s0100/1030] loss = 3.827763
[e372 s0150/1030] loss = 3.227846
[e372 s0200/1030] loss = 3.627227
[e372 s0250/1030] loss = 3.616501
[e372 s0300/1030] loss = 3.276011
[e372 s0350/1030] loss = 3.226477
[e372 s0400/1030] loss = 3.341255
[e372 s0450/1030] loss = 3.193351
[e372 s0500/1030] loss = 3.316074
[e372 s0550/1030] loss = 3.350158
[e372 s0600/1030] loss = 3.249749
[e372 s0650/1030] loss = 3.259370
[e372 s0700/1030] loss = 3.178807
[e372 s0750/1030] loss = 3.127853
[e372 s0800/1030] loss = 3.132759
[e372 s0850/1030] loss = 3.078238
[e372 s0900/1030] loss = 3.075952
[e372 s0950/1030] loss = 3.068749
[e372 s1000/1030] loss = 3.042937
Epoch 372: train_loss = 3.053879  MAE/GAME0 = 223.802  RMSE = 227.601  GAME1 = 229.158  GAME2 = 247.492  GAME3 = 267.572  lr = 7.92e-07  time = 9.4s
[e373 s0001/1030] loss = 0.496300
[e373 s0050/1030] loss = 1.219320
[e373 s0100/1030] loss = 1.689249
[e373 s0150/1030] loss = 2.290483
[e373 s0200/1030] loss = 2.300427
[e373 s0250/1030] loss = 2.130091
[e373 s0300/1030] loss = 2.495598
[e373 s0350/1030] loss = 2.447764
[e373 s0400/1030] loss = 2.499416
[e373 s0450/1030] loss = 2.440005
[e373 s0500/1030] loss = 2.883816
[e373 s0550/1030] loss = 2.815583
[e373 s0600/1030] loss = 3.009018
[e373 s0650/1030] loss = 3.028204
[e373 s0700/1030] loss = 2.979302
[e373 s0750/1030] loss = 2.953432
[e373 s0800/1030] loss = 2.883586
[e373 s0850/1030] loss = 2.841346
[e373 s0900/1030] loss = 2.994206
[e373 s0950/1030] loss = 2.925323
[e373 s1000/1030] loss = 2.929193
Epoch 373: train_loss = 2.912685  MAE/GAME0 = 221.038  RMSE = 224.886  GAME1 = 226.493  GAME2 = 245.008  GAME3 = 265.106  lr = 7.40e-07  time = 9.8s
[e374 s0001/1030] loss = 0.403092
[e374 s0050/1030] loss = 2.078070
[e374 s0100/1030] loss = 2.452934
[e374 s0150/1030] loss = 2.156284
[e374 s0200/1030] loss = 2.062600
[e374 s0250/1030] loss = 2.171156
[e374 s0300/1030] loss = 2.673188
[e374 s0350/1030] loss = 2.665205
[e374 s0400/1030] loss = 2.743837
[e374 s0450/1030] loss = 2.676648
[e374 s0500/1030] loss = 2.681357
[e374 s0550/1030] loss = 3.767901
[e374 s0600/1030] loss = 3.853044
[e374 s0650/1030] loss = 3.769557
[e374 s0700/1030] loss = 3.733016
[e374 s0750/1030] loss = 3.628611
[e374 s0800/1030] loss = 3.538760
[e374 s0850/1030] loss = 3.510612
[e374 s0900/1030] loss = 3.444550
[e374 s0950/1030] loss = 3.372083
[e374 s1000/1030] loss = 3.302874
Epoch 374: train_loss = 3.264156  MAE/GAME0 = 221.605  RMSE = 225.444  GAME1 = 227.045  GAME2 = 245.543  GAME3 = 265.644  lr = 6.90e-07  time = 9.6s
[e375 s0001/1030] loss = 6.265894
[e375 s0050/1030] loss = 5.456510
[e375 s0100/1030] loss = 6.563121
[e375 s0150/1030] loss = 5.178739
[e375 s0200/1030] loss = 4.513887
[e375 s0250/1030] loss = 4.415531
[e375 s0300/1030] loss = 3.989479
[e375 s0350/1030] loss = 3.785166
[e375 s0400/1030] loss = 3.627119
[e375 s0450/1030] loss = 3.350443
[e375 s0500/1030] loss = 3.195810
[e375 s0550/1030] loss = 3.122314
[e375 s0600/1030] loss = 3.077480
[e375 s0650/1030] loss = 3.035608
[e375 s0700/1030] loss = 3.048036
[e375 s0750/1030] loss = 3.133649
[e375 s0800/1030] loss = 3.393944
[e375 s0850/1030] loss = 3.274370
[e375 s0900/1030] loss = 3.240058
[e375 s0950/1030] loss = 3.184659
[e375 s1000/1030] loss = 3.171893
Epoch 375: train_loss = 3.119578  MAE/GAME0 = 222.790  RMSE = 226.607  GAME1 = 228.182  GAME2 = 246.595  GAME3 = 266.687  lr = 6.42e-07  time = 9.5s
[e376 s0001/1030] loss = 1.486219
[e376 s0050/1030] loss = 3.097326
[e376 s0100/1030] loss = 4.427393
[e376 s0150/1030] loss = 4.002005
[e376 s0200/1030] loss = 3.796757
[e376 s0250/1030] loss = 3.538410
[e376 s0300/1030] loss = 3.313136
[e376 s0350/1030] loss = 3.133696
[e376 s0400/1030] loss = 2.973145
[e376 s0450/1030] loss = 2.885758
[e376 s0500/1030] loss = 2.866244
[e376 s0550/1030] loss = 2.909313
[e376 s0600/1030] loss = 2.856936
[e376 s0650/1030] loss = 2.868396
[e376 s0700/1030] loss = 3.067318
[e376 s0750/1030] loss = 3.067997
[e376 s0800/1030] loss = 2.965547
[e376 s0850/1030] loss = 3.183659
[e376 s0900/1030] loss = 3.168518
[e376 s0950/1030] loss = 3.132498
[e376 s1000/1030] loss = 3.057507
Epoch 376: train_loss = 3.034884  MAE/GAME0 = 221.994  RMSE = 225.826  GAME1 = 227.417  GAME2 = 245.897  GAME3 = 265.999  lr = 5.96e-07  time = 9.6s
[e377 s0001/1030] loss = 0.401863
[e377 s0050/1030] loss = 2.148461
[e377 s0100/1030] loss = 2.350349
[e377 s0150/1030] loss = 2.759283
[e377 s0200/1030] loss = 2.558382
[e377 s0250/1030] loss = 2.497416
[e377 s0300/1030] loss = 2.355570
[e377 s0350/1030] loss = 2.376327
[e377 s0400/1030] loss = 2.310604
[e377 s0450/1030] loss = 2.336946
[e377 s0500/1030] loss = 2.304911
[e377 s0550/1030] loss = 2.282193
[e377 s0600/1030] loss = 2.395841
[e377 s0650/1030] loss = 2.346928
[e377 s0700/1030] loss = 2.385884
[e377 s0750/1030] loss = 2.909503
[e377 s0800/1030] loss = 3.072199
[e377 s0850/1030] loss = 3.005357
[e377 s0900/1030] loss = 2.965100
[e377 s0950/1030] loss = 2.895411
[e377 s1000/1030] loss = 2.836274
Epoch 377: train_loss = 2.842459  MAE/GAME0 = 218.849  RMSE = 222.739  GAME1 = 224.385  GAME2 = 243.081  GAME3 = 263.209  lr = 5.51e-07  time = 9.6s
[e378 s0001/1030] loss = 1.304078
[e378 s0050/1030] loss = 1.207950
[e378 s0100/1030] loss = 2.627049
[e378 s0150/1030] loss = 3.211163
[e378 s0200/1030] loss = 2.979395
[e378 s0250/1030] loss = 2.720972
[e378 s0300/1030] loss = 3.632353
[e378 s0350/1030] loss = 3.476542
[e378 s0400/1030] loss = 3.481215
[e378 s0450/1030] loss = 3.428002
[e378 s0500/1030] loss = 3.333332
[e378 s0550/1030] loss = 3.313268
[e378 s0600/1030] loss = 3.241758
[e378 s0650/1030] loss = 3.146587
[e378 s0700/1030] loss = 3.047533
[e378 s0750/1030] loss = 2.965492
[e378 s0800/1030] loss = 2.941143
[e378 s0850/1030] loss = 2.908804
[e378 s0900/1030] loss = 2.929957
[e378 s0950/1030] loss = 2.854307
[e378 s1000/1030] loss = 2.800696
Epoch 378: train_loss = 2.781953  MAE/GAME0 = 217.300  RMSE = 221.221  GAME1 = 222.899  GAME2 = 241.709  GAME3 = 261.847  lr = 5.09e-07  time = 9.5s
[e379 s0001/1030] loss = 0.476751
[e379 s0050/1030] loss = 2.132583
[e379 s0100/1030] loss = 1.710714
[e379 s0150/1030] loss = 1.638902
[e379 s0200/1030] loss = 1.901440
[e379 s0250/1030] loss = 1.923981
[e379 s0300/1030] loss = 1.950458
[e379 s0350/1030] loss = 2.023728
[e379 s0400/1030] loss = 2.232516
[e379 s0450/1030] loss = 2.244159
[e379 s0500/1030] loss = 2.206447
[e379 s0550/1030] loss = 2.208463
[e379 s0600/1030] loss = 2.290031
[e379 s0650/1030] loss = 2.240129
[e379 s0700/1030] loss = 2.310743
[e379 s0750/1030] loss = 2.258020
[e379 s0800/1030] loss = 2.391519
[e379 s0850/1030] loss = 2.449532
[e379 s0900/1030] loss = 2.450645
[e379 s0950/1030] loss = 2.423900
[e379 s1000/1030] loss = 2.402823
Epoch 379: train_loss = 2.489422  MAE/GAME0 = 216.693  RMSE = 220.626  GAME1 = 222.315  GAME2 = 241.163  GAME3 = 261.304  lr = 4.68e-07  time = 9.5s
[e380 s0001/1030] loss = 0.501028
[e380 s0050/1030] loss = 2.552502
[e380 s0100/1030] loss = 2.169726
[e380 s0150/1030] loss = 2.286501
[e380 s0200/1030] loss = 2.118937
[e380 s0250/1030] loss = 2.100296
[e380 s0300/1030] loss = 1.981145
[e380 s0350/1030] loss = 2.148034
[e380 s0400/1030] loss = 2.339381
[e380 s0450/1030] loss = 2.263838
[e380 s0500/1030] loss = 2.201420
[e380 s0550/1030] loss = 2.199618
[e380 s0600/1030] loss = 2.173846
[e380 s0650/1030] loss = 2.156114
[e380 s0700/1030] loss = 2.187177
[e380 s0750/1030] loss = 2.196373
[e380 s0800/1030] loss = 2.339811
[e380 s0850/1030] loss = 2.906384
[e380 s0900/1030] loss = 2.900655
[e380 s0950/1030] loss = 2.877375
[e380 s1000/1030] loss = 2.926117
Epoch 380: train_loss = 2.921802  MAE/GAME0 = 214.961  RMSE = 218.930  GAME1 = 220.648  GAME2 = 239.626  GAME3 = 259.778  lr = 4.29e-07  time = 9.6s
[e381 s0001/1030] loss = 0.392405
[e381 s0050/1030] loss = 6.171967
[e381 s0100/1030] loss = 4.671811
[e381 s0150/1030] loss = 4.011310
[e381 s0200/1030] loss = 5.029023
[e381 s0250/1030] loss = 4.334791
[e381 s0300/1030] loss = 4.034160
[e381 s0350/1030] loss = 3.743392
[e381 s0400/1030] loss = 3.487050
[e381 s0450/1030] loss = 3.409630
[e381 s0500/1030] loss = 3.443451
[e381 s0550/1030] loss = 3.391030
[e381 s0600/1030] loss = 3.309816
[e381 s0650/1030] loss = 3.220447
[e381 s0700/1030] loss = 3.419634
[e381 s0750/1030] loss = 3.314431
[e381 s0800/1030] loss = 3.260390
[e381 s0850/1030] loss = 3.201812
[e381 s0900/1030] loss = 3.187375
[e381 s0950/1030] loss = 3.271499
[e381 s1000/1030] loss = 3.246012
Epoch 381: train_loss = 3.180605  MAE/GAME0 = 217.928  RMSE = 221.836  GAME1 = 223.499  GAME2 = 242.262  GAME3 = 262.397  lr = 3.92e-07  time = 9.5s
[e382 s0001/1030] loss = 1.018002
[e382 s0050/1030] loss = 3.261340
[e382 s0100/1030] loss = 3.555291
[e382 s0150/1030] loss = 4.079404
[e382 s0200/1030] loss = 3.753888
[e382 s0250/1030] loss = 3.454542
[e382 s0300/1030] loss = 3.272093
[e382 s0350/1030] loss = 3.166712
[e382 s0400/1030] loss = 3.172347
[e382 s0450/1030] loss = 3.032058
[e382 s0500/1030] loss = 3.615033
[e382 s0550/1030] loss = 3.501879
[e382 s0600/1030] loss = 3.339409
[e382 s0650/1030] loss = 3.280920
[e382 s0700/1030] loss = 3.172585
[e382 s0750/1030] loss = 3.080960
[e382 s0800/1030] loss = 3.004742
[e382 s0850/1030] loss = 3.023359
[e382 s0900/1030] loss = 3.166836
[e382 s0950/1030] loss = 3.077584
[e382 s1000/1030] loss = 3.077199
Epoch 382: train_loss = 3.043373  MAE/GAME0 = 218.646  RMSE = 222.541  GAME1 = 224.186  GAME2 = 242.886  GAME3 = 263.014  lr = 3.57e-07  time = 9.6s
[e383 s0001/1030] loss = 0.355146
[e383 s0050/1030] loss = 2.333047
[e383 s0100/1030] loss = 2.707038
[e383 s0150/1030] loss = 2.805328
[e383 s0200/1030] loss = 4.010384
[e383 s0250/1030] loss = 4.131553
[e383 s0300/1030] loss = 3.806258
[e383 s0350/1030] loss = 3.752652
[e383 s0400/1030] loss = 3.777726
[e383 s0450/1030] loss = 3.550039
[e383 s0500/1030] loss = 3.413979
[e383 s0550/1030] loss = 3.552238
[e383 s0600/1030] loss = 3.538857
[e383 s0650/1030] loss = 3.364192
[e383 s0700/1030] loss = 3.297658
[e383 s0750/1030] loss = 3.293675
[e383 s0800/1030] loss = 3.402109
[e383 s0850/1030] loss = 3.438196
[e383 s0900/1030] loss = 3.325888
[e383 s0950/1030] loss = 3.278664
[e383 s1000/1030] loss = 3.211449
Epoch 383: train_loss = 3.350590  MAE/GAME0 = 221.644  RMSE = 225.482  GAME1 = 227.076  GAME2 = 245.569  GAME3 = 265.671  lr = 3.24e-07  time = 9.5s
[e384 s0001/1030] loss = 0.490548
[e384 s0050/1030] loss = 6.696392
[e384 s0100/1030] loss = 4.295508
[e384 s0150/1030] loss = 3.775279
[e384 s0200/1030] loss = 3.285503
[e384 s0250/1030] loss = 3.304430
[e384 s0300/1030] loss = 3.528050
[e384 s0350/1030] loss = 3.433346
[e384 s0400/1030] loss = 3.227801
[e384 s0450/1030] loss = 3.332285
[e384 s0500/1030] loss = 3.335636
[e384 s0550/1030] loss = 3.209845
[e384 s0600/1030] loss = 3.185626
[e384 s0650/1030] loss = 3.095098
[e384 s0700/1030] loss = 3.006332
[e384 s0750/1030] loss = 2.994169
[e384 s0800/1030] loss = 2.921254
[e384 s0850/1030] loss = 2.952110
[e384 s0900/1030] loss = 2.877729
[e384 s0950/1030] loss = 2.916233
[e384 s1000/1030] loss = 2.991101
Epoch 384: train_loss = 2.984520  MAE/GAME0 = 222.017  RMSE = 225.847  GAME1 = 227.436  GAME2 = 245.903  GAME3 = 266.002  lr = 2.93e-07  time = 9.5s
[e385 s0001/1030] loss = 1.352388
[e385 s0050/1030] loss = 5.106916
[e385 s0100/1030] loss = 5.977270
[e385 s0150/1030] loss = 4.510152
[e385 s0200/1030] loss = 3.878766
[e385 s0250/1030] loss = 3.445285
[e385 s0300/1030] loss = 3.289179
[e385 s0350/1030] loss = 3.189969
[e385 s0400/1030] loss = 3.023116
[e385 s0450/1030] loss = 2.933088
[e385 s0500/1030] loss = 2.803090
[e385 s0550/1030] loss = 2.807172
[e385 s0600/1030] loss = 2.766894
[e385 s0650/1030] loss = 2.749715
[e385 s0700/1030] loss = 2.777109
[e385 s0750/1030] loss = 2.795921
[e385 s0800/1030] loss = 2.765191
[e385 s0850/1030] loss = 2.734907
[e385 s0900/1030] loss = 2.836972
[e385 s0950/1030] loss = 3.288435
[e385 s1000/1030] loss = 3.319853
Epoch 385: train_loss = 3.314778  MAE/GAME0 = 223.043  RMSE = 226.855  GAME1 = 228.425  GAME2 = 246.822  GAME3 = 266.914  lr = 2.64e-07  time = 9.4s
[e386 s0001/1030] loss = 4.284258
[e386 s0050/1030] loss = 2.905694
[e386 s0100/1030] loss = 2.511076
[e386 s0150/1030] loss = 2.303517
[e386 s0200/1030] loss = 2.298953
[e386 s0250/1030] loss = 2.534565
[e386 s0300/1030] loss = 3.283689
[e386 s0350/1030] loss = 3.345714
[e386 s0400/1030] loss = 3.278600
[e386 s0450/1030] loss = 3.195209
[e386 s0500/1030] loss = 3.125951
[e386 s0550/1030] loss = 3.157202
[e386 s0600/1030] loss = 3.095851
[e386 s0650/1030] loss = 3.008095
[e386 s0700/1030] loss = 2.925368
[e386 s0750/1030] loss = 2.869203
[e386 s0800/1030] loss = 2.895833
[e386 s0850/1030] loss = 2.954249
[e386 s0900/1030] loss = 2.932187
[e386 s0950/1030] loss = 2.924227
[e386 s1000/1030] loss = 2.875425
Epoch 386: train_loss = 2.846944  MAE/GAME0 = 223.509  RMSE = 227.313  GAME1 = 228.873  GAME2 = 247.231  GAME3 = 267.316  lr = 2.36e-07  time = 9.6s
[e387 s0001/1030] loss = 1.937938
[e387 s0050/1030] loss = 2.704247
[e387 s0100/1030] loss = 3.015810
[e387 s0150/1030] loss = 2.637600
[e387 s0200/1030] loss = 2.505987
[e387 s0250/1030] loss = 2.561818
[e387 s0300/1030] loss = 2.441652
[e387 s0350/1030] loss = 2.372151
[e387 s0400/1030] loss = 2.347144
[e387 s0450/1030] loss = 2.249865
[e387 s0500/1030] loss = 2.265038
[e387 s0550/1030] loss = 2.310213
[e387 s0600/1030] loss = 2.612462
[e387 s0650/1030] loss = 2.562087
[e387 s0700/1030] loss = 2.632582
[e387 s0750/1030] loss = 2.632775
[e387 s0800/1030] loss = 2.628984
[e387 s0850/1030] loss = 2.597640
[e387 s0900/1030] loss = 2.728033
[e387 s0950/1030] loss = 2.755209
[e387 s1000/1030] loss = 2.717007
Epoch 387: train_loss = 3.136639  MAE/GAME0 = 223.352  RMSE = 227.159  GAME1 = 228.724  GAME2 = 247.094  GAME3 = 267.180  lr = 2.11e-07  time = 9.5s
[e388 s0001/1030] loss = 0.612781
[e388 s0050/1030] loss = 2.205905
[e388 s0100/1030] loss = 2.006420
[e388 s0150/1030] loss = 2.049847
[e388 s0200/1030] loss = 2.366358
[e388 s0250/1030] loss = 2.433837
[e388 s0300/1030] loss = 2.302940
[e388 s0350/1030] loss = 2.319538
[e388 s0400/1030] loss = 2.854340
[e388 s0450/1030] loss = 2.815208
[e388 s0500/1030] loss = 2.817758
[e388 s0550/1030] loss = 2.835977
[e388 s0600/1030] loss = 2.909208
[e388 s0650/1030] loss = 2.851031
[e388 s0700/1030] loss = 2.859079
[e388 s0750/1030] loss = 2.814430
[e388 s0800/1030] loss = 2.795399
[e388 s0850/1030] loss = 2.769913
[e388 s0900/1030] loss = 2.847691
[e388 s0950/1030] loss = 2.827799
[e388 s1000/1030] loss = 2.813122
Epoch 388: train_loss = 2.843957  MAE/GAME0 = 223.195  RMSE = 227.005  GAME1 = 228.573  GAME2 = 246.953  GAME3 = 267.040  lr = 1.87e-07  time = 9.3s
[e389 s0001/1030] loss = 2.559981
[e389 s0050/1030] loss = 2.549594
[e389 s0100/1030] loss = 2.060535
[e389 s0150/1030] loss = 2.122656
[e389 s0200/1030] loss = 2.007828
[e389 s0250/1030] loss = 2.426912
[e389 s0300/1030] loss = 2.869356
[e389 s0350/1030] loss = 2.986036
[e389 s0400/1030] loss = 2.800698
[e389 s0450/1030] loss = 2.672757
[e389 s0500/1030] loss = 2.591799
[e389 s0550/1030] loss = 2.971063
[e389 s0600/1030] loss = 3.020863
[e389 s0650/1030] loss = 2.982138
[e389 s0700/1030] loss = 2.914541
[e389 s0750/1030] loss = 2.859268
[e389 s0800/1030] loss = 2.999968
[e389 s0850/1030] loss = 3.035800
[e389 s0900/1030] loss = 2.988722
[e389 s0950/1030] loss = 2.959480
[e389 s1000/1030] loss = 3.002814
Epoch 389: train_loss = 2.964084  MAE/GAME0 = 223.848  RMSE = 227.646  GAME1 = 229.201  GAME2 = 247.537  GAME3 = 267.620  lr = 1.65e-07  time = 9.5s
[e390 s0001/1030] loss = 1.586207
[e390 s0050/1030] loss = 1.614717
[e390 s0100/1030] loss = 2.270879
[e390 s0150/1030] loss = 2.172292
[e390 s0200/1030] loss = 2.557117
[e390 s0250/1030] loss = 2.441165
[e390 s0300/1030] loss = 2.431698
[e390 s0350/1030] loss = 2.538809
[e390 s0400/1030] loss = 2.605960
[e390 s0450/1030] loss = 2.494004
[e390 s0500/1030] loss = 2.575324
[e390 s0550/1030] loss = 2.641346
[e390 s0600/1030] loss = 2.728891
[e390 s0650/1030] loss = 2.710931
[e390 s0700/1030] loss = 2.753957
[e390 s0750/1030] loss = 2.877845
[e390 s0800/1030] loss = 2.908195
[e390 s0850/1030] loss = 2.857997
[e390 s0900/1030] loss = 3.060318
[e390 s0950/1030] loss = 3.032290
[e390 s1000/1030] loss = 3.023575
Epoch 390: train_loss = 2.996576  MAE/GAME0 = 223.998  RMSE = 227.793  GAME1 = 229.346  GAME2 = 247.667  GAME3 = 267.747  lr = 1.45e-07  time = 9.6s
[e391 s0001/1030] loss = 1.248289
[e391 s0050/1030] loss = 5.814184
[e391 s0100/1030] loss = 8.191074
[e391 s0150/1030] loss = 7.300449
[e391 s0200/1030] loss = 6.380277
[e391 s0250/1030] loss = 5.891700
[e391 s0300/1030] loss = 5.607599
[e391 s0350/1030] loss = 5.094763
[e391 s0400/1030] loss = 4.684468
[e391 s0450/1030] loss = 4.589571
[e391 s0500/1030] loss = 4.326716
[e391 s0550/1030] loss = 4.081176
[e391 s0600/1030] loss = 3.941379
[e391 s0650/1030] loss = 3.858994
[e391 s0700/1030] loss = 3.893879
[e391 s0750/1030] loss = 3.776178
[e391 s0800/1030] loss = 3.731105
[e391 s0850/1030] loss = 3.652025
[e391 s0900/1030] loss = 3.590582
[e391 s0950/1030] loss = 3.468680
[e391 s1000/1030] loss = 3.367164
Epoch 391: train_loss = 3.328589  MAE/GAME0 = 224.438  RMSE = 228.226  GAME1 = 229.771  GAME2 = 248.062  GAME3 = 268.139  lr = 1.27e-07  time = 9.4s
[e392 s0001/1030] loss = 3.023574
[e392 s0050/1030] loss = 7.674223
[e392 s0100/1030] loss = 4.698232
[e392 s0150/1030] loss = 3.765923
[e392 s0200/1030] loss = 3.683806
[e392 s0250/1030] loss = 3.285499
[e392 s0300/1030] loss = 3.141676
[e392 s0350/1030] loss = 3.048762
[e392 s0400/1030] loss = 2.915542
[e392 s0450/1030] loss = 2.772526
[e392 s0500/1030] loss = 2.747218
[e392 s0550/1030] loss = 2.864991
[e392 s0600/1030] loss = 2.880853
[e392 s0650/1030] loss = 3.242374
[e392 s0700/1030] loss = 3.172945
[e392 s0750/1030] loss = 3.163220
[e392 s0800/1030] loss = 3.141691
[e392 s0850/1030] loss = 3.131213
[e392 s0900/1030] loss = 3.290421
[e392 s0950/1030] loss = 3.233589
[e392 s1000/1030] loss = 3.195867
Epoch 392: train_loss = 3.222208  MAE/GAME0 = 224.474  RMSE = 228.261  GAME1 = 229.806  GAME2 = 248.091  GAME3 = 268.167  lr = 1.11e-07  time = 9.7s
[e393 s0001/1030] loss = 0.458905
[e393 s0050/1030] loss = 3.473413
[e393 s0100/1030] loss = 3.523947
[e393 s0150/1030] loss = 5.264256
[e393 s0200/1030] loss = 4.639521
[e393 s0250/1030] loss = 4.275619
[e393 s0300/1030] loss = 4.141133
[e393 s0350/1030] loss = 3.922439
[e393 s0400/1030] loss = 3.747228
[e393 s0450/1030] loss = 3.585872
[e393 s0500/1030] loss = 3.425871
[e393 s0550/1030] loss = 3.366268
[e393 s0600/1030] loss = 3.256655
[e393 s0650/1030] loss = 3.166750
[e393 s0700/1030] loss = 3.218098
[e393 s0750/1030] loss = 3.184784
[e393 s0800/1030] loss = 3.134176
[e393 s0850/1030] loss = 3.204722
[e393 s0900/1030] loss = 3.122097
[e393 s0950/1030] loss = 3.107418
[e393 s1000/1030] loss = 3.083637
Epoch 393: train_loss = 3.088511  MAE/GAME0 = 224.718  RMSE = 228.501  GAME1 = 230.040  GAME2 = 248.310  GAME3 = 268.385  lr = 9.66e-08  time = 9.5s
[e394 s0001/1030] loss = 1.564974
[e394 s0050/1030] loss = 2.376226
[e394 s0100/1030] loss = 2.833617
[e394 s0150/1030] loss = 2.322654
[e394 s0200/1030] loss = 4.108390
[e394 s0250/1030] loss = 3.749404
[e394 s0300/1030] loss = 3.509480
[e394 s0350/1030] loss = 3.337174
[e394 s0400/1030] loss = 3.290717
[e394 s0450/1030] loss = 3.131096
[e394 s0500/1030] loss = 2.978335
[e394 s0550/1030] loss = 2.951074
[e394 s0600/1030] loss = 2.911737
[e394 s0650/1030] loss = 2.898679
[e394 s0700/1030] loss = 2.846301
[e394 s0750/1030] loss = 3.041738
[e394 s0800/1030] loss = 2.957946
[e394 s0850/1030] loss = 2.914789
[e394 s0900/1030] loss = 2.847659
[e394 s0950/1030] loss = 2.843049
[e394 s1000/1030] loss = 2.804756
Epoch 394: train_loss = 2.771491  MAE/GAME0 = 224.519  RMSE = 228.305  GAME1 = 229.847  GAME2 = 248.125  GAME3 = 268.199  lr = 8.42e-08  time = 9.6s
[e395 s0001/1030] loss = 0.744434
[e395 s0050/1030] loss = 4.022413
[e395 s0100/1030] loss = 3.265817
[e395 s0150/1030] loss = 3.191095
[e395 s0200/1030] loss = 3.035128
[e395 s0250/1030] loss = 2.827629
[e395 s0300/1030] loss = 2.658365
[e395 s0350/1030] loss = 2.531874
[e395 s0400/1030] loss = 2.639572
[e395 s0450/1030] loss = 2.654955
[e395 s0500/1030] loss = 2.828847
[e395 s0550/1030] loss = 2.824300
[e395 s0600/1030] loss = 3.031085
[e395 s0650/1030] loss = 3.106231
[e395 s0700/1030] loss = 3.045607
[e395 s0750/1030] loss = 3.099561
[e395 s0800/1030] loss = 3.226479
[e395 s0850/1030] loss = 3.132376
[e395 s0900/1030] loss = 3.077410
[e395 s0950/1030] loss = 3.005218
[e395 s1000/1030] loss = 3.003977
Epoch 395: train_loss = 2.997165  MAE/GAME0 = 224.665  RMSE = 228.449  GAME1 = 229.989  GAME2 = 248.255  GAME3 = 268.327  lr = 7.38e-08  time = 9.5s
[e396 s0001/1030] loss = 1.041951
[e396 s0050/1030] loss = 2.262972
[e396 s0100/1030] loss = 2.323777
[e396 s0150/1030] loss = 2.101439
[e396 s0200/1030] loss = 2.378398
[e396 s0250/1030] loss = 3.097498
[e396 s0300/1030] loss = 3.116556
[e396 s0350/1030] loss = 3.055612
[e396 s0400/1030] loss = 3.042347
[e396 s0450/1030] loss = 3.023806
[e396 s0500/1030] loss = 2.892688
[e396 s0550/1030] loss = 3.505551
[e396 s0600/1030] loss = 3.534577
[e396 s0650/1030] loss = 3.355356
[e396 s0700/1030] loss = 3.337303
[e396 s0750/1030] loss = 3.309906
[e396 s0800/1030] loss = 3.199602
[e396 s0850/1030] loss = 3.113215
[e396 s0900/1030] loss = 3.127642
[e396 s0950/1030] loss = 3.071024
[e396 s1000/1030] loss = 3.046469
Epoch 396: train_loss = 3.017613  MAE/GAME0 = 224.885  RMSE = 228.665  GAME1 = 230.201  GAME2 = 248.451  GAME3 = 268.521  lr = 6.52e-08  time = 9.5s
[e397 s0001/1030] loss = 0.479631
[e397 s0050/1030] loss = 1.553548
[e397 s0100/1030] loss = 2.401635
[e397 s0150/1030] loss = 2.304552
[e397 s0200/1030] loss = 2.141291
[e397 s0250/1030] loss = 2.290564
[e397 s0300/1030] loss = 2.870484
[e397 s0350/1030] loss = 2.877000
[e397 s0400/1030] loss = 2.880122
[e397 s0450/1030] loss = 2.940600
[e397 s0500/1030] loss = 2.805639
[e397 s0550/1030] loss = 2.944064
[e397 s0600/1030] loss = 3.174577
[e397 s0650/1030] loss = 3.085641
[e397 s0700/1030] loss = 3.024325
[e397 s0750/1030] loss = 2.966796
[e397 s0800/1030] loss = 2.868940
[e397 s0850/1030] loss = 2.880608
[e397 s0900/1030] loss = 2.891588
[e397 s0950/1030] loss = 2.849204
[e397 s1000/1030] loss = 2.789225
Epoch 397: train_loss = 2.792786  MAE/GAME0 = 224.946  RMSE = 228.725  GAME1 = 230.260  GAME2 = 248.506  GAME3 = 268.577  lr = 5.86e-08  time = 9.5s
[e398 s0001/1030] loss = 12.120583
[e398 s0050/1030] loss = 2.255812
[e398 s0100/1030] loss = 2.194920
[e398 s0150/1030] loss = 2.066280
[e398 s0200/1030] loss = 2.200680
[e398 s0250/1030] loss = 2.309499
[e398 s0300/1030] loss = 2.439154
[e398 s0350/1030] loss = 2.699310
[e398 s0400/1030] loss = 2.807799
[e398 s0450/1030] loss = 2.784156
[e398 s0500/1030] loss = 2.712948
[e398 s0550/1030] loss = 2.642659
[e398 s0600/1030] loss = 2.573699
[e398 s0650/1030] loss = 3.187349
[e398 s0700/1030] loss = 3.113050
[e398 s0750/1030] loss = 3.071421
[e398 s0800/1030] loss = 3.236518
[e398 s0850/1030] loss = 3.161347
[e398 s0900/1030] loss = 3.281156
[e398 s0950/1030] loss = 3.204329
[e398 s1000/1030] loss = 3.242639
Epoch 398: train_loss = 3.233868  MAE/GAME0 = 224.902  RMSE = 228.682  GAME1 = 230.218  GAME2 = 248.467  GAME3 = 268.537  lr = 5.38e-08  time = 9.5s
[e399 s0001/1030] loss = 9.338796
[e399 s0050/1030] loss = 2.971636
[e399 s0100/1030] loss = 5.050665
[e399 s0150/1030] loss = 4.354910
[e399 s0200/1030] loss = 3.699890
[e399 s0250/1030] loss = 3.533553
[e399 s0300/1030] loss = 3.467795
[e399 s0350/1030] loss = 3.256722
[e399 s0400/1030] loss = 3.049985
[e399 s0450/1030] loss = 3.050350
[e399 s0500/1030] loss = 4.155504
[e399 s0550/1030] loss = 3.952527
[e399 s0600/1030] loss = 3.875231
[e399 s0650/1030] loss = 3.748931
[e399 s0700/1030] loss = 3.684121
[e399 s0750/1030] loss = 3.651651
[e399 s0800/1030] loss = 3.660999
[e399 s0850/1030] loss = 3.550520
[e399 s0900/1030] loss = 3.491011
[e399 s0950/1030] loss = 3.422081
[e399 s1000/1030] loss = 3.434498
Epoch 399: train_loss = 3.528019  MAE/GAME0 = 225.317  RMSE = 229.089  GAME1 = 230.619  GAME2 = 248.837  GAME3 = 268.903  lr = 5.09e-08  time = 9.5s
[e400 s0001/1030] loss = 2.320510
[e400 s0050/1030] loss = 3.641852
[e400 s0100/1030] loss = 3.190722
[e400 s0150/1030] loss = 2.525742
[e400 s0200/1030] loss = 2.435278
[e400 s0250/1030] loss = 2.411877
[e400 s0300/1030] loss = 2.523337
[e400 s0350/1030] loss = 2.513744
[e400 s0400/1030] loss = 2.524480
[e400 s0450/1030] loss = 2.802713
[e400 s0500/1030] loss = 2.728526
[e400 s0550/1030] loss = 2.734970
[e400 s0600/1030] loss = 2.736184
[e400 s0650/1030] loss = 2.697176
[e400 s0700/1030] loss = 2.707851
[e400 s0750/1030] loss = 2.621044
[e400 s0800/1030] loss = 2.785312
[e400 s0850/1030] loss = 2.751440
[e400 s0900/1030] loss = 2.791847
[e400 s0950/1030] loss = 2.829123
[e400 s1000/1030] loss = 2.816514
Epoch 400: train_loss = 3.161274  MAE/GAME0 = 225.211  RMSE = 228.985  GAME1 = 230.516  GAME2 = 248.742  GAME3 = 268.809  lr = 5.00e-08  time = 9.5s
[done] best_mae = 36.980  best_path = /scratch/users/ntu/kenneth0/FYP-SmartObjectCounter/outputs/train_rgbt_early_e400/12850188.pbs101_20260209_154141/best.pth
