[log] /scratch/users/ntu/kenneth0/FYP-SmartObjectCounter/logs/train_rgb_e400_13053642.pbs101_20260304_195546.log
[job] name=train_rgb_e400 id=13053642.pbs101 host=x1000c1s3b0n0 time=Wed Mar  4 19:55:46 +08 2026
torch 2.6.0+cu118 cuda True
[init] device = cuda
[init] train = 1030  val = 200  workers = 4
/scratch/users/ntu/kenneth0/FYP-SmartObjectCounter/scripts/train_rgbt.py:454: FutureWarning: `torch.cuda.amp.GradScaler(args...)` is deprecated. Please use `torch.amp.GradScaler('cuda', args...)` instead.
  scaler = GradScaler(enabled = bool(args.amp))
[e001 s0001/1030] loss = 4174131.750000
[e001 s0050/1030] loss = 463167.040549
[e001 s0100/1030] loss = 231583.902561
[e001 s0150/1030] loss = 154389.493109
[e001 s0200/1030] loss = 115792.645370
[e001 s0250/1030] loss = 92634.464597
[e001 s0300/1030] loss = 77195.528071
[e001 s0350/1030] loss = 66167.833891
[e001 s0400/1030] loss = 57897.015136
[e001 s0450/1030] loss = 51464.354783
[e001 s0500/1030] loss = 46318.013283
[e001 s0550/1030] loss = 42107.359578
[e001 s0600/1030] loss = 38598.510922
[e001 s0650/1030] loss = 35629.480054
[e001 s0700/1030] loss = 33084.621233
[e001 s0750/1030] loss = 30879.077726
[e001 s0800/1030] loss = 28949.216920
[e001 s0850/1030] loss = 27246.429377
[e001 s0900/1030] loss = 25732.809886
[e001 s0950/1030] loss = 24378.576982
[e001 s1000/1030] loss = 23159.711636
Epoch 001: train_loss = 22485.199528  MAE/GAME0 = 23.245  RMSE = 42.248  GAME1 = 23.245  GAME2 = 23.245  GAME3 = 23.245  lr = 5.07e-06  time = 23.1s
[e002 s0001/1030] loss = 0.468154
[e002 s0050/1030] loss = 0.904283
[e002 s0100/1030] loss = 1.090512
[e002 s0150/1030] loss = 1.138144
[e002 s0200/1030] loss = 1.097880
[e002 s0250/1030] loss = 1.061230
[e002 s0300/1030] loss = 1.141574
[e002 s0350/1030] loss = 1.446329
[e002 s0400/1030] loss = 1.468563
[e002 s0450/1030] loss = 1.594499
[e002 s0500/1030] loss = 1.538489
[e002 s0550/1030] loss = 1.513736
[e002 s0600/1030] loss = 1.500012
[e002 s0650/1030] loss = 1.486417
[e002 s0700/1030] loss = 1.482525
[e002 s0750/1030] loss = 1.444212
[e002 s0800/1030] loss = 1.429638
[e002 s0850/1030] loss = 1.506541
[e002 s0900/1030] loss = 1.475882
[e002 s0950/1030] loss = 1.459153
[e002 s1000/1030] loss = 1.478344
Epoch 002: train_loss = 1.463048  MAE/GAME0 = 23.245  RMSE = 42.248  GAME1 = 23.245  GAME2 = 23.245  GAME3 = 23.245  lr = 5.28e-06  time = 16.8s
[e003 s0001/1030] loss = 0.516209
[e003 s0050/1030] loss = 0.923328
[e003 s0100/1030] loss = 1.521284
[e003 s0150/1030] loss = 1.938369
[e003 s0200/1030] loss = 2.438946
[e003 s0250/1030] loss = 2.122216
[e003 s0300/1030] loss = 2.061166
[e003 s0350/1030] loss = 1.848804
[e003 s0400/1030] loss = 1.832766
[e003 s0450/1030] loss = 1.755663
[e003 s0500/1030] loss = 1.671729
[e003 s0550/1030] loss = 1.590247
[e003 s0600/1030] loss = 1.558294
[e003 s0650/1030] loss = 1.523949
[e003 s0700/1030] loss = 1.508323
[e003 s0750/1030] loss = 1.505417
[e003 s0800/1030] loss = 1.475344
[e003 s0850/1030] loss = 1.457046
[e003 s0900/1030] loss = 1.450900
[e003 s0950/1030] loss = 1.443574
[e003 s1000/1030] loss = 1.414016
Epoch 003: train_loss = 1.424637  MAE/GAME0 = 23.245  RMSE = 42.248  GAME1 = 23.245  GAME2 = 23.245  GAME3 = 23.245  lr = 5.62e-06  time = 16.6s
[e004 s0001/1030] loss = 0.147331
[e004 s0050/1030] loss = 1.148132
[e004 s0100/1030] loss = 1.074600
[e004 s0150/1030] loss = 1.115157
[e004 s0200/1030] loss = 1.058585
[e004 s0250/1030] loss = 1.043765
[e004 s0300/1030] loss = 1.117929
[e004 s0350/1030] loss = 1.199489
[e004 s0400/1030] loss = 1.125018
[e004 s0450/1030] loss = 1.153485
[e004 s0500/1030] loss = 1.096247
[e004 s0550/1030] loss = 1.091261
[e004 s0600/1030] loss = 1.131391
[e004 s0650/1030] loss = 1.153996
[e004 s0700/1030] loss = 1.115261
[e004 s0750/1030] loss = 1.135812
[e004 s0800/1030] loss = 1.157918
[e004 s0850/1030] loss = 1.281505
[e004 s0900/1030] loss = 1.258697
[e004 s0950/1030] loss = 1.309184
[e004 s1000/1030] loss = 1.370895
Epoch 004: train_loss = 1.386687  MAE/GAME0 = 23.245  RMSE = 42.248  GAME1 = 23.245  GAME2 = 23.245  GAME3 = 23.245  lr = 6.10e-06  time = 16.4s
[e005 s0001/1030] loss = 0.176121
[e005 s0050/1030] loss = 0.745576
[e005 s0100/1030] loss = 1.005346
[e005 s0150/1030] loss = 1.130985
[e005 s0200/1030] loss = 1.184409
[e005 s0250/1030] loss = 1.338314
[e005 s0300/1030] loss = 1.348440
[e005 s0350/1030] loss = 1.285290
[e005 s0400/1030] loss = 1.407190
[e005 s0450/1030] loss = 1.376746
[e005 s0500/1030] loss = 1.351038
[e005 s0550/1030] loss = 1.360779
[e005 s0600/1030] loss = 1.337774
[e005 s0650/1030] loss = 1.490471
[e005 s0700/1030] loss = 1.471986
[e005 s0750/1030] loss = 1.493546
[e005 s0800/1030] loss = 1.451354
[e005 s0850/1030] loss = 1.444516
[e005 s0900/1030] loss = 1.428225
[e005 s0950/1030] loss = 1.397744
[e005 s1000/1030] loss = 1.386319
Epoch 005: train_loss = 1.377957  MAE/GAME0 = 23.245  RMSE = 42.248  GAME1 = 23.245  GAME2 = 23.245  GAME3 = 23.245  lr = 6.71e-06  time = 16.4s
[e006 s0001/1030] loss = 0.350466
[e006 s0050/1030] loss = 0.609835
[e006 s0100/1030] loss = 0.769773
[e006 s0150/1030] loss = 1.034367
[e006 s0200/1030] loss = 1.003321
[e006 s0250/1030] loss = 0.976030
[e006 s0300/1030] loss = 1.010231
[e006 s0350/1030] loss = 1.019725
[e006 s0400/1030] loss = 1.313961
[e006 s0450/1030] loss = 1.299383
[e006 s0500/1030] loss = 1.376961
[e006 s0550/1030] loss = 1.334196
[e006 s0600/1030] loss = 1.285664
[e006 s0650/1030] loss = 1.370932
[e006 s0700/1030] loss = 1.356022
[e006 s0750/1030] loss = 1.377349
[e006 s0800/1030] loss = 1.374431
[e006 s0850/1030] loss = 1.349125
[e006 s0900/1030] loss = 1.345996
[e006 s0950/1030] loss = 1.386113
[e006 s1000/1030] loss = 1.382773
Epoch 006: train_loss = 1.376638  MAE/GAME0 = 23.245  RMSE = 42.248  GAME1 = 23.245  GAME2 = 23.245  GAME3 = 23.245  lr = 7.45e-06  time = 16.4s
[e007 s0001/1030] loss = 0.448847
[e007 s0050/1030] loss = 1.132453
[e007 s0100/1030] loss = 1.149526
[e007 s0150/1030] loss = 1.232116
[e007 s0200/1030] loss = 1.199482
[e007 s0250/1030] loss = 1.283857
[e007 s0300/1030] loss = 1.192956
[e007 s0350/1030] loss = 1.302400
[e007 s0400/1030] loss = 1.651145
[e007 s0450/1030] loss = 1.661643
[e007 s0500/1030] loss = 1.589968
[e007 s0550/1030] loss = 1.599935
[e007 s0600/1030] loss = 1.537003
[e007 s0650/1030] loss = 1.497640
[e007 s0700/1030] loss = 1.445156
[e007 s0750/1030] loss = 1.415734
[e007 s0800/1030] loss = 1.380992
[e007 s0850/1030] loss = 1.355517
[e007 s0900/1030] loss = 1.407131
[e007 s0950/1030] loss = 1.391345
[e007 s1000/1030] loss = 1.377605
Epoch 007: train_loss = 1.376637  MAE/GAME0 = 23.223  RMSE = 42.089  GAME1 = 23.223  GAME2 = 23.223  GAME3 = 23.266  lr = 8.32e-06  time = 16.5s
[e008 s0001/1030] loss = 4.582637
[e008 s0050/1030] loss = 0.841980
[e008 s0100/1030] loss = 1.102808
[e008 s0150/1030] loss = 1.473702
[e008 s0200/1030] loss = 1.477352
[e008 s0250/1030] loss = 1.424439
[e008 s0300/1030] loss = 1.363686
[e008 s0350/1030] loss = 1.294118
[e008 s0400/1030] loss = 1.241213
[e008 s0450/1030] loss = 1.557431
[e008 s0500/1030] loss = 1.531166
[e008 s0550/1030] loss = 1.454452
[e008 s0600/1030] loss = 1.518020
[e008 s0650/1030] loss = 1.597271
[e008 s0700/1030] loss = 1.578799
[e008 s0750/1030] loss = 1.534822
[e008 s0800/1030] loss = 1.506396
[e008 s0850/1030] loss = 1.484781
[e008 s0900/1030] loss = 1.474818
[e008 s0950/1030] loss = 1.433178
[e008 s1000/1030] loss = 1.421138
Epoch 008: train_loss = 1.404456  MAE/GAME0 = 23.245  RMSE = 42.248  GAME1 = 23.245  GAME2 = 23.245  GAME3 = 23.245  lr = 9.30e-06  time = 16.5s
[e009 s0001/1030] loss = 0.516663
[e009 s0050/1030] loss = 2.416260
[e009 s0100/1030] loss = 1.874816
[e009 s0150/1030] loss = 1.938962
[e009 s0200/1030] loss = 2.268603
[e009 s0250/1030] loss = 1.960634
[e009 s0300/1030] loss = 1.913340
[e009 s0350/1030] loss = 1.837763
[e009 s0400/1030] loss = 1.769076
[e009 s0450/1030] loss = 1.665012
[e009 s0500/1030] loss = 1.604991
[e009 s0550/1030] loss = 1.554537
[e009 s0600/1030] loss = 1.496083
[e009 s0650/1030] loss = 1.491650
[e009 s0700/1030] loss = 1.449137
[e009 s0750/1030] loss = 1.445298
[e009 s0800/1030] loss = 1.418051
[e009 s0850/1030] loss = 1.406427
[e009 s0900/1030] loss = 1.394834
[e009 s0950/1030] loss = 1.604755
[e009 s1000/1030] loss = 1.580507
Epoch 009: train_loss = 1.600810  MAE/GAME0 = 23.245  RMSE = 42.248  GAME1 = 23.245  GAME2 = 23.245  GAME3 = 23.245  lr = 1.04e-05  time = 16.6s
[e010 s0001/1030] loss = 0.361412
[e010 s0050/1030] loss = 1.226775
[e010 s0100/1030] loss = 1.142244
[e010 s0150/1030] loss = 1.356399
[e010 s0200/1030] loss = 1.249729
[e010 s0250/1030] loss = 1.408405
[e010 s0300/1030] loss = 1.528339
[e010 s0350/1030] loss = 1.463677
[e010 s0400/1030] loss = 1.450481
[e010 s0450/1030] loss = 1.649817
[e010 s0500/1030] loss = 1.583765
[e010 s0550/1030] loss = 1.534856
[e010 s0600/1030] loss = 1.489574
[e010 s0650/1030] loss = 1.471715
[e010 s0700/1030] loss = 1.430420
[e010 s0750/1030] loss = 1.406411
[e010 s0800/1030] loss = 1.410930
[e010 s0850/1030] loss = 1.391555
[e010 s0900/1030] loss = 1.377409
[e010 s0950/1030] loss = 1.409477
[e010 s1000/1030] loss = 1.395772
Epoch 010: train_loss = 1.376637  MAE/GAME0 = 23.245  RMSE = 42.248  GAME1 = 23.245  GAME2 = 23.245  GAME3 = 23.245  lr = 1.16e-05  time = 16.3s
[e011 s0001/1030] loss = 1.460891
[e011 s0050/1030] loss = 1.279037
[e011 s0100/1030] loss = 1.539574
[e011 s0150/1030] loss = 1.412287
[e011 s0200/1030] loss = 1.460902
[e011 s0250/1030] loss = 1.354596
[e011 s0300/1030] loss = 1.281783
[e011 s0350/1030] loss = 1.248715
[e011 s0400/1030] loss = 1.255018
[e011 s0450/1030] loss = 1.238859
[e011 s0500/1030] loss = 1.230929
[e011 s0550/1030] loss = 1.202972
[e011 s0600/1030] loss = 1.173994
[e011 s0650/1030] loss = 1.206152
[e011 s0700/1030] loss = 1.196184
[e011 s0750/1030] loss = 1.244894
[e011 s0800/1030] loss = 1.244478
[e011 s0850/1030] loss = 1.229642
[e011 s0900/1030] loss = 1.278961
[e011 s0950/1030] loss = 1.388868
[e011 s1000/1030] loss = 1.381775
Epoch 011: train_loss = 1.376637  MAE/GAME0 = 23.245  RMSE = 42.248  GAME1 = 23.245  GAME2 = 23.245  GAME3 = 23.245  lr = 1.29e-05  time = 16.7s
[e012 s0001/1030] loss = 0.375903
[e012 s0050/1030] loss = 0.893602
[e012 s0100/1030] loss = 0.916167
[e012 s0150/1030] loss = 1.112815
[e012 s0200/1030] loss = 1.028576
[e012 s0250/1030] loss = 1.296267
[e012 s0300/1030] loss = 1.230630
[e012 s0350/1030] loss = 1.203692
[e012 s0400/1030] loss = 1.141123
[e012 s0450/1030] loss = 1.145848
[e012 s0500/1030] loss = 1.140707
[e012 s0550/1030] loss = 1.173837
[e012 s0600/1030] loss = 1.189797
[e012 s0650/1030] loss = 1.439066
[e012 s0700/1030] loss = 1.439369
[e012 s0750/1030] loss = 1.408436
[e012 s0800/1030] loss = 1.409191
[e012 s0850/1030] loss = 1.429915
[e012 s0900/1030] loss = 1.407055
[e012 s0950/1030] loss = 1.377598
[e012 s1000/1030] loss = 1.356312
Epoch 012: train_loss = 1.376640  MAE/GAME0 = 23.245  RMSE = 42.248  GAME1 = 23.245  GAME2 = 23.245  GAME3 = 23.245  lr = 1.43e-05  time = 16.5s
[e013 s0001/1030] loss = 1.616771
[e013 s0050/1030] loss = 1.640038
[e013 s0100/1030] loss = 1.601403
[e013 s0150/1030] loss = 1.483532
[e013 s0200/1030] loss = 1.359820
[e013 s0250/1030] loss = 1.371920
[e013 s0300/1030] loss = 1.375144
[e013 s0350/1030] loss = 1.330432
[e013 s0400/1030] loss = 1.270080
[e013 s0450/1030] loss = 1.226890
[e013 s0500/1030] loss = 1.202754
[e013 s0550/1030] loss = 1.212668
[e013 s0600/1030] loss = 1.186118
[e013 s0650/1030] loss = 1.367147
[e013 s0700/1030] loss = 1.348997
[e013 s0750/1030] loss = 1.309169
[e013 s0800/1030] loss = 1.283348
[e013 s0850/1030] loss = 1.283919
[e013 s0900/1030] loss = 1.323033
[e013 s0950/1030] loss = 1.311996
[e013 s1000/1030] loss = 1.320869
Epoch 013: train_loss = 1.376684  MAE/GAME0 = 23.245  RMSE = 42.248  GAME1 = 23.245  GAME2 = 23.245  GAME3 = 23.245  lr = 1.57e-05  time = 16.3s
[e014 s0001/1030] loss = 0.058367
[e014 s0050/1030] loss = 1.032389
[e014 s0100/1030] loss = 0.993043
[e014 s0150/1030] loss = 1.091816
[e014 s0200/1030] loss = 1.032972
[e014 s0250/1030] loss = 1.008832
[e014 s0300/1030] loss = 1.007878
[e014 s0350/1030] loss = 1.126295
[e014 s0400/1030] loss = 1.224187
[e014 s0450/1030] loss = 1.201806
[e014 s0500/1030] loss = 1.175682
[e014 s0550/1030] loss = 1.245170
[e014 s0600/1030] loss = 1.322814
[e014 s0650/1030] loss = 1.287481
[e014 s0700/1030] loss = 1.256376
[e014 s0750/1030] loss = 1.253979
[e014 s0800/1030] loss = 1.272472
[e014 s0850/1030] loss = 1.243418
[e014 s0900/1030] loss = 1.222971
[e014 s0950/1030] loss = 1.366571
[e014 s1000/1030] loss = 1.358962
Epoch 014: train_loss = 1.376637  MAE/GAME0 = 23.245  RMSE = 42.248  GAME1 = 23.245  GAME2 = 23.245  GAME3 = 23.245  lr = 1.73e-05  time = 16.5s
[e015 s0001/1030] loss = 0.107826
[e015 s0050/1030] loss = 1.238365
[e015 s0100/1030] loss = 2.291191
[e015 s0150/1030] loss = 1.884433
[e015 s0200/1030] loss = 1.752051
[e015 s0250/1030] loss = 2.039537
[e015 s0300/1030] loss = 1.822480
[e015 s0350/1030] loss = 1.918309
[e015 s0400/1030] loss = 1.814437
[e015 s0450/1030] loss = 1.724132
[e015 s0500/1030] loss = 1.638896
[e015 s0550/1030] loss = 1.661947
[e015 s0600/1030] loss = 1.642835
[e015 s0650/1030] loss = 1.612664
[e015 s0700/1030] loss = 1.607481
[e015 s0750/1030] loss = 1.572201
[e015 s0800/1030] loss = 1.553252
[e015 s0850/1030] loss = 1.554622
[e015 s0900/1030] loss = 1.549653
[e015 s0950/1030] loss = 1.526074
[e015 s1000/1030] loss = 1.497306
Epoch 015: train_loss = 1.478262  MAE/GAME0 = 23.245  RMSE = 42.248  GAME1 = 23.245  GAME2 = 23.245  GAME3 = 23.245  lr = 1.89e-05  time = 16.5s
[e016 s0001/1030] loss = 0.086841
[e016 s0050/1030] loss = 0.713143
[e016 s0100/1030] loss = 0.853154
[e016 s0150/1030] loss = 1.101126
[e016 s0200/1030] loss = 1.362672
[e016 s0250/1030] loss = 1.353115
[e016 s0300/1030] loss = 1.318485
[e016 s0350/1030] loss = 1.417558
[e016 s0400/1030] loss = 1.496290
[e016 s0450/1030] loss = 1.406332
[e016 s0500/1030] loss = 1.391910
[e016 s0550/1030] loss = 1.581648
[e016 s0600/1030] loss = 1.499514
[e016 s0650/1030] loss = 1.417822
[e016 s0700/1030] loss = 1.361995
[e016 s0750/1030] loss = 1.360349
[e016 s0800/1030] loss = 1.307516
[e016 s0850/1030] loss = 1.276314
[e016 s0900/1030] loss = 1.248750
[e016 s0950/1030] loss = 1.220906
[e016 s1000/1030] loss = 1.237476
Epoch 016: train_loss = 1.215491  MAE/GAME0 = 14.689  RMSE = 36.996  GAME1 = 17.638  GAME2 = 19.924  GAME3 = 21.256  lr = 2.05e-05  time = 16.4s
[e017 s0001/1030] loss = 3.274328
[e017 s0050/1030] loss = 0.890005
[e017 s0100/1030] loss = 0.893610
[e017 s0150/1030] loss = 1.209650
[e017 s0200/1030] loss = 1.041551
[e017 s0250/1030] loss = 0.951574
[e017 s0300/1030] loss = 0.983707
[e017 s0350/1030] loss = 0.948551
[e017 s0400/1030] loss = 0.904577
[e017 s0450/1030] loss = 0.902381
[e017 s0500/1030] loss = 0.936711
[e017 s0550/1030] loss = 0.933414
[e017 s0600/1030] loss = 0.905866
[e017 s0650/1030] loss = 0.872126
[e017 s0700/1030] loss = 0.846610
[e017 s0750/1030] loss = 0.874354
[e017 s0800/1030] loss = 0.875566
[e017 s0850/1030] loss = 0.862735
[e017 s0900/1030] loss = 0.972394
[e017 s0950/1030] loss = 0.950450
[e017 s1000/1030] loss = 0.950293
Epoch 017: train_loss = 0.936208  MAE/GAME0 = 15.667  RMSE = 35.979  GAME1 = 18.768  GAME2 = 21.572  GAME3 = 23.445  lr = 2.22e-05  time = 16.4s
[e018 s0001/1030] loss = 0.432515
[e018 s0050/1030] loss = 0.877689
[e018 s0100/1030] loss = 0.858365
[e018 s0150/1030] loss = 0.822496
[e018 s0200/1030] loss = 0.843864
[e018 s0250/1030] loss = 0.790252
[e018 s0300/1030] loss = 0.880113
[e018 s0350/1030] loss = 0.856663
[e018 s0400/1030] loss = 0.879395
[e018 s0450/1030] loss = 0.842966
[e018 s0500/1030] loss = 0.813520
[e018 s0550/1030] loss = 0.817880
[e018 s0600/1030] loss = 0.799658
[e018 s0650/1030] loss = 0.797766
[e018 s0700/1030] loss = 0.831037
[e018 s0750/1030] loss = 0.814886
[e018 s0800/1030] loss = 0.812176
[e018 s0850/1030] loss = 0.802988
[e018 s0900/1030] loss = 0.788122
[e018 s0950/1030] loss = 0.780160
[e018 s1000/1030] loss = 0.767696
Epoch 018: train_loss = 0.874465  MAE/GAME0 = 13.823  RMSE = 36.009  GAME1 = 16.887  GAME2 = 19.615  GAME3 = 21.226  lr = 2.40e-05  time = 16.4s
[e019 s0001/1030] loss = 0.568742
[e019 s0050/1030] loss = 1.076627
[e019 s0100/1030] loss = 0.901626
[e019 s0150/1030] loss = 1.023436
[e019 s0200/1030] loss = 0.958195
[e019 s0250/1030] loss = 0.953194
[e019 s0300/1030] loss = 0.988956
[e019 s0350/1030] loss = 0.930718
[e019 s0400/1030] loss = 0.908354
[e019 s0450/1030] loss = 1.125105
[e019 s0500/1030] loss = 1.093788
[e019 s0550/1030] loss = 1.036665
[e019 s0600/1030] loss = 1.004460
[e019 s0650/1030] loss = 0.982308
[e019 s0700/1030] loss = 0.934415
[e019 s0750/1030] loss = 0.919482
[e019 s0800/1030] loss = 0.900499
[e019 s0850/1030] loss = 0.886950
[e019 s0900/1030] loss = 0.868614
[e019 s0950/1030] loss = 0.852396
[e019 s1000/1030] loss = 0.834096
Epoch 019: train_loss = 0.822459  MAE/GAME0 = 13.475  RMSE = 35.726  GAME1 = 16.123  GAME2 = 18.731  GAME3 = 20.396  lr = 2.57e-05  time = 16.4s
[e020 s0001/1030] loss = 0.473717
[e020 s0050/1030] loss = 0.505814
[e020 s0100/1030] loss = 0.680478
[e020 s0150/1030] loss = 0.678431
[e020 s0200/1030] loss = 0.641000
[e020 s0250/1030] loss = 0.662073
[e020 s0300/1030] loss = 0.622728
[e020 s0350/1030] loss = 0.655049
[e020 s0400/1030] loss = 0.682519
[e020 s0450/1030] loss = 0.708050
[e020 s0500/1030] loss = 0.704968
[e020 s0550/1030] loss = 0.729470
[e020 s0600/1030] loss = 0.716256
[e020 s0650/1030] loss = 0.702990
[e020 s0700/1030] loss = 0.702962
[e020 s0750/1030] loss = 0.713509
[e020 s0800/1030] loss = 0.700395
[e020 s0850/1030] loss = 0.695681
[e020 s0900/1030] loss = 0.695906
[e020 s0950/1030] loss = 0.682982
[e020 s1000/1030] loss = 0.696521
Epoch 020: train_loss = 0.802752  MAE/GAME0 = 13.540  RMSE = 35.929  GAME1 = 16.287  GAME2 = 18.671  GAME3 = 20.234  lr = 2.75e-05  time = 16.5s
[e021 s0001/1030] loss = 0.156566
[e021 s0050/1030] loss = 0.529623
[e021 s0100/1030] loss = 0.628803
[e021 s0150/1030] loss = 0.602428
[e021 s0200/1030] loss = 0.679080
[e021 s0250/1030] loss = 0.696711
[e021 s0300/1030] loss = 0.696324
[e021 s0350/1030] loss = 0.665618
[e021 s0400/1030] loss = 0.656571
[e021 s0450/1030] loss = 0.636975
[e021 s0500/1030] loss = 0.623812
[e021 s0550/1030] loss = 0.616952
[e021 s0600/1030] loss = 0.591671
[e021 s0650/1030] loss = 0.624959
[e021 s0700/1030] loss = 0.621796
[e021 s0750/1030] loss = 0.616358
[e021 s0800/1030] loss = 0.609093
[e021 s0850/1030] loss = 0.809685
[e021 s0900/1030] loss = 0.793137
[e021 s0950/1030] loss = 0.783751
[e021 s1000/1030] loss = 0.789438
Epoch 021: train_loss = 0.783423  MAE/GAME0 = 13.502  RMSE = 36.336  GAME1 = 16.546  GAME2 = 19.091  GAME3 = 20.577  lr = 2.93e-05  time = 16.5s
[e022 s0001/1030] loss = 0.133204
[e022 s0050/1030] loss = 0.514372
[e022 s0100/1030] loss = 0.518393
[e022 s0150/1030] loss = 0.496767
[e022 s0200/1030] loss = 0.573546
[e022 s0250/1030] loss = 0.560753
[e022 s0300/1030] loss = 0.610266
[e022 s0350/1030] loss = 0.966641
[e022 s0400/1030] loss = 0.944448
[e022 s0450/1030] loss = 0.887615
[e022 s0500/1030] loss = 0.891681
[e022 s0550/1030] loss = 0.859147
[e022 s0600/1030] loss = 0.847311
[e022 s0650/1030] loss = 0.820922
[e022 s0700/1030] loss = 0.803104
[e022 s0750/1030] loss = 0.781028
[e022 s0800/1030] loss = 0.760308
[e022 s0850/1030] loss = 0.764995
[e022 s0900/1030] loss = 0.752599
[e022 s0950/1030] loss = 0.741600
[e022 s1000/1030] loss = 0.738883
Epoch 022: train_loss = 0.733264  MAE/GAME0 = 15.043  RMSE = 37.463  GAME1 = 16.963  GAME2 = 18.584  GAME3 = 19.545  lr = 3.10e-05  time = 16.5s
[e023 s0001/1030] loss = 0.181186
[e023 s0050/1030] loss = 0.539687
[e023 s0100/1030] loss = 0.686033
[e023 s0150/1030] loss = 0.621752
[e023 s0200/1030] loss = 0.598323
[e023 s0250/1030] loss = 0.614456
[e023 s0300/1030] loss = 0.599218
[e023 s0350/1030] loss = 0.622411
[e023 s0400/1030] loss = 0.611371
[e023 s0450/1030] loss = 0.605990
[e023 s0500/1030] loss = 0.607013
[e023 s0550/1030] loss = 0.592238
[e023 s0600/1030] loss = 0.618124
[e023 s0650/1030] loss = 0.614198
[e023 s0700/1030] loss = 0.635972
[e023 s0750/1030] loss = 0.775901
[e023 s0800/1030] loss = 0.787922
[e023 s0850/1030] loss = 0.786144
[e023 s0900/1030] loss = 0.773282
[e023 s0950/1030] loss = 0.763712
[e023 s1000/1030] loss = 0.751709
Epoch 023: train_loss = 0.739867  MAE/GAME0 = 18.977  RMSE = 39.765  GAME1 = 19.498  GAME2 = 20.042  GAME3 = 20.422  lr = 3.28e-05  time = 16.6s
[e024 s0001/1030] loss = 0.631029
[e024 s0050/1030] loss = 0.767231
[e024 s0100/1030] loss = 0.706308
[e024 s0150/1030] loss = 0.651391
[e024 s0200/1030] loss = 0.632189
[e024 s0250/1030] loss = 0.629215
[e024 s0300/1030] loss = 0.629361
[e024 s0350/1030] loss = 0.613989
[e024 s0400/1030] loss = 0.595719
[e024 s0450/1030] loss = 0.597637
[e024 s0500/1030] loss = 0.577842
[e024 s0550/1030] loss = 0.587603
[e024 s0600/1030] loss = 0.580260
[e024 s0650/1030] loss = 0.571658
[e024 s0700/1030] loss = 0.560373
[e024 s0750/1030] loss = 0.567556
[e024 s0800/1030] loss = 0.735888
[e024 s0850/1030] loss = 0.719736
[e024 s0900/1030] loss = 0.716539
[e024 s0950/1030] loss = 0.717632
[e024 s1000/1030] loss = 0.701555
Epoch 024: train_loss = 0.699042  MAE/GAME0 = 16.323  RMSE = 36.263  GAME1 = 18.830  GAME2 = 21.187  GAME3 = 23.238  lr = 3.45e-05  time = 16.4s
[e025 s0001/1030] loss = 0.113134
[e025 s0050/1030] loss = 0.504558
[e025 s0100/1030] loss = 0.527181
[e025 s0150/1030] loss = 0.548398
[e025 s0200/1030] loss = 0.537491
[e025 s0250/1030] loss = 0.665331
[e025 s0300/1030] loss = 0.611015
[e025 s0350/1030] loss = 0.925588
[e025 s0400/1030] loss = 0.843023
[e025 s0450/1030] loss = 0.820930
[e025 s0500/1030] loss = 0.810928
[e025 s0550/1030] loss = 0.769695
[e025 s0600/1030] loss = 0.740477
[e025 s0650/1030] loss = 0.714977
[e025 s0700/1030] loss = 0.706126
[e025 s0750/1030] loss = 0.688085
[e025 s0800/1030] loss = 0.686923
[e025 s0850/1030] loss = 0.679512
[e025 s0900/1030] loss = 0.665596
[e025 s0950/1030] loss = 0.659941
[e025 s1000/1030] loss = 0.676593
Epoch 025: train_loss = 0.686310  MAE/GAME0 = 12.932  RMSE = 35.837  GAME1 = 15.468  GAME2 = 17.765  GAME3 = 19.276  lr = 3.61e-05  time = 16.7s
[e026 s0001/1030] loss = 0.086420
[e026 s0050/1030] loss = 0.598394
[e026 s0100/1030] loss = 0.548299
[e026 s0150/1030] loss = 0.509787
[e026 s0200/1030] loss = 0.547860
[e026 s0250/1030] loss = 0.514547
[e026 s0300/1030] loss = 0.849928
[e026 s0350/1030] loss = 0.813663
[e026 s0400/1030] loss = 0.791793
[e026 s0450/1030] loss = 0.745263
[e026 s0500/1030] loss = 0.711909
[e026 s0550/1030] loss = 0.702525
[e026 s0600/1030] loss = 0.700359
[e026 s0650/1030] loss = 0.714355
[e026 s0700/1030] loss = 0.700855
[e026 s0750/1030] loss = 0.699438
[e026 s0800/1030] loss = 0.686374
[e026 s0850/1030] loss = 0.675953
[e026 s0900/1030] loss = 0.669606
[e026 s0950/1030] loss = 0.661948
[e026 s1000/1030] loss = 0.650341
Epoch 026: train_loss = 0.663324  MAE/GAME0 = 14.720  RMSE = 37.150  GAME1 = 16.573  GAME2 = 18.088  GAME3 = 19.046  lr = 3.77e-05  time = 16.4s
[e027 s0001/1030] loss = 0.261456
[e027 s0050/1030] loss = 0.639294
[e027 s0100/1030] loss = 0.535949
[e027 s0150/1030] loss = 0.592440
[e027 s0200/1030] loss = 0.539838
[e027 s0250/1030] loss = 0.537053
[e027 s0300/1030] loss = 0.518098
[e027 s0350/1030] loss = 0.499127
[e027 s0400/1030] loss = 0.507141
[e027 s0450/1030] loss = 0.495547
[e027 s0500/1030] loss = 0.514589
[e027 s0550/1030] loss = 0.516355
[e027 s0600/1030] loss = 0.514428
[e027 s0650/1030] loss = 0.535323
[e027 s0700/1030] loss = 0.522727
[e027 s0750/1030] loss = 0.528864
[e027 s0800/1030] loss = 0.524725
[e027 s0850/1030] loss = 0.511048
[e027 s0900/1030] loss = 0.514683
[e027 s0950/1030] loss = 0.521363
[e027 s1000/1030] loss = 0.531604
Epoch 027: train_loss = 0.640470  MAE/GAME0 = 14.188  RMSE = 36.840  GAME1 = 16.371  GAME2 = 18.262  GAME3 = 19.378  lr = 3.93e-05  time = 16.8s
[e028 s0001/1030] loss = 0.115877
[e028 s0050/1030] loss = 0.829205
[e028 s0100/1030] loss = 0.677302
[e028 s0150/1030] loss = 0.606448
[e028 s0200/1030] loss = 0.580882
[e028 s0250/1030] loss = 0.589818
[e028 s0300/1030] loss = 0.563115
[e028 s0350/1030] loss = 0.545641
[e028 s0400/1030] loss = 0.559630
[e028 s0450/1030] loss = 0.536089
[e028 s0500/1030] loss = 0.534231
[e028 s0550/1030] loss = 0.518960
[e028 s0600/1030] loss = 0.517497
[e028 s0650/1030] loss = 0.503770
[e028 s0700/1030] loss = 0.669797
[e028 s0750/1030] loss = 0.651147
[e028 s0800/1030] loss = 0.674535
[e028 s0850/1030] loss = 0.663711
[e028 s0900/1030] loss = 0.657701
[e028 s0950/1030] loss = 0.649293
[e028 s1000/1030] loss = 0.639143
Epoch 028: train_loss = 0.638077  MAE/GAME0 = 13.458  RMSE = 36.465  GAME1 = 15.758  GAME2 = 17.715  GAME3 = 18.995  lr = 4.07e-05  time = 16.6s
[e029 s0001/1030] loss = 0.321876
[e029 s0050/1030] loss = 0.682847
[e029 s0100/1030] loss = 0.492625
[e029 s0150/1030] loss = 0.476567
[e029 s0200/1030] loss = 0.484993
[e029 s0250/1030] loss = 0.499479
[e029 s0300/1030] loss = 0.508088
[e029 s0350/1030] loss = 0.477095
[e029 s0400/1030] loss = 0.494351
[e029 s0450/1030] loss = 0.481211
[e029 s0500/1030] loss = 0.492114
[e029 s0550/1030] loss = 0.476104
[e029 s0600/1030] loss = 0.466287
[e029 s0650/1030] loss = 0.678832
[e029 s0700/1030] loss = 0.681890
[e029 s0750/1030] loss = 0.665694
[e029 s0800/1030] loss = 0.648290
[e029 s0850/1030] loss = 0.645286
[e029 s0900/1030] loss = 0.630780
[e029 s0950/1030] loss = 0.620901
[e029 s1000/1030] loss = 0.621652
Epoch 029: train_loss = 0.617496  MAE/GAME0 = 16.524  RMSE = 38.340  GAME1 = 17.909  GAME2 = 19.160  GAME3 = 19.937  lr = 4.21e-05  time = 16.4s
[e030 s0001/1030] loss = 0.193877
[e030 s0050/1030] loss = 0.581667
[e030 s0100/1030] loss = 0.573040
[e030 s0150/1030] loss = 0.523320
[e030 s0200/1030] loss = 0.513678
[e030 s0250/1030] loss = 0.548969
[e030 s0300/1030] loss = 0.590415
[e030 s0350/1030] loss = 0.550010
[e030 s0400/1030] loss = 0.544879
[e030 s0450/1030] loss = 0.522784
[e030 s0500/1030] loss = 0.511856
[e030 s0550/1030] loss = 0.503574
[e030 s0600/1030] loss = 0.495974
[e030 s0650/1030] loss = 0.479735
[e030 s0700/1030] loss = 0.471000
[e030 s0750/1030] loss = 0.620306
[e030 s0800/1030] loss = 0.646302
[e030 s0850/1030] loss = 0.637674
[e030 s0900/1030] loss = 0.629868
[e030 s0950/1030] loss = 0.623815
[e030 s1000/1030] loss = 0.632970
Epoch 030: train_loss = 0.627493  MAE/GAME0 = 13.679  RMSE = 35.779  GAME1 = 16.107  GAME2 = 18.418  GAME3 = 19.993  lr = 4.34e-05  time = 16.2s
[e031 s0001/1030] loss = 1.715388
[e031 s0050/1030] loss = 0.553135
[e031 s0100/1030] loss = 0.512227
[e031 s0150/1030] loss = 0.488994
[e031 s0200/1030] loss = 0.487122
[e031 s0250/1030] loss = 0.488157
[e031 s0300/1030] loss = 0.479310
[e031 s0350/1030] loss = 0.495019
[e031 s0400/1030] loss = 0.490739
[e031 s0450/1030] loss = 0.487040
[e031 s0500/1030] loss = 0.482634
[e031 s0550/1030] loss = 0.494472
[e031 s0600/1030] loss = 0.503027
[e031 s0650/1030] loss = 0.485031
[e031 s0700/1030] loss = 0.485727
[e031 s0750/1030] loss = 0.494146
[e031 s0800/1030] loss = 0.635525
[e031 s0850/1030] loss = 0.626656
[e031 s0900/1030] loss = 0.624305
[e031 s0950/1030] loss = 0.613461
[e031 s1000/1030] loss = 0.605696
Epoch 031: train_loss = 0.600169  MAE/GAME0 = 13.576  RMSE = 36.512  GAME1 = 15.625  GAME2 = 17.378  GAME3 = 18.558  lr = 4.46e-05  time = 16.6s
[e032 s0001/1030] loss = 0.421808
[e032 s0050/1030] loss = 0.611610
[e032 s0100/1030] loss = 0.616189
[e032 s0150/1030] loss = 0.520184
[e032 s0200/1030] loss = 1.039304
[e032 s0250/1030] loss = 0.934522
[e032 s0300/1030] loss = 0.854010
[e032 s0350/1030] loss = 0.809828
[e032 s0400/1030] loss = 0.774578
[e032 s0450/1030] loss = 0.744286
[e032 s0500/1030] loss = 0.707702
[e032 s0550/1030] loss = 0.669940
[e032 s0600/1030] loss = 0.662264
[e032 s0650/1030] loss = 0.643572
[e032 s0700/1030] loss = 0.633206
[e032 s0750/1030] loss = 0.641817
[e032 s0800/1030] loss = 0.632789
[e032 s0850/1030] loss = 0.616662
[e032 s0900/1030] loss = 0.613803
[e032 s0950/1030] loss = 0.612240
[e032 s1000/1030] loss = 0.593504
Epoch 032: train_loss = 0.588436  MAE/GAME0 = 13.250  RMSE = 36.107  GAME1 = 15.095  GAME2 = 17.281  GAME3 = 18.742  lr = 4.57e-05  time = 16.8s
[e033 s0001/1030] loss = 0.381811
[e033 s0050/1030] loss = 0.415348
[e033 s0100/1030] loss = 0.445935
[e033 s0150/1030] loss = 0.396696
[e033 s0200/1030] loss = 0.374187
[e033 s0250/1030] loss = 0.406406
[e033 s0300/1030] loss = 0.391317
[e033 s0350/1030] loss = 0.435264
[e033 s0400/1030] loss = 0.444915
[e033 s0450/1030] loss = 0.737454
[e033 s0500/1030] loss = 0.698529
[e033 s0550/1030] loss = 0.679358
[e033 s0600/1030] loss = 0.646772
[e033 s0650/1030] loss = 0.671873
[e033 s0700/1030] loss = 0.647328
[e033 s0750/1030] loss = 0.639942
[e033 s0800/1030] loss = 0.636042
[e033 s0850/1030] loss = 0.625576
[e033 s0900/1030] loss = 0.615217
[e033 s0950/1030] loss = 0.596985
[e033 s1000/1030] loss = 0.592420
Epoch 033: train_loss = 0.584651  MAE/GAME0 = 14.285  RMSE = 37.234  GAME1 = 15.824  GAME2 = 17.163  GAME3 = 18.244  lr = 4.67e-05  time = 16.7s
[e034 s0001/1030] loss = 0.150576
[e034 s0050/1030] loss = 0.296927
[e034 s0100/1030] loss = 0.416518
[e034 s0150/1030] loss = 0.367419
[e034 s0200/1030] loss = 0.386948
[e034 s0250/1030] loss = 0.373895
[e034 s0300/1030] loss = 0.394571
[e034 s0350/1030] loss = 0.697399
[e034 s0400/1030] loss = 0.664452
[e034 s0450/1030] loss = 0.623829
[e034 s0500/1030] loss = 0.606803
[e034 s0550/1030] loss = 0.611869
[e034 s0600/1030] loss = 0.615293
[e034 s0650/1030] loss = 0.595054
[e034 s0700/1030] loss = 0.599872
[e034 s0750/1030] loss = 0.584991
[e034 s0800/1030] loss = 0.571908
[e034 s0850/1030] loss = 0.550990
[e034 s0900/1030] loss = 0.555496
[e034 s0950/1030] loss = 0.546614
[e034 s1000/1030] loss = 0.551271
Epoch 034: train_loss = 0.548723  MAE/GAME0 = 15.003  RMSE = 37.560  GAME1 = 17.074  GAME2 = 18.646  GAME3 = 19.685  lr = 4.75e-05  time = 16.5s
[e035 s0001/1030] loss = 0.588323
[e035 s0050/1030] loss = 0.393394
[e035 s0100/1030] loss = 0.471070
[e035 s0150/1030] loss = 0.485613
[e035 s0200/1030] loss = 0.484890
[e035 s0250/1030] loss = 0.561503
[e035 s0300/1030] loss = 0.539907
[e035 s0350/1030] loss = 0.530969
[e035 s0400/1030] loss = 0.515655
[e035 s0450/1030] loss = 0.492501
[e035 s0500/1030] loss = 0.479815
[e035 s0550/1030] loss = 0.479028
[e035 s0600/1030] loss = 0.461452
[e035 s0650/1030] loss = 0.452810
[e035 s0700/1030] loss = 0.444130
[e035 s0750/1030] loss = 0.450783
[e035 s0800/1030] loss = 0.451292
[e035 s0850/1030] loss = 0.454073
[e035 s0900/1030] loss = 0.448816
[e035 s0950/1030] loss = 0.446308
[e035 s1000/1030] loss = 0.556539
Epoch 035: train_loss = 0.550321  MAE/GAME0 = 13.224  RMSE = 36.217  GAME1 = 15.822  GAME2 = 18.014  GAME3 = 19.443  lr = 4.83e-05  time = 16.7s
[e036 s0001/1030] loss = 0.024485
[e036 s0050/1030] loss = 0.443233
[e036 s0100/1030] loss = 0.401661
[e036 s0150/1030] loss = 0.468917
[e036 s0200/1030] loss = 0.449017
[e036 s0250/1030] loss = 0.857869
[e036 s0300/1030] loss = 0.761792
[e036 s0350/1030] loss = 0.724909
[e036 s0400/1030] loss = 0.668941
[e036 s0450/1030] loss = 0.632080
[e036 s0500/1030] loss = 0.627205
[e036 s0550/1030] loss = 0.623728
[e036 s0600/1030] loss = 0.600099
[e036 s0650/1030] loss = 0.609110
[e036 s0700/1030] loss = 0.603287
[e036 s0750/1030] loss = 0.584134
[e036 s0800/1030] loss = 0.563417
[e036 s0850/1030] loss = 0.550326
[e036 s0900/1030] loss = 0.558223
[e036 s0950/1030] loss = 0.549708
[e036 s1000/1030] loss = 0.549613
Epoch 036: train_loss = 0.547575  MAE/GAME0 = 16.107  RMSE = 37.992  GAME1 = 17.167  GAME2 = 18.260  GAME3 = 18.984  lr = 4.89e-05  time = 16.6s
[e037 s0001/1030] loss = 0.186886
[e037 s0050/1030] loss = 0.325252
[e037 s0100/1030] loss = 0.327556
[e037 s0150/1030] loss = 0.309070
[e037 s0200/1030] loss = 0.401206
[e037 s0250/1030] loss = 0.403252
[e037 s0300/1030] loss = 0.406791
[e037 s0350/1030] loss = 0.408277
[e037 s0400/1030] loss = 0.406113
[e037 s0450/1030] loss = 0.405123
[e037 s0500/1030] loss = 0.406357
[e037 s0550/1030] loss = 0.409529
[e037 s0600/1030] loss = 0.408374
[e037 s0650/1030] loss = 0.424959
[e037 s0700/1030] loss = 0.435758
[e037 s0750/1030] loss = 0.453411
[e037 s0800/1030] loss = 0.456722
[e037 s0850/1030] loss = 0.447637
[e037 s0900/1030] loss = 0.444849
[e037 s0950/1030] loss = 0.562897
[e037 s1000/1030] loss = 0.552566
Epoch 037: train_loss = 0.541064  MAE/GAME0 = 13.843  RMSE = 36.788  GAME1 = 16.026  GAME2 = 17.828  GAME3 = 18.944  lr = 4.94e-05  time = 16.7s
[e038 s0001/1030] loss = 0.034655
[e038 s0050/1030] loss = 0.452478
[e038 s0100/1030] loss = 0.498457
[e038 s0150/1030] loss = 1.123919
[e038 s0200/1030] loss = 0.911405
[e038 s0250/1030] loss = 0.793673
[e038 s0300/1030] loss = 0.739104
[e038 s0350/1030] loss = 0.752938
[e038 s0400/1030] loss = 0.709608
[e038 s0450/1030] loss = 0.681772
[e038 s0500/1030] loss = 0.659378
[e038 s0550/1030] loss = 0.625726
[e038 s0600/1030] loss = 0.613781
[e038 s0650/1030] loss = 0.593449
[e038 s0700/1030] loss = 0.574572
[e038 s0750/1030] loss = 0.574365
[e038 s0800/1030] loss = 0.563546
[e038 s0850/1030] loss = 0.575533
[e038 s0900/1030] loss = 0.565744
[e038 s0950/1030] loss = 0.552569
[e038 s1000/1030] loss = 0.546787
Epoch 038: train_loss = 0.540478  MAE/GAME0 = 13.420  RMSE = 36.220  GAME1 = 15.905  GAME2 = 17.850  GAME3 = 19.130  lr = 4.97e-05  time = 16.6s
[e039 s0001/1030] loss = 0.105243
[e039 s0050/1030] loss = 0.314646
[e039 s0100/1030] loss = 0.371990
[e039 s0150/1030] loss = 0.364684
[e039 s0200/1030] loss = 0.372640
[e039 s0250/1030] loss = 0.353289
[e039 s0300/1030] loss = 0.353746
[e039 s0350/1030] loss = 0.347853
[e039 s0400/1030] loss = 0.655020
[e039 s0450/1030] loss = 0.638623
[e039 s0500/1030] loss = 0.630081
[e039 s0550/1030] loss = 0.611017
[e039 s0600/1030] loss = 0.581841
[e039 s0650/1030] loss = 0.566172
[e039 s0700/1030] loss = 0.557381
[e039 s0750/1030] loss = 0.548860
[e039 s0800/1030] loss = 0.554204
[e039 s0850/1030] loss = 0.550551
[e039 s0900/1030] loss = 0.542815
[e039 s0950/1030] loss = 0.542842
[e039 s1000/1030] loss = 0.534549
Epoch 039: train_loss = 0.532991  MAE/GAME0 = 13.215  RMSE = 36.316  GAME1 = 15.977  GAME2 = 18.225  GAME3 = 19.534  lr = 4.99e-05  time = 16.4s
[e040 s0001/1030] loss = 0.387252
[e040 s0050/1030] loss = 0.351718
[e040 s0100/1030] loss = 1.405222
[e040 s0150/1030] loss = 1.043099
[e040 s0200/1030] loss = 1.003328
[e040 s0250/1030] loss = 0.892183
[e040 s0300/1030] loss = 0.801285
[e040 s0350/1030] loss = 0.754211
[e040 s0400/1030] loss = 0.699328
[e040 s0450/1030] loss = 0.657544
[e040 s0500/1030] loss = 0.627289
[e040 s0550/1030] loss = 0.601866
[e040 s0600/1030] loss = 0.584458
[e040 s0650/1030] loss = 0.564181
[e040 s0700/1030] loss = 0.550936
[e040 s0750/1030] loss = 0.565855
[e040 s0800/1030] loss = 0.557922
[e040 s0850/1030] loss = 0.558403
[e040 s0900/1030] loss = 0.547146
[e040 s0950/1030] loss = 0.542177
[e040 s1000/1030] loss = 0.531170
Epoch 040: train_loss = 0.533115  MAE/GAME0 = 12.880  RMSE = 35.291  GAME1 = 16.014  GAME2 = 18.350  GAME3 = 19.893  lr = 5.00e-05  time = 16.8s
[e041 s0001/1030] loss = 0.231751
[e041 s0050/1030] loss = 0.287600
[e041 s0100/1030] loss = 0.325699
[e041 s0150/1030] loss = 0.373212
[e041 s0200/1030] loss = 0.390460
[e041 s0250/1030] loss = 0.392628
[e041 s0300/1030] loss = 0.412886
[e041 s0350/1030] loss = 0.380158
[e041 s0400/1030] loss = 0.378351
[e041 s0450/1030] loss = 0.373916
[e041 s0500/1030] loss = 0.368465
[e041 s0550/1030] loss = 0.561736
[e041 s0600/1030] loss = 0.549652
[e041 s0650/1030] loss = 0.551300
[e041 s0700/1030] loss = 0.534485
[e041 s0750/1030] loss = 0.529938
[e041 s0800/1030] loss = 0.519478
[e041 s0850/1030] loss = 0.512597
[e041 s0900/1030] loss = 0.509779
[e041 s0950/1030] loss = 0.510010
[e041 s1000/1030] loss = 0.507425
Epoch 041: train_loss = 0.499213  MAE/GAME0 = 17.630  RMSE = 38.926  GAME1 = 18.491  GAME2 = 19.297  GAME3 = 19.829  lr = 5.00e-05  time = 16.6s
[e042 s0001/1030] loss = 0.171489
[e042 s0050/1030] loss = 0.254481
[e042 s0100/1030] loss = 0.265676
[e042 s0150/1030] loss = 0.264988
[e042 s0200/1030] loss = 0.272807
[e042 s0250/1030] loss = 0.273840
[e042 s0300/1030] loss = 0.299574
[e042 s0350/1030] loss = 0.335486
[e042 s0400/1030] loss = 0.339279
[e042 s0450/1030] loss = 0.367327
[e042 s0500/1030] loss = 0.361685
[e042 s0550/1030] loss = 0.361165
[e042 s0600/1030] loss = 0.359970
[e042 s0650/1030] loss = 0.362903
[e042 s0700/1030] loss = 0.368420
[e042 s0750/1030] loss = 0.373959
[e042 s0800/1030] loss = 0.376950
[e042 s0850/1030] loss = 0.372156
[e042 s0900/1030] loss = 0.371150
[e042 s0950/1030] loss = 0.382693
[e042 s1000/1030] loss = 0.514979
Epoch 042: train_loss = 0.518278  MAE/GAME0 = 13.626  RMSE = 36.124  GAME1 = 15.918  GAME2 = 18.132  GAME3 = 19.544  lr = 5.00e-05  time = 16.9s
[e043 s0001/1030] loss = 0.147870
[e043 s0050/1030] loss = 0.628961
[e043 s0100/1030] loss = 0.485516
[e043 s0150/1030] loss = 0.446642
[e043 s0200/1030] loss = 0.402671
[e043 s0250/1030] loss = 0.389697
[e043 s0300/1030] loss = 0.384562
[e043 s0350/1030] loss = 0.376964
[e043 s0400/1030] loss = 0.375899
[e043 s0450/1030] loss = 0.404191
[e043 s0500/1030] loss = 0.398579
[e043 s0550/1030] loss = 0.408836
[e043 s0600/1030] loss = 0.404284
[e043 s0650/1030] loss = 0.570045
[e043 s0700/1030] loss = 0.554618
[e043 s0750/1030] loss = 0.540594
[e043 s0800/1030] loss = 0.534620
[e043 s0850/1030] loss = 0.529995
[e043 s0900/1030] loss = 0.516526
[e043 s0950/1030] loss = 0.503366
[e043 s1000/1030] loss = 0.502449
Epoch 043: train_loss = 0.496940  MAE/GAME0 = 13.343  RMSE = 35.821  GAME1 = 15.327  GAME2 = 17.615  GAME3 = 19.320  lr = 5.00e-05  time = 16.6s
[e044 s0001/1030] loss = 0.553800
[e044 s0050/1030] loss = 0.388801
[e044 s0100/1030] loss = 0.453295
[e044 s0150/1030] loss = 0.412364
[e044 s0200/1030] loss = 0.404277
[e044 s0250/1030] loss = 0.404577
[e044 s0300/1030] loss = 0.437027
[e044 s0350/1030] loss = 0.406583
[e044 s0400/1030] loss = 0.401973
[e044 s0450/1030] loss = 0.390181
[e044 s0500/1030] loss = 0.380017
[e044 s0550/1030] loss = 0.392585
[e044 s0600/1030] loss = 0.404718
[e044 s0650/1030] loss = 0.398753
[e044 s0700/1030] loss = 0.409405
[e044 s0750/1030] loss = 0.400199
[e044 s0800/1030] loss = 0.540251
[e044 s0850/1030] loss = 0.537157
[e044 s0900/1030] loss = 0.526315
[e044 s0950/1030] loss = 0.513967
[e044 s1000/1030] loss = 0.504352
Epoch 044: train_loss = 0.498086  MAE/GAME0 = 13.919  RMSE = 36.475  GAME1 = 15.610  GAME2 = 17.280  GAME3 = 18.588  lr = 5.00e-05  time = 16.4s
[e045 s0001/1030] loss = 0.111196
[e045 s0050/1030] loss = 0.364235
[e045 s0100/1030] loss = 0.371632
[e045 s0150/1030] loss = 0.430565
[e045 s0200/1030] loss = 0.403807
[e045 s0250/1030] loss = 0.810988
[e045 s0300/1030] loss = 0.714786
[e045 s0350/1030] loss = 0.651106
[e045 s0400/1030] loss = 0.619897
[e045 s0450/1030] loss = 0.593276
[e045 s0500/1030] loss = 0.555695
[e045 s0550/1030] loss = 0.533862
[e045 s0600/1030] loss = 0.529456
[e045 s0650/1030] loss = 0.532653
[e045 s0700/1030] loss = 0.515680
[e045 s0750/1030] loss = 0.505265
[e045 s0800/1030] loss = 0.496271
[e045 s0850/1030] loss = 0.489509
[e045 s0900/1030] loss = 0.489296
[e045 s0950/1030] loss = 0.496538
[e045 s1000/1030] loss = 0.493223
Epoch 045: train_loss = 0.492168  MAE/GAME0 = 15.477  RMSE = 37.740  GAME1 = 17.050  GAME2 = 18.422  GAME3 = 19.288  lr = 5.00e-05  time = 16.5s
[e046 s0001/1030] loss = 0.462683
[e046 s0050/1030] loss = 0.253748
[e046 s0100/1030] loss = 0.326114
[e046 s0150/1030] loss = 0.355594
[e046 s0200/1030] loss = 0.402762
[e046 s0250/1030] loss = 0.394537
[e046 s0300/1030] loss = 0.371611
[e046 s0350/1030] loss = 0.372101
[e046 s0400/1030] loss = 0.358803
[e046 s0450/1030] loss = 0.366956
[e046 s0500/1030] loss = 0.363851
[e046 s0550/1030] loss = 0.353388
[e046 s0600/1030] loss = 0.350310
[e046 s0650/1030] loss = 0.351779
[e046 s0700/1030] loss = 0.348612
[e046 s0750/1030] loss = 0.493301
[e046 s0800/1030] loss = 0.492202
[e046 s0850/1030] loss = 0.496787
[e046 s0900/1030] loss = 0.484362
[e046 s0950/1030] loss = 0.478311
[e046 s1000/1030] loss = 0.474696
Epoch 046: train_loss = 0.467523  MAE/GAME0 = 14.756  RMSE = 37.271  GAME1 = 16.313  GAME2 = 17.700  GAME3 = 18.674  lr = 5.00e-05  time = 16.7s
[e047 s0001/1030] loss = 0.364983
[e047 s0050/1030] loss = 0.392683
[e047 s0100/1030] loss = 0.388830
[e047 s0150/1030] loss = 0.377103
[e047 s0200/1030] loss = 0.403133
[e047 s0250/1030] loss = 0.395577
[e047 s0300/1030] loss = 0.378858
[e047 s0350/1030] loss = 0.366625
[e047 s0400/1030] loss = 0.352144
[e047 s0450/1030] loss = 0.342472
[e047 s0500/1030] loss = 0.355260
[e047 s0550/1030] loss = 0.346383
[e047 s0600/1030] loss = 0.352771
[e047 s0650/1030] loss = 0.356923
[e047 s0700/1030] loss = 0.362174
[e047 s0750/1030] loss = 0.500182
[e047 s0800/1030] loss = 0.491883
[e047 s0850/1030] loss = 0.486487
[e047 s0900/1030] loss = 0.480584
[e047 s0950/1030] loss = 0.470659
[e047 s1000/1030] loss = 0.465322
Epoch 047: train_loss = 0.462811  MAE/GAME0 = 12.949  RMSE = 35.486  GAME1 = 15.322  GAME2 = 17.526  GAME3 = 18.942  lr = 5.00e-05  time = 16.7s
[e048 s0001/1030] loss = 0.148665
[e048 s0050/1030] loss = 0.214101
[e048 s0100/1030] loss = 0.276960
[e048 s0150/1030] loss = 0.268095
[e048 s0200/1030] loss = 0.298489
[e048 s0250/1030] loss = 0.297390
[e048 s0300/1030] loss = 0.304437
[e048 s0350/1030] loss = 0.305032
[e048 s0400/1030] loss = 0.334174
[e048 s0450/1030] loss = 0.323159
[e048 s0500/1030] loss = 0.525506
[e048 s0550/1030] loss = 0.508424
[e048 s0600/1030] loss = 0.510241
[e048 s0650/1030] loss = 0.497606
[e048 s0700/1030] loss = 0.480415
[e048 s0750/1030] loss = 0.473807
[e048 s0800/1030] loss = 0.480775
[e048 s0850/1030] loss = 0.474316
[e048 s0900/1030] loss = 0.466161
[e048 s0950/1030] loss = 0.461932
[e048 s1000/1030] loss = 0.470473
Epoch 048: train_loss = 0.468806  MAE/GAME0 = 13.871  RMSE = 36.761  GAME1 = 16.035  GAME2 = 17.789  GAME3 = 18.927  lr = 4.99e-05  time = 16.7s
[e049 s0001/1030] loss = 0.375860
[e049 s0050/1030] loss = 0.244267
[e049 s0100/1030] loss = 0.283813
[e049 s0150/1030] loss = 0.294611
[e049 s0200/1030] loss = 0.302660
[e049 s0250/1030] loss = 0.293320
[e049 s0300/1030] loss = 0.312521
[e049 s0350/1030] loss = 0.313286
[e049 s0400/1030] loss = 0.380846
[e049 s0450/1030] loss = 0.378710
[e049 s0500/1030] loss = 0.397676
[e049 s0550/1030] loss = 0.378443
[e049 s0600/1030] loss = 0.394231
[e049 s0650/1030] loss = 0.544685
[e049 s0700/1030] loss = 0.528622
[e049 s0750/1030] loss = 0.514077
[e049 s0800/1030] loss = 0.495842
[e049 s0850/1030] loss = 0.495241
[e049 s0900/1030] loss = 0.485886
[e049 s0950/1030] loss = 0.485283
[e049 s1000/1030] loss = 0.476897
Epoch 049: train_loss = 0.474398  MAE/GAME0 = 14.939  RMSE = 36.775  GAME1 = 16.614  GAME2 = 18.024  GAME3 = 19.004  lr = 4.99e-05  time = 16.7s
[e050 s0001/1030] loss = 0.134616
[e050 s0050/1030] loss = 0.406726
[e050 s0100/1030] loss = 0.326318
[e050 s0150/1030] loss = 0.300195
[e050 s0200/1030] loss = 0.299859
[e050 s0250/1030] loss = 0.713811
[e050 s0300/1030] loss = 0.657749
[e050 s0350/1030] loss = 0.598746
[e050 s0400/1030] loss = 0.562876
[e050 s0450/1030] loss = 0.536545
[e050 s0500/1030] loss = 0.509903
[e050 s0550/1030] loss = 0.492802
[e050 s0600/1030] loss = 0.475640
[e050 s0650/1030] loss = 0.466295
[e050 s0700/1030] loss = 0.462713
[e050 s0750/1030] loss = 0.451412
[e050 s0800/1030] loss = 0.446728
[e050 s0850/1030] loss = 0.438725
[e050 s0900/1030] loss = 0.437045
[e050 s0950/1030] loss = 0.449078
[e050 s1000/1030] loss = 0.453825
Epoch 050: train_loss = 0.448386  MAE/GAME0 = 15.143  RMSE = 37.553  GAME1 = 16.716  GAME2 = 18.047  GAME3 = 18.937  lr = 4.99e-05  time = 16.5s
[e051 s0001/1030] loss = 5.129904
[e051 s0050/1030] loss = 0.378613
[e051 s0100/1030] loss = 0.329300
[e051 s0150/1030] loss = 0.341528
[e051 s0200/1030] loss = 0.327973
[e051 s0250/1030] loss = 0.357084
[e051 s0300/1030] loss = 0.332909
[e051 s0350/1030] loss = 0.362071
[e051 s0400/1030] loss = 0.361336
[e051 s0450/1030] loss = 0.355776
[e051 s0500/1030] loss = 0.352677
[e051 s0550/1030] loss = 0.567497
[e051 s0600/1030] loss = 0.539638
[e051 s0650/1030] loss = 0.518498
[e051 s0700/1030] loss = 0.522687
[e051 s0750/1030] loss = 0.510317
[e051 s0800/1030] loss = 0.496906
[e051 s0850/1030] loss = 0.484041
[e051 s0900/1030] loss = 0.486348
[e051 s0950/1030] loss = 0.475108
[e051 s1000/1030] loss = 0.467636
Epoch 051: train_loss = 0.464145  MAE/GAME0 = 13.008  RMSE = 28.663  GAME1 = 16.491  GAME2 = 18.735  GAME3 = 20.488  lr = 4.99e-05  time = 16.3s
[e052 s0001/1030] loss = 0.238121
[e052 s0050/1030] loss = 0.313343
[e052 s0100/1030] loss = 0.344675
[e052 s0150/1030] loss = 0.402387
[e052 s0200/1030] loss = 0.346924
[e052 s0250/1030] loss = 0.348182
[e052 s0300/1030] loss = 0.333698
[e052 s0350/1030] loss = 0.349647
[e052 s0400/1030] loss = 0.341974
[e052 s0450/1030] loss = 0.335603
[e052 s0500/1030] loss = 0.339594
[e052 s0550/1030] loss = 0.338746
[e052 s0600/1030] loss = 0.525779
[e052 s0650/1030] loss = 0.511625
[e052 s0700/1030] loss = 0.502272
[e052 s0750/1030] loss = 0.483996
[e052 s0800/1030] loss = 0.481254
[e052 s0850/1030] loss = 0.478398
[e052 s0900/1030] loss = 0.473390
[e052 s0950/1030] loss = 0.463533
[e052 s1000/1030] loss = 0.462694
Epoch 052: train_loss = 0.455070  MAE/GAME0 = 16.797  RMSE = 38.604  GAME1 = 18.121  GAME2 = 19.263  GAME3 = 19.989  lr = 4.99e-05  time = 16.3s
[e053 s0001/1030] loss = 0.150733
[e053 s0050/1030] loss = 0.287484
[e053 s0100/1030] loss = 0.307169
[e053 s0150/1030] loss = 0.301109
[e053 s0200/1030] loss = 0.286211
[e053 s0250/1030] loss = 0.296598
[e053 s0300/1030] loss = 0.290567
[e053 s0350/1030] loss = 0.579393
[e053 s0400/1030] loss = 0.556489
[e053 s0450/1030] loss = 0.525923
[e053 s0500/1030] loss = 0.517260
[e053 s0550/1030] loss = 0.500571
[e053 s0600/1030] loss = 0.484045
[e053 s0650/1030] loss = 0.469787
[e053 s0700/1030] loss = 0.452893
[e053 s0750/1030] loss = 0.443720
[e053 s0800/1030] loss = 0.443903
[e053 s0850/1030] loss = 0.444287
[e053 s0900/1030] loss = 0.447582
[e053 s0950/1030] loss = 0.446066
[e053 s1000/1030] loss = 0.443144
Epoch 053: train_loss = 0.439039  MAE/GAME0 = 14.854  RMSE = 37.029  GAME1 = 16.625  GAME2 = 18.097  GAME3 = 19.145  lr = 4.98e-05  time = 16.5s
[e054 s0001/1030] loss = 0.158093
[e054 s0050/1030] loss = 0.283256
[e054 s0100/1030] loss = 0.240371
[e054 s0150/1030] loss = 0.294644
[e054 s0200/1030] loss = 0.293388
[e054 s0250/1030] loss = 0.289550
[e054 s0300/1030] loss = 0.284855
[e054 s0350/1030] loss = 0.306544
[e054 s0400/1030] loss = 0.582215
[e054 s0450/1030] loss = 0.560012
[e054 s0500/1030] loss = 0.546759
[e054 s0550/1030] loss = 0.529078
[e054 s0600/1030] loss = 0.513126
[e054 s0650/1030] loss = 0.496322
[e054 s0700/1030] loss = 0.487468
[e054 s0750/1030] loss = 0.475618
[e054 s0800/1030] loss = 0.461710
[e054 s0850/1030] loss = 0.463153
[e054 s0900/1030] loss = 0.459521
[e054 s0950/1030] loss = 0.451625
[e054 s1000/1030] loss = 0.452512
Epoch 054: train_loss = 0.446417  MAE/GAME0 = 14.729  RMSE = 37.340  GAME1 = 16.602  GAME2 = 18.240  GAME3 = 19.310  lr = 4.98e-05  time = 16.7s
[e055 s0001/1030] loss = 0.049542
[e055 s0050/1030] loss = 0.286216
[e055 s0100/1030] loss = 0.407259
[e055 s0150/1030] loss = 0.372185
[e055 s0200/1030] loss = 0.335072
[e055 s0250/1030] loss = 0.335807
[e055 s0300/1030] loss = 0.360247
[e055 s0350/1030] loss = 0.359305
[e055 s0400/1030] loss = 0.359542
[e055 s0450/1030] loss = 0.376578
[e055 s0500/1030] loss = 0.375911
[e055 s0550/1030] loss = 0.558400
[e055 s0600/1030] loss = 0.529922
[e055 s0650/1030] loss = 0.521651
[e055 s0700/1030] loss = 0.512948
[e055 s0750/1030] loss = 0.498349
[e055 s0800/1030] loss = 0.487397
[e055 s0850/1030] loss = 0.485856
[e055 s0900/1030] loss = 0.476233
[e055 s0950/1030] loss = 0.463833
[e055 s1000/1030] loss = 0.454615
Epoch 055: train_loss = 0.447492  MAE/GAME0 = 13.966  RMSE = 36.880  GAME1 = 16.085  GAME2 = 17.814  GAME3 = 19.050  lr = 4.98e-05  time = 16.5s
[e056 s0001/1030] loss = 0.053149
[e056 s0050/1030] loss = 2.404953
[e056 s0100/1030] loss = 1.344619
[e056 s0150/1030] loss = 1.014207
[e056 s0200/1030] loss = 0.822694
[e056 s0250/1030] loss = 0.745415
[e056 s0300/1030] loss = 0.651829
[e056 s0350/1030] loss = 0.583578
[e056 s0400/1030] loss = 0.547089
[e056 s0450/1030] loss = 0.524002
[e056 s0500/1030] loss = 0.508696
[e056 s0550/1030] loss = 0.492378
[e056 s0600/1030] loss = 0.480095
[e056 s0650/1030] loss = 0.477165
[e056 s0700/1030] loss = 0.467760
[e056 s0750/1030] loss = 0.460031
[e056 s0800/1030] loss = 0.463051
[e056 s0850/1030] loss = 0.459390
[e056 s0900/1030] loss = 0.447164
[e056 s0950/1030] loss = 0.445460
[e056 s1000/1030] loss = 0.435260
Epoch 056: train_loss = 0.430820  MAE/GAME0 = 13.017  RMSE = 35.709  GAME1 = 15.295  GAME2 = 17.460  GAME3 = 18.981  lr = 4.98e-05  time = 16.6s
[e057 s0001/1030] loss = 0.040215
[e057 s0050/1030] loss = 0.262392
[e057 s0100/1030] loss = 0.282709
[e057 s0150/1030] loss = 0.258157
[e057 s0200/1030] loss = 0.260438
[e057 s0250/1030] loss = 0.262737
[e057 s0300/1030] loss = 0.270846
[e057 s0350/1030] loss = 0.298407
[e057 s0400/1030] loss = 0.305076
[e057 s0450/1030] loss = 0.313174
[e057 s0500/1030] loss = 0.312852
[e057 s0550/1030] loss = 0.308129
[e057 s0600/1030] loss = 0.324907
[e057 s0650/1030] loss = 0.483990
[e057 s0700/1030] loss = 0.474687
[e057 s0750/1030] loss = 0.466678
[e057 s0800/1030] loss = 0.463645
[e057 s0850/1030] loss = 0.458733
[e057 s0900/1030] loss = 0.451262
[e057 s0950/1030] loss = 0.443693
[e057 s1000/1030] loss = 0.439246
Epoch 057: train_loss = 0.439330  MAE/GAME0 = 15.099  RMSE = 36.579  GAME1 = 16.729  GAME2 = 18.254  GAME3 = 19.196  lr = 4.97e-05  time = 16.4s
[e058 s0001/1030] loss = 0.009423
[e058 s0050/1030] loss = 0.317579
[e058 s0100/1030] loss = 0.352409
[e058 s0150/1030] loss = 0.289726
[e058 s0200/1030] loss = 0.779934
[e058 s0250/1030] loss = 0.670517
[e058 s0300/1030] loss = 0.617423
[e058 s0350/1030] loss = 0.579482
[e058 s0400/1030] loss = 0.546837
[e058 s0450/1030] loss = 0.530962
[e058 s0500/1030] loss = 0.505502
[e058 s0550/1030] loss = 0.485215
[e058 s0600/1030] loss = 0.480225
[e058 s0650/1030] loss = 0.470117
[e058 s0700/1030] loss = 0.454943
[e058 s0750/1030] loss = 0.444531
[e058 s0800/1030] loss = 0.432863
[e058 s0850/1030] loss = 0.427470
[e058 s0900/1030] loss = 0.439209
[e058 s0950/1030] loss = 0.432722
[e058 s1000/1030] loss = 0.429177
Epoch 058: train_loss = 0.433438  MAE/GAME0 = 16.732  RMSE = 38.153  GAME1 = 17.911  GAME2 = 18.996  GAME3 = 19.658  lr = 4.97e-05  time = 16.6s
[e059 s0001/1030] loss = 0.154552
[e059 s0050/1030] loss = 0.222981
[e059 s0100/1030] loss = 0.256103
[e059 s0150/1030] loss = 0.246594
[e059 s0200/1030] loss = 0.720569
[e059 s0250/1030] loss = 0.650594
[e059 s0300/1030] loss = 0.616523
[e059 s0350/1030] loss = 0.562162
[e059 s0400/1030] loss = 0.539398
[e059 s0450/1030] loss = 0.519255
[e059 s0500/1030] loss = 0.493626
[e059 s0550/1030] loss = 0.470455
[e059 s0600/1030] loss = 0.455537
[e059 s0650/1030] loss = 0.472038
[e059 s0700/1030] loss = 0.461489
[e059 s0750/1030] loss = 0.446585
[e059 s0800/1030] loss = 0.434305
[e059 s0850/1030] loss = 0.432289
[e059 s0900/1030] loss = 0.435280
[e059 s0950/1030] loss = 0.428084
[e059 s1000/1030] loss = 0.429913
Epoch 059: train_loss = 0.432116  MAE/GAME0 = 14.616  RMSE = 37.211  GAME1 = 16.241  GAME2 = 17.681  GAME3 = 18.640  lr = 4.97e-05  time = 16.6s
[e060 s0001/1030] loss = 0.075889
[e060 s0050/1030] loss = 0.328244
[e060 s0100/1030] loss = 0.250266
[e060 s0150/1030] loss = 0.291660
[e060 s0200/1030] loss = 0.289172
[e060 s0250/1030] loss = 0.293595
[e060 s0300/1030] loss = 0.321721
[e060 s0350/1030] loss = 0.334335
[e060 s0400/1030] loss = 0.609775
[e060 s0450/1030] loss = 0.578812
[e060 s0500/1030] loss = 0.541595
[e060 s0550/1030] loss = 0.519449
[e060 s0600/1030] loss = 0.498766
[e060 s0650/1030] loss = 0.489773
[e060 s0700/1030] loss = 0.475700
[e060 s0750/1030] loss = 0.460728
[e060 s0800/1030] loss = 0.454257
[e060 s0850/1030] loss = 0.446325
[e060 s0900/1030] loss = 0.435651
[e060 s0950/1030] loss = 0.429973
[e060 s1000/1030] loss = 0.431208
Epoch 060: train_loss = 0.431749  MAE/GAME0 = 13.825  RMSE = 36.452  GAME1 = 15.916  GAME2 = 17.946  GAME3 = 19.353  lr = 4.96e-05  time = 16.7s
[e061 s0001/1030] loss = 0.273813
[e061 s0050/1030] loss = 0.304181
[e061 s0100/1030] loss = 0.288822
[e061 s0150/1030] loss = 0.299932
[e061 s0200/1030] loss = 0.324101
[e061 s0250/1030] loss = 0.355722
[e061 s0300/1030] loss = 0.348099
[e061 s0350/1030] loss = 0.322515
[e061 s0400/1030] loss = 0.335347
[e061 s0450/1030] loss = 0.343469
[e061 s0500/1030] loss = 0.330187
[e061 s0550/1030] loss = 0.328771
[e061 s0600/1030] loss = 0.499707
[e061 s0650/1030] loss = 0.490198
[e061 s0700/1030] loss = 0.475047
[e061 s0750/1030] loss = 0.463105
[e061 s0800/1030] loss = 0.449597
[e061 s0850/1030] loss = 0.446975
[e061 s0900/1030] loss = 0.435082
[e061 s0950/1030] loss = 0.433858
[e061 s1000/1030] loss = 0.430732
Epoch 061: train_loss = 0.429185  MAE/GAME0 = 13.330  RMSE = 36.058  GAME1 = 15.745  GAME2 = 17.810  GAME3 = 19.244  lr = 4.96e-05  time = 16.3s
[e062 s0001/1030] loss = 0.088851
[e062 s0050/1030] loss = 0.213749
[e062 s0100/1030] loss = 0.286032
[e062 s0150/1030] loss = 0.329554
[e062 s0200/1030] loss = 0.316079
[e062 s0250/1030] loss = 0.311541
[e062 s0300/1030] loss = 0.307384
[e062 s0350/1030] loss = 0.290420
[e062 s0400/1030] loss = 0.285817
[e062 s0450/1030] loss = 0.292454
[e062 s0500/1030] loss = 0.289283
[e062 s0550/1030] loss = 0.291319
[e062 s0600/1030] loss = 0.291973
[e062 s0650/1030] loss = 0.308228
[e062 s0700/1030] loss = 0.470550
[e062 s0750/1030] loss = 0.460599
[e062 s0800/1030] loss = 0.451985
[e062 s0850/1030] loss = 0.450377
[e062 s0900/1030] loss = 0.447484
[e062 s0950/1030] loss = 0.437349
[e062 s1000/1030] loss = 0.434261
Epoch 062: train_loss = 0.433687  MAE/GAME0 = 14.513  RMSE = 36.922  GAME1 = 16.370  GAME2 = 18.009  GAME3 = 19.127  lr = 4.95e-05  time = 16.9s
[e063 s0001/1030] loss = 1.046829
[e063 s0050/1030] loss = 0.526625
[e063 s0100/1030] loss = 0.382141
[e063 s0150/1030] loss = 0.386597
[e063 s0200/1030] loss = 0.372192
[e063 s0250/1030] loss = 0.352663
[e063 s0300/1030] loss = 0.347677
[e063 s0350/1030] loss = 0.327435
[e063 s0400/1030] loss = 0.326319
[e063 s0450/1030] loss = 0.327586
[e063 s0500/1030] loss = 0.542789
[e063 s0550/1030] loss = 0.515311
[e063 s0600/1030] loss = 0.497611
[e063 s0650/1030] loss = 0.478595
[e063 s0700/1030] loss = 0.466005
[e063 s0750/1030] loss = 0.466422
[e063 s0800/1030] loss = 0.459402
[e063 s0850/1030] loss = 0.444672
[e063 s0900/1030] loss = 0.435846
[e063 s0950/1030] loss = 0.428187
[e063 s1000/1030] loss = 0.419208
Epoch 063: train_loss = 0.414205  MAE/GAME0 = 16.477  RMSE = 38.352  GAME1 = 17.580  GAME2 = 18.618  GAME3 = 19.345  lr = 4.95e-05  time = 16.4s
[e064 s0001/1030] loss = 0.185541
[e064 s0050/1030] loss = 0.235990
[e064 s0100/1030] loss = 0.283473
[e064 s0150/1030] loss = 0.269375
[e064 s0200/1030] loss = 0.269484
[e064 s0250/1030] loss = 0.270838
[e064 s0300/1030] loss = 0.265051
[e064 s0350/1030] loss = 0.284013
[e064 s0400/1030] loss = 0.290478
[e064 s0450/1030] loss = 0.302353
[e064 s0500/1030] loss = 0.300854
[e064 s0550/1030] loss = 0.298433
[e064 s0600/1030] loss = 0.299457
[e064 s0650/1030] loss = 0.315153
[e064 s0700/1030] loss = 0.463727
[e064 s0750/1030] loss = 0.450419
[e064 s0800/1030] loss = 0.447287
[e064 s0850/1030] loss = 0.436613
[e064 s0900/1030] loss = 0.428128
[e064 s0950/1030] loss = 0.423328
[e064 s1000/1030] loss = 0.412093
Epoch 064: train_loss = 0.408606  MAE/GAME0 = 14.351  RMSE = 35.827  GAME1 = 16.638  GAME2 = 19.216  GAME3 = 21.065  lr = 4.95e-05  time = 16.6s
[e065 s0001/1030] loss = 0.065111
[e065 s0050/1030] loss = 2.094865
[e065 s0100/1030] loss = 1.316391
[e065 s0150/1030] loss = 0.951303
[e065 s0200/1030] loss = 0.794592
[e065 s0250/1030] loss = 0.680375
[e065 s0300/1030] loss = 0.607489
[e065 s0350/1030] loss = 0.556568
[e065 s0400/1030] loss = 0.511754
[e065 s0450/1030] loss = 0.504370
[e065 s0500/1030] loss = 0.478870
[e065 s0550/1030] loss = 0.471710
[e065 s0600/1030] loss = 0.459509
[e065 s0650/1030] loss = 0.447959
[e065 s0700/1030] loss = 0.448533
[e065 s0750/1030] loss = 0.444567
[e065 s0800/1030] loss = 0.436615
[e065 s0850/1030] loss = 0.426287
[e065 s0900/1030] loss = 0.416050
[e065 s0950/1030] loss = 0.410233
[e065 s1000/1030] loss = 0.403072
Epoch 065: train_loss = 0.398138  MAE/GAME0 = 14.918  RMSE = 37.172  GAME1 = 16.651  GAME2 = 18.172  GAME3 = 19.197  lr = 4.94e-05  time = 16.8s
[e066 s0001/1030] loss = 0.074617
[e066 s0050/1030] loss = 0.225894
[e066 s0100/1030] loss = 0.233922
[e066 s0150/1030] loss = 0.241897
[e066 s0200/1030] loss = 0.233425
[e066 s0250/1030] loss = 0.248885
[e066 s0300/1030] loss = 0.264005
[e066 s0350/1030] loss = 0.559809
[e066 s0400/1030] loss = 0.511441
[e066 s0450/1030] loss = 0.488108
[e066 s0500/1030] loss = 0.477622
[e066 s0550/1030] loss = 0.463694
[e066 s0600/1030] loss = 0.446848
[e066 s0650/1030] loss = 0.437098
[e066 s0700/1030] loss = 0.425469
[e066 s0750/1030] loss = 0.433479
[e066 s0800/1030] loss = 0.430345
[e066 s0850/1030] loss = 0.417069
[e066 s0900/1030] loss = 0.414950
[e066 s0950/1030] loss = 0.404433
[e066 s1000/1030] loss = 0.402473
Epoch 066: train_loss = 0.397621  MAE/GAME0 = 15.238  RMSE = 37.652  GAME1 = 17.093  GAME2 = 18.578  GAME3 = 19.508  lr = 4.94e-05  time = 16.5s
[e067 s0001/1030] loss = 0.339399
[e067 s0050/1030] loss = 0.240319
[e067 s0100/1030] loss = 0.308299
[e067 s0150/1030] loss = 0.306368
[e067 s0200/1030] loss = 0.306532
[e067 s0250/1030] loss = 0.294488
[e067 s0300/1030] loss = 0.307137
[e067 s0350/1030] loss = 0.322153
[e067 s0400/1030] loss = 0.319781
[e067 s0450/1030] loss = 0.316519
[e067 s0500/1030] loss = 0.505824
[e067 s0550/1030] loss = 0.489880
[e067 s0600/1030] loss = 0.470260
[e067 s0650/1030] loss = 0.453804
[e067 s0700/1030] loss = 0.441132
[e067 s0750/1030] loss = 0.439344
[e067 s0800/1030] loss = 0.432106
[e067 s0850/1030] loss = 0.429656
[e067 s0900/1030] loss = 0.422538
[e067 s0950/1030] loss = 0.414653
[e067 s1000/1030] loss = 0.414643
Epoch 067: train_loss = 0.409337  MAE/GAME0 = 14.131  RMSE = 36.961  GAME1 = 16.069  GAME2 = 17.705  GAME3 = 18.864  lr = 4.93e-05  time = 16.6s
[e068 s0001/1030] loss = 0.115220
[e068 s0050/1030] loss = 0.360265
[e068 s0100/1030] loss = 0.286023
[e068 s0150/1030] loss = 0.288725
[e068 s0200/1030] loss = 0.284706
[e068 s0250/1030] loss = 0.290958
[e068 s0300/1030] loss = 0.301458
[e068 s0350/1030] loss = 0.291035
[e068 s0400/1030] loss = 0.295600
[e068 s0450/1030] loss = 0.297422
[e068 s0500/1030] loss = 0.318973
[e068 s0550/1030] loss = 0.324688
[e068 s0600/1030] loss = 0.320764
[e068 s0650/1030] loss = 0.319576
[e068 s0700/1030] loss = 0.323477
[e068 s0750/1030] loss = 0.322206
[e068 s0800/1030] loss = 0.438740
[e068 s0850/1030] loss = 0.433353
[e068 s0900/1030] loss = 0.424826
[e068 s0950/1030] loss = 0.412425
[e068 s1000/1030] loss = 0.400020
Epoch 068: train_loss = 0.394783  MAE/GAME0 = 13.348  RMSE = 35.913  GAME1 = 15.684  GAME2 = 17.736  GAME3 = 19.139  lr = 4.93e-05  time = 16.6s
[e069 s0001/1030] loss = 0.150069
[e069 s0050/1030] loss = 0.227857
[e069 s0100/1030] loss = 0.287617
[e069 s0150/1030] loss = 0.299921
[e069 s0200/1030] loss = 0.318518
[e069 s0250/1030] loss = 0.287491
[e069 s0300/1030] loss = 0.279247
[e069 s0350/1030] loss = 0.597558
[e069 s0400/1030] loss = 0.552585
[e069 s0450/1030] loss = 0.534746
[e069 s0500/1030] loss = 0.521646
[e069 s0550/1030] loss = 0.504056
[e069 s0600/1030] loss = 0.501098
[e069 s0650/1030] loss = 0.485013
[e069 s0700/1030] loss = 0.466517
[e069 s0750/1030] loss = 0.456358
[e069 s0800/1030] loss = 0.438909
[e069 s0850/1030] loss = 0.432253
[e069 s0900/1030] loss = 0.424403
[e069 s0950/1030] loss = 0.419536
[e069 s1000/1030] loss = 0.422335
Epoch 069: train_loss = 0.418614  MAE/GAME0 = 15.439  RMSE = 37.541  GAME1 = 16.640  GAME2 = 17.883  GAME3 = 18.732  lr = 4.92e-05  time = 16.3s
[e070 s0001/1030] loss = 0.035665
[e070 s0050/1030] loss = 0.263130
[e070 s0100/1030] loss = 0.238034
[e070 s0150/1030] loss = 0.234681
[e070 s0200/1030] loss = 0.255376
[e070 s0250/1030] loss = 0.258170
[e070 s0300/1030] loss = 0.259050
[e070 s0350/1030] loss = 0.265605
[e070 s0400/1030] loss = 0.263865
[e070 s0450/1030] loss = 0.495776
[e070 s0500/1030] loss = 0.481133
[e070 s0550/1030] loss = 0.485769
[e070 s0600/1030] loss = 0.467523
[e070 s0650/1030] loss = 0.458215
[e070 s0700/1030] loss = 0.451744
[e070 s0750/1030] loss = 0.448920
[e070 s0800/1030] loss = 0.435173
[e070 s0850/1030] loss = 0.424551
[e070 s0900/1030] loss = 0.420836
[e070 s0950/1030] loss = 0.414445
[e070 s1000/1030] loss = 0.409776
Epoch 070: train_loss = 0.410019  MAE/GAME0 = 14.934  RMSE = 37.505  GAME1 = 16.742  GAME2 = 18.230  GAME3 = 19.224  lr = 4.91e-05  time = 16.6s
[e071 s0001/1030] loss = 0.199941
[e071 s0050/1030] loss = 0.197689
[e071 s0100/1030] loss = 0.215501
[e071 s0150/1030] loss = 0.282321
[e071 s0200/1030] loss = 0.260518
[e071 s0250/1030] loss = 0.253344
[e071 s0300/1030] loss = 0.273264
[e071 s0350/1030] loss = 0.301998
[e071 s0400/1030] loss = 0.299787
[e071 s0450/1030] loss = 0.302456
[e071 s0500/1030] loss = 0.296044
[e071 s0550/1030] loss = 0.290214
[e071 s0600/1030] loss = 0.289549
[e071 s0650/1030] loss = 0.289176
[e071 s0700/1030] loss = 0.458614
[e071 s0750/1030] loss = 0.444622
[e071 s0800/1030] loss = 0.442312
[e071 s0850/1030] loss = 0.437882
[e071 s0900/1030] loss = 0.430349
[e071 s0950/1030] loss = 0.421037
[e071 s1000/1030] loss = 0.413912
Epoch 071: train_loss = 0.413723  MAE/GAME0 = 13.841  RMSE = 36.258  GAME1 = 15.921  GAME2 = 17.751  GAME3 = 19.190  lr = 4.91e-05  time = 16.2s
[e072 s0001/1030] loss = 0.190844
[e072 s0050/1030] loss = 0.201329
[e072 s0100/1030] loss = 0.258898
[e072 s0150/1030] loss = 0.302152
[e072 s0200/1030] loss = 0.280559
[e072 s0250/1030] loss = 0.293706
[e072 s0300/1030] loss = 0.309508
[e072 s0350/1030] loss = 0.314225
[e072 s0400/1030] loss = 0.309242
[e072 s0450/1030] loss = 0.527793
[e072 s0500/1030] loss = 0.502155
[e072 s0550/1030] loss = 0.485922
[e072 s0600/1030] loss = 0.463665
[e072 s0650/1030] loss = 0.450113
[e072 s0700/1030] loss = 0.443676
[e072 s0750/1030] loss = 0.437351
[e072 s0800/1030] loss = 0.433001
[e072 s0850/1030] loss = 0.423843
[e072 s0900/1030] loss = 0.413302
[e072 s0950/1030] loss = 0.403271
[e072 s1000/1030] loss = 0.394659
Epoch 072: train_loss = 0.389313  MAE/GAME0 = 17.374  RMSE = 38.973  GAME1 = 18.559  GAME2 = 19.590  GAME3 = 20.244  lr = 4.90e-05  time = 16.4s
[e073 s0001/1030] loss = 0.362926
[e073 s0050/1030] loss = 0.300781
[e073 s0100/1030] loss = 0.267086
[e073 s0150/1030] loss = 0.258708
[e073 s0200/1030] loss = 0.255406
[e073 s0250/1030] loss = 0.261096
[e073 s0300/1030] loss = 0.262212
[e073 s0350/1030] loss = 0.269024
[e073 s0400/1030] loss = 0.280948
[e073 s0450/1030] loss = 0.277919
[e073 s0500/1030] loss = 0.276739
[e073 s0550/1030] loss = 0.464129
[e073 s0600/1030] loss = 0.451493
[e073 s0650/1030] loss = 0.444590
[e073 s0700/1030] loss = 0.457931
[e073 s0750/1030] loss = 0.441141
[e073 s0800/1030] loss = 0.429031
[e073 s0850/1030] loss = 0.425896
[e073 s0900/1030] loss = 0.421995
[e073 s0950/1030] loss = 0.414089
[e073 s1000/1030] loss = 0.406074
Epoch 073: train_loss = 0.407161  MAE/GAME0 = 13.661  RMSE = 36.761  GAME1 = 15.915  GAME2 = 17.885  GAME3 = 19.135  lr = 4.90e-05  time = 16.5s
[e074 s0001/1030] loss = 0.025052
[e074 s0050/1030] loss = 0.376369
[e074 s0100/1030] loss = 0.339901
[e074 s0150/1030] loss = 0.297894
[e074 s0200/1030] loss = 0.311135
[e074 s0250/1030] loss = 0.318870
[e074 s0300/1030] loss = 0.310899
[e074 s0350/1030] loss = 0.563045
[e074 s0400/1030] loss = 0.518697
[e074 s0450/1030] loss = 0.487869
[e074 s0500/1030] loss = 0.471333
[e074 s0550/1030] loss = 0.462674
[e074 s0600/1030] loss = 0.448814
[e074 s0650/1030] loss = 0.429398
[e074 s0700/1030] loss = 0.417290
[e074 s0750/1030] loss = 0.422208
[e074 s0800/1030] loss = 0.413385
[e074 s0850/1030] loss = 0.398995
[e074 s0900/1030] loss = 0.387456
[e074 s0950/1030] loss = 0.383613
[e074 s1000/1030] loss = 0.384136
Epoch 074: train_loss = 0.383572  MAE/GAME0 = 13.437  RMSE = 36.389  GAME1 = 15.758  GAME2 = 17.776  GAME3 = 19.109  lr = 4.89e-05  time = 17.3s
[e075 s0001/1030] loss = 0.123699
[e075 s0050/1030] loss = 0.318668
[e075 s0100/1030] loss = 0.244354
[e075 s0150/1030] loss = 0.233419
[e075 s0200/1030] loss = 0.291811
[e075 s0250/1030] loss = 0.268403
[e075 s0300/1030] loss = 0.282594
[e075 s0350/1030] loss = 0.282618
[e075 s0400/1030] loss = 0.297461
[e075 s0450/1030] loss = 0.295313
[e075 s0500/1030] loss = 0.289764
[e075 s0550/1030] loss = 0.289484
[e075 s0600/1030] loss = 0.456710
[e075 s0650/1030] loss = 0.448255
[e075 s0700/1030] loss = 0.436598
[e075 s0750/1030] loss = 0.420662
[e075 s0800/1030] loss = 0.416479
[e075 s0850/1030] loss = 0.404844
[e075 s0900/1030] loss = 0.394880
[e075 s0950/1030] loss = 0.391713
[e075 s1000/1030] loss = 0.386380
Epoch 075: train_loss = 0.383475  MAE/GAME0 = 13.185  RMSE = 36.238  GAME1 = 15.305  GAME2 = 17.399  GAME3 = 18.865  lr = 4.88e-05  time = 16.6s
[e076 s0001/1030] loss = 0.422215
[e076 s0050/1030] loss = 0.299062
[e076 s0100/1030] loss = 0.242437
[e076 s0150/1030] loss = 0.843780
[e076 s0200/1030] loss = 0.686460
[e076 s0250/1030] loss = 0.623530
[e076 s0300/1030] loss = 0.558456
[e076 s0350/1030] loss = 0.526553
[e076 s0400/1030] loss = 0.495972
[e076 s0450/1030] loss = 0.470907
[e076 s0500/1030] loss = 0.466163
[e076 s0550/1030] loss = 0.446060
[e076 s0600/1030] loss = 0.442651
[e076 s0650/1030] loss = 0.434275
[e076 s0700/1030] loss = 0.418376
[e076 s0750/1030] loss = 0.413517
[e076 s0800/1030] loss = 0.412723
[e076 s0850/1030] loss = 0.402394
[e076 s0900/1030] loss = 0.396328
[e076 s0950/1030] loss = 0.387212
[e076 s1000/1030] loss = 0.378027
Epoch 076: train_loss = 0.382693  MAE/GAME0 = 14.807  RMSE = 37.313  GAME1 = 16.619  GAME2 = 18.153  GAME3 = 19.161  lr = 4.88e-05  time = 16.5s
[e077 s0001/1030] loss = 0.073677
[e077 s0050/1030] loss = 0.324649
[e077 s0100/1030] loss = 0.282408
[e077 s0150/1030] loss = 0.268775
[e077 s0200/1030] loss = 0.251493
[e077 s0250/1030] loss = 0.251816
[e077 s0300/1030] loss = 0.260972
[e077 s0350/1030] loss = 0.273562
[e077 s0400/1030] loss = 0.279816
[e077 s0450/1030] loss = 0.494937
[e077 s0500/1030] loss = 0.471092
[e077 s0550/1030] loss = 0.468055
[e077 s0600/1030] loss = 0.454341
[e077 s0650/1030] loss = 0.448075
[e077 s0700/1030] loss = 0.430024
[e077 s0750/1030] loss = 0.420519
[e077 s0800/1030] loss = 0.421010
[e077 s0850/1030] loss = 0.405323
[e077 s0900/1030] loss = 0.398099
[e077 s0950/1030] loss = 0.390604
[e077 s1000/1030] loss = 0.387473
Epoch 077: train_loss = 0.386102  MAE/GAME0 = 15.419  RMSE = 37.809  GAME1 = 16.981  GAME2 = 18.417  GAME3 = 19.317  lr = 4.87e-05  time = 16.5s
[e078 s0001/1030] loss = 0.184357
[e078 s0050/1030] loss = 0.188096
[e078 s0100/1030] loss = 0.261416
[e078 s0150/1030] loss = 0.858117
[e078 s0200/1030] loss = 0.710788
[e078 s0250/1030] loss = 0.623267
[e078 s0300/1030] loss = 0.558432
[e078 s0350/1030] loss = 0.544246
[e078 s0400/1030] loss = 0.501599
[e078 s0450/1030] loss = 0.475925
[e078 s0500/1030] loss = 0.464445
[e078 s0550/1030] loss = 0.441995
[e078 s0600/1030] loss = 0.430317
[e078 s0650/1030] loss = 0.419895
[e078 s0700/1030] loss = 0.407155
[e078 s0750/1030] loss = 0.400397
[e078 s0800/1030] loss = 0.389621
[e078 s0850/1030] loss = 0.378629
[e078 s0900/1030] loss = 0.381553
[e078 s0950/1030] loss = 0.379239
[e078 s1000/1030] loss = 0.377526
Epoch 078: train_loss = 0.375243  MAE/GAME0 = 13.876  RMSE = 36.758  GAME1 = 15.804  GAME2 = 17.499  GAME3 = 18.677  lr = 4.86e-05  time = 16.4s
[e079 s0001/1030] loss = 0.083484
[e079 s0050/1030] loss = 0.327110
[e079 s0100/1030] loss = 0.396720
[e079 s0150/1030] loss = 0.336155
[e079 s0200/1030] loss = 0.312468
[e079 s0250/1030] loss = 0.302177
[e079 s0300/1030] loss = 0.291183
[e079 s0350/1030] loss = 0.298835
[e079 s0400/1030] loss = 0.320637
[e079 s0450/1030] loss = 0.320202
[e079 s0500/1030] loss = 0.326855
[e079 s0550/1030] loss = 0.318456
[e079 s0600/1030] loss = 0.318221
[e079 s0650/1030] loss = 0.306616
[e079 s0700/1030] loss = 0.298219
[e079 s0750/1030] loss = 0.301754
[e079 s0800/1030] loss = 0.312371
[e079 s0850/1030] loss = 0.421003
[e079 s0900/1030] loss = 0.418992
[e079 s0950/1030] loss = 0.404486
[e079 s1000/1030] loss = 0.398773
Epoch 079: train_loss = 0.393178  MAE/GAME0 = 14.409  RMSE = 37.042  GAME1 = 16.261  GAME2 = 17.773  GAME3 = 18.857  lr = 4.86e-05  time = 16.8s
[e080 s0001/1030] loss = 0.155428
[e080 s0050/1030] loss = 0.392617
[e080 s0100/1030] loss = 0.332489
[e080 s0150/1030] loss = 0.281853
[e080 s0200/1030] loss = 0.272532
[e080 s0250/1030] loss = 0.266538
[e080 s0300/1030] loss = 0.295753
[e080 s0350/1030] loss = 0.281989
[e080 s0400/1030] loss = 0.282071
[e080 s0450/1030] loss = 0.280934
[e080 s0500/1030] loss = 0.275149
[e080 s0550/1030] loss = 0.267664
[e080 s0600/1030] loss = 0.271161
[e080 s0650/1030] loss = 0.270048
[e080 s0700/1030] loss = 0.408622
[e080 s0750/1030] loss = 0.404336
[e080 s0800/1030] loss = 0.406084
[e080 s0850/1030] loss = 0.391956
[e080 s0900/1030] loss = 0.389908
[e080 s0950/1030] loss = 0.388348
[e080 s1000/1030] loss = 0.379316
Epoch 080: train_loss = 0.380186  MAE/GAME0 = 15.815  RMSE = 38.054  GAME1 = 17.087  GAME2 = 18.294  GAME3 = 19.105  lr = 4.85e-05  time = 16.5s
[e081 s0001/1030] loss = 0.081216
[e081 s0050/1030] loss = 2.059361
[e081 s0100/1030] loss = 1.125898
[e081 s0150/1030] loss = 0.894809
[e081 s0200/1030] loss = 0.768078
[e081 s0250/1030] loss = 0.656238
[e081 s0300/1030] loss = 0.570538
[e081 s0350/1030] loss = 0.527315
[e081 s0400/1030] loss = 0.500461
[e081 s0450/1030] loss = 0.474887
[e081 s0500/1030] loss = 0.448942
[e081 s0550/1030] loss = 0.429311
[e081 s0600/1030] loss = 0.410218
[e081 s0650/1030] loss = 0.402341
[e081 s0700/1030] loss = 0.395551
[e081 s0750/1030] loss = 0.388117
[e081 s0800/1030] loss = 0.379495
[e081 s0850/1030] loss = 0.369687
[e081 s0900/1030] loss = 0.371157
[e081 s0950/1030] loss = 0.372945
[e081 s1000/1030] loss = 0.368392
Epoch 081: train_loss = 0.363329  MAE/GAME0 = 13.863  RMSE = 36.758  GAME1 = 15.680  GAME2 = 17.455  GAME3 = 18.652  lr = 4.84e-05  time = 16.7s
[e082 s0001/1030] loss = 0.123826
[e082 s0050/1030] loss = 0.344443
[e082 s0100/1030] loss = 0.341140
[e082 s0150/1030] loss = 0.323446
[e082 s0200/1030] loss = 0.310560
[e082 s0250/1030] loss = 0.294496
[e082 s0300/1030] loss = 0.286663
[e082 s0350/1030] loss = 0.266047
[e082 s0400/1030] loss = 0.268767
[e082 s0450/1030] loss = 0.278351
[e082 s0500/1030] loss = 0.280987
[e082 s0550/1030] loss = 0.291930
[e082 s0600/1030] loss = 0.444807
[e082 s0650/1030] loss = 0.430403
[e082 s0700/1030] loss = 0.417039
[e082 s0750/1030] loss = 0.415867
[e082 s0800/1030] loss = 0.406721
[e082 s0850/1030] loss = 0.396582
[e082 s0900/1030] loss = 0.395451
[e082 s0950/1030] loss = 0.388265
[e082 s1000/1030] loss = 0.379991
Epoch 082: train_loss = 0.375425  MAE/GAME0 = 16.156  RMSE = 38.261  GAME1 = 17.427  GAME2 = 18.476  GAME3 = 19.192  lr = 4.83e-05  time = 16.6s
[e083 s0001/1030] loss = 0.289038
[e083 s0050/1030] loss = 0.219187
[e083 s0100/1030] loss = 0.275392
[e083 s0150/1030] loss = 0.302860
[e083 s0200/1030] loss = 0.275606
[e083 s0250/1030] loss = 0.255211
[e083 s0300/1030] loss = 0.249247
[e083 s0350/1030] loss = 0.275024
[e083 s0400/1030] loss = 0.264354
[e083 s0450/1030] loss = 0.261388
[e083 s0500/1030] loss = 0.263729
[e083 s0550/1030] loss = 0.262468
[e083 s0600/1030] loss = 0.263972
[e083 s0650/1030] loss = 0.265095
[e083 s0700/1030] loss = 0.425540
[e083 s0750/1030] loss = 0.408414
[e083 s0800/1030] loss = 0.400890
[e083 s0850/1030] loss = 0.389093
[e083 s0900/1030] loss = 0.380642
[e083 s0950/1030] loss = 0.385802
[e083 s1000/1030] loss = 0.375558
Epoch 083: train_loss = 0.382010  MAE/GAME0 = 13.809  RMSE = 36.157  GAME1 = 16.028  GAME2 = 18.322  GAME3 = 19.925  lr = 4.83e-05  time = 16.3s
[e084 s0001/1030] loss = 0.149212
[e084 s0050/1030] loss = 0.352306
[e084 s0100/1030] loss = 0.314737
[e084 s0150/1030] loss = 0.300252
[e084 s0200/1030] loss = 0.285072
[e084 s0250/1030] loss = 0.297804
[e084 s0300/1030] loss = 0.293132
[e084 s0350/1030] loss = 0.299497
[e084 s0400/1030] loss = 0.305446
[e084 s0450/1030] loss = 0.304480
[e084 s0500/1030] loss = 0.293246
[e084 s0550/1030] loss = 0.284166
[e084 s0600/1030] loss = 0.286244
[e084 s0650/1030] loss = 0.277087
[e084 s0700/1030] loss = 0.274209
[e084 s0750/1030] loss = 0.275856
[e084 s0800/1030] loss = 0.405679
[e084 s0850/1030] loss = 0.403985
[e084 s0900/1030] loss = 0.400511
[e084 s0950/1030] loss = 0.393899
[e084 s1000/1030] loss = 0.387858
Epoch 084: train_loss = 0.380901  MAE/GAME0 = 13.484  RMSE = 34.929  GAME1 = 15.350  GAME2 = 17.520  GAME3 = 19.182  lr = 4.82e-05  time = 16.4s
[e085 s0001/1030] loss = 0.503777
[e085 s0050/1030] loss = 0.257598
[e085 s0100/1030] loss = 0.243957
[e085 s0150/1030] loss = 0.273085
[e085 s0200/1030] loss = 0.273809
[e085 s0250/1030] loss = 0.273279
[e085 s0300/1030] loss = 0.255688
[e085 s0350/1030] loss = 0.246089
[e085 s0400/1030] loss = 0.495208
[e085 s0450/1030] loss = 0.463244
[e085 s0500/1030] loss = 0.445446
[e085 s0550/1030] loss = 0.430559
[e085 s0600/1030] loss = 0.412876
[e085 s0650/1030] loss = 0.401841
[e085 s0700/1030] loss = 0.391059
[e085 s0750/1030] loss = 0.377901
[e085 s0800/1030] loss = 0.376679
[e085 s0850/1030] loss = 0.374800
[e085 s0900/1030] loss = 0.375314
[e085 s0950/1030] loss = 0.369622
[e085 s1000/1030] loss = 0.367770
Epoch 085: train_loss = 0.363627  MAE/GAME0 = 13.040  RMSE = 36.007  GAME1 = 15.401  GAME2 = 17.556  GAME3 = 19.126  lr = 4.81e-05  time = 16.7s
[e086 s0001/1030] loss = 0.118188
[e086 s0050/1030] loss = 1.976110
[e086 s0100/1030] loss = 1.121671
[e086 s0150/1030] loss = 0.851240
[e086 s0200/1030] loss = 0.689683
[e086 s0250/1030] loss = 0.587078
[e086 s0300/1030] loss = 0.528709
[e086 s0350/1030] loss = 0.494476
[e086 s0400/1030] loss = 0.457106
[e086 s0450/1030] loss = 0.450115
[e086 s0500/1030] loss = 0.442733
[e086 s0550/1030] loss = 0.431307
[e086 s0600/1030] loss = 0.418226
[e086 s0650/1030] loss = 0.408846
[e086 s0700/1030] loss = 0.399096
[e086 s0750/1030] loss = 0.386179
[e086 s0800/1030] loss = 0.382941
[e086 s0850/1030] loss = 0.380177
[e086 s0900/1030] loss = 0.374014
[e086 s0950/1030] loss = 0.368930
[e086 s1000/1030] loss = 0.363296
Epoch 086: train_loss = 0.361311  MAE/GAME0 = 14.177  RMSE = 36.630  GAME1 = 15.927  GAME2 = 17.527  GAME3 = 18.701  lr = 4.80e-05  time = 16.2s
[e087 s0001/1030] loss = 0.537527
[e087 s0050/1030] loss = 0.247595
[e087 s0100/1030] loss = 0.231724
[e087 s0150/1030] loss = 0.237459
[e087 s0200/1030] loss = 0.221634
[e087 s0250/1030] loss = 0.224919
[e087 s0300/1030] loss = 0.542484
[e087 s0350/1030] loss = 0.493661
[e087 s0400/1030] loss = 0.458092
[e087 s0450/1030] loss = 0.439029
[e087 s0500/1030] loss = 0.409541
[e087 s0550/1030] loss = 0.400448
[e087 s0600/1030] loss = 0.383835
[e087 s0650/1030] loss = 0.374842
[e087 s0700/1030] loss = 0.368500
[e087 s0750/1030] loss = 0.363475
[e087 s0800/1030] loss = 0.362672
[e087 s0850/1030] loss = 0.362480
[e087 s0900/1030] loss = 0.354575
[e087 s0950/1030] loss = 0.349405
[e087 s1000/1030] loss = 0.350575
Epoch 087: train_loss = 0.352961  MAE/GAME0 = 14.628  RMSE = 37.053  GAME1 = 16.143  GAME2 = 17.535  GAME3 = 18.511  lr = 4.79e-05  time = 16.5s
[e088 s0001/1030] loss = 0.005961
[e088 s0050/1030] loss = 0.299852
[e088 s0100/1030] loss = 0.296017
[e088 s0150/1030] loss = 0.255852
[e088 s0200/1030] loss = 0.255264
[e088 s0250/1030] loss = 0.236608
[e088 s0300/1030] loss = 0.236223
[e088 s0350/1030] loss = 0.243823
[e088 s0400/1030] loss = 0.259326
[e088 s0450/1030] loss = 0.252100
[e088 s0500/1030] loss = 0.250609
[e088 s0550/1030] loss = 0.253167
[e088 s0600/1030] loss = 0.262298
[e088 s0650/1030] loss = 0.403827
[e088 s0700/1030] loss = 0.408197
[e088 s0750/1030] loss = 0.392736
[e088 s0800/1030] loss = 0.383329
[e088 s0850/1030] loss = 0.377561
[e088 s0900/1030] loss = 0.370732
[e088 s0950/1030] loss = 0.363433
[e088 s1000/1030] loss = 0.361818
Epoch 088: train_loss = 0.354951  MAE/GAME0 = 17.548  RMSE = 38.985  GAME1 = 18.518  GAME2 = 19.428  GAME3 = 19.996  lr = 4.78e-05  time = 16.8s
[e089 s0001/1030] loss = 0.129221
[e089 s0050/1030] loss = 0.211114
[e089 s0100/1030] loss = 0.332996
[e089 s0150/1030] loss = 0.323227
[e089 s0200/1030] loss = 0.290355
[e089 s0250/1030] loss = 0.309062
[e089 s0300/1030] loss = 0.599486
[e089 s0350/1030] loss = 0.558033
[e089 s0400/1030] loss = 0.506292
[e089 s0450/1030] loss = 0.486025
[e089 s0500/1030] loss = 0.465374
[e089 s0550/1030] loss = 0.450876
[e089 s0600/1030] loss = 0.429854
[e089 s0650/1030] loss = 0.414380
[e089 s0700/1030] loss = 0.408818
[e089 s0750/1030] loss = 0.396340
[e089 s0800/1030] loss = 0.391487
[e089 s0850/1030] loss = 0.381994
[e089 s0900/1030] loss = 0.372747
[e089 s0950/1030] loss = 0.367013
[e089 s1000/1030] loss = 0.365095
Epoch 089: train_loss = 0.361566  MAE/GAME0 = 13.051  RMSE = 35.712  GAME1 = 15.227  GAME2 = 17.483  GAME3 = 19.066  lr = 4.78e-05  time = 16.7s
[e090 s0001/1030] loss = 0.067048
[e090 s0050/1030] loss = 0.122540
[e090 s0100/1030] loss = 0.194770
[e090 s0150/1030] loss = 0.224954
[e090 s0200/1030] loss = 0.238471
[e090 s0250/1030] loss = 0.241634
[e090 s0300/1030] loss = 0.227931
[e090 s0350/1030] loss = 0.225873
[e090 s0400/1030] loss = 0.230453
[e090 s0450/1030] loss = 0.245336
[e090 s0500/1030] loss = 0.237799
[e090 s0550/1030] loss = 0.245522
[e090 s0600/1030] loss = 0.249718
[e090 s0650/1030] loss = 0.253253
[e090 s0700/1030] loss = 0.282777
[e090 s0750/1030] loss = 0.282962
[e090 s0800/1030] loss = 0.402183
[e090 s0850/1030] loss = 0.403557
[e090 s0900/1030] loss = 0.391527
[e090 s0950/1030] loss = 0.382462
[e090 s1000/1030] loss = 0.377496
Epoch 090: train_loss = 0.372999  MAE/GAME0 = 13.559  RMSE = 36.612  GAME1 = 15.738  GAME2 = 17.551  GAME3 = 18.865  lr = 4.77e-05  time = 16.5s
[e091 s0001/1030] loss = 0.245614
[e091 s0050/1030] loss = 0.221177
[e091 s0100/1030] loss = 0.207639
[e091 s0150/1030] loss = 0.835924
[e091 s0200/1030] loss = 0.719007
[e091 s0250/1030] loss = 0.630501
[e091 s0300/1030] loss = 0.561778
[e091 s0350/1030] loss = 0.507971
[e091 s0400/1030] loss = 0.491652
[e091 s0450/1030] loss = 0.458074
[e091 s0500/1030] loss = 0.439718
[e091 s0550/1030] loss = 0.426811
[e091 s0600/1030] loss = 0.419249
[e091 s0650/1030] loss = 0.397785
[e091 s0700/1030] loss = 0.383068
[e091 s0750/1030] loss = 0.373891
[e091 s0800/1030] loss = 0.363615
[e091 s0850/1030] loss = 0.364414
[e091 s0900/1030] loss = 0.360562
[e091 s0950/1030] loss = 0.355963
[e091 s1000/1030] loss = 0.351666
Epoch 091: train_loss = 0.350165  MAE/GAME0 = 14.054  RMSE = 34.255  GAME1 = 15.802  GAME2 = 17.440  GAME3 = 18.738  lr = 4.76e-05  time = 16.5s
[e092 s0001/1030] loss = 0.120047
[e092 s0050/1030] loss = 0.266565
[e092 s0100/1030] loss = 0.232581
[e092 s0150/1030] loss = 0.862870
[e092 s0200/1030] loss = 0.728499
[e092 s0250/1030] loss = 0.635855
[e092 s0300/1030] loss = 0.564141
[e092 s0350/1030] loss = 0.509937
[e092 s0400/1030] loss = 0.473542
[e092 s0450/1030] loss = 0.452837
[e092 s0500/1030] loss = 0.444017
[e092 s0550/1030] loss = 0.428606
[e092 s0600/1030] loss = 0.410556
[e092 s0650/1030] loss = 0.396496
[e092 s0700/1030] loss = 0.385175
[e092 s0750/1030] loss = 0.381223
[e092 s0800/1030] loss = 0.372190
[e092 s0850/1030] loss = 0.367486
[e092 s0900/1030] loss = 0.379128
[e092 s0950/1030] loss = 0.372888
[e092 s1000/1030] loss = 0.368733
Epoch 092: train_loss = 0.371124  MAE/GAME0 = 14.309  RMSE = 37.043  GAME1 = 16.242  GAME2 = 17.967  GAME3 = 19.132  lr = 4.75e-05  time = 16.6s
[e093 s0001/1030] loss = 0.067467
[e093 s0050/1030] loss = 0.309005
[e093 s0100/1030] loss = 0.301747
[e093 s0150/1030] loss = 0.280047
[e093 s0200/1030] loss = 0.263464
[e093 s0250/1030] loss = 0.270866
[e093 s0300/1030] loss = 0.254152
[e093 s0350/1030] loss = 0.262393
[e093 s0400/1030] loss = 0.288125
[e093 s0450/1030] loss = 0.289299
[e093 s0500/1030] loss = 0.285703
[e093 s0550/1030] loss = 0.275523
[e093 s0600/1030] loss = 0.271609
[e093 s0650/1030] loss = 0.273554
[e093 s0700/1030] loss = 0.273764
[e093 s0750/1030] loss = 0.278085
[e093 s0800/1030] loss = 0.273868
[e093 s0850/1030] loss = 0.268132
[e093 s0900/1030] loss = 0.371755
[e093 s0950/1030] loss = 0.364527
[e093 s1000/1030] loss = 0.360261
Epoch 093: train_loss = 0.358403  MAE/GAME0 = 14.140  RMSE = 36.815  GAME1 = 16.274  GAME2 = 17.991  GAME3 = 19.163  lr = 4.74e-05  time = 16.4s
[e094 s0001/1030] loss = 0.082846
[e094 s0050/1030] loss = 0.223167
[e094 s0100/1030] loss = 0.264644
[e094 s0150/1030] loss = 0.246123
[e094 s0200/1030] loss = 0.235735
[e094 s0250/1030] loss = 0.594100
[e094 s0300/1030] loss = 0.537398
[e094 s0350/1030] loss = 0.495295
[e094 s0400/1030] loss = 0.467327
[e094 s0450/1030] loss = 0.441678
[e094 s0500/1030] loss = 0.414278
[e094 s0550/1030] loss = 0.412399
[e094 s0600/1030] loss = 0.401154
[e094 s0650/1030] loss = 0.393367
[e094 s0700/1030] loss = 0.381737
[e094 s0750/1030] loss = 0.375983
[e094 s0800/1030] loss = 0.376552
[e094 s0850/1030] loss = 0.371243
[e094 s0900/1030] loss = 0.363085
[e094 s0950/1030] loss = 0.360727
[e094 s1000/1030] loss = 0.354281
Epoch 094: train_loss = 0.351133  MAE/GAME0 = 15.092  RMSE = 37.596  GAME1 = 16.706  GAME2 = 18.166  GAME3 = 19.170  lr = 4.73e-05  time = 16.4s
[e095 s0001/1030] loss = 0.099825
[e095 s0050/1030] loss = 0.251137
[e095 s0100/1030] loss = 0.277479
[e095 s0150/1030] loss = 0.274368
[e095 s0200/1030] loss = 0.271527
[e095 s0250/1030] loss = 0.265764
[e095 s0300/1030] loss = 0.272030
[e095 s0350/1030] loss = 0.260655
[e095 s0400/1030] loss = 0.268382
[e095 s0450/1030] loss = 0.260875
[e095 s0500/1030] loss = 0.254861
[e095 s0550/1030] loss = 0.444244
[e095 s0600/1030] loss = 0.433433
[e095 s0650/1030] loss = 0.419595
[e095 s0700/1030] loss = 0.403365
[e095 s0750/1030] loss = 0.394312
[e095 s0800/1030] loss = 0.380928
[e095 s0850/1030] loss = 0.372611
[e095 s0900/1030] loss = 0.360856
[e095 s0950/1030] loss = 0.358399
[e095 s1000/1030] loss = 0.364488
Epoch 095: train_loss = 0.360156  MAE/GAME0 = 14.040  RMSE = 36.810  GAME1 = 16.068  GAME2 = 17.767  GAME3 = 18.954  lr = 4.72e-05  time = 16.3s
[e096 s0001/1030] loss = 0.088397
[e096 s0050/1030] loss = 0.322503
[e096 s0100/1030] loss = 0.286044
[e096 s0150/1030] loss = 0.317731
[e096 s0200/1030] loss = 0.285914
[e096 s0250/1030] loss = 0.276007
[e096 s0300/1030] loss = 0.568578
[e096 s0350/1030] loss = 0.518909
[e096 s0400/1030] loss = 0.490382
[e096 s0450/1030] loss = 0.462054
[e096 s0500/1030] loss = 0.441382
[e096 s0550/1030] loss = 0.427857
[e096 s0600/1030] loss = 0.417932
[e096 s0650/1030] loss = 0.407151
[e096 s0700/1030] loss = 0.395167
[e096 s0750/1030] loss = 0.383319
[e096 s0800/1030] loss = 0.374435
[e096 s0850/1030] loss = 0.366258
[e096 s0900/1030] loss = 0.361234
[e096 s0950/1030] loss = 0.354560
[e096 s1000/1030] loss = 0.349722
Epoch 096: train_loss = 0.345697  MAE/GAME0 = 15.237  RMSE = 37.502  GAME1 = 16.935  GAME2 = 18.443  GAME3 = 19.377  lr = 4.71e-05  time = 16.4s
[e097 s0001/1030] loss = 0.161580
[e097 s0050/1030] loss = 0.303239
[e097 s0100/1030] loss = 0.252258
[e097 s0150/1030] loss = 0.305846
[e097 s0200/1030] loss = 0.294561
[e097 s0250/1030] loss = 0.283800
[e097 s0300/1030] loss = 0.272087
[e097 s0350/1030] loss = 0.265886
[e097 s0400/1030] loss = 0.262607
[e097 s0450/1030] loss = 0.273147
[e097 s0500/1030] loss = 0.286301
[e097 s0550/1030] loss = 0.291051
[e097 s0600/1030] loss = 0.287608
[e097 s0650/1030] loss = 0.281913
[e097 s0700/1030] loss = 0.278641
[e097 s0750/1030] loss = 0.272314
[e097 s0800/1030] loss = 0.273892
[e097 s0850/1030] loss = 0.273105
[e097 s0900/1030] loss = 0.273453
[e097 s0950/1030] loss = 0.269194
[e097 s1000/1030] loss = 0.357393
Epoch 097: train_loss = 0.351773  MAE/GAME0 = 13.398  RMSE = 36.311  GAME1 = 15.573  GAME2 = 17.742  GAME3 = 19.160  lr = 4.70e-05  time = 16.6s
[e098 s0001/1030] loss = 0.124514
[e098 s0050/1030] loss = 0.294294
[e098 s0100/1030] loss = 0.243527
[e098 s0150/1030] loss = 0.290837
[e098 s0200/1030] loss = 0.276350
[e098 s0250/1030] loss = 0.297435
[e098 s0300/1030] loss = 0.277536
[e098 s0350/1030] loss = 0.276512
[e098 s0400/1030] loss = 0.274295
[e098 s0450/1030] loss = 0.261765
[e098 s0500/1030] loss = 0.255410
[e098 s0550/1030] loss = 0.249296
[e098 s0600/1030] loss = 0.401057
[e098 s0650/1030] loss = 0.383224
[e098 s0700/1030] loss = 0.370506
[e098 s0750/1030] loss = 0.377512
[e098 s0800/1030] loss = 0.368261
[e098 s0850/1030] loss = 0.363474
[e098 s0900/1030] loss = 0.357360
[e098 s0950/1030] loss = 0.352043
[e098 s1000/1030] loss = 0.345785
Epoch 098: train_loss = 0.348094  MAE/GAME0 = 12.826  RMSE = 35.991  GAME1 = 15.099  GAME2 = 17.266  GAME3 = 18.756  lr = 4.69e-05  time = 16.6s
[e099 s0001/1030] loss = 0.247902
[e099 s0050/1030] loss = 0.307852
[e099 s0100/1030] loss = 0.280888
[e099 s0150/1030] loss = 0.256224
[e099 s0200/1030] loss = 0.250775
[e099 s0250/1030] loss = 0.235032
[e099 s0300/1030] loss = 0.251290
[e099 s0350/1030] loss = 0.254160
[e099 s0400/1030] loss = 0.252869
[e099 s0450/1030] loss = 0.260097
[e099 s0500/1030] loss = 0.254861
[e099 s0550/1030] loss = 0.259060
[e099 s0600/1030] loss = 0.269672
[e099 s0650/1030] loss = 0.262319
[e099 s0700/1030] loss = 0.258278
[e099 s0750/1030] loss = 0.258440
[e099 s0800/1030] loss = 0.252536
[e099 s0850/1030] loss = 0.250597
[e099 s0900/1030] loss = 0.248853
[e099 s0950/1030] loss = 0.254826
[e099 s1000/1030] loss = 0.264496
Epoch 099: train_loss = 0.346284  MAE/GAME0 = 14.124  RMSE = 36.997  GAME1 = 15.781  GAME2 = 17.335  GAME3 = 18.507  lr = 4.68e-05  time = 16.5s
[e100 s0001/1030] loss = 0.078079
[e100 s0050/1030] loss = 0.264957
[e100 s0100/1030] loss = 0.307842
[e100 s0150/1030] loss = 0.282067
[e100 s0200/1030] loss = 0.275114
[e100 s0250/1030] loss = 0.254321
[e100 s0300/1030] loss = 0.247410
[e100 s0350/1030] loss = 0.247979
[e100 s0400/1030] loss = 0.251729
[e100 s0450/1030] loss = 0.265759
[e100 s0500/1030] loss = 0.260931
[e100 s0550/1030] loss = 0.257619
[e100 s0600/1030] loss = 0.253509
[e100 s0650/1030] loss = 0.257220
[e100 s0700/1030] loss = 0.255441
[e100 s0750/1030] loss = 0.255272
[e100 s0800/1030] loss = 0.365810
[e100 s0850/1030] loss = 0.361154
[e100 s0900/1030] loss = 0.356229
[e100 s0950/1030] loss = 0.352173
[e100 s1000/1030] loss = 0.344756
Epoch 100: train_loss = 0.340247  MAE/GAME0 = 15.956  RMSE = 37.964  GAME1 = 17.376  GAME2 = 18.602  GAME3 = 19.428  lr = 4.67e-05  time = 16.9s
[e101 s0001/1030] loss = 0.218049
[e101 s0050/1030] loss = 0.194774
[e101 s0100/1030] loss = 0.218190
[e101 s0150/1030] loss = 0.193510
[e101 s0200/1030] loss = 0.209257
[e101 s0250/1030] loss = 0.235786
[e101 s0300/1030] loss = 0.251312
[e101 s0350/1030] loss = 0.253999
[e101 s0400/1030] loss = 0.459347
[e101 s0450/1030] loss = 0.432235
[e101 s0500/1030] loss = 0.408335
[e101 s0550/1030] loss = 0.396938
[e101 s0600/1030] loss = 0.379641
[e101 s0650/1030] loss = 0.367986
[e101 s0700/1030] loss = 0.365924
[e101 s0750/1030] loss = 0.353742
[e101 s0800/1030] loss = 0.352605
[e101 s0850/1030] loss = 0.342438
[e101 s0900/1030] loss = 0.336694
[e101 s0950/1030] loss = 0.337402
[e101 s1000/1030] loss = 0.332396
Epoch 101: train_loss = 0.335139  MAE/GAME0 = 20.898  RMSE = 40.876  GAME1 = 21.275  GAME2 = 21.636  GAME3 = 21.822  lr = 4.65e-05  time = 16.3s
[e102 s0001/1030] loss = 0.177490
[e102 s0050/1030] loss = 0.289858
[e102 s0100/1030] loss = 0.288011
[e102 s0150/1030] loss = 0.265725
[e102 s0200/1030] loss = 0.265419
[e102 s0250/1030] loss = 0.257366
[e102 s0300/1030] loss = 0.248661
[e102 s0350/1030] loss = 0.235752
[e102 s0400/1030] loss = 0.441714
[e102 s0450/1030] loss = 0.412853
[e102 s0500/1030] loss = 0.397060
[e102 s0550/1030] loss = 0.381420
[e102 s0600/1030] loss = 0.372504
[e102 s0650/1030] loss = 0.360871
[e102 s0700/1030] loss = 0.353654
[e102 s0750/1030] loss = 0.344399
[e102 s0800/1030] loss = 0.339652
[e102 s0850/1030] loss = 0.345355
[e102 s0900/1030] loss = 0.343969
[e102 s0950/1030] loss = 0.340728
[e102 s1000/1030] loss = 0.336925
Epoch 102: train_loss = 0.331630  MAE/GAME0 = 13.207  RMSE = 36.289  GAME1 = 15.100  GAME2 = 17.061  GAME3 = 18.480  lr = 4.64e-05  time = 16.4s
[e103 s0001/1030] loss = 0.060621
[e103 s0050/1030] loss = 0.386407
[e103 s0100/1030] loss = 0.345216
[e103 s0150/1030] loss = 0.324410
[e103 s0200/1030] loss = 0.322798
[e103 s0250/1030] loss = 0.687304
[e103 s0300/1030] loss = 0.610729
[e103 s0350/1030] loss = 0.578167
[e103 s0400/1030] loss = 0.537334
[e103 s0450/1030] loss = 0.508226
[e103 s0500/1030] loss = 0.481967
[e103 s0550/1030] loss = 0.453810
[e103 s0600/1030] loss = 0.438127
[e103 s0650/1030] loss = 0.424762
[e103 s0700/1030] loss = 0.411420
[e103 s0750/1030] loss = 0.404576
[e103 s0800/1030] loss = 0.394346
[e103 s0850/1030] loss = 0.380300
[e103 s0900/1030] loss = 0.369867
[e103 s0950/1030] loss = 0.362834
[e103 s1000/1030] loss = 0.360494
Epoch 103: train_loss = 0.355120  MAE/GAME0 = 15.750  RMSE = 37.831  GAME1 = 17.259  GAME2 = 18.554  GAME3 = 19.399  lr = 4.63e-05  time = 16.9s
[e104 s0001/1030] loss = 0.105905
[e104 s0050/1030] loss = 1.912562
[e104 s0100/1030] loss = 1.102866
[e104 s0150/1030] loss = 0.840502
[e104 s0200/1030] loss = 0.685685
[e104 s0250/1030] loss = 0.605014
[e104 s0300/1030] loss = 0.533610
[e104 s0350/1030] loss = 0.497925
[e104 s0400/1030] loss = 0.464700
[e104 s0450/1030] loss = 0.446904
[e104 s0500/1030] loss = 0.419208
[e104 s0550/1030] loss = 0.401048
[e104 s0600/1030] loss = 0.387142
[e104 s0650/1030] loss = 0.375204
[e104 s0700/1030] loss = 0.370382
[e104 s0750/1030] loss = 0.359189
[e104 s0800/1030] loss = 0.354447
[e104 s0850/1030] loss = 0.343293
[e104 s0900/1030] loss = 0.341281
[e104 s0950/1030] loss = 0.338124
[e104 s1000/1030] loss = 0.331140
Epoch 104: train_loss = 0.326008  MAE/GAME0 = 16.453  RMSE = 38.243  GAME1 = 17.651  GAME2 = 18.771  GAME3 = 19.491  lr = 4.62e-05  time = 16.5s
[e105 s0001/1030] loss = 0.308103
[e105 s0050/1030] loss = 0.231403
[e105 s0100/1030] loss = 0.202562
[e105 s0150/1030] loss = 0.181764
[e105 s0200/1030] loss = 0.216764
[e105 s0250/1030] loss = 0.222585
[e105 s0300/1030] loss = 0.498926
[e105 s0350/1030] loss = 0.452571
[e105 s0400/1030] loss = 0.434755
[e105 s0450/1030] loss = 0.414710
[e105 s0500/1030] loss = 0.387928
[e105 s0550/1030] loss = 0.373928
[e105 s0600/1030] loss = 0.380080
[e105 s0650/1030] loss = 0.373554
[e105 s0700/1030] loss = 0.361757
[e105 s0750/1030] loss = 0.358330
[e105 s0800/1030] loss = 0.360535
[e105 s0850/1030] loss = 0.352728
[e105 s0900/1030] loss = 0.349088
[e105 s0950/1030] loss = 0.342613
[e105 s1000/1030] loss = 0.338159
Epoch 105: train_loss = 0.334588  MAE/GAME0 = 13.372  RMSE = 36.334  GAME1 = 15.520  GAME2 = 17.715  GAME3 = 19.141  lr = 4.61e-05  time = 16.6s
[e106 s0001/1030] loss = 0.230908
[e106 s0050/1030] loss = 0.223032
[e106 s0100/1030] loss = 0.199786
[e106 s0150/1030] loss = 0.207682
[e106 s0200/1030] loss = 0.232796
[e106 s0250/1030] loss = 0.245016
[e106 s0300/1030] loss = 0.237610
[e106 s0350/1030] loss = 0.242647
[e106 s0400/1030] loss = 0.237699
[e106 s0450/1030] loss = 0.240870
[e106 s0500/1030] loss = 0.405590
[e106 s0550/1030] loss = 0.387841
[e106 s0600/1030] loss = 0.378768
[e106 s0650/1030] loss = 0.365646
[e106 s0700/1030] loss = 0.363399
[e106 s0750/1030] loss = 0.356109
[e106 s0800/1030] loss = 0.352043
[e106 s0850/1030] loss = 0.354005
[e106 s0900/1030] loss = 0.347169
[e106 s0950/1030] loss = 0.338117
[e106 s1000/1030] loss = 0.333432
Epoch 106: train_loss = 0.332144  MAE/GAME0 = 14.129  RMSE = 36.885  GAME1 = 16.060  GAME2 = 17.727  GAME3 = 18.919  lr = 4.60e-05  time = 16.6s
[e107 s0001/1030] loss = 0.107973
[e107 s0050/1030] loss = 0.305642
[e107 s0100/1030] loss = 0.304261
[e107 s0150/1030] loss = 0.272364
[e107 s0200/1030] loss = 0.255585
[e107 s0250/1030] loss = 0.561976
[e107 s0300/1030] loss = 0.518559
[e107 s0350/1030] loss = 0.481179
[e107 s0400/1030] loss = 0.442676
[e107 s0450/1030] loss = 0.420705
[e107 s0500/1030] loss = 0.411585
[e107 s0550/1030] loss = 0.392220
[e107 s0600/1030] loss = 0.371406
[e107 s0650/1030] loss = 0.359698
[e107 s0700/1030] loss = 0.353858
[e107 s0750/1030] loss = 0.350448
[e107 s0800/1030] loss = 0.342643
[e107 s0850/1030] loss = 0.340237
[e107 s0900/1030] loss = 0.344275
[e107 s0950/1030] loss = 0.338317
[e107 s1000/1030] loss = 0.331789
Epoch 107: train_loss = 0.329110  MAE/GAME0 = 13.735  RMSE = 35.825  GAME1 = 15.987  GAME2 = 18.315  GAME3 = 19.889  lr = 4.59e-05  time = 16.6s
[e108 s0001/1030] loss = 0.311887
[e108 s0050/1030] loss = 0.168529
[e108 s0100/1030] loss = 0.168925
[e108 s0150/1030] loss = 0.190120
[e108 s0200/1030] loss = 0.199866
[e108 s0250/1030] loss = 0.211612
[e108 s0300/1030] loss = 0.214754
[e108 s0350/1030] loss = 0.216617
[e108 s0400/1030] loss = 0.224178
[e108 s0450/1030] loss = 0.421769
[e108 s0500/1030] loss = 0.402194
[e108 s0550/1030] loss = 0.381715
[e108 s0600/1030] loss = 0.379787
[e108 s0650/1030] loss = 0.367124
[e108 s0700/1030] loss = 0.360818
[e108 s0750/1030] loss = 0.349517
[e108 s0800/1030] loss = 0.346632
[e108 s0850/1030] loss = 0.341879
[e108 s0900/1030] loss = 0.335392
[e108 s0950/1030] loss = 0.340070
[e108 s1000/1030] loss = 0.332814
Epoch 108: train_loss = 0.331131  MAE/GAME0 = 14.066  RMSE = 36.710  GAME1 = 15.789  GAME2 = 17.413  GAME3 = 18.594  lr = 4.57e-05  time = 16.6s
[e109 s0001/1030] loss = 0.185861
[e109 s0050/1030] loss = 0.320598
[e109 s0100/1030] loss = 0.269882
[e109 s0150/1030] loss = 0.328076
[e109 s0200/1030] loss = 0.750339
[e109 s0250/1030] loss = 0.647305
[e109 s0300/1030] loss = 0.570265
[e109 s0350/1030] loss = 0.518444
[e109 s0400/1030] loss = 0.481917
[e109 s0450/1030] loss = 0.456855
[e109 s0500/1030] loss = 0.431450
[e109 s0550/1030] loss = 0.415246
[e109 s0600/1030] loss = 0.400525
[e109 s0650/1030] loss = 0.390933
[e109 s0700/1030] loss = 0.378626
[e109 s0750/1030] loss = 0.374165
[e109 s0800/1030] loss = 0.366886
[e109 s0850/1030] loss = 0.360280
[e109 s0900/1030] loss = 0.351951
[e109 s0950/1030] loss = 0.347143
[e109 s1000/1030] loss = 0.342724
Epoch 109: train_loss = 0.336689  MAE/GAME0 = 17.505  RMSE = 38.828  GAME1 = 18.350  GAME2 = 19.146  GAME3 = 19.693  lr = 4.56e-05  time = 16.6s
[e110 s0001/1030] loss = 0.083898
[e110 s0050/1030] loss = 0.169932
[e110 s0100/1030] loss = 0.172859
[e110 s0150/1030] loss = 0.172584
[e110 s0200/1030] loss = 0.179459
[e110 s0250/1030] loss = 0.213625
[e110 s0300/1030] loss = 0.237625
[e110 s0350/1030] loss = 0.233205
[e110 s0400/1030] loss = 0.226017
[e110 s0450/1030] loss = 0.233712
[e110 s0500/1030] loss = 0.407500
[e110 s0550/1030] loss = 0.392373
[e110 s0600/1030] loss = 0.375502
[e110 s0650/1030] loss = 0.358226
[e110 s0700/1030] loss = 0.350112
[e110 s0750/1030] loss = 0.342258
[e110 s0800/1030] loss = 0.344631
[e110 s0850/1030] loss = 0.333403
[e110 s0900/1030] loss = 0.329912
[e110 s0950/1030] loss = 0.331647
[e110 s1000/1030] loss = 0.326025
Epoch 110: train_loss = 0.323267  MAE/GAME0 = 13.467  RMSE = 35.045  GAME1 = 15.519  GAME2 = 17.556  GAME3 = 19.148  lr = 4.55e-05  time = 16.4s
[e111 s0001/1030] loss = 0.072944
[e111 s0050/1030] loss = 2.067721
[e111 s0100/1030] loss = 1.105317
[e111 s0150/1030] loss = 0.824054
[e111 s0200/1030] loss = 0.652847
[e111 s0250/1030] loss = 0.572588
[e111 s0300/1030] loss = 0.511608
[e111 s0350/1030] loss = 0.479238
[e111 s0400/1030] loss = 0.451331
[e111 s0450/1030] loss = 0.426062
[e111 s0500/1030] loss = 0.399135
[e111 s0550/1030] loss = 0.381965
[e111 s0600/1030] loss = 0.372261
[e111 s0650/1030] loss = 0.358982
[e111 s0700/1030] loss = 0.347335
[e111 s0750/1030] loss = 0.334321
[e111 s0800/1030] loss = 0.327313
[e111 s0850/1030] loss = 0.323549
[e111 s0900/1030] loss = 0.320591
[e111 s0950/1030] loss = 0.318297
[e111 s1000/1030] loss = 0.313754
Epoch 111: train_loss = 0.311724  MAE/GAME0 = 13.966  RMSE = 36.576  GAME1 = 16.046  GAME2 = 17.847  GAME3 = 19.093  lr = 4.54e-05  time = 16.6s
[e112 s0001/1030] loss = 0.222011
[e112 s0050/1030] loss = 0.212357
[e112 s0100/1030] loss = 0.214790
[e112 s0150/1030] loss = 0.209023
[e112 s0200/1030] loss = 0.686702
[e112 s0250/1030] loss = 0.581163
[e112 s0300/1030] loss = 0.511222
[e112 s0350/1030] loss = 0.466405
[e112 s0400/1030] loss = 0.435558
[e112 s0450/1030] loss = 0.415426
[e112 s0500/1030] loss = 0.401984
[e112 s0550/1030] loss = 0.388921
[e112 s0600/1030] loss = 0.384817
[e112 s0650/1030] loss = 0.376773
[e112 s0700/1030] loss = 0.374558
[e112 s0750/1030] loss = 0.377387
[e112 s0800/1030] loss = 0.380024
[e112 s0850/1030] loss = 0.372214
[e112 s0900/1030] loss = 0.360565
[e112 s0950/1030] loss = 0.350416
[e112 s1000/1030] loss = 0.342060
Epoch 112: train_loss = 0.335588  MAE/GAME0 = 13.367  RMSE = 36.166  GAME1 = 15.637  GAME2 = 17.602  GAME3 = 18.956  lr = 4.52e-05  time = 16.5s
[e113 s0001/1030] loss = 0.024097
[e113 s0050/1030] loss = 0.188261
[e113 s0100/1030] loss = 0.176796
[e113 s0150/1030] loss = 0.177132
[e113 s0200/1030] loss = 0.184723
[e113 s0250/1030] loss = 0.188912
[e113 s0300/1030] loss = 0.213466
[e113 s0350/1030] loss = 0.207886
[e113 s0400/1030] loss = 0.211354
[e113 s0450/1030] loss = 0.213474
[e113 s0500/1030] loss = 0.216961
[e113 s0550/1030] loss = 0.225627
[e113 s0600/1030] loss = 0.221342
[e113 s0650/1030] loss = 0.223101
[e113 s0700/1030] loss = 0.219558
[e113 s0750/1030] loss = 0.225321
[e113 s0800/1030] loss = 0.228052
[e113 s0850/1030] loss = 0.225770
[e113 s0900/1030] loss = 0.240732
[e113 s0950/1030] loss = 0.245704
[e113 s1000/1030] loss = 0.243837
Epoch 113: train_loss = 0.323717  MAE/GAME0 = 15.704  RMSE = 37.942  GAME1 = 17.014  GAME2 = 18.159  GAME3 = 19.019  lr = 4.51e-05  time = 16.7s
[e114 s0001/1030] loss = 0.393104
[e114 s0050/1030] loss = 0.337068
[e114 s0100/1030] loss = 0.275478
[e114 s0150/1030] loss = 0.241754
[e114 s0200/1030] loss = 0.228115
[e114 s0250/1030] loss = 0.214470
[e114 s0300/1030] loss = 0.214975
[e114 s0350/1030] loss = 0.216934
[e114 s0400/1030] loss = 0.223220
[e114 s0450/1030] loss = 0.227698
[e114 s0500/1030] loss = 0.236252
[e114 s0550/1030] loss = 0.228339
[e114 s0600/1030] loss = 0.233699
[e114 s0650/1030] loss = 0.232919
[e114 s0700/1030] loss = 0.236186
[e114 s0750/1030] loss = 0.242763
[e114 s0800/1030] loss = 0.247734
[e114 s0850/1030] loss = 0.242248
[e114 s0900/1030] loss = 0.336318
[e114 s0950/1030] loss = 0.331263
[e114 s1000/1030] loss = 0.323300
Epoch 114: train_loss = 0.322359  MAE/GAME0 = 16.267  RMSE = 37.592  GAME1 = 17.646  GAME2 = 18.844  GAME3 = 19.801  lr = 4.50e-05  time = 16.4s
[e115 s0001/1030] loss = 0.049251
[e115 s0050/1030] loss = 0.285228
[e115 s0100/1030] loss = 0.223305
[e115 s0150/1030] loss = 0.238629
[e115 s0200/1030] loss = 0.264514
[e115 s0250/1030] loss = 0.261487
[e115 s0300/1030] loss = 0.270104
[e115 s0350/1030] loss = 0.258393
[e115 s0400/1030] loss = 0.472146
[e115 s0450/1030] loss = 0.448981
[e115 s0500/1030] loss = 0.420086
[e115 s0550/1030] loss = 0.412382
[e115 s0600/1030] loss = 0.398277
[e115 s0650/1030] loss = 0.381697
[e115 s0700/1030] loss = 0.370288
[e115 s0750/1030] loss = 0.360458
[e115 s0800/1030] loss = 0.348928
[e115 s0850/1030] loss = 0.348641
[e115 s0900/1030] loss = 0.340573
[e115 s0950/1030] loss = 0.338411
[e115 s1000/1030] loss = 0.331165
Epoch 115: train_loss = 0.325746  MAE/GAME0 = 13.175  RMSE = 35.639  GAME1 = 15.349  GAME2 = 17.501  GAME3 = 19.015  lr = 4.48e-05  time = 16.6s
[e116 s0001/1030] loss = 2.890791
[e116 s0050/1030] loss = 0.280561
[e116 s0100/1030] loss = 0.234627
[e116 s0150/1030] loss = 0.242905
[e116 s0200/1030] loss = 0.233493
[e116 s0250/1030] loss = 0.234285
[e116 s0300/1030] loss = 0.229536
[e116 s0350/1030] loss = 0.223092
[e116 s0400/1030] loss = 0.217620
[e116 s0450/1030] loss = 0.229182
[e116 s0500/1030] loss = 0.228263
[e116 s0550/1030] loss = 0.385591
[e116 s0600/1030] loss = 0.374245
[e116 s0650/1030] loss = 0.360077
[e116 s0700/1030] loss = 0.348641
[e116 s0750/1030] loss = 0.337191
[e116 s0800/1030] loss = 0.332665
[e116 s0850/1030] loss = 0.339586
[e116 s0900/1030] loss = 0.333841
[e116 s0950/1030] loss = 0.326935
[e116 s1000/1030] loss = 0.321887
Epoch 116: train_loss = 0.320732  MAE/GAME0 = 15.806  RMSE = 37.533  GAME1 = 17.146  GAME2 = 18.420  GAME3 = 19.251  lr = 4.47e-05  time = 16.4s
[e117 s0001/1030] loss = 0.069719
[e117 s0050/1030] loss = 0.182025
[e117 s0100/1030] loss = 0.204303
[e117 s0150/1030] loss = 0.211699
[e117 s0200/1030] loss = 0.196230
[e117 s0250/1030] loss = 0.218432
[e117 s0300/1030] loss = 0.229746
[e117 s0350/1030] loss = 0.229009
[e117 s0400/1030] loss = 0.221991
[e117 s0450/1030] loss = 0.220634
[e117 s0500/1030] loss = 0.223678
[e117 s0550/1030] loss = 0.216998
[e117 s0600/1030] loss = 0.229255
[e117 s0650/1030] loss = 0.225721
[e117 s0700/1030] loss = 0.230173
[e117 s0750/1030] loss = 0.363359
[e117 s0800/1030] loss = 0.354697
[e117 s0850/1030] loss = 0.347363
[e117 s0900/1030] loss = 0.342364
[e117 s0950/1030] loss = 0.337535
[e117 s1000/1030] loss = 0.335280
Epoch 117: train_loss = 0.332247  MAE/GAME0 = 13.794  RMSE = 36.585  GAME1 = 15.637  GAME2 = 17.275  GAME3 = 18.579  lr = 4.46e-05  time = 16.5s
[e118 s0001/1030] loss = 0.013487
[e118 s0050/1030] loss = 0.164071
[e118 s0100/1030] loss = 0.208855
[e118 s0150/1030] loss = 0.237714
[e118 s0200/1030] loss = 0.258078
[e118 s0250/1030] loss = 0.236648
[e118 s0300/1030] loss = 0.241733
[e118 s0350/1030] loss = 0.239855
[e118 s0400/1030] loss = 0.227441
[e118 s0450/1030] loss = 0.231898
[e118 s0500/1030] loss = 0.226552
[e118 s0550/1030] loss = 0.374823
[e118 s0600/1030] loss = 0.358202
[e118 s0650/1030] loss = 0.354777
[e118 s0700/1030] loss = 0.348752
[e118 s0750/1030] loss = 0.344072
[e118 s0800/1030] loss = 0.341142
[e118 s0850/1030] loss = 0.331910
[e118 s0900/1030] loss = 0.324724
[e118 s0950/1030] loss = 0.320116
[e118 s1000/1030] loss = 0.315492
Epoch 118: train_loss = 0.313524  MAE/GAME0 = 14.126  RMSE = 36.296  GAME1 = 16.057  GAME2 = 17.827  GAME3 = 19.083  lr = 4.44e-05  time = 16.7s
[e119 s0001/1030] loss = 0.052189
[e119 s0050/1030] loss = 0.228025
[e119 s0100/1030] loss = 0.198006
[e119 s0150/1030] loss = 0.221031
[e119 s0200/1030] loss = 0.258923
[e119 s0250/1030] loss = 0.266359
[e119 s0300/1030] loss = 0.266117
[e119 s0350/1030] loss = 0.258494
[e119 s0400/1030] loss = 0.253376
[e119 s0450/1030] loss = 0.254919
[e119 s0500/1030] loss = 0.263765
[e119 s0550/1030] loss = 0.259248
[e119 s0600/1030] loss = 0.400726
[e119 s0650/1030] loss = 0.383942
[e119 s0700/1030] loss = 0.373783
[e119 s0750/1030] loss = 0.360312
[e119 s0800/1030] loss = 0.348620
[e119 s0850/1030] loss = 0.344868
[e119 s0900/1030] loss = 0.337608
[e119 s0950/1030] loss = 0.331527
[e119 s1000/1030] loss = 0.328120
Epoch 119: train_loss = 0.325488  MAE/GAME0 = 13.789  RMSE = 36.858  GAME1 = 15.605  GAME2 = 17.294  GAME3 = 18.573  lr = 4.43e-05  time = 16.5s
[e120 s0001/1030] loss = 0.078764
[e120 s0050/1030] loss = 0.160974
[e120 s0100/1030] loss = 0.179457
[e120 s0150/1030] loss = 0.179623
[e120 s0200/1030] loss = 0.190573
[e120 s0250/1030] loss = 0.556504
[e120 s0300/1030] loss = 0.515872
[e120 s0350/1030] loss = 0.482937
[e120 s0400/1030] loss = 0.447125
[e120 s0450/1030] loss = 0.415321
[e120 s0500/1030] loss = 0.394110
[e120 s0550/1030] loss = 0.385679
[e120 s0600/1030] loss = 0.376186
[e120 s0650/1030] loss = 0.366979
[e120 s0700/1030] loss = 0.360821
[e120 s0750/1030] loss = 0.347854
[e120 s0800/1030] loss = 0.343442
[e120 s0850/1030] loss = 0.343583
[e120 s0900/1030] loss = 0.341163
[e120 s0950/1030] loss = 0.333814
[e120 s1000/1030] loss = 0.327741
Epoch 120: train_loss = 0.325435  MAE/GAME0 = 14.192  RMSE = 36.756  GAME1 = 15.840  GAME2 = 17.458  GAME3 = 18.593  lr = 4.42e-05  time = 16.5s
[e121 s0001/1030] loss = 0.019529
[e121 s0050/1030] loss = 0.319085
[e121 s0100/1030] loss = 0.309407
[e121 s0150/1030] loss = 0.262555
[e121 s0200/1030] loss = 0.240552
[e121 s0250/1030] loss = 0.225565
[e121 s0300/1030] loss = 0.218781
[e121 s0350/1030] loss = 0.213128
[e121 s0400/1030] loss = 0.213330
[e121 s0450/1030] loss = 0.415292
[e121 s0500/1030] loss = 0.401179
[e121 s0550/1030] loss = 0.392716
[e121 s0600/1030] loss = 0.382903
[e121 s0650/1030] loss = 0.380456
[e121 s0700/1030] loss = 0.369609
[e121 s0750/1030] loss = 0.357583
[e121 s0800/1030] loss = 0.352216
[e121 s0850/1030] loss = 0.344670
[e121 s0900/1030] loss = 0.334138
[e121 s0950/1030] loss = 0.329198
[e121 s1000/1030] loss = 0.322800
Epoch 121: train_loss = 0.316641  MAE/GAME0 = 13.364  RMSE = 33.551  GAME1 = 15.779  GAME2 = 17.916  GAME3 = 19.551  lr = 4.40e-05  time = 16.3s
[e122 s0001/1030] loss = 0.081254
[e122 s0050/1030] loss = 0.187109
[e122 s0100/1030] loss = 0.209485
[e122 s0150/1030] loss = 0.211223
[e122 s0200/1030] loss = 0.213219
[e122 s0250/1030] loss = 0.204441
[e122 s0300/1030] loss = 0.201789
[e122 s0350/1030] loss = 0.212348
[e122 s0400/1030] loss = 0.217166
[e122 s0450/1030] loss = 0.217446
[e122 s0500/1030] loss = 0.218907
[e122 s0550/1030] loss = 0.236352
[e122 s0600/1030] loss = 0.236093
[e122 s0650/1030] loss = 0.234846
[e122 s0700/1030] loss = 0.230540
[e122 s0750/1030] loss = 0.228639
[e122 s0800/1030] loss = 0.229142
[e122 s0850/1030] loss = 0.225374
[e122 s0900/1030] loss = 0.330656
[e122 s0950/1030] loss = 0.321503
[e122 s1000/1030] loss = 0.320808
Epoch 122: train_loss = 0.316562  MAE/GAME0 = 13.470  RMSE = 36.371  GAME1 = 15.467  GAME2 = 17.356  GAME3 = 18.686  lr = 4.39e-05  time = 16.6s
[e123 s0001/1030] loss = 0.045277
[e123 s0050/1030] loss = 0.143417
[e123 s0100/1030] loss = 0.172129
[e123 s0150/1030] loss = 0.198648
[e123 s0200/1030] loss = 0.205855
[e123 s0250/1030] loss = 0.203934
[e123 s0300/1030] loss = 0.208991
[e123 s0350/1030] loss = 0.451730
[e123 s0400/1030] loss = 0.433667
[e123 s0450/1030] loss = 0.414407
[e123 s0500/1030] loss = 0.386881
[e123 s0550/1030] loss = 0.379951
[e123 s0600/1030] loss = 0.377870
[e123 s0650/1030] loss = 0.366130
[e123 s0700/1030] loss = 0.352844
[e123 s0750/1030] loss = 0.339836
[e123 s0800/1030] loss = 0.334833
[e123 s0850/1030] loss = 0.326271
[e123 s0900/1030] loss = 0.319289
[e123 s0950/1030] loss = 0.317609
[e123 s1000/1030] loss = 0.311123
Epoch 123: train_loss = 0.306987  MAE/GAME0 = 17.074  RMSE = 38.674  GAME1 = 18.027  GAME2 = 18.971  GAME3 = 19.647  lr = 4.37e-05  time = 16.4s
[e124 s0001/1030] loss = 0.078101
[e124 s0050/1030] loss = 0.180662
[e124 s0100/1030] loss = 0.177110
[e124 s0150/1030] loss = 0.231097
[e124 s0200/1030] loss = 0.227802
[e124 s0250/1030] loss = 0.238145
[e124 s0300/1030] loss = 0.235777
[e124 s0350/1030] loss = 0.232572
[e124 s0400/1030] loss = 0.235373
[e124 s0450/1030] loss = 0.236058
[e124 s0500/1030] loss = 0.238346
[e124 s0550/1030] loss = 0.238336
[e124 s0600/1030] loss = 0.244121
[e124 s0650/1030] loss = 0.243512
[e124 s0700/1030] loss = 0.238527
[e124 s0750/1030] loss = 0.243639
[e124 s0800/1030] loss = 0.239750
[e124 s0850/1030] loss = 0.234474
[e124 s0900/1030] loss = 0.338277
[e124 s0950/1030] loss = 0.331042
[e124 s1000/1030] loss = 0.322213
Epoch 124: train_loss = 0.322800  MAE/GAME0 = 14.591  RMSE = 36.854  GAME1 = 16.458  GAME2 = 18.059  GAME3 = 19.247  lr = 4.36e-05  time = 16.7s
[e125 s0001/1030] loss = 0.087182
[e125 s0050/1030] loss = 0.252482
[e125 s0100/1030] loss = 0.223635
[e125 s0150/1030] loss = 0.231143
[e125 s0200/1030] loss = 0.239715
[e125 s0250/1030] loss = 0.235353
[e125 s0300/1030] loss = 0.240355
[e125 s0350/1030] loss = 0.250486
[e125 s0400/1030] loss = 0.235628
[e125 s0450/1030] loss = 0.228032
[e125 s0500/1030] loss = 0.223824
[e125 s0550/1030] loss = 0.220071
[e125 s0600/1030] loss = 0.218568
[e125 s0650/1030] loss = 0.217738
[e125 s0700/1030] loss = 0.220590
[e125 s0750/1030] loss = 0.223577
[e125 s0800/1030] loss = 0.222944
[e125 s0850/1030] loss = 0.217641
[e125 s0900/1030] loss = 0.217022
[e125 s0950/1030] loss = 0.214582
[e125 s1000/1030] loss = 0.309303
Epoch 125: train_loss = 0.306888  MAE/GAME0 = 13.416  RMSE = 35.439  GAME1 = 15.706  GAME2 = 17.932  GAME3 = 19.542  lr = 4.34e-05  time = 16.5s
[e126 s0001/1030] loss = 0.027273
[e126 s0050/1030] loss = 0.215256
[e126 s0100/1030] loss = 0.193525
[e126 s0150/1030] loss = 0.755023
[e126 s0200/1030] loss = 0.611072
[e126 s0250/1030] loss = 0.551941
[e126 s0300/1030] loss = 0.494903
[e126 s0350/1030] loss = 0.453828
[e126 s0400/1030] loss = 0.433479
[e126 s0450/1030] loss = 0.408799
[e126 s0500/1030] loss = 0.393932
[e126 s0550/1030] loss = 0.383310
[e126 s0600/1030] loss = 0.366722
[e126 s0650/1030] loss = 0.352803
[e126 s0700/1030] loss = 0.343760
[e126 s0750/1030] loss = 0.330503
[e126 s0800/1030] loss = 0.324371
[e126 s0850/1030] loss = 0.319756
[e126 s0900/1030] loss = 0.315654
[e126 s0950/1030] loss = 0.308416
[e126 s1000/1030] loss = 0.304176
Epoch 126: train_loss = 0.301871  MAE/GAME0 = 14.162  RMSE = 36.522  GAME1 = 16.127  GAME2 = 17.905  GAME3 = 19.176  lr = 4.33e-05  time = 16.5s
[e127 s0001/1030] loss = 0.066806
[e127 s0050/1030] loss = 0.238818
[e127 s0100/1030] loss = 0.198581
[e127 s0150/1030] loss = 0.188857
[e127 s0200/1030] loss = 0.191544
[e127 s0250/1030] loss = 0.200423
[e127 s0300/1030] loss = 0.221588
[e127 s0350/1030] loss = 0.226016
[e127 s0400/1030] loss = 0.221910
[e127 s0450/1030] loss = 0.216885
[e127 s0500/1030] loss = 0.208171
[e127 s0550/1030] loss = 0.215391
[e127 s0600/1030] loss = 0.226876
[e127 s0650/1030] loss = 0.225925
[e127 s0700/1030] loss = 0.219142
[e127 s0750/1030] loss = 0.220777
[e127 s0800/1030] loss = 0.217452
[e127 s0850/1030] loss = 0.214549
[e127 s0900/1030] loss = 0.217342
[e127 s0950/1030] loss = 0.223923
[e127 s1000/1030] loss = 0.305062
Epoch 127: train_loss = 0.303644  MAE/GAME0 = 13.262  RMSE = 31.170  GAME1 = 16.196  GAME2 = 18.601  GAME3 = 20.379  lr = 4.31e-05  time = 16.6s
[e128 s0001/1030] loss = 0.597511
[e128 s0050/1030] loss = 0.221472
[e128 s0100/1030] loss = 0.225734
[e128 s0150/1030] loss = 0.263430
[e128 s0200/1030] loss = 0.237642
[e128 s0250/1030] loss = 0.228237
[e128 s0300/1030] loss = 0.227250
[e128 s0350/1030] loss = 0.224813
[e128 s0400/1030] loss = 0.222730
[e128 s0450/1030] loss = 0.223656
[e128 s0500/1030] loss = 0.223583
[e128 s0550/1030] loss = 0.214147
[e128 s0600/1030] loss = 0.217343
[e128 s0650/1030] loss = 0.214642
[e128 s0700/1030] loss = 0.215999
[e128 s0750/1030] loss = 0.215624
[e128 s0800/1030] loss = 0.216542
[e128 s0850/1030] loss = 0.214334
[e128 s0900/1030] loss = 0.312127
[e128 s0950/1030] loss = 0.308393
[e128 s1000/1030] loss = 0.306261
Epoch 128: train_loss = 0.304810  MAE/GAME0 = 18.332  RMSE = 39.091  GAME1 = 19.272  GAME2 = 20.045  GAME3 = 20.549  lr = 4.30e-05  time = 16.5s
[e129 s0001/1030] loss = 0.114724
[e129 s0050/1030] loss = 0.191133
[e129 s0100/1030] loss = 0.172628
[e129 s0150/1030] loss = 0.184397
[e129 s0200/1030] loss = 0.227104
[e129 s0250/1030] loss = 0.218674
[e129 s0300/1030] loss = 0.233994
[e129 s0350/1030] loss = 0.244270
[e129 s0400/1030] loss = 0.237282
[e129 s0450/1030] loss = 0.238604
[e129 s0500/1030] loss = 0.231478
[e129 s0550/1030] loss = 0.228625
[e129 s0600/1030] loss = 0.230105
[e129 s0650/1030] loss = 0.241015
[e129 s0700/1030] loss = 0.236900
[e129 s0750/1030] loss = 0.233999
[e129 s0800/1030] loss = 0.237945
[e129 s0850/1030] loss = 0.236060
[e129 s0900/1030] loss = 0.324445
[e129 s0950/1030] loss = 0.319249
[e129 s1000/1030] loss = 0.314048
Epoch 129: train_loss = 0.311811  MAE/GAME0 = 15.017  RMSE = 37.520  GAME1 = 16.386  GAME2 = 17.646  GAME3 = 18.621  lr = 4.28e-05  time = 16.5s
[e130 s0001/1030] loss = 0.446254
[e130 s0050/1030] loss = 0.197984
[e130 s0100/1030] loss = 0.206522
[e130 s0150/1030] loss = 0.209777
[e130 s0200/1030] loss = 0.219386
[e130 s0250/1030] loss = 0.213695
[e130 s0300/1030] loss = 0.201524
[e130 s0350/1030] loss = 0.200041
[e130 s0400/1030] loss = 0.206068
[e130 s0450/1030] loss = 0.207606
[e130 s0500/1030] loss = 0.225281
[e130 s0550/1030] loss = 0.217861
[e130 s0600/1030] loss = 0.219057
[e130 s0650/1030] loss = 0.215048
[e130 s0700/1030] loss = 0.211020
[e130 s0750/1030] loss = 0.216728
[e130 s0800/1030] loss = 0.216545
[e130 s0850/1030] loss = 0.215200
[e130 s0900/1030] loss = 0.308352
[e130 s0950/1030] loss = 0.309500
[e130 s1000/1030] loss = 0.303771
Epoch 130: train_loss = 0.300200  MAE/GAME0 = 17.577  RMSE = 38.910  GAME1 = 18.556  GAME2 = 19.485  GAME3 = 20.100  lr = 4.27e-05  time = 16.4s
[e131 s0001/1030] loss = 0.291113
[e131 s0050/1030] loss = 0.180321
[e131 s0100/1030] loss = 0.207947
[e131 s0150/1030] loss = 0.197334
[e131 s0200/1030] loss = 0.217288
[e131 s0250/1030] loss = 0.217277
[e131 s0300/1030] loss = 0.200996
[e131 s0350/1030] loss = 0.191661
[e131 s0400/1030] loss = 0.196641
[e131 s0450/1030] loss = 0.192713
[e131 s0500/1030] loss = 0.192543
[e131 s0550/1030] loss = 0.199721
[e131 s0600/1030] loss = 0.197369
[e131 s0650/1030] loss = 0.201997
[e131 s0700/1030] loss = 0.204151
[e131 s0750/1030] loss = 0.208786
[e131 s0800/1030] loss = 0.206526
[e131 s0850/1030] loss = 0.308135
[e131 s0900/1030] loss = 0.311227
[e131 s0950/1030] loss = 0.303829
[e131 s1000/1030] loss = 0.298821
Epoch 131: train_loss = 0.300610  MAE/GAME0 = 13.344  RMSE = 35.844  GAME1 = 15.384  GAME2 = 17.421  GAME3 = 18.976  lr = 4.25e-05  time = 16.6s
[e132 s0001/1030] loss = 0.999705
[e132 s0050/1030] loss = 0.262334
[e132 s0100/1030] loss = 0.241464
[e132 s0150/1030] loss = 0.230440
[e132 s0200/1030] loss = 0.244468
[e132 s0250/1030] loss = 0.237895
[e132 s0300/1030] loss = 0.233208
[e132 s0350/1030] loss = 0.220358
[e132 s0400/1030] loss = 0.226228
[e132 s0450/1030] loss = 0.223146
[e132 s0500/1030] loss = 0.225123
[e132 s0550/1030] loss = 0.221525
[e132 s0600/1030] loss = 0.221558
[e132 s0650/1030] loss = 0.221080
[e132 s0700/1030] loss = 0.217977
[e132 s0750/1030] loss = 0.217222
[e132 s0800/1030] loss = 0.223610
[e132 s0850/1030] loss = 0.224495
[e132 s0900/1030] loss = 0.221535
[e132 s0950/1030] loss = 0.219123
[e132 s1000/1030] loss = 0.310850
Epoch 132: train_loss = 0.308933  MAE/GAME0 = 16.589  RMSE = 38.470  GAME1 = 17.760  GAME2 = 18.854  GAME3 = 19.604  lr = 4.24e-05  time = 16.3s
[e133 s0001/1030] loss = 0.266990
[e133 s0050/1030] loss = 0.146619
[e133 s0100/1030] loss = 0.209167
[e133 s0150/1030] loss = 0.197596
[e133 s0200/1030] loss = 0.185405
[e133 s0250/1030] loss = 0.188486
[e133 s0300/1030] loss = 0.203951
[e133 s0350/1030] loss = 0.211054
[e133 s0400/1030] loss = 0.204649
[e133 s0450/1030] loss = 0.209479
[e133 s0500/1030] loss = 0.222514
[e133 s0550/1030] loss = 0.218112
[e133 s0600/1030] loss = 0.212920
[e133 s0650/1030] loss = 0.208186
[e133 s0700/1030] loss = 0.211119
[e133 s0750/1030] loss = 0.324265
[e133 s0800/1030] loss = 0.318301
[e133 s0850/1030] loss = 0.310133
[e133 s0900/1030] loss = 0.304674
[e133 s0950/1030] loss = 0.298811
[e133 s1000/1030] loss = 0.293667
Epoch 133: train_loss = 0.295507  MAE/GAME0 = 15.678  RMSE = 37.794  GAME1 = 16.981  GAME2 = 18.222  GAME3 = 19.090  lr = 4.22e-05  time = 16.4s
[e134 s0001/1030] loss = 0.053530
[e134 s0050/1030] loss = 0.162510
[e134 s0100/1030] loss = 0.192291
[e134 s0150/1030] loss = 0.194588
[e134 s0200/1030] loss = 0.184294
[e134 s0250/1030] loss = 0.512846
[e134 s0300/1030] loss = 0.455076
[e134 s0350/1030] loss = 0.422260
[e134 s0400/1030] loss = 0.399317
[e134 s0450/1030] loss = 0.388586
[e134 s0500/1030] loss = 0.374037
[e134 s0550/1030] loss = 0.358474
[e134 s0600/1030] loss = 0.340746
[e134 s0650/1030] loss = 0.326705
[e134 s0700/1030] loss = 0.314749
[e134 s0750/1030] loss = 0.303529
[e134 s0800/1030] loss = 0.295440
[e134 s0850/1030] loss = 0.292723
[e134 s0900/1030] loss = 0.288678
[e134 s0950/1030] loss = 0.287071
[e134 s1000/1030] loss = 0.284289
Epoch 134: train_loss = 0.282660  MAE/GAME0 = 13.320  RMSE = 27.583  GAME1 = 17.087  GAME2 = 19.081  GAME3 = 20.647  lr = 4.21e-05  time = 16.4s
[e135 s0001/1030] loss = 0.149114
[e135 s0050/1030] loss = 0.235325
[e135 s0100/1030] loss = 0.169220
[e135 s0150/1030] loss = 0.193598
[e135 s0200/1030] loss = 0.194932
[e135 s0250/1030] loss = 0.533029
[e135 s0300/1030] loss = 0.468939
[e135 s0350/1030] loss = 0.425551
[e135 s0400/1030] loss = 0.412627
[e135 s0450/1030] loss = 0.404980
[e135 s0500/1030] loss = 0.386221
[e135 s0550/1030] loss = 0.367590
[e135 s0600/1030] loss = 0.353275
[e135 s0650/1030] loss = 0.344254
[e135 s0700/1030] loss = 0.332642
[e135 s0750/1030] loss = 0.327650
[e135 s0800/1030] loss = 0.314658
[e135 s0850/1030] loss = 0.306299
[e135 s0900/1030] loss = 0.305708
[e135 s0950/1030] loss = 0.298687
[e135 s1000/1030] loss = 0.291774
Epoch 135: train_loss = 0.290628  MAE/GAME0 = 18.654  RMSE = 39.167  GAME1 = 19.442  GAME2 = 20.200  GAME3 = 20.637  lr = 4.19e-05  time = 16.4s
[e136 s0001/1030] loss = 0.374509
[e136 s0050/1030] loss = 0.251947
[e136 s0100/1030] loss = 0.230035
[e136 s0150/1030] loss = 0.274989
[e136 s0200/1030] loss = 0.275095
[e136 s0250/1030] loss = 0.266199
[e136 s0300/1030] loss = 0.253664
[e136 s0350/1030] loss = 0.257335
[e136 s0400/1030] loss = 0.242035
[e136 s0450/1030] loss = 0.236709
[e136 s0500/1030] loss = 0.412735
[e136 s0550/1030] loss = 0.390529
[e136 s0600/1030] loss = 0.371638
[e136 s0650/1030] loss = 0.365407
[e136 s0700/1030] loss = 0.353140
[e136 s0750/1030] loss = 0.343699
[e136 s0800/1030] loss = 0.333579
[e136 s0850/1030] loss = 0.327904
[e136 s0900/1030] loss = 0.319481
[e136 s0950/1030] loss = 0.313124
[e136 s1000/1030] loss = 0.309740
Epoch 136: train_loss = 0.306457  MAE/GAME0 = 15.582  RMSE = 37.834  GAME1 = 17.013  GAME2 = 18.378  GAME3 = 19.322  lr = 4.17e-05  time = 16.6s
[e137 s0001/1030] loss = 0.052533
[e137 s0050/1030] loss = 0.158950
[e137 s0100/1030] loss = 0.209622
[e137 s0150/1030] loss = 0.190021
[e137 s0200/1030] loss = 0.204132
[e137 s0250/1030] loss = 0.204898
[e137 s0300/1030] loss = 0.199852
[e137 s0350/1030] loss = 0.200932
[e137 s0400/1030] loss = 0.194844
[e137 s0450/1030] loss = 0.197326
[e137 s0500/1030] loss = 0.367041
[e137 s0550/1030] loss = 0.359263
[e137 s0600/1030] loss = 0.346380
[e137 s0650/1030] loss = 0.337966
[e137 s0700/1030] loss = 0.328087
[e137 s0750/1030] loss = 0.323714
[e137 s0800/1030] loss = 0.315086
[e137 s0850/1030] loss = 0.306222
[e137 s0900/1030] loss = 0.305167
[e137 s0950/1030] loss = 0.300849
[e137 s1000/1030] loss = 0.301187
Epoch 137: train_loss = 0.299022  MAE/GAME0 = 14.651  RMSE = 37.088  GAME1 = 16.044  GAME2 = 17.421  GAME3 = 18.505  lr = 4.16e-05  time = 16.3s
[e138 s0001/1030] loss = 0.172303
[e138 s0050/1030] loss = 0.212120
[e138 s0100/1030] loss = 0.195383
[e138 s0150/1030] loss = 0.197848
[e138 s0200/1030] loss = 0.192130
[e138 s0250/1030] loss = 0.203991
[e138 s0300/1030] loss = 0.209946
[e138 s0350/1030] loss = 0.205793
[e138 s0400/1030] loss = 0.198685
[e138 s0450/1030] loss = 0.204268
[e138 s0500/1030] loss = 0.200221
[e138 s0550/1030] loss = 0.196127
[e138 s0600/1030] loss = 0.208783
[e138 s0650/1030] loss = 0.210464
[e138 s0700/1030] loss = 0.208607
[e138 s0750/1030] loss = 0.212247
[e138 s0800/1030] loss = 0.208351
[e138 s0850/1030] loss = 0.206297
[e138 s0900/1030] loss = 0.301274
[e138 s0950/1030] loss = 0.293695
[e138 s1000/1030] loss = 0.285657
Epoch 138: train_loss = 0.280880  MAE/GAME0 = 15.875  RMSE = 37.646  GAME1 = 17.284  GAME2 = 18.568  GAME3 = 19.436  lr = 4.14e-05  time = 16.3s
[e139 s0001/1030] loss = 0.043619
[e139 s0050/1030] loss = 1.726411
[e139 s0100/1030] loss = 0.951004
[e139 s0150/1030] loss = 0.683755
[e139 s0200/1030] loss = 0.544007
[e139 s0250/1030] loss = 0.468644
[e139 s0300/1030] loss = 0.426534
[e139 s0350/1030] loss = 0.396164
[e139 s0400/1030] loss = 0.373099
[e139 s0450/1030] loss = 0.349100
[e139 s0500/1030] loss = 0.336450
[e139 s0550/1030] loss = 0.327988
[e139 s0600/1030] loss = 0.315123
[e139 s0650/1030] loss = 0.307701
[e139 s0700/1030] loss = 0.297061
[e139 s0750/1030] loss = 0.297186
[e139 s0800/1030] loss = 0.292781
[e139 s0850/1030] loss = 0.289398
[e139 s0900/1030] loss = 0.287624
[e139 s0950/1030] loss = 0.280862
[e139 s1000/1030] loss = 0.282668
Epoch 139: train_loss = 0.282948  MAE/GAME0 = 15.592  RMSE = 36.995  GAME1 = 17.165  GAME2 = 18.550  GAME3 = 19.581  lr = 4.12e-05  time = 16.7s
[e140 s0001/1030] loss = 0.165931
[e140 s0050/1030] loss = 0.311889
[e140 s0100/1030] loss = 0.226618
[e140 s0150/1030] loss = 0.220023
[e140 s0200/1030] loss = 0.235514
[e140 s0250/1030] loss = 0.218211
[e140 s0300/1030] loss = 0.210649
[e140 s0350/1030] loss = 0.205397
[e140 s0400/1030] loss = 0.214071
[e140 s0450/1030] loss = 0.207952
[e140 s0500/1030] loss = 0.206981
[e140 s0550/1030] loss = 0.201343
[e140 s0600/1030] loss = 0.198759
[e140 s0650/1030] loss = 0.194539
[e140 s0700/1030] loss = 0.193139
[e140 s0750/1030] loss = 0.193741
[e140 s0800/1030] loss = 0.308563
[e140 s0850/1030] loss = 0.306594
[e140 s0900/1030] loss = 0.299673
[e140 s0950/1030] loss = 0.294176
[e140 s1000/1030] loss = 0.287720
Epoch 140: train_loss = 0.289866  MAE/GAME0 = 15.778  RMSE = 37.295  GAME1 = 17.523  GAME2 = 19.002  GAME3 = 19.914  lr = 4.11e-05  time = 16.3s
[e141 s0001/1030] loss = 0.051434
[e141 s0050/1030] loss = 0.272777
[e141 s0100/1030] loss = 0.275105
[e141 s0150/1030] loss = 0.250365
[e141 s0200/1030] loss = 0.223478
[e141 s0250/1030] loss = 0.213558
[e141 s0300/1030] loss = 0.204751
[e141 s0350/1030] loss = 0.198755
[e141 s0400/1030] loss = 0.206050
[e141 s0450/1030] loss = 0.208134
[e141 s0500/1030] loss = 0.210280
[e141 s0550/1030] loss = 0.205797
[e141 s0600/1030] loss = 0.344663
[e141 s0650/1030] loss = 0.331514
[e141 s0700/1030] loss = 0.317656
[e141 s0750/1030] loss = 0.309588
[e141 s0800/1030] loss = 0.302781
[e141 s0850/1030] loss = 0.295659
[e141 s0900/1030] loss = 0.291984
[e141 s0950/1030] loss = 0.284728
[e141 s1000/1030] loss = 0.285441
Epoch 141: train_loss = 0.285176  MAE/GAME0 = 13.539  RMSE = 36.040  GAME1 = 15.943  GAME2 = 18.166  GAME3 = 19.786  lr = 4.09e-05  time = 16.5s
[e142 s0001/1030] loss = 0.038169
[e142 s0050/1030] loss = 0.245258
[e142 s0100/1030] loss = 0.298675
[e142 s0150/1030] loss = 0.259539
[e142 s0200/1030] loss = 0.672374
[e142 s0250/1030] loss = 0.578778
[e142 s0300/1030] loss = 0.528306
[e142 s0350/1030] loss = 0.478171
[e142 s0400/1030] loss = 0.441257
[e142 s0450/1030] loss = 0.414155
[e142 s0500/1030] loss = 0.391905
[e142 s0550/1030] loss = 0.377911
[e142 s0600/1030] loss = 0.363883
[e142 s0650/1030] loss = 0.345852
[e142 s0700/1030] loss = 0.340564
[e142 s0750/1030] loss = 0.330832
[e142 s0800/1030] loss = 0.323757
[e142 s0850/1030] loss = 0.313189
[e142 s0900/1030] loss = 0.308271
[e142 s0950/1030] loss = 0.301967
[e142 s1000/1030] loss = 0.298462
Epoch 142: train_loss = 0.292324  MAE/GAME0 = 13.580  RMSE = 35.687  GAME1 = 15.798  GAME2 = 17.906  GAME3 = 19.352  lr = 4.07e-05  time = 16.8s
[e143 s0001/1030] loss = 0.153330
[e143 s0050/1030] loss = 0.113658
[e143 s0100/1030] loss = 0.203910
[e143 s0150/1030] loss = 0.189364
[e143 s0200/1030] loss = 0.188650
[e143 s0250/1030] loss = 0.179932
[e143 s0300/1030] loss = 0.177916
[e143 s0350/1030] loss = 0.193071
[e143 s0400/1030] loss = 0.195444
[e143 s0450/1030] loss = 0.193066
[e143 s0500/1030] loss = 0.193290
[e143 s0550/1030] loss = 0.200278
[e143 s0600/1030] loss = 0.198579
[e143 s0650/1030] loss = 0.201051
[e143 s0700/1030] loss = 0.197055
[e143 s0750/1030] loss = 0.197025
[e143 s0800/1030] loss = 0.309698
[e143 s0850/1030] loss = 0.304293
[e143 s0900/1030] loss = 0.299087
[e143 s0950/1030] loss = 0.293521
[e143 s1000/1030] loss = 0.288737
Epoch 143: train_loss = 0.285928  MAE/GAME0 = 16.454  RMSE = 38.123  GAME1 = 17.720  GAME2 = 18.872  GAME3 = 19.633  lr = 4.06e-05  time = 16.5s
[e144 s0001/1030] loss = 0.056524
[e144 s0050/1030] loss = 0.138890
[e144 s0100/1030] loss = 0.154288
[e144 s0150/1030] loss = 0.147605
[e144 s0200/1030] loss = 0.146047
[e144 s0250/1030] loss = 0.157865
[e144 s0300/1030] loss = 0.163224
[e144 s0350/1030] loss = 0.171846
[e144 s0400/1030] loss = 0.189638
[e144 s0450/1030] loss = 0.198119
[e144 s0500/1030] loss = 0.350947
[e144 s0550/1030] loss = 0.336260
[e144 s0600/1030] loss = 0.337553
[e144 s0650/1030] loss = 0.329116
[e144 s0700/1030] loss = 0.317921
[e144 s0750/1030] loss = 0.313874
[e144 s0800/1030] loss = 0.305515
[e144 s0850/1030] loss = 0.302876
[e144 s0900/1030] loss = 0.295066
[e144 s0950/1030] loss = 0.288493
[e144 s1000/1030] loss = 0.282849
Epoch 144: train_loss = 0.278172  MAE/GAME0 = 13.255  RMSE = 36.222  GAME1 = 15.552  GAME2 = 17.690  GAME3 = 19.203  lr = 4.04e-05  time = 16.7s
[e145 s0001/1030] loss = 1.105422
[e145 s0050/1030] loss = 0.244925
[e145 s0100/1030] loss = 0.250035
[e145 s0150/1030] loss = 0.224314
[e145 s0200/1030] loss = 0.214916
[e145 s0250/1030] loss = 0.217807
[e145 s0300/1030] loss = 0.215066
[e145 s0350/1030] loss = 0.208564
[e145 s0400/1030] loss = 0.199515
[e145 s0450/1030] loss = 0.202835
[e145 s0500/1030] loss = 0.197048
[e145 s0550/1030] loss = 0.201234
[e145 s0600/1030] loss = 0.203076
[e145 s0650/1030] loss = 0.200217
[e145 s0700/1030] loss = 0.314924
[e145 s0750/1030] loss = 0.311477
[e145 s0800/1030] loss = 0.300510
[e145 s0850/1030] loss = 0.293376
[e145 s0900/1030] loss = 0.286127
[e145 s0950/1030] loss = 0.281050
[e145 s1000/1030] loss = 0.279533
Epoch 145: train_loss = 0.278847  MAE/GAME0 = 15.314  RMSE = 37.596  GAME1 = 16.810  GAME2 = 18.317  GAME3 = 19.355  lr = 4.02e-05  time = 16.8s
[e146 s0001/1030] loss = 1.229346
[e146 s0050/1030] loss = 0.177442
[e146 s0100/1030] loss = 0.155841
[e146 s0150/1030] loss = 0.184502
[e146 s0200/1030] loss = 0.175846
[e146 s0250/1030] loss = 0.170019
[e146 s0300/1030] loss = 0.168155
[e146 s0350/1030] loss = 0.175601
[e146 s0400/1030] loss = 0.180329
[e146 s0450/1030] loss = 0.185386
[e146 s0500/1030] loss = 0.181795
[e146 s0550/1030] loss = 0.184419
[e146 s0600/1030] loss = 0.185191
[e146 s0650/1030] loss = 0.181509
[e146 s0700/1030] loss = 0.185849
[e146 s0750/1030] loss = 0.187832
[e146 s0800/1030] loss = 0.188557
[e146 s0850/1030] loss = 0.282197
[e146 s0900/1030] loss = 0.284594
[e146 s0950/1030] loss = 0.286564
[e146 s1000/1030] loss = 0.282587
Epoch 146: train_loss = 0.292474  MAE/GAME0 = 14.267  RMSE = 37.086  GAME1 = 15.900  GAME2 = 17.523  GAME3 = 18.677  lr = 4.01e-05  time = 16.5s
[e147 s0001/1030] loss = 0.035425
[e147 s0050/1030] loss = 0.161373
[e147 s0100/1030] loss = 0.189341
[e147 s0150/1030] loss = 0.193308
[e147 s0200/1030] loss = 0.229592
[e147 s0250/1030] loss = 0.235418
[e147 s0300/1030] loss = 0.237266
[e147 s0350/1030] loss = 0.228290
[e147 s0400/1030] loss = 0.233854
[e147 s0450/1030] loss = 0.234338
[e147 s0500/1030] loss = 0.228011
[e147 s0550/1030] loss = 0.225532
[e147 s0600/1030] loss = 0.217889
[e147 s0650/1030] loss = 0.211691
[e147 s0700/1030] loss = 0.206134
[e147 s0750/1030] loss = 0.318226
[e147 s0800/1030] loss = 0.305130
[e147 s0850/1030] loss = 0.297779
[e147 s0900/1030] loss = 0.290447
[e147 s0950/1030] loss = 0.285970
[e147 s1000/1030] loss = 0.279174
Epoch 147: train_loss = 0.277090  MAE/GAME0 = 16.459  RMSE = 37.707  GAME1 = 17.963  GAME2 = 19.247  GAME3 = 20.025  lr = 3.99e-05  time = 16.6s
[e148 s0001/1030] loss = 0.048302
[e148 s0050/1030] loss = 0.143837
[e148 s0100/1030] loss = 0.142965
[e148 s0150/1030] loss = 0.158622
[e148 s0200/1030] loss = 0.177931
[e148 s0250/1030] loss = 0.186134
[e148 s0300/1030] loss = 0.195663
[e148 s0350/1030] loss = 0.204185
[e148 s0400/1030] loss = 0.217280
[e148 s0450/1030] loss = 0.214149
[e148 s0500/1030] loss = 0.209296
[e148 s0550/1030] loss = 0.209156
[e148 s0600/1030] loss = 0.205741
[e148 s0650/1030] loss = 0.200995
[e148 s0700/1030] loss = 0.196029
[e148 s0750/1030] loss = 0.304941
[e148 s0800/1030] loss = 0.296831
[e148 s0850/1030] loss = 0.292187
[e148 s0900/1030] loss = 0.292009
[e148 s0950/1030] loss = 0.285265
[e148 s1000/1030] loss = 0.283946
Epoch 148: train_loss = 0.280690  MAE/GAME0 = 18.314  RMSE = 39.404  GAME1 = 19.133  GAME2 = 19.914  GAME3 = 20.390  lr = 3.97e-05  time = 16.7s
[e149 s0001/1030] loss = 0.039516
[e149 s0050/1030] loss = 0.220658
[e149 s0100/1030] loss = 0.206006
[e149 s0150/1030] loss = 0.176251
[e149 s0200/1030] loss = 0.181031
[e149 s0250/1030] loss = 0.180772
[e149 s0300/1030] loss = 0.184542
[e149 s0350/1030] loss = 0.181544
[e149 s0400/1030] loss = 0.184345
[e149 s0450/1030] loss = 0.178740
[e149 s0500/1030] loss = 0.183918
[e149 s0550/1030] loss = 0.184359
[e149 s0600/1030] loss = 0.187275
[e149 s0650/1030] loss = 0.185459
[e149 s0700/1030] loss = 0.188469
[e149 s0750/1030] loss = 0.316092
[e149 s0800/1030] loss = 0.313123
[e149 s0850/1030] loss = 0.310091
[e149 s0900/1030] loss = 0.306393
[e149 s0950/1030] loss = 0.298325
[e149 s1000/1030] loss = 0.290300
Epoch 149: train_loss = 0.287680  MAE/GAME0 = 14.066  RMSE = 36.899  GAME1 = 15.720  GAME2 = 17.397  GAME3 = 18.663  lr = 3.95e-05  time = 16.1s
[e150 s0001/1030] loss = 0.837364
[e150 s0050/1030] loss = 0.194876
[e150 s0100/1030] loss = 0.174300
[e150 s0150/1030] loss = 0.174973
[e150 s0200/1030] loss = 0.166694
[e150 s0250/1030] loss = 0.158262
[e150 s0300/1030] loss = 0.166652
[e150 s0350/1030] loss = 0.172999
[e150 s0400/1030] loss = 0.179205
[e150 s0450/1030] loss = 0.183910
[e150 s0500/1030] loss = 0.344895
[e150 s0550/1030] loss = 0.324530
[e150 s0600/1030] loss = 0.321486
[e150 s0650/1030] loss = 0.307568
[e150 s0700/1030] loss = 0.295648
[e150 s0750/1030] loss = 0.294750
[e150 s0800/1030] loss = 0.286578
[e150 s0850/1030] loss = 0.279835
[e150 s0900/1030] loss = 0.279553
[e150 s0950/1030] loss = 0.273007
[e150 s1000/1030] loss = 0.273930
Epoch 150: train_loss = 0.270428  MAE/GAME0 = 15.528  RMSE = 37.566  GAME1 = 17.163  GAME2 = 18.604  GAME3 = 19.530  lr = 3.93e-05  time = 16.2s
[e151 s0001/1030] loss = 0.120117
[e151 s0050/1030] loss = 0.222382
[e151 s0100/1030] loss = 0.218990
[e151 s0150/1030] loss = 0.228424
[e151 s0200/1030] loss = 0.211579
[e151 s0250/1030] loss = 0.194457
[e151 s0300/1030] loss = 0.186669
[e151 s0350/1030] loss = 0.190330
[e151 s0400/1030] loss = 0.192094
[e151 s0450/1030] loss = 0.191363
[e151 s0500/1030] loss = 0.194064
[e151 s0550/1030] loss = 0.189686
[e151 s0600/1030] loss = 0.188057
[e151 s0650/1030] loss = 0.189940
[e151 s0700/1030] loss = 0.308416
[e151 s0750/1030] loss = 0.297683
[e151 s0800/1030] loss = 0.290775
[e151 s0850/1030] loss = 0.283735
[e151 s0900/1030] loss = 0.281442
[e151 s0950/1030] loss = 0.273544
[e151 s1000/1030] loss = 0.266872
Epoch 151: train_loss = 0.262937  MAE/GAME0 = 13.592  RMSE = 36.441  GAME1 = 15.627  GAME2 = 17.455  GAME3 = 18.792  lr = 3.92e-05  time = 16.5s
[e152 s0001/1030] loss = 1.381753
[e152 s0050/1030] loss = 0.231100
[e152 s0100/1030] loss = 0.184827
[e152 s0150/1030] loss = 0.186085
[e152 s0200/1030] loss = 0.204458
[e152 s0250/1030] loss = 0.193044
[e152 s0300/1030] loss = 0.197031
[e152 s0350/1030] loss = 0.191453
[e152 s0400/1030] loss = 0.194472
[e152 s0450/1030] loss = 0.194823
[e152 s0500/1030] loss = 0.193880
[e152 s0550/1030] loss = 0.187387
[e152 s0600/1030] loss = 0.191252
[e152 s0650/1030] loss = 0.193686
[e152 s0700/1030] loss = 0.192582
[e152 s0750/1030] loss = 0.195188
[e152 s0800/1030] loss = 0.193106
[e152 s0850/1030] loss = 0.294710
[e152 s0900/1030] loss = 0.294854
[e152 s0950/1030] loss = 0.292051
[e152 s1000/1030] loss = 0.284163
Epoch 152: train_loss = 0.280188  MAE/GAME0 = 18.056  RMSE = 38.912  GAME1 = 19.008  GAME2 = 19.866  GAME3 = 20.412  lr = 3.90e-05  time = 16.6s
[e153 s0001/1030] loss = 0.051515
[e153 s0050/1030] loss = 0.163427
[e153 s0100/1030] loss = 0.188024
[e153 s0150/1030] loss = 0.204689
[e153 s0200/1030] loss = 0.219001
[e153 s0250/1030] loss = 0.568055
[e153 s0300/1030] loss = 0.503540
[e153 s0350/1030] loss = 0.481235
[e153 s0400/1030] loss = 0.440657
[e153 s0450/1030] loss = 0.407457
[e153 s0500/1030] loss = 0.382065
[e153 s0550/1030] loss = 0.363920
[e153 s0600/1030] loss = 0.345056
[e153 s0650/1030] loss = 0.331830
[e153 s0700/1030] loss = 0.318802
[e153 s0750/1030] loss = 0.312247
[e153 s0800/1030] loss = 0.310635
[e153 s0850/1030] loss = 0.301876
[e153 s0900/1030] loss = 0.300376
[e153 s0950/1030] loss = 0.293262
[e153 s1000/1030] loss = 0.287446
Epoch 153: train_loss = 0.284821  MAE/GAME0 = 15.652  RMSE = 37.296  GAME1 = 17.073  GAME2 = 18.432  GAME3 = 19.333  lr = 3.88e-05  time = 16.5s
[e154 s0001/1030] loss = 0.076562
[e154 s0050/1030] loss = 0.142438
[e154 s0100/1030] loss = 0.147069
[e154 s0150/1030] loss = 0.162184
[e154 s0200/1030] loss = 0.168018
[e154 s0250/1030] loss = 0.169972
[e154 s0300/1030] loss = 0.177445
[e154 s0350/1030] loss = 0.176906
[e154 s0400/1030] loss = 0.174853
[e154 s0450/1030] loss = 0.187272
[e154 s0500/1030] loss = 0.190558
[e154 s0550/1030] loss = 0.189675
[e154 s0600/1030] loss = 0.192756
[e154 s0650/1030] loss = 0.318903
[e154 s0700/1030] loss = 0.313516
[e154 s0750/1030] loss = 0.305157
[e154 s0800/1030] loss = 0.296181
[e154 s0850/1030] loss = 0.291612
[e154 s0900/1030] loss = 0.285023
[e154 s0950/1030] loss = 0.280901
[e154 s1000/1030] loss = 0.276830
Epoch 154: train_loss = 0.272388  MAE/GAME0 = 17.729  RMSE = 39.119  GAME1 = 18.623  GAME2 = 19.505  GAME3 = 20.051  lr = 3.86e-05  time = 16.4s
[e155 s0001/1030] loss = 0.061133
[e155 s0050/1030] loss = 0.219765
[e155 s0100/1030] loss = 0.216722
[e155 s0150/1030] loss = 0.199906
[e155 s0200/1030] loss = 0.191378
[e155 s0250/1030] loss = 0.194546
[e155 s0300/1030] loss = 0.185025
[e155 s0350/1030] loss = 0.196763
[e155 s0400/1030] loss = 0.188639
[e155 s0450/1030] loss = 0.185498
[e155 s0500/1030] loss = 0.190347
[e155 s0550/1030] loss = 0.197449
[e155 s0600/1030] loss = 0.193189
[e155 s0650/1030] loss = 0.190646
[e155 s0700/1030] loss = 0.187738
[e155 s0750/1030] loss = 0.188227
[e155 s0800/1030] loss = 0.189674
[e155 s0850/1030] loss = 0.187901
[e155 s0900/1030] loss = 0.192365
[e155 s0950/1030] loss = 0.277238
[e155 s1000/1030] loss = 0.273500
Epoch 155: train_loss = 0.270702  MAE/GAME0 = 17.830  RMSE = 39.048  GAME1 = 18.978  GAME2 = 19.981  GAME3 = 20.553  lr = 3.84e-05  time = 16.3s
[e156 s0001/1030] loss = 0.056415
[e156 s0050/1030] loss = 0.183236
[e156 s0100/1030] loss = 0.176480
[e156 s0150/1030] loss = 0.169508
[e156 s0200/1030] loss = 0.167174
[e156 s0250/1030] loss = 0.175108
[e156 s0300/1030] loss = 0.189026
[e156 s0350/1030] loss = 0.189341
[e156 s0400/1030] loss = 0.184681
[e156 s0450/1030] loss = 0.183758
[e156 s0500/1030] loss = 0.184408
[e156 s0550/1030] loss = 0.182947
[e156 s0600/1030] loss = 0.180755
[e156 s0650/1030] loss = 0.178007
[e156 s0700/1030] loss = 0.176785
[e156 s0750/1030] loss = 0.174487
[e156 s0800/1030] loss = 0.172019
[e156 s0850/1030] loss = 0.171812
[e156 s0900/1030] loss = 0.258864
[e156 s0950/1030] loss = 0.255368
[e156 s1000/1030] loss = 0.261522
Epoch 156: train_loss = 0.259237  MAE/GAME0 = 14.308  RMSE = 36.849  GAME1 = 16.221  GAME2 = 17.893  GAME3 = 19.145  lr = 3.83e-05  time = 16.3s
[e157 s0001/1030] loss = 0.230958
[e157 s0050/1030] loss = 0.168321
[e157 s0100/1030] loss = 0.148383
[e157 s0150/1030] loss = 0.155391
[e157 s0200/1030] loss = 0.148096
[e157 s0250/1030] loss = 0.151895
[e157 s0300/1030] loss = 0.167466
[e157 s0350/1030] loss = 0.170233
[e157 s0400/1030] loss = 0.182218
[e157 s0450/1030] loss = 0.182640
[e157 s0500/1030] loss = 0.184118
[e157 s0550/1030] loss = 0.190481
[e157 s0600/1030] loss = 0.197067
[e157 s0650/1030] loss = 0.192923
[e157 s0700/1030] loss = 0.193673
[e157 s0750/1030] loss = 0.195167
[e157 s0800/1030] loss = 0.195980
[e157 s0850/1030] loss = 0.197995
[e157 s0900/1030] loss = 0.296864
[e157 s0950/1030] loss = 0.291809
[e157 s1000/1030] loss = 0.286318
Epoch 157: train_loss = 0.282050  MAE/GAME0 = 15.139  RMSE = 37.469  GAME1 = 16.912  GAME2 = 18.450  GAME3 = 19.489  lr = 3.81e-05  time = 16.5s
[e158 s0001/1030] loss = 0.178751
[e158 s0050/1030] loss = 0.129890
[e158 s0100/1030] loss = 0.133485
[e158 s0150/1030] loss = 0.125129
[e158 s0200/1030] loss = 0.121469
[e158 s0250/1030] loss = 0.137370
[e158 s0300/1030] loss = 0.146221
[e158 s0350/1030] loss = 0.149467
[e158 s0400/1030] loss = 0.372280
[e158 s0450/1030] loss = 0.356010
[e158 s0500/1030] loss = 0.342910
[e158 s0550/1030] loss = 0.336135
[e158 s0600/1030] loss = 0.323672
[e158 s0650/1030] loss = 0.313806
[e158 s0700/1030] loss = 0.311929
[e158 s0750/1030] loss = 0.303341
[e158 s0800/1030] loss = 0.297165
[e158 s0850/1030] loss = 0.293762
[e158 s0900/1030] loss = 0.293421
[e158 s0950/1030] loss = 0.287347
[e158 s1000/1030] loss = 0.278604
Epoch 158: train_loss = 0.273711  MAE/GAME0 = 16.924  RMSE = 38.358  GAME1 = 17.806  GAME2 = 18.746  GAME3 = 19.432  lr = 3.79e-05  time = 16.4s
[e159 s0001/1030] loss = 0.308204
[e159 s0050/1030] loss = 0.222267
[e159 s0100/1030] loss = 0.195971
[e159 s0150/1030] loss = 0.181598
[e159 s0200/1030] loss = 0.190169
[e159 s0250/1030] loss = 0.182521
[e159 s0300/1030] loss = 0.475691
[e159 s0350/1030] loss = 0.438642
[e159 s0400/1030] loss = 0.405850
[e159 s0450/1030] loss = 0.373583
[e159 s0500/1030] loss = 0.357546
[e159 s0550/1030] loss = 0.348935
[e159 s0600/1030] loss = 0.336923
[e159 s0650/1030] loss = 0.323130
[e159 s0700/1030] loss = 0.315604
[e159 s0750/1030] loss = 0.310922
[e159 s0800/1030] loss = 0.299799
[e159 s0850/1030] loss = 0.298249
[e159 s0900/1030] loss = 0.289429
[e159 s0950/1030] loss = 0.283388
[e159 s1000/1030] loss = 0.278977
Epoch 159: train_loss = 0.275541  MAE/GAME0 = 14.826  RMSE = 37.526  GAME1 = 16.751  GAME2 = 18.262  GAME3 = 19.333  lr = 3.77e-05  time = 16.6s
[e160 s0001/1030] loss = 0.047052
[e160 s0050/1030] loss = 0.170358
[e160 s0100/1030] loss = 0.184887
[e160 s0150/1030] loss = 0.179135
[e160 s0200/1030] loss = 0.168941
[e160 s0250/1030] loss = 0.185346
[e160 s0300/1030] loss = 0.179001
[e160 s0350/1030] loss = 0.175842
[e160 s0400/1030] loss = 0.175910
[e160 s0450/1030] loss = 0.179488
[e160 s0500/1030] loss = 0.185714
[e160 s0550/1030] loss = 0.329114
[e160 s0600/1030] loss = 0.319990
[e160 s0650/1030] loss = 0.309535
[e160 s0700/1030] loss = 0.300998
[e160 s0750/1030] loss = 0.290571
[e160 s0800/1030] loss = 0.283683
[e160 s0850/1030] loss = 0.277429
[e160 s0900/1030] loss = 0.274727
[e160 s0950/1030] loss = 0.269139
[e160 s1000/1030] loss = 0.265225
Epoch 160: train_loss = 0.261715  MAE/GAME0 = 15.685  RMSE = 37.979  GAME1 = 17.179  GAME2 = 18.594  GAME3 = 19.525  lr = 3.75e-05  time = 16.9s
[e161 s0001/1030] loss = 0.145283
[e161 s0050/1030] loss = 0.164577
[e161 s0100/1030] loss = 0.158741
[e161 s0150/1030] loss = 0.173113
[e161 s0200/1030] loss = 0.171034
[e161 s0250/1030] loss = 0.165363
[e161 s0300/1030] loss = 0.433181
[e161 s0350/1030] loss = 0.399818
[e161 s0400/1030] loss = 0.375737
[e161 s0450/1030] loss = 0.350451
[e161 s0500/1030] loss = 0.327997
[e161 s0550/1030] loss = 0.315553
[e161 s0600/1030] loss = 0.304889
[e161 s0650/1030] loss = 0.297370
[e161 s0700/1030] loss = 0.287683
[e161 s0750/1030] loss = 0.280787
[e161 s0800/1030] loss = 0.273742
[e161 s0850/1030] loss = 0.271726
[e161 s0900/1030] loss = 0.268120
[e161 s0950/1030] loss = 0.261787
[e161 s1000/1030] loss = 0.259868
Epoch 161: train_loss = 0.258616  MAE/GAME0 = 17.487  RMSE = 38.956  GAME1 = 18.369  GAME2 = 19.232  GAME3 = 19.830  lr = 3.73e-05  time = 16.5s
[e162 s0001/1030] loss = 0.142409
[e162 s0050/1030] loss = 0.193508
[e162 s0100/1030] loss = 1.051626
[e162 s0150/1030] loss = 0.757072
[e162 s0200/1030] loss = 0.611148
[e162 s0250/1030] loss = 0.522286
[e162 s0300/1030] loss = 0.464763
[e162 s0350/1030] loss = 0.422967
[e162 s0400/1030] loss = 0.394936
[e162 s0450/1030] loss = 0.374988
[e162 s0500/1030] loss = 0.350631
[e162 s0550/1030] loss = 0.331110
[e162 s0600/1030] loss = 0.317813
[e162 s0650/1030] loss = 0.303914
[e162 s0700/1030] loss = 0.290533
[e162 s0750/1030] loss = 0.288663
[e162 s0800/1030] loss = 0.289209
[e162 s0850/1030] loss = 0.283283
[e162 s0900/1030] loss = 0.277800
[e162 s0950/1030] loss = 0.270869
[e162 s1000/1030] loss = 0.266115
Epoch 162: train_loss = 0.268565  MAE/GAME0 = 15.797  RMSE = 37.836  GAME1 = 17.140  GAME2 = 18.320  GAME3 = 19.170  lr = 3.71e-05  time = 16.3s
[e163 s0001/1030] loss = 0.132617
[e163 s0050/1030] loss = 0.236240
[e163 s0100/1030] loss = 0.182562
[e163 s0150/1030] loss = 0.168054
[e163 s0200/1030] loss = 0.170479
[e163 s0250/1030] loss = 0.162159
[e163 s0300/1030] loss = 0.169983
[e163 s0350/1030] loss = 0.163949
[e163 s0400/1030] loss = 0.165304
[e163 s0450/1030] loss = 0.172437
[e163 s0500/1030] loss = 0.175881
[e163 s0550/1030] loss = 0.176927
[e163 s0600/1030] loss = 0.177530
[e163 s0650/1030] loss = 0.318991
[e163 s0700/1030] loss = 0.305055
[e163 s0750/1030] loss = 0.297044
[e163 s0800/1030] loss = 0.292585
[e163 s0850/1030] loss = 0.286151
[e163 s0900/1030] loss = 0.283026
[e163 s0950/1030] loss = 0.275696
[e163 s1000/1030] loss = 0.269951
Epoch 163: train_loss = 0.269269  MAE/GAME0 = 18.864  RMSE = 39.725  GAME1 = 19.707  GAME2 = 20.458  GAME3 = 20.899  lr = 3.69e-05  time = 16.6s
[e164 s0001/1030] loss = 0.069914
[e164 s0050/1030] loss = 0.142483
[e164 s0100/1030] loss = 0.141850
[e164 s0150/1030] loss = 0.161076
[e164 s0200/1030] loss = 0.164118
[e164 s0250/1030] loss = 0.162504
[e164 s0300/1030] loss = 0.165945
[e164 s0350/1030] loss = 0.173464
[e164 s0400/1030] loss = 0.165823
[e164 s0450/1030] loss = 0.175869
[e164 s0500/1030] loss = 0.173958
[e164 s0550/1030] loss = 0.172902
[e164 s0600/1030] loss = 0.176098
[e164 s0650/1030] loss = 0.178075
[e164 s0700/1030] loss = 0.177139
[e164 s0750/1030] loss = 0.173281
[e164 s0800/1030] loss = 0.176373
[e164 s0850/1030] loss = 0.284248
[e164 s0900/1030] loss = 0.278562
[e164 s0950/1030] loss = 0.273506
[e164 s1000/1030] loss = 0.269452
Epoch 164: train_loss = 0.268115  MAE/GAME0 = 13.443  RMSE = 36.120  GAME1 = 15.512  GAME2 = 17.464  GAME3 = 18.989  lr = 3.67e-05  time = 16.3s
[e165 s0001/1030] loss = 0.192372
[e165 s0050/1030] loss = 0.157069
[e165 s0100/1030] loss = 0.183151
[e165 s0150/1030] loss = 0.182708
[e165 s0200/1030] loss = 0.182947
[e165 s0250/1030] loss = 0.171913
[e165 s0300/1030] loss = 0.171802
[e165 s0350/1030] loss = 0.184229
[e165 s0400/1030] loss = 0.189957
[e165 s0450/1030] loss = 0.186391
[e165 s0500/1030] loss = 0.340883
[e165 s0550/1030] loss = 0.326811
[e165 s0600/1030] loss = 0.310614
[e165 s0650/1030] loss = 0.306448
[e165 s0700/1030] loss = 0.296146
[e165 s0750/1030] loss = 0.287598
[e165 s0800/1030] loss = 0.277758
[e165 s0850/1030] loss = 0.269960
[e165 s0900/1030] loss = 0.264014
[e165 s0950/1030] loss = 0.260094
[e165 s1000/1030] loss = 0.255884
Epoch 165: train_loss = 0.254464  MAE/GAME0 = 13.844  RMSE = 36.655  GAME1 = 15.845  GAME2 = 17.687  GAME3 = 18.950  lr = 3.66e-05  time = 16.4s
[e166 s0001/1030] loss = 0.020931
[e166 s0050/1030] loss = 0.203192
[e166 s0100/1030] loss = 0.177093
[e166 s0150/1030] loss = 0.168818
[e166 s0200/1030] loss = 0.213513
[e166 s0250/1030] loss = 0.208839
[e166 s0300/1030] loss = 0.199051
[e166 s0350/1030] loss = 0.411321
[e166 s0400/1030] loss = 0.375796
[e166 s0450/1030] loss = 0.352217
[e166 s0500/1030] loss = 0.331260
[e166 s0550/1030] loss = 0.317237
[e166 s0600/1030] loss = 0.308017
[e166 s0650/1030] loss = 0.299653
[e166 s0700/1030] loss = 0.286681
[e166 s0750/1030] loss = 0.280178
[e166 s0800/1030] loss = 0.272712
[e166 s0850/1030] loss = 0.269128
[e166 s0900/1030] loss = 0.265494
[e166 s0950/1030] loss = 0.261583
[e166 s1000/1030] loss = 0.256825
Epoch 166: train_loss = 0.254553  MAE/GAME0 = 13.130  RMSE = 35.518  GAME1 = 15.299  GAME2 = 17.458  GAME3 = 19.093  lr = 3.64e-05  time = 16.8s
[e167 s0001/1030] loss = 0.107787
[e167 s0050/1030] loss = 0.146034
[e167 s0100/1030] loss = 0.160094
[e167 s0150/1030] loss = 0.151443
[e167 s0200/1030] loss = 0.157897
[e167 s0250/1030] loss = 0.147956
[e167 s0300/1030] loss = 0.155809
[e167 s0350/1030] loss = 0.152613
[e167 s0400/1030] loss = 0.170662
[e167 s0450/1030] loss = 0.168443
[e167 s0500/1030] loss = 0.179934
[e167 s0550/1030] loss = 0.360453
[e167 s0600/1030] loss = 0.347287
[e167 s0650/1030] loss = 0.328055
[e167 s0700/1030] loss = 0.314942
[e167 s0750/1030] loss = 0.305603
[e167 s0800/1030] loss = 0.298914
[e167 s0850/1030] loss = 0.292519
[e167 s0900/1030] loss = 0.283877
[e167 s0950/1030] loss = 0.280724
[e167 s1000/1030] loss = 0.278642
Epoch 167: train_loss = 0.277100  MAE/GAME0 = 15.985  RMSE = 38.075  GAME1 = 17.239  GAME2 = 18.398  GAME3 = 19.245  lr = 3.62e-05  time = 16.5s
[e168 s0001/1030] loss = 0.228542
[e168 s0050/1030] loss = 0.195445
[e168 s0100/1030] loss = 0.192585
[e168 s0150/1030] loss = 0.177962
[e168 s0200/1030] loss = 0.557247
[e168 s0250/1030] loss = 0.481800
[e168 s0300/1030] loss = 0.429121
[e168 s0350/1030] loss = 0.386721
[e168 s0400/1030] loss = 0.359303
[e168 s0450/1030] loss = 0.344289
[e168 s0500/1030] loss = 0.332127
[e168 s0550/1030] loss = 0.316534
[e168 s0600/1030] loss = 0.306449
[e168 s0650/1030] loss = 0.297136
[e168 s0700/1030] loss = 0.286801
[e168 s0750/1030] loss = 0.279593
[e168 s0800/1030] loss = 0.275858
[e168 s0850/1030] loss = 0.269407
[e168 s0900/1030] loss = 0.263134
[e168 s0950/1030] loss = 0.260285
[e168 s1000/1030] loss = 0.255559
Epoch 168: train_loss = 0.252371  MAE/GAME0 = 14.900  RMSE = 37.432  GAME1 = 16.401  GAME2 = 17.863  GAME3 = 18.939  lr = 3.60e-05  time = 16.3s
[e169 s0001/1030] loss = 0.105367
[e169 s0050/1030] loss = 0.164479
[e169 s0100/1030] loss = 0.204934
[e169 s0150/1030] loss = 0.226269
[e169 s0200/1030] loss = 0.206839
[e169 s0250/1030] loss = 0.186638
[e169 s0300/1030] loss = 0.186312
[e169 s0350/1030] loss = 0.186937
[e169 s0400/1030] loss = 0.197945
[e169 s0450/1030] loss = 0.194659
[e169 s0500/1030] loss = 0.188756
[e169 s0550/1030] loss = 0.332282
[e169 s0600/1030] loss = 0.319077
[e169 s0650/1030] loss = 0.308076
[e169 s0700/1030] loss = 0.300810
[e169 s0750/1030] loss = 0.291638
[e169 s0800/1030] loss = 0.283794
[e169 s0850/1030] loss = 0.282049
[e169 s0900/1030] loss = 0.275211
[e169 s0950/1030] loss = 0.270360
[e169 s1000/1030] loss = 0.265148
Epoch 169: train_loss = 0.261300  MAE/GAME0 = 16.207  RMSE = 38.104  GAME1 = 17.373  GAME2 = 18.558  GAME3 = 19.404  lr = 3.58e-05  time = 16.4s
[e170 s0001/1030] loss = 0.292101
[e170 s0050/1030] loss = 0.169894
[e170 s0100/1030] loss = 0.194324
[e170 s0150/1030] loss = 0.197634
[e170 s0200/1030] loss = 0.197512
[e170 s0250/1030] loss = 0.195980
[e170 s0300/1030] loss = 0.200772
[e170 s0350/1030] loss = 0.190898
[e170 s0400/1030] loss = 0.190133
[e170 s0450/1030] loss = 0.192712
[e170 s0500/1030] loss = 0.190879
[e170 s0550/1030] loss = 0.198223
[e170 s0600/1030] loss = 0.195478
[e170 s0650/1030] loss = 0.195009
[e170 s0700/1030] loss = 0.189710
[e170 s0750/1030] loss = 0.185196
[e170 s0800/1030] loss = 0.283747
[e170 s0850/1030] loss = 0.279544
[e170 s0900/1030] loss = 0.277328
[e170 s0950/1030] loss = 0.269481
[e170 s1000/1030] loss = 0.263069
Epoch 170: train_loss = 0.261112  MAE/GAME0 = 16.311  RMSE = 38.092  GAME1 = 17.522  GAME2 = 18.748  GAME3 = 19.529  lr = 3.56e-05  time = 16.6s
[e171 s0001/1030] loss = 0.042753
[e171 s0050/1030] loss = 0.193986
[e171 s0100/1030] loss = 0.161448
[e171 s0150/1030] loss = 0.166270
[e171 s0200/1030] loss = 0.162658
[e171 s0250/1030] loss = 0.158790
[e171 s0300/1030] loss = 0.161770
[e171 s0350/1030] loss = 0.158237
[e171 s0400/1030] loss = 0.160097
[e171 s0450/1030] loss = 0.155837
[e171 s0500/1030] loss = 0.164761
[e171 s0550/1030] loss = 0.309730
[e171 s0600/1030] loss = 0.294778
[e171 s0650/1030] loss = 0.290264
[e171 s0700/1030] loss = 0.279102
[e171 s0750/1030] loss = 0.271685
[e171 s0800/1030] loss = 0.269334
[e171 s0850/1030] loss = 0.262104
[e171 s0900/1030] loss = 0.254861
[e171 s0950/1030] loss = 0.248339
[e171 s1000/1030] loss = 0.243718
Epoch 171: train_loss = 0.240577  MAE/GAME0 = 13.810  RMSE = 36.618  GAME1 = 15.803  GAME2 = 17.597  GAME3 = 18.972  lr = 3.54e-05  time = 16.3s
[e172 s0001/1030] loss = 0.128905
[e172 s0050/1030] loss = 0.141977
[e172 s0100/1030] loss = 0.218007
[e172 s0150/1030] loss = 0.208254
[e172 s0200/1030] loss = 0.205844
[e172 s0250/1030] loss = 0.197943
[e172 s0300/1030] loss = 0.192916
[e172 s0350/1030] loss = 0.184793
[e172 s0400/1030] loss = 0.175582
[e172 s0450/1030] loss = 0.171768
[e172 s0500/1030] loss = 0.171361
[e172 s0550/1030] loss = 0.166646
[e172 s0600/1030] loss = 0.167974
[e172 s0650/1030] loss = 0.166456
[e172 s0700/1030] loss = 0.164394
[e172 s0750/1030] loss = 0.166680
[e172 s0800/1030] loss = 0.164017
[e172 s0850/1030] loss = 0.162079
[e172 s0900/1030] loss = 0.250217
[e172 s0950/1030] loss = 0.246735
[e172 s1000/1030] loss = 0.245675
Epoch 172: train_loss = 0.242416  MAE/GAME0 = 14.362  RMSE = 37.014  GAME1 = 16.039  GAME2 = 17.676  GAME3 = 18.914  lr = 3.52e-05  time = 16.8s
[e173 s0001/1030] loss = 0.096442
[e173 s0050/1030] loss = 0.163598
[e173 s0100/1030] loss = 0.171221
[e173 s0150/1030] loss = 0.161530
[e173 s0200/1030] loss = 0.157806
[e173 s0250/1030] loss = 0.453398
[e173 s0300/1030] loss = 0.402733
[e173 s0350/1030] loss = 0.372818
[e173 s0400/1030] loss = 0.346232
[e173 s0450/1030] loss = 0.329637
[e173 s0500/1030] loss = 0.312528
[e173 s0550/1030] loss = 0.296741
[e173 s0600/1030] loss = 0.287586
[e173 s0650/1030] loss = 0.281051
[e173 s0700/1030] loss = 0.271914
[e173 s0750/1030] loss = 0.268281
[e173 s0800/1030] loss = 0.270723
[e173 s0850/1030] loss = 0.264478
[e173 s0900/1030] loss = 0.261521
[e173 s0950/1030] loss = 0.255261
[e173 s1000/1030] loss = 0.247682
Epoch 173: train_loss = 0.244975  MAE/GAME0 = 14.483  RMSE = 37.092  GAME1 = 16.499  GAME2 = 18.274  GAME3 = 19.399  lr = 3.50e-05  time = 16.6s
[e174 s0001/1030] loss = 0.047540
[e174 s0050/1030] loss = 0.183114
[e174 s0100/1030] loss = 0.173167
[e174 s0150/1030] loss = 0.154247
[e174 s0200/1030] loss = 0.145562
[e174 s0250/1030] loss = 0.145567
[e174 s0300/1030] loss = 0.142942
[e174 s0350/1030] loss = 0.145604
[e174 s0400/1030] loss = 0.147925
[e174 s0450/1030] loss = 0.159098
[e174 s0500/1030] loss = 0.333903
[e174 s0550/1030] loss = 0.316134
[e174 s0600/1030] loss = 0.302765
[e174 s0650/1030] loss = 0.298547
[e174 s0700/1030] loss = 0.291532
[e174 s0750/1030] loss = 0.282881
[e174 s0800/1030] loss = 0.276932
[e174 s0850/1030] loss = 0.272158
[e174 s0900/1030] loss = 0.265874
[e174 s0950/1030] loss = 0.259686
[e174 s1000/1030] loss = 0.253689
Epoch 174: train_loss = 0.252355  MAE/GAME0 = 15.625  RMSE = 37.893  GAME1 = 17.060  GAME2 = 18.388  GAME3 = 19.220  lr = 3.48e-05  time = 16.5s
[e175 s0001/1030] loss = 0.130469
[e175 s0050/1030] loss = 1.681232
[e175 s0100/1030] loss = 0.897964
[e175 s0150/1030] loss = 0.665786
[e175 s0200/1030] loss = 0.526119
[e175 s0250/1030] loss = 0.451544
[e175 s0300/1030] loss = 0.407311
[e175 s0350/1030] loss = 0.375355
[e175 s0400/1030] loss = 0.351445
[e175 s0450/1030] loss = 0.329027
[e175 s0500/1030] loss = 0.311275
[e175 s0550/1030] loss = 0.303385
[e175 s0600/1030] loss = 0.293663
[e175 s0650/1030] loss = 0.279126
[e175 s0700/1030] loss = 0.269917
[e175 s0750/1030] loss = 0.261912
[e175 s0800/1030] loss = 0.257035
[e175 s0850/1030] loss = 0.257325
[e175 s0900/1030] loss = 0.254815
[e175 s0950/1030] loss = 0.249574
[e175 s1000/1030] loss = 0.246681
Epoch 175: train_loss = 0.244344  MAE/GAME0 = 14.744  RMSE = 37.139  GAME1 = 16.466  GAME2 = 18.018  GAME3 = 19.068  lr = 3.46e-05  time = 16.3s
[e176 s0001/1030] loss = 0.036282
[e176 s0050/1030] loss = 0.190940
[e176 s0100/1030] loss = 0.161831
[e176 s0150/1030] loss = 0.175619
[e176 s0200/1030] loss = 0.169039
[e176 s0250/1030] loss = 0.157287
[e176 s0300/1030] loss = 0.164369
[e176 s0350/1030] loss = 0.162972
[e176 s0400/1030] loss = 0.174684
[e176 s0450/1030] loss = 0.178265
[e176 s0500/1030] loss = 0.170744
[e176 s0550/1030] loss = 0.169997
[e176 s0600/1030] loss = 0.170311
[e176 s0650/1030] loss = 0.172194
[e176 s0700/1030] loss = 0.171225
[e176 s0750/1030] loss = 0.172714
[e176 s0800/1030] loss = 0.169464
[e176 s0850/1030] loss = 0.171230
[e176 s0900/1030] loss = 0.174023
[e176 s0950/1030] loss = 0.171913
[e176 s1000/1030] loss = 0.248817
Epoch 176: train_loss = 0.246216  MAE/GAME0 = 14.265  RMSE = 36.943  GAME1 = 16.104  GAME2 = 17.727  GAME3 = 18.972  lr = 3.44e-05  time = 16.2s
[e177 s0001/1030] loss = 0.122353
[e177 s0050/1030] loss = 0.171926
[e177 s0100/1030] loss = 0.161413
[e177 s0150/1030] loss = 0.157396
[e177 s0200/1030] loss = 0.144727
[e177 s0250/1030] loss = 0.146181
[e177 s0300/1030] loss = 0.162413
[e177 s0350/1030] loss = 0.164777
[e177 s0400/1030] loss = 0.170554
[e177 s0450/1030] loss = 0.170639
[e177 s0500/1030] loss = 0.167896
[e177 s0550/1030] loss = 0.164436
[e177 s0600/1030] loss = 0.166553
[e177 s0650/1030] loss = 0.165831
[e177 s0700/1030] loss = 0.165074
[e177 s0750/1030] loss = 0.164534
[e177 s0800/1030] loss = 0.266498
[e177 s0850/1030] loss = 0.263888
[e177 s0900/1030] loss = 0.259098
[e177 s0950/1030] loss = 0.253833
[e177 s1000/1030] loss = 0.247001
Epoch 177: train_loss = 0.243619  MAE/GAME0 = 15.112  RMSE = 37.472  GAME1 = 16.708  GAME2 = 18.048  GAME3 = 19.059  lr = 3.42e-05  time = 16.4s
[e178 s0001/1030] loss = 0.016728
[e178 s0050/1030] loss = 0.139122
[e178 s0100/1030] loss = 0.203077
[e178 s0150/1030] loss = 0.176510
[e178 s0200/1030] loss = 0.166528
[e178 s0250/1030] loss = 0.160449
[e178 s0300/1030] loss = 0.164035
[e178 s0350/1030] loss = 0.160017
[e178 s0400/1030] loss = 0.159527
[e178 s0450/1030] loss = 0.160966
[e178 s0500/1030] loss = 0.301149
[e178 s0550/1030] loss = 0.284337
[e178 s0600/1030] loss = 0.274587
[e178 s0650/1030] loss = 0.268345
[e178 s0700/1030] loss = 0.258619
[e178 s0750/1030] loss = 0.254510
[e178 s0800/1030] loss = 0.253624
[e178 s0850/1030] loss = 0.246305
[e178 s0900/1030] loss = 0.239728
[e178 s0950/1030] loss = 0.238421
[e178 s1000/1030] loss = 0.233454
Epoch 178: train_loss = 0.230875  MAE/GAME0 = 15.998  RMSE = 37.962  GAME1 = 17.271  GAME2 = 18.412  GAME3 = 19.277  lr = 3.40e-05  time = 16.8s
[e179 s0001/1030] loss = 0.027299
[e179 s0050/1030] loss = 0.142051
[e179 s0100/1030] loss = 0.162909
[e179 s0150/1030] loss = 0.156620
[e179 s0200/1030] loss = 0.166799
[e179 s0250/1030] loss = 0.184254
[e179 s0300/1030] loss = 0.439310
[e179 s0350/1030] loss = 0.399045
[e179 s0400/1030] loss = 0.366020
[e179 s0450/1030] loss = 0.339631
[e179 s0500/1030] loss = 0.319899
[e179 s0550/1030] loss = 0.306092
[e179 s0600/1030] loss = 0.296727
[e179 s0650/1030] loss = 0.285170
[e179 s0700/1030] loss = 0.275057
[e179 s0750/1030] loss = 0.266839
[e179 s0800/1030] loss = 0.260374
[e179 s0850/1030] loss = 0.253532
[e179 s0900/1030] loss = 0.248002
[e179 s0950/1030] loss = 0.241262
[e179 s1000/1030] loss = 0.238451
Epoch 179: train_loss = 0.235904  MAE/GAME0 = 15.264  RMSE = 37.409  GAME1 = 16.725  GAME2 = 18.056  GAME3 = 19.055  lr = 3.38e-05  time = 17.4s
[e180 s0001/1030] loss = 0.348992
[e180 s0050/1030] loss = 0.129327
[e180 s0100/1030] loss = 0.137287
[e180 s0150/1030] loss = 0.150160
[e180 s0200/1030] loss = 0.149014
[e180 s0250/1030] loss = 0.138735
[e180 s0300/1030] loss = 0.145421
[e180 s0350/1030] loss = 0.146944
[e180 s0400/1030] loss = 0.142758
[e180 s0450/1030] loss = 0.150970
[e180 s0500/1030] loss = 0.150873
[e180 s0550/1030] loss = 0.159783
[e180 s0600/1030] loss = 0.159380
[e180 s0650/1030] loss = 0.286165
[e180 s0700/1030] loss = 0.282075
[e180 s0750/1030] loss = 0.272257
[e180 s0800/1030] loss = 0.267348
[e180 s0850/1030] loss = 0.259611
[e180 s0900/1030] loss = 0.252090
[e180 s0950/1030] loss = 0.245273
[e180 s1000/1030] loss = 0.241680
Epoch 180: train_loss = 0.239213  MAE/GAME0 = 16.198  RMSE = 38.212  GAME1 = 17.784  GAME2 = 19.192  GAME3 = 20.075  lr = 3.36e-05  time = 16.7s
[e181 s0001/1030] loss = 0.145643
[e181 s0050/1030] loss = 0.223053
[e181 s0100/1030] loss = 0.180079
[e181 s0150/1030] loss = 0.171156
[e181 s0200/1030] loss = 0.558088
[e181 s0250/1030] loss = 0.471620
[e181 s0300/1030] loss = 0.409896
[e181 s0350/1030] loss = 0.391988
[e181 s0400/1030] loss = 0.361192
[e181 s0450/1030] loss = 0.334037
[e181 s0500/1030] loss = 0.313912
[e181 s0550/1030] loss = 0.299732
[e181 s0600/1030] loss = 0.284976
[e181 s0650/1030] loss = 0.275271
[e181 s0700/1030] loss = 0.266826
[e181 s0750/1030] loss = 0.262507
[e181 s0800/1030] loss = 0.256379
[e181 s0850/1030] loss = 0.252098
[e181 s0900/1030] loss = 0.247744
[e181 s0950/1030] loss = 0.243018
[e181 s1000/1030] loss = 0.239661
Epoch 181: train_loss = 0.235991  MAE/GAME0 = 20.121  RMSE = 40.317  GAME1 = 20.719  GAME2 = 21.242  GAME3 = 21.536  lr = 3.34e-05  time = 16.8s
[e182 s0001/1030] loss = 0.051791
[e182 s0050/1030] loss = 0.198946
[e182 s0100/1030] loss = 0.167508
[e182 s0150/1030] loss = 0.173537
[e182 s0200/1030] loss = 0.161885
[e182 s0250/1030] loss = 0.152006
[e182 s0300/1030] loss = 0.155043
[e182 s0350/1030] loss = 0.160104
[e182 s0400/1030] loss = 0.158661
[e182 s0450/1030] loss = 0.171041
[e182 s0500/1030] loss = 0.166216
[e182 s0550/1030] loss = 0.164721
[e182 s0600/1030] loss = 0.164920
[e182 s0650/1030] loss = 0.165962
[e182 s0700/1030] loss = 0.166837
[e182 s0750/1030] loss = 0.162896
[e182 s0800/1030] loss = 0.163374
[e182 s0850/1030] loss = 0.252315
[e182 s0900/1030] loss = 0.248162
[e182 s0950/1030] loss = 0.246713
[e182 s1000/1030] loss = 0.241868
Epoch 182: train_loss = 0.237631  MAE/GAME0 = 14.998  RMSE = 37.363  GAME1 = 16.816  GAME2 = 18.420  GAME3 = 19.458  lr = 3.32e-05  time = 17.1s
[e183 s0001/1030] loss = 0.038158
[e183 s0050/1030] loss = 0.226338
[e183 s0100/1030] loss = 0.171205
[e183 s0150/1030] loss = 0.178825
[e183 s0200/1030] loss = 0.175996
[e183 s0250/1030] loss = 0.189753
[e183 s0300/1030] loss = 0.184093
[e183 s0350/1030] loss = 0.385216
[e183 s0400/1030] loss = 0.351221
[e183 s0450/1030] loss = 0.328652
[e183 s0500/1030] loss = 0.314160
[e183 s0550/1030] loss = 0.297646
[e183 s0600/1030] loss = 0.288535
[e183 s0650/1030] loss = 0.281719
[e183 s0700/1030] loss = 0.267300
[e183 s0750/1030] loss = 0.259475
[e183 s0800/1030] loss = 0.251229
[e183 s0850/1030] loss = 0.244085
[e183 s0900/1030] loss = 0.239166
[e183 s0950/1030] loss = 0.236330
[e183 s1000/1030] loss = 0.231336
Epoch 183: train_loss = 0.230467  MAE/GAME0 = 14.671  RMSE = 37.328  GAME1 = 16.513  GAME2 = 17.960  GAME3 = 19.131  lr = 3.29e-05  time = 16.6s
[e184 s0001/1030] loss = 0.163718
[e184 s0050/1030] loss = 0.213793
[e184 s0100/1030] loss = 0.228112
[e184 s0150/1030] loss = 0.200906
[e184 s0200/1030] loss = 0.182793
[e184 s0250/1030] loss = 0.182242
[e184 s0300/1030] loss = 0.175892
[e184 s0350/1030] loss = 0.176593
[e184 s0400/1030] loss = 0.359990
[e184 s0450/1030] loss = 0.335176
[e184 s0500/1030] loss = 0.315512
[e184 s0550/1030] loss = 0.304232
[e184 s0600/1030] loss = 0.288228
[e184 s0650/1030] loss = 0.277846
[e184 s0700/1030] loss = 0.268522
[e184 s0750/1030] loss = 0.263041
[e184 s0800/1030] loss = 0.254198
[e184 s0850/1030] loss = 0.251592
[e184 s0900/1030] loss = 0.243944
[e184 s0950/1030] loss = 0.238777
[e184 s1000/1030] loss = 0.235805
Epoch 184: train_loss = 0.233518  MAE/GAME0 = 15.839  RMSE = 37.921  GAME1 = 17.344  GAME2 = 18.694  GAME3 = 19.566  lr = 3.27e-05  time = 16.3s
[e185 s0001/1030] loss = 0.398504
[e185 s0050/1030] loss = 0.164858
[e185 s0100/1030] loss = 0.144913
[e185 s0150/1030] loss = 0.144916
[e185 s0200/1030] loss = 0.136621
[e185 s0250/1030] loss = 0.140861
[e185 s0300/1030] loss = 0.145231
[e185 s0350/1030] loss = 0.145888
[e185 s0400/1030] loss = 0.148794
[e185 s0450/1030] loss = 0.152971
[e185 s0500/1030] loss = 0.152713
[e185 s0550/1030] loss = 0.150594
[e185 s0600/1030] loss = 0.277131
[e185 s0650/1030] loss = 0.270730
[e185 s0700/1030] loss = 0.261149
[e185 s0750/1030] loss = 0.254219
[e185 s0800/1030] loss = 0.251397
[e185 s0850/1030] loss = 0.245412
[e185 s0900/1030] loss = 0.242790
[e185 s0950/1030] loss = 0.236466
[e185 s1000/1030] loss = 0.233087
Epoch 185: train_loss = 0.233488  MAE/GAME0 = 15.067  RMSE = 37.606  GAME1 = 16.785  GAME2 = 18.243  GAME3 = 19.276  lr = 3.25e-05  time = 16.5s
[e186 s0001/1030] loss = 0.003204
[e186 s0050/1030] loss = 0.135201
[e186 s0100/1030] loss = 0.146557
[e186 s0150/1030] loss = 0.136086
[e186 s0200/1030] loss = 0.148329
[e186 s0250/1030] loss = 0.152926
[e186 s0300/1030] loss = 0.150577
[e186 s0350/1030] loss = 0.169247
[e186 s0400/1030] loss = 0.172696
[e186 s0450/1030] loss = 0.168052
[e186 s0500/1030] loss = 0.164898
[e186 s0550/1030] loss = 0.165200
[e186 s0600/1030] loss = 0.166538
[e186 s0650/1030] loss = 0.282873
[e186 s0700/1030] loss = 0.269882
[e186 s0750/1030] loss = 0.263938
[e186 s0800/1030] loss = 0.256112
[e186 s0850/1030] loss = 0.248107
[e186 s0900/1030] loss = 0.241900
[e186 s0950/1030] loss = 0.237660
[e186 s1000/1030] loss = 0.233058
Epoch 186: train_loss = 0.229462  MAE/GAME0 = 17.976  RMSE = 39.185  GAME1 = 18.890  GAME2 = 19.793  GAME3 = 20.303  lr = 3.23e-05  time = 16.4s
[e187 s0001/1030] loss = 0.281953
[e187 s0050/1030] loss = 0.270265
[e187 s0100/1030] loss = 0.200062
[e187 s0150/1030] loss = 0.181806
[e187 s0200/1030] loss = 0.171421
[e187 s0250/1030] loss = 0.161411
[e187 s0300/1030] loss = 0.161758
[e187 s0350/1030] loss = 0.163373
[e187 s0400/1030] loss = 0.171975
[e187 s0450/1030] loss = 0.174202
[e187 s0500/1030] loss = 0.172184
[e187 s0550/1030] loss = 0.168459
[e187 s0600/1030] loss = 0.166899
[e187 s0650/1030] loss = 0.162929
[e187 s0700/1030] loss = 0.160662
[e187 s0750/1030] loss = 0.159246
[e187 s0800/1030] loss = 0.156657
[e187 s0850/1030] loss = 0.245394
[e187 s0900/1030] loss = 0.242410
[e187 s0950/1030] loss = 0.235673
[e187 s1000/1030] loss = 0.231203
Epoch 187: train_loss = 0.227487  MAE/GAME0 = 15.871  RMSE = 37.993  GAME1 = 17.084  GAME2 = 18.240  GAME3 = 19.063  lr = 3.21e-05  time = 16.5s
[e188 s0001/1030] loss = 0.013283
[e188 s0050/1030] loss = 0.118492
[e188 s0100/1030] loss = 0.129616
[e188 s0150/1030] loss = 0.125684
[e188 s0200/1030] loss = 0.144474
[e188 s0250/1030] loss = 0.145497
[e188 s0300/1030] loss = 0.146834
[e188 s0350/1030] loss = 0.141038
[e188 s0400/1030] loss = 0.136921
[e188 s0450/1030] loss = 0.139756
[e188 s0500/1030] loss = 0.142705
[e188 s0550/1030] loss = 0.142026
[e188 s0600/1030] loss = 0.147928
[e188 s0650/1030] loss = 0.146562
[e188 s0700/1030] loss = 0.146801
[e188 s0750/1030] loss = 0.145365
[e188 s0800/1030] loss = 0.238179
[e188 s0850/1030] loss = 0.233027
[e188 s0900/1030] loss = 0.229975
[e188 s0950/1030] loss = 0.223036
[e188 s1000/1030] loss = 0.220052
Epoch 188: train_loss = 0.219490  MAE/GAME0 = 14.605  RMSE = 37.289  GAME1 = 16.340  GAME2 = 17.890  GAME3 = 19.007  lr = 3.19e-05  time = 16.6s
[e189 s0001/1030] loss = 0.190287
[e189 s0050/1030] loss = 0.220259
[e189 s0100/1030] loss = 0.196774
[e189 s0150/1030] loss = 0.192259
[e189 s0200/1030] loss = 0.178824
[e189 s0250/1030] loss = 0.172905
[e189 s0300/1030] loss = 0.179573
[e189 s0350/1030] loss = 0.172221
[e189 s0400/1030] loss = 0.173168
[e189 s0450/1030] loss = 0.173939
[e189 s0500/1030] loss = 0.167266
[e189 s0550/1030] loss = 0.167039
[e189 s0600/1030] loss = 0.166893
[e189 s0650/1030] loss = 0.166659
[e189 s0700/1030] loss = 0.162810
[e189 s0750/1030] loss = 0.160139
[e189 s0800/1030] loss = 0.156525
[e189 s0850/1030] loss = 0.154215
[e189 s0900/1030] loss = 0.156408
[e189 s0950/1030] loss = 0.152642
[e189 s1000/1030] loss = 0.223112
Epoch 189: train_loss = 0.222382  MAE/GAME0 = 14.900  RMSE = 37.515  GAME1 = 16.606  GAME2 = 18.130  GAME3 = 19.217  lr = 3.17e-05  time = 16.7s
[e190 s0001/1030] loss = 0.130678
[e190 s0050/1030] loss = 1.396536
[e190 s0100/1030] loss = 0.797405
[e190 s0150/1030] loss = 0.616660
[e190 s0200/1030] loss = 0.497071
[e190 s0250/1030] loss = 0.419658
[e190 s0300/1030] loss = 0.369081
[e190 s0350/1030] loss = 0.335443
[e190 s0400/1030] loss = 0.306611
[e190 s0450/1030] loss = 0.291304
[e190 s0500/1030] loss = 0.278390
[e190 s0550/1030] loss = 0.265148
[e190 s0600/1030] loss = 0.255592
[e190 s0650/1030] loss = 0.248964
[e190 s0700/1030] loss = 0.240041
[e190 s0750/1030] loss = 0.235791
[e190 s0800/1030] loss = 0.228462
[e190 s0850/1030] loss = 0.225070
[e190 s0900/1030] loss = 0.223598
[e190 s0950/1030] loss = 0.220041
[e190 s1000/1030] loss = 0.216232
Epoch 190: train_loss = 0.213573  MAE/GAME0 = 14.153  RMSE = 36.964  GAME1 = 16.114  GAME2 = 17.758  GAME3 = 18.960  lr = 3.15e-05  time = 16.4s
[e191 s0001/1030] loss = 0.065438
[e191 s0050/1030] loss = 1.505521
[e191 s0100/1030] loss = 0.809470
[e191 s0150/1030] loss = 0.586361
[e191 s0200/1030] loss = 0.493101
[e191 s0250/1030] loss = 0.424459
[e191 s0300/1030] loss = 0.376429
[e191 s0350/1030] loss = 0.342969
[e191 s0400/1030] loss = 0.322987
[e191 s0450/1030] loss = 0.304168
[e191 s0500/1030] loss = 0.291577
[e191 s0550/1030] loss = 0.276405
[e191 s0600/1030] loss = 0.264875
[e191 s0650/1030] loss = 0.258078
[e191 s0700/1030] loss = 0.255769
[e191 s0750/1030] loss = 0.249700
[e191 s0800/1030] loss = 0.243364
[e191 s0850/1030] loss = 0.236858
[e191 s0900/1030] loss = 0.230620
[e191 s0950/1030] loss = 0.225600
[e191 s1000/1030] loss = 0.220004
Epoch 191: train_loss = 0.216912  MAE/GAME0 = 13.988  RMSE = 36.697  GAME1 = 15.949  GAME2 = 17.773  GAME3 = 19.037  lr = 3.13e-05  time = 16.6s
[e192 s0001/1030] loss = 0.067386
[e192 s0050/1030] loss = 0.140755
[e192 s0100/1030] loss = 0.134083
[e192 s0150/1030] loss = 0.139448
[e192 s0200/1030] loss = 0.156705
[e192 s0250/1030] loss = 0.159777
[e192 s0300/1030] loss = 0.155068
[e192 s0350/1030] loss = 0.355041
[e192 s0400/1030] loss = 0.331477
[e192 s0450/1030] loss = 0.307880
[e192 s0500/1030] loss = 0.295351
[e192 s0550/1030] loss = 0.277891
[e192 s0600/1030] loss = 0.268093
[e192 s0650/1030] loss = 0.265989
[e192 s0700/1030] loss = 0.253878
[e192 s0750/1030] loss = 0.244288
[e192 s0800/1030] loss = 0.234887
[e192 s0850/1030] loss = 0.227884
[e192 s0900/1030] loss = 0.227978
[e192 s0950/1030] loss = 0.224566
[e192 s1000/1030] loss = 0.220468
Epoch 192: train_loss = 0.221941  MAE/GAME0 = 15.546  RMSE = 37.827  GAME1 = 17.018  GAME2 = 18.348  GAME3 = 19.334  lr = 3.11e-05  time = 16.7s
[e193 s0001/1030] loss = 0.086168
[e193 s0050/1030] loss = 0.089877
[e193 s0100/1030] loss = 0.133506
[e193 s0150/1030] loss = 0.143882
[e193 s0200/1030] loss = 0.139867
[e193 s0250/1030] loss = 0.146887
[e193 s0300/1030] loss = 0.146345
[e193 s0350/1030] loss = 0.141336
[e193 s0400/1030] loss = 0.143067
[e193 s0450/1030] loss = 0.138425
[e193 s0500/1030] loss = 0.137837
[e193 s0550/1030] loss = 0.137723
[e193 s0600/1030] loss = 0.135638
[e193 s0650/1030] loss = 0.142629
[e193 s0700/1030] loss = 0.140898
[e193 s0750/1030] loss = 0.141330
[e193 s0800/1030] loss = 0.145508
[e193 s0850/1030] loss = 0.145334
[e193 s0900/1030] loss = 0.146201
[e193 s0950/1030] loss = 0.147228
[e193 s1000/1030] loss = 0.217617
Epoch 193: train_loss = 0.216644  MAE/GAME0 = 15.522  RMSE = 37.884  GAME1 = 17.059  GAME2 = 18.438  GAME3 = 19.348  lr = 3.09e-05  time = 16.7s
[e194 s0001/1030] loss = 0.395388
[e194 s0050/1030] loss = 0.202388
[e194 s0100/1030] loss = 0.153634
[e194 s0150/1030] loss = 0.156767
[e194 s0200/1030] loss = 0.162505
[e194 s0250/1030] loss = 0.162138
[e194 s0300/1030] loss = 0.158323
[e194 s0350/1030] loss = 0.151566
[e194 s0400/1030] loss = 0.148141
[e194 s0450/1030] loss = 0.300760
[e194 s0500/1030] loss = 0.284768
[e194 s0550/1030] loss = 0.273947
[e194 s0600/1030] loss = 0.265425
[e194 s0650/1030] loss = 0.256623
[e194 s0700/1030] loss = 0.250948
[e194 s0750/1030] loss = 0.243960
[e194 s0800/1030] loss = 0.235366
[e194 s0850/1030] loss = 0.230988
[e194 s0900/1030] loss = 0.224707
[e194 s0950/1030] loss = 0.220060
[e194 s1000/1030] loss = 0.215629
Epoch 194: train_loss = 0.215444  MAE/GAME0 = 13.368  RMSE = 36.258  GAME1 = 15.516  GAME2 = 17.504  GAME3 = 18.972  lr = 3.06e-05  time = 16.4s
[e195 s0001/1030] loss = 0.015949
[e195 s0050/1030] loss = 1.474596
[e195 s0100/1030] loss = 0.824373
[e195 s0150/1030] loss = 0.590941
[e195 s0200/1030] loss = 0.472789
[e195 s0250/1030] loss = 0.400630
[e195 s0300/1030] loss = 0.360254
[e195 s0350/1030] loss = 0.325252
[e195 s0400/1030] loss = 0.304652
[e195 s0450/1030] loss = 0.296517
[e195 s0500/1030] loss = 0.285752
[e195 s0550/1030] loss = 0.272815
[e195 s0600/1030] loss = 0.260303
[e195 s0650/1030] loss = 0.251187
[e195 s0700/1030] loss = 0.242321
[e195 s0750/1030] loss = 0.234729
[e195 s0800/1030] loss = 0.228805
[e195 s0850/1030] loss = 0.221825
[e195 s0900/1030] loss = 0.219078
[e195 s0950/1030] loss = 0.221546
[e195 s1000/1030] loss = 0.218381
Epoch 195: train_loss = 0.217655  MAE/GAME0 = 16.548  RMSE = 38.410  GAME1 = 17.903  GAME2 = 19.200  GAME3 = 20.040  lr = 3.04e-05  time = 16.6s
[e196 s0001/1030] loss = 0.585379
[e196 s0050/1030] loss = 0.138391
[e196 s0100/1030] loss = 0.134046
[e196 s0150/1030] loss = 0.130726
[e196 s0200/1030] loss = 0.134710
[e196 s0250/1030] loss = 0.139427
[e196 s0300/1030] loss = 0.132634
[e196 s0350/1030] loss = 0.138701
[e196 s0400/1030] loss = 0.153453
[e196 s0450/1030] loss = 0.152933
[e196 s0500/1030] loss = 0.150862
[e196 s0550/1030] loss = 0.149389
[e196 s0600/1030] loss = 0.146837
[e196 s0650/1030] loss = 0.146598
[e196 s0700/1030] loss = 0.147208
[e196 s0750/1030] loss = 0.148245
[e196 s0800/1030] loss = 0.241175
[e196 s0850/1030] loss = 0.231078
[e196 s0900/1030] loss = 0.227274
[e196 s0950/1030] loss = 0.221196
[e196 s1000/1030] loss = 0.218345
Epoch 196: train_loss = 0.214560  MAE/GAME0 = 19.563  RMSE = 40.055  GAME1 = 20.072  GAME2 = 20.622  GAME3 = 20.966  lr = 3.02e-05  time = 16.7s
[e197 s0001/1030] loss = 0.360525
[e197 s0050/1030] loss = 0.148500
[e197 s0100/1030] loss = 0.134705
[e197 s0150/1030] loss = 0.128190
[e197 s0200/1030] loss = 0.124204
[e197 s0250/1030] loss = 0.405670
[e197 s0300/1030] loss = 0.378848
[e197 s0350/1030] loss = 0.338487
[e197 s0400/1030] loss = 0.311997
[e197 s0450/1030] loss = 0.296962
[e197 s0500/1030] loss = 0.280347
[e197 s0550/1030] loss = 0.265079
[e197 s0600/1030] loss = 0.253955
[e197 s0650/1030] loss = 0.243281
[e197 s0700/1030] loss = 0.234896
[e197 s0750/1030] loss = 0.235462
[e197 s0800/1030] loss = 0.228741
[e197 s0850/1030] loss = 0.227618
[e197 s0900/1030] loss = 0.224029
[e197 s0950/1030] loss = 0.219548
[e197 s1000/1030] loss = 0.215500
Epoch 197: train_loss = 0.212400  MAE/GAME0 = 15.714  RMSE = 37.990  GAME1 = 17.072  GAME2 = 18.443  GAME3 = 19.342  lr = 3.00e-05  time = 16.8s
[e198 s0001/1030] loss = 0.300801
[e198 s0050/1030] loss = 0.307903
[e198 s0100/1030] loss = 0.207500
[e198 s0150/1030] loss = 0.174739
[e198 s0200/1030] loss = 0.158788
[e198 s0250/1030] loss = 0.152994
[e198 s0300/1030] loss = 0.144960
[e198 s0350/1030] loss = 0.142930
[e198 s0400/1030] loss = 0.141004
[e198 s0450/1030] loss = 0.141036
[e198 s0500/1030] loss = 0.142634
[e198 s0550/1030] loss = 0.138849
[e198 s0600/1030] loss = 0.139993
[e198 s0650/1030] loss = 0.138969
[e198 s0700/1030] loss = 0.140573
[e198 s0750/1030] loss = 0.139162
[e198 s0800/1030] loss = 0.144427
[e198 s0850/1030] loss = 0.233337
[e198 s0900/1030] loss = 0.229840
[e198 s0950/1030] loss = 0.226714
[e198 s1000/1030] loss = 0.222450
Epoch 198: train_loss = 0.219844  MAE/GAME0 = 15.506  RMSE = 37.751  GAME1 = 16.970  GAME2 = 18.420  GAME3 = 19.437  lr = 2.98e-05  time = 16.5s
[e199 s0001/1030] loss = 1.060881
[e199 s0050/1030] loss = 0.203034
[e199 s0100/1030] loss = 0.178746
[e199 s0150/1030] loss = 0.173255
[e199 s0200/1030] loss = 0.171509
[e199 s0250/1030] loss = 0.166948
[e199 s0300/1030] loss = 0.157024
[e199 s0350/1030] loss = 0.159287
[e199 s0400/1030] loss = 0.149780
[e199 s0450/1030] loss = 0.146288
[e199 s0500/1030] loss = 0.150483
[e199 s0550/1030] loss = 0.275575
[e199 s0600/1030] loss = 0.261285
[e199 s0650/1030] loss = 0.249352
[e199 s0700/1030] loss = 0.241790
[e199 s0750/1030] loss = 0.233689
[e199 s0800/1030] loss = 0.227322
[e199 s0850/1030] loss = 0.225091
[e199 s0900/1030] loss = 0.222112
[e199 s0950/1030] loss = 0.216678
[e199 s1000/1030] loss = 0.214827
Epoch 199: train_loss = 0.213465  MAE/GAME0 = 15.755  RMSE = 37.959  GAME1 = 17.302  GAME2 = 18.668  GAME3 = 19.584  lr = 2.96e-05  time = 16.5s
[e200 s0001/1030] loss = 0.006720
[e200 s0050/1030] loss = 0.228578
[e200 s0100/1030] loss = 0.187244
[e200 s0150/1030] loss = 0.181033
[e200 s0200/1030] loss = 0.169127
[e200 s0250/1030] loss = 0.163125
[e200 s0300/1030] loss = 0.151371
[e200 s0350/1030] loss = 0.149835
[e200 s0400/1030] loss = 0.151807
[e200 s0450/1030] loss = 0.314511
[e200 s0500/1030] loss = 0.296178
[e200 s0550/1030] loss = 0.280679
[e200 s0600/1030] loss = 0.267176
[e200 s0650/1030] loss = 0.257143
[e200 s0700/1030] loss = 0.247152
[e200 s0750/1030] loss = 0.240202
[e200 s0800/1030] loss = 0.233812
[e200 s0850/1030] loss = 0.227522
[e200 s0900/1030] loss = 0.227709
[e200 s0950/1030] loss = 0.222818
[e200 s1000/1030] loss = 0.217857
Epoch 200: train_loss = 0.214639  MAE/GAME0 = 14.177  RMSE = 37.002  GAME1 = 16.178  GAME2 = 17.809  GAME3 = 19.061  lr = 2.94e-05  time = 16.4s
[e201 s0001/1030] loss = 0.021371
[e201 s0050/1030] loss = 0.202198
[e201 s0100/1030] loss = 0.161938
[e201 s0150/1030] loss = 0.161269
[e201 s0200/1030] loss = 0.157302
[e201 s0250/1030] loss = 0.147712
[e201 s0300/1030] loss = 0.145871
[e201 s0350/1030] loss = 0.359827
[e201 s0400/1030] loss = 0.331040
[e201 s0450/1030] loss = 0.312938
[e201 s0500/1030] loss = 0.292739
[e201 s0550/1030] loss = 0.276351
[e201 s0600/1030] loss = 0.263272
[e201 s0650/1030] loss = 0.250204
[e201 s0700/1030] loss = 0.239902
[e201 s0750/1030] loss = 0.235765
[e201 s0800/1030] loss = 0.229894
[e201 s0850/1030] loss = 0.222708
[e201 s0900/1030] loss = 0.222812
[e201 s0950/1030] loss = 0.217421
[e201 s1000/1030] loss = 0.214497
Epoch 201: train_loss = 0.212008  MAE/GAME0 = 17.201  RMSE = 38.867  GAME1 = 18.127  GAME2 = 19.053  GAME3 = 19.723  lr = 2.91e-05  time = 16.4s
[e202 s0001/1030] loss = 0.096507
[e202 s0050/1030] loss = 0.133216
[e202 s0100/1030] loss = 0.151806
[e202 s0150/1030] loss = 0.140588
[e202 s0200/1030] loss = 0.138408
[e202 s0250/1030] loss = 0.410590
[e202 s0300/1030] loss = 0.359897
[e202 s0350/1030] loss = 0.328189
[e202 s0400/1030] loss = 0.302557
[e202 s0450/1030] loss = 0.281323
[e202 s0500/1030] loss = 0.273734
[e202 s0550/1030] loss = 0.262213
[e202 s0600/1030] loss = 0.253764
[e202 s0650/1030] loss = 0.244166
[e202 s0700/1030] loss = 0.237627
[e202 s0750/1030] loss = 0.233280
[e202 s0800/1030] loss = 0.227435
[e202 s0850/1030] loss = 0.224283
[e202 s0900/1030] loss = 0.219815
[e202 s0950/1030] loss = 0.217446
[e202 s1000/1030] loss = 0.215590
Epoch 202: train_loss = 0.213284  MAE/GAME0 = 17.712  RMSE = 39.048  GAME1 = 18.606  GAME2 = 19.479  GAME3 = 20.050  lr = 2.89e-05  time = 16.4s
[e203 s0001/1030] loss = 0.071812
[e203 s0050/1030] loss = 0.096917
[e203 s0100/1030] loss = 0.087350
[e203 s0150/1030] loss = 0.555270
[e203 s0200/1030] loss = 0.443338
[e203 s0250/1030] loss = 0.382350
[e203 s0300/1030] loss = 0.338643
[e203 s0350/1030] loss = 0.329046
[e203 s0400/1030] loss = 0.303709
[e203 s0450/1030] loss = 0.284992
[e203 s0500/1030] loss = 0.272358
[e203 s0550/1030] loss = 0.259735
[e203 s0600/1030] loss = 0.255059
[e203 s0650/1030] loss = 0.243512
[e203 s0700/1030] loss = 0.240329
[e203 s0750/1030] loss = 0.231592
[e203 s0800/1030] loss = 0.226411
[e203 s0850/1030] loss = 0.222224
[e203 s0900/1030] loss = 0.217533
[e203 s0950/1030] loss = 0.213569
[e203 s1000/1030] loss = 0.209150
Epoch 203: train_loss = 0.212072  MAE/GAME0 = 13.563  RMSE = 36.225  GAME1 = 15.790  GAME2 = 17.793  GAME3 = 19.228  lr = 2.87e-05  time = 16.4s
[e204 s0001/1030] loss = 0.195654
[e204 s0050/1030] loss = 0.181167
[e204 s0100/1030] loss = 0.152500
[e204 s0150/1030] loss = 0.138865
[e204 s0200/1030] loss = 0.138203
[e204 s0250/1030] loss = 0.137577
[e204 s0300/1030] loss = 0.377451
[e204 s0350/1030] loss = 0.341165
[e204 s0400/1030] loss = 0.314557
[e204 s0450/1030] loss = 0.296180
[e204 s0500/1030] loss = 0.284460
[e204 s0550/1030] loss = 0.273243
[e204 s0600/1030] loss = 0.262960
[e204 s0650/1030] loss = 0.256328
[e204 s0700/1030] loss = 0.246219
[e204 s0750/1030] loss = 0.236595
[e204 s0800/1030] loss = 0.231633
[e204 s0850/1030] loss = 0.224512
[e204 s0900/1030] loss = 0.218181
[e204 s0950/1030] loss = 0.214930
[e204 s1000/1030] loss = 0.211878
Epoch 204: train_loss = 0.209444  MAE/GAME0 = 17.906  RMSE = 39.123  GAME1 = 18.709  GAME2 = 19.497  GAME3 = 20.043  lr = 2.85e-05  time = 16.9s
[e205 s0001/1030] loss = 0.073352
[e205 s0050/1030] loss = 0.115682
[e205 s0100/1030] loss = 0.104755
[e205 s0150/1030] loss = 0.119376
[e205 s0200/1030] loss = 0.122482
[e205 s0250/1030] loss = 0.121004
[e205 s0300/1030] loss = 0.121706
[e205 s0350/1030] loss = 0.121759
[e205 s0400/1030] loss = 0.123191
[e205 s0450/1030] loss = 0.130657
[e205 s0500/1030] loss = 0.130578
[e205 s0550/1030] loss = 0.133201
[e205 s0600/1030] loss = 0.131960
[e205 s0650/1030] loss = 0.133327
[e205 s0700/1030] loss = 0.134583
[e205 s0750/1030] loss = 0.133816
[e205 s0800/1030] loss = 0.131357
[e205 s0850/1030] loss = 0.223171
[e205 s0900/1030] loss = 0.216369
[e205 s0950/1030] loss = 0.209410
[e205 s1000/1030] loss = 0.207312
Epoch 205: train_loss = 0.204748  MAE/GAME0 = 13.572  RMSE = 36.584  GAME1 = 15.527  GAME2 = 17.345  GAME3 = 18.776  lr = 2.83e-05  time = 16.8s
[e206 s0001/1030] loss = 0.228428
[e206 s0050/1030] loss = 0.106396
[e206 s0100/1030] loss = 0.101393
[e206 s0150/1030] loss = 0.105592
[e206 s0200/1030] loss = 0.111597
[e206 s0250/1030] loss = 0.115427
[e206 s0300/1030] loss = 0.118723
[e206 s0350/1030] loss = 0.125101
[e206 s0400/1030] loss = 0.128436
[e206 s0450/1030] loss = 0.134404
[e206 s0500/1030] loss = 0.130397
[e206 s0550/1030] loss = 0.131455
[e206 s0600/1030] loss = 0.131722
[e206 s0650/1030] loss = 0.127695
[e206 s0700/1030] loss = 0.134682
[e206 s0750/1030] loss = 0.135201
[e206 s0800/1030] loss = 0.215668
[e206 s0850/1030] loss = 0.210773
[e206 s0900/1030] loss = 0.208782
[e206 s0950/1030] loss = 0.205356
[e206 s1000/1030] loss = 0.201744
Epoch 206: train_loss = 0.198434  MAE/GAME0 = 14.402  RMSE = 37.049  GAME1 = 16.191  GAME2 = 17.774  GAME3 = 18.954  lr = 2.81e-05  time = 16.5s
[e207 s0001/1030] loss = 0.238642
[e207 s0050/1030] loss = 0.106848
[e207 s0100/1030] loss = 0.111147
[e207 s0150/1030] loss = 0.115768
[e207 s0200/1030] loss = 0.118516
[e207 s0250/1030] loss = 0.111957
[e207 s0300/1030] loss = 0.113081
[e207 s0350/1030] loss = 0.114153
[e207 s0400/1030] loss = 0.120089
[e207 s0450/1030] loss = 0.122013
[e207 s0500/1030] loss = 0.124772
[e207 s0550/1030] loss = 0.125423
[e207 s0600/1030] loss = 0.124813
[e207 s0650/1030] loss = 0.233109
[e207 s0700/1030] loss = 0.224352
[e207 s0750/1030] loss = 0.220909
[e207 s0800/1030] loss = 0.219113
[e207 s0850/1030] loss = 0.215943
[e207 s0900/1030] loss = 0.209860
[e207 s0950/1030] loss = 0.208022
[e207 s1000/1030] loss = 0.209030
Epoch 207: train_loss = 0.207486  MAE/GAME0 = 13.766  RMSE = 36.569  GAME1 = 15.912  GAME2 = 17.746  GAME3 = 19.129  lr = 2.79e-05  time = 16.9s
[e208 s0001/1030] loss = 0.102527
[e208 s0050/1030] loss = 0.147164
[e208 s0100/1030] loss = 0.129335
[e208 s0150/1030] loss = 0.128678
[e208 s0200/1030] loss = 0.125415
[e208 s0250/1030] loss = 0.133456
[e208 s0300/1030] loss = 0.129973
[e208 s0350/1030] loss = 0.133758
[e208 s0400/1030] loss = 0.137070
[e208 s0450/1030] loss = 0.139203
[e208 s0500/1030] loss = 0.136539
[e208 s0550/1030] loss = 0.262500
[e208 s0600/1030] loss = 0.248591
[e208 s0650/1030] loss = 0.241787
[e208 s0700/1030] loss = 0.235966
[e208 s0750/1030] loss = 0.229521
[e208 s0800/1030] loss = 0.223076
[e208 s0850/1030] loss = 0.215407
[e208 s0900/1030] loss = 0.213261
[e208 s0950/1030] loss = 0.208808
[e208 s1000/1030] loss = 0.205889
Epoch 208: train_loss = 0.204486  MAE/GAME0 = 15.397  RMSE = 37.671  GAME1 = 16.916  GAME2 = 18.287  GAME3 = 19.308  lr = 2.76e-05  time = 16.4s
[e209 s0001/1030] loss = 0.100694
[e209 s0050/1030] loss = 0.125351
[e209 s0100/1030] loss = 0.112609
[e209 s0150/1030] loss = 0.123281
[e209 s0200/1030] loss = 0.122451
[e209 s0250/1030] loss = 0.121812
[e209 s0300/1030] loss = 0.121833
[e209 s0350/1030] loss = 0.124193
[e209 s0400/1030] loss = 0.132590
[e209 s0450/1030] loss = 0.290989
[e209 s0500/1030] loss = 0.277225
[e209 s0550/1030] loss = 0.265818
[e209 s0600/1030] loss = 0.252201
[e209 s0650/1030] loss = 0.240673
[e209 s0700/1030] loss = 0.231693
[e209 s0750/1030] loss = 0.224961
[e209 s0800/1030] loss = 0.221022
[e209 s0850/1030] loss = 0.217715
[e209 s0900/1030] loss = 0.213976
[e209 s0950/1030] loss = 0.208956
[e209 s1000/1030] loss = 0.204837
Epoch 209: train_loss = 0.203856  MAE/GAME0 = 14.565  RMSE = 37.152  GAME1 = 16.186  GAME2 = 17.720  GAME3 = 18.823  lr = 2.74e-05  time = 16.3s
[e210 s0001/1030] loss = 0.052323
[e210 s0050/1030] loss = 0.117795
[e210 s0100/1030] loss = 0.115071
[e210 s0150/1030] loss = 0.127613
[e210 s0200/1030] loss = 0.133724
[e210 s0250/1030] loss = 0.129725
[e210 s0300/1030] loss = 0.126397
[e210 s0350/1030] loss = 0.132961
[e210 s0400/1030] loss = 0.128373
[e210 s0450/1030] loss = 0.132274
[e210 s0500/1030] loss = 0.273315
[e210 s0550/1030] loss = 0.259574
[e210 s0600/1030] loss = 0.252698
[e210 s0650/1030] loss = 0.244037
[e210 s0700/1030] loss = 0.236452
[e210 s0750/1030] loss = 0.232779
[e210 s0800/1030] loss = 0.225231
[e210 s0850/1030] loss = 0.218086
[e210 s0900/1030] loss = 0.212337
[e210 s0950/1030] loss = 0.208037
[e210 s1000/1030] loss = 0.202888
Epoch 210: train_loss = 0.200006  MAE/GAME0 = 13.623  RMSE = 36.152  GAME1 = 16.042  GAME2 = 18.089  GAME3 = 19.420  lr = 2.72e-05  time = 16.6s
[e211 s0001/1030] loss = 0.056338
[e211 s0050/1030] loss = 0.158549
[e211 s0100/1030] loss = 0.125697
[e211 s0150/1030] loss = 0.127553
[e211 s0200/1030] loss = 0.125249
[e211 s0250/1030] loss = 0.127635
[e211 s0300/1030] loss = 0.126174
[e211 s0350/1030] loss = 0.124948
[e211 s0400/1030] loss = 0.130704
[e211 s0450/1030] loss = 0.130171
[e211 s0500/1030] loss = 0.129312
[e211 s0550/1030] loss = 0.256065
[e211 s0600/1030] loss = 0.247126
[e211 s0650/1030] loss = 0.235713
[e211 s0700/1030] loss = 0.226157
[e211 s0750/1030] loss = 0.220536
[e211 s0800/1030] loss = 0.214290
[e211 s0850/1030] loss = 0.207386
[e211 s0900/1030] loss = 0.202273
[e211 s0950/1030] loss = 0.202142
[e211 s1000/1030] loss = 0.197420
Epoch 211: train_loss = 0.197324  MAE/GAME0 = 15.553  RMSE = 37.799  GAME1 = 17.069  GAME2 = 18.487  GAME3 = 19.424  lr = 2.70e-05  time = 16.5s
[e212 s0001/1030] loss = 0.167504
[e212 s0050/1030] loss = 0.101951
[e212 s0100/1030] loss = 0.127618
[e212 s0150/1030] loss = 0.134717
[e212 s0200/1030] loss = 0.135101
[e212 s0250/1030] loss = 0.127051
[e212 s0300/1030] loss = 0.126649
[e212 s0350/1030] loss = 0.124033
[e212 s0400/1030] loss = 0.121610
[e212 s0450/1030] loss = 0.118901
[e212 s0500/1030] loss = 0.120078
[e212 s0550/1030] loss = 0.121354
[e212 s0600/1030] loss = 0.243668
[e212 s0650/1030] loss = 0.232802
[e212 s0700/1030] loss = 0.226481
[e212 s0750/1030] loss = 0.219907
[e212 s0800/1030] loss = 0.213679
[e212 s0850/1030] loss = 0.208426
[e212 s0900/1030] loss = 0.203621
[e212 s0950/1030] loss = 0.199797
[e212 s1000/1030] loss = 0.195238
Epoch 212: train_loss = 0.194400  MAE/GAME0 = 13.292  RMSE = 36.334  GAME1 = 15.767  GAME2 = 17.846  GAME3 = 19.441  lr = 2.68e-05  time = 16.3s
[e213 s0001/1030] loss = 0.150945
[e213 s0050/1030] loss = 0.115881
[e213 s0100/1030] loss = 0.107561
[e213 s0150/1030] loss = 0.117443
[e213 s0200/1030] loss = 0.442194
[e213 s0250/1030] loss = 0.379565
[e213 s0300/1030] loss = 0.343863
[e213 s0350/1030] loss = 0.314033
[e213 s0400/1030] loss = 0.288588
[e213 s0450/1030] loss = 0.271368
[e213 s0500/1030] loss = 0.255314
[e213 s0550/1030] loss = 0.243878
[e213 s0600/1030] loss = 0.233472
[e213 s0650/1030] loss = 0.225813
[e213 s0700/1030] loss = 0.217881
[e213 s0750/1030] loss = 0.216158
[e213 s0800/1030] loss = 0.210622
[e213 s0850/1030] loss = 0.205128
[e213 s0900/1030] loss = 0.202799
[e213 s0950/1030] loss = 0.199034
[e213 s1000/1030] loss = 0.195952
Epoch 213: train_loss = 0.194441  MAE/GAME0 = 17.297  RMSE = 38.845  GAME1 = 18.266  GAME2 = 19.199  GAME3 = 19.836  lr = 2.65e-05  time = 16.5s
[e214 s0001/1030] loss = 0.054919
[e214 s0050/1030] loss = 0.093701
[e214 s0100/1030] loss = 0.118287
[e214 s0150/1030] loss = 0.588660
[e214 s0200/1030] loss = 0.475230
[e214 s0250/1030] loss = 0.402339
[e214 s0300/1030] loss = 0.351576
[e214 s0350/1030] loss = 0.316764
[e214 s0400/1030] loss = 0.296257
[e214 s0450/1030] loss = 0.279683
[e214 s0500/1030] loss = 0.266967
[e214 s0550/1030] loss = 0.255289
[e214 s0600/1030] loss = 0.243032
[e214 s0650/1030] loss = 0.234276
[e214 s0700/1030] loss = 0.227132
[e214 s0750/1030] loss = 0.220770
[e214 s0800/1030] loss = 0.214884
[e214 s0850/1030] loss = 0.211939
[e214 s0900/1030] loss = 0.205047
[e214 s0950/1030] loss = 0.201631
[e214 s1000/1030] loss = 0.198327
Epoch 214: train_loss = 0.195954  MAE/GAME0 = 15.750  RMSE = 37.995  GAME1 = 17.103  GAME2 = 18.386  GAME3 = 19.307  lr = 2.63e-05  time = 16.3s
[e215 s0001/1030] loss = 0.082874
[e215 s0050/1030] loss = 0.094219
[e215 s0100/1030] loss = 0.115306
[e215 s0150/1030] loss = 0.107790
[e215 s0200/1030] loss = 0.443839
[e215 s0250/1030] loss = 0.379693
[e215 s0300/1030] loss = 0.337794
[e215 s0350/1030] loss = 0.305670
[e215 s0400/1030] loss = 0.281539
[e215 s0450/1030] loss = 0.270908
[e215 s0500/1030] loss = 0.261001
[e215 s0550/1030] loss = 0.252433
[e215 s0600/1030] loss = 0.244755
[e215 s0650/1030] loss = 0.233555
[e215 s0700/1030] loss = 0.228511
[e215 s0750/1030] loss = 0.223023
[e215 s0800/1030] loss = 0.217052
[e215 s0850/1030] loss = 0.210614
[e215 s0900/1030] loss = 0.207393
[e215 s0950/1030] loss = 0.204197
[e215 s1000/1030] loss = 0.201958
Epoch 215: train_loss = 0.199483  MAE/GAME0 = 13.281  RMSE = 35.883  GAME1 = 15.512  GAME2 = 17.555  GAME3 = 19.053  lr = 2.61e-05  time = 16.3s
[e216 s0001/1030] loss = 0.050291
[e216 s0050/1030] loss = 0.085015
[e216 s0100/1030] loss = 0.089327
[e216 s0150/1030] loss = 0.557597
[e216 s0200/1030] loss = 0.448027
[e216 s0250/1030] loss = 0.383023
[e216 s0300/1030] loss = 0.341130
[e216 s0350/1030] loss = 0.311412
[e216 s0400/1030] loss = 0.293367
[e216 s0450/1030] loss = 0.271715
[e216 s0500/1030] loss = 0.256489
[e216 s0550/1030] loss = 0.243895
[e216 s0600/1030] loss = 0.230852
[e216 s0650/1030] loss = 0.222158
[e216 s0700/1030] loss = 0.213655
[e216 s0750/1030] loss = 0.206543
[e216 s0800/1030] loss = 0.202269
[e216 s0850/1030] loss = 0.195973
[e216 s0900/1030] loss = 0.192919
[e216 s0950/1030] loss = 0.193583
[e216 s1000/1030] loss = 0.194808
Epoch 216: train_loss = 0.192253  MAE/GAME0 = 14.212  RMSE = 34.862  GAME1 = 16.096  GAME2 = 17.916  GAME3 = 19.243  lr = 2.59e-05  time = 16.4s
[e217 s0001/1030] loss = 0.205726
[e217 s0050/1030] loss = 0.177300
[e217 s0100/1030] loss = 0.157572
[e217 s0150/1030] loss = 0.146907
[e217 s0200/1030] loss = 0.139532
[e217 s0250/1030] loss = 0.401630
[e217 s0300/1030] loss = 0.347629
[e217 s0350/1030] loss = 0.317448
[e217 s0400/1030] loss = 0.295435
[e217 s0450/1030] loss = 0.275756
[e217 s0500/1030] loss = 0.260725
[e217 s0550/1030] loss = 0.248902
[e217 s0600/1030] loss = 0.237426
[e217 s0650/1030] loss = 0.227789
[e217 s0700/1030] loss = 0.220339
[e217 s0750/1030] loss = 0.214425
[e217 s0800/1030] loss = 0.210925
[e217 s0850/1030] loss = 0.207244
[e217 s0900/1030] loss = 0.206971
[e217 s0950/1030] loss = 0.205217
[e217 s1000/1030] loss = 0.200241
Epoch 217: train_loss = 0.199885  MAE/GAME0 = 16.775  RMSE = 38.474  GAME1 = 17.955  GAME2 = 19.061  GAME3 = 19.789  lr = 2.57e-05  time = 16.4s
[e218 s0001/1030] loss = 0.019952
[e218 s0050/1030] loss = 0.131652
[e218 s0100/1030] loss = 0.131341
[e218 s0150/1030] loss = 0.141268
[e218 s0200/1030] loss = 0.129948
[e218 s0250/1030] loss = 0.132588
[e218 s0300/1030] loss = 0.155835
[e218 s0350/1030] loss = 0.153713
[e218 s0400/1030] loss = 0.149345
[e218 s0450/1030] loss = 0.141239
[e218 s0500/1030] loss = 0.140015
[e218 s0550/1030] loss = 0.135586
[e218 s0600/1030] loss = 0.136266
[e218 s0650/1030] loss = 0.139946
[e218 s0700/1030] loss = 0.137105
[e218 s0750/1030] loss = 0.228129
[e218 s0800/1030] loss = 0.222502
[e218 s0850/1030] loss = 0.215828
[e218 s0900/1030] loss = 0.209761
[e218 s0950/1030] loss = 0.204282
[e218 s1000/1030] loss = 0.200506
Epoch 218: train_loss = 0.198324  MAE/GAME0 = 19.433  RMSE = 40.018  GAME1 = 20.025  GAME2 = 20.592  GAME3 = 20.956  lr = 2.55e-05  time = 16.5s
[e219 s0001/1030] loss = 0.139667
[e219 s0050/1030] loss = 0.174391
[e219 s0100/1030] loss = 0.168412
[e219 s0150/1030] loss = 0.144715
[e219 s0200/1030] loss = 0.136366
[e219 s0250/1030] loss = 0.136863
[e219 s0300/1030] loss = 0.133159
[e219 s0350/1030] loss = 0.135065
[e219 s0400/1030] loss = 0.131745
[e219 s0450/1030] loss = 0.132984
[e219 s0500/1030] loss = 0.132973
[e219 s0550/1030] loss = 0.132321
[e219 s0600/1030] loss = 0.131782
[e219 s0650/1030] loss = 0.133063
[e219 s0700/1030] loss = 0.130551
[e219 s0750/1030] loss = 0.128562
[e219 s0800/1030] loss = 0.131376
[e219 s0850/1030] loss = 0.132015
[e219 s0900/1030] loss = 0.129854
[e219 s0950/1030] loss = 0.200827
[e219 s1000/1030] loss = 0.194946
Epoch 219: train_loss = 0.192829  MAE/GAME0 = 14.215  RMSE = 37.112  GAME1 = 16.026  GAME2 = 17.771  GAME3 = 18.949  lr = 2.52e-05  time = 16.7s
[e220 s0001/1030] loss = 0.271021
[e220 s0050/1030] loss = 0.103623
[e220 s0100/1030] loss = 0.102123
[e220 s0150/1030] loss = 0.115136
[e220 s0200/1030] loss = 0.126669
[e220 s0250/1030] loss = 0.127426
[e220 s0300/1030] loss = 0.125031
[e220 s0350/1030] loss = 0.125239
[e220 s0400/1030] loss = 0.124052
[e220 s0450/1030] loss = 0.129976
[e220 s0500/1030] loss = 0.131587
[e220 s0550/1030] loss = 0.128594
[e220 s0600/1030] loss = 0.244482
[e220 s0650/1030] loss = 0.235233
[e220 s0700/1030] loss = 0.225282
[e220 s0750/1030] loss = 0.218428
[e220 s0800/1030] loss = 0.212292
[e220 s0850/1030] loss = 0.207615
[e220 s0900/1030] loss = 0.204020
[e220 s0950/1030] loss = 0.198367
[e220 s1000/1030] loss = 0.193628
Epoch 220: train_loss = 0.190609  MAE/GAME0 = 14.398  RMSE = 37.031  GAME1 = 16.213  GAME2 = 17.903  GAME3 = 19.068  lr = 2.50e-05  time = 16.6s
[e221 s0001/1030] loss = 0.023413
[e221 s0050/1030] loss = 0.108945
[e221 s0100/1030] loss = 0.138841
[e221 s0150/1030] loss = 0.137509
[e221 s0200/1030] loss = 0.126613
[e221 s0250/1030] loss = 0.120438
[e221 s0300/1030] loss = 0.119079
[e221 s0350/1030] loss = 0.122766
[e221 s0400/1030] loss = 0.124252
[e221 s0450/1030] loss = 0.122969
[e221 s0500/1030] loss = 0.121109
[e221 s0550/1030] loss = 0.124006
[e221 s0600/1030] loss = 0.124870
[e221 s0650/1030] loss = 0.127780
[e221 s0700/1030] loss = 0.125318
[e221 s0750/1030] loss = 0.125048
[e221 s0800/1030] loss = 0.123629
[e221 s0850/1030] loss = 0.125028
[e221 s0900/1030] loss = 0.125263
[e221 s0950/1030] loss = 0.125486
[e221 s1000/1030] loss = 0.192356
Epoch 221: train_loss = 0.190172  MAE/GAME0 = 14.621  RMSE = 36.752  GAME1 = 16.423  GAME2 = 17.984  GAME3 = 19.130  lr = 2.48e-05  time = 16.5s
[e222 s0001/1030] loss = 0.073863
[e222 s0050/1030] loss = 0.127751
[e222 s0100/1030] loss = 0.119481
[e222 s0150/1030] loss = 0.124079
[e222 s0200/1030] loss = 0.117706
[e222 s0250/1030] loss = 0.117028
[e222 s0300/1030] loss = 0.114416
[e222 s0350/1030] loss = 0.115211
[e222 s0400/1030] loss = 0.118435
[e222 s0450/1030] loss = 0.116506
[e222 s0500/1030] loss = 0.115313
[e222 s0550/1030] loss = 0.114327
[e222 s0600/1030] loss = 0.115714
[e222 s0650/1030] loss = 0.116166
[e222 s0700/1030] loss = 0.115599
[e222 s0750/1030] loss = 0.117075
[e222 s0800/1030] loss = 0.119647
[e222 s0850/1030] loss = 0.119955
[e222 s0900/1030] loss = 0.124314
[e222 s0950/1030] loss = 0.123259
[e222 s1000/1030] loss = 0.187241
Epoch 222: train_loss = 0.184759  MAE/GAME0 = 14.121  RMSE = 36.879  GAME1 = 16.241  GAME2 = 18.114  GAME3 = 19.413  lr = 2.46e-05  time = 16.6s
[e223 s0001/1030] loss = 0.029269
[e223 s0050/1030] loss = 0.140452
[e223 s0100/1030] loss = 0.114244
[e223 s0150/1030] loss = 0.107060
[e223 s0200/1030] loss = 0.101318
[e223 s0250/1030] loss = 0.100691
[e223 s0300/1030] loss = 0.333808
[e223 s0350/1030] loss = 0.310214
[e223 s0400/1030] loss = 0.284878
[e223 s0450/1030] loss = 0.266115
[e223 s0500/1030] loss = 0.251616
[e223 s0550/1030] loss = 0.240026
[e223 s0600/1030] loss = 0.229288
[e223 s0650/1030] loss = 0.222212
[e223 s0700/1030] loss = 0.214479
[e223 s0750/1030] loss = 0.210277
[e223 s0800/1030] loss = 0.205224
[e223 s0850/1030] loss = 0.200179
[e223 s0900/1030] loss = 0.193827
[e223 s0950/1030] loss = 0.190857
[e223 s1000/1030] loss = 0.190495
Epoch 223: train_loss = 0.187746  MAE/GAME0 = 16.556  RMSE = 38.266  GAME1 = 17.717  GAME2 = 18.876  GAME3 = 19.645  lr = 2.44e-05  time = 16.5s
[e224 s0001/1030] loss = 0.044828
[e224 s0050/1030] loss = 0.107477
[e224 s0100/1030] loss = 0.123665
[e224 s0150/1030] loss = 0.578057
[e224 s0200/1030] loss = 0.458021
[e224 s0250/1030] loss = 0.395558
[e224 s0300/1030] loss = 0.344990
[e224 s0350/1030] loss = 0.309059
[e224 s0400/1030] loss = 0.281814
[e224 s0450/1030] loss = 0.270741
[e224 s0500/1030] loss = 0.259358
[e224 s0550/1030] loss = 0.242594
[e224 s0600/1030] loss = 0.231169
[e224 s0650/1030] loss = 0.221926
[e224 s0700/1030] loss = 0.213452
[e224 s0750/1030] loss = 0.206773
[e224 s0800/1030] loss = 0.200138
[e224 s0850/1030] loss = 0.195409
[e224 s0900/1030] loss = 0.193106
[e224 s0950/1030] loss = 0.188185
[e224 s1000/1030] loss = 0.185037
Epoch 224: train_loss = 0.184700  MAE/GAME0 = 15.316  RMSE = 37.407  GAME1 = 17.013  GAME2 = 18.549  GAME3 = 19.567  lr = 2.42e-05  time = 16.6s
[e225 s0001/1030] loss = 0.153586
[e225 s0050/1030] loss = 0.115265
[e225 s0100/1030] loss = 0.123282
[e225 s0150/1030] loss = 0.136868
[e225 s0200/1030] loss = 0.141534
[e225 s0250/1030] loss = 0.148124
[e225 s0300/1030] loss = 0.149715
[e225 s0350/1030] loss = 0.142401
[e225 s0400/1030] loss = 0.148975
[e225 s0450/1030] loss = 0.146124
[e225 s0500/1030] loss = 0.272088
[e225 s0550/1030] loss = 0.254431
[e225 s0600/1030] loss = 0.241533
[e225 s0650/1030] loss = 0.232380
[e225 s0700/1030] loss = 0.222917
[e225 s0750/1030] loss = 0.215039
[e225 s0800/1030] loss = 0.208477
[e225 s0850/1030] loss = 0.201320
[e225 s0900/1030] loss = 0.196080
[e225 s0950/1030] loss = 0.192682
[e225 s1000/1030] loss = 0.188536
Epoch 225: train_loss = 0.185389  MAE/GAME0 = 17.187  RMSE = 38.571  GAME1 = 18.318  GAME2 = 19.325  GAME3 = 19.993  lr = 2.39e-05  time = 16.6s
[e226 s0001/1030] loss = 0.057892
[e226 s0050/1030] loss = 0.073024
[e226 s0100/1030] loss = 0.100209
[e226 s0150/1030] loss = 0.122126
[e226 s0200/1030] loss = 0.116415
[e226 s0250/1030] loss = 0.114022
[e226 s0300/1030] loss = 0.118023
[e226 s0350/1030] loss = 0.116881
[e226 s0400/1030] loss = 0.116326
[e226 s0450/1030] loss = 0.111875
[e226 s0500/1030] loss = 0.114370
[e226 s0550/1030] loss = 0.233064
[e226 s0600/1030] loss = 0.222047
[e226 s0650/1030] loss = 0.213939
[e226 s0700/1030] loss = 0.206475
[e226 s0750/1030] loss = 0.202515
[e226 s0800/1030] loss = 0.195992
[e226 s0850/1030] loss = 0.191184
[e226 s0900/1030] loss = 0.188293
[e226 s0950/1030] loss = 0.188282
[e226 s1000/1030] loss = 0.186207
Epoch 226: train_loss = 0.183288  MAE/GAME0 = 18.141  RMSE = 39.339  GAME1 = 18.922  GAME2 = 19.742  GAME3 = 20.283  lr = 2.37e-05  time = 16.5s
[e227 s0001/1030] loss = 0.147057
[e227 s0050/1030] loss = 0.114699
[e227 s0100/1030] loss = 0.128853
[e227 s0150/1030] loss = 0.127914
[e227 s0200/1030] loss = 0.120389
[e227 s0250/1030] loss = 0.117328
[e227 s0300/1030] loss = 0.121462
[e227 s0350/1030] loss = 0.303712
[e227 s0400/1030] loss = 0.281154
[e227 s0450/1030] loss = 0.261660
[e227 s0500/1030] loss = 0.244968
[e227 s0550/1030] loss = 0.232622
[e227 s0600/1030] loss = 0.220138
[e227 s0650/1030] loss = 0.214164
[e227 s0700/1030] loss = 0.206754
[e227 s0750/1030] loss = 0.200650
[e227 s0800/1030] loss = 0.197070
[e227 s0850/1030] loss = 0.194109
[e227 s0900/1030] loss = 0.188606
[e227 s0950/1030] loss = 0.185050
[e227 s1000/1030] loss = 0.181760
Epoch 227: train_loss = 0.180870  MAE/GAME0 = 19.020  RMSE = 39.579  GAME1 = 19.832  GAME2 = 20.595  GAME3 = 21.036  lr = 2.35e-05  time = 16.4s
[e228 s0001/1030] loss = 0.042218
[e228 s0050/1030] loss = 0.105562
[e228 s0100/1030] loss = 0.114677
[e228 s0150/1030] loss = 0.099961
[e228 s0200/1030] loss = 0.114024
[e228 s0250/1030] loss = 0.120370
[e228 s0300/1030] loss = 0.120871
[e228 s0350/1030] loss = 0.116149
[e228 s0400/1030] loss = 0.114969
[e228 s0450/1030] loss = 0.111727
[e228 s0500/1030] loss = 0.112857
[e228 s0550/1030] loss = 0.114061
[e228 s0600/1030] loss = 0.115106
[e228 s0650/1030] loss = 0.116109
[e228 s0700/1030] loss = 0.116184
[e228 s0750/1030] loss = 0.115385
[e228 s0800/1030] loss = 0.115833
[e228 s0850/1030] loss = 0.116676
[e228 s0900/1030] loss = 0.115016
[e228 s0950/1030] loss = 0.183754
[e228 s1000/1030] loss = 0.179850
Epoch 228: train_loss = 0.179536  MAE/GAME0 = 18.405  RMSE = 39.438  GAME1 = 19.347  GAME2 = 20.223  GAME3 = 20.729  lr = 2.33e-05  time = 16.6s
[e229 s0001/1030] loss = 0.238974
[e229 s0050/1030] loss = 0.120038
[e229 s0100/1030] loss = 0.108443
[e229 s0150/1030] loss = 0.113584
[e229 s0200/1030] loss = 0.114087
[e229 s0250/1030] loss = 0.110590
[e229 s0300/1030] loss = 0.109268
[e229 s0350/1030] loss = 0.290309
[e229 s0400/1030] loss = 0.270611
[e229 s0450/1030] loss = 0.256836
[e229 s0500/1030] loss = 0.246875
[e229 s0550/1030] loss = 0.230963
[e229 s0600/1030] loss = 0.224704
[e229 s0650/1030] loss = 0.217467
[e229 s0700/1030] loss = 0.207819
[e229 s0750/1030] loss = 0.203162
[e229 s0800/1030] loss = 0.196569
[e229 s0850/1030] loss = 0.192253
[e229 s0900/1030] loss = 0.187723
[e229 s0950/1030] loss = 0.182278
[e229 s1000/1030] loss = 0.178518
Epoch 229: train_loss = 0.175553  MAE/GAME0 = 14.736  RMSE = 37.377  GAME1 = 16.445  GAME2 = 18.013  GAME3 = 19.153  lr = 2.31e-05  time = 16.2s
[e230 s0001/1030] loss = 0.049140
[e230 s0050/1030] loss = 0.110522
[e230 s0100/1030] loss = 0.124054
[e230 s0150/1030] loss = 0.141649
[e230 s0200/1030] loss = 0.134280
[e230 s0250/1030] loss = 0.129734
[e230 s0300/1030] loss = 0.123800
[e230 s0350/1030] loss = 0.122546
[e230 s0400/1030] loss = 0.117221
[e230 s0450/1030] loss = 0.115251
[e230 s0500/1030] loss = 0.117519
[e230 s0550/1030] loss = 0.118287
[e230 s0600/1030] loss = 0.117031
[e230 s0650/1030] loss = 0.116138
[e230 s0700/1030] loss = 0.115556
[e230 s0750/1030] loss = 0.197526
[e230 s0800/1030] loss = 0.191386
[e230 s0850/1030] loss = 0.185678
[e230 s0900/1030] loss = 0.184024
[e230 s0950/1030] loss = 0.179884
[e230 s1000/1030] loss = 0.177937
Epoch 230: train_loss = 0.175441  MAE/GAME0 = 17.705  RMSE = 39.175  GAME1 = 18.730  GAME2 = 19.689  GAME3 = 20.280  lr = 2.28e-05  time = 16.4s
[e231 s0001/1030] loss = 0.079701
[e231 s0050/1030] loss = 0.126014
[e231 s0100/1030] loss = 0.114431
[e231 s0150/1030] loss = 0.112464
[e231 s0200/1030] loss = 0.101038
[e231 s0250/1030] loss = 0.103202
[e231 s0300/1030] loss = 0.104021
[e231 s0350/1030] loss = 0.108991
[e231 s0400/1030] loss = 0.110887
[e231 s0450/1030] loss = 0.111236
[e231 s0500/1030] loss = 0.237499
[e231 s0550/1030] loss = 0.229856
[e231 s0600/1030] loss = 0.216933
[e231 s0650/1030] loss = 0.210097
[e231 s0700/1030] loss = 0.204295
[e231 s0750/1030] loss = 0.197846
[e231 s0800/1030] loss = 0.194092
[e231 s0850/1030] loss = 0.187156
[e231 s0900/1030] loss = 0.183890
[e231 s0950/1030] loss = 0.182539
[e231 s1000/1030] loss = 0.178952
Epoch 231: train_loss = 0.177532  MAE/GAME0 = 14.076  RMSE = 36.480  GAME1 = 16.050  GAME2 = 17.878  GAME3 = 19.224  lr = 2.26e-05  time = 16.4s
[e232 s0001/1030] loss = 0.067197
[e232 s0050/1030] loss = 0.105587
[e232 s0100/1030] loss = 0.111375
[e232 s0150/1030] loss = 0.106699
[e232 s0200/1030] loss = 0.099613
[e232 s0250/1030] loss = 0.092145
[e232 s0300/1030] loss = 0.100611
[e232 s0350/1030] loss = 0.107997
[e232 s0400/1030] loss = 0.109491
[e232 s0450/1030] loss = 0.107208
[e232 s0500/1030] loss = 0.108334
[e232 s0550/1030] loss = 0.107425
[e232 s0600/1030] loss = 0.110632
[e232 s0650/1030] loss = 0.204453
[e232 s0700/1030] loss = 0.196981
[e232 s0750/1030] loss = 0.194519
[e232 s0800/1030] loss = 0.188666
[e232 s0850/1030] loss = 0.184702
[e232 s0900/1030] loss = 0.183831
[e232 s0950/1030] loss = 0.179857
[e232 s1000/1030] loss = 0.175926
Epoch 232: train_loss = 0.173807  MAE/GAME0 = 15.334  RMSE = 37.437  GAME1 = 17.051  GAME2 = 18.552  GAME3 = 19.563  lr = 2.24e-05  time = 16.6s
[e233 s0001/1030] loss = 0.078283
[e233 s0050/1030] loss = 0.093163
[e233 s0100/1030] loss = 0.091997
[e233 s0150/1030] loss = 0.109743
[e233 s0200/1030] loss = 0.103874
[e233 s0250/1030] loss = 0.102940
[e233 s0300/1030] loss = 0.109148
[e233 s0350/1030] loss = 0.106178
[e233 s0400/1030] loss = 0.106971
[e233 s0450/1030] loss = 0.105944
[e233 s0500/1030] loss = 0.105043
[e233 s0550/1030] loss = 0.107091
[e233 s0600/1030] loss = 0.223173
[e233 s0650/1030] loss = 0.217804
[e233 s0700/1030] loss = 0.215393
[e233 s0750/1030] loss = 0.208711
[e233 s0800/1030] loss = 0.201407
[e233 s0850/1030] loss = 0.195185
[e233 s0900/1030] loss = 0.187662
[e233 s0950/1030] loss = 0.183541
[e233 s1000/1030] loss = 0.182400
Epoch 233: train_loss = 0.180562  MAE/GAME0 = 15.987  RMSE = 37.890  GAME1 = 17.791  GAME2 = 19.366  GAME3 = 20.302  lr = 2.22e-05  time = 16.7s
[e234 s0001/1030] loss = 0.139963
[e234 s0050/1030] loss = 0.096860
[e234 s0100/1030] loss = 0.114377
[e234 s0150/1030] loss = 0.108100
[e234 s0200/1030] loss = 0.107574
[e234 s0250/1030] loss = 0.101356
[e234 s0300/1030] loss = 0.107755
[e234 s0350/1030] loss = 0.106291
[e234 s0400/1030] loss = 0.105938
[e234 s0450/1030] loss = 0.107473
[e234 s0500/1030] loss = 0.107966
[e234 s0550/1030] loss = 0.230384
[e234 s0600/1030] loss = 0.218709
[e234 s0650/1030] loss = 0.210225
[e234 s0700/1030] loss = 0.204338
[e234 s0750/1030] loss = 0.199435
[e234 s0800/1030] loss = 0.195267
[e234 s0850/1030] loss = 0.192143
[e234 s0900/1030] loss = 0.187757
[e234 s0950/1030] loss = 0.183319
[e234 s1000/1030] loss = 0.179748
Epoch 234: train_loss = 0.176889  MAE/GAME0 = 16.077  RMSE = 38.109  GAME1 = 17.526  GAME2 = 18.742  GAME3 = 19.598  lr = 2.20e-05  time = 17.2s
[e235 s0001/1030] loss = 0.303529
[e235 s0050/1030] loss = 0.095607
[e235 s0100/1030] loss = 0.117588
[e235 s0150/1030] loss = 0.116372
[e235 s0200/1030] loss = 0.112547
[e235 s0250/1030] loss = 0.111238
[e235 s0300/1030] loss = 0.113507
[e235 s0350/1030] loss = 0.111592
[e235 s0400/1030] loss = 0.113315
[e235 s0450/1030] loss = 0.259851
[e235 s0500/1030] loss = 0.247690
[e235 s0550/1030] loss = 0.233869
[e235 s0600/1030] loss = 0.222466
[e235 s0650/1030] loss = 0.211363
[e235 s0700/1030] loss = 0.204542
[e235 s0750/1030] loss = 0.199654
[e235 s0800/1030] loss = 0.194915
[e235 s0850/1030] loss = 0.189282
[e235 s0900/1030] loss = 0.184068
[e235 s0950/1030] loss = 0.179893
[e235 s1000/1030] loss = 0.176488
Epoch 235: train_loss = 0.174676  MAE/GAME0 = 13.620  RMSE = 36.609  GAME1 = 15.651  GAME2 = 17.490  GAME3 = 18.846  lr = 2.18e-05  time = 16.3s
[e236 s0001/1030] loss = 0.019438
[e236 s0050/1030] loss = 0.098628
[e236 s0100/1030] loss = 0.105305
[e236 s0150/1030] loss = 0.107270
[e236 s0200/1030] loss = 0.112241
[e236 s0250/1030] loss = 0.114882
[e236 s0300/1030] loss = 0.109601
[e236 s0350/1030] loss = 0.108817
[e236 s0400/1030] loss = 0.110921
[e236 s0450/1030] loss = 0.111105
[e236 s0500/1030] loss = 0.113338
[e236 s0550/1030] loss = 0.113956
[e236 s0600/1030] loss = 0.223109
[e236 s0650/1030] loss = 0.215151
[e236 s0700/1030] loss = 0.206304
[e236 s0750/1030] loss = 0.201426
[e236 s0800/1030] loss = 0.195381
[e236 s0850/1030] loss = 0.190406
[e236 s0900/1030] loss = 0.184845
[e236 s0950/1030] loss = 0.179191
[e236 s1000/1030] loss = 0.175932
Epoch 236: train_loss = 0.176351  MAE/GAME0 = 15.326  RMSE = 37.627  GAME1 = 16.759  GAME2 = 18.025  GAME3 = 19.043  lr = 2.15e-05  time = 16.6s
[e237 s0001/1030] loss = 0.078931
[e237 s0050/1030] loss = 1.291455
[e237 s0100/1030] loss = 0.696526
[e237 s0150/1030] loss = 0.507612
[e237 s0200/1030] loss = 0.403308
[e237 s0250/1030] loss = 0.344014
[e237 s0300/1030] loss = 0.302140
[e237 s0350/1030] loss = 0.278332
[e237 s0400/1030] loss = 0.259449
[e237 s0450/1030] loss = 0.243256
[e237 s0500/1030] loss = 0.228373
[e237 s0550/1030] loss = 0.216889
[e237 s0600/1030] loss = 0.207233
[e237 s0650/1030] loss = 0.199345
[e237 s0700/1030] loss = 0.191641
[e237 s0750/1030] loss = 0.184176
[e237 s0800/1030] loss = 0.177865
[e237 s0850/1030] loss = 0.174084
[e237 s0900/1030] loss = 0.170174
[e237 s0950/1030] loss = 0.166818
[e237 s1000/1030] loss = 0.165631
Epoch 237: train_loss = 0.163640  MAE/GAME0 = 16.203  RMSE = 38.226  GAME1 = 17.455  GAME2 = 18.673  GAME3 = 19.496  lr = 2.13e-05  time = 16.7s
[e238 s0001/1030] loss = 0.044319
[e238 s0050/1030] loss = 0.148977
[e238 s0100/1030] loss = 0.130091
[e238 s0150/1030] loss = 0.117329
[e238 s0200/1030] loss = 0.117392
[e238 s0250/1030] loss = 0.116442
[e238 s0300/1030] loss = 0.113706
[e238 s0350/1030] loss = 0.111769
[e238 s0400/1030] loss = 0.114027
[e238 s0450/1030] loss = 0.113086
[e238 s0500/1030] loss = 0.109859
[e238 s0550/1030] loss = 0.108665
[e238 s0600/1030] loss = 0.113487
[e238 s0650/1030] loss = 0.112574
[e238 s0700/1030] loss = 0.112285
[e238 s0750/1030] loss = 0.112391
[e238 s0800/1030] loss = 0.113111
[e238 s0850/1030] loss = 0.110841
[e238 s0900/1030] loss = 0.180980
[e238 s0950/1030] loss = 0.175894
[e238 s1000/1030] loss = 0.172801
Epoch 238: train_loss = 0.171295  MAE/GAME0 = 14.376  RMSE = 36.839  GAME1 = 16.240  GAME2 = 17.925  GAME3 = 19.147  lr = 2.11e-05  time = 16.5s
[e239 s0001/1030] loss = 0.073560
[e239 s0050/1030] loss = 0.086383
[e239 s0100/1030] loss = 0.120642
[e239 s0150/1030] loss = 0.109639
[e239 s0200/1030] loss = 0.100417
[e239 s0250/1030] loss = 0.098673
[e239 s0300/1030] loss = 0.097858
[e239 s0350/1030] loss = 0.095838
[e239 s0400/1030] loss = 0.097214
[e239 s0450/1030] loss = 0.100095
[e239 s0500/1030] loss = 0.100324
[e239 s0550/1030] loss = 0.104094
[e239 s0600/1030] loss = 0.217044
[e239 s0650/1030] loss = 0.207576
[e239 s0700/1030] loss = 0.200710
[e239 s0750/1030] loss = 0.193105
[e239 s0800/1030] loss = 0.187649
[e239 s0850/1030] loss = 0.182299
[e239 s0900/1030] loss = 0.178248
[e239 s0950/1030] loss = 0.174358
[e239 s1000/1030] loss = 0.169975
Epoch 239: train_loss = 0.166980  MAE/GAME0 = 17.654  RMSE = 38.965  GAME1 = 18.699  GAME2 = 19.661  GAME3 = 20.286  lr = 2.09e-05  time = 16.7s
[e240 s0001/1030] loss = 0.035182
[e240 s0050/1030] loss = 0.104537
[e240 s0100/1030] loss = 0.097234
[e240 s0150/1030] loss = 0.105247
[e240 s0200/1030] loss = 0.108956
[e240 s0250/1030] loss = 0.106140
[e240 s0300/1030] loss = 0.106623
[e240 s0350/1030] loss = 0.107563
[e240 s0400/1030] loss = 0.107719
[e240 s0450/1030] loss = 0.107603
[e240 s0500/1030] loss = 0.106023
[e240 s0550/1030] loss = 0.104997
[e240 s0600/1030] loss = 0.105866
[e240 s0650/1030] loss = 0.108352
[e240 s0700/1030] loss = 0.105513
[e240 s0750/1030] loss = 0.104742
[e240 s0800/1030] loss = 0.108833
[e240 s0850/1030] loss = 0.108937
[e240 s0900/1030] loss = 0.115478
[e240 s0950/1030] loss = 0.180825
[e240 s1000/1030] loss = 0.177535
Epoch 240: train_loss = 0.175201  MAE/GAME0 = 20.213  RMSE = 40.475  GAME1 = 20.824  GAME2 = 21.390  GAME3 = 21.699  lr = 2.07e-05  time = 16.6s
[e241 s0001/1030] loss = 0.314562
[e241 s0050/1030] loss = 0.114776
[e241 s0100/1030] loss = 0.092506
[e241 s0150/1030] loss = 0.090510
[e241 s0200/1030] loss = 0.093497
[e241 s0250/1030] loss = 0.103614
[e241 s0300/1030] loss = 0.104031
[e241 s0350/1030] loss = 0.109478
[e241 s0400/1030] loss = 0.112202
[e241 s0450/1030] loss = 0.244116
[e241 s0500/1030] loss = 0.228628
[e241 s0550/1030] loss = 0.218363
[e241 s0600/1030] loss = 0.208552
[e241 s0650/1030] loss = 0.200157
[e241 s0700/1030] loss = 0.192311
[e241 s0750/1030] loss = 0.186528
[e241 s0800/1030] loss = 0.180573
[e241 s0850/1030] loss = 0.175998
[e241 s0900/1030] loss = 0.171723
[e241 s0950/1030] loss = 0.168326
[e241 s1000/1030] loss = 0.164010
Epoch 241: train_loss = 0.163364  MAE/GAME0 = 13.242  RMSE = 35.472  GAME1 = 15.473  GAME2 = 17.828  GAME3 = 19.479  lr = 2.05e-05  time = 16.5s
[e242 s0001/1030] loss = 0.134929
[e242 s0050/1030] loss = 0.110972
[e242 s0100/1030] loss = 0.116393
[e242 s0150/1030] loss = 0.122185
[e242 s0200/1030] loss = 0.116020
[e242 s0250/1030] loss = 0.108511
[e242 s0300/1030] loss = 0.110624
[e242 s0350/1030] loss = 0.111365
[e242 s0400/1030] loss = 0.108437
[e242 s0450/1030] loss = 0.238621
[e242 s0500/1030] loss = 0.226187
[e242 s0550/1030] loss = 0.212370
[e242 s0600/1030] loss = 0.204876
[e242 s0650/1030] loss = 0.195973
[e242 s0700/1030] loss = 0.189452
[e242 s0750/1030] loss = 0.184141
[e242 s0800/1030] loss = 0.177312
[e242 s0850/1030] loss = 0.173476
[e242 s0900/1030] loss = 0.170123
[e242 s0950/1030] loss = 0.165378
[e242 s1000/1030] loss = 0.164227
Epoch 242: train_loss = 0.163281  MAE/GAME0 = 15.506  RMSE = 37.250  GAME1 = 17.098  GAME2 = 18.516  GAME3 = 19.496  lr = 2.03e-05  time = 16.5s
[e243 s0001/1030] loss = 0.046216
[e243 s0050/1030] loss = 0.125815
[e243 s0100/1030] loss = 0.111850
[e243 s0150/1030] loss = 0.104801
[e243 s0200/1030] loss = 0.115887
[e243 s0250/1030] loss = 0.111800
[e243 s0300/1030] loss = 0.107609
[e243 s0350/1030] loss = 0.107450
[e243 s0400/1030] loss = 0.105702
[e243 s0450/1030] loss = 0.103154
[e243 s0500/1030] loss = 0.108462
[e243 s0550/1030] loss = 0.106394
[e243 s0600/1030] loss = 0.106440
[e243 s0650/1030] loss = 0.105274
[e243 s0700/1030] loss = 0.104935
[e243 s0750/1030] loss = 0.104653
[e243 s0800/1030] loss = 0.181791
[e243 s0850/1030] loss = 0.175812
[e243 s0900/1030] loss = 0.171840
[e243 s0950/1030] loss = 0.167403
[e243 s1000/1030] loss = 0.164861
Epoch 243: train_loss = 0.163742  MAE/GAME0 = 13.988  RMSE = 36.775  GAME1 = 15.864  GAME2 = 17.659  GAME3 = 18.961  lr = 2.00e-05  time = 16.7s
[e244 s0001/1030] loss = 0.029906
[e244 s0050/1030] loss = 0.090804
[e244 s0100/1030] loss = 0.109680
[e244 s0150/1030] loss = 0.101813
[e244 s0200/1030] loss = 0.100965
[e244 s0250/1030] loss = 0.096626
[e244 s0300/1030] loss = 0.101177
[e244 s0350/1030] loss = 0.103785
[e244 s0400/1030] loss = 0.103051
[e244 s0450/1030] loss = 0.112149
[e244 s0500/1030] loss = 0.109684
[e244 s0550/1030] loss = 0.111535
[e244 s0600/1030] loss = 0.107412
[e244 s0650/1030] loss = 0.106269
[e244 s0700/1030] loss = 0.104527
[e244 s0750/1030] loss = 0.105277
[e244 s0800/1030] loss = 0.103569
[e244 s0850/1030] loss = 0.102555
[e244 s0900/1030] loss = 0.173948
[e244 s0950/1030] loss = 0.168854
[e244 s1000/1030] loss = 0.164835
Epoch 244: train_loss = 0.161891  MAE/GAME0 = 18.444  RMSE = 39.452  GAME1 = 19.311  GAME2 = 20.100  GAME3 = 20.582  lr = 1.98e-05  time = 16.3s
[e245 s0001/1030] loss = 0.003702
[e245 s0050/1030] loss = 1.230040
[e245 s0100/1030] loss = 0.654036
[e245 s0150/1030] loss = 0.471801
[e245 s0200/1030] loss = 0.395389
[e245 s0250/1030] loss = 0.337621
[e245 s0300/1030] loss = 0.298121
[e245 s0350/1030] loss = 0.279291
[e245 s0400/1030] loss = 0.258487
[e245 s0450/1030] loss = 0.237475
[e245 s0500/1030] loss = 0.224205
[e245 s0550/1030] loss = 0.213350
[e245 s0600/1030] loss = 0.202851
[e245 s0650/1030] loss = 0.194688
[e245 s0700/1030] loss = 0.186808
[e245 s0750/1030] loss = 0.180760
[e245 s0800/1030] loss = 0.175255
[e245 s0850/1030] loss = 0.173060
[e245 s0900/1030] loss = 0.169251
[e245 s0950/1030] loss = 0.165197
[e245 s1000/1030] loss = 0.162784
Epoch 245: train_loss = 0.160382  MAE/GAME0 = 16.028  RMSE = 38.021  GAME1 = 17.169  GAME2 = 18.325  GAME3 = 19.174  lr = 1.96e-05  time = 16.2s
[e246 s0001/1030] loss = 0.025737
[e246 s0050/1030] loss = 0.073770
[e246 s0100/1030] loss = 0.080092
[e246 s0150/1030] loss = 0.094221
[e246 s0200/1030] loss = 0.090826
[e246 s0250/1030] loss = 0.090449
[e246 s0300/1030] loss = 0.094271
[e246 s0350/1030] loss = 0.274132
[e246 s0400/1030] loss = 0.253842
[e246 s0450/1030] loss = 0.242268
[e246 s0500/1030] loss = 0.227375
[e246 s0550/1030] loss = 0.215741
[e246 s0600/1030] loss = 0.210258
[e246 s0650/1030] loss = 0.202368
[e246 s0700/1030] loss = 0.195954
[e246 s0750/1030] loss = 0.189571
[e246 s0800/1030] loss = 0.182837
[e246 s0850/1030] loss = 0.179210
[e246 s0900/1030] loss = 0.174786
[e246 s0950/1030] loss = 0.171624
[e246 s1000/1030] loss = 0.168493
Epoch 246: train_loss = 0.166222  MAE/GAME0 = 14.658  RMSE = 37.142  GAME1 = 16.504  GAME2 = 18.068  GAME3 = 19.183  lr = 1.94e-05  time = 16.6s
[e247 s0001/1030] loss = 0.008076
[e247 s0050/1030] loss = 0.088832
[e247 s0100/1030] loss = 0.100040
[e247 s0150/1030] loss = 0.091284
[e247 s0200/1030] loss = 0.094694
[e247 s0250/1030] loss = 0.093811
[e247 s0300/1030] loss = 0.097154
[e247 s0350/1030] loss = 0.094102
[e247 s0400/1030] loss = 0.095173
[e247 s0450/1030] loss = 0.094189
[e247 s0500/1030] loss = 0.092463
[e247 s0550/1030] loss = 0.095328
[e247 s0600/1030] loss = 0.095326
[e247 s0650/1030] loss = 0.193826
[e247 s0700/1030] loss = 0.187568
[e247 s0750/1030] loss = 0.183860
[e247 s0800/1030] loss = 0.179672
[e247 s0850/1030] loss = 0.173431
[e247 s0900/1030] loss = 0.169406
[e247 s0950/1030] loss = 0.166291
[e247 s1000/1030] loss = 0.164031
Epoch 247: train_loss = 0.161143  MAE/GAME0 = 14.344  RMSE = 37.153  GAME1 = 15.968  GAME2 = 17.599  GAME3 = 18.821  lr = 1.92e-05  time = 16.4s
[e248 s0001/1030] loss = 0.019358
[e248 s0050/1030] loss = 0.106681
[e248 s0100/1030] loss = 0.705497
[e248 s0150/1030] loss = 0.503911
[e248 s0200/1030] loss = 0.397310
[e248 s0250/1030] loss = 0.343216
[e248 s0300/1030] loss = 0.300296
[e248 s0350/1030] loss = 0.273238
[e248 s0400/1030] loss = 0.247801
[e248 s0450/1030] loss = 0.232575
[e248 s0500/1030] loss = 0.221918
[e248 s0550/1030] loss = 0.210870
[e248 s0600/1030] loss = 0.200149
[e248 s0650/1030] loss = 0.190181
[e248 s0700/1030] loss = 0.184825
[e248 s0750/1030] loss = 0.178545
[e248 s0800/1030] loss = 0.173388
[e248 s0850/1030] loss = 0.170692
[e248 s0900/1030] loss = 0.169173
[e248 s0950/1030] loss = 0.164465
[e248 s1000/1030] loss = 0.160125
Epoch 248: train_loss = 0.158784  MAE/GAME0 = 14.141  RMSE = 36.842  GAME1 = 15.923  GAME2 = 17.625  GAME3 = 18.875  lr = 1.90e-05  time = 16.5s
[e249 s0001/1030] loss = 0.025141
[e249 s0050/1030] loss = 0.109999
[e249 s0100/1030] loss = 0.763732
[e249 s0150/1030] loss = 0.548118
[e249 s0200/1030] loss = 0.429295
[e249 s0250/1030] loss = 0.358333
[e249 s0300/1030] loss = 0.313867
[e249 s0350/1030] loss = 0.283218
[e249 s0400/1030] loss = 0.258594
[e249 s0450/1030] loss = 0.240405
[e249 s0500/1030] loss = 0.224643
[e249 s0550/1030] loss = 0.213879
[e249 s0600/1030] loss = 0.203100
[e249 s0650/1030] loss = 0.192615
[e249 s0700/1030] loss = 0.184684
[e249 s0750/1030] loss = 0.183846
[e249 s0800/1030] loss = 0.180793
[e249 s0850/1030] loss = 0.175731
[e249 s0900/1030] loss = 0.172169
[e249 s0950/1030] loss = 0.167694
[e249 s1000/1030] loss = 0.163510
Epoch 249: train_loss = 0.160471  MAE/GAME0 = 14.064  RMSE = 36.732  GAME1 = 16.049  GAME2 = 17.959  GAME3 = 19.233  lr = 1.88e-05  time = 16.3s
[e250 s0001/1030] loss = 0.046214
[e250 s0050/1030] loss = 0.097204
[e250 s0100/1030] loss = 0.089999
[e250 s0150/1030] loss = 0.096568
[e250 s0200/1030] loss = 0.099516
[e250 s0250/1030] loss = 0.097583
[e250 s0300/1030] loss = 0.102179
[e250 s0350/1030] loss = 0.101530
[e250 s0400/1030] loss = 0.103829
[e250 s0450/1030] loss = 0.102339
[e250 s0500/1030] loss = 0.102822
[e250 s0550/1030] loss = 0.100423
[e250 s0600/1030] loss = 0.099858
[e250 s0650/1030] loss = 0.097873
[e250 s0700/1030] loss = 0.098086
[e250 s0750/1030] loss = 0.097162
[e250 s0800/1030] loss = 0.097553
[e250 s0850/1030] loss = 0.165616
[e250 s0900/1030] loss = 0.163867
[e250 s0950/1030] loss = 0.159989
[e250 s1000/1030] loss = 0.157295
Epoch 250: train_loss = 0.156230  MAE/GAME0 = 15.735  RMSE = 37.871  GAME1 = 17.079  GAME2 = 18.353  GAME3 = 19.226  lr = 1.86e-05  time = 16.4s
[e251 s0001/1030] loss = 0.104880
[e251 s0050/1030] loss = 0.093864
[e251 s0100/1030] loss = 0.101089
[e251 s0150/1030] loss = 0.105439
[e251 s0200/1030] loss = 0.103240
[e251 s0250/1030] loss = 0.098685
[e251 s0300/1030] loss = 0.100201
[e251 s0350/1030] loss = 0.099533
[e251 s0400/1030] loss = 0.097369
[e251 s0450/1030] loss = 0.095030
[e251 s0500/1030] loss = 0.093946
[e251 s0550/1030] loss = 0.100092
[e251 s0600/1030] loss = 0.099361
[e251 s0650/1030] loss = 0.098413
[e251 s0700/1030] loss = 0.103104
[e251 s0750/1030] loss = 0.102546
[e251 s0800/1030] loss = 0.101801
[e251 s0850/1030] loss = 0.100245
[e251 s0900/1030] loss = 0.100069
[e251 s0950/1030] loss = 0.166906
[e251 s1000/1030] loss = 0.161798
Epoch 251: train_loss = 0.159236  MAE/GAME0 = 15.427  RMSE = 37.754  GAME1 = 16.845  GAME2 = 18.215  GAME3 = 19.178  lr = 1.84e-05  time = 16.9s
[e252 s0001/1030] loss = 0.025623
[e252 s0050/1030] loss = 0.116692
[e252 s0100/1030] loss = 0.108446
[e252 s0150/1030] loss = 0.101615
[e252 s0200/1030] loss = 0.093038
[e252 s0250/1030] loss = 0.090710
[e252 s0300/1030] loss = 0.090150
[e252 s0350/1030] loss = 0.088872
[e252 s0400/1030] loss = 0.088971
[e252 s0450/1030] loss = 0.089693
[e252 s0500/1030] loss = 0.088448
[e252 s0550/1030] loss = 0.091436
[e252 s0600/1030] loss = 0.090907
[e252 s0650/1030] loss = 0.091285
[e252 s0700/1030] loss = 0.091645
[e252 s0750/1030] loss = 0.093242
[e252 s0800/1030] loss = 0.168783
[e252 s0850/1030] loss = 0.164739
[e252 s0900/1030] loss = 0.159549
[e252 s0950/1030] loss = 0.156755
[e252 s1000/1030] loss = 0.152640
Epoch 252: train_loss = 0.150805  MAE/GAME0 = 15.259  RMSE = 37.659  GAME1 = 16.826  GAME2 = 18.241  GAME3 = 19.235  lr = 1.81e-05  time = 16.6s
[e253 s0001/1030] loss = 0.065708
[e253 s0050/1030] loss = 0.099878
[e253 s0100/1030] loss = 0.099864
[e253 s0150/1030] loss = 0.112961
[e253 s0200/1030] loss = 0.102506
[e253 s0250/1030] loss = 0.096857
[e253 s0300/1030] loss = 0.096809
[e253 s0350/1030] loss = 0.276678
[e253 s0400/1030] loss = 0.251067
[e253 s0450/1030] loss = 0.233953
[e253 s0500/1030] loss = 0.219022
[e253 s0550/1030] loss = 0.206579
[e253 s0600/1030] loss = 0.200569
[e253 s0650/1030] loss = 0.192533
[e253 s0700/1030] loss = 0.186391
[e253 s0750/1030] loss = 0.181314
[e253 s0800/1030] loss = 0.175160
[e253 s0850/1030] loss = 0.169249
[e253 s0900/1030] loss = 0.168758
[e253 s0950/1030] loss = 0.164441
[e253 s1000/1030] loss = 0.160678
Epoch 253: train_loss = 0.158673  MAE/GAME0 = 14.690  RMSE = 36.918  GAME1 = 16.373  GAME2 = 17.976  GAME3 = 19.096  lr = 1.79e-05  time = 16.3s
[e254 s0001/1030] loss = 0.057268
[e254 s0050/1030] loss = 0.063479
[e254 s0100/1030] loss = 0.079551
[e254 s0150/1030] loss = 0.099950
[e254 s0200/1030] loss = 0.102465
[e254 s0250/1030] loss = 0.339860
[e254 s0300/1030] loss = 0.295634
[e254 s0350/1030] loss = 0.264931
[e254 s0400/1030] loss = 0.244999
[e254 s0450/1030] loss = 0.229469
[e254 s0500/1030] loss = 0.217380
[e254 s0550/1030] loss = 0.207037
[e254 s0600/1030] loss = 0.197616
[e254 s0650/1030] loss = 0.189131
[e254 s0700/1030] loss = 0.182043
[e254 s0750/1030] loss = 0.176103
[e254 s0800/1030] loss = 0.168992
[e254 s0850/1030] loss = 0.165235
[e254 s0900/1030] loss = 0.161799
[e254 s0950/1030] loss = 0.158514
[e254 s1000/1030] loss = 0.156083
Epoch 254: train_loss = 0.154177  MAE/GAME0 = 17.124  RMSE = 38.654  GAME1 = 18.151  GAME2 = 19.130  GAME3 = 19.789  lr = 1.77e-05  time = 16.6s
[e255 s0001/1030] loss = 0.049068
[e255 s0050/1030] loss = 0.110159
[e255 s0100/1030] loss = 0.090735
[e255 s0150/1030] loss = 0.083917
[e255 s0200/1030] loss = 0.089007
[e255 s0250/1030] loss = 0.085021
[e255 s0300/1030] loss = 0.084833
[e255 s0350/1030] loss = 0.084095
[e255 s0400/1030] loss = 0.087792
[e255 s0450/1030] loss = 0.085231
[e255 s0500/1030] loss = 0.088145
[e255 s0550/1030] loss = 0.088176
[e255 s0600/1030] loss = 0.088744
[e255 s0650/1030] loss = 0.088543
[e255 s0700/1030] loss = 0.088139
[e255 s0750/1030] loss = 0.088004
[e255 s0800/1030] loss = 0.088360
[e255 s0850/1030] loss = 0.088490
[e255 s0900/1030] loss = 0.159145
[e255 s0950/1030] loss = 0.155418
[e255 s1000/1030] loss = 0.153281
Epoch 255: train_loss = 0.151800  MAE/GAME0 = 17.080  RMSE = 38.797  GAME1 = 18.133  GAME2 = 19.122  GAME3 = 19.798  lr = 1.75e-05  time = 17.0s
[e256 s0001/1030] loss = 0.536601
[e256 s0050/1030] loss = 0.123458
[e256 s0100/1030] loss = 0.108979
[e256 s0150/1030] loss = 0.101488
[e256 s0200/1030] loss = 0.100469
[e256 s0250/1030] loss = 0.094109
[e256 s0300/1030] loss = 0.291455
[e256 s0350/1030] loss = 0.264241
[e256 s0400/1030] loss = 0.244700
[e256 s0450/1030] loss = 0.230446
[e256 s0500/1030] loss = 0.216776
[e256 s0550/1030] loss = 0.204806
[e256 s0600/1030] loss = 0.193529
[e256 s0650/1030] loss = 0.183923
[e256 s0700/1030] loss = 0.176700
[e256 s0750/1030] loss = 0.170536
[e256 s0800/1030] loss = 0.166703
[e256 s0850/1030] loss = 0.162234
[e256 s0900/1030] loss = 0.160021
[e256 s0950/1030] loss = 0.156195
[e256 s1000/1030] loss = 0.152545
Epoch 256: train_loss = 0.151505  MAE/GAME0 = 16.873  RMSE = 38.582  GAME1 = 18.110  GAME2 = 19.265  GAME3 = 20.013  lr = 1.73e-05  time = 16.4s
[e257 s0001/1030] loss = 0.076147
[e257 s0050/1030] loss = 0.117019
[e257 s0100/1030] loss = 0.108270
[e257 s0150/1030] loss = 0.107988
[e257 s0200/1030] loss = 0.102326
[e257 s0250/1030] loss = 0.102056
[e257 s0300/1030] loss = 0.100298
[e257 s0350/1030] loss = 0.268739
[e257 s0400/1030] loss = 0.243576
[e257 s0450/1030] loss = 0.224250
[e257 s0500/1030] loss = 0.212088
[e257 s0550/1030] loss = 0.200770
[e257 s0600/1030] loss = 0.192623
[e257 s0650/1030] loss = 0.185298
[e257 s0700/1030] loss = 0.181478
[e257 s0750/1030] loss = 0.174319
[e257 s0800/1030] loss = 0.167762
[e257 s0850/1030] loss = 0.164343
[e257 s0900/1030] loss = 0.159527
[e257 s0950/1030] loss = 0.156443
[e257 s1000/1030] loss = 0.152218
Epoch 257: train_loss = 0.149861  MAE/GAME0 = 16.565  RMSE = 38.402  GAME1 = 17.745  GAME2 = 18.923  GAME3 = 19.656  lr = 1.71e-05  time = 16.6s
[e258 s0001/1030] loss = 0.007421
[e258 s0050/1030] loss = 0.088208
[e258 s0100/1030] loss = 0.090208
[e258 s0150/1030] loss = 0.085273
[e258 s0200/1030] loss = 0.083956
[e258 s0250/1030] loss = 0.084504
[e258 s0300/1030] loss = 0.086808
[e258 s0350/1030] loss = 0.087069
[e258 s0400/1030] loss = 0.086405
[e258 s0450/1030] loss = 0.085909
[e258 s0500/1030] loss = 0.083121
[e258 s0550/1030] loss = 0.087132
[e258 s0600/1030] loss = 0.088064
[e258 s0650/1030] loss = 0.088674
[e258 s0700/1030] loss = 0.173890
[e258 s0750/1030] loss = 0.168485
[e258 s0800/1030] loss = 0.166789
[e258 s0850/1030] loss = 0.162414
[e258 s0900/1030] loss = 0.159534
[e258 s0950/1030] loss = 0.155164
[e258 s1000/1030] loss = 0.153838
Epoch 258: train_loss = 0.152335  MAE/GAME0 = 14.632  RMSE = 37.252  GAME1 = 16.276  GAME2 = 17.886  GAME3 = 19.017  lr = 1.69e-05  time = 16.4s
[e259 s0001/1030] loss = 0.067076
[e259 s0050/1030] loss = 0.088350
[e259 s0100/1030] loss = 0.078007
[e259 s0150/1030] loss = 0.088719
[e259 s0200/1030] loss = 0.089376
[e259 s0250/1030] loss = 0.093667
[e259 s0300/1030] loss = 0.096111
[e259 s0350/1030] loss = 0.097837
[e259 s0400/1030] loss = 0.096519
[e259 s0450/1030] loss = 0.098524
[e259 s0500/1030] loss = 0.095837
[e259 s0550/1030] loss = 0.202354
[e259 s0600/1030] loss = 0.193620
[e259 s0650/1030] loss = 0.184921
[e259 s0700/1030] loss = 0.176736
[e259 s0750/1030] loss = 0.170491
[e259 s0800/1030] loss = 0.166522
[e259 s0850/1030] loss = 0.161581
[e259 s0900/1030] loss = 0.157710
[e259 s0950/1030] loss = 0.154635
[e259 s1000/1030] loss = 0.150317
Epoch 259: train_loss = 0.148848  MAE/GAME0 = 20.290  RMSE = 40.482  GAME1 = 20.793  GAME2 = 21.281  GAME3 = 21.541  lr = 1.67e-05  time = 16.7s
[e260 s0001/1030] loss = 0.024531
[e260 s0050/1030] loss = 0.109925
[e260 s0100/1030] loss = 0.094552
[e260 s0150/1030] loss = 0.094852
[e260 s0200/1030] loss = 0.092272
[e260 s0250/1030] loss = 0.089636
[e260 s0300/1030] loss = 0.091349
[e260 s0350/1030] loss = 0.090073
[e260 s0400/1030] loss = 0.096667
[e260 s0450/1030] loss = 0.097033
[e260 s0500/1030] loss = 0.096074
[e260 s0550/1030] loss = 0.094556
[e260 s0600/1030] loss = 0.095414
[e260 s0650/1030] loss = 0.094595
[e260 s0700/1030] loss = 0.092560
[e260 s0750/1030] loss = 0.091105
[e260 s0800/1030] loss = 0.090988
[e260 s0850/1030] loss = 0.092230
[e260 s0900/1030] loss = 0.091140
[e260 s0950/1030] loss = 0.092530
[e260 s1000/1030] loss = 0.091880
Epoch 260: train_loss = 0.152118  MAE/GAME0 = 13.933  RMSE = 36.502  GAME1 = 16.245  GAME2 = 18.256  GAME3 = 19.626  lr = 1.65e-05  time = 16.3s
[e261 s0001/1030] loss = 0.056145
[e261 s0050/1030] loss = 0.098234
[e261 s0100/1030] loss = 0.097123
[e261 s0150/1030] loss = 0.086559
[e261 s0200/1030] loss = 0.375196
[e261 s0250/1030] loss = 0.323178
[e261 s0300/1030] loss = 0.281998
[e261 s0350/1030] loss = 0.256212
[e261 s0400/1030] loss = 0.240165
[e261 s0450/1030] loss = 0.221813
[e261 s0500/1030] loss = 0.207730
[e261 s0550/1030] loss = 0.196355
[e261 s0600/1030] loss = 0.187058
[e261 s0650/1030] loss = 0.180169
[e261 s0700/1030] loss = 0.172910
[e261 s0750/1030] loss = 0.166262
[e261 s0800/1030] loss = 0.160201
[e261 s0850/1030] loss = 0.154721
[e261 s0900/1030] loss = 0.151876
[e261 s0950/1030] loss = 0.148256
[e261 s1000/1030] loss = 0.147044
Epoch 261: train_loss = 0.144882  MAE/GAME0 = 16.663  RMSE = 38.446  GAME1 = 17.914  GAME2 = 19.073  GAME3 = 19.820  lr = 1.63e-05  time = 16.7s
[e262 s0001/1030] loss = 0.208215
[e262 s0050/1030] loss = 0.072501
[e262 s0100/1030] loss = 0.075140
[e262 s0150/1030] loss = 0.073206
[e262 s0200/1030] loss = 0.075945
[e262 s0250/1030] loss = 0.085179
[e262 s0300/1030] loss = 0.085772
[e262 s0350/1030] loss = 0.084186
[e262 s0400/1030] loss = 0.087492
[e262 s0450/1030] loss = 0.215892
[e262 s0500/1030] loss = 0.201372
[e262 s0550/1030] loss = 0.191621
[e262 s0600/1030] loss = 0.182603
[e262 s0650/1030] loss = 0.177023
[e262 s0700/1030] loss = 0.171919
[e262 s0750/1030] loss = 0.167231
[e262 s0800/1030] loss = 0.162985
[e262 s0850/1030] loss = 0.158460
[e262 s0900/1030] loss = 0.153448
[e262 s0950/1030] loss = 0.148920
[e262 s1000/1030] loss = 0.145281
Epoch 262: train_loss = 0.143620  MAE/GAME0 = 17.572  RMSE = 38.908  GAME1 = 18.576  GAME2 = 19.569  GAME3 = 20.206  lr = 1.61e-05  time = 16.5s
[e263 s0001/1030] loss = 0.088252
[e263 s0050/1030] loss = 0.104494
[e263 s0100/1030] loss = 0.109424
[e263 s0150/1030] loss = 0.099115
[e263 s0200/1030] loss = 0.089904
[e263 s0250/1030] loss = 0.086419
[e263 s0300/1030] loss = 0.095425
[e263 s0350/1030] loss = 0.256516
[e263 s0400/1030] loss = 0.238588
[e263 s0450/1030] loss = 0.221999
[e263 s0500/1030] loss = 0.206679
[e263 s0550/1030] loss = 0.194588
[e263 s0600/1030] loss = 0.186773
[e263 s0650/1030] loss = 0.178989
[e263 s0700/1030] loss = 0.171400
[e263 s0750/1030] loss = 0.166786
[e263 s0800/1030] loss = 0.161094
[e263 s0850/1030] loss = 0.157461
[e263 s0900/1030] loss = 0.152048
[e263 s0950/1030] loss = 0.148584
[e263 s1000/1030] loss = 0.145519
Epoch 263: train_loss = 0.143823  MAE/GAME0 = 13.522  RMSE = 36.322  GAME1 = 15.650  GAME2 = 17.606  GAME3 = 19.020  lr = 1.59e-05  time = 16.5s
[e264 s0001/1030] loss = 0.028496
[e264 s0050/1030] loss = 1.277073
[e264 s0100/1030] loss = 0.671158
[e264 s0150/1030] loss = 0.470349
[e264 s0200/1030] loss = 0.372948
[e264 s0250/1030] loss = 0.316079
[e264 s0300/1030] loss = 0.278698
[e264 s0350/1030] loss = 0.259079
[e264 s0400/1030] loss = 0.237361
[e264 s0450/1030] loss = 0.222918
[e264 s0500/1030] loss = 0.206994
[e264 s0550/1030] loss = 0.198274
[e264 s0600/1030] loss = 0.187645
[e264 s0650/1030] loss = 0.178180
[e264 s0700/1030] loss = 0.175176
[e264 s0750/1030] loss = 0.171908
[e264 s0800/1030] loss = 0.165063
[e264 s0850/1030] loss = 0.158831
[e264 s0900/1030] loss = 0.154819
[e264 s0950/1030] loss = 0.150748
[e264 s1000/1030] loss = 0.148064
Epoch 264: train_loss = 0.146131  MAE/GAME0 = 16.945  RMSE = 38.405  GAME1 = 17.999  GAME2 = 19.080  GAME3 = 19.767  lr = 1.57e-05  time = 16.5s
[e265 s0001/1030] loss = 0.084745
[e265 s0050/1030] loss = 0.112721
[e265 s0100/1030] loss = 0.086990
[e265 s0150/1030] loss = 0.091340
[e265 s0200/1030] loss = 0.092189
[e265 s0250/1030] loss = 0.089760
[e265 s0300/1030] loss = 0.088435
[e265 s0350/1030] loss = 0.084226
[e265 s0400/1030] loss = 0.086794
[e265 s0450/1030] loss = 0.086623
[e265 s0500/1030] loss = 0.084156
[e265 s0550/1030] loss = 0.086364
[e265 s0600/1030] loss = 0.088504
[e265 s0650/1030] loss = 0.179847
[e265 s0700/1030] loss = 0.171966
[e265 s0750/1030] loss = 0.166121
[e265 s0800/1030] loss = 0.160233
[e265 s0850/1030] loss = 0.155191
[e265 s0900/1030] loss = 0.150443
[e265 s0950/1030] loss = 0.149161
[e265 s1000/1030] loss = 0.145929
Epoch 265: train_loss = 0.143655  MAE/GAME0 = 15.281  RMSE = 37.719  GAME1 = 16.929  GAME2 = 18.415  GAME3 = 19.409  lr = 1.55e-05  time = 16.2s
[e266 s0001/1030] loss = 0.002790
[e266 s0050/1030] loss = 0.066768
[e266 s0100/1030] loss = 0.072926
[e266 s0150/1030] loss = 0.079552
[e266 s0200/1030] loss = 0.075380
[e266 s0250/1030] loss = 0.072779
[e266 s0300/1030] loss = 0.076527
[e266 s0350/1030] loss = 0.076919
[e266 s0400/1030] loss = 0.081588
[e266 s0450/1030] loss = 0.081345
[e266 s0500/1030] loss = 0.081379
[e266 s0550/1030] loss = 0.079727
[e266 s0600/1030] loss = 0.081066
[e266 s0650/1030] loss = 0.082771
[e266 s0700/1030] loss = 0.082422
[e266 s0750/1030] loss = 0.160116
[e266 s0800/1030] loss = 0.154921
[e266 s0850/1030] loss = 0.150454
[e266 s0900/1030] loss = 0.146610
[e266 s0950/1030] loss = 0.144833
[e266 s1000/1030] loss = 0.142444
Epoch 266: train_loss = 0.140403  MAE/GAME0 = 14.618  RMSE = 37.385  GAME1 = 16.323  GAME2 = 17.881  GAME3 = 19.036  lr = 1.53e-05  time = 16.4s
[e267 s0001/1030] loss = 0.341525
[e267 s0050/1030] loss = 1.222623
[e267 s0100/1030] loss = 0.671021
[e267 s0150/1030] loss = 0.474153
[e267 s0200/1030] loss = 0.373239
[e267 s0250/1030] loss = 0.313174
[e267 s0300/1030] loss = 0.272280
[e267 s0350/1030] loss = 0.242709
[e267 s0400/1030] loss = 0.221675
[e267 s0450/1030] loss = 0.205231
[e267 s0500/1030] loss = 0.193243
[e267 s0550/1030] loss = 0.182035
[e267 s0600/1030] loss = 0.173567
[e267 s0650/1030] loss = 0.164529
[e267 s0700/1030] loss = 0.160365
[e267 s0750/1030] loss = 0.157711
[e267 s0800/1030] loss = 0.155033
[e267 s0850/1030] loss = 0.151878
[e267 s0900/1030] loss = 0.148863
[e267 s0950/1030] loss = 0.144623
[e267 s1000/1030] loss = 0.141540
Epoch 267: train_loss = 0.139670  MAE/GAME0 = 15.106  RMSE = 37.396  GAME1 = 16.837  GAME2 = 18.371  GAME3 = 19.460  lr = 1.51e-05  time = 16.6s
[e268 s0001/1030] loss = 0.037436
[e268 s0050/1030] loss = 0.069790
[e268 s0100/1030] loss = 0.082082
[e268 s0150/1030] loss = 0.081965
[e268 s0200/1030] loss = 0.087574
[e268 s0250/1030] loss = 0.086054
[e268 s0300/1030] loss = 0.082347
[e268 s0350/1030] loss = 0.087348
[e268 s0400/1030] loss = 0.084996
[e268 s0450/1030] loss = 0.082703
[e268 s0500/1030] loss = 0.081442
[e268 s0550/1030] loss = 0.083024
[e268 s0600/1030] loss = 0.086083
[e268 s0650/1030] loss = 0.086050
[e268 s0700/1030] loss = 0.085018
[e268 s0750/1030] loss = 0.084483
[e268 s0800/1030] loss = 0.155449
[e268 s0850/1030] loss = 0.152898
[e268 s0900/1030] loss = 0.149303
[e268 s0950/1030] loss = 0.146532
[e268 s1000/1030] loss = 0.143265
Epoch 268: train_loss = 0.142054  MAE/GAME0 = 14.860  RMSE = 37.255  GAME1 = 16.646  GAME2 = 18.202  GAME3 = 19.316  lr = 1.49e-05  time = 16.6s
[e269 s0001/1030] loss = 0.010312
[e269 s0050/1030] loss = 0.101484
[e269 s0100/1030] loss = 0.091389
[e269 s0150/1030] loss = 0.096429
[e269 s0200/1030] loss = 0.091259
[e269 s0250/1030] loss = 0.097380
[e269 s0300/1030] loss = 0.280795
[e269 s0350/1030] loss = 0.257318
[e269 s0400/1030] loss = 0.233133
[e269 s0450/1030] loss = 0.215783
[e269 s0500/1030] loss = 0.204552
[e269 s0550/1030] loss = 0.194612
[e269 s0600/1030] loss = 0.184900
[e269 s0650/1030] loss = 0.179673
[e269 s0700/1030] loss = 0.173051
[e269 s0750/1030] loss = 0.167022
[e269 s0800/1030] loss = 0.160253
[e269 s0850/1030] loss = 0.154676
[e269 s0900/1030] loss = 0.150231
[e269 s0950/1030] loss = 0.145235
[e269 s1000/1030] loss = 0.141638
Epoch 269: train_loss = 0.139175  MAE/GAME0 = 13.460  RMSE = 36.226  GAME1 = 15.712  GAME2 = 17.870  GAME3 = 19.396  lr = 1.47e-05  time = 16.7s
[e270 s0001/1030] loss = 0.018273
[e270 s0050/1030] loss = 0.089493
[e270 s0100/1030] loss = 0.080161
[e270 s0150/1030] loss = 0.079104
[e270 s0200/1030] loss = 0.077572
[e270 s0250/1030] loss = 0.076463
[e270 s0300/1030] loss = 0.076189
[e270 s0350/1030] loss = 0.075889
[e270 s0400/1030] loss = 0.076584
[e270 s0450/1030] loss = 0.077591
[e270 s0500/1030] loss = 0.078288
[e270 s0550/1030] loss = 0.079555
[e270 s0600/1030] loss = 0.079902
[e270 s0650/1030] loss = 0.079413
[e270 s0700/1030] loss = 0.079099
[e270 s0750/1030] loss = 0.081483
[e270 s0800/1030] loss = 0.081331
[e270 s0850/1030] loss = 0.081147
[e270 s0900/1030] loss = 0.082600
[e270 s0950/1030] loss = 0.140426
[e270 s1000/1030] loss = 0.138195
Epoch 270: train_loss = 0.136396  MAE/GAME0 = 14.534  RMSE = 37.235  GAME1 = 16.210  GAME2 = 17.870  GAME3 = 18.988  lr = 1.45e-05  time = 16.3s
[e271 s0001/1030] loss = 0.082895
[e271 s0050/1030] loss = 0.102116
[e271 s0100/1030] loss = 0.092150
[e271 s0150/1030] loss = 0.413055
[e271 s0200/1030] loss = 0.332344
[e271 s0250/1030] loss = 0.284517
[e271 s0300/1030] loss = 0.252503
[e271 s0350/1030] loss = 0.226950
[e271 s0400/1030] loss = 0.206931
[e271 s0450/1030] loss = 0.191948
[e271 s0500/1030] loss = 0.181345
[e271 s0550/1030] loss = 0.171597
[e271 s0600/1030] loss = 0.167541
[e271 s0650/1030] loss = 0.161712
[e271 s0700/1030] loss = 0.155219
[e271 s0750/1030] loss = 0.148267
[e271 s0800/1030] loss = 0.145066
[e271 s0850/1030] loss = 0.140282
[e271 s0900/1030] loss = 0.136262
[e271 s0950/1030] loss = 0.133491
[e271 s1000/1030] loss = 0.131330
Epoch 271: train_loss = 0.131477  MAE/GAME0 = 14.353  RMSE = 36.763  GAME1 = 16.030  GAME2 = 17.642  GAME3 = 18.852  lr = 1.43e-05  time = 16.6s
[e272 s0001/1030] loss = 0.383026
[e272 s0050/1030] loss = 0.082197
[e272 s0100/1030] loss = 0.106118
[e272 s0150/1030] loss = 0.092786
[e272 s0200/1030] loss = 0.087148
[e272 s0250/1030] loss = 0.089612
[e272 s0300/1030] loss = 0.270722
[e272 s0350/1030] loss = 0.241060
[e272 s0400/1030] loss = 0.219556
[e272 s0450/1030] loss = 0.204355
[e272 s0500/1030] loss = 0.191933
[e272 s0550/1030] loss = 0.181312
[e272 s0600/1030] loss = 0.173053
[e272 s0650/1030] loss = 0.165012
[e272 s0700/1030] loss = 0.158327
[e272 s0750/1030] loss = 0.153314
[e272 s0800/1030] loss = 0.148000
[e272 s0850/1030] loss = 0.143734
[e272 s0900/1030] loss = 0.140405
[e272 s0950/1030] loss = 0.138515
[e272 s1000/1030] loss = 0.136112
Epoch 272: train_loss = 0.135347  MAE/GAME0 = 16.720  RMSE = 38.508  GAME1 = 17.981  GAME2 = 19.155  GAME3 = 19.916  lr = 1.41e-05  time = 16.4s
[e273 s0001/1030] loss = 0.069130
[e273 s0050/1030] loss = 0.086394
[e273 s0100/1030] loss = 0.077993
[e273 s0150/1030] loss = 0.081524
[e273 s0200/1030] loss = 0.079981
[e273 s0250/1030] loss = 0.080972
[e273 s0300/1030] loss = 0.083524
[e273 s0350/1030] loss = 0.083674
[e273 s0400/1030] loss = 0.082076
[e273 s0450/1030] loss = 0.080850
[e273 s0500/1030] loss = 0.081251
[e273 s0550/1030] loss = 0.080998
[e273 s0600/1030] loss = 0.080923
[e273 s0650/1030] loss = 0.080617
[e273 s0700/1030] loss = 0.082543
[e273 s0750/1030] loss = 0.081499
[e273 s0800/1030] loss = 0.080448
[e273 s0850/1030] loss = 0.145734
[e273 s0900/1030] loss = 0.143448
[e273 s0950/1030] loss = 0.139846
[e273 s1000/1030] loss = 0.136714
Epoch 273: train_loss = 0.134334  MAE/GAME0 = 16.404  RMSE = 38.396  GAME1 = 17.598  GAME2 = 18.772  GAME3 = 19.572  lr = 1.39e-05  time = 16.3s
[e274 s0001/1030] loss = 0.069783
[e274 s0050/1030] loss = 0.068736
[e274 s0100/1030] loss = 0.067350
[e274 s0150/1030] loss = 0.065877
[e274 s0200/1030] loss = 0.065573
[e274 s0250/1030] loss = 0.067531
[e274 s0300/1030] loss = 0.071933
[e274 s0350/1030] loss = 0.072530
[e274 s0400/1030] loss = 0.071549
[e274 s0450/1030] loss = 0.073279
[e274 s0500/1030] loss = 0.075775
[e274 s0550/1030] loss = 0.074931
[e274 s0600/1030] loss = 0.077603
[e274 s0650/1030] loss = 0.078120
[e274 s0700/1030] loss = 0.078497
[e274 s0750/1030] loss = 0.079103
[e274 s0800/1030] loss = 0.079383
[e274 s0850/1030] loss = 0.079269
[e274 s0900/1030] loss = 0.078969
[e274 s0950/1030] loss = 0.078700
[e274 s1000/1030] loss = 0.135660
Epoch 274: train_loss = 0.133948  MAE/GAME0 = 14.158  RMSE = 36.798  GAME1 = 16.060  GAME2 = 17.845  GAME3 = 19.072  lr = 1.37e-05  time = 16.5s
[e275 s0001/1030] loss = 0.042272
[e275 s0050/1030] loss = 0.079016
[e275 s0100/1030] loss = 0.077027
[e275 s0150/1030] loss = 0.079681
[e275 s0200/1030] loss = 0.081669
[e275 s0250/1030] loss = 0.081763
[e275 s0300/1030] loss = 0.077677
[e275 s0350/1030] loss = 0.082740
[e275 s0400/1030] loss = 0.083278
[e275 s0450/1030] loss = 0.205040
[e275 s0500/1030] loss = 0.191509
[e275 s0550/1030] loss = 0.180871
[e275 s0600/1030] loss = 0.172606
[e275 s0650/1030] loss = 0.164315
[e275 s0700/1030] loss = 0.157362
[e275 s0750/1030] loss = 0.151332
[e275 s0800/1030] loss = 0.146653
[e275 s0850/1030] loss = 0.141629
[e275 s0900/1030] loss = 0.138196
[e275 s0950/1030] loss = 0.134679
[e275 s1000/1030] loss = 0.131609
Epoch 275: train_loss = 0.130455  MAE/GAME0 = 15.200  RMSE = 37.597  GAME1 = 16.792  GAME2 = 18.318  GAME3 = 19.341  lr = 1.35e-05  time = 16.7s
[e276 s0001/1030] loss = 0.020660
[e276 s0050/1030] loss = 0.115060
[e276 s0100/1030] loss = 0.107811
[e276 s0150/1030] loss = 0.106614
[e276 s0200/1030] loss = 0.098350
[e276 s0250/1030] loss = 0.093487
[e276 s0300/1030] loss = 0.093238
[e276 s0350/1030] loss = 0.089439
[e276 s0400/1030] loss = 0.086794
[e276 s0450/1030] loss = 0.085766
[e276 s0500/1030] loss = 0.084300
[e276 s0550/1030] loss = 0.084334
[e276 s0600/1030] loss = 0.083750
[e276 s0650/1030] loss = 0.081547
[e276 s0700/1030] loss = 0.081414
[e276 s0750/1030] loss = 0.079753
[e276 s0800/1030] loss = 0.147970
[e276 s0850/1030] loss = 0.144048
[e276 s0900/1030] loss = 0.139997
[e276 s0950/1030] loss = 0.138332
[e276 s1000/1030] loss = 0.135284
Epoch 276: train_loss = 0.133718  MAE/GAME0 = 15.196  RMSE = 37.617  GAME1 = 16.775  GAME2 = 18.274  GAME3 = 19.327  lr = 1.33e-05  time = 16.6s
[e277 s0001/1030] loss = 0.038975
[e277 s0050/1030] loss = 0.059141
[e277 s0100/1030] loss = 0.063260
[e277 s0150/1030] loss = 0.067252
[e277 s0200/1030] loss = 0.087257
[e277 s0250/1030] loss = 0.084651
[e277 s0300/1030] loss = 0.084458
[e277 s0350/1030] loss = 0.083225
[e277 s0400/1030] loss = 0.079763
[e277 s0450/1030] loss = 0.079652
[e277 s0500/1030] loss = 0.080757
[e277 s0550/1030] loss = 0.082503
[e277 s0600/1030] loss = 0.081179
[e277 s0650/1030] loss = 0.080864
[e277 s0700/1030] loss = 0.080223
[e277 s0750/1030] loss = 0.149826
[e277 s0800/1030] loss = 0.146500
[e277 s0850/1030] loss = 0.142378
[e277 s0900/1030] loss = 0.137979
[e277 s0950/1030] loss = 0.135938
[e277 s1000/1030] loss = 0.133139
Epoch 277: train_loss = 0.131724  MAE/GAME0 = 15.169  RMSE = 37.482  GAME1 = 16.887  GAME2 = 18.510  GAME3 = 19.551  lr = 1.31e-05  time = 16.6s
[e278 s0001/1030] loss = 0.346440
[e278 s0050/1030] loss = 0.065383
[e278 s0100/1030] loss = 0.062846
[e278 s0150/1030] loss = 0.067740
[e278 s0200/1030] loss = 0.067886
[e278 s0250/1030] loss = 0.278689
[e278 s0300/1030] loss = 0.249458
[e278 s0350/1030] loss = 0.221828
[e278 s0400/1030] loss = 0.206224
[e278 s0450/1030] loss = 0.189725
[e278 s0500/1030] loss = 0.179866
[e278 s0550/1030] loss = 0.172919
[e278 s0600/1030] loss = 0.163511
[e278 s0650/1030] loss = 0.156417
[e278 s0700/1030] loss = 0.149312
[e278 s0750/1030] loss = 0.145667
[e278 s0800/1030] loss = 0.140486
[e278 s0850/1030] loss = 0.135559
[e278 s0900/1030] loss = 0.132146
[e278 s0950/1030] loss = 0.128897
[e278 s1000/1030] loss = 0.127175
Epoch 278: train_loss = 0.125844  MAE/GAME0 = 15.662  RMSE = 37.807  GAME1 = 17.204  GAME2 = 18.533  GAME3 = 19.500  lr = 1.29e-05  time = 16.5s
[e279 s0001/1030] loss = 0.095437
[e279 s0050/1030] loss = 0.066053
[e279 s0100/1030] loss = 0.069493
[e279 s0150/1030] loss = 0.075056
[e279 s0200/1030] loss = 0.073609
[e279 s0250/1030] loss = 0.078991
[e279 s0300/1030] loss = 0.079419
[e279 s0350/1030] loss = 0.079134
[e279 s0400/1030] loss = 0.079764
[e279 s0450/1030] loss = 0.080486
[e279 s0500/1030] loss = 0.082145
[e279 s0550/1030] loss = 0.081966
[e279 s0600/1030] loss = 0.079638
[e279 s0650/1030] loss = 0.079499
[e279 s0700/1030] loss = 0.080369
[e279 s0750/1030] loss = 0.148944
[e279 s0800/1030] loss = 0.143239
[e279 s0850/1030] loss = 0.140427
[e279 s0900/1030] loss = 0.138242
[e279 s0950/1030] loss = 0.134321
[e279 s1000/1030] loss = 0.130758
Epoch 279: train_loss = 0.129303  MAE/GAME0 = 14.599  RMSE = 37.061  GAME1 = 16.570  GAME2 = 18.168  GAME3 = 19.330  lr = 1.27e-05  time = 16.4s
[e280 s0001/1030] loss = 0.009095
[e280 s0050/1030] loss = 0.079506
[e280 s0100/1030] loss = 0.066403
[e280 s0150/1030] loss = 0.072036
[e280 s0200/1030] loss = 0.072175
[e280 s0250/1030] loss = 0.071017
[e280 s0300/1030] loss = 0.070602
[e280 s0350/1030] loss = 0.069908
[e280 s0400/1030] loss = 0.070208
[e280 s0450/1030] loss = 0.069642
[e280 s0500/1030] loss = 0.071305
[e280 s0550/1030] loss = 0.072869
[e280 s0600/1030] loss = 0.073726
[e280 s0650/1030] loss = 0.071919
[e280 s0700/1030] loss = 0.071367
[e280 s0750/1030] loss = 0.141644
[e280 s0800/1030] loss = 0.138275
[e280 s0850/1030] loss = 0.135409
[e280 s0900/1030] loss = 0.132969
[e280 s0950/1030] loss = 0.130433
[e280 s1000/1030] loss = 0.126659
Epoch 280: train_loss = 0.125462  MAE/GAME0 = 15.962  RMSE = 38.016  GAME1 = 17.252  GAME2 = 18.554  GAME3 = 19.436  lr = 1.25e-05  time = 16.6s
[e281 s0001/1030] loss = 0.106206
[e281 s0050/1030] loss = 0.063130
[e281 s0100/1030] loss = 0.609310
[e281 s0150/1030] loss = 0.430086
[e281 s0200/1030] loss = 0.336073
[e281 s0250/1030] loss = 0.281527
[e281 s0300/1030] loss = 0.250190
[e281 s0350/1030] loss = 0.225660
[e281 s0400/1030] loss = 0.209314
[e281 s0450/1030] loss = 0.193147
[e281 s0500/1030] loss = 0.179211
[e281 s0550/1030] loss = 0.171032
[e281 s0600/1030] loss = 0.164236
[e281 s0650/1030] loss = 0.157372
[e281 s0700/1030] loss = 0.150018
[e281 s0750/1030] loss = 0.145558
[e281 s0800/1030] loss = 0.140829
[e281 s0850/1030] loss = 0.136272
[e281 s0900/1030] loss = 0.132550
[e281 s0950/1030] loss = 0.131375
[e281 s1000/1030] loss = 0.128398
Epoch 281: train_loss = 0.127082  MAE/GAME0 = 17.563  RMSE = 39.029  GAME1 = 18.723  GAME2 = 19.751  GAME3 = 20.371  lr = 1.23e-05  time = 16.2s
[e282 s0001/1030] loss = 0.086570
[e282 s0050/1030] loss = 0.084674
[e282 s0100/1030] loss = 0.066666
[e282 s0150/1030] loss = 0.069692
[e282 s0200/1030] loss = 0.088477
[e282 s0250/1030] loss = 0.087821
[e282 s0300/1030] loss = 0.084669
[e282 s0350/1030] loss = 0.086573
[e282 s0400/1030] loss = 0.085100
[e282 s0450/1030] loss = 0.202338
[e282 s0500/1030] loss = 0.188892
[e282 s0550/1030] loss = 0.177698
[e282 s0600/1030] loss = 0.167562
[e282 s0650/1030] loss = 0.159854
[e282 s0700/1030] loss = 0.152909
[e282 s0750/1030] loss = 0.148646
[e282 s0800/1030] loss = 0.142815
[e282 s0850/1030] loss = 0.138731
[e282 s0900/1030] loss = 0.135762
[e282 s0950/1030] loss = 0.132896
[e282 s1000/1030] loss = 0.129469
Epoch 282: train_loss = 0.128363  MAE/GAME0 = 13.923  RMSE = 36.876  GAME1 = 15.854  GAME2 = 17.681  GAME3 = 18.961  lr = 1.22e-05  time = 16.4s
[e283 s0001/1030] loss = 0.243698
[e283 s0050/1030] loss = 0.078213
[e283 s0100/1030] loss = 0.073789
[e283 s0150/1030] loss = 0.073962
[e283 s0200/1030] loss = 0.071689
[e283 s0250/1030] loss = 0.069002
[e283 s0300/1030] loss = 0.068313
[e283 s0350/1030] loss = 0.214958
[e283 s0400/1030] loss = 0.196557
[e283 s0450/1030] loss = 0.182906
[e283 s0500/1030] loss = 0.171569
[e283 s0550/1030] loss = 0.162145
[e283 s0600/1030] loss = 0.155479
[e283 s0650/1030] loss = 0.149290
[e283 s0700/1030] loss = 0.144421
[e283 s0750/1030] loss = 0.138488
[e283 s0800/1030] loss = 0.134935
[e283 s0850/1030] loss = 0.130834
[e283 s0900/1030] loss = 0.129617
[e283 s0950/1030] loss = 0.127476
[e283 s1000/1030] loss = 0.124245
Epoch 283: train_loss = 0.123540  MAE/GAME0 = 13.710  RMSE = 36.646  GAME1 = 15.702  GAME2 = 17.595  GAME3 = 18.920  lr = 1.20e-05  time = 16.3s
[e284 s0001/1030] loss = 0.154365
[e284 s0050/1030] loss = 0.075813
[e284 s0100/1030] loss = 0.084720
[e284 s0150/1030] loss = 0.083485
[e284 s0200/1030] loss = 0.078685
[e284 s0250/1030] loss = 0.075658
[e284 s0300/1030] loss = 0.075625
[e284 s0350/1030] loss = 0.074604
[e284 s0400/1030] loss = 0.076151
[e284 s0450/1030] loss = 0.078081
[e284 s0500/1030] loss = 0.076705
[e284 s0550/1030] loss = 0.075911
[e284 s0600/1030] loss = 0.078310
[e284 s0650/1030] loss = 0.078660
[e284 s0700/1030] loss = 0.079479
[e284 s0750/1030] loss = 0.148332
[e284 s0800/1030] loss = 0.142977
[e284 s0850/1030] loss = 0.139672
[e284 s0900/1030] loss = 0.134884
[e284 s0950/1030] loss = 0.131430
[e284 s1000/1030] loss = 0.128362
Epoch 284: train_loss = 0.126925  MAE/GAME0 = 14.922  RMSE = 37.480  GAME1 = 16.561  GAME2 = 18.105  GAME3 = 19.195  lr = 1.18e-05  time = 16.4s
[e285 s0001/1030] loss = 0.135368
[e285 s0050/1030] loss = 0.087918
[e285 s0100/1030] loss = 0.090535
[e285 s0150/1030] loss = 0.083993
[e285 s0200/1030] loss = 0.347689
[e285 s0250/1030] loss = 0.291420
[e285 s0300/1030] loss = 0.257624
[e285 s0350/1030] loss = 0.229386
[e285 s0400/1030] loss = 0.207471
[e285 s0450/1030] loss = 0.190422
[e285 s0500/1030] loss = 0.180549
[e285 s0550/1030] loss = 0.170355
[e285 s0600/1030] loss = 0.164387
[e285 s0650/1030] loss = 0.156381
[e285 s0700/1030] loss = 0.149740
[e285 s0750/1030] loss = 0.146727
[e285 s0800/1030] loss = 0.141371
[e285 s0850/1030] loss = 0.137311
[e285 s0900/1030] loss = 0.134192
[e285 s0950/1030] loss = 0.131226
[e285 s1000/1030] loss = 0.128933
Epoch 285: train_loss = 0.126611  MAE/GAME0 = 15.103  RMSE = 37.572  GAME1 = 16.727  GAME2 = 18.188  GAME3 = 19.214  lr = 1.16e-05  time = 16.6s
[e286 s0001/1030] loss = 0.004277
[e286 s0050/1030] loss = 0.065560
[e286 s0100/1030] loss = 0.069738
[e286 s0150/1030] loss = 0.062851
[e286 s0200/1030] loss = 0.068183
[e286 s0250/1030] loss = 0.072710
[e286 s0300/1030] loss = 0.074141
[e286 s0350/1030] loss = 0.073070
[e286 s0400/1030] loss = 0.072483
[e286 s0450/1030] loss = 0.073233
[e286 s0500/1030] loss = 0.071948
[e286 s0550/1030] loss = 0.072431
[e286 s0600/1030] loss = 0.072455
[e286 s0650/1030] loss = 0.076101
[e286 s0700/1030] loss = 0.075658
[e286 s0750/1030] loss = 0.075745
[e286 s0800/1030] loss = 0.074723
[e286 s0850/1030] loss = 0.072939
[e286 s0900/1030] loss = 0.072288
[e286 s0950/1030] loss = 0.072361
[e286 s1000/1030] loss = 0.124811
Epoch 286: train_loss = 0.123177  MAE/GAME0 = 17.423  RMSE = 38.930  GAME1 = 18.536  GAME2 = 19.571  GAME3 = 20.228  lr = 1.14e-05  time = 16.3s
[e287 s0001/1030] loss = 0.023622
[e287 s0050/1030] loss = 0.061714
[e287 s0100/1030] loss = 0.067597
[e287 s0150/1030] loss = 0.070615
[e287 s0200/1030] loss = 0.066781
[e287 s0250/1030] loss = 0.066915
[e287 s0300/1030] loss = 0.064789
[e287 s0350/1030] loss = 0.067621
[e287 s0400/1030] loss = 0.067735
[e287 s0450/1030] loss = 0.066469
[e287 s0500/1030] loss = 0.068325
[e287 s0550/1030] loss = 0.068616
[e287 s0600/1030] loss = 0.067791
[e287 s0650/1030] loss = 0.067477
[e287 s0700/1030] loss = 0.067807
[e287 s0750/1030] loss = 0.136373
[e287 s0800/1030] loss = 0.133023
[e287 s0850/1030] loss = 0.129690
[e287 s0900/1030] loss = 0.125612
[e287 s0950/1030] loss = 0.123614
[e287 s1000/1030] loss = 0.121776
Epoch 287: train_loss = 0.119992  MAE/GAME0 = 20.686  RMSE = 40.738  GAME1 = 21.116  GAME2 = 21.546  GAME3 = 21.776  lr = 1.12e-05  time = 16.4s
[e288 s0001/1030] loss = 0.398481
[e288 s0050/1030] loss = 0.082230
[e288 s0100/1030] loss = 0.077778
[e288 s0150/1030] loss = 0.073796
[e288 s0200/1030] loss = 0.071388
[e288 s0250/1030] loss = 0.277619
[e288 s0300/1030] loss = 0.246950
[e288 s0350/1030] loss = 0.219906
[e288 s0400/1030] loss = 0.200599
[e288 s0450/1030] loss = 0.184179
[e288 s0500/1030] loss = 0.171761
[e288 s0550/1030] loss = 0.161390
[e288 s0600/1030] loss = 0.152349
[e288 s0650/1030] loss = 0.145841
[e288 s0700/1030] loss = 0.143667
[e288 s0750/1030] loss = 0.140231
[e288 s0800/1030] loss = 0.135871
[e288 s0850/1030] loss = 0.131685
[e288 s0900/1030] loss = 0.127652
[e288 s0950/1030] loss = 0.124144
[e288 s1000/1030] loss = 0.121259
Epoch 288: train_loss = 0.119096  MAE/GAME0 = 16.339  RMSE = 38.365  GAME1 = 17.481  GAME2 = 18.648  GAME3 = 19.444  lr = 1.11e-05  time = 16.4s
[e289 s0001/1030] loss = 0.027007
[e289 s0050/1030] loss = 0.082715
[e289 s0100/1030] loss = 0.082010
[e289 s0150/1030] loss = 0.078953
[e289 s0200/1030] loss = 0.075363
[e289 s0250/1030] loss = 0.076590
[e289 s0300/1030] loss = 0.077074
[e289 s0350/1030] loss = 0.078445
[e289 s0400/1030] loss = 0.075295
[e289 s0450/1030] loss = 0.074226
[e289 s0500/1030] loss = 0.074341
[e289 s0550/1030] loss = 0.074895
[e289 s0600/1030] loss = 0.075295
[e289 s0650/1030] loss = 0.073418
[e289 s0700/1030] loss = 0.072440
[e289 s0750/1030] loss = 0.071550
[e289 s0800/1030] loss = 0.071466
[e289 s0850/1030] loss = 0.071364
[e289 s0900/1030] loss = 0.071831
[e289 s0950/1030] loss = 0.128186
[e289 s1000/1030] loss = 0.124992
Epoch 289: train_loss = 0.123253  MAE/GAME0 = 16.536  RMSE = 38.428  GAME1 = 17.734  GAME2 = 18.955  GAME3 = 19.721  lr = 1.09e-05  time = 16.9s
[e290 s0001/1030] loss = 0.108239
[e290 s0050/1030] loss = 1.070792
[e290 s0100/1030] loss = 0.569315
[e290 s0150/1030] loss = 0.397063
[e290 s0200/1030] loss = 0.316973
[e290 s0250/1030] loss = 0.263556
[e290 s0300/1030] loss = 0.232265
[e290 s0350/1030] loss = 0.210520
[e290 s0400/1030] loss = 0.194030
[e290 s0450/1030] loss = 0.180227
[e290 s0500/1030] loss = 0.172283
[e290 s0550/1030] loss = 0.163409
[e290 s0600/1030] loss = 0.154317
[e290 s0650/1030] loss = 0.148376
[e290 s0700/1030] loss = 0.144815
[e290 s0750/1030] loss = 0.140221
[e290 s0800/1030] loss = 0.135605
[e290 s0850/1030] loss = 0.131290
[e290 s0900/1030] loss = 0.127967
[e290 s0950/1030] loss = 0.124771
[e290 s1000/1030] loss = 0.121060
Epoch 290: train_loss = 0.119052  MAE/GAME0 = 16.686  RMSE = 38.494  GAME1 = 17.831  GAME2 = 18.958  GAME3 = 19.693  lr = 1.07e-05  time = 16.6s
[e291 s0001/1030] loss = 0.067488
[e291 s0050/1030] loss = 0.076776
[e291 s0100/1030] loss = 0.072073
[e291 s0150/1030] loss = 0.067403
[e291 s0200/1030] loss = 0.065610
[e291 s0250/1030] loss = 0.065691
[e291 s0300/1030] loss = 0.063492
[e291 s0350/1030] loss = 0.062673
[e291 s0400/1030] loss = 0.064502
[e291 s0450/1030] loss = 0.062808
[e291 s0500/1030] loss = 0.065933
[e291 s0550/1030] loss = 0.066097
[e291 s0600/1030] loss = 0.066837
[e291 s0650/1030] loss = 0.068597
[e291 s0700/1030] loss = 0.068883
[e291 s0750/1030] loss = 0.069356
[e291 s0800/1030] loss = 0.069470
[e291 s0850/1030] loss = 0.069475
[e291 s0900/1030] loss = 0.129508
[e291 s0950/1030] loss = 0.125218
[e291 s1000/1030] loss = 0.122859
Epoch 291: train_loss = 0.122434  MAE/GAME0 = 14.080  RMSE = 36.893  GAME1 = 16.002  GAME2 = 17.719  GAME3 = 19.000  lr = 1.05e-05  time = 16.4s
[e292 s0001/1030] loss = 0.035878
[e292 s0050/1030] loss = 0.057209
[e292 s0100/1030] loss = 0.065387
[e292 s0150/1030] loss = 0.063535
[e292 s0200/1030] loss = 0.067648
[e292 s0250/1030] loss = 0.070293
[e292 s0300/1030] loss = 0.067258
[e292 s0350/1030] loss = 0.068498
[e292 s0400/1030] loss = 0.068663
[e292 s0450/1030] loss = 0.067989
[e292 s0500/1030] loss = 0.068645
[e292 s0550/1030] loss = 0.070385
[e292 s0600/1030] loss = 0.071554
[e292 s0650/1030] loss = 0.149989
[e292 s0700/1030] loss = 0.144811
[e292 s0750/1030] loss = 0.138797
[e292 s0800/1030] loss = 0.133176
[e292 s0850/1030] loss = 0.129497
[e292 s0900/1030] loss = 0.125414
[e292 s0950/1030] loss = 0.123101
[e292 s1000/1030] loss = 0.119694
Epoch 292: train_loss = 0.119219  MAE/GAME0 = 14.677  RMSE = 37.308  GAME1 = 16.515  GAME2 = 18.102  GAME3 = 19.259  lr = 1.03e-05  time = 16.5s
[e293 s0001/1030] loss = 0.157942
[e293 s0050/1030] loss = 0.061686
[e293 s0100/1030] loss = 0.058157
[e293 s0150/1030] loss = 0.054355
[e293 s0200/1030] loss = 0.060297
[e293 s0250/1030] loss = 0.067586
[e293 s0300/1030] loss = 0.072664
[e293 s0350/1030] loss = 0.072419
[e293 s0400/1030] loss = 0.071852
[e293 s0450/1030] loss = 0.069866
[e293 s0500/1030] loss = 0.070330
[e293 s0550/1030] loss = 0.070959
[e293 s0600/1030] loss = 0.071521
[e293 s0650/1030] loss = 0.071892
[e293 s0700/1030] loss = 0.070585
[e293 s0750/1030] loss = 0.070019
[e293 s0800/1030] loss = 0.069744
[e293 s0850/1030] loss = 0.069258
[e293 s0900/1030] loss = 0.068989
[e293 s0950/1030] loss = 0.068246
[e293 s1000/1030] loss = 0.119262
Epoch 293: train_loss = 0.117531  MAE/GAME0 = 13.801  RMSE = 36.777  GAME1 = 15.730  GAME2 = 17.561  GAME3 = 18.875  lr = 1.02e-05  time = 16.7s
[e294 s0001/1030] loss = 0.046310
[e294 s0050/1030] loss = 0.066671
[e294 s0100/1030] loss = 0.064751
[e294 s0150/1030] loss = 0.061732
[e294 s0200/1030] loss = 0.062207
[e294 s0250/1030] loss = 0.060371
[e294 s0300/1030] loss = 0.066208
[e294 s0350/1030] loss = 0.069522
[e294 s0400/1030] loss = 0.069461
[e294 s0450/1030] loss = 0.068191
[e294 s0500/1030] loss = 0.066912
[e294 s0550/1030] loss = 0.066588
[e294 s0600/1030] loss = 0.069349
[e294 s0650/1030] loss = 0.070011
[e294 s0700/1030] loss = 0.139596
[e294 s0750/1030] loss = 0.134245
[e294 s0800/1030] loss = 0.131344
[e294 s0850/1030] loss = 0.126778
[e294 s0900/1030] loss = 0.123292
[e294 s0950/1030] loss = 0.120009
[e294 s1000/1030] loss = 0.117436
Epoch 294: train_loss = 0.115750  MAE/GAME0 = 14.678  RMSE = 37.268  GAME1 = 16.372  GAME2 = 17.966  GAME3 = 19.096  lr = 9.99e-06  time = 16.7s
[e295 s0001/1030] loss = 0.026334
[e295 s0050/1030] loss = 0.072524
[e295 s0100/1030] loss = 0.073287
[e295 s0150/1030] loss = 0.068974
[e295 s0200/1030] loss = 0.069293
[e295 s0250/1030] loss = 0.072191
[e295 s0300/1030] loss = 0.070801
[e295 s0350/1030] loss = 0.069947
[e295 s0400/1030] loss = 0.069083
[e295 s0450/1030] loss = 0.069154
[e295 s0500/1030] loss = 0.070597
[e295 s0550/1030] loss = 0.071014
[e295 s0600/1030] loss = 0.155954
[e295 s0650/1030] loss = 0.149980
[e295 s0700/1030] loss = 0.142337
[e295 s0750/1030] loss = 0.137423
[e295 s0800/1030] loss = 0.133140
[e295 s0850/1030] loss = 0.129706
[e295 s0900/1030] loss = 0.125305
[e295 s0950/1030] loss = 0.121591
[e295 s1000/1030] loss = 0.118107
Epoch 295: train_loss = 0.117211  MAE/GAME0 = 13.957  RMSE = 36.510  GAME1 = 16.113  GAME2 = 17.975  GAME3 = 19.296  lr = 9.82e-06  time = 16.4s
[e296 s0001/1030] loss = 0.019915
[e296 s0050/1030] loss = 0.064811
[e296 s0100/1030] loss = 0.069176
[e296 s0150/1030] loss = 0.065226
[e296 s0200/1030] loss = 0.062761
[e296 s0250/1030] loss = 0.260981
[e296 s0300/1030] loss = 0.226576
[e296 s0350/1030] loss = 0.202806
[e296 s0400/1030] loss = 0.187095
[e296 s0450/1030] loss = 0.173658
[e296 s0500/1030] loss = 0.164208
[e296 s0550/1030] loss = 0.154711
[e296 s0600/1030] loss = 0.146758
[e296 s0650/1030] loss = 0.139786
[e296 s0700/1030] loss = 0.135580
[e296 s0750/1030] loss = 0.131699
[e296 s0800/1030] loss = 0.127135
[e296 s0850/1030] loss = 0.123480
[e296 s0900/1030] loss = 0.120880
[e296 s0950/1030] loss = 0.117823
[e296 s1000/1030] loss = 0.114733
Epoch 296: train_loss = 0.113489  MAE/GAME0 = 14.782  RMSE = 37.192  GAME1 = 16.528  GAME2 = 18.104  GAME3 = 19.218  lr = 9.65e-06  time = 16.5s
[e297 s0001/1030] loss = 0.132490
[e297 s0050/1030] loss = 0.051755
[e297 s0100/1030] loss = 0.064805
[e297 s0150/1030] loss = 0.068332
[e297 s0200/1030] loss = 0.071255
[e297 s0250/1030] loss = 0.270496
[e297 s0300/1030] loss = 0.234246
[e297 s0350/1030] loss = 0.211062
[e297 s0400/1030] loss = 0.191563
[e297 s0450/1030] loss = 0.176911
[e297 s0500/1030] loss = 0.165541
[e297 s0550/1030] loss = 0.156540
[e297 s0600/1030] loss = 0.148536
[e297 s0650/1030] loss = 0.142825
[e297 s0700/1030] loss = 0.136604
[e297 s0750/1030] loss = 0.131579
[e297 s0800/1030] loss = 0.127668
[e297 s0850/1030] loss = 0.124089
[e297 s0900/1030] loss = 0.121059
[e297 s0950/1030] loss = 0.117915
[e297 s1000/1030] loss = 0.115279
Epoch 297: train_loss = 0.113329  MAE/GAME0 = 14.464  RMSE = 37.179  GAME1 = 16.233  GAME2 = 17.854  GAME3 = 19.055  lr = 9.48e-06  time = 16.3s
[e298 s0001/1030] loss = 0.100862
[e298 s0050/1030] loss = 0.070600
[e298 s0100/1030] loss = 0.065539
[e298 s0150/1030] loss = 0.062229
[e298 s0200/1030] loss = 0.061371
[e298 s0250/1030] loss = 0.060245
[e298 s0300/1030] loss = 0.230893
[e298 s0350/1030] loss = 0.208864
[e298 s0400/1030] loss = 0.189894
[e298 s0450/1030] loss = 0.175403
[e298 s0500/1030] loss = 0.162659
[e298 s0550/1030] loss = 0.152734
[e298 s0600/1030] loss = 0.145533
[e298 s0650/1030] loss = 0.140068
[e298 s0700/1030] loss = 0.135244
[e298 s0750/1030] loss = 0.130575
[e298 s0800/1030] loss = 0.125544
[e298 s0850/1030] loss = 0.122031
[e298 s0900/1030] loss = 0.117925
[e298 s0950/1030] loss = 0.115713
[e298 s1000/1030] loss = 0.113783
Epoch 298: train_loss = 0.112493  MAE/GAME0 = 18.200  RMSE = 39.301  GAME1 = 19.038  GAME2 = 19.869  GAME3 = 20.380  lr = 9.31e-06  time = 16.5s
[e299 s0001/1030] loss = 0.019991
[e299 s0050/1030] loss = 0.055958
[e299 s0100/1030] loss = 0.062275
[e299 s0150/1030] loss = 0.066556
[e299 s0200/1030] loss = 0.065990
[e299 s0250/1030] loss = 0.063808
[e299 s0300/1030] loss = 0.061097
[e299 s0350/1030] loss = 0.063103
[e299 s0400/1030] loss = 0.064701
[e299 s0450/1030] loss = 0.066867
[e299 s0500/1030] loss = 0.064700
[e299 s0550/1030] loss = 0.063908
[e299 s0600/1030] loss = 0.063261
[e299 s0650/1030] loss = 0.062881
[e299 s0700/1030] loss = 0.062498
[e299 s0750/1030] loss = 0.061701
[e299 s0800/1030] loss = 0.062075
[e299 s0850/1030] loss = 0.062791
[e299 s0900/1030] loss = 0.062320
[e299 s0950/1030] loss = 0.115150
[e299 s1000/1030] loss = 0.112977
Epoch 299: train_loss = 0.111673  MAE/GAME0 = 14.038  RMSE = 36.704  GAME1 = 16.142  GAME2 = 18.001  GAME3 = 19.317  lr = 9.14e-06  time = 16.4s
[e300 s0001/1030] loss = 0.024651
[e300 s0050/1030] loss = 0.090425
[e300 s0100/1030] loss = 0.072575
[e300 s0150/1030] loss = 0.064703
[e300 s0200/1030] loss = 0.062427
[e300 s0250/1030] loss = 0.060563
[e300 s0300/1030] loss = 0.060506
[e300 s0350/1030] loss = 0.059907
[e300 s0400/1030] loss = 0.060286
[e300 s0450/1030] loss = 0.060430
[e300 s0500/1030] loss = 0.060300
[e300 s0550/1030] loss = 0.059494
[e300 s0600/1030] loss = 0.142712
[e300 s0650/1030] loss = 0.138434
[e300 s0700/1030] loss = 0.132625
[e300 s0750/1030] loss = 0.127802
[e300 s0800/1030] loss = 0.122900
[e300 s0850/1030] loss = 0.121224
[e300 s0900/1030] loss = 0.118089
[e300 s0950/1030] loss = 0.115345
[e300 s1000/1030] loss = 0.113449
Epoch 300: train_loss = 0.111702  MAE/GAME0 = 20.458  RMSE = 40.560  GAME1 = 20.907  GAME2 = 21.369  GAME3 = 21.627  lr = 8.97e-06  time = 16.6s
[e301 s0001/1030] loss = 0.044827
[e301 s0050/1030] loss = 0.075151
[e301 s0100/1030] loss = 0.070173
[e301 s0150/1030] loss = 0.066942
[e301 s0200/1030] loss = 0.066899
[e301 s0250/1030] loss = 0.066547
[e301 s0300/1030] loss = 0.064729
[e301 s0350/1030] loss = 0.062134
[e301 s0400/1030] loss = 0.061645
[e301 s0450/1030] loss = 0.061709
[e301 s0500/1030] loss = 0.061942
[e301 s0550/1030] loss = 0.062217
[e301 s0600/1030] loss = 0.061658
[e301 s0650/1030] loss = 0.063612
[e301 s0700/1030] loss = 0.062827
[e301 s0750/1030] loss = 0.062085
[e301 s0800/1030] loss = 0.061202
[e301 s0850/1030] loss = 0.059893
[e301 s0900/1030] loss = 0.060931
[e301 s0950/1030] loss = 0.062711
[e301 s1000/1030] loss = 0.112758
Epoch 301: train_loss = 0.111201  MAE/GAME0 = 14.710  RMSE = 37.358  GAME1 = 16.433  GAME2 = 18.003  GAME3 = 19.137  lr = 8.80e-06  time = 16.3s
[e302 s0001/1030] loss = 0.007569
[e302 s0050/1030] loss = 0.057857
[e302 s0100/1030] loss = 0.072516
[e302 s0150/1030] loss = 0.067918
[e302 s0200/1030] loss = 0.064580
[e302 s0250/1030] loss = 0.063209
[e302 s0300/1030] loss = 0.061873
[e302 s0350/1030] loss = 0.064036
[e302 s0400/1030] loss = 0.182328
[e302 s0450/1030] loss = 0.168311
[e302 s0500/1030] loss = 0.158268
[e302 s0550/1030] loss = 0.149809
[e302 s0600/1030] loss = 0.142521
[e302 s0650/1030] loss = 0.135462
[e302 s0700/1030] loss = 0.129470
[e302 s0750/1030] loss = 0.124729
[e302 s0800/1030] loss = 0.120958
[e302 s0850/1030] loss = 0.116741
[e302 s0900/1030] loss = 0.114572
[e302 s0950/1030] loss = 0.111385
[e302 s1000/1030] loss = 0.109523
Epoch 302: train_loss = 0.108595  MAE/GAME0 = 15.204  RMSE = 37.600  GAME1 = 16.711  GAME2 = 18.136  GAME3 = 19.139  lr = 8.64e-06  time = 16.5s
[e303 s0001/1030] loss = 0.065345
[e303 s0050/1030] loss = 0.054080
[e303 s0100/1030] loss = 0.058737
[e303 s0150/1030] loss = 0.062345
[e303 s0200/1030] loss = 0.062960
[e303 s0250/1030] loss = 0.063350
[e303 s0300/1030] loss = 0.062137
[e303 s0350/1030] loss = 0.062079
[e303 s0400/1030] loss = 0.178185
[e303 s0450/1030] loss = 0.164147
[e303 s0500/1030] loss = 0.153015
[e303 s0550/1030] loss = 0.143385
[e303 s0600/1030] loss = 0.136919
[e303 s0650/1030] loss = 0.130163
[e303 s0700/1030] loss = 0.125047
[e303 s0750/1030] loss = 0.120732
[e303 s0800/1030] loss = 0.116620
[e303 s0850/1030] loss = 0.115103
[e303 s0900/1030] loss = 0.112602
[e303 s0950/1030] loss = 0.109864
[e303 s1000/1030] loss = 0.107900
Epoch 303: train_loss = 0.106396  MAE/GAME0 = 15.811  RMSE = 37.975  GAME1 = 17.069  GAME2 = 18.293  GAME3 = 19.207  lr = 8.48e-06  time = 16.8s
[e304 s0001/1030] loss = 0.055772
[e304 s0050/1030] loss = 0.065594
[e304 s0100/1030] loss = 0.079289
[e304 s0150/1030] loss = 0.073741
[e304 s0200/1030] loss = 0.073029
[e304 s0250/1030] loss = 0.069935
[e304 s0300/1030] loss = 0.224455
[e304 s0350/1030] loss = 0.199574
[e304 s0400/1030] loss = 0.181393
[e304 s0450/1030] loss = 0.168047
[e304 s0500/1030] loss = 0.156919
[e304 s0550/1030] loss = 0.148567
[e304 s0600/1030] loss = 0.140471
[e304 s0650/1030] loss = 0.133442
[e304 s0700/1030] loss = 0.128124
[e304 s0750/1030] loss = 0.123383
[e304 s0800/1030] loss = 0.119571
[e304 s0850/1030] loss = 0.116051
[e304 s0900/1030] loss = 0.113598
[e304 s0950/1030] loss = 0.110677
[e304 s1000/1030] loss = 0.108048
Epoch 304: train_loss = 0.106904  MAE/GAME0 = 14.040  RMSE = 36.794  GAME1 = 15.890  GAME2 = 17.674  GAME3 = 18.974  lr = 8.31e-06  time = 27.9s
[e305 s0001/1030] loss = 0.028049
[e305 s0050/1030] loss = 0.055790
[e305 s0100/1030] loss = 0.065356
[e305 s0150/1030] loss = 0.062075
[e305 s0200/1030] loss = 0.058744
[e305 s0250/1030] loss = 0.248203
[e305 s0300/1030] loss = 0.215490
[e305 s0350/1030] loss = 0.194222
[e305 s0400/1030] loss = 0.178541
[e305 s0450/1030] loss = 0.165854
[e305 s0500/1030] loss = 0.155479
[e305 s0550/1030] loss = 0.146505
[e305 s0600/1030] loss = 0.139358
[e305 s0650/1030] loss = 0.132752
[e305 s0700/1030] loss = 0.127260
[e305 s0750/1030] loss = 0.122231
[e305 s0800/1030] loss = 0.119039
[e305 s0850/1030] loss = 0.115837
[e305 s0900/1030] loss = 0.112897
[e305 s0950/1030] loss = 0.109487
[e305 s1000/1030] loss = 0.106620
Epoch 305: train_loss = 0.105070  MAE/GAME0 = 17.990  RMSE = 39.135  GAME1 = 18.878  GAME2 = 19.720  GAME3 = 20.276  lr = 8.15e-06  time = 24.5s
[e306 s0001/1030] loss = 0.040325
[e306 s0050/1030] loss = 0.055355
[e306 s0100/1030] loss = 0.058681
[e306 s0150/1030] loss = 0.063030
[e306 s0200/1030] loss = 0.060891
[e306 s0250/1030] loss = 0.059501
[e306 s0300/1030] loss = 0.058417
[e306 s0350/1030] loss = 0.060085
[e306 s0400/1030] loss = 0.059302
[e306 s0450/1030] loss = 0.058542
[e306 s0500/1030] loss = 0.059264
[e306 s0550/1030] loss = 0.058900
[e306 s0600/1030] loss = 0.058816
[e306 s0650/1030] loss = 0.057765
[e306 s0700/1030] loss = 0.057599
[e306 s0750/1030] loss = 0.056732
[e306 s0800/1030] loss = 0.057213
[e306 s0850/1030] loss = 0.112164
[e306 s0900/1030] loss = 0.109497
[e306 s0950/1030] loss = 0.106565
[e306 s1000/1030] loss = 0.104208
Epoch 306: train_loss = 0.103458  MAE/GAME0 = 16.402  RMSE = 38.269  GAME1 = 17.610  GAME2 = 18.759  GAME3 = 19.534  lr = 7.99e-06  time = 39.8s
[e307 s0001/1030] loss = 0.087262
[e307 s0050/1030] loss = 0.058517
[e307 s0100/1030] loss = 0.055605
[e307 s0150/1030] loss = 0.063733
[e307 s0200/1030] loss = 0.064890
[e307 s0250/1030] loss = 0.064065
[e307 s0300/1030] loss = 0.065387
[e307 s0350/1030] loss = 0.064011
[e307 s0400/1030] loss = 0.064346
[e307 s0450/1030] loss = 0.063414
[e307 s0500/1030] loss = 0.062602
[e307 s0550/1030] loss = 0.061999
[e307 s0600/1030] loss = 0.061714
[e307 s0650/1030] loss = 0.062109
[e307 s0700/1030] loss = 0.060555
[e307 s0750/1030] loss = 0.061751
[e307 s0800/1030] loss = 0.061185
[e307 s0850/1030] loss = 0.119620
[e307 s0900/1030] loss = 0.116058
[e307 s0950/1030] loss = 0.112868
[e307 s1000/1030] loss = 0.109541
Epoch 307: train_loss = 0.107509  MAE/GAME0 = 20.870  RMSE = 40.860  GAME1 = 21.277  GAME2 = 21.679  GAME3 = 21.896  lr = 7.83e-06  time = 62.0s
[e308 s0001/1030] loss = 0.048720
[e308 s0050/1030] loss = 0.066040
[e308 s0100/1030] loss = 0.060731
[e308 s0150/1030] loss = 0.063962
[e308 s0200/1030] loss = 0.062172
[e308 s0250/1030] loss = 0.061712
[e308 s0300/1030] loss = 0.061140
[e308 s0350/1030] loss = 0.060294
[e308 s0400/1030] loss = 0.060773
[e308 s0450/1030] loss = 0.058865
[e308 s0500/1030] loss = 0.057127
[e308 s0550/1030] loss = 0.056373
[e308 s0600/1030] loss = 0.132515
[e308 s0650/1030] loss = 0.126017
[e308 s0700/1030] loss = 0.121281
[e308 s0750/1030] loss = 0.117197
[e308 s0800/1030] loss = 0.113930
[e308 s0850/1030] loss = 0.111446
[e308 s0900/1030] loss = 0.109811
[e308 s0950/1030] loss = 0.107094
[e308 s1000/1030] loss = 0.104424
Epoch 308: train_loss = 0.102777  MAE/GAME0 = 18.471  RMSE = 39.455  GAME1 = 19.184  GAME2 = 19.947  GAME3 = 20.436  lr = 7.68e-06  time = 34.2s
[e309 s0001/1030] loss = 0.030484
[e309 s0050/1030] loss = 0.062409
[e309 s0100/1030] loss = 0.057201
[e309 s0150/1030] loss = 0.058032
[e309 s0200/1030] loss = 0.056839
[e309 s0250/1030] loss = 0.058995
[e309 s0300/1030] loss = 0.058152
[e309 s0350/1030] loss = 0.056824
[e309 s0400/1030] loss = 0.055405
[e309 s0450/1030] loss = 0.054624
[e309 s0500/1030] loss = 0.054413
[e309 s0550/1030] loss = 0.054313
[e309 s0600/1030] loss = 0.053307
[e309 s0650/1030] loss = 0.052845
[e309 s0700/1030] loss = 0.119066
[e309 s0750/1030] loss = 0.115586
[e309 s0800/1030] loss = 0.111921
[e309 s0850/1030] loss = 0.108682
[e309 s0900/1030] loss = 0.107340
[e309 s0950/1030] loss = 0.105114
[e309 s1000/1030] loss = 0.103681
Epoch 309: train_loss = 0.102544  MAE/GAME0 = 15.298  RMSE = 37.639  GAME1 = 16.822  GAME2 = 18.250  GAME3 = 19.239  lr = 7.52e-06  time = 27.2s
[e310 s0001/1030] loss = 0.122234
[e310 s0050/1030] loss = 0.064209
[e310 s0100/1030] loss = 0.065405
[e310 s0150/1030] loss = 0.064384
[e310 s0200/1030] loss = 0.061563
[e310 s0250/1030] loss = 0.062163
[e310 s0300/1030] loss = 0.223049
[e310 s0350/1030] loss = 0.199906
[e310 s0400/1030] loss = 0.183974
[e310 s0450/1030] loss = 0.171731
[e310 s0500/1030] loss = 0.159176
[e310 s0550/1030] loss = 0.149961
[e310 s0600/1030] loss = 0.142402
[e310 s0650/1030] loss = 0.135246
[e310 s0700/1030] loss = 0.130161
[e310 s0750/1030] loss = 0.124682
[e310 s0800/1030] loss = 0.121178
[e310 s0850/1030] loss = 0.116694
[e310 s0900/1030] loss = 0.112522
[e310 s0950/1030] loss = 0.108760
[e310 s1000/1030] loss = 0.105634
Epoch 310: train_loss = 0.104688  MAE/GAME0 = 19.306  RMSE = 39.931  GAME1 = 19.929  GAME2 = 20.579  GAME3 = 20.970  lr = 7.36e-06  time = 34.9s
[e311 s0001/1030] loss = 0.016723
[e311 s0050/1030] loss = 0.057248
[e311 s0100/1030] loss = 0.057813
[e311 s0150/1030] loss = 0.059983
[e311 s0200/1030] loss = 0.058220
[e311 s0250/1030] loss = 0.057835
[e311 s0300/1030] loss = 0.056367
[e311 s0350/1030] loss = 0.055590
[e311 s0400/1030] loss = 0.055295
[e311 s0450/1030] loss = 0.056098
[e311 s0500/1030] loss = 0.055642
[e311 s0550/1030] loss = 0.058135
[e311 s0600/1030] loss = 0.059169
[e311 s0650/1030] loss = 0.058337
[e311 s0700/1030] loss = 0.059128
[e311 s0750/1030] loss = 0.058732
[e311 s0800/1030] loss = 0.058448
[e311 s0850/1030] loss = 0.113281
[e311 s0900/1030] loss = 0.111252
[e311 s0950/1030] loss = 0.108185
[e311 s1000/1030] loss = 0.104947
Epoch 311: train_loss = 0.103149  MAE/GAME0 = 16.926  RMSE = 38.577  GAME1 = 18.029  GAME2 = 19.097  GAME3 = 19.838  lr = 7.21e-06  time = 48.7s
[e312 s0001/1030] loss = 0.024437
[e312 s0050/1030] loss = 0.044837
[e312 s0100/1030] loss = 0.049418
[e312 s0150/1030] loss = 0.048986
[e312 s0200/1030] loss = 0.058913
[e312 s0250/1030] loss = 0.057272
[e312 s0300/1030] loss = 0.053938
[e312 s0350/1030] loss = 0.054373
[e312 s0400/1030] loss = 0.053428
[e312 s0450/1030] loss = 0.054798
[e312 s0500/1030] loss = 0.055492
[e312 s0550/1030] loss = 0.055851
[e312 s0600/1030] loss = 0.057029
[e312 s0650/1030] loss = 0.056423
[e312 s0700/1030] loss = 0.056010
[e312 s0750/1030] loss = 0.056910
[e312 s0800/1030] loss = 0.056347
[e312 s0850/1030] loss = 0.057039
[e312 s0900/1030] loss = 0.057771
[e312 s0950/1030] loss = 0.056983
[e312 s1000/1030] loss = 0.104971
Epoch 312: train_loss = 0.103550  MAE/GAME0 = 13.974  RMSE = 36.858  GAME1 = 15.966  GAME2 = 17.844  GAME3 = 19.155  lr = 7.06e-06  time = 19.6s
[e313 s0001/1030] loss = 0.140744
[e313 s0050/1030] loss = 0.068410
[e313 s0100/1030] loss = 0.057248
[e313 s0150/1030] loss = 0.053725
[e313 s0200/1030] loss = 0.054474
[e313 s0250/1030] loss = 0.054516
[e313 s0300/1030] loss = 0.053099
[e313 s0350/1030] loss = 0.053276
[e313 s0400/1030] loss = 0.053121
[e313 s0450/1030] loss = 0.053863
[e313 s0500/1030] loss = 0.145252
[e313 s0550/1030] loss = 0.136352
[e313 s0600/1030] loss = 0.128899
[e313 s0650/1030] loss = 0.123382
[e313 s0700/1030] loss = 0.119499
[e313 s0750/1030] loss = 0.115029
[e313 s0800/1030] loss = 0.110814
[e313 s0850/1030] loss = 0.107789
[e313 s0900/1030] loss = 0.104331
[e313 s0950/1030] loss = 0.102669
[e313 s1000/1030] loss = 0.100154
Epoch 313: train_loss = 0.098961  MAE/GAME0 = 13.898  RMSE = 36.631  GAME1 = 16.035  GAME2 = 17.879  GAME3 = 19.268  lr = 6.91e-06  time = 16.9s
[e314 s0001/1030] loss = 0.099381
[e314 s0050/1030] loss = 0.053974
[e314 s0100/1030] loss = 0.066991
[e314 s0150/1030] loss = 0.362240
[e314 s0200/1030] loss = 0.284357
[e314 s0250/1030] loss = 0.238227
[e314 s0300/1030] loss = 0.206782
[e314 s0350/1030] loss = 0.186162
[e314 s0400/1030] loss = 0.168947
[e314 s0450/1030] loss = 0.157478
[e314 s0500/1030] loss = 0.146234
[e314 s0550/1030] loss = 0.137785
[e314 s0600/1030] loss = 0.130915
[e314 s0650/1030] loss = 0.125402
[e314 s0700/1030] loss = 0.120164
[e314 s0750/1030] loss = 0.115897
[e314 s0800/1030] loss = 0.112115
[e314 s0850/1030] loss = 0.108969
[e314 s0900/1030] loss = 0.105980
[e314 s0950/1030] loss = 0.102854
[e314 s1000/1030] loss = 0.099741
Epoch 314: train_loss = 0.098332  MAE/GAME0 = 15.543  RMSE = 37.816  GAME1 = 16.898  GAME2 = 18.309  GAME3 = 19.253  lr = 6.76e-06  time = 17.1s
[e315 s0001/1030] loss = 0.177846
[e315 s0050/1030] loss = 0.047742
[e315 s0100/1030] loss = 0.053508
[e315 s0150/1030] loss = 0.053485
[e315 s0200/1030] loss = 0.060628
[e315 s0250/1030] loss = 0.057419
[e315 s0300/1030] loss = 0.057116
[e315 s0350/1030] loss = 0.055833
[e315 s0400/1030] loss = 0.055262
[e315 s0450/1030] loss = 0.055587
[e315 s0500/1030] loss = 0.056882
[e315 s0550/1030] loss = 0.057309
[e315 s0600/1030] loss = 0.059340
[e315 s0650/1030] loss = 0.058595
[e315 s0700/1030] loss = 0.057288
[e315 s0750/1030] loss = 0.056549
[e315 s0800/1030] loss = 0.056056
[e315 s0850/1030] loss = 0.109720
[e315 s0900/1030] loss = 0.106006
[e315 s0950/1030] loss = 0.103219
[e315 s1000/1030] loss = 0.100548
Epoch 315: train_loss = 0.098828  MAE/GAME0 = 14.238  RMSE = 36.945  GAME1 = 16.140  GAME2 = 17.856  GAME3 = 19.087  lr = 6.61e-06  time = 24.3s
[e316 s0001/1030] loss = 0.021554
[e316 s0050/1030] loss = 0.093426
[e316 s0100/1030] loss = 0.067419
[e316 s0150/1030] loss = 0.063485
[e316 s0200/1030] loss = 0.057997
[e316 s0250/1030] loss = 0.058299
[e316 s0300/1030] loss = 0.059922
[e316 s0350/1030] loss = 0.060083
[e316 s0400/1030] loss = 0.061837
[e316 s0450/1030] loss = 0.061727
[e316 s0500/1030] loss = 0.061372
[e316 s0550/1030] loss = 0.059614
[e316 s0600/1030] loss = 0.059128
[e316 s0650/1030] loss = 0.058399
[e316 s0700/1030] loss = 0.058407
[e316 s0750/1030] loss = 0.058832
[e316 s0800/1030] loss = 0.058249
[e316 s0850/1030] loss = 0.058075
[e316 s0900/1030] loss = 0.107804
[e316 s0950/1030] loss = 0.104463
[e316 s1000/1030] loss = 0.101160
Epoch 316: train_loss = 0.099696  MAE/GAME0 = 16.661  RMSE = 38.379  GAME1 = 17.894  GAME2 = 19.045  GAME3 = 19.826  lr = 6.46e-06  time = 17.5s
[e317 s0001/1030] loss = 0.030415
[e317 s0050/1030] loss = 0.063586
[e317 s0100/1030] loss = 0.059350
[e317 s0150/1030] loss = 0.055312
[e317 s0200/1030] loss = 0.056845
[e317 s0250/1030] loss = 0.055404
[e317 s0300/1030] loss = 0.056860
[e317 s0350/1030] loss = 0.055382
[e317 s0400/1030] loss = 0.054515
[e317 s0450/1030] loss = 0.053841
[e317 s0500/1030] loss = 0.054002
[e317 s0550/1030] loss = 0.054260
[e317 s0600/1030] loss = 0.053334
[e317 s0650/1030] loss = 0.052869
[e317 s0700/1030] loss = 0.051892
[e317 s0750/1030] loss = 0.052302
[e317 s0800/1030] loss = 0.052775
[e317 s0850/1030] loss = 0.052818
[e317 s0900/1030] loss = 0.053143
[e317 s0950/1030] loss = 0.100670
[e317 s1000/1030] loss = 0.098613
Epoch 317: train_loss = 0.096913  MAE/GAME0 = 14.212  RMSE = 37.012  GAME1 = 16.135  GAME2 = 17.918  GAME3 = 19.192  lr = 6.32e-06  time = 17.2s
[e318 s0001/1030] loss = 0.020257
[e318 s0050/1030] loss = 0.056641
[e318 s0100/1030] loss = 0.051934
[e318 s0150/1030] loss = 0.059500
[e318 s0200/1030] loss = 0.057990
[e318 s0250/1030] loss = 0.056570
[e318 s0300/1030] loss = 0.055132
[e318 s0350/1030] loss = 0.054480
[e318 s0400/1030] loss = 0.054759
[e318 s0450/1030] loss = 0.055893
[e318 s0500/1030] loss = 0.054991
[e318 s0550/1030] loss = 0.054691
[e318 s0600/1030] loss = 0.053807
[e318 s0650/1030] loss = 0.052723
[e318 s0700/1030] loss = 0.053167
[e318 s0750/1030] loss = 0.052356
[e318 s0800/1030] loss = 0.051641
[e318 s0850/1030] loss = 0.107118
[e318 s0900/1030] loss = 0.104125
[e318 s0950/1030] loss = 0.101363
[e318 s1000/1030] loss = 0.098784
Epoch 318: train_loss = 0.097886  MAE/GAME0 = 14.310  RMSE = 36.978  GAME1 = 16.426  GAME2 = 18.265  GAME3 = 19.569  lr = 6.18e-06  time = 16.6s
[e319 s0001/1030] loss = 0.091457
[e319 s0050/1030] loss = 0.044714
[e319 s0100/1030] loss = 0.044673
[e319 s0150/1030] loss = 0.331163
[e319 s0200/1030] loss = 0.261182
[e319 s0250/1030] loss = 0.218722
[e319 s0300/1030] loss = 0.190711
[e319 s0350/1030] loss = 0.171422
[e319 s0400/1030] loss = 0.157475
[e319 s0450/1030] loss = 0.145176
[e319 s0500/1030] loss = 0.136046
[e319 s0550/1030] loss = 0.129515
[e319 s0600/1030] loss = 0.122707
[e319 s0650/1030] loss = 0.117805
[e319 s0700/1030] loss = 0.114574
[e319 s0750/1030] loss = 0.110618
[e319 s0800/1030] loss = 0.106846
[e319 s0850/1030] loss = 0.102688
[e319 s0900/1030] loss = 0.099935
[e319 s0950/1030] loss = 0.097181
[e319 s1000/1030] loss = 0.094597
Epoch 319: train_loss = 0.093941  MAE/GAME0 = 16.496  RMSE = 38.347  GAME1 = 17.662  GAME2 = 18.837  GAME3 = 19.611  lr = 6.03e-06  time = 16.4s
[e320 s0001/1030] loss = 0.030076
[e320 s0050/1030] loss = 0.050199
[e320 s0100/1030] loss = 0.050880
[e320 s0150/1030] loss = 0.054827
[e320 s0200/1030] loss = 0.050713
[e320 s0250/1030] loss = 0.051220
[e320 s0300/1030] loss = 0.049237
[e320 s0350/1030] loss = 0.051752
[e320 s0400/1030] loss = 0.050800
[e320 s0450/1030] loss = 0.050174
[e320 s0500/1030] loss = 0.052283
[e320 s0550/1030] loss = 0.051981
[e320 s0600/1030] loss = 0.052430
[e320 s0650/1030] loss = 0.053442
[e320 s0700/1030] loss = 0.054309
[e320 s0750/1030] loss = 0.053983
[e320 s0800/1030] loss = 0.109112
[e320 s0850/1030] loss = 0.105377
[e320 s0900/1030] loss = 0.102020
[e320 s0950/1030] loss = 0.098800
[e320 s1000/1030] loss = 0.096026
Epoch 320: train_loss = 0.094979  MAE/GAME0 = 14.515  RMSE = 37.220  GAME1 = 16.212  GAME2 = 17.811  GAME3 = 18.994  lr = 5.89e-06  time = 16.3s
[e321 s0001/1030] loss = 0.019632
[e321 s0050/1030] loss = 0.054726
[e321 s0100/1030] loss = 0.054317
[e321 s0150/1030] loss = 0.050519
[e321 s0200/1030] loss = 0.050195
[e321 s0250/1030] loss = 0.050660
[e321 s0300/1030] loss = 0.052623
[e321 s0350/1030] loss = 0.055022
[e321 s0400/1030] loss = 0.054440
[e321 s0450/1030] loss = 0.053703
[e321 s0500/1030] loss = 0.143164
[e321 s0550/1030] loss = 0.136071
[e321 s0600/1030] loss = 0.128226
[e321 s0650/1030] loss = 0.121481
[e321 s0700/1030] loss = 0.116724
[e321 s0750/1030] loss = 0.111890
[e321 s0800/1030] loss = 0.107636
[e321 s0850/1030] loss = 0.104766
[e321 s0900/1030] loss = 0.101261
[e321 s0950/1030] loss = 0.098301
[e321 s1000/1030] loss = 0.096815
Epoch 321: train_loss = 0.095475  MAE/GAME0 = 16.025  RMSE = 38.122  GAME1 = 17.351  GAME2 = 18.664  GAME3 = 19.519  lr = 5.75e-06  time = 16.4s
[e322 s0001/1030] loss = 0.011891
[e322 s0050/1030] loss = 0.045275
[e322 s0100/1030] loss = 0.046962
[e322 s0150/1030] loss = 0.043337
[e322 s0200/1030] loss = 0.044410
[e322 s0250/1030] loss = 0.045525
[e322 s0300/1030] loss = 0.046190
[e322 s0350/1030] loss = 0.048869
[e322 s0400/1030] loss = 0.048053
[e322 s0450/1030] loss = 0.049112
[e322 s0500/1030] loss = 0.050693
[e322 s0550/1030] loss = 0.050331
[e322 s0600/1030] loss = 0.051131
[e322 s0650/1030] loss = 0.050555
[e322 s0700/1030] loss = 0.051156
[e322 s0750/1030] loss = 0.050703
[e322 s0800/1030] loss = 0.050975
[e322 s0850/1030] loss = 0.051075
[e322 s0900/1030] loss = 0.100042
[e322 s0950/1030] loss = 0.096809
[e322 s1000/1030] loss = 0.094621
Epoch 322: train_loss = 0.093510  MAE/GAME0 = 15.485  RMSE = 37.767  GAME1 = 16.953  GAME2 = 18.387  GAME3 = 19.392  lr = 5.62e-06  time = 16.6s
[e323 s0001/1030] loss = 0.030091
[e323 s0050/1030] loss = 0.068449
[e323 s0100/1030] loss = 0.057560
[e323 s0150/1030] loss = 0.055951
[e323 s0200/1030] loss = 0.053493
[e323 s0250/1030] loss = 0.052192
[e323 s0300/1030] loss = 0.054103
[e323 s0350/1030] loss = 0.052754
[e323 s0400/1030] loss = 0.052419
[e323 s0450/1030] loss = 0.051203
[e323 s0500/1030] loss = 0.054294
[e323 s0550/1030] loss = 0.053328
[e323 s0600/1030] loss = 0.053288
[e323 s0650/1030] loss = 0.053198
[e323 s0700/1030] loss = 0.053029
[e323 s0750/1030] loss = 0.111505
[e323 s0800/1030] loss = 0.106958
[e323 s0850/1030] loss = 0.103245
[e323 s0900/1030] loss = 0.099699
[e323 s0950/1030] loss = 0.097326
[e323 s1000/1030] loss = 0.094491
Epoch 323: train_loss = 0.093071  MAE/GAME0 = 18.247  RMSE = 39.353  GAME1 = 19.096  GAME2 = 19.921  GAME3 = 20.450  lr = 5.48e-06  time = 18.9s
[e324 s0001/1030] loss = 0.044649
[e324 s0050/1030] loss = 0.055191
[e324 s0100/1030] loss = 0.054139
[e324 s0150/1030] loss = 0.053504
[e324 s0200/1030] loss = 0.268530
[e324 s0250/1030] loss = 0.224899
[e324 s0300/1030] loss = 0.195112
[e324 s0350/1030] loss = 0.173474
[e324 s0400/1030] loss = 0.158810
[e324 s0450/1030] loss = 0.146041
[e324 s0500/1030] loss = 0.136491
[e324 s0550/1030] loss = 0.128708
[e324 s0600/1030] loss = 0.123688
[e324 s0650/1030] loss = 0.118383
[e324 s0700/1030] loss = 0.114097
[e324 s0750/1030] loss = 0.108862
[e324 s0800/1030] loss = 0.105508
[e324 s0850/1030] loss = 0.102373
[e324 s0900/1030] loss = 0.098741
[e324 s0950/1030] loss = 0.096019
[e324 s1000/1030] loss = 0.093747
Epoch 324: train_loss = 0.092812  MAE/GAME0 = 14.638  RMSE = 37.213  GAME1 = 16.398  GAME2 = 18.005  GAME3 = 19.184  lr = 5.34e-06  time = 16.5s
[e325 s0001/1030] loss = 0.135024
[e325 s0050/1030] loss = 0.046987
[e325 s0100/1030] loss = 0.045036
[e325 s0150/1030] loss = 0.047685
[e325 s0200/1030] loss = 0.272792
[e325 s0250/1030] loss = 0.226556
[e325 s0300/1030] loss = 0.196065
[e325 s0350/1030] loss = 0.176452
[e325 s0400/1030] loss = 0.161565
[e325 s0450/1030] loss = 0.149278
[e325 s0500/1030] loss = 0.139944
[e325 s0550/1030] loss = 0.131360
[e325 s0600/1030] loss = 0.124099
[e325 s0650/1030] loss = 0.118643
[e325 s0700/1030] loss = 0.114065
[e325 s0750/1030] loss = 0.109172
[e325 s0800/1030] loss = 0.104962
[e325 s0850/1030] loss = 0.102815
[e325 s0900/1030] loss = 0.099634
[e325 s0950/1030] loss = 0.097091
[e325 s1000/1030] loss = 0.094080
Epoch 325: train_loss = 0.092527  MAE/GAME0 = 15.549  RMSE = 37.819  GAME1 = 17.054  GAME2 = 18.482  GAME3 = 19.430  lr = 5.21e-06  time = 16.6s
[e326 s0001/1030] loss = 0.024259
[e326 s0050/1030] loss = 0.045647
[e326 s0100/1030] loss = 0.052448
[e326 s0150/1030] loss = 0.053537
[e326 s0200/1030] loss = 0.050536
[e326 s0250/1030] loss = 0.047984
[e326 s0300/1030] loss = 0.048565
[e326 s0350/1030] loss = 0.047883
[e326 s0400/1030] loss = 0.047515
[e326 s0450/1030] loss = 0.046889
[e326 s0500/1030] loss = 0.045883
[e326 s0550/1030] loss = 0.045575
[e326 s0600/1030] loss = 0.046369
[e326 s0650/1030] loss = 0.046333
[e326 s0700/1030] loss = 0.047839
[e326 s0750/1030] loss = 0.048141
[e326 s0800/1030] loss = 0.102886
[e326 s0850/1030] loss = 0.099701
[e326 s0900/1030] loss = 0.096295
[e326 s0950/1030] loss = 0.093767
[e326 s1000/1030] loss = 0.092902
Epoch 326: train_loss = 0.091619  MAE/GAME0 = 16.346  RMSE = 38.283  GAME1 = 17.494  GAME2 = 18.686  GAME3 = 19.494  lr = 5.08e-06  time = 16.6s
[e327 s0001/1030] loss = 0.012652
[e327 s0050/1030] loss = 0.054106
[e327 s0100/1030] loss = 0.057760
[e327 s0150/1030] loss = 0.056393
[e327 s0200/1030] loss = 0.055297
[e327 s0250/1030] loss = 0.053868
[e327 s0300/1030] loss = 0.054037
[e327 s0350/1030] loss = 0.176837
[e327 s0400/1030] loss = 0.159495
[e327 s0450/1030] loss = 0.148200
[e327 s0500/1030] loss = 0.137008
[e327 s0550/1030] loss = 0.128737
[e327 s0600/1030] loss = 0.121134
[e327 s0650/1030] loss = 0.114717
[e327 s0700/1030] loss = 0.108944
[e327 s0750/1030] loss = 0.105428
[e327 s0800/1030] loss = 0.101562
[e327 s0850/1030] loss = 0.098731
[e327 s0900/1030] loss = 0.095682
[e327 s0950/1030] loss = 0.093050
[e327 s1000/1030] loss = 0.091275
Epoch 327: train_loss = 0.090051  MAE/GAME0 = 14.292  RMSE = 36.970  GAME1 = 16.288  GAME2 = 18.079  GAME3 = 19.340  lr = 4.95e-06  time = 16.3s
[e328 s0001/1030] loss = 0.088622
[e328 s0050/1030] loss = 0.060896
[e328 s0100/1030] loss = 0.057483
[e328 s0150/1030] loss = 0.052223
[e328 s0200/1030] loss = 0.051729
[e328 s0250/1030] loss = 0.050629
[e328 s0300/1030] loss = 0.052171
[e328 s0350/1030] loss = 0.051583
[e328 s0400/1030] loss = 0.050116
[e328 s0450/1030] loss = 0.049421
[e328 s0500/1030] loss = 0.049942
[e328 s0550/1030] loss = 0.049208
[e328 s0600/1030] loss = 0.049834
[e328 s0650/1030] loss = 0.049955
[e328 s0700/1030] loss = 0.050398
[e328 s0750/1030] loss = 0.050668
[e328 s0800/1030] loss = 0.050151
[e328 s0850/1030] loss = 0.100975
[e328 s0900/1030] loss = 0.097774
[e328 s0950/1030] loss = 0.094145
[e328 s1000/1030] loss = 0.091467
Epoch 328: train_loss = 0.089959  MAE/GAME0 = 17.977  RMSE = 39.246  GAME1 = 18.790  GAME2 = 19.637  GAME3 = 20.184  lr = 4.82e-06  time = 16.5s
[e329 s0001/1030] loss = 0.011261
[e329 s0050/1030] loss = 0.045119
[e329 s0100/1030] loss = 0.049619
[e329 s0150/1030] loss = 0.328290
[e329 s0200/1030] loss = 0.257725
[e329 s0250/1030] loss = 0.212862
[e329 s0300/1030] loss = 0.186129
[e329 s0350/1030] loss = 0.165214
[e329 s0400/1030] loss = 0.149154
[e329 s0450/1030] loss = 0.140516
[e329 s0500/1030] loss = 0.131238
[e329 s0550/1030] loss = 0.124144
[e329 s0600/1030] loss = 0.117417
[e329 s0650/1030] loss = 0.111791
[e329 s0700/1030] loss = 0.107064
[e329 s0750/1030] loss = 0.103176
[e329 s0800/1030] loss = 0.099665
[e329 s0850/1030] loss = 0.096638
[e329 s0900/1030] loss = 0.093924
[e329 s0950/1030] loss = 0.090894
[e329 s1000/1030] loss = 0.088282
Epoch 329: train_loss = 0.087094  MAE/GAME0 = 21.657  RMSE = 41.208  GAME1 = 22.035  GAME2 = 22.380  GAME3 = 22.540  lr = 4.69e-06  time = 16.6s
[e330 s0001/1030] loss = 0.036683
[e330 s0050/1030] loss = 0.044927
[e330 s0100/1030] loss = 0.042467
[e330 s0150/1030] loss = 0.045687
[e330 s0200/1030] loss = 0.044629
[e330 s0250/1030] loss = 0.045788
[e330 s0300/1030] loss = 0.050938
[e330 s0350/1030] loss = 0.049546
[e330 s0400/1030] loss = 0.049324
[e330 s0450/1030] loss = 0.048176
[e330 s0500/1030] loss = 0.047434
[e330 s0550/1030] loss = 0.046720
[e330 s0600/1030] loss = 0.047188
[e330 s0650/1030] loss = 0.048306
[e330 s0700/1030] loss = 0.048338
[e330 s0750/1030] loss = 0.047685
[e330 s0800/1030] loss = 0.047300
[e330 s0850/1030] loss = 0.047272
[e330 s0900/1030] loss = 0.046847
[e330 s0950/1030] loss = 0.046480
[e330 s1000/1030] loss = 0.047262
Epoch 330: train_loss = 0.089254  MAE/GAME0 = 14.672  RMSE = 37.217  GAME1 = 16.504  GAME2 = 18.146  GAME3 = 19.274  lr = 4.57e-06  time = 16.3s
[e331 s0001/1030] loss = 0.016423
[e331 s0050/1030] loss = 0.041326
[e331 s0100/1030] loss = 0.043049
[e331 s0150/1030] loss = 0.042341
[e331 s0200/1030] loss = 0.042331
[e331 s0250/1030] loss = 0.043054
[e331 s0300/1030] loss = 0.043132
[e331 s0350/1030] loss = 0.043206
[e331 s0400/1030] loss = 0.043099
[e331 s0450/1030] loss = 0.043574
[e331 s0500/1030] loss = 0.128026
[e331 s0550/1030] loss = 0.120607
[e331 s0600/1030] loss = 0.115323
[e331 s0650/1030] loss = 0.110981
[e331 s0700/1030] loss = 0.106276
[e331 s0750/1030] loss = 0.102872
[e331 s0800/1030] loss = 0.099635
[e331 s0850/1030] loss = 0.095883
[e331 s0900/1030] loss = 0.093184
[e331 s0950/1030] loss = 0.090392
[e331 s1000/1030] loss = 0.088133
Epoch 331: train_loss = 0.087280  MAE/GAME0 = 15.320  RMSE = 37.621  GAME1 = 16.857  GAME2 = 18.308  GAME3 = 19.358  lr = 4.44e-06  time = 16.5s
[e332 s0001/1030] loss = 0.024271
[e332 s0050/1030] loss = 0.063895
[e332 s0100/1030] loss = 0.048057
[e332 s0150/1030] loss = 0.050016
[e332 s0200/1030] loss = 0.048949
[e332 s0250/1030] loss = 0.045955
[e332 s0300/1030] loss = 0.045252
[e332 s0350/1030] loss = 0.046345
[e332 s0400/1030] loss = 0.154019
[e332 s0450/1030] loss = 0.142343
[e332 s0500/1030] loss = 0.133493
[e332 s0550/1030] loss = 0.125151
[e332 s0600/1030] loss = 0.118776
[e332 s0650/1030] loss = 0.114061
[e332 s0700/1030] loss = 0.109510
[e332 s0750/1030] loss = 0.104822
[e332 s0800/1030] loss = 0.100993
[e332 s0850/1030] loss = 0.097128
[e332 s0900/1030] loss = 0.093725
[e332 s0950/1030] loss = 0.091046
[e332 s1000/1030] loss = 0.088516
Epoch 332: train_loss = 0.087342  MAE/GAME0 = 17.123  RMSE = 38.678  GAME1 = 18.171  GAME2 = 19.202  GAME3 = 19.884  lr = 4.32e-06  time = 16.5s
[e333 s0001/1030] loss = 0.035678
[e333 s0050/1030] loss = 0.050811
[e333 s0100/1030] loss = 0.044314
[e333 s0150/1030] loss = 0.045834
[e333 s0200/1030] loss = 0.047876
[e333 s0250/1030] loss = 0.050748
[e333 s0300/1030] loss = 0.048109
[e333 s0350/1030] loss = 0.046945
[e333 s0400/1030] loss = 0.045720
[e333 s0450/1030] loss = 0.045968
[e333 s0500/1030] loss = 0.045816
[e333 s0550/1030] loss = 0.046389
[e333 s0600/1030] loss = 0.045948
[e333 s0650/1030] loss = 0.045248
[e333 s0700/1030] loss = 0.044839
[e333 s0750/1030] loss = 0.101765
[e333 s0800/1030] loss = 0.098885
[e333 s0850/1030] loss = 0.095927
[e333 s0900/1030] loss = 0.092426
[e333 s0950/1030] loss = 0.091456
[e333 s1000/1030] loss = 0.089104
Epoch 333: train_loss = 0.087626  MAE/GAME0 = 18.535  RMSE = 39.555  GAME1 = 19.326  GAME2 = 20.108  GAME3 = 20.607  lr = 4.20e-06  time = 16.5s
[e334 s0001/1030] loss = 0.033579
[e334 s0050/1030] loss = 0.039640
[e334 s0100/1030] loss = 0.044255
[e334 s0150/1030] loss = 0.042819
[e334 s0200/1030] loss = 0.042742
[e334 s0250/1030] loss = 0.044102
[e334 s0300/1030] loss = 0.044784
[e334 s0350/1030] loss = 0.045767
[e334 s0400/1030] loss = 0.045053
[e334 s0450/1030] loss = 0.044594
[e334 s0500/1030] loss = 0.043918
[e334 s0550/1030] loss = 0.043602
[e334 s0600/1030] loss = 0.043815
[e334 s0650/1030] loss = 0.043968
[e334 s0700/1030] loss = 0.044495
[e334 s0750/1030] loss = 0.044990
[e334 s0800/1030] loss = 0.044627
[e334 s0850/1030] loss = 0.095113
[e334 s0900/1030] loss = 0.092720
[e334 s0950/1030] loss = 0.089471
[e334 s1000/1030] loss = 0.087547
Epoch 334: train_loss = 0.086354  MAE/GAME0 = 14.844  RMSE = 37.311  GAME1 = 16.523  GAME2 = 18.029  GAME3 = 19.161  lr = 4.08e-06  time = 16.5s
[e335 s0001/1030] loss = 0.016921
[e335 s0050/1030] loss = 0.039552
[e335 s0100/1030] loss = 0.041435
[e335 s0150/1030] loss = 0.040646
[e335 s0200/1030] loss = 0.043000
[e335 s0250/1030] loss = 0.042169
[e335 s0300/1030] loss = 0.041565
[e335 s0350/1030] loss = 0.042800
[e335 s0400/1030] loss = 0.043494
[e335 s0450/1030] loss = 0.044557
[e335 s0500/1030] loss = 0.045079
[e335 s0550/1030] loss = 0.044488
[e335 s0600/1030] loss = 0.044935
[e335 s0650/1030] loss = 0.044909
[e335 s0700/1030] loss = 0.045571
[e335 s0750/1030] loss = 0.044816
[e335 s0800/1030] loss = 0.044207
[e335 s0850/1030] loss = 0.043778
[e335 s0900/1030] loss = 0.044023
[e335 s0950/1030] loss = 0.087791
[e335 s1000/1030] loss = 0.085629
Epoch 335: train_loss = 0.085014  MAE/GAME0 = 15.611  RMSE = 37.873  GAME1 = 17.122  GAME2 = 18.483  GAME3 = 19.463  lr = 3.96e-06  time = 16.3s
[e336 s0001/1030] loss = 0.057773
[e336 s0050/1030] loss = 0.037170
[e336 s0100/1030] loss = 0.041695
[e336 s0150/1030] loss = 0.040780
[e336 s0200/1030] loss = 0.042422
[e336 s0250/1030] loss = 0.042883
[e336 s0300/1030] loss = 0.043599
[e336 s0350/1030] loss = 0.044308
[e336 s0400/1030] loss = 0.043091
[e336 s0450/1030] loss = 0.042417
[e336 s0500/1030] loss = 0.042652
[e336 s0550/1030] loss = 0.043441
[e336 s0600/1030] loss = 0.043211
[e336 s0650/1030] loss = 0.043525
[e336 s0700/1030] loss = 0.043308
[e336 s0750/1030] loss = 0.044384
[e336 s0800/1030] loss = 0.044081
[e336 s0850/1030] loss = 0.043766
[e336 s0900/1030] loss = 0.090773
[e336 s0950/1030] loss = 0.088791
[e336 s1000/1030] loss = 0.086471
Epoch 336: train_loss = 0.085335  MAE/GAME0 = 19.173  RMSE = 39.893  GAME1 = 19.836  GAME2 = 20.507  GAME3 = 20.917  lr = 3.84e-06  time = 16.6s
[e337 s0001/1030] loss = 0.096020
[e337 s0050/1030] loss = 0.045532
[e337 s0100/1030] loss = 0.044168
[e337 s0150/1030] loss = 0.043965
[e337 s0200/1030] loss = 0.042434
[e337 s0250/1030] loss = 0.042132
[e337 s0300/1030] loss = 0.042216
[e337 s0350/1030] loss = 0.041775
[e337 s0400/1030] loss = 0.042546
[e337 s0450/1030] loss = 0.042606
[e337 s0500/1030] loss = 0.043676
[e337 s0550/1030] loss = 0.043371
[e337 s0600/1030] loss = 0.044698
[e337 s0650/1030] loss = 0.043801
[e337 s0700/1030] loss = 0.044130
[e337 s0750/1030] loss = 0.099097
[e337 s0800/1030] loss = 0.095057
[e337 s0850/1030] loss = 0.091796
[e337 s0900/1030] loss = 0.089149
[e337 s0950/1030] loss = 0.086821
[e337 s1000/1030] loss = 0.084818
Epoch 337: train_loss = 0.083843  MAE/GAME0 = 18.778  RMSE = 39.648  GAME1 = 19.562  GAME2 = 20.307  GAME3 = 20.767  lr = 3.73e-06  time = 16.7s
[e338 s0001/1030] loss = 0.031664
[e338 s0050/1030] loss = 0.041619
[e338 s0100/1030] loss = 0.045346
[e338 s0150/1030] loss = 0.043690
[e338 s0200/1030] loss = 0.252704
[e338 s0250/1030] loss = 0.209557
[e338 s0300/1030] loss = 0.181622
[e338 s0350/1030] loss = 0.163275
[e338 s0400/1030] loss = 0.148259
[e338 s0450/1030] loss = 0.136291
[e338 s0500/1030] loss = 0.127363
[e338 s0550/1030] loss = 0.120351
[e338 s0600/1030] loss = 0.113425
[e338 s0650/1030] loss = 0.108234
[e338 s0700/1030] loss = 0.103719
[e338 s0750/1030] loss = 0.099306
[e338 s0800/1030] loss = 0.095862
[e338 s0850/1030] loss = 0.093548
[e338 s0900/1030] loss = 0.090765
[e338 s0950/1030] loss = 0.088594
[e338 s1000/1030] loss = 0.086090
Epoch 338: train_loss = 0.084610  MAE/GAME0 = 18.878  RMSE = 39.763  GAME1 = 19.647  GAME2 = 20.406  GAME3 = 20.868  lr = 3.62e-06  time = 16.5s
[e339 s0001/1030] loss = 0.030987
[e339 s0050/1030] loss = 0.046958
[e339 s0100/1030] loss = 0.041044
[e339 s0150/1030] loss = 0.038154
[e339 s0200/1030] loss = 0.039082
[e339 s0250/1030] loss = 0.042190
[e339 s0300/1030] loss = 0.041983
[e339 s0350/1030] loss = 0.042716
[e339 s0400/1030] loss = 0.147699
[e339 s0450/1030] loss = 0.136270
[e339 s0500/1030] loss = 0.127337
[e339 s0550/1030] loss = 0.121195
[e339 s0600/1030] loss = 0.114107
[e339 s0650/1030] loss = 0.108311
[e339 s0700/1030] loss = 0.103486
[e339 s0750/1030] loss = 0.099476
[e339 s0800/1030] loss = 0.095617
[e339 s0850/1030] loss = 0.092434
[e339 s0900/1030] loss = 0.089672
[e339 s0950/1030] loss = 0.087462
[e339 s1000/1030] loss = 0.085637
Epoch 339: train_loss = 0.084271  MAE/GAME0 = 19.169  RMSE = 39.863  GAME1 = 19.798  GAME2 = 20.439  GAME3 = 20.841  lr = 3.51e-06  time = 16.6s
[e340 s0001/1030] loss = 0.002930
[e340 s0050/1030] loss = 0.039815
[e340 s0100/1030] loss = 0.039935
[e340 s0150/1030] loss = 0.040132
[e340 s0200/1030] loss = 0.040729
[e340 s0250/1030] loss = 0.041995
[e340 s0300/1030] loss = 0.040053
[e340 s0350/1030] loss = 0.042099
[e340 s0400/1030] loss = 0.042821
[e340 s0450/1030] loss = 0.042556
[e340 s0500/1030] loss = 0.042243
[e340 s0550/1030] loss = 0.043228
[e340 s0600/1030] loss = 0.042981
[e340 s0650/1030] loss = 0.042391
[e340 s0700/1030] loss = 0.042404
[e340 s0750/1030] loss = 0.042708
[e340 s0800/1030] loss = 0.042211
[e340 s0850/1030] loss = 0.041785
[e340 s0900/1030] loss = 0.088063
[e340 s0950/1030] loss = 0.085860
[e340 s1000/1030] loss = 0.084330
Epoch 340: train_loss = 0.082898  MAE/GAME0 = 13.790  RMSE = 36.542  GAME1 = 16.187  GAME2 = 18.142  GAME3 = 19.542  lr = 3.40e-06  time = 16.4s
[e341 s0001/1030] loss = 0.046729
[e341 s0050/1030] loss = 0.040656
[e341 s0100/1030] loss = 0.038284
[e341 s0150/1030] loss = 0.048729
[e341 s0200/1030] loss = 0.044893
[e341 s0250/1030] loss = 0.043589
[e341 s0300/1030] loss = 0.044090
[e341 s0350/1030] loss = 0.160332
[e341 s0400/1030] loss = 0.147245
[e341 s0450/1030] loss = 0.134693
[e341 s0500/1030] loss = 0.125292
[e341 s0550/1030] loss = 0.117058
[e341 s0600/1030] loss = 0.111002
[e341 s0650/1030] loss = 0.105266
[e341 s0700/1030] loss = 0.100574
[e341 s0750/1030] loss = 0.096511
[e341 s0800/1030] loss = 0.093099
[e341 s0850/1030] loss = 0.090052
[e341 s0900/1030] loss = 0.087395
[e341 s0950/1030] loss = 0.085115
[e341 s1000/1030] loss = 0.082773
Epoch 341: train_loss = 0.081455  MAE/GAME0 = 16.207  RMSE = 38.113  GAME1 = 17.519  GAME2 = 18.839  GAME3 = 19.673  lr = 3.29e-06  time = 16.6s
[e342 s0001/1030] loss = 0.028353
[e342 s0050/1030] loss = 0.026709
[e342 s0100/1030] loss = 0.033381
[e342 s0150/1030] loss = 0.035404
[e342 s0200/1030] loss = 0.034688
[e342 s0250/1030] loss = 0.037828
[e342 s0300/1030] loss = 0.038141
[e342 s0350/1030] loss = 0.038716
[e342 s0400/1030] loss = 0.039682
[e342 s0450/1030] loss = 0.039353
[e342 s0500/1030] loss = 0.122941
[e342 s0550/1030] loss = 0.115419
[e342 s0600/1030] loss = 0.108842
[e342 s0650/1030] loss = 0.103566
[e342 s0700/1030] loss = 0.099203
[e342 s0750/1030] loss = 0.095929
[e342 s0800/1030] loss = 0.092491
[e342 s0850/1030] loss = 0.089717
[e342 s0900/1030] loss = 0.087862
[e342 s0950/1030] loss = 0.085055
[e342 s1000/1030] loss = 0.083508
Epoch 342: train_loss = 0.082005  MAE/GAME0 = 14.930  RMSE = 37.406  GAME1 = 16.471  GAME2 = 18.005  GAME3 = 19.103  lr = 3.18e-06  time = 17.0s
[e343 s0001/1030] loss = 0.018925
[e343 s0050/1030] loss = 0.041027
[e343 s0100/1030] loss = 0.038575
[e343 s0150/1030] loss = 0.315165
[e343 s0200/1030] loss = 0.248519
[e343 s0250/1030] loss = 0.206298
[e343 s0300/1030] loss = 0.180828
[e343 s0350/1030] loss = 0.159804
[e343 s0400/1030] loss = 0.145119
[e343 s0450/1030] loss = 0.133348
[e343 s0500/1030] loss = 0.125879
[e343 s0550/1030] loss = 0.117073
[e343 s0600/1030] loss = 0.110710
[e343 s0650/1030] loss = 0.105641
[e343 s0700/1030] loss = 0.100525
[e343 s0750/1030] loss = 0.097412
[e343 s0800/1030] loss = 0.093201
[e343 s0850/1030] loss = 0.090480
[e343 s0900/1030] loss = 0.087627
[e343 s0950/1030] loss = 0.085176
[e343 s1000/1030] loss = 0.082738
Epoch 343: train_loss = 0.081432  MAE/GAME0 = 17.141  RMSE = 38.620  GAME1 = 18.294  GAME2 = 19.387  GAME3 = 20.071  lr = 3.08e-06  time = 16.8s
[e344 s0001/1030] loss = 0.035462
[e344 s0050/1030] loss = 0.053836
[e344 s0100/1030] loss = 0.049683
[e344 s0150/1030] loss = 0.045507
[e344 s0200/1030] loss = 0.245139
[e344 s0250/1030] loss = 0.204317
[e344 s0300/1030] loss = 0.176763
[e344 s0350/1030] loss = 0.156991
[e344 s0400/1030] loss = 0.143209
[e344 s0450/1030] loss = 0.131637
[e344 s0500/1030] loss = 0.122240
[e344 s0550/1030] loss = 0.115630
[e344 s0600/1030] loss = 0.108631
[e344 s0650/1030] loss = 0.103698
[e344 s0700/1030] loss = 0.098382
[e344 s0750/1030] loss = 0.094251
[e344 s0800/1030] loss = 0.092060
[e344 s0850/1030] loss = 0.088840
[e344 s0900/1030] loss = 0.086615
[e344 s0950/1030] loss = 0.083732
[e344 s1000/1030] loss = 0.081764
Epoch 344: train_loss = 0.080385  MAE/GAME0 = 16.564  RMSE = 38.438  GAME1 = 17.629  GAME2 = 18.747  GAME3 = 19.501  lr = 2.97e-06  time = 16.6s
[e345 s0001/1030] loss = 0.008481
[e345 s0050/1030] loss = 0.033243
[e345 s0100/1030] loss = 0.443398
[e345 s0150/1030] loss = 0.312609
[e345 s0200/1030] loss = 0.243149
[e345 s0250/1030] loss = 0.202063
[e345 s0300/1030] loss = 0.174054
[e345 s0350/1030] loss = 0.154631
[e345 s0400/1030] loss = 0.141840
[e345 s0450/1030] loss = 0.130178
[e345 s0500/1030] loss = 0.122465
[e345 s0550/1030] loss = 0.114368
[e345 s0600/1030] loss = 0.108530
[e345 s0650/1030] loss = 0.103193
[e345 s0700/1030] loss = 0.099236
[e345 s0750/1030] loss = 0.095477
[e345 s0800/1030] loss = 0.091755
[e345 s0850/1030] loss = 0.088791
[e345 s0900/1030] loss = 0.086456
[e345 s0950/1030] loss = 0.084342
[e345 s1000/1030] loss = 0.081716
Epoch 345: train_loss = 0.080434  MAE/GAME0 = 17.641  RMSE = 39.023  GAME1 = 18.626  GAME2 = 19.568  GAME3 = 20.166  lr = 2.87e-06  time = 16.7s
[e346 s0001/1030] loss = 0.062216
[e346 s0050/1030] loss = 0.034474
[e346 s0100/1030] loss = 0.037150
[e346 s0150/1030] loss = 0.037177
[e346 s0200/1030] loss = 0.036364
[e346 s0250/1030] loss = 0.038543
[e346 s0300/1030] loss = 0.039691
[e346 s0350/1030] loss = 0.038830
[e346 s0400/1030] loss = 0.039193
[e346 s0450/1030] loss = 0.039666
[e346 s0500/1030] loss = 0.121901
[e346 s0550/1030] loss = 0.114725
[e346 s0600/1030] loss = 0.108733
[e346 s0650/1030] loss = 0.103312
[e346 s0700/1030] loss = 0.099043
[e346 s0750/1030] loss = 0.094814
[e346 s0800/1030] loss = 0.090628
[e346 s0850/1030] loss = 0.087526
[e346 s0900/1030] loss = 0.085351
[e346 s0950/1030] loss = 0.083143
[e346 s1000/1030] loss = 0.081081
Epoch 346: train_loss = 0.079663  MAE/GAME0 = 20.195  RMSE = 40.453  GAME1 = 20.703  GAME2 = 21.207  GAME3 = 21.504  lr = 2.77e-06  time = 16.6s
[e347 s0001/1030] loss = 0.030672
[e347 s0050/1030] loss = 0.038443
[e347 s0100/1030] loss = 0.044429
[e347 s0150/1030] loss = 0.043082
[e347 s0200/1030] loss = 0.044061
[e347 s0250/1030] loss = 0.042970
[e347 s0300/1030] loss = 0.041621
[e347 s0350/1030] loss = 0.043153
[e347 s0400/1030] loss = 0.042356
[e347 s0450/1030] loss = 0.042573
[e347 s0500/1030] loss = 0.041823
[e347 s0550/1030] loss = 0.042158
[e347 s0600/1030] loss = 0.041097
[e347 s0650/1030] loss = 0.040812
[e347 s0700/1030] loss = 0.041116
[e347 s0750/1030] loss = 0.040433
[e347 s0800/1030] loss = 0.091931
[e347 s0850/1030] loss = 0.089501
[e347 s0900/1030] loss = 0.086662
[e347 s0950/1030] loss = 0.084366
[e347 s1000/1030] loss = 0.082157
Epoch 347: train_loss = 0.080719  MAE/GAME0 = 16.013  RMSE = 37.957  GAME1 = 17.417  GAME2 = 18.765  GAME3 = 19.679  lr = 2.67e-06  time = 16.4s
[e348 s0001/1030] loss = 0.016601
[e348 s0050/1030] loss = 0.033030
[e348 s0100/1030] loss = 0.041750
[e348 s0150/1030] loss = 0.305987
[e348 s0200/1030] loss = 0.238385
[e348 s0250/1030] loss = 0.198915
[e348 s0300/1030] loss = 0.172888
[e348 s0350/1030] loss = 0.155106
[e348 s0400/1030] loss = 0.140000
[e348 s0450/1030] loss = 0.128221
[e348 s0500/1030] loss = 0.118314
[e348 s0550/1030] loss = 0.111148
[e348 s0600/1030] loss = 0.105846
[e348 s0650/1030] loss = 0.100861
[e348 s0700/1030] loss = 0.096717
[e348 s0750/1030] loss = 0.092902
[e348 s0800/1030] loss = 0.089093
[e348 s0850/1030] loss = 0.086572
[e348 s0900/1030] loss = 0.084434
[e348 s0950/1030] loss = 0.081963
[e348 s1000/1030] loss = 0.079866
Epoch 348: train_loss = 0.078656  MAE/GAME0 = 15.083  RMSE = 37.510  GAME1 = 16.684  GAME2 = 18.175  GAME3 = 19.256  lr = 2.58e-06  time = 16.8s
[e349 s0001/1030] loss = 0.016332
[e349 s0050/1030] loss = 0.038891
[e349 s0100/1030] loss = 0.036719
[e349 s0150/1030] loss = 0.036282
[e349 s0200/1030] loss = 0.034813
[e349 s0250/1030] loss = 0.034583
[e349 s0300/1030] loss = 0.171424
[e349 s0350/1030] loss = 0.151170
[e349 s0400/1030] loss = 0.138293
[e349 s0450/1030] loss = 0.126683
[e349 s0500/1030] loss = 0.118737
[e349 s0550/1030] loss = 0.110927
[e349 s0600/1030] loss = 0.105495
[e349 s0650/1030] loss = 0.100154
[e349 s0700/1030] loss = 0.095865
[e349 s0750/1030] loss = 0.092488
[e349 s0800/1030] loss = 0.089649
[e349 s0850/1030] loss = 0.086301
[e349 s0900/1030] loss = 0.084185
[e349 s0950/1030] loss = 0.081819
[e349 s1000/1030] loss = 0.080192
Epoch 349: train_loss = 0.079218  MAE/GAME0 = 16.900  RMSE = 38.522  GAME1 = 17.992  GAME2 = 19.078  GAME3 = 19.767  lr = 2.48e-06  time = 16.7s
[e350 s0001/1030] loss = 0.103423
[e350 s0050/1030] loss = 0.037430
[e350 s0100/1030] loss = 0.041985
[e350 s0150/1030] loss = 0.045244
[e350 s0200/1030] loss = 0.042464
[e350 s0250/1030] loss = 0.042138
[e350 s0300/1030] loss = 0.041862
[e350 s0350/1030] loss = 0.041140
[e350 s0400/1030] loss = 0.039088
[e350 s0450/1030] loss = 0.040483
[e350 s0500/1030] loss = 0.120931
[e350 s0550/1030] loss = 0.113240
[e350 s0600/1030] loss = 0.106493
[e350 s0650/1030] loss = 0.101237
[e350 s0700/1030] loss = 0.096064
[e350 s0750/1030] loss = 0.092513
[e350 s0800/1030] loss = 0.089328
[e350 s0850/1030] loss = 0.086731
[e350 s0900/1030] loss = 0.084025
[e350 s0950/1030] loss = 0.081741
[e350 s1000/1030] loss = 0.079461
Epoch 350: train_loss = 0.078365  MAE/GAME0 = 18.774  RMSE = 39.657  GAME1 = 19.478  GAME2 = 20.214  GAME3 = 20.666  lr = 2.39e-06  time = 16.8s
[e351 s0001/1030] loss = 0.004321
[e351 s0050/1030] loss = 0.037310
[e351 s0100/1030] loss = 0.039420
[e351 s0150/1030] loss = 0.038381
[e351 s0200/1030] loss = 0.037782
[e351 s0250/1030] loss = 0.036948
[e351 s0300/1030] loss = 0.037065
[e351 s0350/1030] loss = 0.037386
[e351 s0400/1030] loss = 0.038733
[e351 s0450/1030] loss = 0.038552
[e351 s0500/1030] loss = 0.039188
[e351 s0550/1030] loss = 0.038895
[e351 s0600/1030] loss = 0.039411
[e351 s0650/1030] loss = 0.102021
[e351 s0700/1030] loss = 0.097036
[e351 s0750/1030] loss = 0.093071
[e351 s0800/1030] loss = 0.089763
[e351 s0850/1030] loss = 0.086444
[e351 s0900/1030] loss = 0.084421
[e351 s0950/1030] loss = 0.081975
[e351 s1000/1030] loss = 0.079561
Epoch 351: train_loss = 0.078460  MAE/GAME0 = 14.564  RMSE = 37.226  GAME1 = 16.363  GAME2 = 17.969  GAME3 = 19.182  lr = 2.30e-06  time = 16.6s
[e352 s0001/1030] loss = 0.053123
[e352 s0050/1030] loss = 0.038547
[e352 s0100/1030] loss = 0.038071
[e352 s0150/1030] loss = 0.038393
[e352 s0200/1030] loss = 0.039059
[e352 s0250/1030] loss = 0.039137
[e352 s0300/1030] loss = 0.174255
[e352 s0350/1030] loss = 0.155743
[e352 s0400/1030] loss = 0.140516
[e352 s0450/1030] loss = 0.128031
[e352 s0500/1030] loss = 0.118608
[e352 s0550/1030] loss = 0.112006
[e352 s0600/1030] loss = 0.107488
[e352 s0650/1030] loss = 0.101831
[e352 s0700/1030] loss = 0.097569
[e352 s0750/1030] loss = 0.092986
[e352 s0800/1030] loss = 0.089149
[e352 s0850/1030] loss = 0.085903
[e352 s0900/1030] loss = 0.083065
[e352 s0950/1030] loss = 0.080740
[e352 s1000/1030] loss = 0.078495
Epoch 352: train_loss = 0.077567  MAE/GAME0 = 17.474  RMSE = 38.850  GAME1 = 18.569  GAME2 = 19.582  GAME3 = 20.247  lr = 2.21e-06  time = 24.4s
[e353 s0001/1030] loss = 0.356759
[e353 s0050/1030] loss = 0.044841
[e353 s0100/1030] loss = 0.040237
[e353 s0150/1030] loss = 0.036644
[e353 s0200/1030] loss = 0.036095
[e353 s0250/1030] loss = 0.035229
[e353 s0300/1030] loss = 0.036739
[e353 s0350/1030] loss = 0.039624
[e353 s0400/1030] loss = 0.039433
[e353 s0450/1030] loss = 0.038869
[e353 s0500/1030] loss = 0.038707
[e353 s0550/1030] loss = 0.038773
[e353 s0600/1030] loss = 0.038102
[e353 s0650/1030] loss = 0.038228
[e353 s0700/1030] loss = 0.037675
[e353 s0750/1030] loss = 0.037675
[e353 s0800/1030] loss = 0.087744
[e353 s0850/1030] loss = 0.084956
[e353 s0900/1030] loss = 0.082971
[e353 s0950/1030] loss = 0.080394
[e353 s1000/1030] loss = 0.078438
Epoch 353: train_loss = 0.077228  MAE/GAME0 = 20.296  RMSE = 40.491  GAME1 = 20.787  GAME2 = 21.266  GAME3 = 21.536  lr = 2.12e-06  time = 17.5s
[e354 s0001/1030] loss = 0.046250
[e354 s0050/1030] loss = 0.028759
[e354 s0100/1030] loss = 0.038706
[e354 s0150/1030] loss = 0.039523
[e354 s0200/1030] loss = 0.037814
[e354 s0250/1030] loss = 0.036607
[e354 s0300/1030] loss = 0.169586
[e354 s0350/1030] loss = 0.150350
[e354 s0400/1030] loss = 0.135444
[e354 s0450/1030] loss = 0.125956
[e354 s0500/1030] loss = 0.116822
[e354 s0550/1030] loss = 0.110582
[e354 s0600/1030] loss = 0.104118
[e354 s0650/1030] loss = 0.099556
[e354 s0700/1030] loss = 0.094877
[e354 s0750/1030] loss = 0.091032
[e354 s0800/1030] loss = 0.087892
[e354 s0850/1030] loss = 0.085113
[e354 s0900/1030] loss = 0.082342
[e354 s0950/1030] loss = 0.080498
[e354 s1000/1030] loss = 0.078717
Epoch 354: train_loss = 0.077241  MAE/GAME0 = 18.431  RMSE = 39.494  GAME1 = 19.196  GAME2 = 19.988  GAME3 = 20.486  lr = 2.04e-06  time = 22.5s
[e355 s0001/1030] loss = 0.013518
[e355 s0050/1030] loss = 0.035289
[e355 s0100/1030] loss = 0.033034
[e355 s0150/1030] loss = 0.037083
[e355 s0200/1030] loss = 0.038471
[e355 s0250/1030] loss = 0.037938
[e355 s0300/1030] loss = 0.037944
[e355 s0350/1030] loss = 0.037403
[e355 s0400/1030] loss = 0.037588
[e355 s0450/1030] loss = 0.037799
[e355 s0500/1030] loss = 0.037620
[e355 s0550/1030] loss = 0.037017
[e355 s0600/1030] loss = 0.036370
[e355 s0650/1030] loss = 0.036483
[e355 s0700/1030] loss = 0.036710
[e355 s0750/1030] loss = 0.036162
[e355 s0800/1030] loss = 0.036636
[e355 s0850/1030] loss = 0.037500
[e355 s0900/1030] loss = 0.037862
[e355 s0950/1030] loss = 0.080452
[e355 s1000/1030] loss = 0.078329
Epoch 355: train_loss = 0.077287  MAE/GAME0 = 14.760  RMSE = 37.306  GAME1 = 16.465  GAME2 = 18.046  GAME3 = 19.185  lr = 1.95e-06  time = 21.9s
[e356 s0001/1030] loss = 0.070187
[e356 s0050/1030] loss = 0.031637
[e356 s0100/1030] loss = 0.037123
[e356 s0150/1030] loss = 0.040154
[e356 s0200/1030] loss = 0.039322
[e356 s0250/1030] loss = 0.037127
[e356 s0300/1030] loss = 0.037914
[e356 s0350/1030] loss = 0.037579
[e356 s0400/1030] loss = 0.036762
[e356 s0450/1030] loss = 0.037470
[e356 s0500/1030] loss = 0.038169
[e356 s0550/1030] loss = 0.037752
[e356 s0600/1030] loss = 0.103594
[e356 s0650/1030] loss = 0.099442
[e356 s0700/1030] loss = 0.094141
[e356 s0750/1030] loss = 0.090349
[e356 s0800/1030] loss = 0.087564
[e356 s0850/1030] loss = 0.084923
[e356 s0900/1030] loss = 0.082526
[e356 s0950/1030] loss = 0.080117
[e356 s1000/1030] loss = 0.077697
Epoch 356: train_loss = 0.076305  MAE/GAME0 = 17.075  RMSE = 38.642  GAME1 = 18.198  GAME2 = 19.282  GAME3 = 19.986  lr = 1.87e-06  time = 19.6s
[e357 s0001/1030] loss = 0.153522
[e357 s0050/1030] loss = 0.055329
[e357 s0100/1030] loss = 0.046125
[e357 s0150/1030] loss = 0.042073
[e357 s0200/1030] loss = 0.039259
[e357 s0250/1030] loss = 0.039412
[e357 s0300/1030] loss = 0.039578
[e357 s0350/1030] loss = 0.039954
[e357 s0400/1030] loss = 0.040634
[e357 s0450/1030] loss = 0.039455
[e357 s0500/1030] loss = 0.039397
[e357 s0550/1030] loss = 0.039832
[e357 s0600/1030] loss = 0.105578
[e357 s0650/1030] loss = 0.100200
[e357 s0700/1030] loss = 0.095838
[e357 s0750/1030] loss = 0.091475
[e357 s0800/1030] loss = 0.087666
[e357 s0850/1030] loss = 0.084424
[e357 s0900/1030] loss = 0.082193
[e357 s0950/1030] loss = 0.079495
[e357 s1000/1030] loss = 0.077326
Epoch 357: train_loss = 0.076080  MAE/GAME0 = 15.156  RMSE = 37.545  GAME1 = 16.725  GAME2 = 18.195  GAME3 = 19.260  lr = 1.79e-06  time = 16.6s
[e358 s0001/1030] loss = 0.006354
[e358 s0050/1030] loss = 0.026406
[e358 s0100/1030] loss = 0.426123
[e358 s0150/1030] loss = 0.296686
[e358 s0200/1030] loss = 0.231861
[e358 s0250/1030] loss = 0.191874
[e358 s0300/1030] loss = 0.167595
[e358 s0350/1030] loss = 0.150202
[e358 s0400/1030] loss = 0.135421
[e358 s0450/1030] loss = 0.124184
[e358 s0500/1030] loss = 0.115854
[e358 s0550/1030] loss = 0.109125
[e358 s0600/1030] loss = 0.102728
[e358 s0650/1030] loss = 0.098905
[e358 s0700/1030] loss = 0.094403
[e358 s0750/1030] loss = 0.090639
[e358 s0800/1030] loss = 0.087094
[e358 s0850/1030] loss = 0.083903
[e358 s0900/1030] loss = 0.081122
[e358 s0950/1030] loss = 0.078700
[e358 s1000/1030] loss = 0.076444
Epoch 358: train_loss = 0.075205  MAE/GAME0 = 16.562  RMSE = 38.350  GAME1 = 17.826  GAME2 = 18.984  GAME3 = 19.817  lr = 1.71e-06  time = 36.9s
[e359 s0001/1030] loss = 0.046103
[e359 s0050/1030] loss = 0.039242
[e359 s0100/1030] loss = 0.038438
[e359 s0150/1030] loss = 0.040336
[e359 s0200/1030] loss = 0.037738
[e359 s0250/1030] loss = 0.036596
[e359 s0300/1030] loss = 0.035505
[e359 s0350/1030] loss = 0.035426
[e359 s0400/1030] loss = 0.036772
[e359 s0450/1030] loss = 0.037275
[e359 s0500/1030] loss = 0.037033
[e359 s0550/1030] loss = 0.038001
[e359 s0600/1030] loss = 0.038144
[e359 s0650/1030] loss = 0.037770
[e359 s0700/1030] loss = 0.037385
[e359 s0750/1030] loss = 0.036823
[e359 s0800/1030] loss = 0.036986
[e359 s0850/1030] loss = 0.084370
[e359 s0900/1030] loss = 0.081530
[e359 s0950/1030] loss = 0.079108
[e359 s1000/1030] loss = 0.077014
Epoch 359: train_loss = 0.075759  MAE/GAME0 = 17.707  RMSE = 38.866  GAME1 = 18.812  GAME2 = 19.843  GAME3 = 20.508  lr = 1.63e-06  time = 23.3s
[e360 s0001/1030] loss = 0.097514
[e360 s0050/1030] loss = 0.040367
[e360 s0100/1030] loss = 0.040875
[e360 s0150/1030] loss = 0.040579
[e360 s0200/1030] loss = 0.038301
[e360 s0250/1030] loss = 0.037359
[e360 s0300/1030] loss = 0.037641
[e360 s0350/1030] loss = 0.149273
[e360 s0400/1030] loss = 0.134947
[e360 s0450/1030] loss = 0.124480
[e360 s0500/1030] loss = 0.115010
[e360 s0550/1030] loss = 0.108287
[e360 s0600/1030] loss = 0.101307
[e360 s0650/1030] loss = 0.095862
[e360 s0700/1030] loss = 0.091196
[e360 s0750/1030] loss = 0.087643
[e360 s0800/1030] loss = 0.084363
[e360 s0850/1030] loss = 0.082398
[e360 s0900/1030] loss = 0.079642
[e360 s0950/1030] loss = 0.077503
[e360 s1000/1030] loss = 0.075862
Epoch 360: train_loss = 0.074916  MAE/GAME0 = 18.027  RMSE = 39.256  GAME1 = 18.927  GAME2 = 19.803  GAME3 = 20.352  lr = 1.56e-06  time = 17.1s
[e361 s0001/1030] loss = 0.023102
[e361 s0050/1030] loss = 0.033962
[e361 s0100/1030] loss = 0.033611
[e361 s0150/1030] loss = 0.033830
[e361 s0200/1030] loss = 0.037218
[e361 s0250/1030] loss = 0.036001
[e361 s0300/1030] loss = 0.035692
[e361 s0350/1030] loss = 0.035775
[e361 s0400/1030] loss = 0.036312
[e361 s0450/1030] loss = 0.036618
[e361 s0500/1030] loss = 0.037562
[e361 s0550/1030] loss = 0.036723
[e361 s0600/1030] loss = 0.037312
[e361 s0650/1030] loss = 0.037429
[e361 s0700/1030] loss = 0.093271
[e361 s0750/1030] loss = 0.089224
[e361 s0800/1030] loss = 0.085876
[e361 s0850/1030] loss = 0.082705
[e361 s0900/1030] loss = 0.080136
[e361 s0950/1030] loss = 0.077734
[e361 s1000/1030] loss = 0.076034
Epoch 361: train_loss = 0.074567  MAE/GAME0 = 19.259  RMSE = 39.963  GAME1 = 19.902  GAME2 = 20.540  GAME3 = 20.938  lr = 1.48e-06  time = 16.4s
[e362 s0001/1030] loss = 0.018646
[e362 s0050/1030] loss = 0.032962
[e362 s0100/1030] loss = 0.418838
[e362 s0150/1030] loss = 0.293786
[e362 s0200/1030] loss = 0.230841
[e362 s0250/1030] loss = 0.194207
[e362 s0300/1030] loss = 0.168415
[e362 s0350/1030] loss = 0.150242
[e362 s0400/1030] loss = 0.135057
[e362 s0450/1030] loss = 0.123550
[e362 s0500/1030] loss = 0.114484
[e362 s0550/1030] loss = 0.107172
[e362 s0600/1030] loss = 0.100667
[e362 s0650/1030] loss = 0.095866
[e362 s0700/1030] loss = 0.091652
[e362 s0750/1030] loss = 0.087924
[e362 s0800/1030] loss = 0.084430
[e362 s0850/1030] loss = 0.081915
[e362 s0900/1030] loss = 0.078939
[e362 s0950/1030] loss = 0.076637
[e362 s1000/1030] loss = 0.075314
Epoch 362: train_loss = 0.073886  MAE/GAME0 = 15.284  RMSE = 37.669  GAME1 = 16.754  GAME2 = 18.183  GAME3 = 19.198  lr = 1.41e-06  time = 16.6s
[e363 s0001/1030] loss = 0.025889
[e363 s0050/1030] loss = 0.038314
[e363 s0100/1030] loss = 0.036596
[e363 s0150/1030] loss = 0.038154
[e363 s0200/1030] loss = 0.038212
[e363 s0250/1030] loss = 0.040114
[e363 s0300/1030] loss = 0.040290
[e363 s0350/1030] loss = 0.041026
[e363 s0400/1030] loss = 0.039649
[e363 s0450/1030] loss = 0.039315
[e363 s0500/1030] loss = 0.038667
[e363 s0550/1030] loss = 0.037799
[e363 s0600/1030] loss = 0.037379
[e363 s0650/1030] loss = 0.037297
[e363 s0700/1030] loss = 0.037298
[e363 s0750/1030] loss = 0.036718
[e363 s0800/1030] loss = 0.036769
[e363 s0850/1030] loss = 0.036151
[e363 s0900/1030] loss = 0.080562
[e363 s0950/1030] loss = 0.077902
[e363 s1000/1030] loss = 0.075561
Epoch 363: train_loss = 0.074335  MAE/GAME0 = 16.208  RMSE = 38.209  GAME1 = 17.517  GAME2 = 18.771  GAME3 = 19.627  lr = 1.34e-06  time = 16.4s
[e364 s0001/1030] loss = 0.028848
[e364 s0050/1030] loss = 0.032725
[e364 s0100/1030] loss = 0.032923
[e364 s0150/1030] loss = 0.033991
[e364 s0200/1030] loss = 0.031923
[e364 s0250/1030] loss = 0.032055
[e364 s0300/1030] loss = 0.033273
[e364 s0350/1030] loss = 0.035049
[e364 s0400/1030] loss = 0.034678
[e364 s0450/1030] loss = 0.034989
[e364 s0500/1030] loss = 0.035926
[e364 s0550/1030] loss = 0.035011
[e364 s0600/1030] loss = 0.035328
[e364 s0650/1030] loss = 0.035262
[e364 s0700/1030] loss = 0.035046
[e364 s0750/1030] loss = 0.034810
[e364 s0800/1030] loss = 0.034931
[e364 s0850/1030] loss = 0.034902
[e364 s0900/1030] loss = 0.034982
[e364 s0950/1030] loss = 0.035957
[e364 s1000/1030] loss = 0.075434
Epoch 364: train_loss = 0.073873  MAE/GAME0 = 16.110  RMSE = 38.124  GAME1 = 17.410  GAME2 = 18.719  GAME3 = 19.591  lr = 1.27e-06  time = 16.6s
[e365 s0001/1030] loss = 0.048271
[e365 s0050/1030] loss = 0.031819
[e365 s0100/1030] loss = 0.032195
[e365 s0150/1030] loss = 0.040228
[e365 s0200/1030] loss = 0.039367
[e365 s0250/1030] loss = 0.037591
[e365 s0300/1030] loss = 0.037311
[e365 s0350/1030] loss = 0.037304
[e365 s0400/1030] loss = 0.037389
[e365 s0450/1030] loss = 0.038420
[e365 s0500/1030] loss = 0.037512
[e365 s0550/1030] loss = 0.036846
[e365 s0600/1030] loss = 0.036777
[e365 s0650/1030] loss = 0.036329
[e365 s0700/1030] loss = 0.036102
[e365 s0750/1030] loss = 0.036455
[e365 s0800/1030] loss = 0.036129
[e365 s0850/1030] loss = 0.082302
[e365 s0900/1030] loss = 0.079751
[e365 s0950/1030] loss = 0.077283
[e365 s1000/1030] loss = 0.074813
Epoch 365: train_loss = 0.073832  MAE/GAME0 = 16.747  RMSE = 38.497  GAME1 = 17.923  GAME2 = 19.055  GAME3 = 19.816  lr = 1.21e-06  time = 16.5s
[e366 s0001/1030] loss = 0.014580
[e366 s0050/1030] loss = 0.037883
[e366 s0100/1030] loss = 0.033514
[e366 s0150/1030] loss = 0.032938
[e366 s0200/1030] loss = 0.032611
[e366 s0250/1030] loss = 0.032057
[e366 s0300/1030] loss = 0.161580
[e366 s0350/1030] loss = 0.146196
[e366 s0400/1030] loss = 0.132445
[e366 s0450/1030] loss = 0.121630
[e366 s0500/1030] loss = 0.112500
[e366 s0550/1030] loss = 0.104709
[e366 s0600/1030] loss = 0.099784
[e366 s0650/1030] loss = 0.094974
[e366 s0700/1030] loss = 0.090231
[e366 s0750/1030] loss = 0.086731
[e366 s0800/1030] loss = 0.084250
[e366 s0850/1030] loss = 0.081445
[e366 s0900/1030] loss = 0.078831
[e366 s0950/1030] loss = 0.076457
[e366 s1000/1030] loss = 0.074102
Epoch 366: train_loss = 0.072755  MAE/GAME0 = 20.720  RMSE = 40.748  GAME1 = 21.152  GAME2 = 21.567  GAME3 = 21.794  lr = 1.14e-06  time = 16.4s
[e367 s0001/1030] loss = 0.040209
[e367 s0050/1030] loss = 0.034136
[e367 s0100/1030] loss = 0.033466
[e367 s0150/1030] loss = 0.032504
[e367 s0200/1030] loss = 0.228634
[e367 s0250/1030] loss = 0.190415
[e367 s0300/1030] loss = 0.164518
[e367 s0350/1030] loss = 0.145392
[e367 s0400/1030] loss = 0.132023
[e367 s0450/1030] loss = 0.121008
[e367 s0500/1030] loss = 0.113691
[e367 s0550/1030] loss = 0.106152
[e367 s0600/1030] loss = 0.100616
[e367 s0650/1030] loss = 0.095516
[e367 s0700/1030] loss = 0.090803
[e367 s0750/1030] loss = 0.087011
[e367 s0800/1030] loss = 0.083431
[e367 s0850/1030] loss = 0.080916
[e367 s0900/1030] loss = 0.078431
[e367 s0950/1030] loss = 0.075785
[e367 s1000/1030] loss = 0.073929
Epoch 367: train_loss = 0.072953  MAE/GAME0 = 15.886  RMSE = 38.048  GAME1 = 17.315  GAME2 = 18.711  GAME3 = 19.635  lr = 1.08e-06  time = 16.5s
[e368 s0001/1030] loss = 0.025930
[e368 s0050/1030] loss = 0.033377
[e368 s0100/1030] loss = 0.036748
[e368 s0150/1030] loss = 0.038817
[e368 s0200/1030] loss = 0.039240
[e368 s0250/1030] loss = 0.038758
[e368 s0300/1030] loss = 0.038499
[e368 s0350/1030] loss = 0.037691
[e368 s0400/1030] loss = 0.036428
[e368 s0450/1030] loss = 0.035421
[e368 s0500/1030] loss = 0.035476
[e368 s0550/1030] loss = 0.106023
[e368 s0600/1030] loss = 0.099643
[e368 s0650/1030] loss = 0.094539
[e368 s0700/1030] loss = 0.089616
[e368 s0750/1030] loss = 0.086458
[e368 s0800/1030] loss = 0.082889
[e368 s0850/1030] loss = 0.079972
[e368 s0900/1030] loss = 0.077233
[e368 s0950/1030] loss = 0.074939
[e368 s1000/1030] loss = 0.073564
Epoch 368: train_loss = 0.072756  MAE/GAME0 = 17.093  RMSE = 38.629  GAME1 = 18.164  GAME2 = 19.220  GAME3 = 19.928  lr = 1.02e-06  time = 16.5s
[e369 s0001/1030] loss = 0.002064
[e369 s0050/1030] loss = 0.028709
[e369 s0100/1030] loss = 0.032665
[e369 s0150/1030] loss = 0.033983
[e369 s0200/1030] loss = 0.035821
[e369 s0250/1030] loss = 0.035492
[e369 s0300/1030] loss = 0.035008
[e369 s0350/1030] loss = 0.033422
[e369 s0400/1030] loss = 0.033076
[e369 s0450/1030] loss = 0.034348
[e369 s0500/1030] loss = 0.033990
[e369 s0550/1030] loss = 0.034110
[e369 s0600/1030] loss = 0.033853
[e369 s0650/1030] loss = 0.034751
[e369 s0700/1030] loss = 0.034958
[e369 s0750/1030] loss = 0.034714
[e369 s0800/1030] loss = 0.034402
[e369 s0850/1030] loss = 0.080535
[e369 s0900/1030] loss = 0.077671
[e369 s0950/1030] loss = 0.075242
[e369 s1000/1030] loss = 0.073123
Epoch 369: train_loss = 0.072512  MAE/GAME0 = 18.965  RMSE = 39.755  GAME1 = 19.700  GAME2 = 20.426  GAME3 = 20.876  lr = 9.58e-07  time = 16.5s
[e370 s0001/1030] loss = 0.039167
[e370 s0050/1030] loss = 0.029510
[e370 s0100/1030] loss = 0.031428
[e370 s0150/1030] loss = 0.030434
[e370 s0200/1030] loss = 0.032637
[e370 s0250/1030] loss = 0.032732
[e370 s0300/1030] loss = 0.034040
[e370 s0350/1030] loss = 0.034964
[e370 s0400/1030] loss = 0.034750
[e370 s0450/1030] loss = 0.034120
[e370 s0500/1030] loss = 0.034165
[e370 s0550/1030] loss = 0.033824
[e370 s0600/1030] loss = 0.034598
[e370 s0650/1030] loss = 0.034516
[e370 s0700/1030] loss = 0.034458
[e370 s0750/1030] loss = 0.033859
[e370 s0800/1030] loss = 0.034326
[e370 s0850/1030] loss = 0.034542
[e370 s0900/1030] loss = 0.077923
[e370 s0950/1030] loss = 0.075901
[e370 s1000/1030] loss = 0.073555
Epoch 370: train_loss = 0.072359  MAE/GAME0 = 15.770  RMSE = 37.939  GAME1 = 17.140  GAME2 = 18.461  GAME3 = 19.424  lr = 9.01e-07  time = 16.5s
[e371 s0001/1030] loss = 0.019924
[e371 s0050/1030] loss = 0.025154
[e371 s0100/1030] loss = 0.031565
[e371 s0150/1030] loss = 0.032342
[e371 s0200/1030] loss = 0.031172
[e371 s0250/1030] loss = 0.033598
[e371 s0300/1030] loss = 0.032628
[e371 s0350/1030] loss = 0.032856
[e371 s0400/1030] loss = 0.034107
[e371 s0450/1030] loss = 0.034157
[e371 s0500/1030] loss = 0.034646
[e371 s0550/1030] loss = 0.034396
[e371 s0600/1030] loss = 0.034404
[e371 s0650/1030] loss = 0.034786
[e371 s0700/1030] loss = 0.034358
[e371 s0750/1030] loss = 0.034385
[e371 s0800/1030] loss = 0.034424
[e371 s0850/1030] loss = 0.034002
[e371 s0900/1030] loss = 0.077039
[e371 s0950/1030] loss = 0.074662
[e371 s1000/1030] loss = 0.073076
Epoch 371: train_loss = 0.071796  MAE/GAME0 = 15.528  RMSE = 37.769  GAME1 = 17.024  GAME2 = 18.459  GAME3 = 19.465  lr = 8.45e-07  time = 16.7s
[e372 s0001/1030] loss = 0.029351
[e372 s0050/1030] loss = 0.031843
[e372 s0100/1030] loss = 0.034228
[e372 s0150/1030] loss = 0.030627
[e372 s0200/1030] loss = 0.032448
[e372 s0250/1030] loss = 0.032429
[e372 s0300/1030] loss = 0.031832
[e372 s0350/1030] loss = 0.031181
[e372 s0400/1030] loss = 0.032158
[e372 s0450/1030] loss = 0.032519
[e372 s0500/1030] loss = 0.109929
[e372 s0550/1030] loss = 0.103684
[e372 s0600/1030] loss = 0.097923
[e372 s0650/1030] loss = 0.093598
[e372 s0700/1030] loss = 0.089184
[e372 s0750/1030] loss = 0.085341
[e372 s0800/1030] loss = 0.082855
[e372 s0850/1030] loss = 0.079996
[e372 s0900/1030] loss = 0.077101
[e372 s0950/1030] loss = 0.075031
[e372 s1000/1030] loss = 0.072922
Epoch 372: train_loss = 0.071753  MAE/GAME0 = 16.295  RMSE = 38.237  GAME1 = 17.654  GAME2 = 18.931  GAME3 = 19.828  lr = 7.92e-07  time = 16.3s
[e373 s0001/1030] loss = 0.003757
[e373 s0050/1030] loss = 0.024822
[e373 s0100/1030] loss = 0.027811
[e373 s0150/1030] loss = 0.031571
[e373 s0200/1030] loss = 0.033218
[e373 s0250/1030] loss = 0.032536
[e373 s0300/1030] loss = 0.032817
[e373 s0350/1030] loss = 0.034745
[e373 s0400/1030] loss = 0.034340
[e373 s0450/1030] loss = 0.033912
[e373 s0500/1030] loss = 0.034169
[e373 s0550/1030] loss = 0.033824
[e373 s0600/1030] loss = 0.033610
[e373 s0650/1030] loss = 0.033891
[e373 s0700/1030] loss = 0.089074
[e373 s0750/1030] loss = 0.085287
[e373 s0800/1030] loss = 0.081654
[e373 s0850/1030] loss = 0.078912
[e373 s0900/1030] loss = 0.076647
[e373 s0950/1030] loss = 0.074361
[e373 s1000/1030] loss = 0.072548
Epoch 373: train_loss = 0.071427  MAE/GAME0 = 15.338  RMSE = 37.614  GAME1 = 17.085  GAME2 = 18.644  GAME3 = 19.702  lr = 7.40e-07  time = 16.4s
[e374 s0001/1030] loss = 0.044850
[e374 s0050/1030] loss = 0.031447
[e374 s0100/1030] loss = 0.031183
[e374 s0150/1030] loss = 0.030281
[e374 s0200/1030] loss = 0.030384
[e374 s0250/1030] loss = 0.030959
[e374 s0300/1030] loss = 0.033119
[e374 s0350/1030] loss = 0.033671
[e374 s0400/1030] loss = 0.035388
[e374 s0450/1030] loss = 0.035250
[e374 s0500/1030] loss = 0.034798
[e374 s0550/1030] loss = 0.105729
[e374 s0600/1030] loss = 0.099623
[e374 s0650/1030] loss = 0.094013
[e374 s0700/1030] loss = 0.089747
[e374 s0750/1030] loss = 0.085897
[e374 s0800/1030] loss = 0.082593
[e374 s0850/1030] loss = 0.079928
[e374 s0900/1030] loss = 0.077435
[e374 s0950/1030] loss = 0.074962
[e374 s1000/1030] loss = 0.072729
Epoch 374: train_loss = 0.071438  MAE/GAME0 = 17.514  RMSE = 38.955  GAME1 = 18.464  GAME2 = 19.414  GAME3 = 20.043  lr = 6.90e-07  time = 16.4s
[e375 s0001/1030] loss = 0.010602
[e375 s0050/1030] loss = 0.042354
[e375 s0100/1030] loss = 0.426106
[e375 s0150/1030] loss = 0.296879
[e375 s0200/1030] loss = 0.229555
[e375 s0250/1030] loss = 0.191764
[e375 s0300/1030] loss = 0.164527
[e375 s0350/1030] loss = 0.146317
[e375 s0400/1030] loss = 0.132063
[e375 s0450/1030] loss = 0.120496
[e375 s0500/1030] loss = 0.111464
[e375 s0550/1030] loss = 0.104047
[e375 s0600/1030] loss = 0.098314
[e375 s0650/1030] loss = 0.093105
[e375 s0700/1030] loss = 0.088675
[e375 s0750/1030] loss = 0.085037
[e375 s0800/1030] loss = 0.082125
[e375 s0850/1030] loss = 0.078774
[e375 s0900/1030] loss = 0.076365
[e375 s0950/1030] loss = 0.073961
[e375 s1000/1030] loss = 0.071859
Epoch 375: train_loss = 0.070785  MAE/GAME0 = 17.070  RMSE = 38.671  GAME1 = 18.133  GAME2 = 19.182  GAME3 = 19.886  lr = 6.42e-07  time = 16.4s
[e376 s0001/1030] loss = 0.058928
[e376 s0050/1030] loss = 0.032319
[e376 s0100/1030] loss = 0.035464
[e376 s0150/1030] loss = 0.036646
[e376 s0200/1030] loss = 0.035902
[e376 s0250/1030] loss = 0.035505
[e376 s0300/1030] loss = 0.034951
[e376 s0350/1030] loss = 0.034238
[e376 s0400/1030] loss = 0.034307
[e376 s0450/1030] loss = 0.034453
[e376 s0500/1030] loss = 0.033971
[e376 s0550/1030] loss = 0.034058
[e376 s0600/1030] loss = 0.033793
[e376 s0650/1030] loss = 0.033645
[e376 s0700/1030] loss = 0.089423
[e376 s0750/1030] loss = 0.085550
[e376 s0800/1030] loss = 0.082042
[e376 s0850/1030] loss = 0.079292
[e376 s0900/1030] loss = 0.076828
[e376 s0950/1030] loss = 0.074578
[e376 s1000/1030] loss = 0.072248
Epoch 376: train_loss = 0.070975  MAE/GAME0 = 16.097  RMSE = 38.107  GAME1 = 17.380  GAME2 = 18.632  GAME3 = 19.535  lr = 5.96e-07  time = 16.7s
[e377 s0001/1030] loss = 0.001350
[e377 s0050/1030] loss = 0.023986
[e377 s0100/1030] loss = 0.029292
[e377 s0150/1030] loss = 0.033868
[e377 s0200/1030] loss = 0.033223
[e377 s0250/1030] loss = 0.033294
[e377 s0300/1030] loss = 0.032826
[e377 s0350/1030] loss = 0.031880
[e377 s0400/1030] loss = 0.031570
[e377 s0450/1030] loss = 0.032520
[e377 s0500/1030] loss = 0.033154
[e377 s0550/1030] loss = 0.033054
[e377 s0600/1030] loss = 0.032536
[e377 s0650/1030] loss = 0.032616
[e377 s0700/1030] loss = 0.032771
[e377 s0750/1030] loss = 0.083882
[e377 s0800/1030] loss = 0.080841
[e377 s0850/1030] loss = 0.078120
[e377 s0900/1030] loss = 0.075748
[e377 s0950/1030] loss = 0.073197
[e377 s1000/1030] loss = 0.071254
Epoch 377: train_loss = 0.070659  MAE/GAME0 = 15.842  RMSE = 37.958  GAME1 = 17.147  GAME2 = 18.483  GAME3 = 19.400  lr = 5.51e-07  time = 16.3s
[e378 s0001/1030] loss = 0.015794
[e378 s0050/1030] loss = 0.024327
[e378 s0100/1030] loss = 0.027020
[e378 s0150/1030] loss = 0.030826
[e378 s0200/1030] loss = 0.030427
[e378 s0250/1030] loss = 0.030315
[e378 s0300/1030] loss = 0.159676
[e378 s0350/1030] loss = 0.142264
[e378 s0400/1030] loss = 0.128617
[e378 s0450/1030] loss = 0.119684
[e378 s0500/1030] loss = 0.110488
[e378 s0550/1030] loss = 0.103139
[e378 s0600/1030] loss = 0.097520
[e378 s0650/1030] loss = 0.092498
[e378 s0700/1030] loss = 0.088230
[e378 s0750/1030] loss = 0.084365
[e378 s0800/1030] loss = 0.081180
[e378 s0850/1030] loss = 0.078398
[e378 s0900/1030] loss = 0.076091
[e378 s0950/1030] loss = 0.073528
[e378 s1000/1030] loss = 0.071545
Epoch 378: train_loss = 0.070403  MAE/GAME0 = 14.923  RMSE = 37.429  GAME1 = 16.539  GAME2 = 18.065  GAME3 = 19.177  lr = 5.09e-07  time = 16.7s
[e379 s0001/1030] loss = 0.036319
[e379 s0050/1030] loss = 0.034448
[e379 s0100/1030] loss = 0.032387
[e379 s0150/1030] loss = 0.034515
[e379 s0200/1030] loss = 0.033613
[e379 s0250/1030] loss = 0.033199
[e379 s0300/1030] loss = 0.033432
[e379 s0350/1030] loss = 0.033130
[e379 s0400/1030] loss = 0.129355
[e379 s0450/1030] loss = 0.118357
[e379 s0500/1030] loss = 0.109759
[e379 s0550/1030] loss = 0.102440
[e379 s0600/1030] loss = 0.096875
[e379 s0650/1030] loss = 0.091441
[e379 s0700/1030] loss = 0.087598
[e379 s0750/1030] loss = 0.083491
[e379 s0800/1030] loss = 0.080212
[e379 s0850/1030] loss = 0.077960
[e379 s0900/1030] loss = 0.076207
[e379 s0950/1030] loss = 0.073846
[e379 s1000/1030] loss = 0.071597
Epoch 379: train_loss = 0.070523  MAE/GAME0 = 15.673  RMSE = 37.887  GAME1 = 17.023  GAME2 = 18.380  GAME3 = 19.351  lr = 4.68e-07  time = 16.4s
[e380 s0001/1030] loss = 0.138337
[e380 s0050/1030] loss = 0.031513
[e380 s0100/1030] loss = 0.032381
[e380 s0150/1030] loss = 0.033891
[e380 s0200/1030] loss = 0.034204
[e380 s0250/1030] loss = 0.033109
[e380 s0300/1030] loss = 0.032091
[e380 s0350/1030] loss = 0.031936
[e380 s0400/1030] loss = 0.032639
[e380 s0450/1030] loss = 0.031706
[e380 s0500/1030] loss = 0.032376
[e380 s0550/1030] loss = 0.032290
[e380 s0600/1030] loss = 0.032499
[e380 s0650/1030] loss = 0.031912
[e380 s0700/1030] loss = 0.031605
[e380 s0750/1030] loss = 0.031534
[e380 s0800/1030] loss = 0.032240
[e380 s0850/1030] loss = 0.077578
[e380 s0900/1030] loss = 0.075267
[e380 s0950/1030] loss = 0.073170
[e380 s1000/1030] loss = 0.071588
Epoch 380: train_loss = 0.070382  MAE/GAME0 = 20.511  RMSE = 40.619  GAME1 = 20.987  GAME2 = 21.444  GAME3 = 21.703  lr = 4.29e-07  time = 16.9s
[e381 s0001/1030] loss = 0.012804
[e381 s0050/1030] loss = 0.038279
[e381 s0100/1030] loss = 0.032692
[e381 s0150/1030] loss = 0.033883
[e381 s0200/1030] loss = 0.223604
[e381 s0250/1030] loss = 0.184840
[e381 s0300/1030] loss = 0.159123
[e381 s0350/1030] loss = 0.141170
[e381 s0400/1030] loss = 0.126620
[e381 s0450/1030] loss = 0.116128
[e381 s0500/1030] loss = 0.107492
[e381 s0550/1030] loss = 0.101988
[e381 s0600/1030] loss = 0.095788
[e381 s0650/1030] loss = 0.090848
[e381 s0700/1030] loss = 0.087545
[e381 s0750/1030] loss = 0.083477
[e381 s0800/1030] loss = 0.080612
[e381 s0850/1030] loss = 0.077814
[e381 s0900/1030] loss = 0.075376
[e381 s0950/1030] loss = 0.073084
[e381 s1000/1030] loss = 0.071566
Epoch 381: train_loss = 0.070178  MAE/GAME0 = 20.388  RMSE = 40.565  GAME1 = 20.828  GAME2 = 21.271  GAME3 = 21.534  lr = 3.92e-07  time = 16.4s
[e382 s0001/1030] loss = 0.013657
[e382 s0050/1030] loss = 0.036286
[e382 s0100/1030] loss = 0.034254
[e382 s0150/1030] loss = 0.034737
[e382 s0200/1030] loss = 0.034894
[e382 s0250/1030] loss = 0.034570
[e382 s0300/1030] loss = 0.034788
[e382 s0350/1030] loss = 0.035424
[e382 s0400/1030] loss = 0.034613
[e382 s0450/1030] loss = 0.034904
[e382 s0500/1030] loss = 0.111348
[e382 s0550/1030] loss = 0.104324
[e382 s0600/1030] loss = 0.098513
[e382 s0650/1030] loss = 0.093170
[e382 s0700/1030] loss = 0.088685
[e382 s0750/1030] loss = 0.084453
[e382 s0800/1030] loss = 0.080885
[e382 s0850/1030] loss = 0.078098
[e382 s0900/1030] loss = 0.075454
[e382 s0950/1030] loss = 0.072981
[e382 s1000/1030] loss = 0.071031
Epoch 382: train_loss = 0.070129  MAE/GAME0 = 16.205  RMSE = 38.195  GAME1 = 17.497  GAME2 = 18.731  GAME3 = 19.641  lr = 3.57e-07  time = 16.7s
[e383 s0001/1030] loss = 0.009510
[e383 s0050/1030] loss = 0.036760
[e383 s0100/1030] loss = 0.034606
[e383 s0150/1030] loss = 0.035641
[e383 s0200/1030] loss = 0.227517
[e383 s0250/1030] loss = 0.189883
[e383 s0300/1030] loss = 0.162686
[e383 s0350/1030] loss = 0.144625
[e383 s0400/1030] loss = 0.130483
[e383 s0450/1030] loss = 0.118782
[e383 s0500/1030] loss = 0.109990
[e383 s0550/1030] loss = 0.103149
[e383 s0600/1030] loss = 0.097130
[e383 s0650/1030] loss = 0.091613
[e383 s0700/1030] loss = 0.087589
[e383 s0750/1030] loss = 0.083873
[e383 s0800/1030] loss = 0.080402
[e383 s0850/1030] loss = 0.078014
[e383 s0900/1030] loss = 0.074948
[e383 s0950/1030] loss = 0.073237
[e383 s1000/1030] loss = 0.070876
Epoch 383: train_loss = 0.069794  MAE/GAME0 = 15.481  RMSE = 37.632  GAME1 = 17.167  GAME2 = 18.605  GAME3 = 19.635  lr = 3.24e-07  time = 16.4s
[e384 s0001/1030] loss = 0.066575
[e384 s0050/1030] loss = 0.797532
[e384 s0100/1030] loss = 0.414794
[e384 s0150/1030] loss = 0.289344
[e384 s0200/1030] loss = 0.223745
[e384 s0250/1030] loss = 0.185394
[e384 s0300/1030] loss = 0.160066
[e384 s0350/1030] loss = 0.141917
[e384 s0400/1030] loss = 0.128410
[e384 s0450/1030] loss = 0.118854
[e384 s0500/1030] loss = 0.110996
[e384 s0550/1030] loss = 0.102900
[e384 s0600/1030] loss = 0.097252
[e384 s0650/1030] loss = 0.091854
[e384 s0700/1030] loss = 0.087554
[e384 s0750/1030] loss = 0.083912
[e384 s0800/1030] loss = 0.080292
[e384 s0850/1030] loss = 0.077816
[e384 s0900/1030] loss = 0.074858
[e384 s0950/1030] loss = 0.072840
[e384 s1000/1030] loss = 0.070928
Epoch 384: train_loss = 0.069758  MAE/GAME0 = 20.637  RMSE = 40.693  GAME1 = 21.091  GAME2 = 21.534  GAME3 = 21.772  lr = 2.93e-07  time = 16.4s
[e385 s0001/1030] loss = 0.014873
[e385 s0050/1030] loss = 0.035092
[e385 s0100/1030] loss = 0.040925
[e385 s0150/1030] loss = 0.037997
[e385 s0200/1030] loss = 0.034946
[e385 s0250/1030] loss = 0.033673
[e385 s0300/1030] loss = 0.033128
[e385 s0350/1030] loss = 0.033409
[e385 s0400/1030] loss = 0.034027
[e385 s0450/1030] loss = 0.033513
[e385 s0500/1030] loss = 0.032933
[e385 s0550/1030] loss = 0.032869
[e385 s0600/1030] loss = 0.032540
[e385 s0650/1030] loss = 0.031896
[e385 s0700/1030] loss = 0.032026
[e385 s0750/1030] loss = 0.032305
[e385 s0800/1030] loss = 0.032334
[e385 s0850/1030] loss = 0.032341
[e385 s0900/1030] loss = 0.032865
[e385 s0950/1030] loss = 0.073165
[e385 s1000/1030] loss = 0.070742
Epoch 385: train_loss = 0.069638  MAE/GAME0 = 14.512  RMSE = 37.108  GAME1 = 16.349  GAME2 = 18.065  GAME3 = 19.256  lr = 2.64e-07  time = 16.5s
[e386 s0001/1030] loss = 0.024693
[e386 s0050/1030] loss = 0.034579
[e386 s0100/1030] loss = 0.032112
[e386 s0150/1030] loss = 0.030511
[e386 s0200/1030] loss = 0.030123
[e386 s0250/1030] loss = 0.030125
[e386 s0300/1030] loss = 0.157483
[e386 s0350/1030] loss = 0.140374
[e386 s0400/1030] loss = 0.126633
[e386 s0450/1030] loss = 0.116500
[e386 s0500/1030] loss = 0.108334
[e386 s0550/1030] loss = 0.101326
[e386 s0600/1030] loss = 0.095235
[e386 s0650/1030] loss = 0.090060
[e386 s0700/1030] loss = 0.085795
[e386 s0750/1030] loss = 0.082169
[e386 s0800/1030] loss = 0.079289
[e386 s0850/1030] loss = 0.076800
[e386 s0900/1030] loss = 0.074149
[e386 s0950/1030] loss = 0.072623
[e386 s1000/1030] loss = 0.070547
Epoch 386: train_loss = 0.069544  MAE/GAME0 = 15.131  RMSE = 37.590  GAME1 = 16.751  GAME2 = 18.313  GAME3 = 19.354  lr = 2.36e-07  time = 16.7s
[e387 s0001/1030] loss = 0.011728
[e387 s0050/1030] loss = 0.032647
[e387 s0100/1030] loss = 0.031748
[e387 s0150/1030] loss = 0.030572
[e387 s0200/1030] loss = 0.034026
[e387 s0250/1030] loss = 0.033028
[e387 s0300/1030] loss = 0.033959
[e387 s0350/1030] loss = 0.033118
[e387 s0400/1030] loss = 0.032172
[e387 s0450/1030] loss = 0.031438
[e387 s0500/1030] loss = 0.031529
[e387 s0550/1030] loss = 0.031417
[e387 s0600/1030] loss = 0.031302
[e387 s0650/1030] loss = 0.031038
[e387 s0700/1030] loss = 0.032046
[e387 s0750/1030] loss = 0.032266
[e387 s0800/1030] loss = 0.032146
[e387 s0850/1030] loss = 0.032022
[e387 s0900/1030] loss = 0.032018
[e387 s0950/1030] loss = 0.032326
[e387 s1000/1030] loss = 0.032029
Epoch 387: train_loss = 0.069488  MAE/GAME0 = 14.080  RMSE = 36.514  GAME1 = 16.222  GAME2 = 18.102  GAME3 = 19.464  lr = 2.11e-07  time = 16.5s
[e388 s0001/1030] loss = 0.013241
[e388 s0050/1030] loss = 0.027835
[e388 s0100/1030] loss = 0.025872
[e388 s0150/1030] loss = 0.026294
[e388 s0200/1030] loss = 0.027272
[e388 s0250/1030] loss = 0.029456
[e388 s0300/1030] loss = 0.029903
[e388 s0350/1030] loss = 0.031290
[e388 s0400/1030] loss = 0.128280
[e388 s0450/1030] loss = 0.117525
[e388 s0500/1030] loss = 0.109584
[e388 s0550/1030] loss = 0.102328
[e388 s0600/1030] loss = 0.096260
[e388 s0650/1030] loss = 0.090992
[e388 s0700/1030] loss = 0.086658
[e388 s0750/1030] loss = 0.083466
[e388 s0800/1030] loss = 0.080311
[e388 s0850/1030] loss = 0.077390
[e388 s0900/1030] loss = 0.075190
[e388 s0950/1030] loss = 0.072564
[e388 s1000/1030] loss = 0.070600
Epoch 388: train_loss = 0.069399  MAE/GAME0 = 15.924  RMSE = 37.997  GAME1 = 17.297  GAME2 = 18.637  GAME3 = 19.544  lr = 1.87e-07  time = 16.6s
[e389 s0001/1030] loss = 0.023992
[e389 s0050/1030] loss = 0.024705
[e389 s0100/1030] loss = 0.026534
[e389 s0150/1030] loss = 0.028963
[e389 s0200/1030] loss = 0.028402
[e389 s0250/1030] loss = 0.028157
[e389 s0300/1030] loss = 0.028868
[e389 s0350/1030] loss = 0.030625
[e389 s0400/1030] loss = 0.030971
[e389 s0450/1030] loss = 0.030639
[e389 s0500/1030] loss = 0.030226
[e389 s0550/1030] loss = 0.030865
[e389 s0600/1030] loss = 0.094681
[e389 s0650/1030] loss = 0.090570
[e389 s0700/1030] loss = 0.086503
[e389 s0750/1030] loss = 0.082964
[e389 s0800/1030] loss = 0.079820
[e389 s0850/1030] loss = 0.077438
[e389 s0900/1030] loss = 0.074968
[e389 s0950/1030] loss = 0.072495
[e389 s1000/1030] loss = 0.070593
Epoch 389: train_loss = 0.069248  MAE/GAME0 = 16.290  RMSE = 38.274  GAME1 = 17.489  GAME2 = 18.717  GAME3 = 19.553  lr = 1.65e-07  time = 16.5s
[e390 s0001/1030] loss = 0.021446
[e390 s0050/1030] loss = 0.029960
[e390 s0100/1030] loss = 0.031923
[e390 s0150/1030] loss = 0.031507
[e390 s0200/1030] loss = 0.032467
[e390 s0250/1030] loss = 0.030841
[e390 s0300/1030] loss = 0.030849
[e390 s0350/1030] loss = 0.030831
[e390 s0400/1030] loss = 0.127208
[e390 s0450/1030] loss = 0.115701
[e390 s0500/1030] loss = 0.107216
[e390 s0550/1030] loss = 0.100630
[e390 s0600/1030] loss = 0.094736
[e390 s0650/1030] loss = 0.090885
[e390 s0700/1030] loss = 0.086574
[e390 s0750/1030] loss = 0.083190
[e390 s0800/1030] loss = 0.079910
[e390 s0850/1030] loss = 0.076853
[e390 s0900/1030] loss = 0.074571
[e390 s0950/1030] loss = 0.072331
[e390 s1000/1030] loss = 0.070596
Epoch 390: train_loss = 0.069299  MAE/GAME0 = 16.183  RMSE = 38.178  GAME1 = 17.484  GAME2 = 18.744  GAME3 = 19.584  lr = 1.45e-07  time = 16.5s
[e391 s0001/1030] loss = 0.002041
[e391 s0050/1030] loss = 0.035395
[e391 s0100/1030] loss = 0.417157
[e391 s0150/1030] loss = 0.288536
[e391 s0200/1030] loss = 0.224075
[e391 s0250/1030] loss = 0.187936
[e391 s0300/1030] loss = 0.163497
[e391 s0350/1030] loss = 0.144251
[e391 s0400/1030] loss = 0.129993
[e391 s0450/1030] loss = 0.118979
[e391 s0500/1030] loss = 0.110270
[e391 s0550/1030] loss = 0.102456
[e391 s0600/1030] loss = 0.096648
[e391 s0650/1030] loss = 0.092254
[e391 s0700/1030] loss = 0.088377
[e391 s0750/1030] loss = 0.084458
[e391 s0800/1030] loss = 0.080802
[e391 s0850/1030] loss = 0.077893
[e391 s0900/1030] loss = 0.075456
[e391 s0950/1030] loss = 0.072612
[e391 s1000/1030] loss = 0.070178
Epoch 391: train_loss = 0.069093  MAE/GAME0 = 13.997  RMSE = 36.772  GAME1 = 15.945  GAME2 = 17.805  GAME3 = 19.151  lr = 1.27e-07  time = 16.7s
[e392 s0001/1030] loss = 0.018304
[e392 s0050/1030] loss = 0.037196
[e392 s0100/1030] loss = 0.032520
[e392 s0150/1030] loss = 0.031251
[e392 s0200/1030] loss = 0.032536
[e392 s0250/1030] loss = 0.032257
[e392 s0300/1030] loss = 0.032809
[e392 s0350/1030] loss = 0.031925
[e392 s0400/1030] loss = 0.032580
[e392 s0450/1030] loss = 0.031636
[e392 s0500/1030] loss = 0.031869
[e392 s0550/1030] loss = 0.031710
[e392 s0600/1030] loss = 0.032148
[e392 s0650/1030] loss = 0.090936
[e392 s0700/1030] loss = 0.086863
[e392 s0750/1030] loss = 0.083280
[e392 s0800/1030] loss = 0.079987
[e392 s0850/1030] loss = 0.077381
[e392 s0900/1030] loss = 0.074628
[e392 s0950/1030] loss = 0.072165
[e392 s1000/1030] loss = 0.069967
Epoch 392: train_loss = 0.069151  MAE/GAME0 = 15.224  RMSE = 37.544  GAME1 = 16.869  GAME2 = 18.366  GAME3 = 19.432  lr = 1.11e-07  time = 16.8s
[e393 s0001/1030] loss = 0.015427
[e393 s0050/1030] loss = 0.040380
[e393 s0100/1030] loss = 0.040490
[e393 s0150/1030] loss = 0.293421
[e393 s0200/1030] loss = 0.226830
[e393 s0250/1030] loss = 0.187315
[e393 s0300/1030] loss = 0.161549
[e393 s0350/1030] loss = 0.142300
[e393 s0400/1030] loss = 0.128009
[e393 s0450/1030] loss = 0.116989
[e393 s0500/1030] loss = 0.107964
[e393 s0550/1030] loss = 0.101224
[e393 s0600/1030] loss = 0.095998
[e393 s0650/1030] loss = 0.091207
[e393 s0700/1030] loss = 0.086538
[e393 s0750/1030] loss = 0.082566
[e393 s0800/1030] loss = 0.079354
[e393 s0850/1030] loss = 0.076878
[e393 s0900/1030] loss = 0.074474
[e393 s0950/1030] loss = 0.072156
[e393 s1000/1030] loss = 0.070121
Epoch 393: train_loss = 0.069014  MAE/GAME0 = 15.473  RMSE = 37.693  GAME1 = 17.123  GAME2 = 18.559  GAME3 = 19.578  lr = 9.66e-08  time = 16.8s
[e394 s0001/1030] loss = 0.029078
[e394 s0050/1030] loss = 0.028040
[e394 s0100/1030] loss = 0.031094
[e394 s0150/1030] loss = 0.029104
[e394 s0200/1030] loss = 0.219711
[e394 s0250/1030] loss = 0.182965
[e394 s0300/1030] loss = 0.156246
[e394 s0350/1030] loss = 0.138186
[e394 s0400/1030] loss = 0.124662
[e394 s0450/1030] loss = 0.115461
[e394 s0500/1030] loss = 0.106668
[e394 s0550/1030] loss = 0.099561
[e394 s0600/1030] loss = 0.093777
[e394 s0650/1030] loss = 0.088851
[e394 s0700/1030] loss = 0.084670
[e394 s0750/1030] loss = 0.082370
[e394 s0800/1030] loss = 0.079359
[e394 s0850/1030] loss = 0.076593
[e394 s0900/1030] loss = 0.073863
[e394 s0950/1030] loss = 0.072157
[e394 s1000/1030] loss = 0.069977
Epoch 394: train_loss = 0.068962  MAE/GAME0 = 16.855  RMSE = 38.547  GAME1 = 18.046  GAME2 = 19.181  GAME3 = 19.953  lr = 8.42e-08  time = 16.3s
[e395 s0001/1030] loss = 0.013074
[e395 s0050/1030] loss = 0.034788
[e395 s0100/1030] loss = 0.029817
[e395 s0150/1030] loss = 0.030164
[e395 s0200/1030] loss = 0.030456
[e395 s0250/1030] loss = 0.029735
[e395 s0300/1030] loss = 0.028956
[e395 s0350/1030] loss = 0.029106
[e395 s0400/1030] loss = 0.029291
[e395 s0450/1030] loss = 0.028908
[e395 s0500/1030] loss = 0.105329
[e395 s0550/1030] loss = 0.099102
[e395 s0600/1030] loss = 0.093652
[e395 s0650/1030] loss = 0.089816
[e395 s0700/1030] loss = 0.086032
[e395 s0750/1030] loss = 0.083051
[e395 s0800/1030] loss = 0.079958
[e395 s0850/1030] loss = 0.077258
[e395 s0900/1030] loss = 0.074528
[e395 s0950/1030] loss = 0.071917
[e395 s1000/1030] loss = 0.069926
Epoch 395: train_loss = 0.068959  MAE/GAME0 = 14.539  RMSE = 37.022  GAME1 = 16.626  GAME2 = 18.390  GAME3 = 19.664  lr = 7.38e-08  time = 16.5s
[e396 s0001/1030] loss = 0.025022
[e396 s0050/1030] loss = 0.028221
[e396 s0100/1030] loss = 0.030723
[e396 s0150/1030] loss = 0.029017
[e396 s0200/1030] loss = 0.030985
[e396 s0250/1030] loss = 0.031943
[e396 s0300/1030] loss = 0.031508
[e396 s0350/1030] loss = 0.031297
[e396 s0400/1030] loss = 0.031461
[e396 s0450/1030] loss = 0.030730
[e396 s0500/1030] loss = 0.030832
[e396 s0550/1030] loss = 0.100688
[e396 s0600/1030] loss = 0.095643
[e396 s0650/1030] loss = 0.091001
[e396 s0700/1030] loss = 0.087130
[e396 s0750/1030] loss = 0.083436
[e396 s0800/1030] loss = 0.080180
[e396 s0850/1030] loss = 0.077033
[e396 s0900/1030] loss = 0.074763
[e396 s0950/1030] loss = 0.072377
[e396 s1000/1030] loss = 0.070235
Epoch 396: train_loss = 0.068879  MAE/GAME0 = 16.021  RMSE = 38.061  GAME1 = 17.274  GAME2 = 18.521  GAME3 = 19.428  lr = 6.52e-08  time = 16.5s
[e397 s0001/1030] loss = 0.006128
[e397 s0050/1030] loss = 0.028363
[e397 s0100/1030] loss = 0.030284
[e397 s0150/1030] loss = 0.029559
[e397 s0200/1030] loss = 0.027895
[e397 s0250/1030] loss = 0.029445
[e397 s0300/1030] loss = 0.031387
[e397 s0350/1030] loss = 0.032897
[e397 s0400/1030] loss = 0.032852
[e397 s0450/1030] loss = 0.033040
[e397 s0500/1030] loss = 0.032972
[e397 s0550/1030] loss = 0.033015
[e397 s0600/1030] loss = 0.032392
[e397 s0650/1030] loss = 0.032634
[e397 s0700/1030] loss = 0.032224
[e397 s0750/1030] loss = 0.082747
[e397 s0800/1030] loss = 0.079228
[e397 s0850/1030] loss = 0.076197
[e397 s0900/1030] loss = 0.074307
[e397 s0950/1030] loss = 0.072262
[e397 s1000/1030] loss = 0.069966
Epoch 397: train_loss = 0.068843  MAE/GAME0 = 16.098  RMSE = 38.173  GAME1 = 17.369  GAME2 = 18.615  GAME3 = 19.496  lr = 5.86e-08  time = 16.4s
[e398 s0001/1030] loss = 0.059912
[e398 s0050/1030] loss = 0.025872
[e398 s0100/1030] loss = 0.027111
[e398 s0150/1030] loss = 0.029212
[e398 s0200/1030] loss = 0.030763
[e398 s0250/1030] loss = 0.032389
[e398 s0300/1030] loss = 0.032570
[e398 s0350/1030] loss = 0.032402
[e398 s0400/1030] loss = 0.032289
[e398 s0450/1030] loss = 0.031702
[e398 s0500/1030] loss = 0.031245
[e398 s0550/1030] loss = 0.031140
[e398 s0600/1030] loss = 0.031180
[e398 s0650/1030] loss = 0.090182
[e398 s0700/1030] loss = 0.086021
[e398 s0750/1030] loss = 0.082478
[e398 s0800/1030] loss = 0.079414
[e398 s0850/1030] loss = 0.077069
[e398 s0900/1030] loss = 0.074950
[e398 s0950/1030] loss = 0.072583
[e398 s1000/1030] loss = 0.070262
Epoch 398: train_loss = 0.068843  MAE/GAME0 = 17.491  RMSE = 38.973  GAME1 = 18.425  GAME2 = 19.383  GAME3 = 20.007  lr = 5.38e-08  time = 16.7s
[e399 s0001/1030] loss = 0.084189
[e399 s0050/1030] loss = 0.027608
[e399 s0100/1030] loss = 0.029071
[e399 s0150/1030] loss = 0.031599
[e399 s0200/1030] loss = 0.031213
[e399 s0250/1030] loss = 0.034617
[e399 s0300/1030] loss = 0.035328
[e399 s0350/1030] loss = 0.033500
[e399 s0400/1030] loss = 0.032515
[e399 s0450/1030] loss = 0.031984
[e399 s0500/1030] loss = 0.109035
[e399 s0550/1030] loss = 0.101550
[e399 s0600/1030] loss = 0.095157
[e399 s0650/1030] loss = 0.090308
[e399 s0700/1030] loss = 0.086097
[e399 s0750/1030] loss = 0.082386
[e399 s0800/1030] loss = 0.079064
[e399 s0850/1030] loss = 0.076517
[e399 s0900/1030] loss = 0.074069
[e399 s0950/1030] loss = 0.071686
[e399 s1000/1030] loss = 0.069733
Epoch 399: train_loss = 0.068838  MAE/GAME0 = 14.302  RMSE = 36.857  GAME1 = 16.384  GAME2 = 18.191  GAME3 = 19.485  lr = 5.09e-08  time = 16.4s
[e400 s0001/1030] loss = 0.035954
[e400 s0050/1030] loss = 0.046146
[e400 s0100/1030] loss = 0.038730
[e400 s0150/1030] loss = 0.036104
[e400 s0200/1030] loss = 0.034652
[e400 s0250/1030] loss = 0.034885
[e400 s0300/1030] loss = 0.033661
[e400 s0350/1030] loss = 0.032643
[e400 s0400/1030] loss = 0.032499
[e400 s0450/1030] loss = 0.032581
[e400 s0500/1030] loss = 0.032321
[e400 s0550/1030] loss = 0.031731
[e400 s0600/1030] loss = 0.032711
[e400 s0650/1030] loss = 0.032718
[e400 s0700/1030] loss = 0.032538
[e400 s0750/1030] loss = 0.031990
[e400 s0800/1030] loss = 0.032640
[e400 s0850/1030] loss = 0.032188
[e400 s0900/1030] loss = 0.032000
[e400 s0950/1030] loss = 0.031948
[e400 s1000/1030] loss = 0.031708
Epoch 400: train_loss = 0.068822  MAE/GAME0 = 13.689  RMSE = 36.516  GAME1 = 15.746  GAME2 = 17.715  GAME3 = 19.139  lr = 5.00e-08  time = 16.4s
[done] best_mae = 12.826  best_path = /scratch/users/ntu/kenneth0/FYP-SmartObjectCounter/outputs/train_rgb_e400/13053642.pbs101_20260304_195546/best.pth
