[log] /scratch/users/ntu/kenneth0/FYP-SmartObjectCounter/logs/train_rgb_e400_13008785.pbs101_20260228_144230.log
[job] name=train_rgb_e400 id=13008785.pbs101 host=x1000c0s0b0n0 time=Sat Feb 28 14:42:30 +08 2026
torch 2.6.0+cu118 cuda True
[init] device = cuda
[init] train = 1030  val = 200  workers = 4
/scratch/users/ntu/kenneth0/FYP-SmartObjectCounter/scripts/train_rgbt.py:453: FutureWarning: `torch.cuda.amp.GradScaler(args...)` is deprecated. Please use `torch.amp.GradScaler('cuda', args...)` instead.
  scaler = GradScaler(enabled = bool(args.amp))
[e001 s0001/1030] loss = 492938.125000
[e001 s0050/1030] loss = 34657.221303
[e001 s0100/1030] loss = 17329.839862
[e001 s0150/1030] loss = 11553.943603
[e001 s0200/1030] loss = 8666.172899
[e001 s0250/1030] loss = 6934.181291
[e001 s0300/1030] loss = 5778.942423
[e001 s0350/1030] loss = 4954.193663
[e001 s0400/1030] loss = 4335.458773
[e001 s0450/1030] loss = 3854.973889
[e001 s0500/1030] loss = 3469.777811
[e001 s0550/1030] loss = 3154.582310
[e001 s0600/1030] loss = 2892.020617
[e001 s0650/1030] loss = 2669.834903
[e001 s0700/1030] loss = 2479.472355
[e001 s0750/1030] loss = 2314.493154
[e001 s0800/1030] loss = 2170.105682
[e001 s0850/1030] loss = 2042.825073
[e001 s0900/1030] loss = 1929.575542
[e001 s0950/1030] loss = 1828.451786
[e001 s1000/1030] loss = 1737.237971
Epoch 001: train_loss = 1686.778240  MAE/GAME0 = 23.245  RMSE = 42.247  GAME1 = 23.245  GAME2 = 23.245  GAME3 = 23.246  lr = 5.07e-06  time = 62.1s
[e002 s0001/1030] loss = 1.352046
[e002 s0050/1030] loss = 2.918249
[e002 s0100/1030] loss = 3.545688
[e002 s0150/1030] loss = 3.726733
[e002 s0200/1030] loss = 3.551911
[e002 s0250/1030] loss = 3.438091
[e002 s0300/1030] loss = 3.738853
[e002 s0350/1030] loss = 4.894391
[e002 s0400/1030] loss = 4.963069
[e002 s0450/1030] loss = 5.446732
[e002 s0500/1030] loss = 5.235643
[e002 s0550/1030] loss = 5.141809
[e002 s0600/1030] loss = 5.075588
[e002 s0650/1030] loss = 4.949371
[e002 s0700/1030] loss = 4.929783
[e002 s0750/1030] loss = 4.806606
[e002 s0800/1030] loss = 4.761496
[e002 s0850/1030] loss = 4.723928
[e002 s0900/1030] loss = 4.636021
[e002 s0950/1030] loss = 4.594933
[e002 s1000/1030] loss = 4.672225
Epoch 002: train_loss = 4.601846  MAE/GAME0 = 15.488  RMSE = 37.365  GAME1 = 17.641  GAME2 = 19.670  GAME3 = 20.818  lr = 5.28e-06  time = 23.2s
[e003 s0001/1030] loss = 1.087309
[e003 s0050/1030] loss = 2.460166
[e003 s0100/1030] loss = 2.581106
[e003 s0150/1030] loss = 4.493861
[e003 s0200/1030] loss = 6.290970
[e003 s0250/1030] loss = 5.333996
[e003 s0300/1030] loss = 5.203220
[e003 s0350/1030] loss = 4.622749
[e003 s0400/1030] loss = 4.460169
[e003 s0450/1030] loss = 4.196142
[e003 s0500/1030] loss = 3.944572
[e003 s0550/1030] loss = 3.715273
[e003 s0600/1030] loss = 3.571637
[e003 s0650/1030] loss = 3.448911
[e003 s0700/1030] loss = 3.340082
[e003 s0750/1030] loss = 3.346889
[e003 s0800/1030] loss = 3.248209
[e003 s0850/1030] loss = 3.170930
[e003 s0900/1030] loss = 3.124235
[e003 s0950/1030] loss = 3.084767
[e003 s1000/1030] loss = 3.009716
Epoch 003: train_loss = 2.999361  MAE/GAME0 = 11.294  RMSE = 33.482  GAME1 = 13.947  GAME2 = 16.203  GAME3 = 17.580  lr = 5.62e-06  time = 23.3s
[e004 s0001/1030] loss = 0.238916
[e004 s0050/1030] loss = 1.920871
[e004 s0100/1030] loss = 1.690695
[e004 s0150/1030] loss = 1.573018
[e004 s0200/1030] loss = 1.519847
[e004 s0250/1030] loss = 1.483896
[e004 s0300/1030] loss = 1.619489
[e004 s0350/1030] loss = 1.724118
[e004 s0400/1030] loss = 1.628205
[e004 s0450/1030] loss = 1.691364
[e004 s0500/1030] loss = 1.589424
[e004 s0550/1030] loss = 1.577155
[e004 s0600/1030] loss = 1.721578
[e004 s0650/1030] loss = 1.772990
[e004 s0700/1030] loss = 1.694814
[e004 s0750/1030] loss = 1.686896
[e004 s0800/1030] loss = 1.700364
[e004 s0850/1030] loss = 2.190359
[e004 s0900/1030] loss = 2.134575
[e004 s0950/1030] loss = 2.267973
[e004 s1000/1030] loss = 2.431686
Epoch 004: train_loss = 2.476125  MAE/GAME0 = 12.027  RMSE = 34.615  GAME1 = 13.988  GAME2 = 15.659  GAME3 = 16.591  lr = 6.10e-06  time = 23.1s
[e005 s0001/1030] loss = 0.301673
[e005 s0050/1030] loss = 0.934937
[e005 s0100/1030] loss = 1.318265
[e005 s0150/1030] loss = 1.518451
[e005 s0200/1030] loss = 1.506223
[e005 s0250/1030] loss = 2.016673
[e005 s0300/1030] loss = 1.930959
[e005 s0350/1030] loss = 1.835094
[e005 s0400/1030] loss = 2.061555
[e005 s0450/1030] loss = 2.043866
[e005 s0500/1030] loss = 1.990557
[e005 s0550/1030] loss = 2.013250
[e005 s0600/1030] loss = 1.945557
[e005 s0650/1030] loss = 2.526949
[e005 s0700/1030] loss = 2.429166
[e005 s0750/1030] loss = 2.429721
[e005 s0800/1030] loss = 2.342548
[e005 s0850/1030] loss = 2.293953
[e005 s0900/1030] loss = 2.246685
[e005 s0950/1030] loss = 2.174317
[e005 s1000/1030] loss = 2.143664
Epoch 005: train_loss = 2.113600  MAE/GAME0 = 10.769  RMSE = 33.144  GAME1 = 13.119  GAME2 = 15.201  GAME3 = 16.586  lr = 6.71e-06  time = 23.1s
[e006 s0001/1030] loss = 0.478527
[e006 s0050/1030] loss = 0.581262
[e006 s0100/1030] loss = 0.768683
[e006 s0150/1030] loss = 1.197641
[e006 s0200/1030] loss = 1.183201
[e006 s0250/1030] loss = 1.127156
[e006 s0300/1030] loss = 1.179334
[e006 s0350/1030] loss = 1.180199
[e006 s0400/1030] loss = 2.235346
[e006 s0450/1030] loss = 2.185491
[e006 s0500/1030] loss = 2.232034
[e006 s0550/1030] loss = 2.135892
[e006 s0600/1030] loss = 2.032955
[e006 s0650/1030] loss = 2.112404
[e006 s0700/1030] loss = 2.031098
[e006 s0750/1030] loss = 1.983213
[e006 s0800/1030] loss = 1.938013
[e006 s0850/1030] loss = 1.881722
[e006 s0900/1030] loss = 1.845583
[e006 s0950/1030] loss = 1.938714
[e006 s1000/1030] loss = 1.898996
Epoch 006: train_loss = 1.883410  MAE/GAME0 = 10.912  RMSE = 32.839  GAME1 = 12.966  GAME2 = 14.867  GAME3 = 16.233  lr = 7.45e-06  time = 22.9s
[e007 s0001/1030] loss = 0.637198
[e007 s0050/1030] loss = 1.036867
[e007 s0100/1030] loss = 1.132953
[e007 s0150/1030] loss = 1.106923
[e007 s0200/1030] loss = 1.061237
[e007 s0250/1030] loss = 1.164802
[e007 s0300/1030] loss = 1.119315
[e007 s0350/1030] loss = 1.336588
[e007 s0400/1030] loss = 2.496357
[e007 s0450/1030] loss = 2.401120
[e007 s0500/1030] loss = 2.253011
[e007 s0550/1030] loss = 2.144586
[e007 s0600/1030] loss = 2.058169
[e007 s0650/1030] loss = 1.972429
[e007 s0700/1030] loss = 1.888973
[e007 s0750/1030] loss = 1.820355
[e007 s0800/1030] loss = 1.746865
[e007 s0850/1030] loss = 1.693107
[e007 s0900/1030] loss = 1.707056
[e007 s0950/1030] loss = 1.667521
[e007 s1000/1030] loss = 1.646117
Epoch 007: train_loss = 1.632145  MAE/GAME0 = 12.483  RMSE = 30.590  GAME1 = 14.237  GAME2 = 16.232  GAME3 = 17.592  lr = 8.32e-06  time = 22.6s
[e008 s0001/1030] loss = 1.545295
[e008 s0050/1030] loss = 0.785392
[e008 s0100/1030] loss = 0.935371
[e008 s0150/1030] loss = 1.285727
[e008 s0200/1030] loss = 1.187446
[e008 s0250/1030] loss = 1.159913
[e008 s0300/1030] loss = 1.067125
[e008 s0350/1030] loss = 1.013263
[e008 s0400/1030] loss = 1.019060
[e008 s0450/1030] loss = 2.111872
[e008 s0500/1030] loss = 1.982992
[e008 s0550/1030] loss = 1.849840
[e008 s0600/1030] loss = 1.828781
[e008 s0650/1030] loss = 1.801051
[e008 s0700/1030] loss = 1.749968
[e008 s0750/1030] loss = 1.704582
[e008 s0800/1030] loss = 1.675799
[e008 s0850/1030] loss = 1.626550
[e008 s0900/1030] loss = 1.597290
[e008 s0950/1030] loss = 1.544914
[e008 s1000/1030] loss = 1.530946
Epoch 008: train_loss = 1.501905  MAE/GAME0 = 9.787  RMSE = 30.205  GAME1 = 12.132  GAME2 = 14.013  GAME3 = 15.417  lr = 9.30e-06  time = 23.1s
[e009 s0001/1030] loss = 0.366011
[e009 s0050/1030] loss = 2.000010
[e009 s0100/1030] loss = 1.487259
[e009 s0150/1030] loss = 1.575315
[e009 s0200/1030] loss = 3.450976
[e009 s0250/1030] loss = 2.861560
[e009 s0300/1030] loss = 2.548742
[e009 s0350/1030] loss = 2.293181
[e009 s0400/1030] loss = 2.162326
[e009 s0450/1030] loss = 1.988504
[e009 s0500/1030] loss = 1.866310
[e009 s0550/1030] loss = 1.793937
[e009 s0600/1030] loss = 1.693721
[e009 s0650/1030] loss = 1.653154
[e009 s0700/1030] loss = 1.579629
[e009 s0750/1030] loss = 1.543569
[e009 s0800/1030] loss = 1.504020
[e009 s0850/1030] loss = 1.457552
[e009 s0900/1030] loss = 1.422310
[e009 s0950/1030] loss = 1.378701
[e009 s1000/1030] loss = 1.356929
Epoch 009: train_loss = 1.372534  MAE/GAME0 = 10.690  RMSE = 30.677  GAME1 = 12.873  GAME2 = 14.755  GAME3 = 15.877  lr = 1.04e-05  time = 23.0s
[e010 s0001/1030] loss = 0.305178
[e010 s0050/1030] loss = 0.764154
[e010 s0100/1030] loss = 0.867259
[e010 s0150/1030] loss = 1.100029
[e010 s0200/1030] loss = 0.985501
[e010 s0250/1030] loss = 1.070232
[e010 s0300/1030] loss = 1.109787
[e010 s0350/1030] loss = 1.071821
[e010 s0400/1030] loss = 1.107864
[e010 s0450/1030] loss = 1.918907
[e010 s0500/1030] loss = 1.796597
[e010 s0550/1030] loss = 1.692100
[e010 s0600/1030] loss = 1.635619
[e010 s0650/1030] loss = 1.564772
[e010 s0700/1030] loss = 1.503987
[e010 s0750/1030] loss = 1.449833
[e010 s0800/1030] loss = 1.418967
[e010 s0850/1030] loss = 1.372019
[e010 s0900/1030] loss = 1.337211
[e010 s0950/1030] loss = 1.315714
[e010 s1000/1030] loss = 1.282966
Epoch 010: train_loss = 1.259649  MAE/GAME0 = 10.553  RMSE = 33.669  GAME1 = 12.263  GAME2 = 13.864  GAME3 = 14.857  lr = 1.16e-05  time = 23.1s
[e011 s0001/1030] loss = 0.478089
[e011 s0050/1030] loss = 1.232088
[e011 s0100/1030] loss = 0.964431
[e011 s0150/1030] loss = 0.931238
[e011 s0200/1030] loss = 0.877311
[e011 s0250/1030] loss = 0.819692
[e011 s0300/1030] loss = 0.808006
[e011 s0350/1030] loss = 0.819238
[e011 s0400/1030] loss = 0.884049
[e011 s0450/1030] loss = 0.876146
[e011 s0500/1030] loss = 0.873751
[e011 s0550/1030] loss = 0.853066
[e011 s0600/1030] loss = 0.842241
[e011 s0650/1030] loss = 0.834641
[e011 s0700/1030] loss = 0.832646
[e011 s0750/1030] loss = 0.867141
[e011 s0800/1030] loss = 0.857073
[e011 s0850/1030] loss = 0.845721
[e011 s0900/1030] loss = 0.884814
[e011 s0950/1030] loss = 1.308545
[e011 s1000/1030] loss = 1.272040
Epoch 011: train_loss = 1.257622  MAE/GAME0 = 9.416  RMSE = 30.470  GAME1 = 11.554  GAME2 = 13.444  GAME3 = 14.697  lr = 1.29e-05  time = 23.1s
[e012 s0001/1030] loss = 0.269639
[e012 s0050/1030] loss = 0.441209
[e012 s0100/1030] loss = 0.528771
[e012 s0150/1030] loss = 0.631215
[e012 s0200/1030] loss = 0.594923
[e012 s0250/1030] loss = 0.675582
[e012 s0300/1030] loss = 0.662424
[e012 s0350/1030] loss = 0.652430
[e012 s0400/1030] loss = 0.635079
[e012 s0450/1030] loss = 0.640275
[e012 s0500/1030] loss = 0.633810
[e012 s0550/1030] loss = 0.677392
[e012 s0600/1030] loss = 0.735245
[e012 s0650/1030] loss = 1.390321
[e012 s0700/1030] loss = 1.356707
[e012 s0750/1030] loss = 1.309455
[e012 s0800/1030] loss = 1.294588
[e012 s0850/1030] loss = 1.292201
[e012 s0900/1030] loss = 1.265381
[e012 s0950/1030] loss = 1.229881
[e012 s1000/1030] loss = 1.213037
Epoch 012: train_loss = 1.218765  MAE/GAME0 = 11.696  RMSE = 29.363  GAME1 = 13.983  GAME2 = 15.901  GAME3 = 17.381  lr = 1.43e-05  time = 22.9s
[e013 s0001/1030] loss = 0.780730
[e013 s0050/1030] loss = 1.191056
[e013 s0100/1030] loss = 0.958088
[e013 s0150/1030] loss = 0.913810
[e013 s0200/1030] loss = 0.866674
[e013 s0250/1030] loss = 0.856471
[e013 s0300/1030] loss = 0.820546
[e013 s0350/1030] loss = 0.783846
[e013 s0400/1030] loss = 0.768065
[e013 s0450/1030] loss = 0.797686
[e013 s0500/1030] loss = 0.792127
[e013 s0550/1030] loss = 0.769404
[e013 s0600/1030] loss = 0.749159
[e013 s0650/1030] loss = 1.393803
[e013 s0700/1030] loss = 1.345306
[e013 s0750/1030] loss = 1.285659
[e013 s0800/1030] loss = 1.238535
[e013 s0850/1030] loss = 1.227041
[e013 s0900/1030] loss = 1.215048
[e013 s0950/1030] loss = 1.201082
[e013 s1000/1030] loss = 1.186278
Epoch 013: train_loss = 1.214267  MAE/GAME0 = 11.026  RMSE = 32.761  GAME1 = 12.784  GAME2 = 14.135  GAME3 = 14.973  lr = 1.57e-05  time = 22.9s
[e014 s0001/1030] loss = 0.059377
[e014 s0050/1030] loss = 0.585898
[e014 s0100/1030] loss = 0.491295
[e014 s0150/1030] loss = 0.566791
[e014 s0200/1030] loss = 0.594190
[e014 s0250/1030] loss = 0.613665
[e014 s0300/1030] loss = 0.630967
[e014 s0350/1030] loss = 0.678265
[e014 s0400/1030] loss = 0.760231
[e014 s0450/1030] loss = 0.769422
[e014 s0500/1030] loss = 0.751082
[e014 s0550/1030] loss = 0.782787
[e014 s0600/1030] loss = 0.801974
[e014 s0650/1030] loss = 0.773236
[e014 s0700/1030] loss = 0.754774
[e014 s0750/1030] loss = 0.760674
[e014 s0800/1030] loss = 0.763938
[e014 s0850/1030] loss = 0.747900
[e014 s0900/1030] loss = 0.740493
[e014 s0950/1030] loss = 1.229492
[e014 s1000/1030] loss = 1.210886
Epoch 014: train_loss = 1.202967  MAE/GAME0 = 10.506  RMSE = 32.879  GAME1 = 11.947  GAME2 = 13.422  GAME3 = 14.314  lr = 1.73e-05  time = 22.9s
[e015 s0001/1030] loss = 0.125816
[e015 s0050/1030] loss = 1.063347
[e015 s0100/1030] loss = 4.736881
[e015 s0150/1030] loss = 3.342996
[e015 s0200/1030] loss = 2.748507
[e015 s0250/1030] loss = 2.299684
[e015 s0300/1030] loss = 1.988335
[e015 s0350/1030] loss = 1.985697
[e015 s0400/1030] loss = 1.861224
[e015 s0450/1030] loss = 1.734472
[e015 s0500/1030] loss = 1.614988
[e015 s0550/1030] loss = 1.595787
[e015 s0600/1030] loss = 1.540840
[e015 s0650/1030] loss = 1.487030
[e015 s0700/1030] loss = 1.477381
[e015 s0750/1030] loss = 1.434131
[e015 s0800/1030] loss = 1.397660
[e015 s0850/1030] loss = 1.407466
[e015 s0900/1030] loss = 1.374265
[e015 s0950/1030] loss = 1.342114
[e015 s1000/1030] loss = 1.308375
Epoch 015: train_loss = 1.283108  MAE/GAME0 = 12.942  RMSE = 31.227  GAME1 = 14.709  GAME2 = 16.465  GAME3 = 17.760  lr = 1.89e-05  time = 22.8s
[e016 s0001/1030] loss = 0.141664
[e016 s0050/1030] loss = 0.446819
[e016 s0100/1030] loss = 0.572623
[e016 s0150/1030] loss = 0.682519
[e016 s0200/1030] loss = 0.881270
[e016 s0250/1030] loss = 0.834939
[e016 s0300/1030] loss = 0.885083
[e016 s0350/1030] loss = 1.021175
[e016 s0400/1030] loss = 0.982124
[e016 s0450/1030] loss = 1.008514
[e016 s0500/1030] loss = 1.025866
[e016 s0550/1030] loss = 1.757509
[e016 s0600/1030] loss = 1.659936
[e016 s0650/1030] loss = 1.564831
[e016 s0700/1030] loss = 1.494731
[e016 s0750/1030] loss = 1.465016
[e016 s0800/1030] loss = 1.416074
[e016 s0850/1030] loss = 1.384215
[e016 s0900/1030] loss = 1.341592
[e016 s0950/1030] loss = 1.303479
[e016 s1000/1030] loss = 1.294573
Epoch 016: train_loss = 1.273176  MAE/GAME0 = 10.486  RMSE = 33.258  GAME1 = 12.510  GAME2 = 14.257  GAME3 = 15.409  lr = 2.05e-05  time = 23.2s
[e017 s0001/1030] loss = 2.428006
[e017 s0050/1030] loss = 0.904179
[e017 s0100/1030] loss = 1.006490
[e017 s0150/1030] loss = 0.985865
[e017 s0200/1030] loss = 0.850852
[e017 s0250/1030] loss = 0.778454
[e017 s0300/1030] loss = 0.906118
[e017 s0350/1030] loss = 0.862472
[e017 s0400/1030] loss = 0.853259
[e017 s0450/1030] loss = 0.825169
[e017 s0500/1030] loss = 0.853951
[e017 s0550/1030] loss = 0.851018
[e017 s0600/1030] loss = 0.829274
[e017 s0650/1030] loss = 0.810958
[e017 s0700/1030] loss = 0.791499
[e017 s0750/1030] loss = 0.826888
[e017 s0800/1030] loss = 0.849632
[e017 s0850/1030] loss = 0.846610
[e017 s0900/1030] loss = 1.322202
[e017 s0950/1030] loss = 1.282659
[e017 s1000/1030] loss = 1.305025
Epoch 017: train_loss = 1.284737  MAE/GAME0 = 11.205  RMSE = 34.015  GAME1 = 12.728  GAME2 = 14.203  GAME3 = 15.088  lr = 2.22e-05  time = 23.0s
[e018 s0001/1030] loss = 0.107478
[e018 s0050/1030] loss = 1.100000
[e018 s0100/1030] loss = 1.009728
[e018 s0150/1030] loss = 0.930716
[e018 s0200/1030] loss = 1.011457
[e018 s0250/1030] loss = 0.978199
[e018 s0300/1030] loss = 1.156435
[e018 s0350/1030] loss = 1.100945
[e018 s0400/1030] loss = 1.081253
[e018 s0450/1030] loss = 1.019215
[e018 s0500/1030] loss = 0.992582
[e018 s0550/1030] loss = 1.026823
[e018 s0600/1030] loss = 0.994518
[e018 s0650/1030] loss = 0.981474
[e018 s0700/1030] loss = 0.985522
[e018 s0750/1030] loss = 0.976669
[e018 s0800/1030] loss = 0.974317
[e018 s0850/1030] loss = 0.975523
[e018 s0900/1030] loss = 0.963383
[e018 s0950/1030] loss = 0.954074
[e018 s1000/1030] loss = 0.939572
Epoch 018: train_loss = 1.315117  MAE/GAME0 = 11.109  RMSE = 30.506  GAME1 = 12.711  GAME2 = 14.417  GAME3 = 15.793  lr = 2.40e-05  time = 23.1s
[e019 s0001/1030] loss = 0.450583
[e019 s0050/1030] loss = 1.318676
[e019 s0100/1030] loss = 1.098020
[e019 s0150/1030] loss = 1.224583
[e019 s0200/1030] loss = 1.164677
[e019 s0250/1030] loss = 1.203392
[e019 s0300/1030] loss = 1.185332
[e019 s0350/1030] loss = 1.105953
[e019 s0400/1030] loss = 1.072922
[e019 s0450/1030] loss = 1.992805
[e019 s0500/1030] loss = 1.879106
[e019 s0550/1030] loss = 1.773032
[e019 s0600/1030] loss = 1.701874
[e019 s0650/1030] loss = 1.639081
[e019 s0700/1030] loss = 1.548850
[e019 s0750/1030] loss = 1.526568
[e019 s0800/1030] loss = 1.494956
[e019 s0850/1030] loss = 1.463917
[e019 s0900/1030] loss = 1.413143
[e019 s0950/1030] loss = 1.381123
[e019 s1000/1030] loss = 1.343757
Epoch 019: train_loss = 1.318259  MAE/GAME0 = 10.141  RMSE = 32.400  GAME1 = 11.719  GAME2 = 13.437  GAME3 = 14.597  lr = 2.57e-05  time = 23.1s
[e020 s0001/1030] loss = 0.657302
[e020 s0050/1030] loss = 0.688200
[e020 s0100/1030] loss = 0.767672
[e020 s0150/1030] loss = 0.851236
[e020 s0200/1030] loss = 0.842876
[e020 s0250/1030] loss = 0.873771
[e020 s0300/1030] loss = 0.825588
[e020 s0350/1030] loss = 0.873847
[e020 s0400/1030] loss = 0.884144
[e020 s0450/1030] loss = 0.997992
[e020 s0500/1030] loss = 1.012663
[e020 s0550/1030] loss = 1.003770
[e020 s0600/1030] loss = 1.004890
[e020 s0650/1030] loss = 1.000915
[e020 s0700/1030] loss = 0.997754
[e020 s0750/1030] loss = 1.014545
[e020 s0800/1030] loss = 0.988918
[e020 s0850/1030] loss = 0.979256
[e020 s0900/1030] loss = 0.971920
[e020 s0950/1030] loss = 0.949007
[e020 s1000/1030] loss = 0.942869
Epoch 020: train_loss = 1.341288  MAE/GAME0 = 9.914  RMSE = 29.135  GAME1 = 11.976  GAME2 = 13.943  GAME3 = 15.320  lr = 2.75e-05  time = 23.1s
[e021 s0001/1030] loss = 0.365940
[e021 s0050/1030] loss = 0.513148
[e021 s0100/1030] loss = 0.773343
[e021 s0150/1030] loss = 0.765410
[e021 s0200/1030] loss = 0.748048
[e021 s0250/1030] loss = 0.735452
[e021 s0300/1030] loss = 0.725073
[e021 s0350/1030] loss = 0.751125
[e021 s0400/1030] loss = 0.820615
[e021 s0450/1030] loss = 0.800180
[e021 s0500/1030] loss = 0.779281
[e021 s0550/1030] loss = 0.782097
[e021 s0600/1030] loss = 0.772183
[e021 s0650/1030] loss = 0.832629
[e021 s0700/1030] loss = 0.837569
[e021 s0750/1030] loss = 0.831713
[e021 s0800/1030] loss = 0.818054
[e021 s0850/1030] loss = 1.420415
[e021 s0900/1030] loss = 1.383329
[e021 s0950/1030] loss = 1.365147
[e021 s1000/1030] loss = 1.376581
Epoch 021: train_loss = 1.371961  MAE/GAME0 = 11.083  RMSE = 32.842  GAME1 = 12.549  GAME2 = 14.123  GAME3 = 15.141  lr = 2.93e-05  time = 23.4s
[e022 s0001/1030] loss = 0.091324
[e022 s0050/1030] loss = 0.664921
[e022 s0100/1030] loss = 0.696287
[e022 s0150/1030] loss = 0.730185
[e022 s0200/1030] loss = 0.957554
[e022 s0250/1030] loss = 0.934008
[e022 s0300/1030] loss = 1.015483
[e022 s0350/1030] loss = 2.199388
[e022 s0400/1030] loss = 2.060877
[e022 s0450/1030] loss = 1.901363
[e022 s0500/1030] loss = 1.847594
[e022 s0550/1030] loss = 1.770101
[e022 s0600/1030] loss = 1.731354
[e022 s0650/1030] loss = 1.660588
[e022 s0700/1030] loss = 1.599386
[e022 s0750/1030] loss = 1.543450
[e022 s0800/1030] loss = 1.487733
[e022 s0850/1030] loss = 1.440570
[e022 s0900/1030] loss = 1.405626
[e022 s0950/1030] loss = 1.377720
[e022 s1000/1030] loss = 1.358563
Epoch 022: train_loss = 1.345390  MAE/GAME0 = 11.742  RMSE = 35.004  GAME1 = 12.933  GAME2 = 14.244  GAME3 = 14.920  lr = 3.10e-05  time = 23.0s
[e023 s0001/1030] loss = 0.300797
[e023 s0050/1030] loss = 0.937627
[e023 s0100/1030] loss = 1.216037
[e023 s0150/1030] loss = 1.113719
[e023 s0200/1030] loss = 0.982861
[e023 s0250/1030] loss = 1.036506
[e023 s0300/1030] loss = 0.978050
[e023 s0350/1030] loss = 0.992564
[e023 s0400/1030] loss = 0.970627
[e023 s0450/1030] loss = 0.950960
[e023 s0500/1030] loss = 0.945475
[e023 s0550/1030] loss = 0.917848
[e023 s0600/1030] loss = 0.971609
[e023 s0650/1030] loss = 1.157268
[e023 s0700/1030] loss = 1.145731
[e023 s0750/1030] loss = 1.695978
[e023 s0800/1030] loss = 1.663660
[e023 s0850/1030] loss = 1.627544
[e023 s0900/1030] loss = 1.578330
[e023 s0950/1030] loss = 1.534577
[e023 s1000/1030] loss = 1.498768
Epoch 023: train_loss = 1.475063  MAE/GAME0 = 9.492  RMSE = 31.959  GAME1 = 11.229  GAME2 = 13.034  GAME3 = 14.257  lr = 3.28e-05  time = 23.2s
[e024 s0001/1030] loss = 0.614450
[e024 s0050/1030] loss = 0.950639
[e024 s0100/1030] loss = 0.886169
[e024 s0150/1030] loss = 0.875545
[e024 s0200/1030] loss = 0.864224
[e024 s0250/1030] loss = 0.840721
[e024 s0300/1030] loss = 0.863348
[e024 s0350/1030] loss = 0.855712
[e024 s0400/1030] loss = 0.862777
[e024 s0450/1030] loss = 0.856818
[e024 s0500/1030] loss = 0.848366
[e024 s0550/1030] loss = 0.916692
[e024 s0600/1030] loss = 0.903334
[e024 s0650/1030] loss = 0.889622
[e024 s0700/1030] loss = 0.876371
[e024 s0750/1030] loss = 0.886305
[e024 s0800/1030] loss = 1.453779
[e024 s0850/1030] loss = 1.421130
[e024 s0900/1030] loss = 1.403344
[e024 s0950/1030] loss = 1.388406
[e024 s1000/1030] loss = 1.355369
Epoch 024: train_loss = 1.367545  MAE/GAME0 = 10.231  RMSE = 32.704  GAME1 = 12.283  GAME2 = 14.253  GAME3 = 15.489  lr = 3.45e-05  time = 23.2s
[e025 s0001/1030] loss = 0.055967
[e025 s0050/1030] loss = 0.823025
[e025 s0100/1030] loss = 0.811051
[e025 s0150/1030] loss = 0.903802
[e025 s0200/1030] loss = 0.862816
[e025 s0250/1030] loss = 0.990583
[e025 s0300/1030] loss = 0.912543
[e025 s0350/1030] loss = 2.148256
[e025 s0400/1030] loss = 1.945916
[e025 s0450/1030] loss = 1.849571
[e025 s0500/1030] loss = 1.799911
[e025 s0550/1030] loss = 1.686528
[e025 s0600/1030] loss = 1.594422
[e025 s0650/1030] loss = 1.523821
[e025 s0700/1030] loss = 1.513209
[e025 s0750/1030] loss = 1.472942
[e025 s0800/1030] loss = 1.468469
[e025 s0850/1030] loss = 1.429020
[e025 s0900/1030] loss = 1.382815
[e025 s0950/1030] loss = 1.378301
[e025 s1000/1030] loss = 1.416270
Epoch 025: train_loss = 1.445615  MAE/GAME0 = 9.406  RMSE = 33.067  GAME1 = 11.230  GAME2 = 12.996  GAME3 = 14.216  lr = 3.61e-05  time = 23.3s
[e026 s0001/1030] loss = 0.206289
[e026 s0050/1030] loss = 0.722307
[e026 s0100/1030] loss = 0.752602
[e026 s0150/1030] loss = 0.842859
[e026 s0200/1030] loss = 1.013272
[e026 s0250/1030] loss = 0.942786
[e026 s0300/1030] loss = 2.273180
[e026 s0350/1030] loss = 2.066878
[e026 s0400/1030] loss = 1.958606
[e026 s0450/1030] loss = 1.839027
[e026 s0500/1030] loss = 1.736066
[e026 s0550/1030] loss = 1.694580
[e026 s0600/1030] loss = 1.637886
[e026 s0650/1030] loss = 1.630446
[e026 s0700/1030] loss = 1.579973
[e026 s0750/1030] loss = 1.565153
[e026 s0800/1030] loss = 1.533228
[e026 s0850/1030] loss = 1.517970
[e026 s0900/1030] loss = 1.488260
[e026 s0950/1030] loss = 1.452363
[e026 s1000/1030] loss = 1.406025
Epoch 026: train_loss = 1.406844  MAE/GAME0 = 9.214  RMSE = 32.243  GAME1 = 11.124  GAME2 = 12.997  GAME3 = 14.156  lr = 3.77e-05  time = 23.0s
[e027 s0001/1030] loss = 0.331854
[e027 s0050/1030] loss = 1.274927
[e027 s0100/1030] loss = 1.061588
[e027 s0150/1030] loss = 1.176098
[e027 s0200/1030] loss = 1.035301
[e027 s0250/1030] loss = 0.980836
[e027 s0300/1030] loss = 0.939571
[e027 s0350/1030] loss = 0.927521
[e027 s0400/1030] loss = 0.924468
[e027 s0450/1030] loss = 0.936096
[e027 s0500/1030] loss = 1.011586
[e027 s0550/1030] loss = 1.027576
[e027 s0600/1030] loss = 1.006138
[e027 s0650/1030] loss = 1.052445
[e027 s0700/1030] loss = 1.024659
[e027 s0750/1030] loss = 1.049776
[e027 s0800/1030] loss = 1.035742
[e027 s0850/1030] loss = 1.009465
[e027 s0900/1030] loss = 1.012234
[e027 s0950/1030] loss = 1.001917
[e027 s1000/1030] loss = 1.008676
Epoch 027: train_loss = 1.420143  MAE/GAME0 = 10.764  RMSE = 33.547  GAME1 = 12.074  GAME2 = 13.558  GAME3 = 14.410  lr = 3.93e-05  time = 23.0s
[e028 s0001/1030] loss = 0.241390
[e028 s0050/1030] loss = 2.789637
[e028 s0100/1030] loss = 1.765369
[e028 s0150/1030] loss = 1.460739
[e028 s0200/1030] loss = 1.377654
[e028 s0250/1030] loss = 1.331689
[e028 s0300/1030] loss = 1.248110
[e028 s0350/1030] loss = 1.199899
[e028 s0400/1030] loss = 1.197772
[e028 s0450/1030] loss = 1.127894
[e028 s0500/1030] loss = 1.093917
[e028 s0550/1030] loss = 1.060365
[e028 s0600/1030] loss = 1.036193
[e028 s0650/1030] loss = 1.003061
[e028 s0700/1030] loss = 1.615626
[e028 s0750/1030] loss = 1.557844
[e028 s0800/1030] loss = 1.683190
[e028 s0850/1030] loss = 1.639837
[e028 s0900/1030] loss = 1.598240
[e028 s0950/1030] loss = 1.559340
[e028 s1000/1030] loss = 1.522887
Epoch 028: train_loss = 1.518165  MAE/GAME0 = 10.028  RMSE = 32.720  GAME1 = 11.801  GAME2 = 13.843  GAME3 = 15.039  lr = 4.07e-05  time = 22.9s
[e029 s0001/1030] loss = 0.447310
[e029 s0050/1030] loss = 0.981122
[e029 s0100/1030] loss = 0.849339
[e029 s0150/1030] loss = 0.803924
[e029 s0200/1030] loss = 0.788237
[e029 s0250/1030] loss = 0.848963
[e029 s0300/1030] loss = 0.889569
[e029 s0350/1030] loss = 0.845173
[e029 s0400/1030] loss = 0.844977
[e029 s0450/1030] loss = 0.815931
[e029 s0500/1030] loss = 0.844051
[e029 s0550/1030] loss = 0.823960
[e029 s0600/1030] loss = 0.828140
[e029 s0650/1030] loss = 1.587589
[e029 s0700/1030] loss = 1.587969
[e029 s0750/1030] loss = 1.544873
[e029 s0800/1030] loss = 1.504504
[e029 s0850/1030] loss = 1.474221
[e029 s0900/1030] loss = 1.425619
[e029 s0950/1030] loss = 1.391549
[e029 s1000/1030] loss = 1.378889
Epoch 029: train_loss = 1.371430  MAE/GAME0 = 12.790  RMSE = 35.565  GAME1 = 13.476  GAME2 = 14.498  GAME3 = 15.084  lr = 4.21e-05  time = 23.4s
[e030 s0001/1030] loss = 0.494912
[e030 s0050/1030] loss = 1.066739
[e030 s0100/1030] loss = 0.961664
[e030 s0150/1030] loss = 0.901384
[e030 s0200/1030] loss = 0.867796
[e030 s0250/1030] loss = 0.936804
[e030 s0300/1030] loss = 0.980874
[e030 s0350/1030] loss = 0.939324
[e030 s0400/1030] loss = 0.912516
[e030 s0450/1030] loss = 0.889513
[e030 s0500/1030] loss = 0.896847
[e030 s0550/1030] loss = 0.897087
[e030 s0600/1030] loss = 0.892916
[e030 s0650/1030] loss = 0.863763
[e030 s0700/1030] loss = 0.861379
[e030 s0750/1030] loss = 1.423047
[e030 s0800/1030] loss = 1.570479
[e030 s0850/1030] loss = 1.539356
[e030 s0900/1030] loss = 1.520726
[e030 s0950/1030] loss = 1.513223
[e030 s1000/1030] loss = 1.512436
Epoch 030: train_loss = 1.497987  MAE/GAME0 = 10.073  RMSE = 33.123  GAME1 = 11.578  GAME2 = 13.292  GAME3 = 14.433  lr = 4.34e-05  time = 23.1s
[e031 s0001/1030] loss = 9.392418
[e031 s0050/1030] loss = 1.058347
[e031 s0100/1030] loss = 1.033335
[e031 s0150/1030] loss = 0.978568
[e031 s0200/1030] loss = 1.040538
[e031 s0250/1030] loss = 1.037087
[e031 s0300/1030] loss = 1.023456
[e031 s0350/1030] loss = 1.102717
[e031 s0400/1030] loss = 1.056595
[e031 s0450/1030] loss = 1.026562
[e031 s0500/1030] loss = 1.003093
[e031 s0550/1030] loss = 1.035705
[e031 s0600/1030] loss = 1.075292
[e031 s0650/1030] loss = 1.028359
[e031 s0700/1030] loss = 1.026597
[e031 s0750/1030] loss = 1.051102
[e031 s0800/1030] loss = 1.581045
[e031 s0850/1030] loss = 1.549341
[e031 s0900/1030] loss = 1.539928
[e031 s0950/1030] loss = 1.508288
[e031 s1000/1030] loss = 1.487188
Epoch 031: train_loss = 1.478189  MAE/GAME0 = 11.474  RMSE = 34.608  GAME1 = 12.465  GAME2 = 13.717  GAME3 = 14.494  lr = 4.46e-05  time = 23.1s
[e032 s0001/1030] loss = 0.521715
[e032 s0050/1030] loss = 1.170155
[e032 s0100/1030] loss = 1.533988
[e032 s0150/1030] loss = 1.254278
[e032 s0200/1030] loss = 3.403555
[e032 s0250/1030] loss = 2.889359
[e032 s0300/1030] loss = 2.567361
[e032 s0350/1030] loss = 2.337161
[e032 s0400/1030] loss = 2.170942
[e032 s0450/1030] loss = 2.018093
[e032 s0500/1030] loss = 1.900489
[e032 s0550/1030] loss = 1.791604
[e032 s0600/1030] loss = 1.763003
[e032 s0650/1030] loss = 1.677254
[e032 s0700/1030] loss = 1.606367
[e032 s0750/1030] loss = 1.599062
[e032 s0800/1030] loss = 1.556803
[e032 s0850/1030] loss = 1.507756
[e032 s0900/1030] loss = 1.492607
[e032 s0950/1030] loss = 1.481652
[e032 s1000/1030] loss = 1.434481
Epoch 032: train_loss = 1.420378  MAE/GAME0 = 14.572  RMSE = 34.742  GAME1 = 16.183  GAME2 = 17.973  GAME3 = 19.124  lr = 4.57e-05  time = 23.0s
[e033 s0001/1030] loss = 3.478358
[e033 s0050/1030] loss = 0.746165
[e033 s0100/1030] loss = 0.791349
[e033 s0150/1030] loss = 0.803503
[e033 s0200/1030] loss = 0.782082
[e033 s0250/1030] loss = 0.858564
[e033 s0300/1030] loss = 0.815085
[e033 s0350/1030] loss = 0.911411
[e033 s0400/1030] loss = 0.950414
[e033 s0450/1030] loss = 1.999422
[e033 s0500/1030] loss = 1.872816
[e033 s0550/1030] loss = 1.785666
[e033 s0600/1030] loss = 1.699270
[e033 s0650/1030] loss = 1.735071
[e033 s0700/1030] loss = 1.653648
[e033 s0750/1030] loss = 1.614122
[e033 s0800/1030] loss = 1.598839
[e033 s0850/1030] loss = 1.574343
[e033 s0900/1030] loss = 1.543502
[e033 s0950/1030] loss = 1.495738
[e033 s1000/1030] loss = 1.465321
Epoch 033: train_loss = 1.443227  MAE/GAME0 = 10.438  RMSE = 34.137  GAME1 = 11.682  GAME2 = 13.182  GAME3 = 14.056  lr = 4.67e-05  time = 23.4s
[e034 s0001/1030] loss = 0.032491
[e034 s0050/1030] loss = 0.757915
[e034 s0100/1030] loss = 1.137846
[e034 s0150/1030] loss = 0.957635
[e034 s0200/1030] loss = 0.952594
[e034 s0250/1030] loss = 0.886119
[e034 s0300/1030] loss = 0.865604
[e034 s0350/1030] loss = 2.065874
[e034 s0400/1030] loss = 1.898260
[e034 s0450/1030] loss = 1.758699
[e034 s0500/1030] loss = 1.717289
[e034 s0550/1030] loss = 1.699038
[e034 s0600/1030] loss = 1.763513
[e034 s0650/1030] loss = 1.662037
[e034 s0700/1030] loss = 1.773223
[e034 s0750/1030] loss = 1.720177
[e034 s0800/1030] loss = 1.671035
[e034 s0850/1030] loss = 1.607944
[e034 s0900/1030] loss = 1.596921
[e034 s0950/1030] loss = 1.552559
[e034 s1000/1030] loss = 1.546957
Epoch 034: train_loss = 1.536613  MAE/GAME0 = 12.825  RMSE = 32.206  GAME1 = 14.854  GAME2 = 17.191  GAME3 = 18.611  lr = 4.75e-05  time = 23.1s
[e035 s0001/1030] loss = 0.704698
[e035 s0050/1030] loss = 0.849674
[e035 s0100/1030] loss = 1.107185
[e035 s0150/1030] loss = 1.090514
[e035 s0200/1030] loss = 1.096670
[e035 s0250/1030] loss = 1.234541
[e035 s0300/1030] loss = 1.262197
[e035 s0350/1030] loss = 1.223963
[e035 s0400/1030] loss = 1.157554
[e035 s0450/1030] loss = 1.102063
[e035 s0500/1030] loss = 1.069549
[e035 s0550/1030] loss = 1.086375
[e035 s0600/1030] loss = 1.044378
[e035 s0650/1030] loss = 1.023912
[e035 s0700/1030] loss = 1.006852
[e035 s0750/1030] loss = 1.011553
[e035 s0800/1030] loss = 1.008263
[e035 s0850/1030] loss = 1.010121
[e035 s0900/1030] loss = 1.005489
[e035 s0950/1030] loss = 1.014675
[e035 s1000/1030] loss = 1.449655
Epoch 035: train_loss = 1.431152  MAE/GAME0 = 10.768  RMSE = 33.521  GAME1 = 12.110  GAME2 = 13.519  GAME3 = 14.442  lr = 4.83e-05  time = 23.4s
[e036 s0001/1030] loss = 0.058592
[e036 s0050/1030] loss = 1.351566
[e036 s0100/1030] loss = 1.128091
[e036 s0150/1030] loss = 1.138995
[e036 s0200/1030] loss = 1.100182
[e036 s0250/1030] loss = 2.779104
[e036 s0300/1030] loss = 2.412668
[e036 s0350/1030] loss = 2.157844
[e036 s0400/1030] loss = 1.967779
[e036 s0450/1030] loss = 1.874079
[e036 s0500/1030] loss = 1.818659
[e036 s0550/1030] loss = 1.797984
[e036 s0600/1030] loss = 1.713894
[e036 s0650/1030] loss = 1.722741
[e036 s0700/1030] loss = 1.681563
[e036 s0750/1030] loss = 1.617250
[e036 s0800/1030] loss = 1.546027
[e036 s0850/1030] loss = 1.493710
[e036 s0900/1030] loss = 1.471309
[e036 s0950/1030] loss = 1.436925
[e036 s1000/1030] loss = 1.491619
Epoch 036: train_loss = 1.475352  MAE/GAME0 = 9.408  RMSE = 31.083  GAME1 = 11.498  GAME2 = 13.677  GAME3 = 15.021  lr = 4.89e-05  time = 23.1s
[e037 s0001/1030] loss = 0.457628
[e037 s0050/1030] loss = 0.768290
[e037 s0100/1030] loss = 0.718556
[e037 s0150/1030] loss = 0.680117
[e037 s0200/1030] loss = 0.863044
[e037 s0250/1030] loss = 0.855822
[e037 s0300/1030] loss = 0.833218
[e037 s0350/1030] loss = 0.992570
[e037 s0400/1030] loss = 0.954536
[e037 s0450/1030] loss = 1.086205
[e037 s0500/1030] loss = 1.046516
[e037 s0550/1030] loss = 1.028200
[e037 s0600/1030] loss = 1.022701
[e037 s0650/1030] loss = 1.081868
[e037 s0700/1030] loss = 1.145217
[e037 s0750/1030] loss = 1.128190
[e037 s0800/1030] loss = 1.269382
[e037 s0850/1030] loss = 1.232720
[e037 s0900/1030] loss = 1.208091
[e037 s0950/1030] loss = 1.664469
[e037 s1000/1030] loss = 1.623210
Epoch 037: train_loss = 1.588261  MAE/GAME0 = 10.241  RMSE = 32.291  GAME1 = 12.225  GAME2 = 14.372  GAME3 = 15.625  lr = 4.94e-05  time = 23.2s
[e038 s0001/1030] loss = 0.055685
[e038 s0050/1030] loss = 1.214529
[e038 s0100/1030] loss = 1.433858
[e038 s0150/1030] loss = 4.100834
[e038 s0200/1030] loss = 3.256935
[e038 s0250/1030] loss = 2.772343
[e038 s0300/1030] loss = 2.476022
[e038 s0350/1030] loss = 2.314111
[e038 s0400/1030] loss = 2.131051
[e038 s0450/1030] loss = 1.987046
[e038 s0500/1030] loss = 1.902970
[e038 s0550/1030] loss = 1.801996
[e038 s0600/1030] loss = 1.754551
[e038 s0650/1030] loss = 1.671779
[e038 s0700/1030] loss = 1.620791
[e038 s0750/1030] loss = 1.590577
[e038 s0800/1030] loss = 1.531666
[e038 s0850/1030] loss = 1.534606
[e038 s0900/1030] loss = 1.504679
[e038 s0950/1030] loss = 1.463180
[e038 s1000/1030] loss = 1.446601
Epoch 038: train_loss = 1.426391  MAE/GAME0 = 12.483  RMSE = 32.550  GAME1 = 14.744  GAME2 = 17.064  GAME3 = 18.491  lr = 4.97e-05  time = 22.9s
[e039 s0001/1030] loss = 0.734225
[e039 s0050/1030] loss = 0.740032
[e039 s0100/1030] loss = 0.751994
[e039 s0150/1030] loss = 0.787651
[e039 s0200/1030] loss = 0.801027
[e039 s0250/1030] loss = 0.751405
[e039 s0300/1030] loss = 0.839499
[e039 s0350/1030] loss = 0.820273
[e039 s0400/1030] loss = 2.001986
[e039 s0450/1030] loss = 1.865580
[e039 s0500/1030] loss = 1.829488
[e039 s0550/1030] loss = 1.745103
[e039 s0600/1030] loss = 1.646444
[e039 s0650/1030] loss = 1.590160
[e039 s0700/1030] loss = 1.555929
[e039 s0750/1030] loss = 1.510508
[e039 s0800/1030] loss = 1.519832
[e039 s0850/1030] loss = 1.509814
[e039 s0900/1030] loss = 1.481880
[e039 s0950/1030] loss = 1.470823
[e039 s1000/1030] loss = 1.439931
Epoch 039: train_loss = 1.427320  MAE/GAME0 = 10.123  RMSE = 32.141  GAME1 = 12.438  GAME2 = 14.863  GAME3 = 16.204  lr = 4.99e-05  time = 22.9s
[e040 s0001/1030] loss = 0.298442
[e040 s0050/1030] loss = 0.605254
[e040 s0100/1030] loss = 5.025818
[e040 s0150/1030] loss = 3.593185
[e040 s0200/1030] loss = 3.445658
[e040 s0250/1030] loss = 2.929146
[e040 s0300/1030] loss = 2.571390
[e040 s0350/1030] loss = 2.370599
[e040 s0400/1030] loss = 2.179608
[e040 s0450/1030] loss = 2.019626
[e040 s0500/1030] loss = 1.885562
[e040 s0550/1030] loss = 1.787873
[e040 s0600/1030] loss = 1.682984
[e040 s0650/1030] loss = 1.600536
[e040 s0700/1030] loss = 1.546758
[e040 s0750/1030] loss = 1.587494
[e040 s0800/1030] loss = 1.569219
[e040 s0850/1030] loss = 1.550074
[e040 s0900/1030] loss = 1.511778
[e040 s0950/1030] loss = 1.480161
[e040 s1000/1030] loss = 1.440152
Epoch 040: train_loss = 1.454780  MAE/GAME0 = 11.377  RMSE = 31.944  GAME1 = 13.165  GAME2 = 15.259  GAME3 = 16.640  lr = 5.00e-05  time = 23.1s
[e041 s0001/1030] loss = 0.499484
[e041 s0050/1030] loss = 0.772669
[e041 s0100/1030] loss = 0.748440
[e041 s0150/1030] loss = 0.865240
[e041 s0200/1030] loss = 0.960281
[e041 s0250/1030] loss = 0.956945
[e041 s0300/1030] loss = 0.999833
[e041 s0350/1030] loss = 0.915824
[e041 s0400/1030] loss = 0.955920
[e041 s0450/1030] loss = 0.941719
[e041 s0500/1030] loss = 0.949254
[e041 s0550/1030] loss = 1.753176
[e041 s0600/1030] loss = 1.673055
[e041 s0650/1030] loss = 1.628763
[e041 s0700/1030] loss = 1.550224
[e041 s0750/1030] loss = 1.527225
[e041 s0800/1030] loss = 1.482477
[e041 s0850/1030] loss = 1.436306
[e041 s0900/1030] loss = 1.406835
[e041 s0950/1030] loss = 1.379530
[e041 s1000/1030] loss = 1.363639
Epoch 041: train_loss = 1.340813  MAE/GAME0 = 15.527  RMSE = 36.933  GAME1 = 15.910  GAME2 = 16.392  GAME3 = 16.778  lr = 5.00e-05  time = 22.9s
[e042 s0001/1030] loss = 1.240835
[e042 s0050/1030] loss = 0.615013
[e042 s0100/1030] loss = 0.693097
[e042 s0150/1030] loss = 0.635687
[e042 s0200/1030] loss = 0.781652
[e042 s0250/1030] loss = 0.793696
[e042 s0300/1030] loss = 0.797137
[e042 s0350/1030] loss = 0.818234
[e042 s0400/1030] loss = 0.808149
[e042 s0450/1030] loss = 0.889185
[e042 s0500/1030] loss = 0.877677
[e042 s0550/1030] loss = 0.869671
[e042 s0600/1030] loss = 0.882637
[e042 s0650/1030] loss = 0.893004
[e042 s0700/1030] loss = 0.936321
[e042 s0750/1030] loss = 0.918129
[e042 s0800/1030] loss = 0.938978
[e042 s0850/1030] loss = 0.921441
[e042 s0900/1030] loss = 0.916835
[e042 s0950/1030] loss = 0.915761
[e042 s1000/1030] loss = 1.380620
Epoch 042: train_loss = 1.423644  MAE/GAME0 = 10.124  RMSE = 33.473  GAME1 = 11.959  GAME2 = 13.930  GAME3 = 14.931  lr = 5.00e-05  time = 22.9s
[e043 s0001/1030] loss = 0.158512
[e043 s0050/1030] loss = 1.530593
[e043 s0100/1030] loss = 1.149331
[e043 s0150/1030] loss = 0.961320
[e043 s0200/1030] loss = 0.859445
[e043 s0250/1030] loss = 0.823121
[e043 s0300/1030] loss = 0.802584
[e043 s0350/1030] loss = 0.859630
[e043 s0400/1030] loss = 0.867535
[e043 s0450/1030] loss = 0.975420
[e043 s0500/1030] loss = 0.927859
[e043 s0550/1030] loss = 1.025744
[e043 s0600/1030] loss = 0.995961
[e043 s0650/1030] loss = 1.629618
[e043 s0700/1030] loss = 1.578638
[e043 s0750/1030] loss = 1.525597
[e043 s0800/1030] loss = 1.501090
[e043 s0850/1030] loss = 1.486225
[e043 s0900/1030] loss = 1.444180
[e043 s0950/1030] loss = 1.403953
[e043 s1000/1030] loss = 1.378369
Epoch 043: train_loss = 1.362455  MAE/GAME0 = 9.972  RMSE = 32.185  GAME1 = 11.822  GAME2 = 13.942  GAME3 = 15.264  lr = 5.00e-05  time = 22.9s
[e044 s0001/1030] loss = 0.479171
[e044 s0050/1030] loss = 1.605153
[e044 s0100/1030] loss = 1.287260
[e044 s0150/1030] loss = 1.156929
[e044 s0200/1030] loss = 1.337773
[e044 s0250/1030] loss = 1.216271
[e044 s0300/1030] loss = 1.212003
[e044 s0350/1030] loss = 1.126767
[e044 s0400/1030] loss = 1.092046
[e044 s0450/1030] loss = 1.036126
[e044 s0500/1030] loss = 0.990505
[e044 s0550/1030] loss = 0.980705
[e044 s0600/1030] loss = 1.028753
[e044 s0650/1030] loss = 1.027583
[e044 s0700/1030] loss = 1.044023
[e044 s0750/1030] loss = 1.004429
[e044 s0800/1030] loss = 1.533768
[e044 s0850/1030] loss = 1.505103
[e044 s0900/1030] loss = 1.465729
[e044 s0950/1030] loss = 1.424246
[e044 s1000/1030] loss = 1.384681
Epoch 044: train_loss = 1.364924  MAE/GAME0 = 10.108  RMSE = 32.330  GAME1 = 12.072  GAME2 = 14.003  GAME3 = 15.262  lr = 5.00e-05  time = 22.9s
[e045 s0001/1030] loss = 0.137953
[e045 s0050/1030] loss = 0.906765
[e045 s0100/1030] loss = 0.830425
[e045 s0150/1030] loss = 0.997795
[e045 s0200/1030] loss = 1.022023
[e045 s0250/1030] loss = 2.733132
[e045 s0300/1030] loss = 2.367378
[e045 s0350/1030] loss = 2.120071
[e045 s0400/1030] loss = 2.005689
[e045 s0450/1030] loss = 1.879203
[e045 s0500/1030] loss = 1.758575
[e045 s0550/1030] loss = 1.675614
[e045 s0600/1030] loss = 1.617677
[e045 s0650/1030] loss = 1.593480
[e045 s0700/1030] loss = 1.530449
[e045 s0750/1030] loss = 1.482778
[e045 s0800/1030] loss = 1.497682
[e045 s0850/1030] loss = 1.447014
[e045 s0900/1030] loss = 1.412400
[e045 s0950/1030] loss = 1.479197
[e045 s1000/1030] loss = 1.440822
Epoch 045: train_loss = 1.422323  MAE/GAME0 = 9.462  RMSE = 31.898  GAME1 = 11.458  GAME2 = 13.505  GAME3 = 14.822  lr = 5.00e-05  time = 22.7s
[e046 s0001/1030] loss = 0.152240
[e046 s0050/1030] loss = 0.749253
[e046 s0100/1030] loss = 0.791068
[e046 s0150/1030] loss = 1.004056
[e046 s0200/1030] loss = 0.952778
[e046 s0250/1030] loss = 0.965827
[e046 s0300/1030] loss = 0.901470
[e046 s0350/1030] loss = 0.895093
[e046 s0400/1030] loss = 0.874059
[e046 s0450/1030] loss = 0.887168
[e046 s0500/1030] loss = 0.882156
[e046 s0550/1030] loss = 0.848706
[e046 s0600/1030] loss = 0.860103
[e046 s0650/1030] loss = 0.872139
[e046 s0700/1030] loss = 0.872229
[e046 s0750/1030] loss = 1.464900
[e046 s0800/1030] loss = 1.452607
[e046 s0850/1030] loss = 1.449942
[e046 s0900/1030] loss = 1.412479
[e046 s0950/1030] loss = 1.370992
[e046 s1000/1030] loss = 1.348254
Epoch 046: train_loss = 1.322534  MAE/GAME0 = 9.607  RMSE = 32.646  GAME1 = 11.619  GAME2 = 13.654  GAME3 = 14.931  lr = 5.00e-05  time = 23.0s
[e047 s0001/1030] loss = 1.142683
[e047 s0050/1030] loss = 1.001500
[e047 s0100/1030] loss = 0.959069
[e047 s0150/1030] loss = 0.938574
[e047 s0200/1030] loss = 0.978790
[e047 s0250/1030] loss = 1.100717
[e047 s0300/1030] loss = 0.987199
[e047 s0350/1030] loss = 0.961060
[e047 s0400/1030] loss = 0.908232
[e047 s0450/1030] loss = 0.881416
[e047 s0500/1030] loss = 0.926909
[e047 s0550/1030] loss = 0.892130
[e047 s0600/1030] loss = 0.876512
[e047 s0650/1030] loss = 0.896704
[e047 s0700/1030] loss = 0.906408
[e047 s0750/1030] loss = 1.456538
[e047 s0800/1030] loss = 1.430056
[e047 s0850/1030] loss = 1.534845
[e047 s0900/1030] loss = 1.504283
[e047 s0950/1030] loss = 1.469467
[e047 s1000/1030] loss = 1.439745
Epoch 047: train_loss = 1.424474  MAE/GAME0 = 9.578  RMSE = 32.649  GAME1 = 11.405  GAME2 = 13.498  GAME3 = 14.707  lr = 5.00e-05  time = 23.2s
[e048 s0001/1030] loss = 0.463221
[e048 s0050/1030] loss = 0.550751
[e048 s0100/1030] loss = 1.765898
[e048 s0150/1030] loss = 1.335506
[e048 s0200/1030] loss = 1.230024
[e048 s0250/1030] loss = 1.095175
[e048 s0300/1030] loss = 1.044498
[e048 s0350/1030] loss = 0.971422
[e048 s0400/1030] loss = 1.052580
[e048 s0450/1030] loss = 1.003129
[e048 s0500/1030] loss = 1.867541
[e048 s0550/1030] loss = 1.755612
[e048 s0600/1030] loss = 1.699770
[e048 s0650/1030] loss = 1.630014
[e048 s0700/1030] loss = 1.552840
[e048 s0750/1030] loss = 1.507190
[e048 s0800/1030] loss = 1.492868
[e048 s0850/1030] loss = 1.447098
[e048 s0900/1030] loss = 1.415103
[e048 s0950/1030] loss = 1.401953
[e048 s1000/1030] loss = 1.508720
Epoch 048: train_loss = 1.493456  MAE/GAME0 = 10.121  RMSE = 31.780  GAME1 = 11.937  GAME2 = 13.936  GAME3 = 15.118  lr = 4.99e-05  time = 23.0s
[e049 s0001/1030] loss = 0.357987
[e049 s0050/1030] loss = 0.546412
[e049 s0100/1030] loss = 0.828467
[e049 s0150/1030] loss = 0.918086
[e049 s0200/1030] loss = 0.874885
[e049 s0250/1030] loss = 0.791169
[e049 s0300/1030] loss = 0.792529
[e049 s0350/1030] loss = 0.754320
[e049 s0400/1030] loss = 0.967357
[e049 s0450/1030] loss = 0.947388
[e049 s0500/1030] loss = 1.027942
[e049 s0550/1030] loss = 0.969951
[e049 s0600/1030] loss = 1.018586
[e049 s0650/1030] loss = 1.670961
[e049 s0700/1030] loss = 1.605320
[e049 s0750/1030] loss = 1.565224
[e049 s0800/1030] loss = 1.505556
[e049 s0850/1030] loss = 1.513765
[e049 s0900/1030] loss = 1.469721
[e049 s0950/1030] loss = 1.455930
[e049 s1000/1030] loss = 1.410866
Epoch 049: train_loss = 1.399837  MAE/GAME0 = 13.431  RMSE = 35.595  GAME1 = 14.319  GAME2 = 15.286  GAME3 = 15.802  lr = 4.99e-05  time = 23.0s
[e050 s0001/1030] loss = 0.471294
[e050 s0050/1030] loss = 1.319878
[e050 s0100/1030] loss = 1.070000
[e050 s0150/1030] loss = 0.892809
[e050 s0200/1030] loss = 0.808995
[e050 s0250/1030] loss = 2.515946
[e050 s0300/1030] loss = 2.237249
[e050 s0350/1030] loss = 2.012957
[e050 s0400/1030] loss = 1.869917
[e050 s0450/1030] loss = 1.790649
[e050 s0500/1030] loss = 1.660810
[e050 s0550/1030] loss = 1.582314
[e050 s0600/1030] loss = 1.516366
[e050 s0650/1030] loss = 1.472911
[e050 s0700/1030] loss = 1.464495
[e050 s0750/1030] loss = 1.428602
[e050 s0800/1030] loss = 1.446750
[e050 s0850/1030] loss = 1.404441
[e050 s0900/1030] loss = 1.393943
[e050 s0950/1030] loss = 1.413683
[e050 s1000/1030] loss = 1.418167
Epoch 050: train_loss = 1.390821  MAE/GAME0 = 9.487  RMSE = 33.192  GAME1 = 11.161  GAME2 = 12.972  GAME3 = 14.052  lr = 4.99e-05  time = 23.1s
[e051 s0001/1030] loss = 6.480938
[e051 s0050/1030] loss = 0.788973
[e051 s0100/1030] loss = 0.785089
[e051 s0150/1030] loss = 0.794850
[e051 s0200/1030] loss = 0.763112
[e051 s0250/1030] loss = 1.120156
[e051 s0300/1030] loss = 1.015034
[e051 s0350/1030] loss = 1.056025
[e051 s0400/1030] loss = 1.049792
[e051 s0450/1030] loss = 1.055560
[e051 s0500/1030] loss = 1.022578
[e051 s0550/1030] loss = 1.783313
[e051 s0600/1030] loss = 1.670265
[e051 s0650/1030] loss = 1.582847
[e051 s0700/1030] loss = 1.564821
[e051 s0750/1030] loss = 1.519012
[e051 s0800/1030] loss = 1.483634
[e051 s0850/1030] loss = 1.429987
[e051 s0900/1030] loss = 1.425392
[e051 s0950/1030] loss = 1.387656
[e051 s1000/1030] loss = 1.354784
Epoch 051: train_loss = 1.341171  MAE/GAME0 = 9.893  RMSE = 33.582  GAME1 = 11.662  GAME2 = 13.515  GAME3 = 14.784  lr = 4.99e-05  time = 22.9s
[e052 s0001/1030] loss = 0.284018
[e052 s0050/1030] loss = 0.715007
[e052 s0100/1030] loss = 0.715494
[e052 s0150/1030] loss = 1.079856
[e052 s0200/1030] loss = 0.901102
[e052 s0250/1030] loss = 0.892527
[e052 s0300/1030] loss = 0.834450
[e052 s0350/1030] loss = 0.851786
[e052 s0400/1030] loss = 0.826490
[e052 s0450/1030] loss = 0.812756
[e052 s0500/1030] loss = 0.809511
[e052 s0550/1030] loss = 0.801409
[e052 s0600/1030] loss = 1.615531
[e052 s0650/1030] loss = 1.556473
[e052 s0700/1030] loss = 1.524523
[e052 s0750/1030] loss = 1.457735
[e052 s0800/1030] loss = 1.467641
[e052 s0850/1030] loss = 1.440449
[e052 s0900/1030] loss = 1.405594
[e052 s0950/1030] loss = 1.375300
[e052 s1000/1030] loss = 1.357241
Epoch 052: train_loss = 1.333394  MAE/GAME0 = 9.712  RMSE = 33.061  GAME1 = 11.390  GAME2 = 13.075  GAME3 = 14.211  lr = 4.99e-05  time = 23.2s
[e053 s0001/1030] loss = 0.140458
[e053 s0050/1030] loss = 1.699482
[e053 s0100/1030] loss = 1.273546
[e053 s0150/1030] loss = 1.074195
[e053 s0200/1030] loss = 0.951760
[e053 s0250/1030] loss = 0.897665
[e053 s0300/1030] loss = 0.872007
[e053 s0350/1030] loss = 2.022220
[e053 s0400/1030] loss = 1.937219
[e053 s0450/1030] loss = 1.790970
[e053 s0500/1030] loss = 1.685141
[e053 s0550/1030] loss = 1.602194
[e053 s0600/1030] loss = 1.521306
[e053 s0650/1030] loss = 1.469470
[e053 s0700/1030] loss = 1.394211
[e053 s0750/1030] loss = 1.343272
[e053 s0800/1030] loss = 1.330627
[e053 s0850/1030] loss = 1.322205
[e053 s0900/1030] loss = 1.337912
[e053 s0950/1030] loss = 1.339390
[e053 s1000/1030] loss = 1.319510
Epoch 053: train_loss = 1.302034  MAE/GAME0 = 10.388  RMSE = 32.830  GAME1 = 11.920  GAME2 = 13.518  GAME3 = 14.463  lr = 4.98e-05  time = 23.0s
[e054 s0001/1030] loss = 0.162284
[e054 s0050/1030] loss = 0.751416
[e054 s0100/1030] loss = 0.634659
[e054 s0150/1030] loss = 0.685501
[e054 s0200/1030] loss = 0.724481
[e054 s0250/1030] loss = 0.740934
[e054 s0300/1030] loss = 0.714924
[e054 s0350/1030] loss = 0.765726
[e054 s0400/1030] loss = 2.039111
[e054 s0450/1030] loss = 1.926857
[e054 s0500/1030] loss = 1.826899
[e054 s0550/1030] loss = 1.758094
[e054 s0600/1030] loss = 1.692236
[e054 s0650/1030] loss = 1.604688
[e054 s0700/1030] loss = 1.563641
[e054 s0750/1030] loss = 1.496325
[e054 s0800/1030] loss = 1.438913
[e054 s0850/1030] loss = 1.410791
[e054 s0900/1030] loss = 1.385468
[e054 s0950/1030] loss = 1.348223
[e054 s1000/1030] loss = 1.332292
Epoch 054: train_loss = 1.316672  MAE/GAME0 = 10.164  RMSE = 33.390  GAME1 = 12.154  GAME2 = 14.214  GAME3 = 15.538  lr = 4.98e-05  time = 23.1s
[e055 s0001/1030] loss = 0.300402
[e055 s0050/1030] loss = 0.744776
[e055 s0100/1030] loss = 1.477081
[e055 s0150/1030] loss = 1.234761
[e055 s0200/1030] loss = 1.053917
[e055 s0250/1030] loss = 1.000932
[e055 s0300/1030] loss = 1.005820
[e055 s0350/1030] loss = 0.968400
[e055 s0400/1030] loss = 0.979438
[e055 s0450/1030] loss = 0.994369
[e055 s0500/1030] loss = 0.969695
[e055 s0550/1030] loss = 1.701962
[e055 s0600/1030] loss = 1.622975
[e055 s0650/1030] loss = 1.561142
[e055 s0700/1030] loss = 1.489797
[e055 s0750/1030] loss = 1.443979
[e055 s0800/1030] loss = 1.394770
[e055 s0850/1030] loss = 1.393288
[e055 s0900/1030] loss = 1.358677
[e055 s0950/1030] loss = 1.339361
[e055 s1000/1030] loss = 1.300399
Epoch 055: train_loss = 1.279352  MAE/GAME0 = 10.210  RMSE = 33.388  GAME1 = 11.851  GAME2 = 13.498  GAME3 = 14.452  lr = 4.98e-05  time = 23.1s
[e056 s0001/1030] loss = 0.029144
[e056 s0050/1030] loss = 9.474244
[e056 s0100/1030] loss = 5.070979
[e056 s0150/1030] loss = 3.870939
[e056 s0200/1030] loss = 3.038974
[e056 s0250/1030] loss = 2.733366
[e056 s0300/1030] loss = 2.343049
[e056 s0350/1030] loss = 2.070031
[e056 s0400/1030] loss = 1.901938
[e056 s0450/1030] loss = 1.779356
[e056 s0500/1030] loss = 1.684259
[e056 s0550/1030] loss = 1.601892
[e056 s0600/1030] loss = 1.529383
[e056 s0650/1030] loss = 1.473643
[e056 s0700/1030] loss = 1.436407
[e056 s0750/1030] loss = 1.395521
[e056 s0800/1030] loss = 1.407446
[e056 s0850/1030] loss = 1.398275
[e056 s0900/1030] loss = 1.362162
[e056 s0950/1030] loss = 1.331757
[e056 s1000/1030] loss = 1.292355
Epoch 056: train_loss = 1.273852  MAE/GAME0 = 9.405  RMSE = 32.734  GAME1 = 11.349  GAME2 = 13.338  GAME3 = 14.536  lr = 4.98e-05  time = 23.4s
[e057 s0001/1030] loss = 0.049370
[e057 s0050/1030] loss = 0.693489
[e057 s0100/1030] loss = 0.589127
[e057 s0150/1030] loss = 0.574868
[e057 s0200/1030] loss = 0.594901
[e057 s0250/1030] loss = 0.674891
[e057 s0300/1030] loss = 0.678005
[e057 s0350/1030] loss = 0.750275
[e057 s0400/1030] loss = 0.750205
[e057 s0450/1030] loss = 0.763345
[e057 s0500/1030] loss = 0.753909
[e057 s0550/1030] loss = 0.750571
[e057 s0600/1030] loss = 1.003003
[e057 s0650/1030] loss = 1.669031
[e057 s0700/1030] loss = 1.612222
[e057 s0750/1030] loss = 1.562305
[e057 s0800/1030] loss = 1.553168
[e057 s0850/1030] loss = 1.510938
[e057 s0900/1030] loss = 1.472661
[e057 s0950/1030] loss = 1.425211
[e057 s1000/1030] loss = 1.421668
Epoch 057: train_loss = 1.420228  MAE/GAME0 = 11.896  RMSE = 30.937  GAME1 = 13.440  GAME2 = 15.303  GAME3 = 16.621  lr = 4.97e-05  time = 23.0s
[e058 s0001/1030] loss = 0.089624
[e058 s0050/1030] loss = 0.770489
[e058 s0100/1030] loss = 0.892488
[e058 s0150/1030] loss = 0.705384
[e058 s0200/1030] loss = 2.856694
[e058 s0250/1030] loss = 2.408466
[e058 s0300/1030] loss = 2.178153
[e058 s0350/1030] loss = 2.001068
[e058 s0400/1030] loss = 1.822663
[e058 s0450/1030] loss = 1.705248
[e058 s0500/1030] loss = 1.608003
[e058 s0550/1030] loss = 1.522994
[e058 s0600/1030] loss = 1.480155
[e058 s0650/1030] loss = 1.411511
[e058 s0700/1030] loss = 1.360755
[e058 s0750/1030] loss = 1.311749
[e058 s0800/1030] loss = 1.269223
[e058 s0850/1030] loss = 1.262390
[e058 s0900/1030] loss = 1.288150
[e058 s0950/1030] loss = 1.258393
[e058 s1000/1030] loss = 1.235598
Epoch 058: train_loss = 1.232855  MAE/GAME0 = 9.768  RMSE = 32.624  GAME1 = 11.846  GAME2 = 13.849  GAME3 = 15.090  lr = 4.97e-05  time = 23.0s
[e059 s0001/1030] loss = 0.281118
[e059 s0050/1030] loss = 0.535362
[e059 s0100/1030] loss = 0.627353
[e059 s0150/1030] loss = 0.634551
[e059 s0200/1030] loss = 2.593503
[e059 s0250/1030] loss = 2.371953
[e059 s0300/1030] loss = 2.137635
[e059 s0350/1030] loss = 1.917328
[e059 s0400/1030] loss = 1.782047
[e059 s0450/1030] loss = 1.664984
[e059 s0500/1030] loss = 1.579879
[e059 s0550/1030] loss = 1.501432
[e059 s0600/1030] loss = 1.438341
[e059 s0650/1030] loss = 1.414552
[e059 s0700/1030] loss = 1.358620
[e059 s0750/1030] loss = 1.302518
[e059 s0800/1030] loss = 1.260232
[e059 s0850/1030] loss = 1.236575
[e059 s0900/1030] loss = 1.238720
[e059 s0950/1030] loss = 1.207259
[e059 s1000/1030] loss = 1.218025
Epoch 059: train_loss = 1.208753  MAE/GAME0 = 10.169  RMSE = 33.666  GAME1 = 11.887  GAME2 = 13.658  GAME3 = 14.709  lr = 4.97e-05  time = 23.0s
[e060 s0001/1030] loss = 0.250361
[e060 s0050/1030] loss = 0.752012
[e060 s0100/1030] loss = 0.607155
[e060 s0150/1030] loss = 0.935966
[e060 s0200/1030] loss = 0.946479
[e060 s0250/1030] loss = 0.904326
[e060 s0300/1030] loss = 1.017900
[e060 s0350/1030] loss = 0.994910
[e060 s0400/1030] loss = 1.983026
[e060 s0450/1030] loss = 1.878119
[e060 s0500/1030] loss = 1.741716
[e060 s0550/1030] loss = 1.642981
[e060 s0600/1030] loss = 1.559695
[e060 s0650/1030] loss = 1.507089
[e060 s0700/1030] loss = 1.438352
[e060 s0750/1030] loss = 1.381177
[e060 s0800/1030] loss = 1.334080
[e060 s0850/1030] loss = 1.302229
[e060 s0900/1030] loss = 1.261788
[e060 s0950/1030] loss = 1.244023
[e060 s1000/1030] loss = 1.238708
Epoch 060: train_loss = 1.226715  MAE/GAME0 = 10.200  RMSE = 33.126  GAME1 = 12.189  GAME2 = 14.281  GAME3 = 15.491  lr = 4.96e-05  time = 23.0s
[e061 s0001/1030] loss = 1.044776
[e061 s0050/1030] loss = 0.543599
[e061 s0100/1030] loss = 0.626939
[e061 s0150/1030] loss = 0.686561
[e061 s0200/1030] loss = 0.777325
[e061 s0250/1030] loss = 0.870892
[e061 s0300/1030] loss = 0.848876
[e061 s0350/1030] loss = 0.792813
[e061 s0400/1030] loss = 0.779076
[e061 s0450/1030] loss = 0.778596
[e061 s0500/1030] loss = 0.759378
[e061 s0550/1030] loss = 0.773871
[e061 s0600/1030] loss = 1.493589
[e061 s0650/1030] loss = 1.471101
[e061 s0700/1030] loss = 1.422649
[e061 s0750/1030] loss = 1.399808
[e061 s0800/1030] loss = 1.345678
[e061 s0850/1030] loss = 1.314327
[e061 s0900/1030] loss = 1.270880
[e061 s0950/1030] loss = 1.243713
[e061 s1000/1030] loss = 1.240243
Epoch 061: train_loss = 1.222539  MAE/GAME0 = 10.044  RMSE = 33.015  GAME1 = 11.999  GAME2 = 14.104  GAME3 = 15.426  lr = 4.96e-05  time = 23.1s
[e062 s0001/1030] loss = 0.250047
[e062 s0050/1030] loss = 0.509150
[e062 s0100/1030] loss = 0.914824
[e062 s0150/1030] loss = 0.858931
[e062 s0200/1030] loss = 0.825002
[e062 s0250/1030] loss = 0.779045
[e062 s0300/1030] loss = 0.724147
[e062 s0350/1030] loss = 0.682346
[e062 s0400/1030] loss = 0.710692
[e062 s0450/1030] loss = 0.710739
[e062 s0500/1030] loss = 0.704209
[e062 s0550/1030] loss = 0.719383
[e062 s0600/1030] loss = 0.727101
[e062 s0650/1030] loss = 0.752771
[e062 s0700/1030] loss = 1.480087
[e062 s0750/1030] loss = 1.421027
[e062 s0800/1030] loss = 1.404974
[e062 s0850/1030] loss = 1.402363
[e062 s0900/1030] loss = 1.379068
[e062 s0950/1030] loss = 1.334479
[e062 s1000/1030] loss = 1.308904
Epoch 062: train_loss = 1.304044  MAE/GAME0 = 9.121  RMSE = 30.245  GAME1 = 11.035  GAME2 = 13.200  GAME3 = 14.389  lr = 4.95e-05  time = 23.1s
[e063 s0001/1030] loss = 3.213064
[e063 s0050/1030] loss = 1.251377
[e063 s0100/1030] loss = 0.949540
[e063 s0150/1030] loss = 1.033557
[e063 s0200/1030] loss = 0.905142
[e063 s0250/1030] loss = 0.897968
[e063 s0300/1030] loss = 0.913323
[e063 s0350/1030] loss = 0.847939
[e063 s0400/1030] loss = 0.818721
[e063 s0450/1030] loss = 0.894872
[e063 s0500/1030] loss = 1.805279
[e063 s0550/1030] loss = 1.734107
[e063 s0600/1030] loss = 1.636352
[e063 s0650/1030] loss = 1.555865
[e063 s0700/1030] loss = 1.494371
[e063 s0750/1030] loss = 1.482719
[e063 s0800/1030] loss = 1.434950
[e063 s0850/1030] loss = 1.379272
[e063 s0900/1030] loss = 1.338776
[e063 s0950/1030] loss = 1.303779
[e063 s1000/1030] loss = 1.270437
Epoch 063: train_loss = 1.247199  MAE/GAME0 = 14.682  RMSE = 32.700  GAME1 = 16.229  GAME2 = 18.157  GAME3 = 19.308  lr = 4.95e-05  time = 23.1s
[e064 s0001/1030] loss = 1.940179
[e064 s0050/1030] loss = 0.617924
[e064 s0100/1030] loss = 0.840000
[e064 s0150/1030] loss = 0.792322
[e064 s0200/1030] loss = 0.839578
[e064 s0250/1030] loss = 0.895850
[e064 s0300/1030] loss = 0.854278
[e064 s0350/1030] loss = 0.838875
[e064 s0400/1030] loss = 0.832634
[e064 s0450/1030] loss = 0.869006
[e064 s0500/1030] loss = 0.845036
[e064 s0550/1030] loss = 0.811469
[e064 s0600/1030] loss = 0.797594
[e064 s0650/1030] loss = 0.833598
[e064 s0700/1030] loss = 1.492469
[e064 s0750/1030] loss = 1.431927
[e064 s0800/1030] loss = 1.484760
[e064 s0850/1030] loss = 1.431261
[e064 s0900/1030] loss = 1.385600
[e064 s0950/1030] loss = 1.348867
[e064 s1000/1030] loss = 1.308073
Epoch 064: train_loss = 1.296841  MAE/GAME0 = 12.963  RMSE = 32.400  GAME1 = 14.553  GAME2 = 16.695  GAME3 = 18.036  lr = 4.95e-05  time = 23.3s
[e065 s0001/1030] loss = 0.377108
[e065 s0050/1030] loss = 9.503397
[e065 s0100/1030] loss = 5.240788
[e065 s0150/1030] loss = 3.677787
[e065 s0200/1030] loss = 2.998197
[e065 s0250/1030] loss = 2.483623
[e065 s0300/1030] loss = 2.167178
[e065 s0350/1030] loss = 1.946951
[e065 s0400/1030] loss = 1.781289
[e065 s0450/1030] loss = 1.684527
[e065 s0500/1030] loss = 1.569377
[e065 s0550/1030] loss = 1.700087
[e065 s0600/1030] loss = 1.637235
[e065 s0650/1030] loss = 1.576333
[e065 s0700/1030] loss = 1.534805
[e065 s0750/1030] loss = 1.483553
[e065 s0800/1030] loss = 1.446274
[e065 s0850/1030] loss = 1.403312
[e065 s0900/1030] loss = 1.366914
[e065 s0950/1030] loss = 1.338060
[e065 s1000/1030] loss = 1.306990
Epoch 065: train_loss = 1.283719  MAE/GAME0 = 11.200  RMSE = 33.364  GAME1 = 13.224  GAME2 = 15.511  GAME3 = 16.577  lr = 4.94e-05  time = 23.3s
[e066 s0001/1030] loss = 0.469679
[e066 s0050/1030] loss = 0.695630
[e066 s0100/1030] loss = 0.640538
[e066 s0150/1030] loss = 0.610505
[e066 s0200/1030] loss = 0.572103
[e066 s0250/1030] loss = 0.619164
[e066 s0300/1030] loss = 0.691403
[e066 s0350/1030] loss = 1.836222
[e066 s0400/1030] loss = 1.670500
[e066 s0450/1030] loss = 1.608555
[e066 s0500/1030] loss = 1.535739
[e066 s0550/1030] loss = 1.472787
[e066 s0600/1030] loss = 1.405523
[e066 s0650/1030] loss = 1.368949
[e066 s0700/1030] loss = 1.310736
[e066 s0750/1030] loss = 1.315155
[e066 s0800/1030] loss = 1.287172
[e066 s0850/1030] loss = 1.240880
[e066 s0900/1030] loss = 1.225578
[e066 s0950/1030] loss = 1.193520
[e066 s1000/1030] loss = 1.174934
Epoch 066: train_loss = 1.158506  MAE/GAME0 = 9.514  RMSE = 31.842  GAME1 = 11.610  GAME2 = 13.708  GAME3 = 14.896  lr = 4.94e-05  time = 22.8s
[e067 s0001/1030] loss = 0.614694
[e067 s0050/1030] loss = 0.574262
[e067 s0100/1030] loss = 0.737177
[e067 s0150/1030] loss = 0.739249
[e067 s0200/1030] loss = 0.798978
[e067 s0250/1030] loss = 0.731537
[e067 s0300/1030] loss = 0.745765
[e067 s0350/1030] loss = 0.756838
[e067 s0400/1030] loss = 0.772299
[e067 s0450/1030] loss = 0.765111
[e067 s0500/1030] loss = 1.606758
[e067 s0550/1030] loss = 1.536290
[e067 s0600/1030] loss = 1.468460
[e067 s0650/1030] loss = 1.400766
[e067 s0700/1030] loss = 1.352244
[e067 s0750/1030] loss = 1.391218
[e067 s0800/1030] loss = 1.372266
[e067 s0850/1030] loss = 1.348017
[e067 s0900/1030] loss = 1.309241
[e067 s0950/1030] loss = 1.283807
[e067 s1000/1030] loss = 1.253583
Epoch 067: train_loss = 1.234091  MAE/GAME0 = 11.696  RMSE = 34.232  GAME1 = 12.850  GAME2 = 14.055  GAME3 = 14.888  lr = 4.93e-05  time = 23.1s
[e068 s0001/1030] loss = 0.266232
[e068 s0050/1030] loss = 1.294501
[e068 s0100/1030] loss = 0.913861
[e068 s0150/1030] loss = 0.958011
[e068 s0200/1030] loss = 0.855313
[e068 s0250/1030] loss = 0.822154
[e068 s0300/1030] loss = 0.818090
[e068 s0350/1030] loss = 0.756123
[e068 s0400/1030] loss = 0.762097
[e068 s0450/1030] loss = 0.751941
[e068 s0500/1030] loss = 0.855344
[e068 s0550/1030] loss = 0.838773
[e068 s0600/1030] loss = 0.822217
[e068 s0650/1030] loss = 0.827238
[e068 s0700/1030] loss = 0.835828
[e068 s0750/1030] loss = 0.824528
[e068 s0800/1030] loss = 1.339653
[e068 s0850/1030] loss = 1.319495
[e068 s0900/1030] loss = 1.307584
[e068 s0950/1030] loss = 1.269325
[e068 s1000/1030] loss = 1.231967
Epoch 068: train_loss = 1.213747  MAE/GAME0 = 9.706  RMSE = 32.129  GAME1 = 11.400  GAME2 = 13.246  GAME3 = 14.285  lr = 4.93e-05  time = 23.1s
[e069 s0001/1030] loss = 0.441365
[e069 s0050/1030] loss = 0.425154
[e069 s0100/1030] loss = 0.558824
[e069 s0150/1030] loss = 0.601113
[e069 s0200/1030] loss = 0.722341
[e069 s0250/1030] loss = 0.665821
[e069 s0300/1030] loss = 0.673440
[e069 s0350/1030] loss = 1.866393
[e069 s0400/1030] loss = 1.714920
[e069 s0450/1030] loss = 1.653122
[e069 s0500/1030] loss = 1.590361
[e069 s0550/1030] loss = 1.514308
[e069 s0600/1030] loss = 1.523242
[e069 s0650/1030] loss = 1.457454
[e069 s0700/1030] loss = 1.395464
[e069 s0750/1030] loss = 1.379231
[e069 s0800/1030] loss = 1.316732
[e069 s0850/1030] loss = 1.270789
[e069 s0900/1030] loss = 1.238097
[e069 s0950/1030] loss = 1.211726
[e069 s1000/1030] loss = 1.241532
Epoch 069: train_loss = 1.222796  MAE/GAME0 = 10.651  RMSE = 31.922  GAME1 = 12.339  GAME2 = 14.031  GAME3 = 15.233  lr = 4.92e-05  time = 22.8s
[e070 s0001/1030] loss = 0.075211
[e070 s0050/1030] loss = 0.861830
[e070 s0100/1030] loss = 0.622316
[e070 s0150/1030] loss = 0.646067
[e070 s0200/1030] loss = 1.041575
[e070 s0250/1030] loss = 0.937147
[e070 s0300/1030] loss = 0.936321
[e070 s0350/1030] loss = 0.924777
[e070 s0400/1030] loss = 0.886407
[e070 s0450/1030] loss = 1.832803
[e070 s0500/1030] loss = 1.734099
[e070 s0550/1030] loss = 1.635499
[e070 s0600/1030] loss = 1.555537
[e070 s0650/1030] loss = 1.485093
[e070 s0700/1030] loss = 1.433594
[e070 s0750/1030] loss = 1.404856
[e070 s0800/1030] loss = 1.349385
[e070 s0850/1030] loss = 1.315702
[e070 s0900/1030] loss = 1.282736
[e070 s0950/1030] loss = 1.255599
[e070 s1000/1030] loss = 1.234536
Epoch 070: train_loss = 1.218639  MAE/GAME0 = 10.876  RMSE = 33.719  GAME1 = 12.422  GAME2 = 13.830  GAME3 = 14.796  lr = 4.91e-05  time = 23.1s
[e071 s0001/1030] loss = 0.481449
[e071 s0050/1030] loss = 0.472448
[e071 s0100/1030] loss = 0.477576
[e071 s0150/1030] loss = 0.674320
[e071 s0200/1030] loss = 0.669330
[e071 s0250/1030] loss = 0.626038
[e071 s0300/1030] loss = 0.921481
[e071 s0350/1030] loss = 0.935763
[e071 s0400/1030] loss = 0.893384
[e071 s0450/1030] loss = 0.846569
[e071 s0500/1030] loss = 0.832428
[e071 s0550/1030] loss = 0.795907
[e071 s0600/1030] loss = 0.787938
[e071 s0650/1030] loss = 0.768174
[e071 s0700/1030] loss = 1.416839
[e071 s0750/1030] loss = 1.366335
[e071 s0800/1030] loss = 1.346616
[e071 s0850/1030] loss = 1.310855
[e071 s0900/1030] loss = 1.272081
[e071 s0950/1030] loss = 1.244116
[e071 s1000/1030] loss = 1.222542
Epoch 071: train_loss = 1.227115  MAE/GAME0 = 9.522  RMSE = 30.819  GAME1 = 12.011  GAME2 = 14.064  GAME3 = 15.342  lr = 4.91e-05  time = 23.4s
[e072 s0001/1030] loss = 0.079380
[e072 s0050/1030] loss = 0.541263
[e072 s0100/1030] loss = 1.787001
[e072 s0150/1030] loss = 1.478519
[e072 s0200/1030] loss = 1.237901
[e072 s0250/1030] loss = 1.181935
[e072 s0300/1030] loss = 1.226588
[e072 s0350/1030] loss = 1.160926
[e072 s0400/1030] loss = 1.106468
[e072 s0450/1030] loss = 2.042401
[e072 s0500/1030] loss = 1.879228
[e072 s0550/1030] loss = 1.849815
[e072 s0600/1030] loss = 1.747440
[e072 s0650/1030] loss = 1.673339
[e072 s0700/1030] loss = 1.613659
[e072 s0750/1030] loss = 1.553577
[e072 s0800/1030] loss = 1.507198
[e072 s0850/1030] loss = 1.457531
[e072 s0900/1030] loss = 1.407073
[e072 s0950/1030] loss = 1.359384
[e072 s1000/1030] loss = 1.318483
Epoch 072: train_loss = 1.295158  MAE/GAME0 = 10.361  RMSE = 33.346  GAME1 = 11.925  GAME2 = 13.843  GAME3 = 14.875  lr = 4.90e-05  time = 23.0s
[e073 s0001/1030] loss = 1.174837
[e073 s0050/1030] loss = 0.794259
[e073 s0100/1030] loss = 0.713775
[e073 s0150/1030] loss = 0.646338
[e073 s0200/1030] loss = 0.661366
[e073 s0250/1030] loss = 0.678858
[e073 s0300/1030] loss = 0.673396
[e073 s0350/1030] loss = 0.661680
[e073 s0400/1030] loss = 0.895991
[e073 s0450/1030] loss = 0.858905
[e073 s0500/1030] loss = 0.844425
[e073 s0550/1030] loss = 1.577346
[e073 s0600/1030] loss = 1.499400
[e073 s0650/1030] loss = 1.471245
[e073 s0700/1030] loss = 1.574405
[e073 s0750/1030] loss = 1.504272
[e073 s0800/1030] loss = 1.441219
[e073 s0850/1030] loss = 1.400177
[e073 s0900/1030] loss = 1.359250
[e073 s0950/1030] loss = 1.324647
[e073 s1000/1030] loss = 1.294368
Epoch 073: train_loss = 1.284428  MAE/GAME0 = 10.415  RMSE = 31.748  GAME1 = 12.464  GAME2 = 14.703  GAME3 = 15.966  lr = 4.90e-05  time = 23.2s
[e074 s0001/1030] loss = 0.125965
[e074 s0050/1030] loss = 0.835281
[e074 s0100/1030] loss = 0.781900
[e074 s0150/1030] loss = 0.887991
[e074 s0200/1030] loss = 0.872840
[e074 s0250/1030] loss = 0.860330
[e074 s0300/1030] loss = 0.833019
[e074 s0350/1030] loss = 2.007501
[e074 s0400/1030] loss = 1.811163
[e074 s0450/1030] loss = 1.674706
[e074 s0500/1030] loss = 1.618594
[e074 s0550/1030] loss = 1.556856
[e074 s0600/1030] loss = 1.496254
[e074 s0650/1030] loss = 1.420842
[e074 s0700/1030] loss = 1.354094
[e074 s0750/1030] loss = 1.440343
[e074 s0800/1030] loss = 1.392542
[e074 s0850/1030] loss = 1.331097
[e074 s0900/1030] loss = 1.284905
[e074 s0950/1030] loss = 1.254696
[e074 s1000/1030] loss = 1.244033
Epoch 074: train_loss = 1.247958  MAE/GAME0 = 10.792  RMSE = 33.189  GAME1 = 12.715  GAME2 = 15.004  GAME3 = 16.077  lr = 4.89e-05  time = 23.1s
[e075 s0001/1030] loss = 0.354857
[e075 s0050/1030] loss = 0.751857
[e075 s0100/1030] loss = 0.570054
[e075 s0150/1030] loss = 0.586956
[e075 s0200/1030] loss = 0.718840
[e075 s0250/1030] loss = 0.662341
[e075 s0300/1030] loss = 0.683733
[e075 s0350/1030] loss = 0.675341
[e075 s0400/1030] loss = 0.772659
[e075 s0450/1030] loss = 0.770810
[e075 s0500/1030] loss = 0.766198
[e075 s0550/1030] loss = 0.740552
[e075 s0600/1030] loss = 1.458475
[e075 s0650/1030] loss = 1.417946
[e075 s0700/1030] loss = 1.368237
[e075 s0750/1030] loss = 1.311804
[e075 s0800/1030] loss = 1.274099
[e075 s0850/1030] loss = 1.227711
[e075 s0900/1030] loss = 1.192651
[e075 s0950/1030] loss = 1.170228
[e075 s1000/1030] loss = 1.145739
Epoch 075: train_loss = 1.128706  MAE/GAME0 = 10.039  RMSE = 33.217  GAME1 = 11.926  GAME2 = 13.749  GAME3 = 14.866  lr = 4.88e-05  time = 22.8s
[e076 s0001/1030] loss = 0.878638
[e076 s0050/1030] loss = 0.868023
[e076 s0100/1030] loss = 0.650652
[e076 s0150/1030] loss = 3.421157
[e076 s0200/1030] loss = 2.684620
[e076 s0250/1030] loss = 2.382797
[e076 s0300/1030] loss = 2.074541
[e076 s0350/1030] loss = 1.898431
[e076 s0400/1030] loss = 1.736595
[e076 s0450/1030] loss = 1.615903
[e076 s0500/1030] loss = 1.636747
[e076 s0550/1030] loss = 1.560592
[e076 s0600/1030] loss = 1.505039
[e076 s0650/1030] loss = 1.441963
[e076 s0700/1030] loss = 1.377679
[e076 s0750/1030] loss = 1.328676
[e076 s0800/1030] loss = 1.320771
[e076 s0850/1030] loss = 1.277530
[e076 s0900/1030] loss = 1.243003
[e076 s0950/1030] loss = 1.201273
[e076 s1000/1030] loss = 1.168388
Epoch 076: train_loss = 1.169914  MAE/GAME0 = 9.993  RMSE = 31.914  GAME1 = 12.223  GAME2 = 14.270  GAME3 = 15.613  lr = 4.88e-05  time = 22.6s
[e077 s0001/1030] loss = 0.219262
[e077 s0050/1030] loss = 0.759175
[e077 s0100/1030] loss = 0.790032
[e077 s0150/1030] loss = 0.683259
[e077 s0200/1030] loss = 0.631643
[e077 s0250/1030] loss = 0.655367
[e077 s0300/1030] loss = 0.702424
[e077 s0350/1030] loss = 0.740229
[e077 s0400/1030] loss = 0.747000
[e077 s0450/1030] loss = 1.883409
[e077 s0500/1030] loss = 1.771022
[e077 s0550/1030] loss = 1.800277
[e077 s0600/1030] loss = 1.704141
[e077 s0650/1030] loss = 1.646108
[e077 s0700/1030] loss = 1.568160
[e077 s0750/1030] loss = 1.506338
[e077 s0800/1030] loss = 1.469587
[e077 s0850/1030] loss = 1.408886
[e077 s0900/1030] loss = 1.357890
[e077 s0950/1030] loss = 1.317205
[e077 s1000/1030] loss = 1.298997
Epoch 077: train_loss = 1.301734  MAE/GAME0 = 13.220  RMSE = 35.501  GAME1 = 14.167  GAME2 = 15.113  GAME3 = 15.720  lr = 4.87e-05  time = 23.1s
[e078 s0001/1030] loss = 0.424809
[e078 s0050/1030] loss = 0.429988
[e078 s0100/1030] loss = 0.664675
[e078 s0150/1030] loss = 3.267952
[e078 s0200/1030] loss = 2.576502
[e078 s0250/1030] loss = 2.210311
[e078 s0300/1030] loss = 1.957703
[e078 s0350/1030] loss = 2.003509
[e078 s0400/1030] loss = 1.827156
[e078 s0450/1030] loss = 1.687814
[e078 s0500/1030] loss = 1.583993
[e078 s0550/1030] loss = 1.489891
[e078 s0600/1030] loss = 1.436222
[e078 s0650/1030] loss = 1.398054
[e078 s0700/1030] loss = 1.340727
[e078 s0750/1030] loss = 1.296638
[e078 s0800/1030] loss = 1.243721
[e078 s0850/1030] loss = 1.194864
[e078 s0900/1030] loss = 1.185958
[e078 s0950/1030] loss = 1.158021
[e078 s1000/1030] loss = 1.259111
Epoch 078: train_loss = 1.242074  MAE/GAME0 = 10.013  RMSE = 32.053  GAME1 = 11.887  GAME2 = 14.044  GAME3 = 15.262  lr = 4.86e-05  time = 22.7s
[e079 s0001/1030] loss = 0.240497
[e079 s0050/1030] loss = 0.766913
[e079 s0100/1030] loss = 1.025906
[e079 s0150/1030] loss = 0.868758
[e079 s0200/1030] loss = 0.812266
[e079 s0250/1030] loss = 0.749137
[e079 s0300/1030] loss = 0.757240
[e079 s0350/1030] loss = 1.155329
[e079 s0400/1030] loss = 1.166760
[e079 s0450/1030] loss = 1.151191
[e079 s0500/1030] loss = 1.128193
[e079 s0550/1030] loss = 1.078168
[e079 s0600/1030] loss = 1.050883
[e079 s0650/1030] loss = 0.995687
[e079 s0700/1030] loss = 0.965190
[e079 s0750/1030] loss = 0.951504
[e079 s0800/1030] loss = 0.949000
[e079 s0850/1030] loss = 1.401570
[e079 s0900/1030] loss = 1.353571
[e079 s0950/1030] loss = 1.300004
[e079 s1000/1030] loss = 1.269448
Epoch 079: train_loss = 1.243169  MAE/GAME0 = 10.163  RMSE = 32.891  GAME1 = 11.995  GAME2 = 14.035  GAME3 = 15.295  lr = 4.86e-05  time = 23.0s
[e080 s0001/1030] loss = 0.215285
[e080 s0050/1030] loss = 0.769510
[e080 s0100/1030] loss = 0.935849
[e080 s0150/1030] loss = 0.790046
[e080 s0200/1030] loss = 0.713181
[e080 s0250/1030] loss = 0.685661
[e080 s0300/1030] loss = 0.856121
[e080 s0350/1030] loss = 0.785157
[e080 s0400/1030] loss = 0.770280
[e080 s0450/1030] loss = 0.765637
[e080 s0500/1030] loss = 0.736378
[e080 s0550/1030] loss = 0.706294
[e080 s0600/1030] loss = 0.716603
[e080 s0650/1030] loss = 0.714774
[e080 s0700/1030] loss = 1.307923
[e080 s0750/1030] loss = 1.288159
[e080 s0800/1030] loss = 1.258581
[e080 s0850/1030] loss = 1.211769
[e080 s0900/1030] loss = 1.195320
[e080 s0950/1030] loss = 1.181670
[e080 s1000/1030] loss = 1.146714
Epoch 080: train_loss = 1.157430  MAE/GAME0 = 9.998  RMSE = 32.877  GAME1 = 11.860  GAME2 = 13.651  GAME3 = 14.841  lr = 4.85e-05  time = 22.8s
[e081 s0001/1030] loss = 0.172007
[e081 s0050/1030] loss = 8.263511
[e081 s0100/1030] loss = 4.362367
[e081 s0150/1030] loss = 3.180512
[e081 s0200/1030] loss = 2.607136
[e081 s0250/1030] loss = 2.214243
[e081 s0300/1030] loss = 1.900233
[e081 s0350/1030] loss = 1.735367
[e081 s0400/1030] loss = 1.606845
[e081 s0450/1030] loss = 1.500198
[e081 s0500/1030] loss = 1.425188
[e081 s0550/1030] loss = 1.345120
[e081 s0600/1030] loss = 1.272347
[e081 s0650/1030] loss = 1.235115
[e081 s0700/1030] loss = 1.211885
[e081 s0750/1030] loss = 1.169532
[e081 s0800/1030] loss = 1.153199
[e081 s0850/1030] loss = 1.111243
[e081 s0900/1030] loss = 1.120243
[e081 s0950/1030] loss = 1.117787
[e081 s1000/1030] loss = 1.097532
Epoch 081: train_loss = 1.075293  MAE/GAME0 = 9.877  RMSE = 32.175  GAME1 = 11.850  GAME2 = 13.743  GAME3 = 14.911  lr = 4.84e-05  time = 23.1s
[e082 s0001/1030] loss = 0.312578
[e082 s0050/1030] loss = 0.908161
[e082 s0100/1030] loss = 0.867155
[e082 s0150/1030] loss = 0.873030
[e082 s0200/1030] loss = 0.821427
[e082 s0250/1030] loss = 0.786687
[e082 s0300/1030] loss = 0.766975
[e082 s0350/1030] loss = 0.708322
[e082 s0400/1030] loss = 0.708114
[e082 s0450/1030] loss = 0.714251
[e082 s0500/1030] loss = 0.719134
[e082 s0550/1030] loss = 0.711136
[e082 s0600/1030] loss = 1.361632
[e082 s0650/1030] loss = 1.345615
[e082 s0700/1030] loss = 1.277000
[e082 s0750/1030] loss = 1.253049
[e082 s0800/1030] loss = 1.216495
[e082 s0850/1030] loss = 1.173831
[e082 s0900/1030] loss = 1.155504
[e082 s0950/1030] loss = 1.131697
[e082 s1000/1030] loss = 1.095525
Epoch 082: train_loss = 1.083087  MAE/GAME0 = 10.388  RMSE = 32.808  GAME1 = 12.058  GAME2 = 13.538  GAME3 = 14.459  lr = 4.83e-05  time = 22.9s
[e083 s0001/1030] loss = 0.796109
[e083 s0050/1030] loss = 0.512654
[e083 s0100/1030] loss = 0.696113
[e083 s0150/1030] loss = 0.746547
[e083 s0200/1030] loss = 0.725232
[e083 s0250/1030] loss = 0.673112
[e083 s0300/1030] loss = 0.657619
[e083 s0350/1030] loss = 0.705562
[e083 s0400/1030] loss = 0.676614
[e083 s0450/1030] loss = 0.661191
[e083 s0500/1030] loss = 0.669040
[e083 s0550/1030] loss = 0.675302
[e083 s0600/1030] loss = 0.673805
[e083 s0650/1030] loss = 0.663479
[e083 s0700/1030] loss = 1.284188
[e083 s0750/1030] loss = 1.224940
[e083 s0800/1030] loss = 1.189045
[e083 s0850/1030] loss = 1.141691
[e083 s0900/1030] loss = 1.108063
[e083 s0950/1030] loss = 1.114861
[e083 s1000/1030] loss = 1.083975
Epoch 083: train_loss = 1.087978  MAE/GAME0 = 12.939  RMSE = 30.616  GAME1 = 15.136  GAME2 = 17.547  GAME3 = 18.745  lr = 4.83e-05  time = 23.2s
[e084 s0001/1030] loss = 0.798715
[e084 s0050/1030] loss = 0.931760
[e084 s0100/1030] loss = 0.808250
[e084 s0150/1030] loss = 0.682011
[e084 s0200/1030] loss = 0.649785
[e084 s0250/1030] loss = 0.695083
[e084 s0300/1030] loss = 0.675225
[e084 s0350/1030] loss = 0.743888
[e084 s0400/1030] loss = 0.729006
[e084 s0450/1030] loss = 0.719631
[e084 s0500/1030] loss = 0.699427
[e084 s0550/1030] loss = 0.682985
[e084 s0600/1030] loss = 0.671372
[e084 s0650/1030] loss = 0.649060
[e084 s0700/1030] loss = 0.657507
[e084 s0750/1030] loss = 0.657324
[e084 s0800/1030] loss = 1.160833
[e084 s0850/1030] loss = 1.139917
[e084 s0900/1030] loss = 1.161216
[e084 s0950/1030] loss = 1.140714
[e084 s1000/1030] loss = 1.119640
Epoch 084: train_loss = 1.098459  MAE/GAME0 = 11.131  RMSE = 33.385  GAME1 = 12.681  GAME2 = 14.188  GAME3 = 15.102  lr = 4.82e-05  time = 22.9s
[e085 s0001/1030] loss = 1.263389
[e085 s0050/1030] loss = 0.779931
[e085 s0100/1030] loss = 0.680436
[e085 s0150/1030] loss = 0.736413
[e085 s0200/1030] loss = 0.757259
[e085 s0250/1030] loss = 0.713413
[e085 s0300/1030] loss = 0.674966
[e085 s0350/1030] loss = 0.657032
[e085 s0400/1030] loss = 1.681772
[e085 s0450/1030] loss = 1.576922
[e085 s0500/1030] loss = 1.481897
[e085 s0550/1030] loss = 1.416226
[e085 s0600/1030] loss = 1.335257
[e085 s0650/1030] loss = 1.288166
[e085 s0700/1030] loss = 1.237551
[e085 s0750/1030] loss = 1.183844
[e085 s0800/1030] loss = 1.162142
[e085 s0850/1030] loss = 1.151457
[e085 s0900/1030] loss = 1.120285
[e085 s0950/1030] loss = 1.103340
[e085 s1000/1030] loss = 1.102567
Epoch 085: train_loss = 1.086498  MAE/GAME0 = 9.965  RMSE = 33.127  GAME1 = 11.812  GAME2 = 13.614  GAME3 = 14.738  lr = 4.81e-05  time = 23.2s
[e086 s0001/1030] loss = 0.160046
[e086 s0050/1030] loss = 9.058303
[e086 s0100/1030] loss = 4.847241
[e086 s0150/1030] loss = 3.458896
[e086 s0200/1030] loss = 2.754692
[e086 s0250/1030] loss = 2.293838
[e086 s0300/1030] loss = 1.971831
[e086 s0350/1030] loss = 1.790162
[e086 s0400/1030] loss = 1.639477
[e086 s0450/1030] loss = 1.594665
[e086 s0500/1030] loss = 1.580882
[e086 s0550/1030] loss = 1.512243
[e086 s0600/1030] loss = 1.437671
[e086 s0650/1030] loss = 1.387011
[e086 s0700/1030] loss = 1.345348
[e086 s0750/1030] loss = 1.286084
[e086 s0800/1030] loss = 1.261571
[e086 s0850/1030] loss = 1.225840
[e086 s0900/1030] loss = 1.192333
[e086 s0950/1030] loss = 1.173741
[e086 s1000/1030] loss = 1.147823
Epoch 086: train_loss = 1.134561  MAE/GAME0 = 9.674  RMSE = 32.623  GAME1 = 11.906  GAME2 = 13.780  GAME3 = 15.047  lr = 4.80e-05  time = 23.1s
[e087 s0001/1030] loss = 1.449371
[e087 s0050/1030] loss = 0.706153
[e087 s0100/1030] loss = 0.585709
[e087 s0150/1030] loss = 0.626599
[e087 s0200/1030] loss = 0.571430
[e087 s0250/1030] loss = 0.587619
[e087 s0300/1030] loss = 2.095982
[e087 s0350/1030] loss = 1.874934
[e087 s0400/1030] loss = 1.710590
[e087 s0450/1030] loss = 1.605330
[e087 s0500/1030] loss = 1.481157
[e087 s0550/1030] loss = 1.437067
[e087 s0600/1030] loss = 1.354601
[e087 s0650/1030] loss = 1.376508
[e087 s0700/1030] loss = 1.334984
[e087 s0750/1030] loss = 1.287095
[e087 s0800/1030] loss = 1.262162
[e087 s0850/1030] loss = 1.235762
[e087 s0900/1030] loss = 1.201764
[e087 s0950/1030] loss = 1.167848
[e087 s1000/1030] loss = 1.147198
Epoch 087: train_loss = 1.141389  MAE/GAME0 = 10.099  RMSE = 32.715  GAME1 = 12.152  GAME2 = 14.359  GAME3 = 15.602  lr = 4.79e-05  time = 23.1s
[e088 s0001/1030] loss = 0.013664
[e088 s0050/1030] loss = 0.494286
[e088 s0100/1030] loss = 0.654657
[e088 s0150/1030] loss = 0.562809
[e088 s0200/1030] loss = 0.576072
[e088 s0250/1030] loss = 0.552439
[e088 s0300/1030] loss = 0.571848
[e088 s0350/1030] loss = 0.663565
[e088 s0400/1030] loss = 0.703468
[e088 s0450/1030] loss = 0.698526
[e088 s0500/1030] loss = 0.686388
[e088 s0550/1030] loss = 0.693916
[e088 s0600/1030] loss = 0.706690
[e088 s0650/1030] loss = 1.357975
[e088 s0700/1030] loss = 1.345177
[e088 s0750/1030] loss = 1.286047
[e088 s0800/1030] loss = 1.234853
[e088 s0850/1030] loss = 1.207654
[e088 s0900/1030] loss = 1.174621
[e088 s0950/1030] loss = 1.150879
[e088 s1000/1030] loss = 1.122639
Epoch 088: train_loss = 1.099133  MAE/GAME0 = 11.464  RMSE = 34.392  GAME1 = 12.624  GAME2 = 13.941  GAME3 = 14.835  lr = 4.78e-05  time = 22.9s
[e089 s0001/1030] loss = 0.430767
[e089 s0050/1030] loss = 0.477922
[e089 s0100/1030] loss = 0.848048
[e089 s0150/1030] loss = 0.793636
[e089 s0200/1030] loss = 0.728845
[e089 s0250/1030] loss = 0.715523
[e089 s0300/1030] loss = 2.065431
[e089 s0350/1030] loss = 1.913671
[e089 s0400/1030] loss = 1.722920
[e089 s0450/1030] loss = 1.601600
[e089 s0500/1030] loss = 1.504827
[e089 s0550/1030] loss = 1.458119
[e089 s0600/1030] loss = 1.379215
[e089 s0650/1030] loss = 1.311961
[e089 s0700/1030] loss = 1.277298
[e089 s0750/1030] loss = 1.227549
[e089 s0800/1030] loss = 1.214109
[e089 s0850/1030] loss = 1.180984
[e089 s0900/1030] loss = 1.141880
[e089 s0950/1030] loss = 1.121954
[e089 s1000/1030] loss = 1.096057
Epoch 089: train_loss = 1.079444  MAE/GAME0 = 9.670  RMSE = 32.235  GAME1 = 11.824  GAME2 = 13.804  GAME3 = 15.039  lr = 4.78e-05  time = 23.2s
[e090 s0001/1030] loss = 0.112218
[e090 s0050/1030] loss = 0.329425
[e090 s0100/1030] loss = 0.476518
[e090 s0150/1030] loss = 0.571574
[e090 s0200/1030] loss = 0.586485
[e090 s0250/1030] loss = 0.598150
[e090 s0300/1030] loss = 0.561905
[e090 s0350/1030] loss = 0.557905
[e090 s0400/1030] loss = 0.564576
[e090 s0450/1030] loss = 0.610205
[e090 s0500/1030] loss = 0.598596
[e090 s0550/1030] loss = 0.657007
[e090 s0600/1030] loss = 0.660974
[e090 s0650/1030] loss = 0.701989
[e090 s0700/1030] loss = 0.808232
[e090 s0750/1030] loss = 0.795217
[e090 s0800/1030] loss = 1.301315
[e090 s0850/1030] loss = 1.298021
[e090 s0900/1030] loss = 1.250970
[e090 s0950/1030] loss = 1.208169
[e090 s1000/1030] loss = 1.190042
Epoch 090: train_loss = 1.176578  MAE/GAME0 = 11.397  RMSE = 33.388  GAME1 = 12.828  GAME2 = 14.246  GAME3 = 15.093  lr = 4.77e-05  time = 23.2s
[e091 s0001/1030] loss = 0.506888
[e091 s0050/1030] loss = 0.803418
[e091 s0100/1030] loss = 0.694009
[e091 s0150/1030] loss = 3.419101
[e091 s0200/1030] loss = 2.755637
[e091 s0250/1030] loss = 2.339435
[e091 s0300/1030] loss = 2.022152
[e091 s0350/1030] loss = 1.794683
[e091 s0400/1030] loss = 1.681246
[e091 s0450/1030] loss = 1.541265
[e091 s0500/1030] loss = 1.459691
[e091 s0550/1030] loss = 1.406362
[e091 s0600/1030] loss = 1.348262
[e091 s0650/1030] loss = 1.270711
[e091 s0700/1030] loss = 1.210977
[e091 s0750/1030] loss = 1.198156
[e091 s0800/1030] loss = 1.156184
[e091 s0850/1030] loss = 1.144057
[e091 s0900/1030] loss = 1.120961
[e091 s0950/1030] loss = 1.100448
[e091 s1000/1030] loss = 1.079572
Epoch 091: train_loss = 1.068119  MAE/GAME0 = 9.749  RMSE = 31.203  GAME1 = 12.293  GAME2 = 14.460  GAME3 = 15.794  lr = 4.76e-05  time = 23.1s
[e092 s0001/1030] loss = 0.178682
[e092 s0050/1030] loss = 0.657791
[e092 s0100/1030] loss = 0.656360
[e092 s0150/1030] loss = 3.416305
[e092 s0200/1030] loss = 2.798152
[e092 s0250/1030] loss = 2.357940
[e092 s0300/1030] loss = 2.077698
[e092 s0350/1030] loss = 1.834703
[e092 s0400/1030] loss = 1.669590
[e092 s0450/1030] loss = 1.565802
[e092 s0500/1030] loss = 1.615684
[e092 s0550/1030] loss = 1.549541
[e092 s0600/1030] loss = 1.457087
[e092 s0650/1030] loss = 1.388086
[e092 s0700/1030] loss = 1.323537
[e092 s0750/1030] loss = 1.275094
[e092 s0800/1030] loss = 1.222714
[e092 s0850/1030] loss = 1.193843
[e092 s0900/1030] loss = 1.270441
[e092 s0950/1030] loss = 1.238120
[e092 s1000/1030] loss = 1.212426
Epoch 092: train_loss = 1.190390  MAE/GAME0 = 10.994  RMSE = 32.581  GAME1 = 12.391  GAME2 = 13.800  GAME3 = 14.728  lr = 4.75e-05  time = 22.9s
[e093 s0001/1030] loss = 0.196874
[e093 s0050/1030] loss = 0.815797
[e093 s0100/1030] loss = 0.671449
[e093 s0150/1030] loss = 0.636907
[e093 s0200/1030] loss = 0.612259
[e093 s0250/1030] loss = 0.632699
[e093 s0300/1030] loss = 0.607304
[e093 s0350/1030] loss = 0.625361
[e093 s0400/1030] loss = 0.744161
[e093 s0450/1030] loss = 0.734919
[e093 s0500/1030] loss = 0.735119
[e093 s0550/1030] loss = 0.707028
[e093 s0600/1030] loss = 0.700492
[e093 s0650/1030] loss = 0.715384
[e093 s0700/1030] loss = 0.722584
[e093 s0750/1030] loss = 0.743344
[e093 s0800/1030] loss = 0.732862
[e093 s0850/1030] loss = 0.716538
[e093 s0900/1030] loss = 1.201453
[e093 s0950/1030] loss = 1.163616
[e093 s1000/1030] loss = 1.134274
Epoch 093: train_loss = 1.114871  MAE/GAME0 = 10.379  RMSE = 33.321  GAME1 = 12.237  GAME2 = 14.170  GAME3 = 15.342  lr = 4.74e-05  time = 23.0s
[e094 s0001/1030] loss = 0.192140
[e094 s0050/1030] loss = 0.730308
[e094 s0100/1030] loss = 0.807890
[e094 s0150/1030] loss = 0.724714
[e094 s0200/1030] loss = 0.676082
[e094 s0250/1030] loss = 2.411730
[e094 s0300/1030] loss = 2.117369
[e094 s0350/1030] loss = 1.873357
[e094 s0400/1030] loss = 1.729319
[e094 s0450/1030] loss = 1.603695
[e094 s0500/1030] loss = 1.476601
[e094 s0550/1030] loss = 1.477976
[e094 s0600/1030] loss = 1.425091
[e094 s0650/1030] loss = 1.397244
[e094 s0700/1030] loss = 1.348311
[e094 s0750/1030] loss = 1.304902
[e094 s0800/1030] loss = 1.295030
[e094 s0850/1030] loss = 1.331322
[e094 s0900/1030] loss = 1.280318
[e094 s0950/1030] loss = 1.254667
[e094 s1000/1030] loss = 1.220221
Epoch 094: train_loss = 1.198338  MAE/GAME0 = 11.068  RMSE = 33.222  GAME1 = 13.038  GAME2 = 15.278  GAME3 = 16.400  lr = 4.73e-05  time = 23.1s
[e095 s0001/1030] loss = 0.487390
[e095 s0050/1030] loss = 0.569667
[e095 s0100/1030] loss = 0.712052
[e095 s0150/1030] loss = 0.759195
[e095 s0200/1030] loss = 0.759749
[e095 s0250/1030] loss = 0.755822
[e095 s0300/1030] loss = 0.751159
[e095 s0350/1030] loss = 0.707542
[e095 s0400/1030] loss = 0.707270
[e095 s0450/1030] loss = 0.677954
[e095 s0500/1030] loss = 0.661980
[e095 s0550/1030] loss = 1.429514
[e095 s0600/1030] loss = 1.358320
[e095 s0650/1030] loss = 1.304865
[e095 s0700/1030] loss = 1.236788
[e095 s0750/1030] loss = 1.191605
[e095 s0800/1030] loss = 1.146069
[e095 s0850/1030] loss = 1.111876
[e095 s0900/1030] loss = 1.072547
[e095 s0950/1030] loss = 1.123922
[e095 s1000/1030] loss = 1.137229
Epoch 095: train_loss = 1.119578  MAE/GAME0 = 13.578  RMSE = 31.295  GAME1 = 15.395  GAME2 = 17.513  GAME3 = 18.894  lr = 4.72e-05  time = 23.1s
[e096 s0001/1030] loss = 0.202713
[e096 s0050/1030] loss = 1.047986
[e096 s0100/1030] loss = 0.852657
[e096 s0150/1030] loss = 0.775688
[e096 s0200/1030] loss = 0.696523
[e096 s0250/1030] loss = 0.655070
[e096 s0300/1030] loss = 1.994040
[e096 s0350/1030] loss = 1.789083
[e096 s0400/1030] loss = 1.681437
[e096 s0450/1030] loss = 1.544512
[e096 s0500/1030] loss = 1.445626
[e096 s0550/1030] loss = 1.382181
[e096 s0600/1030] loss = 1.341041
[e096 s0650/1030] loss = 1.317971
[e096 s0700/1030] loss = 1.260679
[e096 s0750/1030] loss = 1.217981
[e096 s0800/1030] loss = 1.196419
[e096 s0850/1030] loss = 1.168334
[e096 s0900/1030] loss = 1.151989
[e096 s0950/1030] loss = 1.123608
[e096 s1000/1030] loss = 1.107350
Epoch 096: train_loss = 1.084886  MAE/GAME0 = 10.461  RMSE = 33.237  GAME1 = 12.084  GAME2 = 13.919  GAME3 = 15.089  lr = 4.71e-05  time = 23.0s
[e097 s0001/1030] loss = 0.353588
[e097 s0050/1030] loss = 0.623453
[e097 s0100/1030] loss = 0.531406
[e097 s0150/1030] loss = 0.568412
[e097 s0200/1030] loss = 0.586591
[e097 s0250/1030] loss = 0.559423
[e097 s0300/1030] loss = 0.584065
[e097 s0350/1030] loss = 0.580493
[e097 s0400/1030] loss = 0.596128
[e097 s0450/1030] loss = 0.638118
[e097 s0500/1030] loss = 0.701839
[e097 s0550/1030] loss = 0.889708
[e097 s0600/1030] loss = 0.871032
[e097 s0650/1030] loss = 0.845145
[e097 s0700/1030] loss = 0.817881
[e097 s0750/1030] loss = 0.792069
[e097 s0800/1030] loss = 0.803298
[e097 s0850/1030] loss = 0.810500
[e097 s0900/1030] loss = 0.802304
[e097 s0950/1030] loss = 0.786008
[e097 s1000/1030] loss = 1.209241
Epoch 097: train_loss = 1.186121  MAE/GAME0 = 10.837  RMSE = 32.949  GAME1 = 12.442  GAME2 = 13.862  GAME3 = 14.810  lr = 4.70e-05  time = 23.2s
[e098 s0001/1030] loss = 0.410065
[e098 s0050/1030] loss = 0.851546
[e098 s0100/1030] loss = 0.677279
[e098 s0150/1030] loss = 0.840256
[e098 s0200/1030] loss = 0.757410
[e098 s0250/1030] loss = 0.826857
[e098 s0300/1030] loss = 0.749473
[e098 s0350/1030] loss = 0.727574
[e098 s0400/1030] loss = 0.694648
[e098 s0450/1030] loss = 0.671955
[e098 s0500/1030] loss = 0.667186
[e098 s0550/1030] loss = 0.648656
[e098 s0600/1030] loss = 1.358856
[e098 s0650/1030] loss = 1.290343
[e098 s0700/1030] loss = 1.238449
[e098 s0750/1030] loss = 1.268641
[e098 s0800/1030] loss = 1.230229
[e098 s0850/1030] loss = 1.216212
[e098 s0900/1030] loss = 1.188140
[e098 s0950/1030] loss = 1.151788
[e098 s1000/1030] loss = 1.121268
Epoch 098: train_loss = 1.123660  MAE/GAME0 = 10.524  RMSE = 32.497  GAME1 = 12.647  GAME2 = 14.435  GAME3 = 15.677  lr = 4.69e-05  time = 23.1s
[e099 s0001/1030] loss = 0.978488
[e099 s0050/1030] loss = 0.711289
[e099 s0100/1030] loss = 0.689807
[e099 s0150/1030] loss = 0.704869
[e099 s0200/1030] loss = 0.699213
[e099 s0250/1030] loss = 0.628133
[e099 s0300/1030] loss = 0.686354
[e099 s0350/1030] loss = 0.652612
[e099 s0400/1030] loss = 0.637205
[e099 s0450/1030] loss = 0.652446
[e099 s0500/1030] loss = 0.639302
[e099 s0550/1030] loss = 0.659241
[e099 s0600/1030] loss = 0.656085
[e099 s0650/1030] loss = 0.640893
[e099 s0700/1030] loss = 0.628462
[e099 s0750/1030] loss = 0.630941
[e099 s0800/1030] loss = 0.616771
[e099 s0850/1030] loss = 0.612597
[e099 s0900/1030] loss = 0.609524
[e099 s0950/1030] loss = 0.612041
[e099 s1000/1030] loss = 0.675736
Epoch 099: train_loss = 1.080668  MAE/GAME0 = 10.104  RMSE = 31.315  GAME1 = 11.950  GAME2 = 14.026  GAME3 = 15.103  lr = 4.68e-05  time = 23.0s
[e100 s0001/1030] loss = 0.088476
[e100 s0050/1030] loss = 0.761476
[e100 s0100/1030] loss = 0.724483
[e100 s0150/1030] loss = 0.666063
[e100 s0200/1030] loss = 0.671673
[e100 s0250/1030] loss = 0.633322
[e100 s0300/1030] loss = 0.625617
[e100 s0350/1030] loss = 0.627815
[e100 s0400/1030] loss = 0.627970
[e100 s0450/1030] loss = 0.851774
[e100 s0500/1030] loss = 0.813917
[e100 s0550/1030] loss = 0.793962
[e100 s0600/1030] loss = 0.771988
[e100 s0650/1030] loss = 0.779452
[e100 s0700/1030] loss = 0.768275
[e100 s0750/1030] loss = 0.758351
[e100 s0800/1030] loss = 1.237443
[e100 s0850/1030] loss = 1.206856
[e100 s0900/1030] loss = 1.174648
[e100 s0950/1030] loss = 1.154166
[e100 s1000/1030] loss = 1.120873
Epoch 100: train_loss = 1.103016  MAE/GAME0 = 9.922  RMSE = 32.582  GAME1 = 11.748  GAME2 = 13.608  GAME3 = 14.804  lr = 4.67e-05  time = 23.3s
[e101 s0001/1030] loss = 0.195936
[e101 s0050/1030] loss = 0.338971
[e101 s0100/1030] loss = 0.421277
[e101 s0150/1030] loss = 0.425880
[e101 s0200/1030] loss = 0.446363
[e101 s0250/1030] loss = 0.650830
[e101 s0300/1030] loss = 0.681725
[e101 s0350/1030] loss = 0.707671
[e101 s0400/1030] loss = 1.664117
[e101 s0450/1030] loss = 1.558162
[e101 s0500/1030] loss = 1.447156
[e101 s0550/1030] loss = 1.379287
[e101 s0600/1030] loss = 1.299556
[e101 s0650/1030] loss = 1.262280
[e101 s0700/1030] loss = 1.206876
[e101 s0750/1030] loss = 1.156172
[e101 s0800/1030] loss = 1.141929
[e101 s0850/1030] loss = 1.104622
[e101 s0900/1030] loss = 1.076544
[e101 s0950/1030] loss = 1.068024
[e101 s1000/1030] loss = 1.038406
Epoch 101: train_loss = 1.045953  MAE/GAME0 = 9.747  RMSE = 32.751  GAME1 = 12.000  GAME2 = 14.307  GAME3 = 15.461  lr = 4.65e-05  time = 23.1s
[e102 s0001/1030] loss = 0.541238
[e102 s0050/1030] loss = 1.089712
[e102 s0100/1030] loss = 1.504193
[e102 s0150/1030] loss = 1.194148
[e102 s0200/1030] loss = 1.023048
[e102 s0250/1030] loss = 0.950380
[e102 s0300/1030] loss = 0.865463
[e102 s0350/1030] loss = 0.817933
[e102 s0400/1030] loss = 1.792757
[e102 s0450/1030] loss = 1.651962
[e102 s0500/1030] loss = 1.557794
[e102 s0550/1030] loss = 1.482180
[e102 s0600/1030] loss = 1.416961
[e102 s0650/1030] loss = 1.353756
[e102 s0700/1030] loss = 1.298348
[e102 s0750/1030] loss = 1.243599
[e102 s0800/1030] loss = 1.202524
[e102 s0850/1030] loss = 1.201343
[e102 s0900/1030] loss = 1.172200
[e102 s0950/1030] loss = 1.149843
[e102 s1000/1030] loss = 1.133504
Epoch 102: train_loss = 1.113579  MAE/GAME0 = 10.416  RMSE = 32.491  GAME1 = 12.287  GAME2 = 14.267  GAME3 = 15.542  lr = 4.64e-05  time = 22.9s
[e103 s0001/1030] loss = 0.207547
[e103 s0050/1030] loss = 1.029974
[e103 s0100/1030] loss = 1.446251
[e103 s0150/1030] loss = 1.228433
[e103 s0200/1030] loss = 1.154554
[e103 s0250/1030] loss = 2.617869
[e103 s0300/1030] loss = 2.264272
[e103 s0350/1030] loss = 2.059118
[e103 s0400/1030] loss = 1.887498
[e103 s0450/1030] loss = 1.762803
[e103 s0500/1030] loss = 1.643017
[e103 s0550/1030] loss = 1.528753
[e103 s0600/1030] loss = 1.447810
[e103 s0650/1030] loss = 1.392744
[e103 s0700/1030] loss = 1.343693
[e103 s0750/1030] loss = 1.314466
[e103 s0800/1030] loss = 1.281274
[e103 s0850/1030] loss = 1.232385
[e103 s0900/1030] loss = 1.189329
[e103 s0950/1030] loss = 1.150476
[e103 s1000/1030] loss = 1.124274
Epoch 103: train_loss = 1.102357  MAE/GAME0 = 10.345  RMSE = 32.056  GAME1 = 12.298  GAME2 = 14.312  GAME3 = 15.525  lr = 4.63e-05  time = 23.0s
[e104 s0001/1030] loss = 0.187969
[e104 s0050/1030] loss = 8.195990
[e104 s0100/1030] loss = 4.489192
[e104 s0150/1030] loss = 3.158994
[e104 s0200/1030] loss = 2.520355
[e104 s0250/1030] loss = 2.178546
[e104 s0300/1030] loss = 1.889648
[e104 s0350/1030] loss = 1.739490
[e104 s0400/1030] loss = 1.590686
[e104 s0450/1030] loss = 1.551918
[e104 s0500/1030] loss = 1.467525
[e104 s0550/1030] loss = 1.400503
[e104 s0600/1030] loss = 1.320115
[e104 s0650/1030] loss = 1.270160
[e104 s0700/1030] loss = 1.230583
[e104 s0750/1030] loss = 1.176550
[e104 s0800/1030] loss = 1.161095
[e104 s0850/1030] loss = 1.136996
[e104 s0900/1030] loss = 1.122933
[e104 s0950/1030] loss = 1.100493
[e104 s1000/1030] loss = 1.068668
Epoch 104: train_loss = 1.047774  MAE/GAME0 = 11.027  RMSE = 33.523  GAME1 = 12.560  GAME2 = 14.185  GAME3 = 15.171  lr = 4.62e-05  time = 22.9s
[e105 s0001/1030] loss = 0.779299
[e105 s0050/1030] loss = 0.732145
[e105 s0100/1030] loss = 0.749471
[e105 s0150/1030] loss = 0.610707
[e105 s0200/1030] loss = 0.662430
[e105 s0250/1030] loss = 0.643563
[e105 s0300/1030] loss = 1.926619
[e105 s0350/1030] loss = 1.702385
[e105 s0400/1030] loss = 1.598733
[e105 s0450/1030] loss = 1.483307
[e105 s0500/1030] loss = 1.377583
[e105 s0550/1030] loss = 1.309144
[e105 s0600/1030] loss = 1.290428
[e105 s0650/1030] loss = 1.280969
[e105 s0700/1030] loss = 1.229708
[e105 s0750/1030] loss = 1.199523
[e105 s0800/1030] loss = 1.173728
[e105 s0850/1030] loss = 1.145359
[e105 s0900/1030] loss = 1.121214
[e105 s0950/1030] loss = 1.086126
[e105 s1000/1030] loss = 1.070920
Epoch 105: train_loss = 1.058707  MAE/GAME0 = 9.983  RMSE = 32.823  GAME1 = 11.688  GAME2 = 13.642  GAME3 = 14.794  lr = 4.61e-05  time = 23.1s
[e106 s0001/1030] loss = 0.173546
[e106 s0050/1030] loss = 0.481122
[e106 s0100/1030] loss = 0.708801
[e106 s0150/1030] loss = 0.659861
[e106 s0200/1030] loss = 0.707976
[e106 s0250/1030] loss = 0.775159
[e106 s0300/1030] loss = 0.719674
[e106 s0350/1030] loss = 0.705452
[e106 s0400/1030] loss = 0.718383
[e106 s0450/1030] loss = 0.689558
[e106 s0500/1030] loss = 1.507704
[e106 s0550/1030] loss = 1.428994
[e106 s0600/1030] loss = 1.360261
[e106 s0650/1030] loss = 1.297518
[e106 s0700/1030] loss = 1.289947
[e106 s0750/1030] loss = 1.244381
[e106 s0800/1030] loss = 1.213055
[e106 s0850/1030] loss = 1.180175
[e106 s0900/1030] loss = 1.144591
[e106 s0950/1030] loss = 1.106743
[e106 s1000/1030] loss = 1.079705
Epoch 106: train_loss = 1.066323  MAE/GAME0 = 10.738  RMSE = 33.036  GAME1 = 12.681  GAME2 = 14.634  GAME3 = 15.832  lr = 4.60e-05  time = 23.2s
[e107 s0001/1030] loss = 0.281932
[e107 s0050/1030] loss = 0.603435
[e107 s0100/1030] loss = 0.681381
[e107 s0150/1030] loss = 0.609792
[e107 s0200/1030] loss = 0.580989
[e107 s0250/1030] loss = 2.278185
[e107 s0300/1030] loss = 2.043175
[e107 s0350/1030] loss = 1.857084
[e107 s0400/1030] loss = 1.718487
[e107 s0450/1030] loss = 1.640679
[e107 s0500/1030] loss = 1.542190
[e107 s0550/1030] loss = 1.436505
[e107 s0600/1030] loss = 1.338324
[e107 s0650/1030] loss = 1.281184
[e107 s0700/1030] loss = 1.233522
[e107 s0750/1030] loss = 1.204964
[e107 s0800/1030] loss = 1.175010
[e107 s0850/1030] loss = 1.160766
[e107 s0900/1030] loss = 1.152053
[e107 s0950/1030] loss = 1.117530
[e107 s1000/1030] loss = 1.086053
Epoch 107: train_loss = 1.074576  MAE/GAME0 = 11.603  RMSE = 34.040  GAME1 = 13.101  GAME2 = 14.561  GAME3 = 15.538  lr = 4.59e-05  time = 22.9s
[e108 s0001/1030] loss = 0.811228
[e108 s0050/1030] loss = 0.390335
[e108 s0100/1030] loss = 0.436093
[e108 s0150/1030] loss = 0.538181
[e108 s0200/1030] loss = 0.535418
[e108 s0250/1030] loss = 0.562542
[e108 s0300/1030] loss = 0.572468
[e108 s0350/1030] loss = 0.558737
[e108 s0400/1030] loss = 0.555489
[e108 s0450/1030] loss = 1.552478
[e108 s0500/1030] loss = 1.474667
[e108 s0550/1030] loss = 1.376863
[e108 s0600/1030] loss = 1.354579
[e108 s0650/1030] loss = 1.287480
[e108 s0700/1030] loss = 1.240800
[e108 s0750/1030] loss = 1.186034
[e108 s0800/1030] loss = 1.160600
[e108 s0850/1030] loss = 1.118077
[e108 s0900/1030] loss = 1.086245
[e108 s0950/1030] loss = 1.107826
[e108 s1000/1030] loss = 1.079743
Epoch 108: train_loss = 1.062728  MAE/GAME0 = 10.643  RMSE = 30.971  GAME1 = 12.602  GAME2 = 14.937  GAME3 = 16.293  lr = 4.57e-05  time = 23.0s
[e109 s0001/1030] loss = 0.296418
[e109 s0050/1030] loss = 0.443040
[e109 s0100/1030] loss = 0.433219
[e109 s0150/1030] loss = 0.626499
[e109 s0200/1030] loss = 2.589610
[e109 s0250/1030] loss = 2.227852
[e109 s0300/1030] loss = 1.904267
[e109 s0350/1030] loss = 1.752733
[e109 s0400/1030] loss = 1.614378
[e109 s0450/1030] loss = 1.498789
[e109 s0500/1030] loss = 1.421025
[e109 s0550/1030] loss = 1.351849
[e109 s0600/1030] loss = 1.297731
[e109 s0650/1030] loss = 1.251422
[e109 s0700/1030] loss = 1.193217
[e109 s0750/1030] loss = 1.179603
[e109 s0800/1030] loss = 1.148677
[e109 s0850/1030] loss = 1.127924
[e109 s0900/1030] loss = 1.097872
[e109 s0950/1030] loss = 1.069845
[e109 s1000/1030] loss = 1.047561
Epoch 109: train_loss = 1.025629  MAE/GAME0 = 10.076  RMSE = 31.936  GAME1 = 11.874  GAME2 = 13.849  GAME3 = 14.944  lr = 4.56e-05  time = 23.2s
[e110 s0001/1030] loss = 0.263210
[e110 s0050/1030] loss = 0.413871
[e110 s0100/1030] loss = 0.475846
[e110 s0150/1030] loss = 0.470949
[e110 s0200/1030] loss = 0.511479
[e110 s0250/1030] loss = 0.870347
[e110 s0300/1030] loss = 0.880957
[e110 s0350/1030] loss = 0.830353
[e110 s0400/1030] loss = 0.787911
[e110 s0450/1030] loss = 0.828613
[e110 s0500/1030] loss = 1.567265
[e110 s0550/1030] loss = 1.468196
[e110 s0600/1030] loss = 1.381312
[e110 s0650/1030] loss = 1.302804
[e110 s0700/1030] loss = 1.257571
[e110 s0750/1030] loss = 1.212784
[e110 s0800/1030] loss = 1.189796
[e110 s0850/1030] loss = 1.150449
[e110 s0900/1030] loss = 1.126185
[e110 s0950/1030] loss = 1.115448
[e110 s1000/1030] loss = 1.086305
Epoch 110: train_loss = 1.068874  MAE/GAME0 = 10.922  RMSE = 33.200  GAME1 = 12.954  GAME2 = 15.065  GAME3 = 16.310  lr = 4.55e-05  time = 23.0s
[e111 s0001/1030] loss = 0.149579
[e111 s0050/1030] loss = 8.822421
[e111 s0100/1030] loss = 4.586049
[e111 s0150/1030] loss = 3.300330
[e111 s0200/1030] loss = 2.596827
[e111 s0250/1030] loss = 2.230028
[e111 s0300/1030] loss = 1.959048
[e111 s0350/1030] loss = 1.871844
[e111 s0400/1030] loss = 1.752517
[e111 s0450/1030] loss = 1.623710
[e111 s0500/1030] loss = 1.505249
[e111 s0550/1030] loss = 1.413836
[e111 s0600/1030] loss = 1.345025
[e111 s0650/1030] loss = 1.274523
[e111 s0700/1030] loss = 1.213523
[e111 s0750/1030] loss = 1.162657
[e111 s0800/1030] loss = 1.126255
[e111 s0850/1030] loss = 1.096381
[e111 s0900/1030] loss = 1.079194
[e111 s0950/1030] loss = 1.053220
[e111 s1000/1030] loss = 1.020972
Epoch 111: train_loss = 1.005534  MAE/GAME0 = 9.922  RMSE = 32.442  GAME1 = 11.809  GAME2 = 13.979  GAME3 = 15.146  lr = 4.54e-05  time = 22.8s
[e112 s0001/1030] loss = 0.801173
[e112 s0050/1030] loss = 0.457015
[e112 s0100/1030] loss = 0.518897
[e112 s0150/1030] loss = 0.482143
[e112 s0200/1030] loss = 2.653603
[e112 s0250/1030] loss = 2.275074
[e112 s0300/1030] loss = 1.979250
[e112 s0350/1030] loss = 1.759263
[e112 s0400/1030] loss = 1.616571
[e112 s0450/1030] loss = 1.514643
[e112 s0500/1030] loss = 1.471795
[e112 s0550/1030] loss = 1.382696
[e112 s0600/1030] loss = 1.308939
[e112 s0650/1030] loss = 1.263310
[e112 s0700/1030] loss = 1.232923
[e112 s0750/1030] loss = 1.372045
[e112 s0800/1030] loss = 1.385849
[e112 s0850/1030] loss = 1.342213
[e112 s0900/1030] loss = 1.287594
[e112 s0950/1030] loss = 1.239023
[e112 s1000/1030] loss = 1.195714
Epoch 112: train_loss = 1.175205  MAE/GAME0 = 11.508  RMSE = 34.322  GAME1 = 12.982  GAME2 = 14.418  GAME3 = 15.380  lr = 4.52e-05  time = 23.0s
[e113 s0001/1030] loss = 0.065951
[e113 s0050/1030] loss = 0.522816
[e113 s0100/1030] loss = 0.466672
[e113 s0150/1030] loss = 0.445558
[e113 s0200/1030] loss = 0.481686
[e113 s0250/1030] loss = 0.523257
[e113 s0300/1030] loss = 0.531890
[e113 s0350/1030] loss = 0.522024
[e113 s0400/1030] loss = 0.524659
[e113 s0450/1030] loss = 0.518970
[e113 s0500/1030] loss = 0.567308
[e113 s0550/1030] loss = 0.599908
[e113 s0600/1030] loss = 0.586429
[e113 s0650/1030] loss = 0.586841
[e113 s0700/1030] loss = 0.574618
[e113 s0750/1030] loss = 0.594017
[e113 s0800/1030] loss = 0.590500
[e113 s0850/1030] loss = 0.594123
[e113 s0900/1030] loss = 0.619673
[e113 s0950/1030] loss = 0.631219
[e113 s1000/1030] loss = 0.625886
Epoch 113: train_loss = 0.992742  MAE/GAME0 = 10.048  RMSE = 31.801  GAME1 = 11.725  GAME2 = 13.692  GAME3 = 14.888  lr = 4.51e-05  time = 23.2s
[e114 s0001/1030] loss = 0.743624
[e114 s0050/1030] loss = 0.728693
[e114 s0100/1030] loss = 0.775372
[e114 s0150/1030] loss = 0.666521
[e114 s0200/1030] loss = 0.617345
[e114 s0250/1030] loss = 0.578617
[e114 s0300/1030] loss = 0.574878
[e114 s0350/1030] loss = 0.580284
[e114 s0400/1030] loss = 0.580385
[e114 s0450/1030] loss = 0.581181
[e114 s0500/1030] loss = 0.584576
[e114 s0550/1030] loss = 0.571946
[e114 s0600/1030] loss = 0.591423
[e114 s0650/1030] loss = 0.583270
[e114 s0700/1030] loss = 0.580461
[e114 s0750/1030] loss = 0.602413
[e114 s0800/1030] loss = 0.615392
[e114 s0850/1030] loss = 0.603420
[e114 s0900/1030] loss = 1.096023
[e114 s0950/1030] loss = 1.078897
[e114 s1000/1030] loss = 1.046038
Epoch 114: train_loss = 1.031007  MAE/GAME0 = 10.434  RMSE = 31.599  GAME1 = 12.089  GAME2 = 13.942  GAME3 = 14.854  lr = 4.50e-05  time = 23.3s
[e115 s0001/1030] loss = 0.200499
[e115 s0050/1030] loss = 0.611610
[e115 s0100/1030] loss = 0.572066
[e115 s0150/1030] loss = 0.757722
[e115 s0200/1030] loss = 0.749867
[e115 s0250/1030] loss = 0.702560
[e115 s0300/1030] loss = 0.711947
[e115 s0350/1030] loss = 0.667991
[e115 s0400/1030] loss = 1.636814
[e115 s0450/1030] loss = 1.520119
[e115 s0500/1030] loss = 1.417193
[e115 s0550/1030] loss = 1.358176
[e115 s0600/1030] loss = 1.310529
[e115 s0650/1030] loss = 1.264679
[e115 s0700/1030] loss = 1.225464
[e115 s0750/1030] loss = 1.179420
[e115 s0800/1030] loss = 1.132248
[e115 s0850/1030] loss = 1.134615
[e115 s0900/1030] loss = 1.100538
[e115 s0950/1030] loss = 1.077921
[e115 s1000/1030] loss = 1.057134
Epoch 115: train_loss = 1.039722  MAE/GAME0 = 10.524  RMSE = 32.479  GAME1 = 12.549  GAME2 = 14.632  GAME3 = 15.893  lr = 4.48e-05  time = 23.4s
[e116 s0001/1030] loss = 5.459253
[e116 s0050/1030] loss = 0.710567
[e116 s0100/1030] loss = 0.769300
[e116 s0150/1030] loss = 0.815070
[e116 s0200/1030] loss = 0.806254
[e116 s0250/1030] loss = 0.735716
[e116 s0300/1030] loss = 0.711723
[e116 s0350/1030] loss = 0.691135
[e116 s0400/1030] loss = 0.682633
[e116 s0450/1030] loss = 0.778968
[e116 s0500/1030] loss = 0.787659
[e116 s0550/1030] loss = 1.524189
[e116 s0600/1030] loss = 1.430974
[e116 s0650/1030] loss = 1.359961
[e116 s0700/1030] loss = 1.304768
[e116 s0750/1030] loss = 1.247533
[e116 s0800/1030] loss = 1.209471
[e116 s0850/1030] loss = 1.213652
[e116 s0900/1030] loss = 1.179940
[e116 s0950/1030] loss = 1.151839
[e116 s1000/1030] loss = 1.116660
Epoch 116: train_loss = 1.099780  MAE/GAME0 = 10.440  RMSE = 32.822  GAME1 = 12.256  GAME2 = 13.986  GAME3 = 15.057  lr = 4.47e-05  time = 23.1s
[e117 s0001/1030] loss = 0.146501
[e117 s0050/1030] loss = 0.529786
[e117 s0100/1030] loss = 0.720592
[e117 s0150/1030] loss = 0.676709
[e117 s0200/1030] loss = 0.605469
[e117 s0250/1030] loss = 0.592488
[e117 s0300/1030] loss = 0.599106
[e117 s0350/1030] loss = 0.584160
[e117 s0400/1030] loss = 0.560444
[e117 s0450/1030] loss = 0.566512
[e117 s0500/1030] loss = 0.597596
[e117 s0550/1030] loss = 0.577246
[e117 s0600/1030] loss = 0.639330
[e117 s0650/1030] loss = 0.626758
[e117 s0700/1030] loss = 0.643818
[e117 s0750/1030] loss = 1.179265
[e117 s0800/1030] loss = 1.146681
[e117 s0850/1030] loss = 1.107008
[e117 s0900/1030] loss = 1.080339
[e117 s0950/1030] loss = 1.059950
[e117 s1000/1030] loss = 1.042425
Epoch 117: train_loss = 1.026232  MAE/GAME0 = 12.397  RMSE = 34.493  GAME1 = 13.514  GAME2 = 14.853  GAME3 = 15.588  lr = 4.46e-05  time = 23.1s
[e118 s0001/1030] loss = 0.069854
[e118 s0050/1030] loss = 0.549325
[e118 s0100/1030] loss = 0.793046
[e118 s0150/1030] loss = 0.851194
[e118 s0200/1030] loss = 0.887099
[e118 s0250/1030] loss = 0.795823
[e118 s0300/1030] loss = 0.764046
[e118 s0350/1030] loss = 0.746511
[e118 s0400/1030] loss = 0.707031
[e118 s0450/1030] loss = 0.699080
[e118 s0500/1030] loss = 0.681818
[e118 s0550/1030] loss = 1.384981
[e118 s0600/1030] loss = 1.307316
[e118 s0650/1030] loss = 1.258930
[e118 s0700/1030] loss = 1.220214
[e118 s0750/1030] loss = 1.174692
[e118 s0800/1030] loss = 1.146899
[e118 s0850/1030] loss = 1.103395
[e118 s0900/1030] loss = 1.070675
[e118 s0950/1030] loss = 1.065086
[e118 s1000/1030] loss = 1.068791
Epoch 118: train_loss = 1.056112  MAE/GAME0 = 17.964  RMSE = 39.381  GAME1 = 20.591  GAME2 = 22.654  GAME3 = 23.836  lr = 4.44e-05  time = 23.1s
[e119 s0001/1030] loss = 0.997491
[e119 s0050/1030] loss = 0.528600
[e119 s0100/1030] loss = 0.428993
[e119 s0150/1030] loss = 0.453478
[e119 s0200/1030] loss = 0.520094
[e119 s0250/1030] loss = 0.552033
[e119 s0300/1030] loss = 0.641610
[e119 s0350/1030] loss = 0.656922
[e119 s0400/1030] loss = 0.636025
[e119 s0450/1030] loss = 0.700651
[e119 s0500/1030] loss = 0.715258
[e119 s0550/1030] loss = 0.688427
[e119 s0600/1030] loss = 1.339448
[e119 s0650/1030] loss = 1.266297
[e119 s0700/1030] loss = 1.227641
[e119 s0750/1030] loss = 1.172349
[e119 s0800/1030] loss = 1.123970
[e119 s0850/1030] loss = 1.105619
[e119 s0900/1030] loss = 1.080828
[e119 s0950/1030] loss = 1.046648
[e119 s1000/1030] loss = 1.080493
Epoch 119: train_loss = 1.071759  MAE/GAME0 = 9.877  RMSE = 31.457  GAME1 = 12.269  GAME2 = 14.473  GAME3 = 15.746  lr = 4.43e-05  time = 23.1s
[e120 s0001/1030] loss = 0.168006
[e120 s0050/1030] loss = 0.327005
[e120 s0100/1030] loss = 0.427838
[e120 s0150/1030] loss = 0.409767
[e120 s0200/1030] loss = 0.494333
[e120 s0250/1030] loss = 2.121859
[e120 s0300/1030] loss = 1.871420
[e120 s0350/1030] loss = 1.701727
[e120 s0400/1030] loss = 1.550839
[e120 s0450/1030] loss = 1.423622
[e120 s0500/1030] loss = 1.330687
[e120 s0550/1030] loss = 1.285993
[e120 s0600/1030] loss = 1.247970
[e120 s0650/1030] loss = 1.207834
[e120 s0700/1030] loss = 1.170431
[e120 s0750/1030] loss = 1.123606
[e120 s0800/1030] loss = 1.108644
[e120 s0850/1030] loss = 1.128822
[e120 s0900/1030] loss = 1.121104
[e120 s0950/1030] loss = 1.090458
[e120 s1000/1030] loss = 1.072134
Epoch 120: train_loss = 1.058334  MAE/GAME0 = 10.850  RMSE = 31.628  GAME1 = 12.864  GAME2 = 15.045  GAME3 = 16.281  lr = 4.42e-05  time = 23.1s
[e121 s0001/1030] loss = 0.056737
[e121 s0050/1030] loss = 1.367288
[e121 s0100/1030] loss = 1.110154
[e121 s0150/1030] loss = 0.963311
[e121 s0200/1030] loss = 0.818633
[e121 s0250/1030] loss = 0.743731
[e121 s0300/1030] loss = 0.707924
[e121 s0350/1030] loss = 0.665933
[e121 s0400/1030] loss = 0.643599
[e121 s0450/1030] loss = 1.550648
[e121 s0500/1030] loss = 1.457613
[e121 s0550/1030] loss = 1.384159
[e121 s0600/1030] loss = 1.370903
[e121 s0650/1030] loss = 1.362836
[e121 s0700/1030] loss = 1.312740
[e121 s0750/1030] loss = 1.257842
[e121 s0800/1030] loss = 1.240889
[e121 s0850/1030] loss = 1.211318
[e121 s0900/1030] loss = 1.169850
[e121 s0950/1030] loss = 1.147240
[e121 s1000/1030] loss = 1.127740
Epoch 121: train_loss = 1.105336  MAE/GAME0 = 11.087  RMSE = 32.616  GAME1 = 13.294  GAME2 = 15.488  GAME3 = 16.865  lr = 4.40e-05  time = 23.1s
[e122 s0001/1030] loss = 0.150229
[e122 s0050/1030] loss = 0.513390
[e122 s0100/1030] loss = 0.519629
[e122 s0150/1030] loss = 0.612657
[e122 s0200/1030] loss = 0.610889
[e122 s0250/1030] loss = 0.571183
[e122 s0300/1030] loss = 0.538167
[e122 s0350/1030] loss = 0.576301
[e122 s0400/1030] loss = 0.619050
[e122 s0450/1030] loss = 0.619721
[e122 s0500/1030] loss = 0.649753
[e122 s0550/1030] loss = 0.678998
[e122 s0600/1030] loss = 0.673901
[e122 s0650/1030] loss = 0.664447
[e122 s0700/1030] loss = 0.649265
[e122 s0750/1030] loss = 0.635019
[e122 s0800/1030] loss = 0.629764
[e122 s0850/1030] loss = 0.623143
[e122 s0900/1030] loss = 1.054141
[e122 s0950/1030] loss = 1.020492
[e122 s1000/1030] loss = 1.021378
Epoch 122: train_loss = 1.007951  MAE/GAME0 = 11.140  RMSE = 31.158  GAME1 = 13.004  GAME2 = 15.162  GAME3 = 16.461  lr = 4.39e-05  time = 23.2s
[e123 s0001/1030] loss = 0.221397
[e123 s0050/1030] loss = 0.397037
[e123 s0100/1030] loss = 0.423377
[e123 s0150/1030] loss = 0.541754
[e123 s0200/1030] loss = 0.530766
[e123 s0250/1030] loss = 0.550316
[e123 s0300/1030] loss = 0.587708
[e123 s0350/1030] loss = 1.682982
[e123 s0400/1030] loss = 1.560827
[e123 s0450/1030] loss = 1.482744
[e123 s0500/1030] loss = 1.372413
[e123 s0550/1030] loss = 1.388467
[e123 s0600/1030] loss = 1.378133
[e123 s0650/1030] loss = 1.314049
[e123 s0700/1030] loss = 1.251521
[e123 s0750/1030] loss = 1.190422
[e123 s0800/1030] loss = 1.151317
[e123 s0850/1030] loss = 1.119785
[e123 s0900/1030] loss = 1.085198
[e123 s0950/1030] loss = 1.081391
[e123 s1000/1030] loss = 1.049692
Epoch 123: train_loss = 1.030850  MAE/GAME0 = 10.558  RMSE = 32.446  GAME1 = 12.117  GAME2 = 13.902  GAME3 = 14.964  lr = 4.37e-05  time = 23.0s
[e124 s0001/1030] loss = 0.105877
[e124 s0050/1030] loss = 0.528836
[e124 s0100/1030] loss = 0.466486
[e124 s0150/1030] loss = 0.453375
[e124 s0200/1030] loss = 0.469090
[e124 s0250/1030] loss = 0.504950
[e124 s0300/1030] loss = 0.538317
[e124 s0350/1030] loss = 0.547261
[e124 s0400/1030] loss = 0.548484
[e124 s0450/1030] loss = 0.571670
[e124 s0500/1030] loss = 0.583037
[e124 s0550/1030] loss = 0.591484
[e124 s0600/1030] loss = 0.695231
[e124 s0650/1030] loss = 0.706389
[e124 s0700/1030] loss = 0.689933
[e124 s0750/1030] loss = 0.693623
[e124 s0800/1030] loss = 0.679866
[e124 s0850/1030] loss = 0.666917
[e124 s0900/1030] loss = 1.114961
[e124 s0950/1030] loss = 1.081824
[e124 s1000/1030] loss = 1.046190
Epoch 124: train_loss = 1.038515  MAE/GAME0 = 12.981  RMSE = 33.180  GAME1 = 14.969  GAME2 = 17.205  GAME3 = 18.418  lr = 4.36e-05  time = 23.2s
[e125 s0001/1030] loss = 0.277403
[e125 s0050/1030] loss = 0.623307
[e125 s0100/1030] loss = 0.601884
[e125 s0150/1030] loss = 0.615054
[e125 s0200/1030] loss = 0.653290
[e125 s0250/1030] loss = 0.713849
[e125 s0300/1030] loss = 0.700420
[e125 s0350/1030] loss = 0.692983
[e125 s0400/1030] loss = 0.658936
[e125 s0450/1030] loss = 0.631879
[e125 s0500/1030] loss = 0.621294
[e125 s0550/1030] loss = 0.617771
[e125 s0600/1030] loss = 0.612646
[e125 s0650/1030] loss = 0.658189
[e125 s0700/1030] loss = 0.653490
[e125 s0750/1030] loss = 0.657214
[e125 s0800/1030] loss = 0.674841
[e125 s0850/1030] loss = 0.652399
[e125 s0900/1030] loss = 0.649061
[e125 s0950/1030] loss = 0.633430
[e125 s1000/1030] loss = 1.074777
Epoch 125: train_loss = 1.060519  MAE/GAME0 = 11.300  RMSE = 32.986  GAME1 = 12.735  GAME2 = 14.264  GAME3 = 15.191  lr = 4.34e-05  time = 23.3s
[e126 s0001/1030] loss = 0.091476
[e126 s0050/1030] loss = 0.398371
[e126 s0100/1030] loss = 0.419587
[e126 s0150/1030] loss = 2.953769
[e126 s0200/1030] loss = 2.346581
[e126 s0250/1030] loss = 2.026813
[e126 s0300/1030] loss = 1.782122
[e126 s0350/1030] loss = 1.593689
[e126 s0400/1030] loss = 1.483037
[e126 s0450/1030] loss = 1.379984
[e126 s0500/1030] loss = 1.335992
[e126 s0550/1030] loss = 1.314331
[e126 s0600/1030] loss = 1.235997
[e126 s0650/1030] loss = 1.174035
[e126 s0700/1030] loss = 1.141501
[e126 s0750/1030] loss = 1.089463
[e126 s0800/1030] loss = 1.061166
[e126 s0850/1030] loss = 1.038329
[e126 s0900/1030] loss = 1.011809
[e126 s0950/1030] loss = 0.984852
[e126 s1000/1030] loss = 0.987385
Epoch 126: train_loss = 0.976498  MAE/GAME0 = 10.393  RMSE = 32.438  GAME1 = 12.495  GAME2 = 14.679  GAME3 = 15.910  lr = 4.33e-05  time = 23.2s
[e127 s0001/1030] loss = 0.193339
[e127 s0050/1030] loss = 0.683215
[e127 s0100/1030] loss = 0.628487
[e127 s0150/1030] loss = 0.577567
[e127 s0200/1030] loss = 0.537807
[e127 s0250/1030] loss = 0.524235
[e127 s0300/1030] loss = 0.569723
[e127 s0350/1030] loss = 0.568097
[e127 s0400/1030] loss = 0.561823
[e127 s0450/1030] loss = 0.551810
[e127 s0500/1030] loss = 0.533196
[e127 s0550/1030] loss = 0.600235
[e127 s0600/1030] loss = 0.611644
[e127 s0650/1030] loss = 0.616019
[e127 s0700/1030] loss = 0.597081
[e127 s0750/1030] loss = 0.603438
[e127 s0800/1030] loss = 0.593660
[e127 s0850/1030] loss = 0.579265
[e127 s0900/1030] loss = 0.578993
[e127 s0950/1030] loss = 0.588182
[e127 s1000/1030] loss = 0.995581
Epoch 127: train_loss = 0.990067  MAE/GAME0 = 10.123  RMSE = 31.042  GAME1 = 12.112  GAME2 = 14.162  GAME3 = 15.363  lr = 4.31e-05  time = 23.2s
[e128 s0001/1030] loss = 0.618355
[e128 s0050/1030] loss = 0.680060
[e128 s0100/1030] loss = 0.555127
[e128 s0150/1030] loss = 0.625665
[e128 s0200/1030] loss = 0.605193
[e128 s0250/1030] loss = 0.583271
[e128 s0300/1030] loss = 0.571497
[e128 s0350/1030] loss = 0.571270
[e128 s0400/1030] loss = 0.582381
[e128 s0450/1030] loss = 0.582646
[e128 s0500/1030] loss = 0.573790
[e128 s0550/1030] loss = 0.552956
[e128 s0600/1030] loss = 0.571863
[e128 s0650/1030] loss = 0.566992
[e128 s0700/1030] loss = 0.567099
[e128 s0750/1030] loss = 0.562306
[e128 s0800/1030] loss = 0.589130
[e128 s0850/1030] loss = 0.580373
[e128 s0900/1030] loss = 1.043747
[e128 s0950/1030] loss = 1.026585
[e128 s1000/1030] loss = 1.016690
Epoch 128: train_loss = 1.015755  MAE/GAME0 = 10.904  RMSE = 32.090  GAME1 = 12.457  GAME2 = 14.014  GAME3 = 14.994  lr = 4.30e-05  time = 23.1s
[e129 s0001/1030] loss = 0.123925
[e129 s0050/1030] loss = 0.307408
[e129 s0100/1030] loss = 0.349045
[e129 s0150/1030] loss = 0.408124
[e129 s0200/1030] loss = 0.507868
[e129 s0250/1030] loss = 0.507620
[e129 s0300/1030] loss = 0.512738
[e129 s0350/1030] loss = 0.559286
[e129 s0400/1030] loss = 0.554658
[e129 s0450/1030] loss = 0.573783
[e129 s0500/1030] loss = 0.553391
[e129 s0550/1030] loss = 0.541965
[e129 s0600/1030] loss = 0.548876
[e129 s0650/1030] loss = 0.656249
[e129 s0700/1030] loss = 0.648592
[e129 s0750/1030] loss = 0.631525
[e129 s0800/1030] loss = 0.631630
[e129 s0850/1030] loss = 0.648680
[e129 s0900/1030] loss = 1.064353
[e129 s0950/1030] loss = 1.034863
[e129 s1000/1030] loss = 1.004305
Epoch 129: train_loss = 0.988473  MAE/GAME0 = 11.206  RMSE = 31.228  GAME1 = 13.096  GAME2 = 15.166  GAME3 = 16.509  lr = 4.28e-05  time = 23.2s
[e130 s0001/1030] loss = 0.884155
[e130 s0050/1030] loss = 0.490639
[e130 s0100/1030] loss = 0.511256
[e130 s0150/1030] loss = 0.529348
[e130 s0200/1030] loss = 0.602270
[e130 s0250/1030] loss = 0.585879
[e130 s0300/1030] loss = 0.554772
[e130 s0350/1030] loss = 0.554892
[e130 s0400/1030] loss = 0.567045
[e130 s0450/1030] loss = 0.576163
[e130 s0500/1030] loss = 0.610314
[e130 s0550/1030] loss = 0.587197
[e130 s0600/1030] loss = 0.617763
[e130 s0650/1030] loss = 0.607579
[e130 s0700/1030] loss = 0.595783
[e130 s0750/1030] loss = 0.636701
[e130 s0800/1030] loss = 0.630583
[e130 s0850/1030] loss = 0.611903
[e130 s0900/1030] loss = 1.051343
[e130 s0950/1030] loss = 1.051732
[e130 s1000/1030] loss = 1.022790
Epoch 130: train_loss = 1.005340  MAE/GAME0 = 10.727  RMSE = 32.612  GAME1 = 12.446  GAME2 = 14.221  GAME3 = 15.283  lr = 4.27e-05  time = 23.1s
[e131 s0001/1030] loss = 0.327604
[e131 s0050/1030] loss = 0.365990
[e131 s0100/1030] loss = 0.483887
[e131 s0150/1030] loss = 0.515584
[e131 s0200/1030] loss = 0.560186
[e131 s0250/1030] loss = 0.552933
[e131 s0300/1030] loss = 0.519566
[e131 s0350/1030] loss = 0.496549
[e131 s0400/1030] loss = 0.521010
[e131 s0450/1030] loss = 0.506176
[e131 s0500/1030] loss = 0.535566
[e131 s0550/1030] loss = 0.576119
[e131 s0600/1030] loss = 0.561258
[e131 s0650/1030] loss = 0.555835
[e131 s0700/1030] loss = 0.564214
[e131 s0750/1030] loss = 0.564055
[e131 s0800/1030] loss = 0.555793
[e131 s0850/1030] loss = 1.007993
[e131 s0900/1030] loss = 1.027405
[e131 s0950/1030] loss = 0.996202
[e131 s1000/1030] loss = 0.983168
Epoch 131: train_loss = 0.991833  MAE/GAME0 = 10.900  RMSE = 32.234  GAME1 = 12.403  GAME2 = 14.037  GAME3 = 15.086  lr = 4.25e-05  time = 23.1s
[e132 s0001/1030] loss = 2.387400
[e132 s0050/1030] loss = 0.372931
[e132 s0100/1030] loss = 0.614148
[e132 s0150/1030] loss = 0.582047
[e132 s0200/1030] loss = 0.608070
[e132 s0250/1030] loss = 0.618553
[e132 s0300/1030] loss = 0.646766
[e132 s0350/1030] loss = 0.612373
[e132 s0400/1030] loss = 0.621706
[e132 s0450/1030] loss = 0.622969
[e132 s0500/1030] loss = 0.654037
[e132 s0550/1030] loss = 0.640249
[e132 s0600/1030] loss = 0.636379
[e132 s0650/1030] loss = 0.619584
[e132 s0700/1030] loss = 0.612763
[e132 s0750/1030] loss = 0.607175
[e132 s0800/1030] loss = 0.621606
[e132 s0850/1030] loss = 0.618935
[e132 s0900/1030] loss = 0.602083
[e132 s0950/1030] loss = 0.596635
[e132 s1000/1030] loss = 1.003102
Epoch 132: train_loss = 0.986805  MAE/GAME0 = 10.188  RMSE = 31.051  GAME1 = 12.390  GAME2 = 14.277  GAME3 = 15.526  lr = 4.24e-05  time = 23.1s
[e133 s0001/1030] loss = 0.291569
[e133 s0050/1030] loss = 0.395231
[e133 s0100/1030] loss = 0.679665
[e133 s0150/1030] loss = 0.633779
[e133 s0200/1030] loss = 0.580210
[e133 s0250/1030] loss = 0.568734
[e133 s0300/1030] loss = 0.597809
[e133 s0350/1030] loss = 0.873385
[e133 s0400/1030] loss = 0.822477
[e133 s0450/1030] loss = 0.795660
[e133 s0500/1030] loss = 0.817353
[e133 s0550/1030] loss = 0.786148
[e133 s0600/1030] loss = 0.754002
[e133 s0650/1030] loss = 0.726664
[e133 s0700/1030] loss = 0.761223
[e133 s0750/1030] loss = 1.282770
[e133 s0800/1030] loss = 1.241811
[e133 s0850/1030] loss = 1.202623
[e133 s0900/1030] loss = 1.160331
[e133 s0950/1030] loss = 1.122481
[e133 s1000/1030] loss = 1.087432
Epoch 133: train_loss = 1.074690  MAE/GAME0 = 11.069  RMSE = 33.664  GAME1 = 12.549  GAME2 = 14.160  GAME3 = 15.192  lr = 4.22e-05  time = 23.2s
[e134 s0001/1030] loss = 0.141908
[e134 s0050/1030] loss = 0.407095
[e134 s0100/1030] loss = 0.620728
[e134 s0150/1030] loss = 0.590790
[e134 s0200/1030] loss = 0.543795
[e134 s0250/1030] loss = 2.219800
[e134 s0300/1030] loss = 1.928398
[e134 s0350/1030] loss = 1.742198
[e134 s0400/1030] loss = 1.690548
[e134 s0450/1030] loss = 1.641572
[e134 s0500/1030] loss = 1.545368
[e134 s0550/1030] loss = 1.460058
[e134 s0600/1030] loss = 1.371168
[e134 s0650/1030] loss = 1.306956
[e134 s0700/1030] loss = 1.247580
[e134 s0750/1030] loss = 1.196294
[e134 s0800/1030] loss = 1.148778
[e134 s0850/1030] loss = 1.150268
[e134 s0900/1030] loss = 1.122885
[e134 s0950/1030] loss = 1.105943
[e134 s1000/1030] loss = 1.069100
Epoch 134: train_loss = 1.055737  MAE/GAME0 = 10.552  RMSE = 32.359  GAME1 = 12.582  GAME2 = 14.548  GAME3 = 15.750  lr = 4.21e-05  time = 23.1s
[e135 s0001/1030] loss = 0.228701
[e135 s0050/1030] loss = 0.541128
[e135 s0100/1030] loss = 0.479051
[e135 s0150/1030] loss = 0.474593
[e135 s0200/1030] loss = 0.528920
[e135 s0250/1030] loss = 2.148466
[e135 s0300/1030] loss = 1.868346
[e135 s0350/1030] loss = 1.663952
[e135 s0400/1030] loss = 1.584925
[e135 s0450/1030] loss = 1.518452
[e135 s0500/1030] loss = 1.423233
[e135 s0550/1030] loss = 1.331600
[e135 s0600/1030] loss = 1.262248
[e135 s0650/1030] loss = 1.206730
[e135 s0700/1030] loss = 1.158587
[e135 s0750/1030] loss = 1.131208
[e135 s0800/1030] loss = 1.082318
[e135 s0850/1030] loss = 1.041821
[e135 s0900/1030] loss = 1.026871
[e135 s0950/1030] loss = 0.998264
[e135 s1000/1030] loss = 0.969082
Epoch 135: train_loss = 0.960093  MAE/GAME0 = 11.667  RMSE = 34.128  GAME1 = 13.140  GAME2 = 14.774  GAME3 = 15.771  lr = 4.19e-05  time = 23.0s
[e136 s0001/1030] loss = 0.546546
[e136 s0050/1030] loss = 0.762932
[e136 s0100/1030] loss = 0.587378
[e136 s0150/1030] loss = 0.633778
[e136 s0200/1030] loss = 0.756000
[e136 s0250/1030] loss = 0.712560
[e136 s0300/1030] loss = 0.659807
[e136 s0350/1030] loss = 0.686974
[e136 s0400/1030] loss = 0.639768
[e136 s0450/1030] loss = 0.625852
[e136 s0500/1030] loss = 1.406581
[e136 s0550/1030] loss = 1.319790
[e136 s0600/1030] loss = 1.258122
[e136 s0650/1030] loss = 1.221698
[e136 s0700/1030] loss = 1.172312
[e136 s0750/1030] loss = 1.119008
[e136 s0800/1030] loss = 1.082224
[e136 s0850/1030] loss = 1.047898
[e136 s0900/1030] loss = 1.012876
[e136 s0950/1030] loss = 0.981760
[e136 s1000/1030] loss = 0.960173
Epoch 136: train_loss = 0.946171  MAE/GAME0 = 12.389  RMSE = 31.853  GAME1 = 14.347  GAME2 = 16.694  GAME3 = 18.012  lr = 4.17e-05  time = 23.1s
[e137 s0001/1030] loss = 0.146801
[e137 s0050/1030] loss = 0.472243
[e137 s0100/1030] loss = 0.745800
[e137 s0150/1030] loss = 0.645675
[e137 s0200/1030] loss = 0.624766
[e137 s0250/1030] loss = 0.630836
[e137 s0300/1030] loss = 0.607786
[e137 s0350/1030] loss = 0.618088
[e137 s0400/1030] loss = 0.594563
[e137 s0450/1030] loss = 0.586283
[e137 s0500/1030] loss = 1.381706
[e137 s0550/1030] loss = 1.333286
[e137 s0600/1030] loss = 1.288268
[e137 s0650/1030] loss = 1.248539
[e137 s0700/1030] loss = 1.200389
[e137 s0750/1030] loss = 1.167147
[e137 s0800/1030] loss = 1.114700
[e137 s0850/1030] loss = 1.073320
[e137 s0900/1030] loss = 1.043006
[e137 s0950/1030] loss = 1.015964
[e137 s1000/1030] loss = 1.002467
Epoch 137: train_loss = 0.990970  MAE/GAME0 = 10.738  RMSE = 31.933  GAME1 = 12.670  GAME2 = 14.713  GAME3 = 16.001  lr = 4.16e-05  time = 23.0s
[e138 s0001/1030] loss = 0.151812
[e138 s0050/1030] loss = 0.543262
[e138 s0100/1030] loss = 0.502093
[e138 s0150/1030] loss = 0.489668
[e138 s0200/1030] loss = 0.459027
[e138 s0250/1030] loss = 0.567340
[e138 s0300/1030] loss = 0.676801
[e138 s0350/1030] loss = 0.637680
[e138 s0400/1030] loss = 0.613851
[e138 s0450/1030] loss = 0.703850
[e138 s0500/1030] loss = 0.685709
[e138 s0550/1030] loss = 0.665447
[e138 s0600/1030] loss = 0.683688
[e138 s0650/1030] loss = 0.687837
[e138 s0700/1030] loss = 0.671808
[e138 s0750/1030] loss = 0.669622
[e138 s0800/1030] loss = 0.663016
[e138 s0850/1030] loss = 0.649254
[e138 s0900/1030] loss = 1.120187
[e138 s0950/1030] loss = 1.076909
[e138 s1000/1030] loss = 1.046797
Epoch 138: train_loss = 1.026162  MAE/GAME0 = 11.088  RMSE = 32.593  GAME1 = 13.087  GAME2 = 15.179  GAME3 = 16.433  lr = 4.14e-05  time = 23.2s
[e139 s0001/1030] loss = 0.104128
[e139 s0050/1030] loss = 8.094298
[e139 s0100/1030] loss = 4.296319
[e139 s0150/1030] loss = 2.996891
[e139 s0200/1030] loss = 2.335273
[e139 s0250/1030] loss = 1.977979
[e139 s0300/1030] loss = 1.750664
[e139 s0350/1030] loss = 1.589363
[e139 s0400/1030] loss = 1.442145
[e139 s0450/1030] loss = 1.373995
[e139 s0500/1030] loss = 1.300827
[e139 s0550/1030] loss = 1.235178
[e139 s0600/1030] loss = 1.181691
[e139 s0650/1030] loss = 1.163475
[e139 s0700/1030] loss = 1.110137
[e139 s0750/1030] loss = 1.104637
[e139 s0800/1030] loss = 1.062529
[e139 s0850/1030] loss = 1.046598
[e139 s0900/1030] loss = 1.016645
[e139 s0950/1030] loss = 0.988974
[e139 s1000/1030] loss = 0.977533
Epoch 139: train_loss = 0.971910  MAE/GAME0 = 11.497  RMSE = 34.221  GAME1 = 13.006  GAME2 = 14.758  GAME3 = 15.770  lr = 4.12e-05  time = 23.1s
[e140 s0001/1030] loss = 0.210259
[e140 s0050/1030] loss = 0.859522
[e140 s0100/1030] loss = 0.591780
[e140 s0150/1030] loss = 0.554206
[e140 s0200/1030] loss = 0.764209
[e140 s0250/1030] loss = 0.690475
[e140 s0300/1030] loss = 0.637782
[e140 s0350/1030] loss = 0.623298
[e140 s0400/1030] loss = 0.619866
[e140 s0450/1030] loss = 0.589257
[e140 s0500/1030] loss = 0.704897
[e140 s0550/1030] loss = 0.682690
[e140 s0600/1030] loss = 0.671927
[e140 s0650/1030] loss = 0.650129
[e140 s0700/1030] loss = 0.632426
[e140 s0750/1030] loss = 0.620266
[e140 s0800/1030] loss = 1.136997
[e140 s0850/1030] loss = 1.108541
[e140 s0900/1030] loss = 1.069330
[e140 s0950/1030] loss = 1.049976
[e140 s1000/1030] loss = 1.021408
Epoch 140: train_loss = 1.014160  MAE/GAME0 = 11.058  RMSE = 32.648  GAME1 = 12.938  GAME2 = 15.023  GAME3 = 16.213  lr = 4.11e-05  time = 23.2s
[e141 s0001/1030] loss = 0.062764
[e141 s0050/1030] loss = 0.974641
[e141 s0100/1030] loss = 0.913882
[e141 s0150/1030] loss = 0.774316
[e141 s0200/1030] loss = 0.675915
[e141 s0250/1030] loss = 0.651292
[e141 s0300/1030] loss = 0.609451
[e141 s0350/1030] loss = 0.584327
[e141 s0400/1030] loss = 0.592551
[e141 s0450/1030] loss = 0.640382
[e141 s0500/1030] loss = 0.636226
[e141 s0550/1030] loss = 0.634510
[e141 s0600/1030] loss = 1.285670
[e141 s0650/1030] loss = 1.217941
[e141 s0700/1030] loss = 1.152555
[e141 s0750/1030] loss = 1.108360
[e141 s0800/1030] loss = 1.068687
[e141 s0850/1030] loss = 1.032530
[e141 s0900/1030] loss = 1.001727
[e141 s0950/1030] loss = 0.968651
[e141 s1000/1030] loss = 0.976191
Epoch 141: train_loss = 0.976460  MAE/GAME0 = 10.499  RMSE = 32.151  GAME1 = 12.315  GAME2 = 14.225  GAME3 = 15.393  lr = 4.09e-05  time = 22.9s
[e142 s0001/1030] loss = 0.147595
[e142 s0050/1030] loss = 0.889905
[e142 s0100/1030] loss = 0.830893
[e142 s0150/1030] loss = 0.688015
[e142 s0200/1030] loss = 2.736327
[e142 s0250/1030] loss = 2.259610
[e142 s0300/1030] loss = 1.996405
[e142 s0350/1030] loss = 1.773657
[e142 s0400/1030] loss = 1.595758
[e142 s0450/1030] loss = 1.469797
[e142 s0500/1030] loss = 1.396557
[e142 s0550/1030] loss = 1.318641
[e142 s0600/1030] loss = 1.272086
[e142 s0650/1030] loss = 1.199635
[e142 s0700/1030] loss = 1.159641
[e142 s0750/1030] loss = 1.117923
[e142 s0800/1030] loss = 1.076136
[e142 s0850/1030] loss = 1.035837
[e142 s0900/1030] loss = 1.009002
[e142 s0950/1030] loss = 0.982500
[e142 s1000/1030] loss = 0.969787
Epoch 142: train_loss = 0.947717  MAE/GAME0 = 10.338  RMSE = 31.846  GAME1 = 12.513  GAME2 = 14.651  GAME3 = 15.799  lr = 4.07e-05  time = 23.0s
[e143 s0001/1030] loss = 0.635741
[e143 s0050/1030] loss = 0.271515
[e143 s0100/1030] loss = 0.658924
[e143 s0150/1030] loss = 0.548828
[e143 s0200/1030] loss = 0.503230
[e143 s0250/1030] loss = 0.497545
[e143 s0300/1030] loss = 0.485460
[e143 s0350/1030] loss = 0.501843
[e143 s0400/1030] loss = 0.538721
[e143 s0450/1030] loss = 0.540113
[e143 s0500/1030] loss = 0.538543
[e143 s0550/1030] loss = 0.602012
[e143 s0600/1030] loss = 0.600587
[e143 s0650/1030] loss = 0.589105
[e143 s0700/1030] loss = 0.577123
[e143 s0750/1030] loss = 0.570817
[e143 s0800/1030] loss = 1.053405
[e143 s0850/1030] loss = 1.025141
[e143 s0900/1030] loss = 0.996305
[e143 s0950/1030] loss = 0.970185
[e143 s1000/1030] loss = 0.954852
Epoch 143: train_loss = 0.949142  MAE/GAME0 = 11.085  RMSE = 31.987  GAME1 = 13.092  GAME2 = 15.534  GAME3 = 16.780  lr = 4.06e-05  time = 23.2s
[e144 s0001/1030] loss = 0.096321
[e144 s0050/1030] loss = 0.314400
[e144 s0100/1030] loss = 0.413218
[e144 s0150/1030] loss = 0.406569
[e144 s0200/1030] loss = 0.382408
[e144 s0250/1030] loss = 0.451454
[e144 s0300/1030] loss = 0.462353
[e144 s0350/1030] loss = 0.484622
[e144 s0400/1030] loss = 0.578905
[e144 s0450/1030] loss = 0.648452
[e144 s0500/1030] loss = 1.407584
[e144 s0550/1030] loss = 1.324785
[e144 s0600/1030] loss = 1.284111
[e144 s0650/1030] loss = 1.243923
[e144 s0700/1030] loss = 1.189290
[e144 s0750/1030] loss = 1.151288
[e144 s0800/1030] loss = 1.104553
[e144 s0850/1030] loss = 1.070473
[e144 s0900/1030] loss = 1.041938
[e144 s0950/1030] loss = 1.007717
[e144 s1000/1030] loss = 0.990864
Epoch 144: train_loss = 0.973794  MAE/GAME0 = 11.028  RMSE = 33.701  GAME1 = 12.699  GAME2 = 14.435  GAME3 = 15.479  lr = 4.04e-05  time = 23.1s
[e145 s0001/1030] loss = 2.892081
[e145 s0050/1030] loss = 0.763384
[e145 s0100/1030] loss = 0.852639
[e145 s0150/1030] loss = 0.709260
[e145 s0200/1030] loss = 0.655616
[e145 s0250/1030] loss = 0.718580
[e145 s0300/1030] loss = 0.695336
[e145 s0350/1030] loss = 0.650939
[e145 s0400/1030] loss = 0.614442
[e145 s0450/1030] loss = 0.646536
[e145 s0500/1030] loss = 0.615627
[e145 s0550/1030] loss = 0.597849
[e145 s0600/1030] loss = 0.604231
[e145 s0650/1030] loss = 0.588491
[e145 s0700/1030] loss = 1.191375
[e145 s0750/1030] loss = 1.174952
[e145 s0800/1030] loss = 1.122728
[e145 s0850/1030] loss = 1.088603
[e145 s0900/1030] loss = 1.045210
[e145 s0950/1030] loss = 1.017399
[e145 s1000/1030] loss = 0.994134
Epoch 145: train_loss = 0.980572  MAE/GAME0 = 10.992  RMSE = 33.216  GAME1 = 12.938  GAME2 = 15.102  GAME3 = 16.343  lr = 4.02e-05  time = 23.3s
[e146 s0001/1030] loss = 2.822863
[e146 s0050/1030] loss = 0.482615
[e146 s0100/1030] loss = 0.453513
[e146 s0150/1030] loss = 0.601989
[e146 s0200/1030] loss = 0.561112
[e146 s0250/1030] loss = 0.540513
[e146 s0300/1030] loss = 0.548802
[e146 s0350/1030] loss = 0.566241
[e146 s0400/1030] loss = 0.598910
[e146 s0450/1030] loss = 0.590778
[e146 s0500/1030] loss = 0.579217
[e146 s0550/1030] loss = 0.580461
[e146 s0600/1030] loss = 0.569968
[e146 s0650/1030] loss = 0.557203
[e146 s0700/1030] loss = 0.555257
[e146 s0750/1030] loss = 0.559906
[e146 s0800/1030] loss = 0.560829
[e146 s0850/1030] loss = 1.031654
[e146 s0900/1030] loss = 1.050789
[e146 s0950/1030] loss = 1.040915
[e146 s1000/1030] loss = 1.015850
Epoch 146: train_loss = 1.001588  MAE/GAME0 = 11.023  RMSE = 32.249  GAME1 = 12.960  GAME2 = 15.121  GAME3 = 16.395  lr = 4.01e-05  time = 23.1s
[e147 s0001/1030] loss = 0.105078
[e147 s0050/1030] loss = 0.395072
[e147 s0100/1030] loss = 0.415498
[e147 s0150/1030] loss = 0.512615
[e147 s0200/1030] loss = 0.631436
[e147 s0250/1030] loss = 0.658559
[e147 s0300/1030] loss = 0.651735
[e147 s0350/1030] loss = 0.630860
[e147 s0400/1030] loss = 0.708970
[e147 s0450/1030] loss = 0.748473
[e147 s0500/1030] loss = 0.722583
[e147 s0550/1030] loss = 0.696419
[e147 s0600/1030] loss = 0.670317
[e147 s0650/1030] loss = 0.647713
[e147 s0700/1030] loss = 0.629091
[e147 s0750/1030] loss = 1.148986
[e147 s0800/1030] loss = 1.096401
[e147 s0850/1030] loss = 1.058506
[e147 s0900/1030] loss = 1.022977
[e147 s0950/1030] loss = 1.004103
[e147 s1000/1030] loss = 0.978733
Epoch 147: train_loss = 0.964816  MAE/GAME0 = 10.981  RMSE = 32.170  GAME1 = 12.995  GAME2 = 15.353  GAME3 = 16.651  lr = 3.99e-05  time = 23.0s
[e148 s0001/1030] loss = 0.205621
[e148 s0050/1030] loss = 0.334105
[e148 s0100/1030] loss = 0.356436
[e148 s0150/1030] loss = 0.365649
[e148 s0200/1030] loss = 0.383387
[e148 s0250/1030] loss = 0.394119
[e148 s0300/1030] loss = 0.439930
[e148 s0350/1030] loss = 0.505522
[e148 s0400/1030] loss = 0.516714
[e148 s0450/1030] loss = 0.530143
[e148 s0500/1030] loss = 0.508338
[e148 s0550/1030] loss = 0.499678
[e148 s0600/1030] loss = 0.493121
[e148 s0650/1030] loss = 0.482502
[e148 s0700/1030] loss = 0.477738
[e148 s0750/1030] loss = 1.053631
[e148 s0800/1030] loss = 1.009615
[e148 s0850/1030] loss = 0.989053
[e148 s0900/1030] loss = 1.000052
[e148 s0950/1030] loss = 0.968950
[e148 s1000/1030] loss = 0.958795
Epoch 148: train_loss = 0.947171  MAE/GAME0 = 10.510  RMSE = 32.414  GAME1 = 12.280  GAME2 = 14.375  GAME3 = 15.531  lr = 3.97e-05  time = 23.1s
[e149 s0001/1030] loss = 0.140694
[e149 s0050/1030] loss = 0.489868
[e149 s0100/1030] loss = 0.617392
[e149 s0150/1030] loss = 0.511508
[e149 s0200/1030] loss = 0.503291
[e149 s0250/1030] loss = 0.528741
[e149 s0300/1030] loss = 0.537438
[e149 s0350/1030] loss = 0.529926
[e149 s0400/1030] loss = 0.527893
[e149 s0450/1030] loss = 0.515863
[e149 s0500/1030] loss = 0.555810
[e149 s0550/1030] loss = 0.545640
[e149 s0600/1030] loss = 0.550622
[e149 s0650/1030] loss = 0.544858
[e149 s0700/1030] loss = 0.541039
[e149 s0750/1030] loss = 1.061503
[e149 s0800/1030] loss = 1.098187
[e149 s0850/1030] loss = 1.065856
[e149 s0900/1030] loss = 1.037574
[e149 s0950/1030] loss = 1.002120
[e149 s1000/1030] loss = 0.970875
Epoch 149: train_loss = 0.960420  MAE/GAME0 = 13.350  RMSE = 35.146  GAME1 = 14.506  GAME2 = 15.670  GAME3 = 16.354  lr = 3.95e-05  time = 23.2s
[e150 s0001/1030] loss = 4.629983
[e150 s0050/1030] loss = 0.567752
[e150 s0100/1030] loss = 0.484586
[e150 s0150/1030] loss = 0.481002
[e150 s0200/1030] loss = 0.453325
[e150 s0250/1030] loss = 0.428312
[e150 s0300/1030] loss = 0.467504
[e150 s0350/1030] loss = 0.515504
[e150 s0400/1030] loss = 0.519402
[e150 s0450/1030] loss = 0.534977
[e150 s0500/1030] loss = 1.315161
[e150 s0550/1030] loss = 1.221406
[e150 s0600/1030] loss = 1.207534
[e150 s0650/1030] loss = 1.142453
[e150 s0700/1030] loss = 1.094393
[e150 s0750/1030] loss = 1.069290
[e150 s0800/1030] loss = 1.025691
[e150 s0850/1030] loss = 1.002970
[e150 s0900/1030] loss = 0.993072
[e150 s0950/1030] loss = 0.965999
[e150 s1000/1030] loss = 0.944603
Epoch 150: train_loss = 0.931026  MAE/GAME0 = 11.147  RMSE = 33.249  GAME1 = 12.951  GAME2 = 14.702  GAME3 = 15.741  lr = 3.93e-05  time = 22.9s
[e151 s0001/1030] loss = 0.693445
[e151 s0050/1030] loss = 0.843091
[e151 s0100/1030] loss = 0.789023
[e151 s0150/1030] loss = 0.724592
[e151 s0200/1030] loss = 0.645685
[e151 s0250/1030] loss = 0.613408
[e151 s0300/1030] loss = 0.565788
[e151 s0350/1030] loss = 0.577746
[e151 s0400/1030] loss = 0.576422
[e151 s0450/1030] loss = 0.559787
[e151 s0500/1030] loss = 0.552444
[e151 s0550/1030] loss = 0.549222
[e151 s0600/1030] loss = 0.552417
[e151 s0650/1030] loss = 0.566723
[e151 s0700/1030] loss = 1.138457
[e151 s0750/1030] loss = 1.085792
[e151 s0800/1030] loss = 1.048367
[e151 s0850/1030] loss = 1.013990
[e151 s0900/1030] loss = 0.993144
[e151 s0950/1030] loss = 0.959049
[e151 s1000/1030] loss = 0.928770
Epoch 151: train_loss = 0.911982  MAE/GAME0 = 10.588  RMSE = 32.186  GAME1 = 12.467  GAME2 = 14.478  GAME3 = 15.683  lr = 3.92e-05  time = 23.2s
[e152 s0001/1030] loss = 9.094817
[e152 s0050/1030] loss = 0.762575
[e152 s0100/1030] loss = 0.600320
[e152 s0150/1030] loss = 0.553294
[e152 s0200/1030] loss = 0.581681
[e152 s0250/1030] loss = 0.554567
[e152 s0300/1030] loss = 0.561145
[e152 s0350/1030] loss = 0.539283
[e152 s0400/1030] loss = 0.547309
[e152 s0450/1030] loss = 0.571531
[e152 s0500/1030] loss = 0.563633
[e152 s0550/1030] loss = 0.541010
[e152 s0600/1030] loss = 0.537208
[e152 s0650/1030] loss = 0.541210
[e152 s0700/1030] loss = 0.545484
[e152 s0750/1030] loss = 0.545642
[e152 s0800/1030] loss = 0.533432
[e152 s0850/1030] loss = 0.996486
[e152 s0900/1030] loss = 0.982759
[e152 s0950/1030] loss = 0.990233
[e152 s1000/1030] loss = 0.957849
Epoch 152: train_loss = 0.942037  MAE/GAME0 = 11.519  RMSE = 32.557  GAME1 = 12.987  GAME2 = 14.602  GAME3 = 15.502  lr = 3.90e-05  time = 23.6s
[e153 s0001/1030] loss = 0.148385
[e153 s0050/1030] loss = 0.535858
[e153 s0100/1030] loss = 0.463715
[e153 s0150/1030] loss = 0.578764
[e153 s0200/1030] loss = 0.584397
[e153 s0250/1030] loss = 2.084356
[e153 s0300/1030] loss = 1.811562
[e153 s0350/1030] loss = 1.658490
[e153 s0400/1030] loss = 1.491148
[e153 s0450/1030] loss = 1.369264
[e153 s0500/1030] loss = 1.276217
[e153 s0550/1030] loss = 1.195855
[e153 s0600/1030] loss = 1.135422
[e153 s0650/1030] loss = 1.084370
[e153 s0700/1030] loss = 1.050866
[e153 s0750/1030] loss = 1.012169
[e153 s0800/1030] loss = 0.986904
[e153 s0850/1030] loss = 0.951966
[e153 s0900/1030] loss = 0.924480
[e153 s0950/1030] loss = 0.900769
[e153 s1000/1030] loss = 0.874054
Epoch 153: train_loss = 0.863257  MAE/GAME0 = 10.996  RMSE = 31.447  GAME1 = 13.222  GAME2 = 15.371  GAME3 = 16.782  lr = 3.88e-05  time = 23.1s
[e154 s0001/1030] loss = 0.164988
[e154 s0050/1030] loss = 0.414227
[e154 s0100/1030] loss = 0.422066
[e154 s0150/1030] loss = 0.448890
[e154 s0200/1030] loss = 0.449558
[e154 s0250/1030] loss = 0.465379
[e154 s0300/1030] loss = 0.586790
[e154 s0350/1030] loss = 0.589217
[e154 s0400/1030] loss = 0.575526
[e154 s0450/1030] loss = 0.606767
[e154 s0500/1030] loss = 0.607637
[e154 s0550/1030] loss = 0.602849
[e154 s0600/1030] loss = 0.616219
[e154 s0650/1030] loss = 1.211445
[e154 s0700/1030] loss = 1.160629
[e154 s0750/1030] loss = 1.116017
[e154 s0800/1030] loss = 1.079116
[e154 s0850/1030] loss = 1.044287
[e154 s0900/1030] loss = 1.008857
[e154 s0950/1030] loss = 0.987368
[e154 s1000/1030] loss = 0.968479
Epoch 154: train_loss = 0.948414  MAE/GAME0 = 11.159  RMSE = 33.555  GAME1 = 13.089  GAME2 = 15.388  GAME3 = 16.635  lr = 3.86e-05  time = 22.9s
[e155 s0001/1030] loss = 0.223755
[e155 s0050/1030] loss = 0.508437
[e155 s0100/1030] loss = 0.493036
[e155 s0150/1030] loss = 0.462444
[e155 s0200/1030] loss = 0.532260
[e155 s0250/1030] loss = 0.583684
[e155 s0300/1030] loss = 0.552469
[e155 s0350/1030] loss = 0.565057
[e155 s0400/1030] loss = 0.532976
[e155 s0450/1030] loss = 0.526352
[e155 s0500/1030] loss = 0.538157
[e155 s0550/1030] loss = 0.541193
[e155 s0600/1030] loss = 0.532061
[e155 s0650/1030] loss = 0.531089
[e155 s0700/1030] loss = 0.514900
[e155 s0750/1030] loss = 0.513839
[e155 s0800/1030] loss = 0.515763
[e155 s0850/1030] loss = 0.517690
[e155 s0900/1030] loss = 0.532811
[e155 s0950/1030] loss = 0.964524
[e155 s1000/1030] loss = 0.941512
Epoch 155: train_loss = 0.927025  MAE/GAME0 = 11.479  RMSE = 32.352  GAME1 = 12.908  GAME2 = 14.457  GAME3 = 15.415  lr = 3.84e-05  time = 22.9s
[e156 s0001/1030] loss = 0.118488
[e156 s0050/1030] loss = 0.589302
[e156 s0100/1030] loss = 0.560006
[e156 s0150/1030] loss = 0.515156
[e156 s0200/1030] loss = 0.501133
[e156 s0250/1030] loss = 0.531257
[e156 s0300/1030] loss = 0.588121
[e156 s0350/1030] loss = 0.586850
[e156 s0400/1030] loss = 0.575102
[e156 s0450/1030] loss = 0.574455
[e156 s0500/1030] loss = 0.563349
[e156 s0550/1030] loss = 0.547242
[e156 s0600/1030] loss = 0.538535
[e156 s0650/1030] loss = 0.525790
[e156 s0700/1030] loss = 0.548652
[e156 s0750/1030] loss = 0.536406
[e156 s0800/1030] loss = 0.525558
[e156 s0850/1030] loss = 0.515682
[e156 s0900/1030] loss = 0.937405
[e156 s0950/1030] loss = 0.934912
[e156 s1000/1030] loss = 0.927356
Epoch 156: train_loss = 0.915354  MAE/GAME0 = 10.886  RMSE = 32.198  GAME1 = 12.734  GAME2 = 14.633  GAME3 = 15.750  lr = 3.83e-05  time = 23.0s
[e157 s0001/1030] loss = 0.790020
[e157 s0050/1030] loss = 0.432370
[e157 s0100/1030] loss = 0.403154
[e157 s0150/1030] loss = 0.441219
[e157 s0200/1030] loss = 0.410623
[e157 s0250/1030] loss = 0.451199
[e157 s0300/1030] loss = 0.650119
[e157 s0350/1030] loss = 0.616526
[e157 s0400/1030] loss = 0.575593
[e157 s0450/1030] loss = 0.571231
[e157 s0500/1030] loss = 0.604280
[e157 s0550/1030] loss = 0.597499
[e157 s0600/1030] loss = 0.600714
[e157 s0650/1030] loss = 0.583416
[e157 s0700/1030] loss = 0.586445
[e157 s0750/1030] loss = 0.584773
[e157 s0800/1030] loss = 0.586167
[e157 s0850/1030] loss = 0.614440
[e157 s0900/1030] loss = 1.073409
[e157 s0950/1030] loss = 1.046857
[e157 s1000/1030] loss = 1.017238
Epoch 157: train_loss = 0.997597  MAE/GAME0 = 10.704  RMSE = 32.310  GAME1 = 12.525  GAME2 = 14.672  GAME3 = 15.825  lr = 3.81e-05  time = 23.6s
[e158 s0001/1030] loss = 0.217897
[e158 s0050/1030] loss = 0.332641
[e158 s0100/1030] loss = 0.340915
[e158 s0150/1030] loss = 0.345359
[e158 s0200/1030] loss = 0.343154
[e158 s0250/1030] loss = 0.390947
[e158 s0300/1030] loss = 0.410705
[e158 s0350/1030] loss = 0.402903
[e158 s0400/1030] loss = 1.465488
[e158 s0450/1030] loss = 1.371653
[e158 s0500/1030] loss = 1.301659
[e158 s0550/1030] loss = 1.239869
[e158 s0600/1030] loss = 1.276704
[e158 s0650/1030] loss = 1.223108
[e158 s0700/1030] loss = 1.171008
[e158 s0750/1030] loss = 1.134084
[e158 s0800/1030] loss = 1.111473
[e158 s0850/1030] loss = 1.088722
[e158 s0900/1030] loss = 1.069417
[e158 s0950/1030] loss = 1.036390
[e158 s1000/1030] loss = 1.001539
Epoch 158: train_loss = 0.981288  MAE/GAME0 = 10.893  RMSE = 32.808  GAME1 = 12.750  GAME2 = 14.694  GAME3 = 15.988  lr = 3.79e-05  time = 22.9s
[e159 s0001/1030] loss = 0.425847
[e159 s0050/1030] loss = 0.436984
[e159 s0100/1030] loss = 0.512714
[e159 s0150/1030] loss = 0.527494
[e159 s0200/1030] loss = 0.570793
[e159 s0250/1030] loss = 0.536467
[e159 s0300/1030] loss = 1.809187
[e159 s0350/1030] loss = 1.637029
[e159 s0400/1030] loss = 1.496318
[e159 s0450/1030] loss = 1.364372
[e159 s0500/1030] loss = 1.304612
[e159 s0550/1030] loss = 1.248583
[e159 s0600/1030] loss = 1.180639
[e159 s0650/1030] loss = 1.125648
[e159 s0700/1030] loss = 1.085499
[e159 s0750/1030] loss = 1.070409
[e159 s0800/1030] loss = 1.027336
[e159 s0850/1030] loss = 1.020524
[e159 s0900/1030] loss = 0.984754
[e159 s0950/1030] loss = 0.954701
[e159 s1000/1030] loss = 0.939965
Epoch 159: train_loss = 0.925889  MAE/GAME0 = 10.790  RMSE = 32.865  GAME1 = 12.483  GAME2 = 14.318  GAME3 = 15.435  lr = 3.77e-05  time = 23.0s
[e160 s0001/1030] loss = 0.096758
[e160 s0050/1030] loss = 0.478224
[e160 s0100/1030] loss = 0.440782
[e160 s0150/1030] loss = 0.431959
[e160 s0200/1030] loss = 0.443266
[e160 s0250/1030] loss = 0.532248
[e160 s0300/1030] loss = 0.527061
[e160 s0350/1030] loss = 0.525160
[e160 s0400/1030] loss = 0.517363
[e160 s0450/1030] loss = 0.546919
[e160 s0500/1030] loss = 0.539945
[e160 s0550/1030] loss = 1.278357
[e160 s0600/1030] loss = 1.224931
[e160 s0650/1030] loss = 1.186310
[e160 s0700/1030] loss = 1.141807
[e160 s0750/1030] loss = 1.095120
[e160 s0800/1030] loss = 1.056240
[e160 s0850/1030] loss = 1.026660
[e160 s0900/1030] loss = 0.999540
[e160 s0950/1030] loss = 0.971427
[e160 s1000/1030] loss = 0.954413
Epoch 160: train_loss = 0.938576  MAE/GAME0 = 10.774  RMSE = 31.288  GAME1 = 12.550  GAME2 = 14.738  GAME3 = 15.976  lr = 3.75e-05  time = 23.2s
[e161 s0001/1030] loss = 0.115884
[e161 s0050/1030] loss = 0.390986
[e161 s0100/1030] loss = 0.590877
[e161 s0150/1030] loss = 0.587391
[e161 s0200/1030] loss = 0.595123
[e161 s0250/1030] loss = 0.577167
[e161 s0300/1030] loss = 1.946807
[e161 s0350/1030] loss = 1.750306
[e161 s0400/1030] loss = 1.602998
[e161 s0450/1030] loss = 1.473692
[e161 s0500/1030] loss = 1.358189
[e161 s0550/1030] loss = 1.326319
[e161 s0600/1030] loss = 1.291049
[e161 s0650/1030] loss = 1.234552
[e161 s0700/1030] loss = 1.177637
[e161 s0750/1030] loss = 1.129953
[e161 s0800/1030] loss = 1.085190
[e161 s0850/1030] loss = 1.051186
[e161 s0900/1030] loss = 1.017281
[e161 s0950/1030] loss = 0.983202
[e161 s1000/1030] loss = 0.962203
Epoch 161: train_loss = 0.951883  MAE/GAME0 = 10.987  RMSE = 32.510  GAME1 = 12.652  GAME2 = 14.460  GAME3 = 15.494  lr = 3.73e-05  time = 23.0s
[e162 s0001/1030] loss = 0.313931
[e162 s0050/1030] loss = 0.918543
[e162 s0100/1030] loss = 4.800326
[e162 s0150/1030] loss = 3.369421
[e162 s0200/1030] loss = 2.646275
[e162 s0250/1030] loss = 2.208077
[e162 s0300/1030] loss = 1.912761
[e162 s0350/1030] loss = 1.745462
[e162 s0400/1030] loss = 1.622260
[e162 s0450/1030] loss = 1.502047
[e162 s0500/1030] loss = 1.387216
[e162 s0550/1030] loss = 1.291101
[e162 s0600/1030] loss = 1.220961
[e162 s0650/1030] loss = 1.156548
[e162 s0700/1030] loss = 1.099180
[e162 s0750/1030] loss = 1.059365
[e162 s0800/1030] loss = 1.040658
[e162 s0850/1030] loss = 1.009119
[e162 s0900/1030] loss = 1.000292
[e162 s0950/1030] loss = 0.971927
[e162 s1000/1030] loss = 0.940032
Epoch 162: train_loss = 0.926591  MAE/GAME0 = 10.824  RMSE = 31.463  GAME1 = 13.037  GAME2 = 15.190  GAME3 = 16.473  lr = 3.71e-05  time = 23.1s
[e163 s0001/1030] loss = 0.441173
[e163 s0050/1030] loss = 0.530201
[e163 s0100/1030] loss = 0.418109
[e163 s0150/1030] loss = 0.397100
[e163 s0200/1030] loss = 0.441762
[e163 s0250/1030] loss = 0.436869
[e163 s0300/1030] loss = 0.435983
[e163 s0350/1030] loss = 0.426096
[e163 s0400/1030] loss = 0.450586
[e163 s0450/1030] loss = 0.477698
[e163 s0500/1030] loss = 0.480508
[e163 s0550/1030] loss = 0.500015
[e163 s0600/1030] loss = 0.504751
[e163 s0650/1030] loss = 1.109441
[e163 s0700/1030] loss = 1.056099
[e163 s0750/1030] loss = 1.025381
[e163 s0800/1030] loss = 0.998687
[e163 s0850/1030] loss = 0.984134
[e163 s0900/1030] loss = 0.965873
[e163 s0950/1030] loss = 0.936178
[e163 s1000/1030] loss = 0.908604
Epoch 163: train_loss = 0.901263  MAE/GAME0 = 10.861  RMSE = 32.715  GAME1 = 12.857  GAME2 = 14.817  GAME3 = 15.961  lr = 3.69e-05  time = 23.1s
[e164 s0001/1030] loss = 0.222075
[e164 s0050/1030] loss = 0.353533
[e164 s0100/1030] loss = 0.338975
[e164 s0150/1030] loss = 0.431220
[e164 s0200/1030] loss = 0.441665
[e164 s0250/1030] loss = 0.430311
[e164 s0300/1030] loss = 0.410580
[e164 s0350/1030] loss = 0.466437
[e164 s0400/1030] loss = 0.458489
[e164 s0450/1030] loss = 0.498983
[e164 s0500/1030] loss = 0.492866
[e164 s0550/1030] loss = 0.491130
[e164 s0600/1030] loss = 0.505125
[e164 s0650/1030] loss = 0.536342
[e164 s0700/1030] loss = 0.534629
[e164 s0750/1030] loss = 0.522747
[e164 s0800/1030] loss = 0.531604
[e164 s0850/1030] loss = 1.008038
[e164 s0900/1030] loss = 0.980538
[e164 s0950/1030] loss = 0.957475
[e164 s1000/1030] loss = 0.933484
Epoch 164: train_loss = 0.925266  MAE/GAME0 = 11.003  RMSE = 31.819  GAME1 = 12.967  GAME2 = 14.959  GAME3 = 16.262  lr = 3.67e-05  time = 23.0s
[e165 s0001/1030] loss = 0.490832
[e165 s0050/1030] loss = 0.424726
[e165 s0100/1030] loss = 0.603813
[e165 s0150/1030] loss = 0.573394
[e165 s0200/1030] loss = 0.555750
[e165 s0250/1030] loss = 0.588241
[e165 s0300/1030] loss = 0.585020
[e165 s0350/1030] loss = 0.609463
[e165 s0400/1030] loss = 0.592719
[e165 s0450/1030] loss = 0.566162
[e165 s0500/1030] loss = 1.309581
[e165 s0550/1030] loss = 1.243219
[e165 s0600/1030] loss = 1.168342
[e165 s0650/1030] loss = 1.124069
[e165 s0700/1030] loss = 1.070423
[e165 s0750/1030] loss = 1.032151
[e165 s0800/1030] loss = 0.997429
[e165 s0850/1030] loss = 0.960589
[e165 s0900/1030] loss = 0.953649
[e165 s0950/1030] loss = 0.924177
[e165 s1000/1030] loss = 0.897909
Epoch 165: train_loss = 0.885034  MAE/GAME0 = 10.844  RMSE = 30.620  GAME1 = 13.127  GAME2 = 15.387  GAME3 = 16.809  lr = 3.66e-05  time = 23.1s
[e166 s0001/1030] loss = 0.071757
[e166 s0050/1030] loss = 0.676464
[e166 s0100/1030] loss = 0.496759
[e166 s0150/1030] loss = 0.460703
[e166 s0200/1030] loss = 0.621350
[e166 s0250/1030] loss = 0.655490
[e166 s0300/1030] loss = 0.618090
[e166 s0350/1030] loss = 1.698583
[e166 s0400/1030] loss = 1.532295
[e166 s0450/1030] loss = 1.396725
[e166 s0500/1030] loss = 1.300926
[e166 s0550/1030] loss = 1.222949
[e166 s0600/1030] loss = 1.164530
[e166 s0650/1030] loss = 1.120256
[e166 s0700/1030] loss = 1.059834
[e166 s0750/1030] loss = 1.026587
[e166 s0800/1030] loss = 1.010590
[e166 s0850/1030] loss = 0.975786
[e166 s0900/1030] loss = 0.962331
[e166 s0950/1030] loss = 0.932738
[e166 s1000/1030] loss = 0.908455
Epoch 166: train_loss = 0.895438  MAE/GAME0 = 11.129  RMSE = 33.327  GAME1 = 13.100  GAME2 = 14.948  GAME3 = 16.154  lr = 3.64e-05  time = 22.9s
[e167 s0001/1030] loss = 0.267039
[e167 s0050/1030] loss = 0.330902
[e167 s0100/1030] loss = 0.390358
[e167 s0150/1030] loss = 0.361576
[e167 s0200/1030] loss = 0.390855
[e167 s0250/1030] loss = 0.380804
[e167 s0300/1030] loss = 0.390829
[e167 s0350/1030] loss = 0.399944
[e167 s0400/1030] loss = 0.480871
[e167 s0450/1030] loss = 0.469500
[e167 s0500/1030] loss = 0.486284
[e167 s0550/1030] loss = 1.155421
[e167 s0600/1030] loss = 1.123004
[e167 s0650/1030] loss = 1.056599
[e167 s0700/1030] loss = 1.011104
[e167 s0750/1030] loss = 0.972001
[e167 s0800/1030] loss = 0.943191
[e167 s0850/1030] loss = 0.928167
[e167 s0900/1030] loss = 0.892167
[e167 s0950/1030] loss = 0.880763
[e167 s1000/1030] loss = 0.883008
Epoch 167: train_loss = 0.876543  MAE/GAME0 = 10.401  RMSE = 32.684  GAME1 = 12.573  GAME2 = 15.049  GAME3 = 16.240  lr = 3.62e-05  time = 23.4s
[e168 s0001/1030] loss = 0.393099
[e168 s0050/1030] loss = 0.552684
[e168 s0100/1030] loss = 0.486677
[e168 s0150/1030] loss = 0.521467
[e168 s0200/1030] loss = 2.431841
[e168 s0250/1030] loss = 2.045116
[e168 s0300/1030] loss = 1.763004
[e168 s0350/1030] loss = 1.561096
[e168 s0400/1030] loss = 1.415259
[e168 s0450/1030] loss = 1.349546
[e168 s0500/1030] loss = 1.278339
[e168 s0550/1030] loss = 1.196121
[e168 s0600/1030] loss = 1.127649
[e168 s0650/1030] loss = 1.074677
[e168 s0700/1030] loss = 1.026292
[e168 s0750/1030] loss = 0.996628
[e168 s0800/1030] loss = 0.970358
[e168 s0850/1030] loss = 0.940532
[e168 s0900/1030] loss = 0.912899
[e168 s0950/1030] loss = 0.898082
[e168 s1000/1030] loss = 0.890771
Epoch 168: train_loss = 0.876893  MAE/GAME0 = 11.028  RMSE = 30.625  GAME1 = 12.955  GAME2 = 15.239  GAME3 = 16.587  lr = 3.60e-05  time = 23.1s
[e169 s0001/1030] loss = 0.293410
[e169 s0050/1030] loss = 0.556127
[e169 s0100/1030] loss = 0.764839
[e169 s0150/1030] loss = 0.718552
[e169 s0200/1030] loss = 0.618272
[e169 s0250/1030] loss = 0.557038
[e169 s0300/1030] loss = 0.552560
[e169 s0350/1030] loss = 0.525648
[e169 s0400/1030] loss = 0.640946
[e169 s0450/1030] loss = 0.619708
[e169 s0500/1030] loss = 0.590154
[e169 s0550/1030] loss = 1.277137
[e169 s0600/1030] loss = 1.204180
[e169 s0650/1030] loss = 1.143087
[e169 s0700/1030] loss = 1.111795
[e169 s0750/1030] loss = 1.059199
[e169 s0800/1030] loss = 1.021192
[e169 s0850/1030] loss = 1.001034
[e169 s0900/1030] loss = 0.966492
[e169 s0950/1030] loss = 0.945036
[e169 s1000/1030] loss = 0.915171
Epoch 169: train_loss = 0.897549  MAE/GAME0 = 11.349  RMSE = 30.751  GAME1 = 13.413  GAME2 = 15.815  GAME3 = 17.295  lr = 3.58e-05  time = 23.3s
[e170 s0001/1030] loss = 1.147651
[e170 s0050/1030] loss = 0.465117
[e170 s0100/1030] loss = 0.525578
[e170 s0150/1030] loss = 0.547411
[e170 s0200/1030] loss = 0.575385
[e170 s0250/1030] loss = 0.545831
[e170 s0300/1030] loss = 0.526364
[e170 s0350/1030] loss = 0.502721
[e170 s0400/1030] loss = 0.519726
[e170 s0450/1030] loss = 0.530483
[e170 s0500/1030] loss = 0.511589
[e170 s0550/1030] loss = 0.525349
[e170 s0600/1030] loss = 0.524728
[e170 s0650/1030] loss = 0.524563
[e170 s0700/1030] loss = 0.515701
[e170 s0750/1030] loss = 0.502643
[e170 s0800/1030] loss = 0.979035
[e170 s0850/1030] loss = 0.954291
[e170 s0900/1030] loss = 0.944020
[e170 s0950/1030] loss = 0.913950
[e170 s1000/1030] loss = 0.886318
Epoch 170: train_loss = 0.874530  MAE/GAME0 = 11.620  RMSE = 32.643  GAME1 = 13.188  GAME2 = 14.753  GAME3 = 15.794  lr = 3.56e-05  time = 23.0s
[e171 s0001/1030] loss = 0.121418
[e171 s0050/1030] loss = 0.586918
[e171 s0100/1030] loss = 0.478759
[e171 s0150/1030] loss = 0.473920
[e171 s0200/1030] loss = 0.453713
[e171 s0250/1030] loss = 0.421875
[e171 s0300/1030] loss = 0.436933
[e171 s0350/1030] loss = 0.424028
[e171 s0400/1030] loss = 0.450728
[e171 s0450/1030] loss = 0.434049
[e171 s0500/1030] loss = 0.472137
[e171 s0550/1030] loss = 1.209562
[e171 s0600/1030] loss = 1.137968
[e171 s0650/1030] loss = 1.097900
[e171 s0700/1030] loss = 1.045099
[e171 s0750/1030] loss = 1.008282
[e171 s0800/1030] loss = 0.987972
[e171 s0850/1030] loss = 0.949972
[e171 s0900/1030] loss = 0.918907
[e171 s0950/1030] loss = 0.895458
[e171 s1000/1030] loss = 0.875822
Epoch 171: train_loss = 0.860301  MAE/GAME0 = 10.292  RMSE = 30.872  GAME1 = 12.462  GAME2 = 14.771  GAME3 = 15.994  lr = 3.54e-05  time = 23.5s
[e172 s0001/1030] loss = 0.334113
[e172 s0050/1030] loss = 0.414356
[e172 s0100/1030] loss = 0.777705
[e172 s0150/1030] loss = 0.775610
[e172 s0200/1030] loss = 0.700409
[e172 s0250/1030] loss = 0.651012
[e172 s0300/1030] loss = 0.617878
[e172 s0350/1030] loss = 0.587500
[e172 s0400/1030] loss = 0.547009
[e172 s0450/1030] loss = 0.540091
[e172 s0500/1030] loss = 0.530924
[e172 s0550/1030] loss = 0.515845
[e172 s0600/1030] loss = 0.511485
[e172 s0650/1030] loss = 0.505809
[e172 s0700/1030] loss = 0.497813
[e172 s0750/1030] loss = 0.503188
[e172 s0800/1030] loss = 0.494318
[e172 s0850/1030] loss = 0.487216
[e172 s0900/1030] loss = 0.910230
[e172 s0950/1030] loss = 0.887930
[e172 s1000/1030] loss = 0.875398
Epoch 172: train_loss = 0.861338  MAE/GAME0 = 10.668  RMSE = 31.501  GAME1 = 12.470  GAME2 = 14.460  GAME3 = 15.653  lr = 3.52e-05  time = 23.0s
[e173 s0001/1030] loss = 0.125842
[e173 s0050/1030] loss = 0.421190
[e173 s0100/1030] loss = 0.423364
[e173 s0150/1030] loss = 0.408346
[e173 s0200/1030] loss = 0.406011
[e173 s0250/1030] loss = 2.038045
[e173 s0300/1030] loss = 1.771732
[e173 s0350/1030] loss = 1.603169
[e173 s0400/1030] loss = 1.470320
[e173 s0450/1030] loss = 1.396805
[e173 s0500/1030] loss = 1.304198
[e173 s0550/1030] loss = 1.221367
[e173 s0600/1030] loss = 1.162475
[e173 s0650/1030] loss = 1.111281
[e173 s0700/1030] loss = 1.068774
[e173 s0750/1030] loss = 1.057750
[e173 s0800/1030] loss = 1.042134
[e173 s0850/1030] loss = 1.008118
[e173 s0900/1030] loss = 1.005310
[e173 s0950/1030] loss = 0.972788
[e173 s1000/1030] loss = 0.935863
Epoch 173: train_loss = 0.922433  MAE/GAME0 = 10.962  RMSE = 32.325  GAME1 = 12.928  GAME2 = 15.079  GAME3 = 16.396  lr = 3.50e-05  time = 23.9s
[e174 s0001/1030] loss = 0.086144
[e174 s0050/1030] loss = 0.504105
[e174 s0100/1030] loss = 0.462123
[e174 s0150/1030] loss = 0.420672
[e174 s0200/1030] loss = 0.418001
[e174 s0250/1030] loss = 0.434326
[e174 s0300/1030] loss = 0.426986
[e174 s0350/1030] loss = 0.443320
[e174 s0400/1030] loss = 0.456073
[e174 s0450/1030] loss = 0.468023
[e174 s0500/1030] loss = 1.220393
[e174 s0550/1030] loss = 1.165075
[e174 s0600/1030] loss = 1.107429
[e174 s0650/1030] loss = 1.128332
[e174 s0700/1030] loss = 1.078445
[e174 s0750/1030] loss = 1.033078
[e174 s0800/1030] loss = 1.008375
[e174 s0850/1030] loss = 0.981767
[e174 s0900/1030] loss = 0.947186
[e174 s0950/1030] loss = 0.916455
[e174 s1000/1030] loss = 0.894119
Epoch 174: train_loss = 0.881392  MAE/GAME0 = 10.461  RMSE = 32.223  GAME1 = 12.346  GAME2 = 14.334  GAME3 = 15.679  lr = 3.48e-05  time = 23.0s
[e175 s0001/1030] loss = 0.373082
[e175 s0050/1030] loss = 8.604218
[e175 s0100/1030] loss = 4.457579
[e175 s0150/1030] loss = 3.180021
[e175 s0200/1030] loss = 2.477825
[e175 s0250/1030] loss = 2.048545
[e175 s0300/1030] loss = 1.794384
[e175 s0350/1030] loss = 1.601345
[e175 s0400/1030] loss = 1.472339
[e175 s0450/1030] loss = 1.347279
[e175 s0500/1030] loss = 1.253560
[e175 s0550/1030] loss = 1.190523
[e175 s0600/1030] loss = 1.127159
[e175 s0650/1030] loss = 1.065716
[e175 s0700/1030] loss = 1.016130
[e175 s0750/1030] loss = 0.975353
[e175 s0800/1030] loss = 0.949932
[e175 s0850/1030] loss = 0.958537
[e175 s0900/1030] loss = 0.952371
[e175 s0950/1030] loss = 0.926206
[e175 s1000/1030] loss = 0.902243
Epoch 175: train_loss = 0.886565  MAE/GAME0 = 11.277  RMSE = 32.744  GAME1 = 12.895  GAME2 = 14.513  GAME3 = 15.547  lr = 3.46e-05  time = 23.3s
[e176 s0001/1030] loss = 0.097155
[e176 s0050/1030] loss = 0.868403
[e176 s0100/1030] loss = 0.746952
[e176 s0150/1030] loss = 0.653931
[e176 s0200/1030] loss = 0.615656
[e176 s0250/1030] loss = 0.565554
[e176 s0300/1030] loss = 0.574018
[e176 s0350/1030] loss = 0.543223
[e176 s0400/1030] loss = 0.559483
[e176 s0450/1030] loss = 0.577902
[e176 s0500/1030] loss = 0.549916
[e176 s0550/1030] loss = 0.543853
[e176 s0600/1030] loss = 0.530704
[e176 s0650/1030] loss = 0.526785
[e176 s0700/1030] loss = 0.516189
[e176 s0750/1030] loss = 0.522170
[e176 s0800/1030] loss = 0.510505
[e176 s0850/1030] loss = 0.540744
[e176 s0900/1030] loss = 0.541126
[e176 s0950/1030] loss = 0.535744
[e176 s1000/1030] loss = 0.894515
Epoch 176: train_loss = 0.879571  MAE/GAME0 = 11.157  RMSE = 32.442  GAME1 = 12.813  GAME2 = 14.489  GAME3 = 15.578  lr = 3.44e-05  time = 23.1s
[e177 s0001/1030] loss = 0.058942
[e177 s0050/1030] loss = 0.904996
[e177 s0100/1030] loss = 0.635490
[e177 s0150/1030] loss = 0.540932
[e177 s0200/1030] loss = 0.481810
[e177 s0250/1030] loss = 0.450925
[e177 s0300/1030] loss = 0.473017
[e177 s0350/1030] loss = 0.482820
[e177 s0400/1030] loss = 0.505890
[e177 s0450/1030] loss = 0.507847
[e177 s0500/1030] loss = 0.500696
[e177 s0550/1030] loss = 0.489590
[e177 s0600/1030] loss = 0.484123
[e177 s0650/1030] loss = 0.477111
[e177 s0700/1030] loss = 0.468105
[e177 s0750/1030] loss = 0.469218
[e177 s0800/1030] loss = 1.011090
[e177 s0850/1030] loss = 0.997603
[e177 s0900/1030] loss = 0.967480
[e177 s0950/1030] loss = 0.947921
[e177 s1000/1030] loss = 0.920010
Epoch 177: train_loss = 0.903987  MAE/GAME0 = 10.896  RMSE = 32.300  GAME1 = 12.699  GAME2 = 14.717  GAME3 = 15.933  lr = 3.42e-05  time = 23.0s
[e178 s0001/1030] loss = 0.053662
[e178 s0050/1030] loss = 0.336113
[e178 s0100/1030] loss = 0.458059
[e178 s0150/1030] loss = 0.412485
[e178 s0200/1030] loss = 0.408896
[e178 s0250/1030] loss = 0.418530
[e178 s0300/1030] loss = 0.443514
[e178 s0350/1030] loss = 0.440313
[e178 s0400/1030] loss = 0.442209
[e178 s0450/1030] loss = 0.461516
[e178 s0500/1030] loss = 1.224245
[e178 s0550/1030] loss = 1.141834
[e178 s0600/1030] loss = 1.103012
[e178 s0650/1030] loss = 1.080654
[e178 s0700/1030] loss = 1.026544
[e178 s0750/1030] loss = 1.008818
[e178 s0800/1030] loss = 0.990764
[e178 s0850/1030] loss = 0.950264
[e178 s0900/1030] loss = 0.915243
[e178 s0950/1030] loss = 0.902788
[e178 s1000/1030] loss = 0.875307
Epoch 178: train_loss = 0.864559  MAE/GAME0 = 11.001  RMSE = 32.795  GAME1 = 12.869  GAME2 = 14.939  GAME3 = 16.209  lr = 3.40e-05  time = 23.0s
[e179 s0001/1030] loss = 0.056283
[e179 s0050/1030] loss = 0.412951
[e179 s0100/1030] loss = 0.652877
[e179 s0150/1030] loss = 0.594316
[e179 s0200/1030] loss = 0.642628
[e179 s0250/1030] loss = 0.657261
[e179 s0300/1030] loss = 1.953843
[e179 s0350/1030] loss = 1.753880
[e179 s0400/1030] loss = 1.577669
[e179 s0450/1030] loss = 1.439497
[e179 s0500/1030] loss = 1.352412
[e179 s0550/1030] loss = 1.279950
[e179 s0600/1030] loss = 1.229811
[e179 s0650/1030] loss = 1.165946
[e179 s0700/1030] loss = 1.112154
[e179 s0750/1030] loss = 1.060845
[e179 s0800/1030] loss = 1.021432
[e179 s0850/1030] loss = 0.985612
[e179 s0900/1030] loss = 0.956333
[e179 s0950/1030] loss = 0.924452
[e179 s1000/1030] loss = 0.906742
Epoch 179: train_loss = 0.894827  MAE/GAME0 = 11.505  RMSE = 31.310  GAME1 = 13.260  GAME2 = 15.319  GAME3 = 16.558  lr = 3.38e-05  time = 23.9s
[e180 s0001/1030] loss = 1.211382
[e180 s0050/1030] loss = 0.402431
[e180 s0100/1030] loss = 0.433879
[e180 s0150/1030] loss = 0.529532
[e180 s0200/1030] loss = 0.507197
[e180 s0250/1030] loss = 0.467947
[e180 s0300/1030] loss = 0.463802
[e180 s0350/1030] loss = 0.473401
[e180 s0400/1030] loss = 0.453354
[e180 s0450/1030] loss = 0.500294
[e180 s0500/1030] loss = 0.499856
[e180 s0550/1030] loss = 0.512076
[e180 s0600/1030] loss = 0.505202
[e180 s0650/1030] loss = 1.087117
[e180 s0700/1030] loss = 1.060689
[e180 s0750/1030] loss = 1.017613
[e180 s0800/1030] loss = 0.987650
[e180 s0850/1030] loss = 0.957987
[e180 s0900/1030] loss = 0.921395
[e180 s0950/1030] loss = 0.888861
[e180 s1000/1030] loss = 0.872488
Epoch 180: train_loss = 0.860464  MAE/GAME0 = 11.313  RMSE = 33.287  GAME1 = 13.033  GAME2 = 14.677  GAME3 = 15.804  lr = 3.36e-05  time = 23.0s
[e181 s0001/1030] loss = 0.199439
[e181 s0050/1030] loss = 0.707820
[e181 s0100/1030] loss = 0.558345
[e181 s0150/1030] loss = 0.546035
[e181 s0200/1030] loss = 2.524307
[e181 s0250/1030] loss = 2.073974
[e181 s0300/1030] loss = 1.780725
[e181 s0350/1030] loss = 1.587427
[e181 s0400/1030] loss = 1.440695
[e181 s0450/1030] loss = 1.317207
[e181 s0500/1030] loss = 1.224973
[e181 s0550/1030] loss = 1.152335
[e181 s0600/1030] loss = 1.084357
[e181 s0650/1030] loss = 1.026595
[e181 s0700/1030] loss = 0.990415
[e181 s0750/1030] loss = 0.955076
[e181 s0800/1030] loss = 0.937743
[e181 s0850/1030] loss = 0.917230
[e181 s0900/1030] loss = 0.910527
[e181 s0950/1030] loss = 0.909104
[e181 s1000/1030] loss = 0.888979
Epoch 181: train_loss = 0.873255  MAE/GAME0 = 11.883  RMSE = 33.440  GAME1 = 13.402  GAME2 = 14.974  GAME3 = 15.944  lr = 3.34e-05  time = 23.0s
[e182 s0001/1030] loss = 0.390997
[e182 s0050/1030] loss = 0.814115
[e182 s0100/1030] loss = 0.631605
[e182 s0150/1030] loss = 0.569889
[e182 s0200/1030] loss = 0.522297
[e182 s0250/1030] loss = 0.485464
[e182 s0300/1030] loss = 0.500925
[e182 s0350/1030] loss = 0.510084
[e182 s0400/1030] loss = 0.491017
[e182 s0450/1030] loss = 0.606509
[e182 s0500/1030] loss = 0.582247
[e182 s0550/1030] loss = 0.559874
[e182 s0600/1030] loss = 0.542427
[e182 s0650/1030] loss = 0.541440
[e182 s0700/1030] loss = 0.551565
[e182 s0750/1030] loss = 0.539847
[e182 s0800/1030] loss = 0.541103
[e182 s0850/1030] loss = 0.996658
[e182 s0900/1030] loss = 0.978351
[e182 s0950/1030] loss = 0.957561
[e182 s1000/1030] loss = 0.934562
Epoch 182: train_loss = 0.916010  MAE/GAME0 = 10.890  RMSE = 32.133  GAME1 = 12.840  GAME2 = 14.967  GAME3 = 16.263  lr = 3.32e-05  time = 23.0s
[e183 s0001/1030] loss = 0.127437
[e183 s0050/1030] loss = 0.470083
[e183 s0100/1030] loss = 0.396007
[e183 s0150/1030] loss = 0.409252
[e183 s0200/1030] loss = 0.413868
[e183 s0250/1030] loss = 0.649180
[e183 s0300/1030] loss = 0.622191
[e183 s0350/1030] loss = 1.682273
[e183 s0400/1030] loss = 1.514134
[e183 s0450/1030] loss = 1.382141
[e183 s0500/1030] loss = 1.304113
[e183 s0550/1030] loss = 1.216732
[e183 s0600/1030] loss = 1.180649
[e183 s0650/1030] loss = 1.141544
[e183 s0700/1030] loss = 1.079413
[e183 s0750/1030] loss = 1.035490
[e183 s0800/1030] loss = 0.993623
[e183 s0850/1030] loss = 0.965596
[e183 s0900/1030] loss = 0.941930
[e183 s0950/1030] loss = 0.921608
[e183 s1000/1030] loss = 0.899542
Epoch 183: train_loss = 0.897051  MAE/GAME0 = 10.803  RMSE = 31.426  GAME1 = 12.901  GAME2 = 15.015  GAME3 = 16.363  lr = 3.29e-05  time = 23.1s
[e184 s0001/1030] loss = 0.404618
[e184 s0050/1030] loss = 0.512352
[e184 s0100/1030] loss = 0.669055
[e184 s0150/1030] loss = 0.614077
[e184 s0200/1030] loss = 0.674423
[e184 s0250/1030] loss = 0.696419
[e184 s0300/1030] loss = 0.658923
[e184 s0350/1030] loss = 0.637485
[e184 s0400/1030] loss = 1.565467
[e184 s0450/1030] loss = 1.430399
[e184 s0500/1030] loss = 1.326831
[e184 s0550/1030] loss = 1.259433
[e184 s0600/1030] loss = 1.177955
[e184 s0650/1030] loss = 1.133590
[e184 s0700/1030] loss = 1.088355
[e184 s0750/1030] loss = 1.049826
[e184 s0800/1030] loss = 1.004154
[e184 s0850/1030] loss = 0.976567
[e184 s0900/1030] loss = 0.945505
[e184 s0950/1030] loss = 0.919595
[e184 s1000/1030] loss = 0.899825
Epoch 184: train_loss = 0.886335  MAE/GAME0 = 11.016  RMSE = 32.555  GAME1 = 12.996  GAME2 = 15.141  GAME3 = 16.442  lr = 3.27e-05  time = 22.9s
[e185 s0001/1030] loss = 1.635073
[e185 s0050/1030] loss = 0.453278
[e185 s0100/1030] loss = 0.429566
[e185 s0150/1030] loss = 0.406813
[e185 s0200/1030] loss = 0.372596
[e185 s0250/1030] loss = 0.441319
[e185 s0300/1030] loss = 0.442696
[e185 s0350/1030] loss = 0.436654
[e185 s0400/1030] loss = 0.436747
[e185 s0450/1030] loss = 0.482550
[e185 s0500/1030] loss = 0.492492
[e185 s0550/1030] loss = 0.479352
[e185 s0600/1030] loss = 1.094496
[e185 s0650/1030] loss = 1.044149
[e185 s0700/1030] loss = 1.000536
[e185 s0750/1030] loss = 0.962723
[e185 s0800/1030] loss = 0.948266
[e185 s0850/1030] loss = 0.910953
[e185 s0900/1030] loss = 0.880575
[e185 s0950/1030] loss = 0.849095
[e185 s1000/1030] loss = 0.885834
Epoch 185: train_loss = 0.883876  MAE/GAME0 = 11.292  RMSE = 31.468  GAME1 = 13.667  GAME2 = 16.005  GAME3 = 17.301  lr = 3.25e-05  time = 23.0s
[e186 s0001/1030] loss = 0.039212
[e186 s0050/1030] loss = 0.428673
[e186 s0100/1030] loss = 0.446217
[e186 s0150/1030] loss = 0.410911
[e186 s0200/1030] loss = 0.414960
[e186 s0250/1030] loss = 0.452052
[e186 s0300/1030] loss = 0.498669
[e186 s0350/1030] loss = 0.542285
[e186 s0400/1030] loss = 0.526409
[e186 s0450/1030] loss = 0.514804
[e186 s0500/1030] loss = 0.495868
[e186 s0550/1030] loss = 0.506023
[e186 s0600/1030] loss = 0.512333
[e186 s0650/1030] loss = 1.100220
[e186 s0700/1030] loss = 1.044976
[e186 s0750/1030] loss = 1.019251
[e186 s0800/1030] loss = 0.976559
[e186 s0850/1030] loss = 0.940587
[e186 s0900/1030] loss = 0.908765
[e186 s0950/1030] loss = 0.885769
[e186 s1000/1030] loss = 0.865501
Epoch 186: train_loss = 0.853957  MAE/GAME0 = 10.894  RMSE = 32.463  GAME1 = 12.709  GAME2 = 14.655  GAME3 = 15.846  lr = 3.23e-05  time = 23.0s
[e187 s0001/1030] loss = 0.596763
[e187 s0050/1030] loss = 1.101942
[e187 s0100/1030] loss = 0.798403
[e187 s0150/1030] loss = 0.702057
[e187 s0200/1030] loss = 0.609005
[e187 s0250/1030] loss = 0.623226
[e187 s0300/1030] loss = 0.591681
[e187 s0350/1030] loss = 0.586070
[e187 s0400/1030] loss = 0.601008
[e187 s0450/1030] loss = 0.609353
[e187 s0500/1030] loss = 0.585929
[e187 s0550/1030] loss = 0.573806
[e187 s0600/1030] loss = 0.561878
[e187 s0650/1030] loss = 0.540951
[e187 s0700/1030] loss = 0.529091
[e187 s0750/1030] loss = 0.525725
[e187 s0800/1030] loss = 0.515278
[e187 s0850/1030] loss = 0.974584
[e187 s0900/1030] loss = 0.952257
[e187 s0950/1030] loss = 0.918908
[e187 s1000/1030] loss = 0.892381
Epoch 187: train_loss = 0.873909  MAE/GAME0 = 11.320  RMSE = 31.832  GAME1 = 13.234  GAME2 = 15.358  GAME3 = 16.635  lr = 3.21e-05  time = 23.0s
[e188 s0001/1030] loss = 0.021338
[e188 s0050/1030] loss = 0.335029
[e188 s0100/1030] loss = 0.369804
[e188 s0150/1030] loss = 0.375505
[e188 s0200/1030] loss = 0.416400
[e188 s0250/1030] loss = 0.440509
[e188 s0300/1030] loss = 0.445584
[e188 s0350/1030] loss = 0.458199
[e188 s0400/1030] loss = 0.447871
[e188 s0450/1030] loss = 0.485040
[e188 s0500/1030] loss = 0.478553
[e188 s0550/1030] loss = 0.469180
[e188 s0600/1030] loss = 0.484631
[e188 s0650/1030] loss = 0.475244
[e188 s0700/1030] loss = 0.473437
[e188 s0750/1030] loss = 0.470743
[e188 s0800/1030] loss = 0.931376
[e188 s0850/1030] loss = 0.902201
[e188 s0900/1030] loss = 0.878026
[e188 s0950/1030] loss = 0.843892
[e188 s1000/1030] loss = 0.835220
Epoch 188: train_loss = 0.825518  MAE/GAME0 = 11.157  RMSE = 32.471  GAME1 = 13.036  GAME2 = 14.922  GAME3 = 16.100  lr = 3.19e-05  time = 23.0s
[e189 s0001/1030] loss = 1.515541
[e189 s0050/1030] loss = 0.485108
[e189 s0100/1030] loss = 0.683582
[e189 s0150/1030] loss = 0.638806
[e189 s0200/1030] loss = 0.623010
[e189 s0250/1030] loss = 0.569231
[e189 s0300/1030] loss = 0.585816
[e189 s0350/1030] loss = 0.557820
[e189 s0400/1030] loss = 0.543800
[e189 s0450/1030] loss = 0.561856
[e189 s0500/1030] loss = 0.534329
[e189 s0550/1030] loss = 0.521737
[e189 s0600/1030] loss = 0.519802
[e189 s0650/1030] loss = 0.518856
[e189 s0700/1030] loss = 0.503045
[e189 s0750/1030] loss = 0.490446
[e189 s0800/1030] loss = 0.478942
[e189 s0850/1030] loss = 0.466171
[e189 s0900/1030] loss = 0.478849
[e189 s0950/1030] loss = 0.465976
[e189 s1000/1030] loss = 0.879006
Epoch 189: train_loss = 0.870006  MAE/GAME0 = 11.187  RMSE = 33.216  GAME1 = 13.046  GAME2 = 14.808  GAME3 = 15.923  lr = 3.17e-05  time = 23.1s
[e190 s0001/1030] loss = 0.666372
[e190 s0050/1030] loss = 7.544444
[e190 s0100/1030] loss = 4.076110
[e190 s0150/1030] loss = 2.969280
[e190 s0200/1030] loss = 2.361003
[e190 s0250/1030] loss = 1.949486
[e190 s0300/1030] loss = 1.680238
[e190 s0350/1030] loss = 1.489769
[e190 s0400/1030] loss = 1.340131
[e190 s0450/1030] loss = 1.244159
[e190 s0500/1030] loss = 1.199644
[e190 s0550/1030] loss = 1.121950
[e190 s0600/1030] loss = 1.064507
[e190 s0650/1030] loss = 1.013802
[e190 s0700/1030] loss = 0.966725
[e190 s0750/1030] loss = 0.934717
[e190 s0800/1030] loss = 0.898740
[e190 s0850/1030] loss = 0.873877
[e190 s0900/1030] loss = 0.865356
[e190 s0950/1030] loss = 0.846967
[e190 s1000/1030] loss = 0.826162
Epoch 190: train_loss = 0.815026  MAE/GAME0 = 13.227  RMSE = 34.631  GAME1 = 14.412  GAME2 = 15.731  GAME3 = 16.419  lr = 3.15e-05  time = 23.2s
[e191 s0001/1030] loss = 0.188901
[e191 s0050/1030] loss = 8.359928
[e191 s0100/1030] loss = 4.405269
[e191 s0150/1030] loss = 3.054574
[e191 s0200/1030] loss = 2.441542
[e191 s0250/1030] loss = 2.027823
[e191 s0300/1030] loss = 1.758223
[e191 s0350/1030] loss = 1.567829
[e191 s0400/1030] loss = 1.443874
[e191 s0450/1030] loss = 1.345645
[e191 s0500/1030] loss = 1.256549
[e191 s0550/1030] loss = 1.174911
[e191 s0600/1030] loss = 1.103243
[e191 s0650/1030] loss = 1.070307
[e191 s0700/1030] loss = 1.039441
[e191 s0750/1030] loss = 1.015457
[e191 s0800/1030] loss = 0.990955
[e191 s0850/1030] loss = 0.952684
[e191 s0900/1030] loss = 0.918396
[e191 s0950/1030] loss = 0.890104
[e191 s1000/1030] loss = 0.860026
Epoch 191: train_loss = 0.842879  MAE/GAME0 = 11.833  RMSE = 33.723  GAME1 = 13.378  GAME2 = 15.063  GAME3 = 16.067  lr = 3.13e-05  time = 23.1s
[e192 s0001/1030] loss = 0.213378
[e192 s0050/1030] loss = 0.414136
[e192 s0100/1030] loss = 0.360000
[e192 s0150/1030] loss = 0.427624
[e192 s0200/1030] loss = 0.422814
[e192 s0250/1030] loss = 0.415330
[e192 s0300/1030] loss = 0.404149
[e192 s0350/1030] loss = 1.515930
[e192 s0400/1030] loss = 1.395132
[e192 s0450/1030] loss = 1.274270
[e192 s0500/1030] loss = 1.210416
[e192 s0550/1030] loss = 1.121464
[e192 s0600/1030] loss = 1.084815
[e192 s0650/1030] loss = 1.037386
[e192 s0700/1030] loss = 0.992903
[e192 s0750/1030] loss = 0.948772
[e192 s0800/1030] loss = 0.912349
[e192 s0850/1030] loss = 0.879586
[e192 s0900/1030] loss = 0.878769
[e192 s0950/1030] loss = 0.861393
[e192 s1000/1030] loss = 0.851487
Epoch 192: train_loss = 0.852191  MAE/GAME0 = 10.966  RMSE = 32.214  GAME1 = 12.853  GAME2 = 14.923  GAME3 = 16.206  lr = 3.11e-05  time = 23.1s
[e193 s0001/1030] loss = 0.230755
[e193 s0050/1030] loss = 0.213211
[e193 s0100/1030] loss = 0.342876
[e193 s0150/1030] loss = 0.419558
[e193 s0200/1030] loss = 0.415449
[e193 s0250/1030] loss = 0.440630
[e193 s0300/1030] loss = 0.430698
[e193 s0350/1030] loss = 0.422191
[e193 s0400/1030] loss = 0.445358
[e193 s0450/1030] loss = 0.428980
[e193 s0500/1030] loss = 0.416044
[e193 s0550/1030] loss = 0.482807
[e193 s0600/1030] loss = 0.471573
[e193 s0650/1030] loss = 0.468926
[e193 s0700/1030] loss = 0.456975
[e193 s0750/1030] loss = 0.451388
[e193 s0800/1030] loss = 0.460352
[e193 s0850/1030] loss = 0.455570
[e193 s0900/1030] loss = 0.476232
[e193 s0950/1030] loss = 0.478557
[e193 s1000/1030] loss = 0.851308
Epoch 193: train_loss = 0.845998  MAE/GAME0 = 11.039  RMSE = 31.156  GAME1 = 13.345  GAME2 = 15.491  GAME3 = 16.873  lr = 3.09e-05  time = 23.2s
[e194 s0001/1030] loss = 0.472872
[e194 s0050/1030] loss = 0.628124
[e194 s0100/1030] loss = 0.497636
[e194 s0150/1030] loss = 0.447246
[e194 s0200/1030] loss = 0.435991
[e194 s0250/1030] loss = 0.450006
[e194 s0300/1030] loss = 0.451635
[e194 s0350/1030] loss = 0.432358
[e194 s0400/1030] loss = 0.425441
[e194 s0450/1030] loss = 1.233978
[e194 s0500/1030] loss = 1.150181
[e194 s0550/1030] loss = 1.087829
[e194 s0600/1030] loss = 1.044172
[e194 s0650/1030] loss = 1.035607
[e194 s0700/1030] loss = 0.992573
[e194 s0750/1030] loss = 0.955455
[e194 s0800/1030] loss = 0.912412
[e194 s0850/1030] loss = 0.906493
[e194 s0900/1030] loss = 0.875448
[e194 s0950/1030] loss = 0.850958
[e194 s1000/1030] loss = 0.826800
Epoch 194: train_loss = 0.816165  MAE/GAME0 = 11.409  RMSE = 33.471  GAME1 = 13.108  GAME2 = 14.816  GAME3 = 15.860  lr = 3.06e-05  time = 23.2s
[e195 s0001/1030] loss = 0.029244
[e195 s0050/1030] loss = 7.857083
[e195 s0100/1030] loss = 4.200228
[e195 s0150/1030] loss = 2.928741
[e195 s0200/1030] loss = 2.311584
[e195 s0250/1030] loss = 1.916553
[e195 s0300/1030] loss = 1.698873
[e195 s0350/1030] loss = 1.496628
[e195 s0400/1030] loss = 1.375934
[e195 s0450/1030] loss = 1.297632
[e195 s0500/1030] loss = 1.219924
[e195 s0550/1030] loss = 1.140121
[e195 s0600/1030] loss = 1.088609
[e195 s0650/1030] loss = 1.033631
[e195 s0700/1030] loss = 0.980242
[e195 s0750/1030] loss = 0.934393
[e195 s0800/1030] loss = 0.905017
[e195 s0850/1030] loss = 0.869528
[e195 s0900/1030] loss = 0.843040
[e195 s0950/1030] loss = 0.839507
[e195 s1000/1030] loss = 0.822507
Epoch 195: train_loss = 0.828147  MAE/GAME0 = 11.491  RMSE = 33.882  GAME1 = 13.233  GAME2 = 15.160  GAME3 = 16.253  lr = 3.04e-05  time = 23.2s
[e196 s0001/1030] loss = 0.727019
[e196 s0050/1030] loss = 0.548900
[e196 s0100/1030] loss = 0.470637
[e196 s0150/1030] loss = 0.451145
[e196 s0200/1030] loss = 0.437705
[e196 s0250/1030] loss = 0.527081
[e196 s0300/1030] loss = 0.494585
[e196 s0350/1030] loss = 0.513752
[e196 s0400/1030] loss = 0.535072
[e196 s0450/1030] loss = 0.513005
[e196 s0500/1030] loss = 0.492877
[e196 s0550/1030] loss = 0.512687
[e196 s0600/1030] loss = 0.495628
[e196 s0650/1030] loss = 0.486794
[e196 s0700/1030] loss = 0.484345
[e196 s0750/1030] loss = 0.474439
[e196 s0800/1030] loss = 0.962269
[e196 s0850/1030] loss = 0.918714
[e196 s0900/1030] loss = 0.899544
[e196 s0950/1030] loss = 0.865092
[e196 s1000/1030] loss = 0.849465
Epoch 196: train_loss = 0.831629  MAE/GAME0 = 11.260  RMSE = 31.746  GAME1 = 13.075  GAME2 = 15.097  GAME3 = 16.303  lr = 3.02e-05  time = 23.4s
[e197 s0001/1030] loss = 0.376122
[e197 s0050/1030] loss = 0.504663
[e197 s0100/1030] loss = 0.414418
[e197 s0150/1030] loss = 0.406936
[e197 s0200/1030] loss = 0.393756
[e197 s0250/1030] loss = 1.909779
[e197 s0300/1030] loss = 1.708921
[e197 s0350/1030] loss = 1.502376
[e197 s0400/1030] loss = 1.366715
[e197 s0450/1030] loss = 1.266608
[e197 s0500/1030] loss = 1.178708
[e197 s0550/1030] loss = 1.103758
[e197 s0600/1030] loss = 1.049038
[e197 s0650/1030] loss = 0.994710
[e197 s0700/1030] loss = 0.954768
[e197 s0750/1030] loss = 0.934703
[e197 s0800/1030] loss = 0.901036
[e197 s0850/1030] loss = 0.887309
[e197 s0900/1030] loss = 0.877723
[e197 s0950/1030] loss = 0.867202
[e197 s1000/1030] loss = 0.851091
Epoch 197: train_loss = 0.835822  MAE/GAME0 = 10.914  RMSE = 31.027  GAME1 = 13.039  GAME2 = 15.173  GAME3 = 16.493  lr = 3.00e-05  time = 23.1s
[e198 s0001/1030] loss = 0.356293
[e198 s0050/1030] loss = 0.894352
[e198 s0100/1030] loss = 0.595380
[e198 s0150/1030] loss = 0.512407
[e198 s0200/1030] loss = 0.458948
[e198 s0250/1030] loss = 0.455011
[e198 s0300/1030] loss = 0.435609
[e198 s0350/1030] loss = 0.425353
[e198 s0400/1030] loss = 0.428762
[e198 s0450/1030] loss = 0.438390
[e198 s0500/1030] loss = 0.443810
[e198 s0550/1030] loss = 0.430058
[e198 s0600/1030] loss = 0.422489
[e198 s0650/1030] loss = 0.423382
[e198 s0700/1030] loss = 0.416858
[e198 s0750/1030] loss = 0.416454
[e198 s0800/1030] loss = 0.452419
[e198 s0850/1030] loss = 0.896000
[e198 s0900/1030] loss = 0.885144
[e198 s0950/1030] loss = 0.873887
[e198 s1000/1030] loss = 0.846214
Epoch 198: train_loss = 0.833557  MAE/GAME0 = 11.464  RMSE = 32.574  GAME1 = 13.069  GAME2 = 14.600  GAME3 = 15.623  lr = 2.98e-05  time = 23.2s
[e199 s0001/1030] loss = 1.002945
[e199 s0050/1030] loss = 0.581179
[e199 s0100/1030] loss = 0.602095
[e199 s0150/1030] loss = 0.523839
[e199 s0200/1030] loss = 0.503213
[e199 s0250/1030] loss = 0.487006
[e199 s0300/1030] loss = 0.463153
[e199 s0350/1030] loss = 0.470001
[e199 s0400/1030] loss = 0.442460
[e199 s0450/1030] loss = 0.433812
[e199 s0500/1030] loss = 0.459001
[e199 s0550/1030] loss = 1.100821
[e199 s0600/1030] loss = 1.035999
[e199 s0650/1030] loss = 0.985078
[e199 s0700/1030] loss = 0.945238
[e199 s0750/1030] loss = 0.905471
[e199 s0800/1030] loss = 0.880176
[e199 s0850/1030] loss = 0.867689
[e199 s0900/1030] loss = 0.848924
[e199 s0950/1030] loss = 0.825800
[e199 s1000/1030] loss = 0.813568
Epoch 199: train_loss = 0.801483  MAE/GAME0 = 11.519  RMSE = 32.707  GAME1 = 13.133  GAME2 = 14.991  GAME3 = 16.033  lr = 2.96e-05  time = 23.1s
[e200 s0001/1030] loss = 0.018482
[e200 s0050/1030] loss = 0.765245
[e200 s0100/1030] loss = 0.568148
[e200 s0150/1030] loss = 0.583596
[e200 s0200/1030] loss = 0.535220
[e200 s0250/1030] loss = 0.523636
[e200 s0300/1030] loss = 0.487032
[e200 s0350/1030] loss = 0.520267
[e200 s0400/1030] loss = 0.502285
[e200 s0450/1030] loss = 1.341787
[e200 s0500/1030] loss = 1.241220
[e200 s0550/1030] loss = 1.159346
[e200 s0600/1030] loss = 1.089174
[e200 s0650/1030] loss = 1.032213
[e200 s0700/1030] loss = 0.979886
[e200 s0750/1030] loss = 0.942631
[e200 s0800/1030] loss = 0.915115
[e200 s0850/1030] loss = 0.881787
[e200 s0900/1030] loss = 0.879380
[e200 s0950/1030] loss = 0.857228
[e200 s1000/1030] loss = 0.828912
Epoch 200: train_loss = 0.814575  MAE/GAME0 = 10.623  RMSE = 31.874  GAME1 = 12.657  GAME2 = 14.432  GAME3 = 15.721  lr = 2.94e-05  time = 23.0s
[e201 s0001/1030] loss = 0.059773
[e201 s0050/1030] loss = 0.498543
[e201 s0100/1030] loss = 0.406294
[e201 s0150/1030] loss = 0.433410
[e201 s0200/1030] loss = 0.453923
[e201 s0250/1030] loss = 0.416741
[e201 s0300/1030] loss = 0.443068
[e201 s0350/1030] loss = 1.537353
[e201 s0400/1030] loss = 1.405122
[e201 s0450/1030] loss = 1.309885
[e201 s0500/1030] loss = 1.203494
[e201 s0550/1030] loss = 1.127445
[e201 s0600/1030] loss = 1.066804
[e201 s0650/1030] loss = 1.004418
[e201 s0700/1030] loss = 0.953420
[e201 s0750/1030] loss = 0.937853
[e201 s0800/1030] loss = 0.905952
[e201 s0850/1030] loss = 0.874985
[e201 s0900/1030] loss = 0.885689
[e201 s0950/1030] loss = 0.857140
[e201 s1000/1030] loss = 0.836325
Epoch 201: train_loss = 0.824159  MAE/GAME0 = 11.726  RMSE = 33.022  GAME1 = 13.382  GAME2 = 14.995  GAME3 = 16.028  lr = 2.91e-05  time = 23.0s
[e202 s0001/1030] loss = 0.532795
[e202 s0050/1030] loss = 0.457759
[e202 s0100/1030] loss = 0.507815
[e202 s0150/1030] loss = 0.437050
[e202 s0200/1030] loss = 0.431672
[e202 s0250/1030] loss = 1.906750
[e202 s0300/1030] loss = 1.634533
[e202 s0350/1030] loss = 1.456988
[e202 s0400/1030] loss = 1.319997
[e202 s0450/1030] loss = 1.210790
[e202 s0500/1030] loss = 1.134430
[e202 s0550/1030] loss = 1.069170
[e202 s0600/1030] loss = 1.036358
[e202 s0650/1030] loss = 0.981548
[e202 s0700/1030] loss = 0.948748
[e202 s0750/1030] loss = 0.932451
[e202 s0800/1030] loss = 0.898147
[e202 s0850/1030] loss = 0.872606
[e202 s0900/1030] loss = 0.852493
[e202 s0950/1030] loss = 0.841555
[e202 s1000/1030] loss = 0.823339
Epoch 202: train_loss = 0.815066  MAE/GAME0 = 10.994  RMSE = 32.956  GAME1 = 12.998  GAME2 = 14.918  GAME3 = 16.079  lr = 2.89e-05  time = 23.5s
[e203 s0001/1030] loss = 0.185192
[e203 s0050/1030] loss = 0.395438
[e203 s0100/1030] loss = 0.325555
[e203 s0150/1030] loss = 2.978623
[e203 s0200/1030] loss = 2.305729
[e203 s0250/1030] loss = 1.907008
[e203 s0300/1030] loss = 1.649665
[e203 s0350/1030] loss = 1.561454
[e203 s0400/1030] loss = 1.412803
[e203 s0450/1030] loss = 1.292712
[e203 s0500/1030] loss = 1.197108
[e203 s0550/1030] loss = 1.128911
[e203 s0600/1030] loss = 1.078078
[e203 s0650/1030] loss = 1.017511
[e203 s0700/1030] loss = 0.983835
[e203 s0750/1030] loss = 0.937501
[e203 s0800/1030] loss = 0.901393
[e203 s0850/1030] loss = 0.892099
[e203 s0900/1030] loss = 0.861842
[e203 s0950/1030] loss = 0.838335
[e203 s1000/1030] loss = 0.815152
Epoch 203: train_loss = 0.832198  MAE/GAME0 = 11.165  RMSE = 31.891  GAME1 = 13.096  GAME2 = 14.945  GAME3 = 16.246  lr = 2.87e-05  time = 23.3s
[e204 s0001/1030] loss = 0.768788
[e204 s0050/1030] loss = 0.397317
[e204 s0100/1030] loss = 0.376975
[e204 s0150/1030] loss = 0.354834
[e204 s0200/1030] loss = 0.399626
[e204 s0250/1030] loss = 0.376045
[e204 s0300/1030] loss = 1.766622
[e204 s0350/1030] loss = 1.565635
[e204 s0400/1030] loss = 1.423281
[e204 s0450/1030] loss = 1.318130
[e204 s0500/1030] loss = 1.240564
[e204 s0550/1030] loss = 1.175254
[e204 s0600/1030] loss = 1.104632
[e204 s0650/1030] loss = 1.056045
[e204 s0700/1030] loss = 1.006095
[e204 s0750/1030] loss = 0.961018
[e204 s0800/1030] loss = 0.949878
[e204 s0850/1030] loss = 0.913632
[e204 s0900/1030] loss = 0.880016
[e204 s0950/1030] loss = 0.857320
[e204 s1000/1030] loss = 0.843297
Epoch 204: train_loss = 0.829744  MAE/GAME0 = 11.024  RMSE = 30.802  GAME1 = 12.951  GAME2 = 15.097  GAME3 = 16.429  lr = 2.85e-05  time = 23.0s
[e205 s0001/1030] loss = 0.288601
[e205 s0050/1030] loss = 0.352008
[e205 s0100/1030] loss = 0.331750
[e205 s0150/1030] loss = 0.342753
[e205 s0200/1030] loss = 0.361699
[e205 s0250/1030] loss = 0.368670
[e205 s0300/1030] loss = 0.358079
[e205 s0350/1030] loss = 0.365186
[e205 s0400/1030] loss = 0.361525
[e205 s0450/1030] loss = 0.405005
[e205 s0500/1030] loss = 0.398731
[e205 s0550/1030] loss = 0.398209
[e205 s0600/1030] loss = 0.397128
[e205 s0650/1030] loss = 0.418898
[e205 s0700/1030] loss = 0.422176
[e205 s0750/1030] loss = 0.419089
[e205 s0800/1030] loss = 0.445229
[e205 s0850/1030] loss = 0.941355
[e205 s0900/1030] loss = 0.907894
[e205 s0950/1030] loss = 0.873869
[e205 s1000/1030] loss = 0.856195
Epoch 205: train_loss = 0.841324  MAE/GAME0 = 11.945  RMSE = 32.552  GAME1 = 14.030  GAME2 = 16.166  GAME3 = 17.456  lr = 2.83e-05  time = 23.0s
[e206 s0001/1030] loss = 0.603698
[e206 s0050/1030] loss = 0.384825
[e206 s0100/1030] loss = 0.341354
[e206 s0150/1030] loss = 0.353378
[e206 s0200/1030] loss = 0.383062
[e206 s0250/1030] loss = 0.389411
[e206 s0300/1030] loss = 0.411741
[e206 s0350/1030] loss = 0.408283
[e206 s0400/1030] loss = 0.405047
[e206 s0450/1030] loss = 0.447241
[e206 s0500/1030] loss = 0.427644
[e206 s0550/1030] loss = 0.429913
[e206 s0600/1030] loss = 0.418759
[e206 s0650/1030] loss = 0.404611
[e206 s0700/1030] loss = 0.431174
[e206 s0750/1030] loss = 0.430816
[e206 s0800/1030] loss = 0.901760
[e206 s0850/1030] loss = 0.876041
[e206 s0900/1030] loss = 0.865944
[e206 s0950/1030] loss = 0.850068
[e206 s1000/1030] loss = 0.824860
Epoch 206: train_loss = 0.808603  MAE/GAME0 = 11.656  RMSE = 34.108  GAME1 = 13.280  GAME2 = 14.913  GAME3 = 15.908  lr = 2.81e-05  time = 22.9s
[e207 s0001/1030] loss = 0.456802
[e207 s0050/1030] loss = 0.328057
[e207 s0100/1030] loss = 0.311983
[e207 s0150/1030] loss = 0.341474
[e207 s0200/1030] loss = 0.356077
[e207 s0250/1030] loss = 0.342650
[e207 s0300/1030] loss = 0.345177
[e207 s0350/1030] loss = 0.352719
[e207 s0400/1030] loss = 0.387331
[e207 s0450/1030] loss = 0.379977
[e207 s0500/1030] loss = 0.390847
[e207 s0550/1030] loss = 0.395118
[e207 s0600/1030] loss = 0.391063
[e207 s0650/1030] loss = 0.959912
[e207 s0700/1030] loss = 0.911113
[e207 s0750/1030] loss = 0.902672
[e207 s0800/1030] loss = 0.885891
[e207 s0850/1030] loss = 0.859915
[e207 s0900/1030] loss = 0.825025
[e207 s0950/1030] loss = 0.802427
[e207 s1000/1030] loss = 0.811409
Epoch 207: train_loss = 0.799323  MAE/GAME0 = 10.933  RMSE = 32.760  GAME1 = 12.943  GAME2 = 14.783  GAME3 = 15.977  lr = 2.79e-05  time = 23.1s
[e208 s0001/1030] loss = 0.730880
[e208 s0050/1030] loss = 0.473383
[e208 s0100/1030] loss = 0.375663
[e208 s0150/1030] loss = 0.394068
[e208 s0200/1030] loss = 0.386779
[e208 s0250/1030] loss = 0.410823
[e208 s0300/1030] loss = 0.397088
[e208 s0350/1030] loss = 0.447163
[e208 s0400/1030] loss = 0.445292
[e208 s0450/1030] loss = 0.458364
[e208 s0500/1030] loss = 0.451715
[e208 s0550/1030] loss = 1.147018
[e208 s0600/1030] loss = 1.073635
[e208 s0650/1030] loss = 1.024713
[e208 s0700/1030] loss = 0.983524
[e208 s0750/1030] loss = 0.945267
[e208 s0800/1030] loss = 0.905372
[e208 s0850/1030] loss = 0.871622
[e208 s0900/1030] loss = 0.859933
[e208 s0950/1030] loss = 0.837560
[e208 s1000/1030] loss = 0.823891
Epoch 208: train_loss = 0.811730  MAE/GAME0 = 13.805  RMSE = 34.958  GAME1 = 14.770  GAME2 = 15.902  GAME3 = 16.546  lr = 2.76e-05  time = 22.9s
[e209 s0001/1030] loss = 0.289260
[e209 s0050/1030] loss = 0.442748
[e209 s0100/1030] loss = 0.386933
[e209 s0150/1030] loss = 0.373922
[e209 s0200/1030] loss = 0.409756
[e209 s0250/1030] loss = 0.390279
[e209 s0300/1030] loss = 0.390563
[e209 s0350/1030] loss = 0.384274
[e209 s0400/1030] loss = 0.428496
[e209 s0450/1030] loss = 1.349506
[e209 s0500/1030] loss = 1.352694
[e209 s0550/1030] loss = 1.285731
[e209 s0600/1030] loss = 1.203200
[e209 s0650/1030] loss = 1.138397
[e209 s0700/1030] loss = 1.080814
[e209 s0750/1030] loss = 1.033832
[e209 s0800/1030] loss = 1.015697
[e209 s0850/1030] loss = 0.976222
[e209 s0900/1030] loss = 0.947981
[e209 s0950/1030] loss = 0.916899
[e209 s1000/1030] loss = 0.897575
Epoch 209: train_loss = 0.899138  MAE/GAME0 = 11.202  RMSE = 33.025  GAME1 = 12.937  GAME2 = 14.727  GAME3 = 15.835  lr = 2.74e-05  time = 23.1s
[e210 s0001/1030] loss = 0.061624
[e210 s0050/1030] loss = 0.301846
[e210 s0100/1030] loss = 0.324241
[e210 s0150/1030] loss = 0.372806
[e210 s0200/1030] loss = 0.405210
[e210 s0250/1030] loss = 0.384673
[e210 s0300/1030] loss = 0.424784
[e210 s0350/1030] loss = 0.463985
[e210 s0400/1030] loss = 0.448789
[e210 s0450/1030] loss = 0.466300
[e210 s0500/1030] loss = 1.235987
[e210 s0550/1030] loss = 1.159116
[e210 s0600/1030] loss = 1.096340
[e210 s0650/1030] loss = 1.042221
[e210 s0700/1030] loss = 0.994761
[e210 s0750/1030] loss = 0.970678
[e210 s0800/1030] loss = 0.931198
[e210 s0850/1030] loss = 0.894157
[e210 s0900/1030] loss = 0.859752
[e210 s0950/1030] loss = 0.837804
[e210 s1000/1030] loss = 0.813234
Epoch 210: train_loss = 0.798573  MAE/GAME0 = 11.044  RMSE = 31.841  GAME1 = 13.072  GAME2 = 15.018  GAME3 = 16.255  lr = 2.72e-05  time = 23.6s
[e211 s0001/1030] loss = 0.139853
[e211 s0050/1030] loss = 0.511820
[e211 s0100/1030] loss = 0.407596
[e211 s0150/1030] loss = 0.464824
[e211 s0200/1030] loss = 0.436330
[e211 s0250/1030] loss = 0.444526
[e211 s0300/1030] loss = 0.432226
[e211 s0350/1030] loss = 0.464797
[e211 s0400/1030] loss = 0.464494
[e211 s0450/1030] loss = 0.466625
[e211 s0500/1030] loss = 0.460126
[e211 s0550/1030] loss = 1.151987
[e211 s0600/1030] loss = 1.101856
[e211 s0650/1030] loss = 1.042260
[e211 s0700/1030] loss = 0.991398
[e211 s0750/1030] loss = 0.951119
[e211 s0800/1030] loss = 0.916456
[e211 s0850/1030] loss = 0.878713
[e211 s0900/1030] loss = 0.848074
[e211 s0950/1030] loss = 0.836927
[e211 s1000/1030] loss = 0.808108
Epoch 211: train_loss = 0.800149  MAE/GAME0 = 10.951  RMSE = 32.383  GAME1 = 12.779  GAME2 = 14.538  GAME3 = 15.654  lr = 2.70e-05  time = 23.0s
[e212 s0001/1030] loss = 0.201084
[e212 s0050/1030] loss = 0.334504
[e212 s0100/1030] loss = 0.377805
[e212 s0150/1030] loss = 0.396761
[e212 s0200/1030] loss = 0.424970
[e212 s0250/1030] loss = 0.397133
[e212 s0300/1030] loss = 0.375161
[e212 s0350/1030] loss = 0.368326
[e212 s0400/1030] loss = 0.362842
[e212 s0450/1030] loss = 0.349798
[e212 s0500/1030] loss = 0.358104
[e212 s0550/1030] loss = 0.379277
[e212 s0600/1030] loss = 1.061427
[e212 s0650/1030] loss = 1.004120
[e212 s0700/1030] loss = 0.989231
[e212 s0750/1030] loss = 0.956213
[e212 s0800/1030] loss = 0.921127
[e212 s0850/1030] loss = 0.891365
[e212 s0900/1030] loss = 0.864088
[e212 s0950/1030] loss = 0.833234
[e212 s1000/1030] loss = 0.810191
Epoch 212: train_loss = 0.802983  MAE/GAME0 = 11.845  RMSE = 34.341  GAME1 = 13.488  GAME2 = 15.210  GAME3 = 16.209  lr = 2.68e-05  time = 22.9s
[e213 s0001/1030] loss = 0.872160
[e213 s0050/1030] loss = 0.403401
[e213 s0100/1030] loss = 0.328028
[e213 s0150/1030] loss = 0.354792
[e213 s0200/1030] loss = 2.198699
[e213 s0250/1030] loss = 1.818794
[e213 s0300/1030] loss = 1.602508
[e213 s0350/1030] loss = 1.459660
[e213 s0400/1030] loss = 1.312550
[e213 s0450/1030] loss = 1.250349
[e213 s0500/1030] loss = 1.162327
[e213 s0550/1030] loss = 1.094727
[e213 s0600/1030] loss = 1.041870
[e213 s0650/1030] loss = 0.988535
[e213 s0700/1030] loss = 0.950320
[e213 s0750/1030] loss = 0.945199
[e213 s0800/1030] loss = 0.912384
[e213 s0850/1030] loss = 0.883003
[e213 s0900/1030] loss = 0.857756
[e213 s0950/1030] loss = 0.831468
[e213 s1000/1030] loss = 0.811607
Epoch 213: train_loss = 0.798738  MAE/GAME0 = 11.546  RMSE = 33.491  GAME1 = 13.347  GAME2 = 15.313  GAME3 = 16.438  lr = 2.65e-05  time = 22.9s
[e214 s0001/1030] loss = 0.149876
[e214 s0050/1030] loss = 0.347956
[e214 s0100/1030] loss = 0.429142
[e214 s0150/1030] loss = 2.894358
[e214 s0200/1030] loss = 2.289942
[e214 s0250/1030] loss = 1.940801
[e214 s0300/1030] loss = 1.665945
[e214 s0350/1030] loss = 1.474667
[e214 s0400/1030] loss = 1.371792
[e214 s0450/1030] loss = 1.288186
[e214 s0500/1030] loss = 1.229643
[e214 s0550/1030] loss = 1.161493
[e214 s0600/1030] loss = 1.092595
[e214 s0650/1030] loss = 1.038646
[e214 s0700/1030] loss = 0.995752
[e214 s0750/1030] loss = 0.953937
[e214 s0800/1030] loss = 0.919987
[e214 s0850/1030] loss = 0.887581
[e214 s0900/1030] loss = 0.852978
[e214 s0950/1030] loss = 0.824726
[e214 s1000/1030] loss = 0.802510
Epoch 214: train_loss = 0.789878  MAE/GAME0 = 11.037  RMSE = 32.482  GAME1 = 12.834  GAME2 = 14.766  GAME3 = 15.941  lr = 2.63e-05  time = 23.0s
[e215 s0001/1030] loss = 0.228687
[e215 s0050/1030] loss = 0.258587
[e215 s0100/1030] loss = 0.338376
[e215 s0150/1030] loss = 0.316709
[e215 s0200/1030] loss = 2.301356
[e215 s0250/1030] loss = 1.915869
[e215 s0300/1030] loss = 1.659182
[e215 s0350/1030] loss = 1.475049
[e215 s0400/1030] loss = 1.328985
[e215 s0450/1030] loss = 1.266094
[e215 s0500/1030] loss = 1.198783
[e215 s0550/1030] loss = 1.143824
[e215 s0600/1030] loss = 1.083581
[e215 s0650/1030] loss = 1.020772
[e215 s0700/1030] loss = 0.985825
[e215 s0750/1030] loss = 0.952402
[e215 s0800/1030] loss = 0.917233
[e215 s0850/1030] loss = 0.881532
[e215 s0900/1030] loss = 0.887190
[e215 s0950/1030] loss = 0.862593
[e215 s1000/1030] loss = 0.844148
Epoch 215: train_loss = 0.829831  MAE/GAME0 = 11.322  RMSE = 32.870  GAME1 = 13.199  GAME2 = 15.061  GAME3 = 16.254  lr = 2.61e-05  time = 23.0s
[e216 s0001/1030] loss = 0.151196
[e216 s0050/1030] loss = 0.247826
[e216 s0100/1030] loss = 0.273518
[e216 s0150/1030] loss = 2.853950
[e216 s0200/1030] loss = 2.298868
[e216 s0250/1030] loss = 1.904753
[e216 s0300/1030] loss = 1.668705
[e216 s0350/1030] loss = 1.487319
[e216 s0400/1030] loss = 1.387018
[e216 s0450/1030] loss = 1.270471
[e216 s0500/1030] loss = 1.211576
[e216 s0550/1030] loss = 1.128349
[e216 s0600/1030] loss = 1.063567
[e216 s0650/1030] loss = 1.013714
[e216 s0700/1030] loss = 0.966169
[e216 s0750/1030] loss = 0.922753
[e216 s0800/1030] loss = 0.888256
[e216 s0850/1030] loss = 0.852635
[e216 s0900/1030] loss = 0.828807
[e216 s0950/1030] loss = 0.817402
[e216 s1000/1030] loss = 0.811329
Epoch 216: train_loss = 0.796246  MAE/GAME0 = 12.074  RMSE = 33.387  GAME1 = 13.508  GAME2 = 15.051  GAME3 = 15.901  lr = 2.59e-05  time = 23.1s
[e217 s0001/1030] loss = 0.535848
[e217 s0050/1030] loss = 0.726378
[e217 s0100/1030] loss = 0.524403
[e217 s0150/1030] loss = 0.449160
[e217 s0200/1030] loss = 0.404501
[e217 s0250/1030] loss = 1.870981
[e217 s0300/1030] loss = 1.600002
[e217 s0350/1030] loss = 1.420327
[e217 s0400/1030] loss = 1.284162
[e217 s0450/1030] loss = 1.183958
[e217 s0500/1030] loss = 1.100249
[e217 s0550/1030] loss = 1.039641
[e217 s0600/1030] loss = 0.975858
[e217 s0650/1030] loss = 0.926097
[e217 s0700/1030] loss = 0.887962
[e217 s0750/1030] loss = 0.861638
[e217 s0800/1030] loss = 0.837408
[e217 s0850/1030] loss = 0.817168
[e217 s0900/1030] loss = 0.808731
[e217 s0950/1030] loss = 0.819667
[e217 s1000/1030] loss = 0.795344
Epoch 217: train_loss = 0.784382  MAE/GAME0 = 11.157  RMSE = 32.510  GAME1 = 13.266  GAME2 = 15.312  GAME3 = 16.520  lr = 2.57e-05  time = 23.1s
[e218 s0001/1030] loss = 0.048208
[e218 s0050/1030] loss = 0.316595
[e218 s0100/1030] loss = 0.385196
[e218 s0150/1030] loss = 0.388809
[e218 s0200/1030] loss = 0.368842
[e218 s0250/1030] loss = 0.398174
[e218 s0300/1030] loss = 0.503743
[e218 s0350/1030] loss = 0.500558
[e218 s0400/1030] loss = 0.503931
[e218 s0450/1030] loss = 0.470799
[e218 s0500/1030] loss = 0.460181
[e218 s0550/1030] loss = 0.445947
[e218 s0600/1030] loss = 0.449561
[e218 s0650/1030] loss = 0.455607
[e218 s0700/1030] loss = 0.443424
[e218 s0750/1030] loss = 0.953641
[e218 s0800/1030] loss = 0.920093
[e218 s0850/1030] loss = 0.891023
[e218 s0900/1030] loss = 0.865701
[e218 s0950/1030] loss = 0.838707
[e218 s1000/1030] loss = 0.814982
Epoch 218: train_loss = 0.801508  MAE/GAME0 = 11.208  RMSE = 33.098  GAME1 = 13.130  GAME2 = 14.978  GAME3 = 16.152  lr = 2.55e-05  time = 23.0s
[e219 s0001/1030] loss = 0.818311
[e219 s0050/1030] loss = 0.381102
[e219 s0100/1030] loss = 0.916274
[e219 s0150/1030] loss = 0.715896
[e219 s0200/1030] loss = 0.621246
[e219 s0250/1030] loss = 0.579744
[e219 s0300/1030] loss = 0.549532
[e219 s0350/1030] loss = 0.518904
[e219 s0400/1030] loss = 0.499217
[e219 s0450/1030] loss = 0.504543
[e219 s0500/1030] loss = 0.492308
[e219 s0550/1030] loss = 0.485851
[e219 s0600/1030] loss = 0.486210
[e219 s0650/1030] loss = 0.490208
[e219 s0700/1030] loss = 0.474728
[e219 s0750/1030] loss = 0.467994
[e219 s0800/1030] loss = 0.472056
[e219 s0850/1030] loss = 0.469234
[e219 s0900/1030] loss = 0.457179
[e219 s0950/1030] loss = 0.882293
[e219 s1000/1030] loss = 0.851123
Epoch 219: train_loss = 0.839901  MAE/GAME0 = 11.166  RMSE = 32.228  GAME1 = 13.289  GAME2 = 15.297  GAME3 = 16.629  lr = 2.52e-05  time = 23.0s
[e220 s0001/1030] loss = 0.158096
[e220 s0050/1030] loss = 0.383408
[e220 s0100/1030] loss = 0.334143
[e220 s0150/1030] loss = 0.372025
[e220 s0200/1030] loss = 0.475932
[e220 s0250/1030] loss = 0.455795
[e220 s0300/1030] loss = 0.442847
[e220 s0350/1030] loss = 0.438603
[e220 s0400/1030] loss = 0.425979
[e220 s0450/1030] loss = 0.445510
[e220 s0500/1030] loss = 0.463613
[e220 s0550/1030] loss = 0.449998
[e220 s0600/1030] loss = 1.072118
[e220 s0650/1030] loss = 1.019582
[e220 s0700/1030] loss = 0.964139
[e220 s0750/1030] loss = 0.924002
[e220 s0800/1030] loss = 0.890102
[e220 s0850/1030] loss = 0.864899
[e220 s0900/1030] loss = 0.834466
[e220 s0950/1030] loss = 0.804193
[e220 s1000/1030] loss = 0.780056
Epoch 220: train_loss = 0.764351  MAE/GAME0 = 11.065  RMSE = 32.013  GAME1 = 12.993  GAME2 = 15.022  GAME3 = 16.270  lr = 2.50e-05  time = 23.2s
[e221 s0001/1030] loss = 0.033660
[e221 s0050/1030] loss = 0.329562
[e221 s0100/1030] loss = 0.360146
[e221 s0150/1030] loss = 0.341706
[e221 s0200/1030] loss = 0.357310
[e221 s0250/1030] loss = 0.362059
[e221 s0300/1030] loss = 0.359975
[e221 s0350/1030] loss = 0.396505
[e221 s0400/1030] loss = 0.400494
[e221 s0450/1030] loss = 0.418150
[e221 s0500/1030] loss = 0.403908
[e221 s0550/1030] loss = 0.400916
[e221 s0600/1030] loss = 0.413182
[e221 s0650/1030] loss = 0.436057
[e221 s0700/1030] loss = 0.431395
[e221 s0750/1030] loss = 0.425469
[e221 s0800/1030] loss = 0.418791
[e221 s0850/1030] loss = 0.420423
[e221 s0900/1030] loss = 0.422300
[e221 s0950/1030] loss = 0.437322
[e221 s1000/1030] loss = 0.829659
Epoch 221: train_loss = 0.816108  MAE/GAME0 = 11.391  RMSE = 32.681  GAME1 = 13.118  GAME2 = 14.833  GAME3 = 15.938  lr = 2.48e-05  time = 23.2s
[e222 s0001/1030] loss = 0.064807
[e222 s0050/1030] loss = 0.318217
[e222 s0100/1030] loss = 0.322408
[e222 s0150/1030] loss = 0.423567
[e222 s0200/1030] loss = 0.392070
[e222 s0250/1030] loss = 0.377151
[e222 s0300/1030] loss = 0.373998
[e222 s0350/1030] loss = 0.392769
[e222 s0400/1030] loss = 0.409351
[e222 s0450/1030] loss = 0.393455
[e222 s0500/1030] loss = 0.385624
[e222 s0550/1030] loss = 0.386550
[e222 s0600/1030] loss = 0.384907
[e222 s0650/1030] loss = 0.391095
[e222 s0700/1030] loss = 0.388604
[e222 s0750/1030] loss = 0.387145
[e222 s0800/1030] loss = 0.393160
[e222 s0850/1030] loss = 0.400339
[e222 s0900/1030] loss = 0.431987
[e222 s0950/1030] loss = 0.424361
[e222 s1000/1030] loss = 0.783882
Epoch 222: train_loss = 0.766838  MAE/GAME0 = 11.633  RMSE = 33.086  GAME1 = 13.420  GAME2 = 15.267  GAME3 = 16.387  lr = 2.46e-05  time = 23.0s
[e223 s0001/1030] loss = 0.283303
[e223 s0050/1030] loss = 0.608101
[e223 s0100/1030] loss = 0.484347
[e223 s0150/1030] loss = 0.420187
[e223 s0200/1030] loss = 0.389975
[e223 s0250/1030] loss = 0.381836
[e223 s0300/1030] loss = 1.576655
[e223 s0350/1030] loss = 1.423835
[e223 s0400/1030] loss = 1.287323
[e223 s0450/1030] loss = 1.187721
[e223 s0500/1030] loss = 1.106681
[e223 s0550/1030] loss = 1.037663
[e223 s0600/1030] loss = 0.977384
[e223 s0650/1030] loss = 0.943209
[e223 s0700/1030] loss = 0.903615
[e223 s0750/1030] loss = 0.895254
[e223 s0800/1030] loss = 0.869793
[e223 s0850/1030] loss = 0.842720
[e223 s0900/1030] loss = 0.815487
[e223 s0950/1030] loss = 0.788133
[e223 s1000/1030] loss = 0.782250
Epoch 223: train_loss = 0.767736  MAE/GAME0 = 10.679  RMSE = 31.690  GAME1 = 12.679  GAME2 = 14.727  GAME3 = 15.909  lr = 2.44e-05  time = 23.1s
[e224 s0001/1030] loss = 0.140027
[e224 s0050/1030] loss = 0.438308
[e224 s0100/1030] loss = 0.436133
[e224 s0150/1030] loss = 3.362962
[e224 s0200/1030] loss = 2.605508
[e224 s0250/1030] loss = 2.193318
[e224 s0300/1030] loss = 1.860331
[e224 s0350/1030] loss = 1.643350
[e224 s0400/1030] loss = 1.473384
[e224 s0450/1030] loss = 1.364103
[e224 s0500/1030] loss = 1.287269
[e224 s0550/1030] loss = 1.189029
[e224 s0600/1030] loss = 1.121340
[e224 s0650/1030] loss = 1.072914
[e224 s0700/1030] loss = 1.026481
[e224 s0750/1030] loss = 0.979240
[e224 s0800/1030] loss = 0.938093
[e224 s0850/1030] loss = 0.906385
[e224 s0900/1030] loss = 0.896658
[e224 s0950/1030] loss = 0.866849
[e224 s1000/1030] loss = 0.846691
Epoch 224: train_loss = 0.845309  MAE/GAME0 = 11.321  RMSE = 32.025  GAME1 = 13.045  GAME2 = 14.781  GAME3 = 15.798  lr = 2.42e-05  time = 23.2s
[e225 s0001/1030] loss = 0.653151
[e225 s0050/1030] loss = 0.363189
[e225 s0100/1030] loss = 0.376684
[e225 s0150/1030] loss = 0.405867
[e225 s0200/1030] loss = 0.417155
[e225 s0250/1030] loss = 0.440710
[e225 s0300/1030] loss = 0.503461
[e225 s0350/1030] loss = 0.510387
[e225 s0400/1030] loss = 0.532778
[e225 s0450/1030] loss = 0.509800
[e225 s0500/1030] loss = 1.290193
[e225 s0550/1030] loss = 1.196655
[e225 s0600/1030] loss = 1.119230
[e225 s0650/1030] loss = 1.058116
[e225 s0700/1030] loss = 1.004543
[e225 s0750/1030] loss = 0.963213
[e225 s0800/1030] loss = 0.925131
[e225 s0850/1030] loss = 0.884397
[e225 s0900/1030] loss = 0.856684
[e225 s0950/1030] loss = 0.830969
[e225 s1000/1030] loss = 0.807295
Epoch 225: train_loss = 0.789986  MAE/GAME0 = 11.104  RMSE = 31.203  GAME1 = 12.975  GAME2 = 14.962  GAME3 = 16.259  lr = 2.39e-05  time = 24.3s
[e226 s0001/1030] loss = 0.165429
[e226 s0050/1030] loss = 0.266561
[e226 s0100/1030] loss = 0.466358
[e226 s0150/1030] loss = 0.595028
[e226 s0200/1030] loss = 0.520545
[e226 s0250/1030] loss = 0.477877
[e226 s0300/1030] loss = 0.499327
[e226 s0350/1030] loss = 0.481660
[e226 s0400/1030] loss = 0.461135
[e226 s0450/1030] loss = 0.438351
[e226 s0500/1030] loss = 0.445233
[e226 s0550/1030] loss = 1.125735
[e226 s0600/1030] loss = 1.064506
[e226 s0650/1030] loss = 1.004487
[e226 s0700/1030] loss = 0.952024
[e226 s0750/1030] loss = 0.912216
[e226 s0800/1030] loss = 0.871977
[e226 s0850/1030] loss = 0.839979
[e226 s0900/1030] loss = 0.817566
[e226 s0950/1030] loss = 0.810073
[e226 s1000/1030] loss = 0.797437
Epoch 226: train_loss = 0.782275  MAE/GAME0 = 11.769  RMSE = 32.776  GAME1 = 13.424  GAME2 = 15.048  GAME3 = 15.989  lr = 2.37e-05  time = 23.3s
[e227 s0001/1030] loss = 0.527243
[e227 s0050/1030] loss = 0.315888
[e227 s0100/1030] loss = 0.493497
[e227 s0150/1030] loss = 0.442634
[e227 s0200/1030] loss = 0.409099
[e227 s0250/1030] loss = 0.390242
[e227 s0300/1030] loss = 0.426688
[e227 s0350/1030] loss = 1.485854
[e227 s0400/1030] loss = 1.349779
[e227 s0450/1030] loss = 1.235453
[e227 s0500/1030] loss = 1.146337
[e227 s0550/1030] loss = 1.083888
[e227 s0600/1030] loss = 1.011816
[e227 s0650/1030] loss = 0.971894
[e227 s0700/1030] loss = 0.927168
[e227 s0750/1030] loss = 0.891348
[e227 s0800/1030] loss = 0.862955
[e227 s0850/1030] loss = 0.844832
[e227 s0900/1030] loss = 0.815905
[e227 s0950/1030] loss = 0.793619
[e227 s1000/1030] loss = 0.775749
Epoch 227: train_loss = 0.768030  MAE/GAME0 = 11.171  RMSE = 32.159  GAME1 = 13.128  GAME2 = 15.215  GAME3 = 16.518  lr = 2.35e-05  time = 23.3s
[e228 s0001/1030] loss = 0.120306
[e228 s0050/1030] loss = 0.337675
[e228 s0100/1030] loss = 0.388541
[e228 s0150/1030] loss = 0.341537
[e228 s0200/1030] loss = 0.434300
[e228 s0250/1030] loss = 0.431862
[e228 s0300/1030] loss = 0.448340
[e228 s0350/1030] loss = 0.421314
[e228 s0400/1030] loss = 0.426534
[e228 s0450/1030] loss = 0.411921
[e228 s0500/1030] loss = 0.402732
[e228 s0550/1030] loss = 0.456229
[e228 s0600/1030] loss = 0.453823
[e228 s0650/1030] loss = 0.462093
[e228 s0700/1030] loss = 0.452381
[e228 s0750/1030] loss = 0.440814
[e228 s0800/1030] loss = 0.433122
[e228 s0850/1030] loss = 0.438478
[e228 s0900/1030] loss = 0.431167
[e228 s0950/1030] loss = 0.835990
[e228 s1000/1030] loss = 0.815540
Epoch 228: train_loss = 0.809292  MAE/GAME0 = 11.033  RMSE = 31.650  GAME1 = 12.807  GAME2 = 14.669  GAME3 = 15.708  lr = 2.33e-05  time = 23.1s
[e229 s0001/1030] loss = 0.766367
[e229 s0050/1030] loss = 0.299982
[e229 s0100/1030] loss = 0.317132
[e229 s0150/1030] loss = 0.328806
[e229 s0200/1030] loss = 0.351743
[e229 s0250/1030] loss = 0.337367
[e229 s0300/1030] loss = 0.329125
[e229 s0350/1030] loss = 1.492226
[e229 s0400/1030] loss = 1.365381
[e229 s0450/1030] loss = 1.271499
[e229 s0500/1030] loss = 1.226916
[e229 s0550/1030] loss = 1.135843
[e229 s0600/1030] loss = 1.072045
[e229 s0650/1030] loss = 1.028862
[e229 s0700/1030] loss = 0.975594
[e229 s0750/1030] loss = 0.952651
[e229 s0800/1030] loss = 0.915481
[e229 s0850/1030] loss = 0.887815
[e229 s0900/1030] loss = 0.856459
[e229 s0950/1030] loss = 0.824298
[e229 s1000/1030] loss = 0.798540
Epoch 229: train_loss = 0.780370  MAE/GAME0 = 11.513  RMSE = 32.977  GAME1 = 13.181  GAME2 = 14.776  GAME3 = 15.753  lr = 2.31e-05  time = 23.1s
[e230 s0001/1030] loss = 0.239277
[e230 s0050/1030] loss = 0.321243
[e230 s0100/1030] loss = 0.352769
[e230 s0150/1030] loss = 0.476205
[e230 s0200/1030] loss = 0.488233
[e230 s0250/1030] loss = 0.453741
[e230 s0300/1030] loss = 0.428614
[e230 s0350/1030] loss = 0.430731
[e230 s0400/1030] loss = 0.411941
[e230 s0450/1030] loss = 0.423095
[e230 s0500/1030] loss = 0.421959
[e230 s0550/1030] loss = 0.435599
[e230 s0600/1030] loss = 0.424047
[e230 s0650/1030] loss = 0.417869
[e230 s0700/1030] loss = 0.412823
[e230 s0750/1030] loss = 0.895844
[e230 s0800/1030] loss = 0.862448
[e230 s0850/1030] loss = 0.829473
[e230 s0900/1030] loss = 0.815339
[e230 s0950/1030] loss = 0.797074
[e230 s1000/1030] loss = 0.781184
Epoch 230: train_loss = 0.766764  MAE/GAME0 = 11.160  RMSE = 31.215  GAME1 = 13.053  GAME2 = 14.828  GAME3 = 16.031  lr = 2.28e-05  time = 23.0s
[e231 s0001/1030] loss = 0.286688
[e231 s0050/1030] loss = 0.299820
[e231 s0100/1030] loss = 0.314888
[e231 s0150/1030] loss = 0.313036
[e231 s0200/1030] loss = 0.288376
[e231 s0250/1030] loss = 0.298934
[e231 s0300/1030] loss = 0.322469
[e231 s0350/1030] loss = 0.345397
[e231 s0400/1030] loss = 0.350716
[e231 s0450/1030] loss = 0.346210
[e231 s0500/1030] loss = 1.085009
[e231 s0550/1030] loss = 1.034209
[e231 s0600/1030] loss = 0.970533
[e231 s0650/1030] loss = 0.929316
[e231 s0700/1030] loss = 0.896038
[e231 s0750/1030] loss = 0.863445
[e231 s0800/1030] loss = 0.843068
[e231 s0850/1030] loss = 0.804721
[e231 s0900/1030] loss = 0.783629
[e231 s0950/1030] loss = 0.778069
[e231 s1000/1030] loss = 0.757508
Epoch 231: train_loss = 0.745294  MAE/GAME0 = 11.333  RMSE = 32.949  GAME1 = 13.152  GAME2 = 14.964  GAME3 = 16.083  lr = 2.26e-05  time = 23.0s
[e232 s0001/1030] loss = 0.217475
[e232 s0050/1030] loss = 0.311613
[e232 s0100/1030] loss = 0.279519
[e232 s0150/1030] loss = 0.290106
[e232 s0200/1030] loss = 0.282764
[e232 s0250/1030] loss = 0.267415
[e232 s0300/1030] loss = 0.318819
[e232 s0350/1030] loss = 0.369870
[e232 s0400/1030] loss = 0.370111
[e232 s0450/1030] loss = 0.359072
[e232 s0500/1030] loss = 0.368149
[e232 s0550/1030] loss = 0.370841
[e232 s0600/1030] loss = 0.393841
[e232 s0650/1030] loss = 0.982116
[e232 s0700/1030] loss = 0.930238
[e232 s0750/1030] loss = 0.891849
[e232 s0800/1030] loss = 0.860570
[e232 s0850/1030] loss = 0.830719
[e232 s0900/1030] loss = 0.814859
[e232 s0950/1030] loss = 0.786526
[e232 s1000/1030] loss = 0.767316
Epoch 232: train_loss = 0.755204  MAE/GAME0 = 10.868  RMSE = 32.114  GAME1 = 12.753  GAME2 = 14.808  GAME3 = 16.026  lr = 2.24e-05  time = 23.0s
[e233 s0001/1030] loss = 0.218986
[e233 s0050/1030] loss = 0.302758
[e233 s0100/1030] loss = 0.462584
[e233 s0150/1030] loss = 0.462884
[e233 s0200/1030] loss = 0.415397
[e233 s0250/1030] loss = 0.406115
[e233 s0300/1030] loss = 0.406601
[e233 s0350/1030] loss = 0.384786
[e233 s0400/1030] loss = 0.385162
[e233 s0450/1030] loss = 0.369857
[e233 s0500/1030] loss = 0.367109
[e233 s0550/1030] loss = 0.364660
[e233 s0600/1030] loss = 1.006546
[e233 s0650/1030] loss = 0.991766
[e233 s0700/1030] loss = 0.952028
[e233 s0750/1030] loss = 0.918157
[e233 s0800/1030] loss = 0.879709
[e233 s0850/1030] loss = 0.852203
[e233 s0900/1030] loss = 0.815074
[e233 s0950/1030] loss = 0.790777
[e233 s1000/1030] loss = 0.776875
Epoch 233: train_loss = 0.768500  MAE/GAME0 = 11.419  RMSE = 32.576  GAME1 = 13.166  GAME2 = 14.958  GAME3 = 16.028  lr = 2.22e-05  time = 23.4s
[e234 s0001/1030] loss = 0.597675
[e234 s0050/1030] loss = 0.272923
[e234 s0100/1030] loss = 0.287988
[e234 s0150/1030] loss = 0.305200
[e234 s0200/1030] loss = 0.315773
[e234 s0250/1030] loss = 0.309731
[e234 s0300/1030] loss = 0.322239
[e234 s0350/1030] loss = 0.336330
[e234 s0400/1030] loss = 0.328039
[e234 s0450/1030] loss = 0.333161
[e234 s0500/1030] loss = 0.338063
[e234 s0550/1030] loss = 1.029437
[e234 s0600/1030] loss = 0.970095
[e234 s0650/1030] loss = 0.919443
[e234 s0700/1030] loss = 0.897654
[e234 s0750/1030] loss = 0.867402
[e234 s0800/1030] loss = 0.842167
[e234 s0850/1030] loss = 0.824758
[e234 s0900/1030] loss = 0.794056
[e234 s0950/1030] loss = 0.773406
[e234 s1000/1030] loss = 0.752997
Epoch 234: train_loss = 0.739088  MAE/GAME0 = 13.579  RMSE = 34.333  GAME1 = 14.729  GAME2 = 15.859  GAME3 = 16.522  lr = 2.20e-05  time = 23.1s
[e235 s0001/1030] loss = 0.430613
[e235 s0050/1030] loss = 0.366237
[e235 s0100/1030] loss = 0.479726
[e235 s0150/1030] loss = 0.506865
[e235 s0200/1030] loss = 0.451751
[e235 s0250/1030] loss = 0.440871
[e235 s0300/1030] loss = 0.413780
[e235 s0350/1030] loss = 0.397884
[e235 s0400/1030] loss = 0.467259
[e235 s0450/1030] loss = 1.312055
[e235 s0500/1030] loss = 1.235366
[e235 s0550/1030] loss = 1.147491
[e235 s0600/1030] loss = 1.074849
[e235 s0650/1030] loss = 1.015483
[e235 s0700/1030] loss = 0.968749
[e235 s0750/1030] loss = 0.936088
[e235 s0800/1030] loss = 0.898963
[e235 s0850/1030] loss = 0.866004
[e235 s0900/1030] loss = 0.834935
[e235 s0950/1030] loss = 0.808428
[e235 s1000/1030] loss = 0.784966
Epoch 235: train_loss = 0.772481  MAE/GAME0 = 11.634  RMSE = 32.668  GAME1 = 13.217  GAME2 = 15.082  GAME3 = 16.076  lr = 2.18e-05  time = 23.7s
[e236 s0001/1030] loss = 0.078832
[e236 s0050/1030] loss = 0.231402
[e236 s0100/1030] loss = 0.346256
[e236 s0150/1030] loss = 0.330963
[e236 s0200/1030] loss = 0.359036
[e236 s0250/1030] loss = 0.357120
[e236 s0300/1030] loss = 0.345288
[e236 s0350/1030] loss = 0.334208
[e236 s0400/1030] loss = 0.361749
[e236 s0450/1030] loss = 0.358905
[e236 s0500/1030] loss = 0.369591
[e236 s0550/1030] loss = 0.359930
[e236 s0600/1030] loss = 0.998395
[e236 s0650/1030] loss = 0.987954
[e236 s0700/1030] loss = 0.940210
[e236 s0750/1030] loss = 0.911566
[e236 s0800/1030] loss = 0.876768
[e236 s0850/1030] loss = 0.849119
[e236 s0900/1030] loss = 0.818058
[e236 s0950/1030] loss = 0.787431
[e236 s1000/1030] loss = 0.764365
Epoch 236: train_loss = 0.751552  MAE/GAME0 = 11.516  RMSE = 32.863  GAME1 = 13.147  GAME2 = 14.956  GAME3 = 16.015  lr = 2.15e-05  time = 23.2s
[e237 s0001/1030] loss = 0.121081
[e237 s0050/1030] loss = 7.908468
[e237 s0100/1030] loss = 4.113417
[e237 s0150/1030] loss = 2.938364
[e237 s0200/1030] loss = 2.282488
[e237 s0250/1030] loss = 1.899309
[e237 s0300/1030] loss = 1.631935
[e237 s0350/1030] loss = 1.490954
[e237 s0400/1030] loss = 1.373206
[e237 s0450/1030] loss = 1.276552
[e237 s0500/1030] loss = 1.177866
[e237 s0550/1030] loss = 1.094805
[e237 s0600/1030] loss = 1.027535
[e237 s0650/1030] loss = 0.991895
[e237 s0700/1030] loss = 0.941523
[e237 s0750/1030] loss = 0.894278
[e237 s0800/1030] loss = 0.858211
[e237 s0850/1030] loss = 0.831633
[e237 s0900/1030] loss = 0.804036
[e237 s0950/1030] loss = 0.780092
[e237 s1000/1030] loss = 0.768985
Epoch 237: train_loss = 0.755285  MAE/GAME0 = 12.272  RMSE = 33.056  GAME1 = 13.662  GAME2 = 15.184  GAME3 = 16.030  lr = 2.13e-05  time = 23.1s
[e238 s0001/1030] loss = 0.145569
[e238 s0050/1030] loss = 0.515503
[e238 s0100/1030] loss = 0.515113
[e238 s0150/1030] loss = 0.440037
[e238 s0200/1030] loss = 0.399106
[e238 s0250/1030] loss = 0.406829
[e238 s0300/1030] loss = 0.389183
[e238 s0350/1030] loss = 0.392733
[e238 s0400/1030] loss = 0.404148
[e238 s0450/1030] loss = 0.397362
[e238 s0500/1030] loss = 0.394229
[e238 s0550/1030] loss = 0.388154
[e238 s0600/1030] loss = 0.400006
[e238 s0650/1030] loss = 0.397361
[e238 s0700/1030] loss = 0.394483
[e238 s0750/1030] loss = 0.400559
[e238 s0800/1030] loss = 0.421423
[e238 s0850/1030] loss = 0.410233
[e238 s0900/1030] loss = 0.830971
[e238 s0950/1030] loss = 0.801650
[e238 s1000/1030] loss = 0.780204
Epoch 238: train_loss = 0.769150  MAE/GAME0 = 11.441  RMSE = 31.669  GAME1 = 13.304  GAME2 = 15.209  GAME3 = 16.363  lr = 2.11e-05  time = 23.1s
[e239 s0001/1030] loss = 0.134723
[e239 s0050/1030] loss = 0.262479
[e239 s0100/1030] loss = 0.585567
[e239 s0150/1030] loss = 0.486121
[e239 s0200/1030] loss = 0.416875
[e239 s0250/1030] loss = 0.388839
[e239 s0300/1030] loss = 0.394428
[e239 s0350/1030] loss = 0.373673
[e239 s0400/1030] loss = 0.373397
[e239 s0450/1030] loss = 0.383572
[e239 s0500/1030] loss = 0.377387
[e239 s0550/1030] loss = 0.386582
[e239 s0600/1030] loss = 1.006713
[e239 s0650/1030] loss = 0.951594
[e239 s0700/1030] loss = 0.922212
[e239 s0750/1030] loss = 0.881929
[e239 s0800/1030] loss = 0.849018
[e239 s0850/1030] loss = 0.814486
[e239 s0900/1030] loss = 0.792995
[e239 s0950/1030] loss = 0.769865
[e239 s1000/1030] loss = 0.746636
Epoch 239: train_loss = 0.731541  MAE/GAME0 = 11.363  RMSE = 32.744  GAME1 = 13.233  GAME2 = 15.112  GAME3 = 16.264  lr = 2.09e-05  time = 23.1s
[e240 s0001/1030] loss = 0.132239
[e240 s0050/1030] loss = 0.325206
[e240 s0100/1030] loss = 0.279651
[e240 s0150/1030] loss = 0.283181
[e240 s0200/1030] loss = 0.338378
[e240 s0250/1030] loss = 0.340156
[e240 s0300/1030] loss = 0.364631
[e240 s0350/1030] loss = 0.396213
[e240 s0400/1030] loss = 0.383207
[e240 s0450/1030] loss = 0.381467
[e240 s0500/1030] loss = 0.377494
[e240 s0550/1030] loss = 0.371981
[e240 s0600/1030] loss = 0.393908
[e240 s0650/1030] loss = 0.400960
[e240 s0700/1030] loss = 0.387406
[e240 s0750/1030] loss = 0.382147
[e240 s0800/1030] loss = 0.389566
[e240 s0850/1030] loss = 0.385912
[e240 s0900/1030] loss = 0.398960
[e240 s0950/1030] loss = 0.818980
[e240 s1000/1030] loss = 0.792838
Epoch 240: train_loss = 0.779534  MAE/GAME0 = 11.170  RMSE = 30.622  GAME1 = 13.241  GAME2 = 15.171  GAME3 = 16.370  lr = 2.07e-05  time = 23.2s
[e241 s0001/1030] loss = 1.416962
[e241 s0050/1030] loss = 0.322267
[e241 s0100/1030] loss = 0.279480
[e241 s0150/1030] loss = 0.279421
[e241 s0200/1030] loss = 0.293511
[e241 s0250/1030] loss = 0.344891
[e241 s0300/1030] loss = 0.350964
[e241 s0350/1030] loss = 0.357824
[e241 s0400/1030] loss = 0.390565
[e241 s0450/1030] loss = 1.225999
[e241 s0500/1030] loss = 1.135096
[e241 s0550/1030] loss = 1.071437
[e241 s0600/1030] loss = 1.020326
[e241 s0650/1030] loss = 0.966434
[e241 s0700/1030] loss = 0.917724
[e241 s0750/1030] loss = 0.874465
[e241 s0800/1030] loss = 0.844120
[e241 s0850/1030] loss = 0.813930
[e241 s0900/1030] loss = 0.785779
[e241 s0950/1030] loss = 0.762174
[e241 s1000/1030] loss = 0.741219
Epoch 241: train_loss = 0.731824  MAE/GAME0 = 11.520  RMSE = 32.134  GAME1 = 13.271  GAME2 = 14.878  GAME3 = 15.852  lr = 2.05e-05  time = 23.0s
[e242 s0001/1030] loss = 0.642852
[e242 s0050/1030] loss = 0.305266
[e242 s0100/1030] loss = 0.343404
[e242 s0150/1030] loss = 0.420355
[e242 s0200/1030] loss = 0.404512
[e242 s0250/1030] loss = 0.376736
[e242 s0300/1030] loss = 0.410925
[e242 s0350/1030] loss = 0.403238
[e242 s0400/1030] loss = 0.390839
[e242 s0450/1030] loss = 1.184639
[e242 s0500/1030] loss = 1.104881
[e242 s0550/1030] loss = 1.026801
[e242 s0600/1030] loss = 0.976746
[e242 s0650/1030] loss = 0.925596
[e242 s0700/1030] loss = 0.896858
[e242 s0750/1030] loss = 0.858236
[e242 s0800/1030] loss = 0.818400
[e242 s0850/1030] loss = 0.788788
[e242 s0900/1030] loss = 0.769746
[e242 s0950/1030] loss = 0.742155
[e242 s1000/1030] loss = 0.731205
Epoch 242: train_loss = 0.724969  MAE/GAME0 = 11.719  RMSE = 33.397  GAME1 = 13.469  GAME2 = 15.023  GAME3 = 16.013  lr = 2.03e-05  time = 23.1s
[e243 s0001/1030] loss = 0.134273
[e243 s0050/1030] loss = 0.505512
[e243 s0100/1030] loss = 0.439600
[e243 s0150/1030] loss = 0.385604
[e243 s0200/1030] loss = 0.593374
[e243 s0250/1030] loss = 0.540030
[e243 s0300/1030] loss = 0.500140
[e243 s0350/1030] loss = 0.479728
[e243 s0400/1030] loss = 0.455384
[e243 s0450/1030] loss = 0.437269
[e243 s0500/1030] loss = 0.426054
[e243 s0550/1030] loss = 0.407941
[e243 s0600/1030] loss = 0.405760
[e243 s0650/1030] loss = 0.403628
[e243 s0700/1030] loss = 0.400870
[e243 s0750/1030] loss = 0.407589
[e243 s0800/1030] loss = 0.885566
[e243 s0850/1030] loss = 0.851581
[e243 s0900/1030] loss = 0.821749
[e243 s0950/1030] loss = 0.792440
[e243 s1000/1030] loss = 0.773539
Epoch 243: train_loss = 0.764270  MAE/GAME0 = 11.250  RMSE = 31.621  GAME1 = 13.269  GAME2 = 15.195  GAME3 = 16.508  lr = 2.00e-05  time = 23.4s
[e244 s0001/1030] loss = 0.121294
[e244 s0050/1030] loss = 0.359766
[e244 s0100/1030] loss = 0.551982
[e244 s0150/1030] loss = 0.464731
[e244 s0200/1030] loss = 0.429517
[e244 s0250/1030] loss = 0.397026
[e244 s0300/1030] loss = 0.398336
[e244 s0350/1030] loss = 0.408677
[e244 s0400/1030] loss = 0.424834
[e244 s0450/1030] loss = 0.467077
[e244 s0500/1030] loss = 0.447579
[e244 s0550/1030] loss = 0.459927
[e244 s0600/1030] loss = 0.439463
[e244 s0650/1030] loss = 0.432332
[e244 s0700/1030] loss = 0.425628
[e244 s0750/1030] loss = 0.417328
[e244 s0800/1030] loss = 0.408530
[e244 s0850/1030] loss = 0.405323
[e244 s0900/1030] loss = 0.806537
[e244 s0950/1030] loss = 0.776016
[e244 s1000/1030] loss = 0.755188
Epoch 244: train_loss = 0.739984  MAE/GAME0 = 12.042  RMSE = 32.813  GAME1 = 13.551  GAME2 = 15.112  GAME3 = 16.017  lr = 1.98e-05  time = 23.2s
[e245 s0001/1030] loss = 0.010544
[e245 s0050/1030] loss = 7.654940
[e245 s0100/1030] loss = 3.972856
[e245 s0150/1030] loss = 2.761298
[e245 s0200/1030] loss = 2.188421
[e245 s0250/1030] loss = 1.815128
[e245 s0300/1030] loss = 1.557795
[e245 s0350/1030] loss = 1.440614
[e245 s0400/1030] loss = 1.323329
[e245 s0450/1030] loss = 1.199796
[e245 s0500/1030] loss = 1.105346
[e245 s0550/1030] loss = 1.059354
[e245 s0600/1030] loss = 1.006821
[e245 s0650/1030] loss = 0.954277
[e245 s0700/1030] loss = 0.907923
[e245 s0750/1030] loss = 0.872712
[e245 s0800/1030] loss = 0.840430
[e245 s0850/1030] loss = 0.814533
[e245 s0900/1030] loss = 0.796266
[e245 s0950/1030] loss = 0.768699
[e245 s1000/1030] loss = 0.749605
Epoch 245: train_loss = 0.734893  MAE/GAME0 = 11.467  RMSE = 31.788  GAME1 = 13.442  GAME2 = 15.312  GAME3 = 16.520  lr = 1.96e-05  time = 23.0s
[e246 s0001/1030] loss = 0.111703
[e246 s0050/1030] loss = 0.233315
[e246 s0100/1030] loss = 0.277002
[e246 s0150/1030] loss = 0.375453
[e246 s0200/1030] loss = 0.343435
[e246 s0250/1030] loss = 0.332796
[e246 s0300/1030] loss = 0.324129
[e246 s0350/1030] loss = 1.406935
[e246 s0400/1030] loss = 1.273618
[e246 s0450/1030] loss = 1.176641
[e246 s0500/1030] loss = 1.093706
[e246 s0550/1030] loss = 1.032462
[e246 s0600/1030] loss = 0.990781
[e246 s0650/1030] loss = 0.936291
[e246 s0700/1030] loss = 0.915836
[e246 s0750/1030] loss = 0.876886
[e246 s0800/1030] loss = 0.837817
[e246 s0850/1030] loss = 0.821884
[e246 s0900/1030] loss = 0.795763
[e246 s0950/1030] loss = 0.777979
[e246 s1000/1030] loss = 0.765951
Epoch 246: train_loss = 0.751721  MAE/GAME0 = 11.709  RMSE = 30.808  GAME1 = 13.753  GAME2 = 15.972  GAME3 = 17.438  lr = 1.94e-05  time = 23.2s
[e247 s0001/1030] loss = 0.057851
[e247 s0050/1030] loss = 0.323473
[e247 s0100/1030] loss = 0.556028
[e247 s0150/1030] loss = 0.451559
[e247 s0200/1030] loss = 0.435660
[e247 s0250/1030] loss = 0.411082
[e247 s0300/1030] loss = 0.416130
[e247 s0350/1030] loss = 0.385918
[e247 s0400/1030] loss = 0.383432
[e247 s0450/1030] loss = 0.375877
[e247 s0500/1030] loss = 0.365164
[e247 s0550/1030] loss = 0.366125
[e247 s0600/1030] loss = 0.363690
[e247 s0650/1030] loss = 0.944964
[e247 s0700/1030] loss = 0.904383
[e247 s0750/1030] loss = 0.888931
[e247 s0800/1030] loss = 0.864050
[e247 s0850/1030] loss = 0.828454
[e247 s0900/1030] loss = 0.800060
[e247 s0950/1030] loss = 0.775039
[e247 s1000/1030] loss = 0.751436
Epoch 247: train_loss = 0.735288  MAE/GAME0 = 11.255  RMSE = 30.828  GAME1 = 13.216  GAME2 = 15.158  GAME3 = 16.481  lr = 1.92e-05  time = 23.2s
[e248 s0001/1030] loss = 0.249481
[e248 s0050/1030] loss = 0.514646
[e248 s0100/1030] loss = 4.108017
[e248 s0150/1030] loss = 2.877046
[e248 s0200/1030] loss = 2.224727
[e248 s0250/1030] loss = 1.872429
[e248 s0300/1030] loss = 1.633496
[e248 s0350/1030] loss = 1.456201
[e248 s0400/1030] loss = 1.297119
[e248 s0450/1030] loss = 1.195364
[e248 s0500/1030] loss = 1.141947
[e248 s0550/1030] loss = 1.072870
[e248 s0600/1030] loss = 1.004819
[e248 s0650/1030] loss = 0.947653
[e248 s0700/1030] loss = 0.909670
[e248 s0750/1030] loss = 0.872192
[e248 s0800/1030] loss = 0.836056
[e248 s0850/1030] loss = 0.817176
[e248 s0900/1030] loss = 0.790307
[e248 s0950/1030] loss = 0.763636
[e248 s1000/1030] loss = 0.739180
Epoch 248: train_loss = 0.728148  MAE/GAME0 = 11.333  RMSE = 32.326  GAME1 = 13.319  GAME2 = 15.004  GAME3 = 16.079  lr = 1.90e-05  time = 23.2s
[e249 s0001/1030] loss = 0.064576
[e249 s0050/1030] loss = 0.313917
[e249 s0100/1030] loss = 4.228797
[e249 s0150/1030] loss = 2.952095
[e249 s0200/1030] loss = 2.273135
[e249 s0250/1030] loss = 1.869931
[e249 s0300/1030] loss = 1.607093
[e249 s0350/1030] loss = 1.428873
[e249 s0400/1030] loss = 1.296914
[e249 s0450/1030] loss = 1.190557
[e249 s0500/1030] loss = 1.107264
[e249 s0550/1030] loss = 1.035069
[e249 s0600/1030] loss = 0.971484
[e249 s0650/1030] loss = 0.910738
[e249 s0700/1030] loss = 0.868895
[e249 s0750/1030] loss = 0.878749
[e249 s0800/1030] loss = 0.864760
[e249 s0850/1030] loss = 0.833972
[e249 s0900/1030] loss = 0.808559
[e249 s0950/1030] loss = 0.781223
[e249 s1000/1030] loss = 0.758749
Epoch 249: train_loss = 0.744645  MAE/GAME0 = 12.193  RMSE = 33.310  GAME1 = 13.679  GAME2 = 15.174  GAME3 = 16.072  lr = 1.88e-05  time = 23.2s
[e250 s0001/1030] loss = 0.269274
[e250 s0050/1030] loss = 0.309698
[e250 s0100/1030] loss = 0.282735
[e250 s0150/1030] loss = 0.301248
[e250 s0200/1030] loss = 0.327655
[e250 s0250/1030] loss = 0.321365
[e250 s0300/1030] loss = 0.374191
[e250 s0350/1030] loss = 0.373657
[e250 s0400/1030] loss = 0.400254
[e250 s0450/1030] loss = 0.390644
[e250 s0500/1030] loss = 0.384828
[e250 s0550/1030] loss = 0.389420
[e250 s0600/1030] loss = 0.386994
[e250 s0650/1030] loss = 0.374840
[e250 s0700/1030] loss = 0.370249
[e250 s0750/1030] loss = 0.363529
[e250 s0800/1030] loss = 0.361666
[e250 s0850/1030] loss = 0.798124
[e250 s0900/1030] loss = 0.789238
[e250 s0950/1030] loss = 0.764311
[e250 s1000/1030] loss = 0.741898
Epoch 250: train_loss = 0.728520  MAE/GAME0 = 11.269  RMSE = 31.535  GAME1 = 13.281  GAME2 = 15.232  GAME3 = 16.477  lr = 1.86e-05  time = 23.3s
[e251 s0001/1030] loss = 0.537525
[e251 s0050/1030] loss = 0.452911
[e251 s0100/1030] loss = 0.416500
[e251 s0150/1030] loss = 0.467164
[e251 s0200/1030] loss = 0.420549
[e251 s0250/1030] loss = 0.389557
[e251 s0300/1030] loss = 0.375319
[e251 s0350/1030] loss = 0.364245
[e251 s0400/1030] loss = 0.362960
[e251 s0450/1030] loss = 0.349179
[e251 s0500/1030] loss = 0.343277
[e251 s0550/1030] loss = 0.383229
[e251 s0600/1030] loss = 0.376679
[e251 s0650/1030] loss = 0.374671
[e251 s0700/1030] loss = 0.377982
[e251 s0750/1030] loss = 0.377077
[e251 s0800/1030] loss = 0.372833
[e251 s0850/1030] loss = 0.367846
[e251 s0900/1030] loss = 0.366489
[e251 s0950/1030] loss = 0.749149
[e251 s1000/1030] loss = 0.723384
Epoch 251: train_loss = 0.710402  MAE/GAME0 = 11.992  RMSE = 32.622  GAME1 = 13.602  GAME2 = 15.084  GAME3 = 16.013  lr = 1.84e-05  time = 23.0s
[e252 s0001/1030] loss = 0.179445
[e252 s0050/1030] loss = 0.392936
[e252 s0100/1030] loss = 0.401220
[e252 s0150/1030] loss = 0.360135
[e252 s0200/1030] loss = 0.333446
[e252 s0250/1030] loss = 0.321205
[e252 s0300/1030] loss = 0.318289
[e252 s0350/1030] loss = 0.322618
[e252 s0400/1030] loss = 0.319506
[e252 s0450/1030] loss = 0.322499
[e252 s0500/1030] loss = 0.320427
[e252 s0550/1030] loss = 0.337361
[e252 s0600/1030] loss = 0.345749
[e252 s0650/1030] loss = 0.340848
[e252 s0700/1030] loss = 0.340076
[e252 s0750/1030] loss = 0.354851
[e252 s0800/1030] loss = 0.834197
[e252 s0850/1030] loss = 0.807757
[e252 s0900/1030] loss = 0.778473
[e252 s0950/1030] loss = 0.777408
[e252 s1000/1030] loss = 0.749641
Epoch 252: train_loss = 0.735505  MAE/GAME0 = 11.443  RMSE = 32.069  GAME1 = 13.593  GAME2 = 15.725  GAME3 = 17.098  lr = 1.81e-05  time = 22.9s
[e253 s0001/1030] loss = 0.121405
[e253 s0050/1030] loss = 0.380992
[e253 s0100/1030] loss = 0.338963
[e253 s0150/1030] loss = 0.395513
[e253 s0200/1030] loss = 0.352150
[e253 s0250/1030] loss = 0.331516
[e253 s0300/1030] loss = 0.373065
[e253 s0350/1030] loss = 1.427541
[e253 s0400/1030] loss = 1.280896
[e253 s0450/1030] loss = 1.179058
[e253 s0500/1030] loss = 1.104704
[e253 s0550/1030] loss = 1.051301
[e253 s0600/1030] loss = 1.007834
[e253 s0650/1030] loss = 0.955656
[e253 s0700/1030] loss = 0.909469
[e253 s0750/1030] loss = 0.900672
[e253 s0800/1030] loss = 0.863774
[e253 s0850/1030] loss = 0.827823
[e253 s0900/1030] loss = 0.799157
[e253 s0950/1030] loss = 0.776889
[e253 s1000/1030] loss = 0.751389
Epoch 253: train_loss = 0.739033  MAE/GAME0 = 11.480  RMSE = 32.023  GAME1 = 13.396  GAME2 = 15.573  GAME3 = 16.847  lr = 1.79e-05  time = 23.0s
[e254 s0001/1030] loss = 0.212569
[e254 s0050/1030] loss = 0.255340
[e254 s0100/1030] loss = 0.357883
[e254 s0150/1030] loss = 0.483352
[e254 s0200/1030] loss = 0.468022
[e254 s0250/1030] loss = 2.019924
[e254 s0300/1030] loss = 1.723307
[e254 s0350/1030] loss = 1.507744
[e254 s0400/1030] loss = 1.380398
[e254 s0450/1030] loss = 1.257601
[e254 s0500/1030] loss = 1.177322
[e254 s0550/1030] loss = 1.101154
[e254 s0600/1030] loss = 1.037081
[e254 s0650/1030] loss = 0.977125
[e254 s0700/1030] loss = 0.928940
[e254 s0750/1030] loss = 0.891583
[e254 s0800/1030] loss = 0.846474
[e254 s0850/1030] loss = 0.825413
[e254 s0900/1030] loss = 0.799903
[e254 s0950/1030] loss = 0.772627
[e254 s1000/1030] loss = 0.761830
Epoch 254: train_loss = 0.750120  MAE/GAME0 = 11.665  RMSE = 32.445  GAME1 = 13.332  GAME2 = 15.047  GAME3 = 16.117  lr = 1.77e-05  time = 23.0s
[e255 s0001/1030] loss = 0.162462
[e255 s0050/1030] loss = 0.817105
[e255 s0100/1030] loss = 0.533149
[e255 s0150/1030] loss = 0.426051
[e255 s0200/1030] loss = 0.406357
[e255 s0250/1030] loss = 0.371187
[e255 s0300/1030] loss = 0.354290
[e255 s0350/1030] loss = 0.341000
[e255 s0400/1030] loss = 0.368198
[e255 s0450/1030] loss = 0.358265
[e255 s0500/1030] loss = 0.388870
[e255 s0550/1030] loss = 0.384919
[e255 s0600/1030] loss = 0.370314
[e255 s0650/1030] loss = 0.362870
[e255 s0700/1030] loss = 0.356956
[e255 s0750/1030] loss = 0.352656
[e255 s0800/1030] loss = 0.349781
[e255 s0850/1030] loss = 0.345907
[e255 s0900/1030] loss = 0.755591
[e255 s0950/1030] loss = 0.732445
[e255 s1000/1030] loss = 0.718347
Epoch 255: train_loss = 0.706966  MAE/GAME0 = 11.218  RMSE = 31.622  GAME1 = 13.194  GAME2 = 15.045  GAME3 = 16.177  lr = 1.75e-05  time = 23.0s
[e256 s0001/1030] loss = 1.129592
[e256 s0050/1030] loss = 0.484808
[e256 s0100/1030] loss = 0.404043
[e256 s0150/1030] loss = 0.359457
[e256 s0200/1030] loss = 0.385447
[e256 s0250/1030] loss = 0.358691
[e256 s0300/1030] loss = 1.515332
[e256 s0350/1030] loss = 1.343805
[e256 s0400/1030] loss = 1.219987
[e256 s0450/1030] loss = 1.138696
[e256 s0500/1030] loss = 1.067635
[e256 s0550/1030] loss = 0.994308
[e256 s0600/1030] loss = 0.933373
[e256 s0650/1030] loss = 0.877356
[e256 s0700/1030] loss = 0.839193
[e256 s0750/1030] loss = 0.802958
[e256 s0800/1030] loss = 0.795247
[e256 s0850/1030] loss = 0.769010
[e256 s0900/1030] loss = 0.752323
[e256 s0950/1030] loss = 0.731165
[e256 s1000/1030] loss = 0.709663
Epoch 256: train_loss = 0.707262  MAE/GAME0 = 11.668  RMSE = 32.020  GAME1 = 13.487  GAME2 = 15.151  GAME3 = 16.216  lr = 1.73e-05  time = 23.2s
[e257 s0001/1030] loss = 0.123368
[e257 s0050/1030] loss = 0.407735
[e257 s0100/1030] loss = 0.357458
[e257 s0150/1030] loss = 0.374795
[e257 s0200/1030] loss = 0.354783
[e257 s0250/1030] loss = 0.390319
[e257 s0300/1030] loss = 0.377413
[e257 s0350/1030] loss = 1.407806
[e257 s0400/1030] loss = 1.274708
[e257 s0450/1030] loss = 1.160386
[e257 s0500/1030] loss = 1.094266
[e257 s0550/1030] loss = 1.029891
[e257 s0600/1030] loss = 0.972175
[e257 s0650/1030] loss = 0.927699
[e257 s0700/1030] loss = 0.884604
[e257 s0750/1030] loss = 0.841975
[e257 s0800/1030] loss = 0.805865
[e257 s0850/1030] loss = 0.792015
[e257 s0900/1030] loss = 0.764224
[e257 s0950/1030] loss = 0.749471
[e257 s1000/1030] loss = 0.724806
Epoch 257: train_loss = 0.710866  MAE/GAME0 = 11.384  RMSE = 32.567  GAME1 = 13.266  GAME2 = 14.984  GAME3 = 16.117  lr = 1.71e-05  time = 23.0s
[e258 s0001/1030] loss = 0.039012
[e258 s0050/1030] loss = 0.391088
[e258 s0100/1030] loss = 0.346450
[e258 s0150/1030] loss = 0.339585
[e258 s0200/1030] loss = 0.315201
[e258 s0250/1030] loss = 0.331700
[e258 s0300/1030] loss = 0.345561
[e258 s0350/1030] loss = 0.330510
[e258 s0400/1030] loss = 0.333807
[e258 s0450/1030] loss = 0.326328
[e258 s0500/1030] loss = 0.315270
[e258 s0550/1030] loss = 0.333176
[e258 s0600/1030] loss = 0.328567
[e258 s0650/1030] loss = 0.330263
[e258 s0700/1030] loss = 0.846196
[e258 s0750/1030] loss = 0.811976
[e258 s0800/1030] loss = 0.805021
[e258 s0850/1030] loss = 0.772622
[e258 s0900/1030] loss = 0.751255
[e258 s0950/1030] loss = 0.724888
[e258 s1000/1030] loss = 0.713318
Epoch 258: train_loss = 0.703085  MAE/GAME0 = 11.627  RMSE = 32.367  GAME1 = 13.298  GAME2 = 14.954  GAME3 = 15.920  lr = 1.69e-05  time = 23.0s
[e259 s0001/1030] loss = 0.273628
[e259 s0050/1030] loss = 0.438035
[e259 s0100/1030] loss = 0.349183
[e259 s0150/1030] loss = 0.357714
[e259 s0200/1030] loss = 0.359066
[e259 s0250/1030] loss = 0.399647
[e259 s0300/1030] loss = 0.378929
[e259 s0350/1030] loss = 0.381846
[e259 s0400/1030] loss = 0.368538
[e259 s0450/1030] loss = 0.385336
[e259 s0500/1030] loss = 0.377516
[e259 s0550/1030] loss = 1.023402
[e259 s0600/1030] loss = 0.977801
[e259 s0650/1030] loss = 0.924604
[e259 s0700/1030] loss = 0.876592
[e259 s0750/1030] loss = 0.837479
[e259 s0800/1030] loss = 0.810652
[e259 s0850/1030] loss = 0.782642
[e259 s0900/1030] loss = 0.759763
[e259 s0950/1030] loss = 0.740609
[e259 s1000/1030] loss = 0.718857
Epoch 259: train_loss = 0.705423  MAE/GAME0 = 11.527  RMSE = 32.518  GAME1 = 13.333  GAME2 = 15.162  GAME3 = 16.243  lr = 1.67e-05  time = 23.0s
[e260 s0001/1030] loss = 0.069786
[e260 s0050/1030] loss = 0.417188
[e260 s0100/1030] loss = 0.338514
[e260 s0150/1030] loss = 0.396980
[e260 s0200/1030] loss = 0.379217
[e260 s0250/1030] loss = 0.357455
[e260 s0300/1030] loss = 0.348626
[e260 s0350/1030] loss = 0.341156
[e260 s0400/1030] loss = 0.378363
[e260 s0450/1030] loss = 0.382552
[e260 s0500/1030] loss = 0.369314
[e260 s0550/1030] loss = 0.359362
[e260 s0600/1030] loss = 0.370192
[e260 s0650/1030] loss = 0.370150
[e260 s0700/1030] loss = 0.358226
[e260 s0750/1030] loss = 0.352040
[e260 s0800/1030] loss = 0.349984
[e260 s0850/1030] loss = 0.354568
[e260 s0900/1030] loss = 0.346655
[e260 s0950/1030] loss = 0.360450
[e260 s1000/1030] loss = 0.355163
Epoch 260: train_loss = 0.705308  MAE/GAME0 = 11.870  RMSE = 31.112  GAME1 = 13.958  GAME2 = 16.275  GAME3 = 17.609  lr = 1.65e-05  time = 23.0s
[e261 s0001/1030] loss = 0.311297
[e261 s0050/1030] loss = 0.325374
[e261 s0100/1030] loss = 0.429173
[e261 s0150/1030] loss = 0.359290
[e261 s0200/1030] loss = 2.167884
[e261 s0250/1030] loss = 1.813428
[e261 s0300/1030] loss = 1.548793
[e261 s0350/1030] loss = 1.377641
[e261 s0400/1030] loss = 1.263963
[e261 s0450/1030] loss = 1.162752
[e261 s0500/1030] loss = 1.085263
[e261 s0550/1030] loss = 1.015544
[e261 s0600/1030] loss = 0.953514
[e261 s0650/1030] loss = 0.907100
[e261 s0700/1030] loss = 0.864256
[e261 s0750/1030] loss = 0.828013
[e261 s0800/1030] loss = 0.793823
[e261 s0850/1030] loss = 0.759948
[e261 s0900/1030] loss = 0.743883
[e261 s0950/1030] loss = 0.721421
[e261 s1000/1030] loss = 0.711240
Epoch 261: train_loss = 0.696883  MAE/GAME0 = 11.457  RMSE = 32.152  GAME1 = 13.457  GAME2 = 15.550  GAME3 = 16.800  lr = 1.63e-05  time = 22.8s
[e262 s0001/1030] loss = 0.699385
[e262 s0050/1030] loss = 0.298676
[e262 s0100/1030] loss = 0.372889
[e262 s0150/1030] loss = 0.317922
[e262 s0200/1030] loss = 0.320471
[e262 s0250/1030] loss = 0.365093
[e262 s0300/1030] loss = 0.390317
[e262 s0350/1030] loss = 0.378615
[e262 s0400/1030] loss = 0.408538
[e262 s0450/1030] loss = 1.242744
[e262 s0500/1030] loss = 1.142768
[e262 s0550/1030] loss = 1.072701
[e262 s0600/1030] loss = 1.011850
[e262 s0650/1030] loss = 0.966989
[e262 s0700/1030] loss = 0.919108
[e262 s0750/1030] loss = 0.877660
[e262 s0800/1030] loss = 0.841930
[e262 s0850/1030] loss = 0.808651
[e262 s0900/1030] loss = 0.776852
[e262 s0950/1030] loss = 0.748321
[e262 s1000/1030] loss = 0.722065
Epoch 262: train_loss = 0.709960  MAE/GAME0 = 11.276  RMSE = 32.263  GAME1 = 13.198  GAME2 = 14.995  GAME3 = 16.074  lr = 1.61e-05  time = 22.9s
[e263 s0001/1030] loss = 0.577863
[e263 s0050/1030] loss = 0.393270
[e263 s0100/1030] loss = 0.415339
[e263 s0150/1030] loss = 0.370537
[e263 s0200/1030] loss = 0.332380
[e263 s0250/1030] loss = 0.315629
[e263 s0300/1030] loss = 0.357332
[e263 s0350/1030] loss = 1.419951
[e263 s0400/1030] loss = 1.311553
[e263 s0450/1030] loss = 1.204272
[e263 s0500/1030] loss = 1.107681
[e263 s0550/1030] loss = 1.033712
[e263 s0600/1030] loss = 0.992016
[e263 s0650/1030] loss = 0.944301
[e263 s0700/1030] loss = 0.894384
[e263 s0750/1030] loss = 0.852807
[e263 s0800/1030] loss = 0.811779
[e263 s0850/1030] loss = 0.786046
[e263 s0900/1030] loss = 0.753915
[e263 s0950/1030] loss = 0.733203
[e263 s1000/1030] loss = 0.710063
Epoch 263: train_loss = 0.697507  MAE/GAME0 = 11.571  RMSE = 32.601  GAME1 = 13.386  GAME2 = 15.141  GAME3 = 16.257  lr = 1.59e-05  time = 23.0s
[e264 s0001/1030] loss = 0.136363
[e264 s0050/1030] loss = 7.865314
[e264 s0100/1030] loss = 4.036094
[e264 s0150/1030] loss = 2.765680
[e264 s0200/1030] loss = 2.170728
[e264 s0250/1030] loss = 1.789690
[e264 s0300/1030] loss = 1.540284
[e264 s0350/1030] loss = 1.406306
[e264 s0400/1030] loss = 1.259387
[e264 s0450/1030] loss = 1.166069
[e264 s0500/1030] loss = 1.068402
[e264 s0550/1030] loss = 1.023402
[e264 s0600/1030] loss = 0.957545
[e264 s0650/1030] loss = 0.903038
[e264 s0700/1030] loss = 0.855933
[e264 s0750/1030] loss = 0.837654
[e264 s0800/1030] loss = 0.799822
[e264 s0850/1030] loss = 0.765310
[e264 s0900/1030] loss = 0.747599
[e264 s0950/1030] loss = 0.721398
[e264 s1000/1030] loss = 0.703373
Epoch 264: train_loss = 0.692344  MAE/GAME0 = 11.623  RMSE = 30.692  GAME1 = 13.666  GAME2 = 15.850  GAME3 = 17.153  lr = 1.57e-05  time = 23.0s
[e265 s0001/1030] loss = 0.978827
[e265 s0050/1030] loss = 0.479771
[e265 s0100/1030] loss = 0.344552
[e265 s0150/1030] loss = 0.336763
[e265 s0200/1030] loss = 0.341839
[e265 s0250/1030] loss = 0.334077
[e265 s0300/1030] loss = 0.315676
[e265 s0350/1030] loss = 0.298381
[e265 s0400/1030] loss = 0.327791
[e265 s0450/1030] loss = 0.343947
[e265 s0500/1030] loss = 0.333773
[e265 s0550/1030] loss = 0.346175
[e265 s0600/1030] loss = 0.349234
[e265 s0650/1030] loss = 0.935626
[e265 s0700/1030] loss = 0.886483
[e265 s0750/1030] loss = 0.852149
[e265 s0800/1030] loss = 0.811806
[e265 s0850/1030] loss = 0.779999
[e265 s0900/1030] loss = 0.750928
[e265 s0950/1030] loss = 0.738658
[e265 s1000/1030] loss = 0.719021
Epoch 265: train_loss = 0.703839  MAE/GAME0 = 11.806  RMSE = 33.124  GAME1 = 13.505  GAME2 = 15.122  GAME3 = 16.060  lr = 1.55e-05  time = 22.9s
[e266 s0001/1030] loss = 0.005794
[e266 s0050/1030] loss = 0.208012
[e266 s0100/1030] loss = 0.295536
[e266 s0150/1030] loss = 0.316849
[e266 s0200/1030] loss = 0.285984
[e266 s0250/1030] loss = 0.273440
[e266 s0300/1030] loss = 0.305132
[e266 s0350/1030] loss = 0.301085
[e266 s0400/1030] loss = 0.333448
[e266 s0450/1030] loss = 0.324857
[e266 s0500/1030] loss = 0.322833
[e266 s0550/1030] loss = 0.315718
[e266 s0600/1030] loss = 0.320395
[e266 s0650/1030] loss = 0.319953
[e266 s0700/1030] loss = 0.315243
[e266 s0750/1030] loss = 0.822581
[e266 s0800/1030] loss = 0.786892
[e266 s0850/1030] loss = 0.757743
[e266 s0900/1030] loss = 0.737556
[e266 s0950/1030] loss = 0.733294
[e266 s1000/1030] loss = 0.718136
Epoch 266: train_loss = 0.701673  MAE/GAME0 = 11.557  RMSE = 32.200  GAME1 = 13.629  GAME2 = 15.661  GAME3 = 16.919  lr = 1.53e-05  time = 23.2s
[e267 s0001/1030] loss = 1.470525
[e267 s0050/1030] loss = 7.802422
[e267 s0100/1030] loss = 4.225691
[e267 s0150/1030] loss = 2.900298
[e267 s0200/1030] loss = 2.244765
[e267 s0250/1030] loss = 1.845095
[e267 s0300/1030] loss = 1.579985
[e267 s0350/1030] loss = 1.387381
[e267 s0400/1030] loss = 1.245565
[e267 s0450/1030] loss = 1.136711
[e267 s0500/1030] loss = 1.067006
[e267 s0550/1030] loss = 0.992143
[e267 s0600/1030] loss = 0.935100
[e267 s0650/1030] loss = 0.881327
[e267 s0700/1030] loss = 0.860320
[e267 s0750/1030] loss = 0.834963
[e267 s0800/1030] loss = 0.824913
[e267 s0850/1030] loss = 0.795583
[e267 s0900/1030] loss = 0.770370
[e267 s0950/1030] loss = 0.744051
[e267 s1000/1030] loss = 0.722858
Epoch 267: train_loss = 0.708286  MAE/GAME0 = 11.283  RMSE = 31.487  GAME1 = 13.290  GAME2 = 15.150  GAME3 = 16.326  lr = 1.51e-05  time = 23.0s
[e268 s0001/1030] loss = 0.353569
[e268 s0050/1030] loss = 0.261131
[e268 s0100/1030] loss = 0.270669
[e268 s0150/1030] loss = 0.281729
[e268 s0200/1030] loss = 0.305037
[e268 s0250/1030] loss = 0.305452
[e268 s0300/1030] loss = 0.318307
[e268 s0350/1030] loss = 0.377029
[e268 s0400/1030] loss = 0.366158
[e268 s0450/1030] loss = 0.348444
[e268 s0500/1030] loss = 0.336776
[e268 s0550/1030] loss = 0.356770
[e268 s0600/1030] loss = 0.375927
[e268 s0650/1030] loss = 0.372010
[e268 s0700/1030] loss = 0.363711
[e268 s0750/1030] loss = 0.354865
[e268 s0800/1030] loss = 0.819819
[e268 s0850/1030] loss = 0.798876
[e268 s0900/1030] loss = 0.776540
[e268 s0950/1030] loss = 0.749013
[e268 s1000/1030] loss = 0.725711
Epoch 268: train_loss = 0.717009  MAE/GAME0 = 11.568  RMSE = 31.602  GAME1 = 13.692  GAME2 = 15.849  GAME3 = 17.140  lr = 1.49e-05  time = 23.2s
[e269 s0001/1030] loss = 0.095111
[e269 s0050/1030] loss = 0.524423
[e269 s0100/1030] loss = 0.383479
[e269 s0150/1030] loss = 0.421608
[e269 s0200/1030] loss = 0.378945
[e269 s0250/1030] loss = 0.424654
[e269 s0300/1030] loss = 1.669473
[e269 s0350/1030] loss = 1.493102
[e269 s0400/1030] loss = 1.330123
[e269 s0450/1030] loss = 1.210747
[e269 s0500/1030] loss = 1.123894
[e269 s0550/1030] loss = 1.053080
[e269 s0600/1030] loss = 0.986371
[e269 s0650/1030] loss = 0.956492
[e269 s0700/1030] loss = 0.913657
[e269 s0750/1030] loss = 0.883100
[e269 s0800/1030] loss = 0.839407
[e269 s0850/1030] loss = 0.807948
[e269 s0900/1030] loss = 0.776153
[e269 s0950/1030] loss = 0.743317
[e269 s1000/1030] loss = 0.719823
Epoch 269: train_loss = 0.705060  MAE/GAME0 = 11.351  RMSE = 31.760  GAME1 = 13.292  GAME2 = 15.129  GAME3 = 16.258  lr = 1.47e-05  time = 23.1s
[e270 s0001/1030] loss = 0.079249
[e270 s0050/1030] loss = 0.297961
[e270 s0100/1030] loss = 0.307051
[e270 s0150/1030] loss = 0.341571
[e270 s0200/1030] loss = 0.331528
[e270 s0250/1030] loss = 0.318477
[e270 s0300/1030] loss = 0.319395
[e270 s0350/1030] loss = 0.314554
[e270 s0400/1030] loss = 0.316889
[e270 s0450/1030] loss = 0.312420
[e270 s0500/1030] loss = 0.309475
[e270 s0550/1030] loss = 0.316003
[e270 s0600/1030] loss = 0.325464
[e270 s0650/1030] loss = 0.322147
[e270 s0700/1030] loss = 0.316337
[e270 s0750/1030] loss = 0.335807
[e270 s0800/1030] loss = 0.331976
[e270 s0850/1030] loss = 0.327642
[e270 s0900/1030] loss = 0.339939
[e270 s0950/1030] loss = 0.712801
[e270 s1000/1030] loss = 0.697989
Epoch 270: train_loss = 0.684940  MAE/GAME0 = 11.568  RMSE = 32.645  GAME1 = 13.361  GAME2 = 15.155  GAME3 = 16.262  lr = 1.45e-05  time = 23.0s
[e271 s0001/1030] loss = 0.306233
[e271 s0050/1030] loss = 0.380010
[e271 s0100/1030] loss = 0.409473
[e271 s0150/1030] loss = 2.710040
[e271 s0200/1030] loss = 2.152202
[e271 s0250/1030] loss = 1.783854
[e271 s0300/1030] loss = 1.551854
[e271 s0350/1030] loss = 1.370525
[e271 s0400/1030] loss = 1.229299
[e271 s0450/1030] loss = 1.119199
[e271 s0500/1030] loss = 1.047353
[e271 s0550/1030] loss = 0.982047
[e271 s0600/1030] loss = 0.946275
[e271 s0650/1030] loss = 0.902568
[e271 s0700/1030] loss = 0.854740
[e271 s0750/1030] loss = 0.809267
[e271 s0800/1030] loss = 0.778231
[e271 s0850/1030] loss = 0.743936
[e271 s0900/1030] loss = 0.716755
[e271 s0950/1030] loss = 0.695840
[e271 s1000/1030] loss = 0.674958
Epoch 271: train_loss = 0.671752  MAE/GAME0 = 11.834  RMSE = 32.957  GAME1 = 13.572  GAME2 = 15.228  GAME3 = 16.185  lr = 1.43e-05  time = 23.1s
[e272 s0001/1030] loss = 0.775828
[e272 s0050/1030] loss = 0.253530
[e272 s0100/1030] loss = 0.348981
[e272 s0150/1030] loss = 0.302300
[e272 s0200/1030] loss = 0.298645
[e272 s0250/1030] loss = 0.314159
[e272 s0300/1030] loss = 1.521308
[e272 s0350/1030] loss = 1.343521
[e272 s0400/1030] loss = 1.220585
[e272 s0450/1030] loss = 1.119315
[e272 s0500/1030] loss = 1.035558
[e272 s0550/1030] loss = 0.966300
[e272 s0600/1030] loss = 0.914207
[e272 s0650/1030] loss = 0.862279
[e272 s0700/1030] loss = 0.819502
[e272 s0750/1030] loss = 0.792862
[e272 s0800/1030] loss = 0.756516
[e272 s0850/1030] loss = 0.727051
[e272 s0900/1030] loss = 0.700564
[e272 s0950/1030] loss = 0.684790
[e272 s1000/1030] loss = 0.680291
Epoch 272: train_loss = 0.680342  MAE/GAME0 = 11.240  RMSE = 31.302  GAME1 = 13.218  GAME2 = 15.166  GAME3 = 16.291  lr = 1.41e-05  time = 23.1s
[e273 s0001/1030] loss = 0.111519
[e273 s0050/1030] loss = 0.355483
[e273 s0100/1030] loss = 0.295998
[e273 s0150/1030] loss = 0.340689
[e273 s0200/1030] loss = 0.316661
[e273 s0250/1030] loss = 0.307888
[e273 s0300/1030] loss = 0.344928
[e273 s0350/1030] loss = 0.353321
[e273 s0400/1030] loss = 0.340573
[e273 s0450/1030] loss = 0.336359
[e273 s0500/1030] loss = 0.339488
[e273 s0550/1030] loss = 0.330318
[e273 s0600/1030] loss = 0.343781
[e273 s0650/1030] loss = 0.334341
[e273 s0700/1030] loss = 0.348142
[e273 s0750/1030] loss = 0.339699
[e273 s0800/1030] loss = 0.332189
[e273 s0850/1030] loss = 0.760230
[e273 s0900/1030] loss = 0.733293
[e273 s0950/1030] loss = 0.719682
[e273 s1000/1030] loss = 0.696472
Epoch 273: train_loss = 0.680865  MAE/GAME0 = 11.532  RMSE = 32.247  GAME1 = 13.421  GAME2 = 15.135  GAME3 = 16.198  lr = 1.39e-05  time = 23.6s
[e274 s0001/1030] loss = 0.146184
[e274 s0050/1030] loss = 0.218861
[e274 s0100/1030] loss = 0.218324
[e274 s0150/1030] loss = 0.225011
[e274 s0200/1030] loss = 0.228971
[e274 s0250/1030] loss = 0.257565
[e274 s0300/1030] loss = 0.304925
[e274 s0350/1030] loss = 0.300246
[e274 s0400/1030] loss = 0.300328
[e274 s0450/1030] loss = 0.297086
[e274 s0500/1030] loss = 0.310413
[e274 s0550/1030] loss = 0.308837
[e274 s0600/1030] loss = 0.331252
[e274 s0650/1030] loss = 0.337341
[e274 s0700/1030] loss = 0.332176
[e274 s0750/1030] loss = 0.336923
[e274 s0800/1030] loss = 0.333806
[e274 s0850/1030] loss = 0.332508
[e274 s0900/1030] loss = 0.328623
[e274 s0950/1030] loss = 0.324004
[e274 s1000/1030] loss = 0.692583
Epoch 274: train_loss = 0.679690  MAE/GAME0 = 11.559  RMSE = 32.320  GAME1 = 13.388  GAME2 = 15.151  GAME3 = 16.271  lr = 1.37e-05  time = 23.0s
[e275 s0001/1030] loss = 0.143646
[e275 s0050/1030] loss = 0.252116
[e275 s0100/1030] loss = 0.266985
[e275 s0150/1030] loss = 0.290633
[e275 s0200/1030] loss = 0.295813
[e275 s0250/1030] loss = 0.292968
[e275 s0300/1030] loss = 0.279951
[e275 s0350/1030] loss = 0.306559
[e275 s0400/1030] loss = 0.308889
[e275 s0450/1030] loss = 1.140774
[e275 s0500/1030] loss = 1.050711
[e275 s0550/1030] loss = 1.000308
[e275 s0600/1030] loss = 0.948675
[e275 s0650/1030] loss = 0.897019
[e275 s0700/1030] loss = 0.849278
[e275 s0750/1030] loss = 0.814589
[e275 s0800/1030] loss = 0.783246
[e275 s0850/1030] loss = 0.748302
[e275 s0900/1030] loss = 0.723947
[e275 s0950/1030] loss = 0.700500
[e275 s1000/1030] loss = 0.679011
Epoch 275: train_loss = 0.670189  MAE/GAME0 = 11.764  RMSE = 32.310  GAME1 = 13.514  GAME2 = 15.244  GAME3 = 16.183  lr = 1.35e-05  time = 23.3s
[e276 s0001/1030] loss = 0.072355
[e276 s0050/1030] loss = 0.651798
[e276 s0100/1030] loss = 0.547133
[e276 s0150/1030] loss = 0.540257
[e276 s0200/1030] loss = 0.467945
[e276 s0250/1030] loss = 0.418627
[e276 s0300/1030] loss = 0.436400
[e276 s0350/1030] loss = 0.417231
[e276 s0400/1030] loss = 0.400679
[e276 s0450/1030] loss = 0.383817
[e276 s0500/1030] loss = 0.379066
[e276 s0550/1030] loss = 0.370745
[e276 s0600/1030] loss = 0.365937
[e276 s0650/1030] loss = 0.352764
[e276 s0700/1030] loss = 0.346577
[e276 s0750/1030] loss = 0.337272
[e276 s0800/1030] loss = 0.776645
[e276 s0850/1030] loss = 0.746313
[e276 s0900/1030] loss = 0.721543
[e276 s0950/1030] loss = 0.702228
[e276 s1000/1030] loss = 0.680491
Epoch 276: train_loss = 0.668347  MAE/GAME0 = 11.365  RMSE = 31.894  GAME1 = 13.357  GAME2 = 15.435  GAME3 = 16.625  lr = 1.33e-05  time = 23.1s
[e277 s0001/1030] loss = 0.100789
[e277 s0050/1030] loss = 0.201877
[e277 s0100/1030] loss = 0.197635
[e277 s0150/1030] loss = 0.223801
[e277 s0200/1030] loss = 0.253368
[e277 s0250/1030] loss = 0.259382
[e277 s0300/1030] loss = 0.302882
[e277 s0350/1030] loss = 0.300679
[e277 s0400/1030] loss = 0.284153
[e277 s0450/1030] loss = 0.286424
[e277 s0500/1030] loss = 0.311942
[e277 s0550/1030] loss = 0.323297
[e277 s0600/1030] loss = 0.316148
[e277 s0650/1030] loss = 0.316841
[e277 s0700/1030] loss = 0.319767
[e277 s0750/1030] loss = 0.807640
[e277 s0800/1030] loss = 0.786884
[e277 s0850/1030] loss = 0.758033
[e277 s0900/1030] loss = 0.728425
[e277 s0950/1030] loss = 0.714233
[e277 s1000/1030] loss = 0.693653
Epoch 277: train_loss = 0.680699  MAE/GAME0 = 11.666  RMSE = 33.282  GAME1 = 13.532  GAME2 = 15.367  GAME3 = 16.417  lr = 1.31e-05  time = 24.2s
[e278 s0001/1030] loss = 2.312034
[e278 s0050/1030] loss = 0.377667
[e278 s0100/1030] loss = 0.301804
[e278 s0150/1030] loss = 0.358945
[e278 s0200/1030] loss = 0.320526
[e278 s0250/1030] loss = 1.781161
[e278 s0300/1030] loss = 1.549958
[e278 s0350/1030] loss = 1.356284
[e278 s0400/1030] loss = 1.247089
[e278 s0450/1030] loss = 1.129529
[e278 s0500/1030] loss = 1.064100
[e278 s0550/1030] loss = 1.011842
[e278 s0600/1030] loss = 0.948982
[e278 s0650/1030] loss = 0.896048
[e278 s0700/1030] loss = 0.847252
[e278 s0750/1030] loss = 0.808036
[e278 s0800/1030] loss = 0.773490
[e278 s0850/1030] loss = 0.739959
[e278 s0900/1030] loss = 0.719559
[e278 s0950/1030] loss = 0.697927
[e278 s1000/1030] loss = 0.679210
Epoch 278: train_loss = 0.667664  MAE/GAME0 = 11.224  RMSE = 30.798  GAME1 = 13.137  GAME2 = 15.155  GAME3 = 16.316  lr = 1.29e-05  time = 23.1s
[e279 s0001/1030] loss = 0.260700
[e279 s0050/1030] loss = 0.220983
[e279 s0100/1030] loss = 0.243487
[e279 s0150/1030] loss = 0.332892
[e279 s0200/1030] loss = 0.308282
[e279 s0250/1030] loss = 0.298739
[e279 s0300/1030] loss = 0.329142
[e279 s0350/1030] loss = 0.317151
[e279 s0400/1030] loss = 0.318782
[e279 s0450/1030] loss = 0.320163
[e279 s0500/1030] loss = 0.325787
[e279 s0550/1030] loss = 0.323569
[e279 s0600/1030] loss = 0.316911
[e279 s0650/1030] loss = 0.311554
[e279 s0700/1030] loss = 0.322346
[e279 s0750/1030] loss = 0.802895
[e279 s0800/1030] loss = 0.765222
[e279 s0850/1030] loss = 0.739961
[e279 s0900/1030] loss = 0.730290
[e279 s0950/1030] loss = 0.704633
[e279 s1000/1030] loss = 0.682377
Epoch 279: train_loss = 0.668925  MAE/GAME0 = 11.458  RMSE = 31.944  GAME1 = 13.397  GAME2 = 15.250  GAME3 = 16.406  lr = 1.27e-05  time = 23.7s
[e280 s0001/1030] loss = 0.039948
[e280 s0050/1030] loss = 0.238930
[e280 s0100/1030] loss = 0.213348
[e280 s0150/1030] loss = 0.463715
[e280 s0200/1030] loss = 0.422084
[e280 s0250/1030] loss = 0.390921
[e280 s0300/1030] loss = 0.369927
[e280 s0350/1030] loss = 0.353310
[e280 s0400/1030] loss = 0.338525
[e280 s0450/1030] loss = 0.324683
[e280 s0500/1030] loss = 0.342921
[e280 s0550/1030] loss = 0.344709
[e280 s0600/1030] loss = 0.355659
[e280 s0650/1030] loss = 0.344382
[e280 s0700/1030] loss = 0.343719
[e280 s0750/1030] loss = 0.800985
[e280 s0800/1030] loss = 0.769764
[e280 s0850/1030] loss = 0.745295
[e280 s0900/1030] loss = 0.724312
[e280 s0950/1030] loss = 0.706895
[e280 s1000/1030] loss = 0.680299
Epoch 280: train_loss = 0.668028  MAE/GAME0 = 11.499  RMSE = 32.147  GAME1 = 13.424  GAME2 = 15.337  GAME3 = 16.424  lr = 1.25e-05  time = 22.9s
[e281 s0001/1030] loss = 0.218916
[e281 s0050/1030] loss = 0.201134
[e281 s0100/1030] loss = 3.633849
[e281 s0150/1030] loss = 2.580751
[e281 s0200/1030] loss = 1.999042
[e281 s0250/1030] loss = 1.646055
[e281 s0300/1030] loss = 1.439747
[e281 s0350/1030] loss = 1.282634
[e281 s0400/1030] loss = 1.174302
[e281 s0450/1030] loss = 1.065615
[e281 s0500/1030] loss = 0.978228
[e281 s0550/1030] loss = 0.922780
[e281 s0600/1030] loss = 0.894466
[e281 s0650/1030] loss = 0.849818
[e281 s0700/1030] loss = 0.808650
[e281 s0750/1030] loss = 0.771442
[e281 s0800/1030] loss = 0.742128
[e281 s0850/1030] loss = 0.711779
[e281 s0900/1030] loss = 0.683181
[e281 s0950/1030] loss = 0.679154
[e281 s1000/1030] loss = 0.658223
Epoch 281: train_loss = 0.648738  MAE/GAME0 = 11.501  RMSE = 31.831  GAME1 = 13.504  GAME2 = 15.507  GAME3 = 16.626  lr = 1.23e-05  time = 23.0s
[e282 s0001/1030] loss = 0.263790
[e282 s0050/1030] loss = 0.240890
[e282 s0100/1030] loss = 0.209914
[e282 s0150/1030] loss = 0.226177
[e282 s0200/1030] loss = 0.248043
[e282 s0250/1030] loss = 0.283646
[e282 s0300/1030] loss = 0.274220
[e282 s0350/1030] loss = 0.287267
[e282 s0400/1030] loss = 0.300402
[e282 s0450/1030] loss = 1.094619
[e282 s0500/1030] loss = 1.006614
[e282 s0550/1030] loss = 0.942999
[e282 s0600/1030] loss = 0.885034
[e282 s0650/1030] loss = 0.832724
[e282 s0700/1030] loss = 0.791427
[e282 s0750/1030] loss = 0.765733
[e282 s0800/1030] loss = 0.735597
[e282 s0850/1030] loss = 0.716204
[e282 s0900/1030] loss = 0.694701
[e282 s0950/1030] loss = 0.678701
[e282 s1000/1030] loss = 0.657311
Epoch 282: train_loss = 0.651789  MAE/GAME0 = 11.791  RMSE = 32.625  GAME1 = 13.708  GAME2 = 15.573  GAME3 = 16.657  lr = 1.22e-05  time = 23.1s
[e283 s0001/1030] loss = 2.366580
[e283 s0050/1030] loss = 0.329223
[e283 s0100/1030] loss = 0.281626
[e283 s0150/1030] loss = 0.295111
[e283 s0200/1030] loss = 0.313927
[e283 s0250/1030] loss = 0.294623
[e283 s0300/1030] loss = 0.293517
[e283 s0350/1030] loss = 1.279818
[e283 s0400/1030] loss = 1.146350
[e283 s0450/1030] loss = 1.045082
[e283 s0500/1030] loss = 0.963336
[e283 s0550/1030] loss = 0.897864
[e283 s0600/1030] loss = 0.852943
[e283 s0650/1030] loss = 0.809188
[e283 s0700/1030] loss = 0.774700
[e283 s0750/1030] loss = 0.740266
[e283 s0800/1030] loss = 0.710346
[e283 s0850/1030] loss = 0.689979
[e283 s0900/1030] loss = 0.687592
[e283 s0950/1030] loss = 0.674695
[e283 s1000/1030] loss = 0.653025
Epoch 283: train_loss = 0.646038  MAE/GAME0 = 11.542  RMSE = 31.724  GAME1 = 13.544  GAME2 = 15.561  GAME3 = 16.778  lr = 1.20e-05  time = 23.2s
[e284 s0001/1030] loss = 1.184910
[e284 s0050/1030] loss = 0.277295
[e284 s0100/1030] loss = 0.371002
[e284 s0150/1030] loss = 0.441570
[e284 s0200/1030] loss = 0.390409
[e284 s0250/1030] loss = 0.358050
[e284 s0300/1030] loss = 0.353494
[e284 s0350/1030] loss = 0.334411
[e284 s0400/1030] loss = 0.339197
[e284 s0450/1030] loss = 0.339024
[e284 s0500/1030] loss = 0.326730
[e284 s0550/1030] loss = 0.318676
[e284 s0600/1030] loss = 0.324977
[e284 s0650/1030] loss = 0.331751
[e284 s0700/1030] loss = 0.329983
[e284 s0750/1030] loss = 0.800421
[e284 s0800/1030] loss = 0.766968
[e284 s0850/1030] loss = 0.743063
[e284 s0900/1030] loss = 0.711772
[e284 s0950/1030] loss = 0.701547
[e284 s1000/1030] loss = 0.679025
Epoch 284: train_loss = 0.668005  MAE/GAME0 = 11.289  RMSE = 31.684  GAME1 = 13.229  GAME2 = 15.081  GAME3 = 16.240  lr = 1.18e-05  time = 23.1s
[e285 s0001/1030] loss = 0.512813
[e285 s0050/1030] loss = 0.333718
[e285 s0100/1030] loss = 0.360351
[e285 s0150/1030] loss = 0.331026
[e285 s0200/1030] loss = 2.077981
[e285 s0250/1030] loss = 1.712875
[e285 s0300/1030] loss = 1.467589
[e285 s0350/1030] loss = 1.292668
[e285 s0400/1030] loss = 1.153644
[e285 s0450/1030] loss = 1.047675
[e285 s0500/1030] loss = 0.978626
[e285 s0550/1030] loss = 0.914945
[e285 s0600/1030] loss = 0.869023
[e285 s0650/1030] loss = 0.818346
[e285 s0700/1030] loss = 0.778140
[e285 s0750/1030] loss = 0.761028
[e285 s0800/1030] loss = 0.733605
[e285 s0850/1030] loss = 0.706865
[e285 s0900/1030] loss = 0.695143
[e285 s0950/1030] loss = 0.678922
[e285 s1000/1030] loss = 0.666942
Epoch 285: train_loss = 0.652330  MAE/GAME0 = 11.486  RMSE = 31.982  GAME1 = 13.384  GAME2 = 15.101  GAME3 = 16.175  lr = 1.16e-05  time = 23.1s
[e286 s0001/1030] loss = 0.025844
[e286 s0050/1030] loss = 0.252827
[e286 s0100/1030] loss = 0.323795
[e286 s0150/1030] loss = 0.276233
[e286 s0200/1030] loss = 0.293031
[e286 s0250/1030] loss = 0.308658
[e286 s0300/1030] loss = 0.322292
[e286 s0350/1030] loss = 0.310181
[e286 s0400/1030] loss = 0.303647
[e286 s0450/1030] loss = 0.312550
[e286 s0500/1030] loss = 0.308116
[e286 s0550/1030] loss = 0.314218
[e286 s0600/1030] loss = 0.311722
[e286 s0650/1030] loss = 0.317193
[e286 s0700/1030] loss = 0.316260
[e286 s0750/1030] loss = 0.315376
[e286 s0800/1030] loss = 0.310717
[e286 s0850/1030] loss = 0.301785
[e286 s0900/1030] loss = 0.298054
[e286 s0950/1030] loss = 0.304445
[e286 s1000/1030] loss = 0.681996
Epoch 286: train_loss = 0.669192  MAE/GAME0 = 11.397  RMSE = 31.378  GAME1 = 13.427  GAME2 = 15.368  GAME3 = 16.564  lr = 1.14e-05  time = 23.3s
[e287 s0001/1030] loss = 0.061355
[e287 s0050/1030] loss = 0.236778
[e287 s0100/1030] loss = 0.288074
[e287 s0150/1030] loss = 0.282512
[e287 s0200/1030] loss = 0.282811
[e287 s0250/1030] loss = 0.284605
[e287 s0300/1030] loss = 0.273740
[e287 s0350/1030] loss = 0.290147
[e287 s0400/1030] loss = 0.293046
[e287 s0450/1030] loss = 0.287175
[e287 s0500/1030] loss = 0.296518
[e287 s0550/1030] loss = 0.298526
[e287 s0600/1030] loss = 0.294476
[e287 s0650/1030] loss = 0.295261
[e287 s0700/1030] loss = 0.297811
[e287 s0750/1030] loss = 0.761335
[e287 s0800/1030] loss = 0.734708
[e287 s0850/1030] loss = 0.708374
[e287 s0900/1030] loss = 0.679645
[e287 s0950/1030] loss = 0.666564
[e287 s1000/1030] loss = 0.665484
Epoch 287: train_loss = 0.652342  MAE/GAME0 = 12.145  RMSE = 33.116  GAME1 = 13.814  GAME2 = 15.406  GAME3 = 16.340  lr = 1.12e-05  time = 23.1s
[e288 s0001/1030] loss = 8.578123
[e288 s0050/1030] loss = 0.482981
[e288 s0100/1030] loss = 0.421310
[e288 s0150/1030] loss = 0.364655
[e288 s0200/1030] loss = 0.330947
[e288 s0250/1030] loss = 1.816388
[e288 s0300/1030] loss = 1.566615
[e288 s0350/1030] loss = 1.377104
[e288 s0400/1030] loss = 1.230958
[e288 s0450/1030] loss = 1.118827
[e288 s0500/1030] loss = 1.033299
[e288 s0550/1030] loss = 0.958037
[e288 s0600/1030] loss = 0.892063
[e288 s0650/1030] loss = 0.840577
[e288 s0700/1030] loss = 0.817828
[e288 s0750/1030] loss = 0.783756
[e288 s0800/1030] loss = 0.749901
[e288 s0850/1030] loss = 0.720438
[e288 s0900/1030] loss = 0.692480
[e288 s0950/1030] loss = 0.673658
[e288 s1000/1030] loss = 0.652357
Epoch 288: train_loss = 0.638979  MAE/GAME0 = 11.487  RMSE = 31.844  GAME1 = 13.335  GAME2 = 15.089  GAME3 = 16.120  lr = 1.11e-05  time = 23.1s
[e289 s0001/1030] loss = 0.045544
[e289 s0050/1030] loss = 0.402412
[e289 s0100/1030] loss = 0.346079
[e289 s0150/1030] loss = 0.313466
[e289 s0200/1030] loss = 0.300347
[e289 s0250/1030] loss = 0.323610
[e289 s0300/1030] loss = 0.319176
[e289 s0350/1030] loss = 0.336866
[e289 s0400/1030] loss = 0.315148
[e289 s0450/1030] loss = 0.305642
[e289 s0500/1030] loss = 0.301475
[e289 s0550/1030] loss = 0.301142
[e289 s0600/1030] loss = 0.298594
[e289 s0650/1030] loss = 0.292083
[e289 s0700/1030] loss = 0.288014
[e289 s0750/1030] loss = 0.283516
[e289 s0800/1030] loss = 0.304194
[e289 s0850/1030] loss = 0.303214
[e289 s0900/1030] loss = 0.302510
[e289 s0950/1030] loss = 0.666976
[e289 s1000/1030] loss = 0.654855
Epoch 289: train_loss = 0.644468  MAE/GAME0 = 11.516  RMSE = 31.065  GAME1 = 13.510  GAME2 = 15.453  GAME3 = 16.563  lr = 1.09e-05  time = 23.0s
[e290 s0001/1030] loss = 0.509756
[e290 s0050/1030] loss = 6.806675
[e290 s0100/1030] loss = 3.508408
[e290 s0150/1030] loss = 2.402802
[e290 s0200/1030] loss = 1.889286
[e290 s0250/1030] loss = 1.550169
[e290 s0300/1030] loss = 1.406060
[e290 s0350/1030] loss = 1.268131
[e290 s0400/1030] loss = 1.149989
[e290 s0450/1030] loss = 1.057454
[e290 s0500/1030] loss = 0.995159
[e290 s0550/1030] loss = 0.931932
[e290 s0600/1030] loss = 0.872529
[e290 s0650/1030] loss = 0.829215
[e290 s0700/1030] loss = 0.800819
[e290 s0750/1030] loss = 0.769265
[e290 s0800/1030] loss = 0.739616
[e290 s0850/1030] loss = 0.708963
[e290 s0900/1030] loss = 0.685387
[e290 s0950/1030] loss = 0.661806
[e290 s1000/1030] loss = 0.638255
Epoch 290: train_loss = 0.625260  MAE/GAME0 = 11.343  RMSE = 31.429  GAME1 = 13.238  GAME2 = 15.129  GAME3 = 16.273  lr = 1.07e-05  time = 23.0s
[e291 s0001/1030] loss = 0.130597
[e291 s0050/1030] loss = 0.296533
[e291 s0100/1030] loss = 0.292787
[e291 s0150/1030] loss = 0.259748
[e291 s0200/1030] loss = 0.244858
[e291 s0250/1030] loss = 0.243356
[e291 s0300/1030] loss = 0.233805
[e291 s0350/1030] loss = 0.224790
[e291 s0400/1030] loss = 0.230053
[e291 s0450/1030] loss = 0.226387
[e291 s0500/1030] loss = 0.254602
[e291 s0550/1030] loss = 0.258747
[e291 s0600/1030] loss = 0.263143
[e291 s0650/1030] loss = 0.274713
[e291 s0700/1030] loss = 0.273511
[e291 s0750/1030] loss = 0.275417
[e291 s0800/1030] loss = 0.281986
[e291 s0850/1030] loss = 0.280781
[e291 s0900/1030] loss = 0.664511
[e291 s0950/1030] loss = 0.643354
[e291 s1000/1030] loss = 0.628583
Epoch 291: train_loss = 0.623436  MAE/GAME0 = 11.386  RMSE = 31.320  GAME1 = 13.237  GAME2 = 15.116  GAME3 = 16.206  lr = 1.05e-05  time = 23.2s
[e292 s0001/1030] loss = 0.072380
[e292 s0050/1030] loss = 0.227580
[e292 s0100/1030] loss = 0.312621
[e292 s0150/1030] loss = 0.283207
[e292 s0200/1030] loss = 0.290306
[e292 s0250/1030] loss = 0.303054
[e292 s0300/1030] loss = 0.288517
[e292 s0350/1030] loss = 0.288881
[e292 s0400/1030] loss = 0.296496
[e292 s0450/1030] loss = 0.287347
[e292 s0500/1030] loss = 0.301281
[e292 s0550/1030] loss = 0.298506
[e292 s0600/1030] loss = 0.293507
[e292 s0650/1030] loss = 0.821339
[e292 s0700/1030] loss = 0.785815
[e292 s0750/1030] loss = 0.748744
[e292 s0800/1030] loss = 0.712146
[e292 s0850/1030] loss = 0.685082
[e292 s0900/1030] loss = 0.659600
[e292 s0950/1030] loss = 0.649032
[e292 s1000/1030] loss = 0.627947
Epoch 292: train_loss = 0.629642  MAE/GAME0 = 11.411  RMSE = 31.241  GAME1 = 13.366  GAME2 = 15.338  GAME3 = 16.525  lr = 1.03e-05  time = 23.2s
[e293 s0001/1030] loss = 1.204011
[e293 s0050/1030] loss = 0.234240
[e293 s0100/1030] loss = 0.232273
[e293 s0150/1030] loss = 0.217909
[e293 s0200/1030] loss = 0.261602
[e293 s0250/1030] loss = 0.306591
[e293 s0300/1030] loss = 0.346517
[e293 s0350/1030] loss = 0.333806
[e293 s0400/1030] loss = 0.334098
[e293 s0450/1030] loss = 0.319833
[e293 s0500/1030] loss = 0.319995
[e293 s0550/1030] loss = 0.320693
[e293 s0600/1030] loss = 0.319812
[e293 s0650/1030] loss = 0.312566
[e293 s0700/1030] loss = 0.303480
[e293 s0750/1030] loss = 0.301906
[e293 s0800/1030] loss = 0.297927
[e293 s0850/1030] loss = 0.293748
[e293 s0900/1030] loss = 0.288623
[e293 s0950/1030] loss = 0.286135
[e293 s1000/1030] loss = 0.645799
Epoch 293: train_loss = 0.634161  MAE/GAME0 = 11.184  RMSE = 31.274  GAME1 = 13.230  GAME2 = 15.250  GAME3 = 16.414  lr = 1.02e-05  time = 23.0s
[e294 s0001/1030] loss = 0.111527
[e294 s0050/1030] loss = 0.248083
[e294 s0100/1030] loss = 0.219127
[e294 s0150/1030] loss = 0.217161
[e294 s0200/1030] loss = 0.226941
[e294 s0250/1030] loss = 0.223903
[e294 s0300/1030] loss = 0.289837
[e294 s0350/1030] loss = 0.310152
[e294 s0400/1030] loss = 0.304271
[e294 s0450/1030] loss = 0.298841
[e294 s0500/1030] loss = 0.286208
[e294 s0550/1030] loss = 0.280904
[e294 s0600/1030] loss = 0.293705
[e294 s0650/1030] loss = 0.292441
[e294 s0700/1030] loss = 0.789116
[e294 s0750/1030] loss = 0.752079
[e294 s0800/1030] loss = 0.731568
[e294 s0850/1030] loss = 0.699762
[e294 s0900/1030] loss = 0.678561
[e294 s0950/1030] loss = 0.658143
[e294 s1000/1030] loss = 0.643022
Epoch 294: train_loss = 0.630403  MAE/GAME0 = 11.733  RMSE = 32.110  GAME1 = 13.510  GAME2 = 15.224  GAME3 = 16.259  lr = 9.99e-06  time = 22.9s
[e295 s0001/1030] loss = 0.107221
[e295 s0050/1030] loss = 0.273088
[e295 s0100/1030] loss = 0.330890
[e295 s0150/1030] loss = 0.289609
[e295 s0200/1030] loss = 0.298979
[e295 s0250/1030] loss = 0.321346
[e295 s0300/1030] loss = 0.308481
[e295 s0350/1030] loss = 0.305120
[e295 s0400/1030] loss = 0.300297
[e295 s0450/1030] loss = 0.297378
[e295 s0500/1030] loss = 0.316178
[e295 s0550/1030] loss = 0.314977
[e295 s0600/1030] loss = 0.894618
[e295 s0650/1030] loss = 0.852294
[e295 s0700/1030] loss = 0.802953
[e295 s0750/1030] loss = 0.769588
[e295 s0800/1030] loss = 0.747192
[e295 s0850/1030] loss = 0.722309
[e295 s0900/1030] loss = 0.691375
[e295 s0950/1030] loss = 0.666769
[e295 s1000/1030] loss = 0.642983
Epoch 295: train_loss = 0.637516  MAE/GAME0 = 11.633  RMSE = 31.973  GAME1 = 13.521  GAME2 = 15.544  GAME3 = 16.720  lr = 9.82e-06  time = 23.3s
[e296 s0001/1030] loss = 0.032991
[e296 s0050/1030] loss = 0.293328
[e296 s0100/1030] loss = 0.328541
[e296 s0150/1030] loss = 0.296531
[e296 s0200/1030] loss = 0.301214
[e296 s0250/1030] loss = 1.719504
[e296 s0300/1030] loss = 1.472409
[e296 s0350/1030] loss = 1.294633
[e296 s0400/1030] loss = 1.172269
[e296 s0450/1030] loss = 1.073036
[e296 s0500/1030] loss = 0.986887
[e296 s0550/1030] loss = 0.915934
[e296 s0600/1030] loss = 0.860095
[e296 s0650/1030] loss = 0.809495
[e296 s0700/1030] loss = 0.794136
[e296 s0750/1030] loss = 0.770010
[e296 s0800/1030] loss = 0.736253
[e296 s0850/1030] loss = 0.711245
[e296 s0900/1030] loss = 0.694348
[e296 s0950/1030] loss = 0.671631
[e296 s1000/1030] loss = 0.647218
Epoch 296: train_loss = 0.640969  MAE/GAME0 = 11.665  RMSE = 32.110  GAME1 = 13.690  GAME2 = 15.575  GAME3 = 16.762  lr = 9.65e-06  time = 23.3s
[e297 s0001/1030] loss = 0.483040
[e297 s0050/1030] loss = 0.183736
[e297 s0100/1030] loss = 0.218403
[e297 s0150/1030] loss = 0.279455
[e297 s0200/1030] loss = 0.306569
[e297 s0250/1030] loss = 1.652237
[e297 s0300/1030] loss = 1.406183
[e297 s0350/1030] loss = 1.243059
[e297 s0400/1030] loss = 1.113096
[e297 s0450/1030] loss = 1.016388
[e297 s0500/1030] loss = 0.944097
[e297 s0550/1030] loss = 0.894765
[e297 s0600/1030] loss = 0.843152
[e297 s0650/1030] loss = 0.807289
[e297 s0700/1030] loss = 0.762613
[e297 s0750/1030] loss = 0.727416
[e297 s0800/1030] loss = 0.707553
[e297 s0850/1030] loss = 0.686870
[e297 s0900/1030] loss = 0.666511
[e297 s0950/1030] loss = 0.642639
[e297 s1000/1030] loss = 0.620552
Epoch 297: train_loss = 0.609324  MAE/GAME0 = 11.742  RMSE = 31.770  GAME1 = 13.532  GAME2 = 15.353  GAME3 = 16.493  lr = 9.48e-06  time = 22.9s
[e298 s0001/1030] loss = 0.295558
[e298 s0050/1030] loss = 0.276878
[e298 s0100/1030] loss = 0.264623
[e298 s0150/1030] loss = 0.233499
[e298 s0200/1030] loss = 0.225620
[e298 s0250/1030] loss = 0.224028
[e298 s0300/1030] loss = 1.455137
[e298 s0350/1030] loss = 1.300879
[e298 s0400/1030] loss = 1.163677
[e298 s0450/1030] loss = 1.062563
[e298 s0500/1030] loss = 0.976472
[e298 s0550/1030] loss = 0.902816
[e298 s0600/1030] loss = 0.864031
[e298 s0650/1030] loss = 0.831393
[e298 s0700/1030] loss = 0.792137
[e298 s0750/1030] loss = 0.760738
[e298 s0800/1030] loss = 0.726111
[e298 s0850/1030] loss = 0.697946
[e298 s0900/1030] loss = 0.671459
[e298 s0950/1030] loss = 0.655675
[e298 s1000/1030] loss = 0.638961
Epoch 298: train_loss = 0.628534  MAE/GAME0 = 11.601  RMSE = 32.107  GAME1 = 13.500  GAME2 = 15.284  GAME3 = 16.352  lr = 9.31e-06  time = 23.0s
[e299 s0001/1030] loss = 0.080734
[e299 s0050/1030] loss = 0.230830
[e299 s0100/1030] loss = 0.331151
[e299 s0150/1030] loss = 0.377682
[e299 s0200/1030] loss = 0.357017
[e299 s0250/1030] loss = 0.328938
[e299 s0300/1030] loss = 0.305456
[e299 s0350/1030] loss = 0.292359
[e299 s0400/1030] loss = 0.312106
[e299 s0450/1030] loss = 0.317404
[e299 s0500/1030] loss = 0.304623
[e299 s0550/1030] loss = 0.294501
[e299 s0600/1030] loss = 0.290700
[e299 s0650/1030] loss = 0.288034
[e299 s0700/1030] loss = 0.283637
[e299 s0750/1030] loss = 0.278644
[e299 s0800/1030] loss = 0.287077
[e299 s0850/1030] loss = 0.283628
[e299 s0900/1030] loss = 0.277884
[e299 s0950/1030] loss = 0.651412
[e299 s1000/1030] loss = 0.631818
Epoch 299: train_loss = 0.626718  MAE/GAME0 = 11.691  RMSE = 32.031  GAME1 = 13.582  GAME2 = 15.466  GAME3 = 16.583  lr = 9.14e-06  time = 23.4s
[e300 s0001/1030] loss = 0.124332
[e300 s0050/1030] loss = 0.330801
[e300 s0100/1030] loss = 0.276735
[e300 s0150/1030] loss = 0.254497
[e300 s0200/1030] loss = 0.240590
[e300 s0250/1030] loss = 0.233425
[e300 s0300/1030] loss = 0.246852
[e300 s0350/1030] loss = 0.243646
[e300 s0400/1030] loss = 0.238997
[e300 s0450/1030] loss = 0.237629
[e300 s0500/1030] loss = 0.249208
[e300 s0550/1030] loss = 0.242578
[e300 s0600/1030] loss = 0.815524
[e300 s0650/1030] loss = 0.782441
[e300 s0700/1030] loss = 0.740495
[e300 s0750/1030] loss = 0.713112
[e300 s0800/1030] loss = 0.682167
[e300 s0850/1030] loss = 0.670279
[e300 s0900/1030] loss = 0.645964
[e300 s0950/1030] loss = 0.631550
[e300 s1000/1030] loss = 0.621005
Epoch 300: train_loss = 0.611103  MAE/GAME0 = 11.559  RMSE = 31.264  GAME1 = 13.617  GAME2 = 15.687  GAME3 = 16.919  lr = 8.97e-06  time = 23.0s
[e301 s0001/1030] loss = 0.489740
[e301 s0050/1030] loss = 0.267004
[e301 s0100/1030] loss = 0.289303
[e301 s0150/1030] loss = 0.290542
[e301 s0200/1030] loss = 0.299210
[e301 s0250/1030] loss = 0.319541
[e301 s0300/1030] loss = 0.331322
[e301 s0350/1030] loss = 0.309067
[e301 s0400/1030] loss = 0.293080
[e301 s0450/1030] loss = 0.284870
[e301 s0500/1030] loss = 0.283722
[e301 s0550/1030] loss = 0.281661
[e301 s0600/1030] loss = 0.275695
[e301 s0650/1030] loss = 0.291383
[e301 s0700/1030] loss = 0.285711
[e301 s0750/1030] loss = 0.282818
[e301 s0800/1030] loss = 0.277002
[e301 s0850/1030] loss = 0.274887
[e301 s0900/1030] loss = 0.280658
[e301 s0950/1030] loss = 0.288155
[e301 s1000/1030] loss = 0.633369
Epoch 301: train_loss = 0.621477  MAE/GAME0 = 11.586  RMSE = 31.725  GAME1 = 13.517  GAME2 = 15.441  GAME3 = 16.524  lr = 8.80e-06  time = 23.2s
[e302 s0001/1030] loss = 0.021752
[e302 s0050/1030] loss = 0.207717
[e302 s0100/1030] loss = 0.329984
[e302 s0150/1030] loss = 0.353540
[e302 s0200/1030] loss = 0.321153
[e302 s0250/1030] loss = 0.327920
[e302 s0300/1030] loss = 0.312200
[e302 s0350/1030] loss = 0.328403
[e302 s0400/1030] loss = 1.174164
[e302 s0450/1030] loss = 1.070598
[e302 s0500/1030] loss = 0.989518
[e302 s0550/1030] loss = 0.919390
[e302 s0600/1030] loss = 0.866958
[e302 s0650/1030] loss = 0.813906
[e302 s0700/1030] loss = 0.767498
[e302 s0750/1030] loss = 0.741507
[e302 s0800/1030] loss = 0.711257
[e302 s0850/1030] loss = 0.681905
[e302 s0900/1030] loss = 0.669045
[e302 s0950/1030] loss = 0.646421
[e302 s1000/1030] loss = 0.626040
Epoch 302: train_loss = 0.614991  MAE/GAME0 = 11.591  RMSE = 31.180  GAME1 = 13.689  GAME2 = 15.676  GAME3 = 16.886  lr = 8.64e-06  time = 23.1s
[e303 s0001/1030] loss = 0.232651
[e303 s0050/1030] loss = 0.188774
[e303 s0100/1030] loss = 0.251462
[e303 s0150/1030] loss = 0.261443
[e303 s0200/1030] loss = 0.302891
[e303 s0250/1030] loss = 0.328656
[e303 s0300/1030] loss = 0.313601
[e303 s0350/1030] loss = 0.314022
[e303 s0400/1030] loss = 1.177666
[e303 s0450/1030] loss = 1.068927
[e303 s0500/1030] loss = 0.985662
[e303 s0550/1030] loss = 0.915353
[e303 s0600/1030] loss = 0.868872
[e303 s0650/1030] loss = 0.815315
[e303 s0700/1030] loss = 0.773519
[e303 s0750/1030] loss = 0.737256
[e303 s0800/1030] loss = 0.704156
[e303 s0850/1030] loss = 0.686174
[e303 s0900/1030] loss = 0.666851
[e303 s0950/1030] loss = 0.643861
[e303 s1000/1030] loss = 0.624861
Epoch 303: train_loss = 0.612650  MAE/GAME0 = 11.766  RMSE = 32.277  GAME1 = 13.598  GAME2 = 15.343  GAME3 = 16.403  lr = 8.48e-06  time = 23.3s
[e304 s0001/1030] loss = 0.298428
[e304 s0050/1030] loss = 0.221592
[e304 s0100/1030] loss = 0.363416
[e304 s0150/1030] loss = 0.346979
[e304 s0200/1030] loss = 0.344400
[e304 s0250/1030] loss = 0.315126
[e304 s0300/1030] loss = 1.543450
[e304 s0350/1030] loss = 1.348232
[e304 s0400/1030] loss = 1.212059
[e304 s0450/1030] loss = 1.102442
[e304 s0500/1030] loss = 1.025307
[e304 s0550/1030] loss = 0.954996
[e304 s0600/1030] loss = 0.892784
[e304 s0650/1030] loss = 0.836803
[e304 s0700/1030] loss = 0.801822
[e304 s0750/1030] loss = 0.762454
[e304 s0800/1030] loss = 0.731327
[e304 s0850/1030] loss = 0.710611
[e304 s0900/1030] loss = 0.696204
[e304 s0950/1030] loss = 0.671327
[e304 s1000/1030] loss = 0.647429
Epoch 304: train_loss = 0.636290  MAE/GAME0 = 11.559  RMSE = 31.554  GAME1 = 13.450  GAME2 = 15.434  GAME3 = 16.577  lr = 8.31e-06  time = 23.5s
[e305 s0001/1030] loss = 0.207295
[e305 s0050/1030] loss = 0.322299
[e305 s0100/1030] loss = 0.343002
[e305 s0150/1030] loss = 0.301301
[e305 s0200/1030] loss = 0.278976
[e305 s0250/1030] loss = 1.703758
[e305 s0300/1030] loss = 1.451596
[e305 s0350/1030] loss = 1.281595
[e305 s0400/1030] loss = 1.184492
[e305 s0450/1030] loss = 1.079704
[e305 s0500/1030] loss = 0.993497
[e305 s0550/1030] loss = 0.929443
[e305 s0600/1030] loss = 0.875367
[e305 s0650/1030] loss = 0.824671
[e305 s0700/1030] loss = 0.781047
[e305 s0750/1030] loss = 0.740424
[e305 s0800/1030] loss = 0.717214
[e305 s0850/1030] loss = 0.691477
[e305 s0900/1030] loss = 0.668587
[e305 s0950/1030] loss = 0.645560
[e305 s1000/1030] loss = 0.622912
Epoch 305: train_loss = 0.611299  MAE/GAME0 = 12.609  RMSE = 33.359  GAME1 = 14.182  GAME2 = 15.670  GAME3 = 16.543  lr = 8.15e-06  time = 23.2s
[e306 s0001/1030] loss = 0.333433
[e306 s0050/1030] loss = 0.273416
[e306 s0100/1030] loss = 0.340336
[e306 s0150/1030] loss = 0.330793
[e306 s0200/1030] loss = 0.304897
[e306 s0250/1030] loss = 0.285270
[e306 s0300/1030] loss = 0.267115
[e306 s0350/1030] loss = 0.287017
[e306 s0400/1030] loss = 0.279872
[e306 s0450/1030] loss = 0.275489
[e306 s0500/1030] loss = 0.287901
[e306 s0550/1030] loss = 0.278977
[e306 s0600/1030] loss = 0.277040
[e306 s0650/1030] loss = 0.270132
[e306 s0700/1030] loss = 0.265736
[e306 s0750/1030] loss = 0.262028
[e306 s0800/1030] loss = 0.264300
[e306 s0850/1030] loss = 0.672050
[e306 s0900/1030] loss = 0.657464
[e306 s0950/1030] loss = 0.636282
[e306 s1000/1030] loss = 0.623834
Epoch 306: train_loss = 0.618091  MAE/GAME0 = 11.597  RMSE = 31.695  GAME1 = 13.458  GAME2 = 15.311  GAME3 = 16.325  lr = 7.99e-06  time = 23.0s
[e307 s0001/1030] loss = 0.426993
[e307 s0050/1030] loss = 0.358424
[e307 s0100/1030] loss = 0.308449
[e307 s0150/1030] loss = 0.317662
[e307 s0200/1030] loss = 0.338961
[e307 s0250/1030] loss = 0.317794
[e307 s0300/1030] loss = 0.325615
[e307 s0350/1030] loss = 0.312740
[e307 s0400/1030] loss = 0.320117
[e307 s0450/1030] loss = 0.309806
[e307 s0500/1030] loss = 0.300454
[e307 s0550/1030] loss = 0.293108
[e307 s0600/1030] loss = 0.289934
[e307 s0650/1030] loss = 0.294919
[e307 s0700/1030] loss = 0.286226
[e307 s0750/1030] loss = 0.282556
[e307 s0800/1030] loss = 0.280107
[e307 s0850/1030] loss = 0.687496
[e307 s0900/1030] loss = 0.662798
[e307 s0950/1030] loss = 0.640049
[e307 s1000/1030] loss = 0.617298
Epoch 307: train_loss = 0.604413  MAE/GAME0 = 12.123  RMSE = 32.541  GAME1 = 13.869  GAME2 = 15.492  GAME3 = 16.445  lr = 7.83e-06  time = 23.1s
[e308 s0001/1030] loss = 0.195895
[e308 s0050/1030] loss = 0.333110
[e308 s0100/1030] loss = 0.277533
[e308 s0150/1030] loss = 0.354149
[e308 s0200/1030] loss = 0.318578
[e308 s0250/1030] loss = 0.304146
[e308 s0300/1030] loss = 0.290669
[e308 s0350/1030] loss = 0.283526
[e308 s0400/1030] loss = 0.280711
[e308 s0450/1030] loss = 0.266394
[e308 s0500/1030] loss = 0.263263
[e308 s0550/1030] loss = 0.256687
[e308 s0600/1030] loss = 0.814510
[e308 s0650/1030] loss = 0.768809
[e308 s0700/1030] loss = 0.731534
[e308 s0750/1030] loss = 0.698784
[e308 s0800/1030] loss = 0.670657
[e308 s0850/1030] loss = 0.652397
[e308 s0900/1030] loss = 0.643461
[e308 s0950/1030] loss = 0.621137
[e308 s1000/1030] loss = 0.605439
Epoch 308: train_loss = 0.595226  MAE/GAME0 = 11.591  RMSE = 31.802  GAME1 = 13.494  GAME2 = 15.481  GAME3 = 16.615  lr = 7.68e-06  time = 23.0s
[e309 s0001/1030] loss = 0.109586
[e309 s0050/1030] loss = 0.375806
[e309 s0100/1030] loss = 0.310578
[e309 s0150/1030] loss = 0.302242
[e309 s0200/1030] loss = 0.273473
[e309 s0250/1030] loss = 0.273562
[e309 s0300/1030] loss = 0.267999
[e309 s0350/1030] loss = 0.258275
[e309 s0400/1030] loss = 0.249934
[e309 s0450/1030] loss = 0.255556
[e309 s0500/1030] loss = 0.248530
[e309 s0550/1030] loss = 0.244180
[e309 s0600/1030] loss = 0.235472
[e309 s0650/1030] loss = 0.233604
[e309 s0700/1030] loss = 0.727386
[e309 s0750/1030] loss = 0.704107
[e309 s0800/1030] loss = 0.686337
[e309 s0850/1030] loss = 0.658903
[e309 s0900/1030] loss = 0.643122
[e309 s0950/1030] loss = 0.624373
[e309 s1000/1030] loss = 0.605087
Epoch 309: train_loss = 0.597128  MAE/GAME0 = 11.783  RMSE = 31.409  GAME1 = 13.807  GAME2 = 15.948  GAME3 = 17.241  lr = 7.52e-06  time = 23.1s
[e310 s0001/1030] loss = 0.654586
[e310 s0050/1030] loss = 0.307934
[e310 s0100/1030] loss = 0.294309
[e310 s0150/1030] loss = 0.258870
[e310 s0200/1030] loss = 0.252774
[e310 s0250/1030] loss = 0.275174
[e310 s0300/1030] loss = 1.431489
[e310 s0350/1030] loss = 1.266528
[e310 s0400/1030] loss = 1.152535
[e310 s0450/1030] loss = 1.063474
[e310 s0500/1030] loss = 0.972712
[e310 s0550/1030] loss = 0.906043
[e310 s0600/1030] loss = 0.850969
[e310 s0650/1030] loss = 0.801790
[e310 s0700/1030] loss = 0.767772
[e310 s0750/1030] loss = 0.729634
[e310 s0800/1030] loss = 0.704051
[e310 s0850/1030] loss = 0.672989
[e310 s0900/1030] loss = 0.645950
[e310 s0950/1030] loss = 0.624014
[e310 s1000/1030] loss = 0.602842
Epoch 310: train_loss = 0.595528  MAE/GAME0 = 11.761  RMSE = 32.597  GAME1 = 13.608  GAME2 = 15.451  GAME3 = 16.527  lr = 7.36e-06  time = 23.0s
[e311 s0001/1030] loss = 0.047341
[e311 s0050/1030] loss = 0.201205
[e311 s0100/1030] loss = 0.216241
[e311 s0150/1030] loss = 0.271886
[e311 s0200/1030] loss = 0.270011
[e311 s0250/1030] loss = 0.263368
[e311 s0300/1030] loss = 0.252390
[e311 s0350/1030] loss = 0.252873
[e311 s0400/1030] loss = 0.263567
[e311 s0450/1030] loss = 0.267883
[e311 s0500/1030] loss = 0.260056
[e311 s0550/1030] loss = 0.275047
[e311 s0600/1030] loss = 0.288649
[e311 s0650/1030] loss = 0.281216
[e311 s0700/1030] loss = 0.278042
[e311 s0750/1030] loss = 0.274340
[e311 s0800/1030] loss = 0.273819
[e311 s0850/1030] loss = 0.667719
[e311 s0900/1030] loss = 0.649480
[e311 s0950/1030] loss = 0.625317
[e311 s1000/1030] loss = 0.604282
Epoch 311: train_loss = 0.591839  MAE/GAME0 = 11.688  RMSE = 32.061  GAME1 = 13.506  GAME2 = 15.303  GAME3 = 16.362  lr = 7.21e-06  time = 23.1s
[e312 s0001/1030] loss = 0.210294
[e312 s0050/1030] loss = 0.200103
[e312 s0100/1030] loss = 0.211191
[e312 s0150/1030] loss = 0.202529
[e312 s0200/1030] loss = 0.231331
[e312 s0250/1030] loss = 0.232346
[e312 s0300/1030] loss = 0.223031
[e312 s0350/1030] loss = 0.241128
[e312 s0400/1030] loss = 0.233220
[e312 s0450/1030] loss = 0.243737
[e312 s0500/1030] loss = 0.249018
[e312 s0550/1030] loss = 0.263031
[e312 s0600/1030] loss = 0.268502
[e312 s0650/1030] loss = 0.264338
[e312 s0700/1030] loss = 0.260025
[e312 s0750/1030] loss = 0.273646
[e312 s0800/1030] loss = 0.269508
[e312 s0850/1030] loss = 0.268703
[e312 s0900/1030] loss = 0.282262
[e312 s0950/1030] loss = 0.278789
[e312 s1000/1030] loss = 0.610174
Epoch 312: train_loss = 0.598538  MAE/GAME0 = 11.747  RMSE = 31.075  GAME1 = 13.771  GAME2 = 15.867  GAME3 = 17.101  lr = 7.06e-06  time = 23.0s
[e313 s0001/1030] loss = 0.569616
[e313 s0050/1030] loss = 0.386270
[e313 s0100/1030] loss = 0.286916
[e313 s0150/1030] loss = 0.244610
[e313 s0200/1030] loss = 0.231728
[e313 s0250/1030] loss = 0.223279
[e313 s0300/1030] loss = 0.220097
[e313 s0350/1030] loss = 0.224507
[e313 s0400/1030] loss = 0.222956
[e313 s0450/1030] loss = 0.235012
[e313 s0500/1030] loss = 0.919175
[e313 s0550/1030] loss = 0.854123
[e313 s0600/1030] loss = 0.800164
[e313 s0650/1030] loss = 0.758345
[e313 s0700/1030] loss = 0.737394
[e313 s0750/1030] loss = 0.700273
[e313 s0800/1030] loss = 0.673080
[e313 s0850/1030] loss = 0.649056
[e313 s0900/1030] loss = 0.626121
[e313 s0950/1030] loss = 0.625807
[e313 s1000/1030] loss = 0.608481
Epoch 313: train_loss = 0.600515  MAE/GAME0 = 11.783  RMSE = 31.324  GAME1 = 13.843  GAME2 = 15.955  GAME3 = 17.226  lr = 6.91e-06  time = 23.0s
[e314 s0001/1030] loss = 0.704943
[e314 s0050/1030] loss = 0.215105
[e314 s0100/1030] loss = 0.383306
[e314 s0150/1030] loss = 2.562957
[e314 s0200/1030] loss = 1.967136
[e314 s0250/1030] loss = 1.635549
[e314 s0300/1030] loss = 1.393254
[e314 s0350/1030] loss = 1.248419
[e314 s0400/1030] loss = 1.123464
[e314 s0450/1030] loss = 1.049351
[e314 s0500/1030] loss = 0.964586
[e314 s0550/1030] loss = 0.895359
[e314 s0600/1030] loss = 0.844507
[e314 s0650/1030] loss = 0.806187
[e314 s0700/1030] loss = 0.763921
[e314 s0750/1030] loss = 0.727559
[e314 s0800/1030] loss = 0.695509
[e314 s0850/1030] loss = 0.669125
[e314 s0900/1030] loss = 0.646891
[e314 s0950/1030] loss = 0.623868
[e314 s1000/1030] loss = 0.600385
Epoch 314: train_loss = 0.587581  MAE/GAME0 = 11.740  RMSE = 31.962  GAME1 = 13.591  GAME2 = 15.492  GAME3 = 16.577  lr = 6.76e-06  time = 23.8s
[e315 s0001/1030] loss = 0.350297
[e315 s0050/1030] loss = 0.181305
[e315 s0100/1030] loss = 0.260999
[e315 s0150/1030] loss = 0.247096
[e315 s0200/1030] loss = 0.324726
[e315 s0250/1030] loss = 0.294381
[e315 s0300/1030] loss = 0.276412
[e315 s0350/1030] loss = 0.263498
[e315 s0400/1030] loss = 0.254570
[e315 s0450/1030] loss = 0.253650
[e315 s0500/1030] loss = 0.269049
[e315 s0550/1030] loss = 0.264632
[e315 s0600/1030] loss = 0.286419
[e315 s0650/1030] loss = 0.280724
[e315 s0700/1030] loss = 0.273364
[e315 s0750/1030] loss = 0.267757
[e315 s0800/1030] loss = 0.262354
[e315 s0850/1030] loss = 0.679372
[e315 s0900/1030] loss = 0.651126
[e315 s0950/1030] loss = 0.630721
[e315 s1000/1030] loss = 0.609263
Epoch 315: train_loss = 0.600759  MAE/GAME0 = 11.635  RMSE = 31.699  GAME1 = 13.545  GAME2 = 15.412  GAME3 = 16.492  lr = 6.61e-06  time = 23.5s
[e316 s0001/1030] loss = 0.097828
[e316 s0050/1030] loss = 0.479975
[e316 s0100/1030] loss = 0.342467
[e316 s0150/1030] loss = 0.306001
[e316 s0200/1030] loss = 0.274226
[e316 s0250/1030] loss = 0.266674
[e316 s0300/1030] loss = 0.290817
[e316 s0350/1030] loss = 0.298254
[e316 s0400/1030] loss = 0.312507
[e316 s0450/1030] loss = 0.306714
[e316 s0500/1030] loss = 0.305979
[e316 s0550/1030] loss = 0.295681
[e316 s0600/1030] loss = 0.285235
[e316 s0650/1030] loss = 0.281194
[e316 s0700/1030] loss = 0.276094
[e316 s0750/1030] loss = 0.277459
[e316 s0800/1030] loss = 0.270995
[e316 s0850/1030] loss = 0.267318
[e316 s0900/1030] loss = 0.644084
[e316 s0950/1030] loss = 0.620754
[e316 s1000/1030] loss = 0.598231
Epoch 316: train_loss = 0.589690  MAE/GAME0 = 11.699  RMSE = 31.387  GAME1 = 13.587  GAME2 = 15.481  GAME3 = 16.558  lr = 6.46e-06  time = 23.1s
[e317 s0001/1030] loss = 0.128758
[e317 s0050/1030] loss = 0.247170
[e317 s0100/1030] loss = 0.226646
[e317 s0150/1030] loss = 0.211303
[e317 s0200/1030] loss = 0.273122
[e317 s0250/1030] loss = 0.256045
[e317 s0300/1030] loss = 0.265648
[e317 s0350/1030] loss = 0.255956
[e317 s0400/1030] loss = 0.247484
[e317 s0450/1030] loss = 0.249748
[e317 s0500/1030] loss = 0.252226
[e317 s0550/1030] loss = 0.250272
[e317 s0600/1030] loss = 0.243769
[e317 s0650/1030] loss = 0.242365
[e317 s0700/1030] loss = 0.235076
[e317 s0750/1030] loss = 0.237268
[e317 s0800/1030] loss = 0.237988
[e317 s0850/1030] loss = 0.240504
[e317 s0900/1030] loss = 0.240147
[e317 s0950/1030] loss = 0.608190
[e317 s1000/1030] loss = 0.600043
Epoch 317: train_loss = 0.587337  MAE/GAME0 = 11.472  RMSE = 31.179  GAME1 = 13.444  GAME2 = 15.524  GAME3 = 16.692  lr = 6.32e-06  time = 23.1s
[e318 s0001/1030] loss = 0.031925
[e318 s0050/1030] loss = 0.343005
[e318 s0100/1030] loss = 0.261105
[e318 s0150/1030] loss = 0.333040
[e318 s0200/1030] loss = 0.311096
[e318 s0250/1030] loss = 0.291319
[e318 s0300/1030] loss = 0.277404
[e318 s0350/1030] loss = 0.285817
[e318 s0400/1030] loss = 0.272414
[e318 s0450/1030] loss = 0.270652
[e318 s0500/1030] loss = 0.265194
[e318 s0550/1030] loss = 0.260693
[e318 s0600/1030] loss = 0.255118
[e318 s0650/1030] loss = 0.246460
[e318 s0700/1030] loss = 0.253001
[e318 s0750/1030] loss = 0.248793
[e318 s0800/1030] loss = 0.242478
[e318 s0850/1030] loss = 0.655506
[e318 s0900/1030] loss = 0.628181
[e318 s0950/1030] loss = 0.605724
[e318 s1000/1030] loss = 0.590219
Epoch 318: train_loss = 0.586363  MAE/GAME0 = 11.760  RMSE = 32.166  GAME1 = 13.755  GAME2 = 15.724  GAME3 = 16.837  lr = 6.18e-06  time = 23.2s
[e319 s0001/1030] loss = 0.200897
[e319 s0050/1030] loss = 0.164375
[e319 s0100/1030] loss = 0.191078
[e319 s0150/1030] loss = 2.464430
[e319 s0200/1030] loss = 1.905078
[e319 s0250/1030] loss = 1.563174
[e319 s0300/1030] loss = 1.347414
[e319 s0350/1030] loss = 1.180492
[e319 s0400/1030] loss = 1.086973
[e319 s0450/1030] loss = 0.991357
[e319 s0500/1030] loss = 0.919187
[e319 s0550/1030] loss = 0.870063
[e319 s0600/1030] loss = 0.817163
[e319 s0650/1030] loss = 0.775490
[e319 s0700/1030] loss = 0.753252
[e319 s0750/1030] loss = 0.724899
[e319 s0800/1030] loss = 0.694518
[e319 s0850/1030] loss = 0.662588
[e319 s0900/1030] loss = 0.639876
[e319 s0950/1030] loss = 0.616168
[e319 s1000/1030] loss = 0.593687
Epoch 319: train_loss = 0.590288  MAE/GAME0 = 11.526  RMSE = 31.121  GAME1 = 13.465  GAME2 = 15.480  GAME3 = 16.612  lr = 6.03e-06  time = 24.7s
[e320 s0001/1030] loss = 0.172609
[e320 s0050/1030] loss = 0.276827
[e320 s0100/1030] loss = 0.228868
[e320 s0150/1030] loss = 0.257118
[e320 s0200/1030] loss = 0.229057
[e320 s0250/1030] loss = 0.225612
[e320 s0300/1030] loss = 0.218486
[e320 s0350/1030] loss = 0.259570
[e320 s0400/1030] loss = 0.250072
[e320 s0450/1030] loss = 0.240784
[e320 s0500/1030] loss = 0.256237
[e320 s0550/1030] loss = 0.249683
[e320 s0600/1030] loss = 0.251667
[e320 s0650/1030] loss = 0.261286
[e320 s0700/1030] loss = 0.267658
[e320 s0750/1030] loss = 0.263154
[e320 s0800/1030] loss = 0.687571
[e320 s0850/1030] loss = 0.658876
[e320 s0900/1030] loss = 0.631814
[e320 s0950/1030] loss = 0.606294
[e320 s1000/1030] loss = 0.585673
Epoch 320: train_loss = 0.574489  MAE/GAME0 = 11.729  RMSE = 31.532  GAME1 = 13.526  GAME2 = 15.328  GAME3 = 16.367  lr = 5.89e-06  time = 23.1s
[e321 s0001/1030] loss = 0.093238
[e321 s0050/1030] loss = 0.202056
[e321 s0100/1030] loss = 0.223451
[e321 s0150/1030] loss = 0.208642
[e321 s0200/1030] loss = 0.213472
[e321 s0250/1030] loss = 0.218281
[e321 s0300/1030] loss = 0.244485
[e321 s0350/1030] loss = 0.275039
[e321 s0400/1030] loss = 0.268653
[e321 s0450/1030] loss = 0.260904
[e321 s0500/1030] loss = 0.917131
[e321 s0550/1030] loss = 0.889502
[e321 s0600/1030] loss = 0.829132
[e321 s0650/1030] loss = 0.775702
[e321 s0700/1030] loss = 0.737302
[e321 s0750/1030] loss = 0.705918
[e321 s0800/1030] loss = 0.675802
[e321 s0850/1030] loss = 0.652442
[e321 s0900/1030] loss = 0.624427
[e321 s0950/1030] loss = 0.600868
[e321 s1000/1030] loss = 0.586924
Epoch 321: train_loss = 0.576828  MAE/GAME0 = 11.644  RMSE = 31.528  GAME1 = 13.626  GAME2 = 15.606  GAME3 = 16.711  lr = 5.75e-06  time = 23.0s
[e322 s0001/1030] loss = 0.108649
[e322 s0050/1030] loss = 0.217616
[e322 s0100/1030] loss = 0.222916
[e322 s0150/1030] loss = 0.199060
[e322 s0200/1030] loss = 0.205155
[e322 s0250/1030] loss = 0.208658
[e322 s0300/1030] loss = 0.211009
[e322 s0350/1030] loss = 0.223337
[e322 s0400/1030] loss = 0.221445
[e322 s0450/1030] loss = 0.230847
[e322 s0500/1030] loss = 0.236208
[e322 s0550/1030] loss = 0.231272
[e322 s0600/1030] loss = 0.245835
[e322 s0650/1030] loss = 0.242244
[e322 s0700/1030] loss = 0.256147
[e322 s0750/1030] loss = 0.251371
[e322 s0800/1030] loss = 0.252744
[e322 s0850/1030] loss = 0.250512
[e322 s0900/1030] loss = 0.626191
[e322 s0950/1030] loss = 0.606622
[e322 s1000/1030] loss = 0.594215
Epoch 322: train_loss = 0.585169  MAE/GAME0 = 11.747  RMSE = 32.260  GAME1 = 13.610  GAME2 = 15.434  GAME3 = 16.457  lr = 5.62e-06  time = 23.1s
[e323 s0001/1030] loss = 0.131824
[e323 s0050/1030] loss = 0.412076
[e323 s0100/1030] loss = 0.293142
[e323 s0150/1030] loss = 0.289782
[e323 s0200/1030] loss = 0.257769
[e323 s0250/1030] loss = 0.243965
[e323 s0300/1030] loss = 0.261722
[e323 s0350/1030] loss = 0.247358
[e323 s0400/1030] loss = 0.244645
[e323 s0450/1030] loss = 0.237114
[e323 s0500/1030] loss = 0.278622
[e323 s0550/1030] loss = 0.267528
[e323 s0600/1030] loss = 0.260286
[e323 s0650/1030] loss = 0.258397
[e323 s0700/1030] loss = 0.261419
[e323 s0750/1030] loss = 0.718906
[e323 s0800/1030] loss = 0.685412
[e323 s0850/1030] loss = 0.660760
[e323 s0900/1030] loss = 0.634060
[e323 s0950/1030] loss = 0.616082
[e323 s1000/1030] loss = 0.593689
Epoch 323: train_loss = 0.581453  MAE/GAME0 = 11.703  RMSE = 31.824  GAME1 = 13.553  GAME2 = 15.439  GAME3 = 16.515  lr = 5.48e-06  time = 23.0s
[e324 s0001/1030] loss = 0.259107
[e324 s0050/1030] loss = 0.483003
[e324 s0100/1030] loss = 0.355880
[e324 s0150/1030] loss = 0.301908
[e324 s0200/1030] loss = 1.967802
[e324 s0250/1030] loss = 1.622018
[e324 s0300/1030] loss = 1.383642
[e324 s0350/1030] loss = 1.215463
[e324 s0400/1030] loss = 1.100445
[e324 s0450/1030] loss = 0.995802
[e324 s0500/1030] loss = 0.920165
[e324 s0550/1030] loss = 0.853699
[e324 s0600/1030] loss = 0.817344
[e324 s0650/1030] loss = 0.773319
[e324 s0700/1030] loss = 0.747216
[e324 s0750/1030] loss = 0.706798
[e324 s0800/1030] loss = 0.677704
[e324 s0850/1030] loss = 0.658721
[e324 s0900/1030] loss = 0.630124
[e324 s0950/1030] loss = 0.606495
[e324 s1000/1030] loss = 0.587824
Epoch 324: train_loss = 0.577214  MAE/GAME0 = 11.903  RMSE = 32.282  GAME1 = 13.810  GAME2 = 15.687  GAME3 = 16.753  lr = 5.34e-06  time = 23.0s
[e325 s0001/1030] loss = 0.916220
[e325 s0050/1030] loss = 0.166844
[e325 s0100/1030] loss = 0.182553
[e325 s0150/1030] loss = 0.235944
[e325 s0200/1030] loss = 1.979454
[e325 s0250/1030] loss = 1.619125
[e325 s0300/1030] loss = 1.384002
[e325 s0350/1030] loss = 1.217826
[e325 s0400/1030] loss = 1.097340
[e325 s0450/1030] loss = 1.000711
[e325 s0500/1030] loss = 0.938002
[e325 s0550/1030] loss = 0.870323
[e325 s0600/1030] loss = 0.814718
[e325 s0650/1030] loss = 0.778073
[e325 s0700/1030] loss = 0.744607
[e325 s0750/1030] loss = 0.706963
[e325 s0800/1030] loss = 0.674388
[e325 s0850/1030] loss = 0.654235
[e325 s0900/1030] loss = 0.628069
[e325 s0950/1030] loss = 0.611535
[e325 s1000/1030] loss = 0.591191
Epoch 325: train_loss = 0.578652  MAE/GAME0 = 11.666  RMSE = 31.840  GAME1 = 13.557  GAME2 = 15.413  GAME3 = 16.489  lr = 5.21e-06  time = 23.0s
[e326 s0001/1030] loss = 0.165097
[e326 s0050/1030] loss = 0.218009
[e326 s0100/1030] loss = 0.294029
[e326 s0150/1030] loss = 0.323925
[e326 s0200/1030] loss = 0.298786
[e326 s0250/1030] loss = 0.269318
[e326 s0300/1030] loss = 0.259135
[e326 s0350/1030] loss = 0.249263
[e326 s0400/1030] loss = 0.244615
[e326 s0450/1030] loss = 0.235739
[e326 s0500/1030] loss = 0.226822
[e326 s0550/1030] loss = 0.220969
[e326 s0600/1030] loss = 0.223316
[e326 s0650/1030] loss = 0.222793
[e326 s0700/1030] loss = 0.240117
[e326 s0750/1030] loss = 0.240150
[e326 s0800/1030] loss = 0.669056
[e326 s0850/1030] loss = 0.642332
[e326 s0900/1030] loss = 0.614216
[e326 s0950/1030] loss = 0.597913
[e326 s1000/1030] loss = 0.589302
Epoch 326: train_loss = 0.582847  MAE/GAME0 = 11.803  RMSE = 32.109  GAME1 = 13.656  GAME2 = 15.515  GAME3 = 16.583  lr = 5.08e-06  time = 23.1s
[e327 s0001/1030] loss = 0.108817
[e327 s0050/1030] loss = 0.236930
[e327 s0100/1030] loss = 0.261370
[e327 s0150/1030] loss = 0.304982
[e327 s0200/1030] loss = 0.294223
[e327 s0250/1030] loss = 0.279306
[e327 s0300/1030] loss = 0.298556
[e327 s0350/1030] loss = 1.252595
[e327 s0400/1030] loss = 1.117673
[e327 s0450/1030] loss = 1.035010
[e327 s0500/1030] loss = 0.946596
[e327 s0550/1030] loss = 0.890079
[e327 s0600/1030] loss = 0.828485
[e327 s0650/1030] loss = 0.776654
[e327 s0700/1030] loss = 0.731870
[e327 s0750/1030] loss = 0.701497
[e327 s0800/1030] loss = 0.672146
[e327 s0850/1030] loss = 0.645462
[e327 s0900/1030] loss = 0.621795
[e327 s0950/1030] loss = 0.599628
[e327 s1000/1030] loss = 0.587933
Epoch 327: train_loss = 0.577013  MAE/GAME0 = 11.650  RMSE = 31.690  GAME1 = 13.670  GAME2 = 15.704  GAME3 = 16.848  lr = 4.95e-06  time = 23.0s
[e328 s0001/1030] loss = 0.531888
[e328 s0050/1030] loss = 0.493682
[e328 s0100/1030] loss = 0.360059
[e328 s0150/1030] loss = 0.302443
[e328 s0200/1030] loss = 0.284699
[e328 s0250/1030] loss = 0.261331
[e328 s0300/1030] loss = 0.270620
[e328 s0350/1030] loss = 0.268647
[e328 s0400/1030] loss = 0.258669
[e328 s0450/1030] loss = 0.248408
[e328 s0500/1030] loss = 0.252457
[e328 s0550/1030] loss = 0.248039
[e328 s0600/1030] loss = 0.259825
[e328 s0650/1030] loss = 0.255947
[e328 s0700/1030] loss = 0.258640
[e328 s0750/1030] loss = 0.260279
[e328 s0800/1030] loss = 0.258189
[e328 s0850/1030] loss = 0.665139
[e328 s0900/1030] loss = 0.641199
[e328 s0950/1030] loss = 0.616106
[e328 s1000/1030] loss = 0.595221
Epoch 328: train_loss = 0.582011  MAE/GAME0 = 12.049  RMSE = 32.335  GAME1 = 13.795  GAME2 = 15.506  GAME3 = 16.411  lr = 4.82e-06  time = 23.0s
[e329 s0001/1030] loss = 0.057828
[e329 s0050/1030] loss = 0.234105
[e329 s0100/1030] loss = 0.238599
[e329 s0150/1030] loss = 2.501994
[e329 s0200/1030] loss = 1.923216
[e329 s0250/1030] loss = 1.567780
[e329 s0300/1030] loss = 1.361760
[e329 s0350/1030] loss = 1.206622
[e329 s0400/1030] loss = 1.073363
[e329 s0450/1030] loss = 1.012214
[e329 s0500/1030] loss = 0.930040
[e329 s0550/1030] loss = 0.869825
[e329 s0600/1030] loss = 0.811307
[e329 s0650/1030] loss = 0.762393
[e329 s0700/1030] loss = 0.721556
[e329 s0750/1030] loss = 0.688448
[e329 s0800/1030] loss = 0.660504
[e329 s0850/1030] loss = 0.637447
[e329 s0900/1030] loss = 0.615378
[e329 s0950/1030] loss = 0.591899
[e329 s1000/1030] loss = 0.572692
Epoch 329: train_loss = 0.563149  MAE/GAME0 = 11.783  RMSE = 32.254  GAME1 = 13.658  GAME2 = 15.595  GAME3 = 16.621  lr = 4.69e-06  time = 23.0s
[e330 s0001/1030] loss = 0.283908
[e330 s0050/1030] loss = 0.197558
[e330 s0100/1030] loss = 0.233483
[e330 s0150/1030] loss = 0.236784
[e330 s0200/1030] loss = 0.224077
[e330 s0250/1030] loss = 0.237729
[e330 s0300/1030] loss = 0.289536
[e330 s0350/1030] loss = 0.277014
[e330 s0400/1030] loss = 0.272984
[e330 s0450/1030] loss = 0.262323
[e330 s0500/1030] loss = 0.252761
[e330 s0550/1030] loss = 0.246718
[e330 s0600/1030] loss = 0.252097
[e330 s0650/1030] loss = 0.259848
[e330 s0700/1030] loss = 0.259632
[e330 s0750/1030] loss = 0.252152
[e330 s0800/1030] loss = 0.246480
[e330 s0850/1030] loss = 0.246898
[e330 s0900/1030] loss = 0.242864
[e330 s0950/1030] loss = 0.240083
[e330 s1000/1030] loss = 0.242253
Epoch 330: train_loss = 0.576666  MAE/GAME0 = 11.582  RMSE = 31.377  GAME1 = 13.555  GAME2 = 15.689  GAME3 = 16.841  lr = 4.57e-06  time = 23.1s
[e331 s0001/1030] loss = 0.085868
[e331 s0050/1030] loss = 0.182946
[e331 s0100/1030] loss = 0.188814
[e331 s0150/1030] loss = 0.184178
[e331 s0200/1030] loss = 0.204065
[e331 s0250/1030] loss = 0.210713
[e331 s0300/1030] loss = 0.200417
[e331 s0350/1030] loss = 0.198246
[e331 s0400/1030] loss = 0.195333
[e331 s0450/1030] loss = 0.199370
[e331 s0500/1030] loss = 0.875178
[e331 s0550/1030] loss = 0.811048
[e331 s0600/1030] loss = 0.776660
[e331 s0650/1030] loss = 0.756305
[e331 s0700/1030] loss = 0.716084
[e331 s0750/1030] loss = 0.692577
[e331 s0800/1030] loss = 0.662395
[e331 s0850/1030] loss = 0.632550
[e331 s0900/1030] loss = 0.610330
[e331 s0950/1030] loss = 0.588445
[e331 s1000/1030] loss = 0.571080
Epoch 331: train_loss = 0.567786  MAE/GAME0 = 11.769  RMSE = 31.568  GAME1 = 13.610  GAME2 = 15.529  GAME3 = 16.552  lr = 4.44e-06  time = 23.0s
[e332 s0001/1030] loss = 0.105944
[e332 s0050/1030] loss = 0.473435
[e332 s0100/1030] loss = 0.309603
[e332 s0150/1030] loss = 0.301059
[e332 s0200/1030] loss = 0.277062
[e332 s0250/1030] loss = 0.250784
[e332 s0300/1030] loss = 0.238566
[e332 s0350/1030] loss = 0.250736
[e332 s0400/1030] loss = 1.072180
[e332 s0450/1030] loss = 0.981554
[e332 s0500/1030] loss = 0.916591
[e332 s0550/1030] loss = 0.849306
[e332 s0600/1030] loss = 0.804514
[e332 s0650/1030] loss = 0.771666
[e332 s0700/1030] loss = 0.735267
[e332 s0750/1030] loss = 0.695510
[e332 s0800/1030] loss = 0.667794
[e332 s0850/1030] loss = 0.637289
[e332 s0900/1030] loss = 0.609871
[e332 s0950/1030] loss = 0.587825
[e332 s1000/1030] loss = 0.567620
Epoch 332: train_loss = 0.557640  MAE/GAME0 = 12.094  RMSE = 32.455  GAME1 = 13.865  GAME2 = 15.653  GAME3 = 16.671  lr = 4.32e-06  time = 23.2s
[e333 s0001/1030] loss = 0.221176
[e333 s0050/1030] loss = 0.369110
[e333 s0100/1030] loss = 0.284068
[e333 s0150/1030] loss = 0.270901
[e333 s0200/1030] loss = 0.276034
[e333 s0250/1030] loss = 0.295083
[e333 s0300/1030] loss = 0.270244
[e333 s0350/1030] loss = 0.258288
[e333 s0400/1030] loss = 0.248424
[e333 s0450/1030] loss = 0.239590
[e333 s0500/1030] loss = 0.235257
[e333 s0550/1030] loss = 0.240105
[e333 s0600/1030] loss = 0.244306
[e333 s0650/1030] loss = 0.237154
[e333 s0700/1030] loss = 0.232174
[e333 s0750/1030] loss = 0.664439
[e333 s0800/1030] loss = 0.647532
[e333 s0850/1030] loss = 0.621277
[e333 s0900/1030] loss = 0.595102
[e333 s0950/1030] loss = 0.586843
[e333 s1000/1030] loss = 0.567997
Epoch 333: train_loss = 0.555136  MAE/GAME0 = 11.790  RMSE = 31.953  GAME1 = 13.661  GAME2 = 15.591  GAME3 = 16.658  lr = 4.20e-06  time = 23.1s
[e334 s0001/1030] loss = 0.176325
[e334 s0050/1030] loss = 0.197345
[e334 s0100/1030] loss = 0.212596
[e334 s0150/1030] loss = 0.199084
[e334 s0200/1030] loss = 0.203639
[e334 s0250/1030] loss = 0.207425
[e334 s0300/1030] loss = 0.216070
[e334 s0350/1030] loss = 0.225603
[e334 s0400/1030] loss = 0.235922
[e334 s0450/1030] loss = 0.231252
[e334 s0500/1030] loss = 0.228423
[e334 s0550/1030] loss = 0.226268
[e334 s0600/1030] loss = 0.225133
[e334 s0650/1030] loss = 0.227573
[e334 s0700/1030] loss = 0.235949
[e334 s0750/1030] loss = 0.241517
[e334 s0800/1030] loss = 0.239200
[e334 s0850/1030] loss = 0.631758
[e334 s0900/1030] loss = 0.615421
[e334 s0950/1030] loss = 0.591625
[e334 s1000/1030] loss = 0.573992
Epoch 334: train_loss = 0.562885  MAE/GAME0 = 11.868  RMSE = 31.915  GAME1 = 13.745  GAME2 = 15.625  GAME3 = 16.665  lr = 4.08e-06  time = 23.1s
[e335 s0001/1030] loss = 0.024191
[e335 s0050/1030] loss = 0.258785
[e335 s0100/1030] loss = 0.228591
[e335 s0150/1030] loss = 0.200078
[e335 s0200/1030] loss = 0.227849
[e335 s0250/1030] loss = 0.219358
[e335 s0300/1030] loss = 0.212282
[e335 s0350/1030] loss = 0.212785
[e335 s0400/1030] loss = 0.216210
[e335 s0450/1030] loss = 0.214559
[e335 s0500/1030] loss = 0.217515
[e335 s0550/1030] loss = 0.215604
[e335 s0600/1030] loss = 0.235020
[e335 s0650/1030] loss = 0.233839
[e335 s0700/1030] loss = 0.246840
[e335 s0750/1030] loss = 0.239669
[e335 s0800/1030] loss = 0.235621
[e335 s0850/1030] loss = 0.233246
[e335 s0900/1030] loss = 0.234859
[e335 s0950/1030] loss = 0.575988
[e335 s1000/1030] loss = 0.558385
Epoch 335: train_loss = 0.554521  MAE/GAME0 = 11.685  RMSE = 30.779  GAME1 = 13.724  GAME2 = 15.790  GAME3 = 16.977  lr = 3.96e-06  time = 23.1s
[e336 s0001/1030] loss = 0.438198
[e336 s0050/1030] loss = 0.183807
[e336 s0100/1030] loss = 0.215558
[e336 s0150/1030] loss = 0.198694
[e336 s0200/1030] loss = 0.201986
[e336 s0250/1030] loss = 0.201533
[e336 s0300/1030] loss = 0.210165
[e336 s0350/1030] loss = 0.210702
[e336 s0400/1030] loss = 0.199977
[e336 s0450/1030] loss = 0.194191
[e336 s0500/1030] loss = 0.203344
[e336 s0550/1030] loss = 0.219245
[e336 s0600/1030] loss = 0.215448
[e336 s0650/1030] loss = 0.218093
[e336 s0700/1030] loss = 0.217912
[e336 s0750/1030] loss = 0.231438
[e336 s0800/1030] loss = 0.229120
[e336 s0850/1030] loss = 0.225109
[e336 s0900/1030] loss = 0.603151
[e336 s0950/1030] loss = 0.591072
[e336 s1000/1030] loss = 0.570277
Epoch 336: train_loss = 0.559854  MAE/GAME0 = 11.659  RMSE = 31.511  GAME1 = 13.665  GAME2 = 15.753  GAME3 = 16.897  lr = 3.84e-06  time = 23.1s
[e337 s0001/1030] loss = 0.465850
[e337 s0050/1030] loss = 0.196464
[e337 s0100/1030] loss = 0.195471
[e337 s0150/1030] loss = 0.194341
[e337 s0200/1030] loss = 0.181987
[e337 s0250/1030] loss = 0.182569
[e337 s0300/1030] loss = 0.191263
[e337 s0350/1030] loss = 0.188566
[e337 s0400/1030] loss = 0.197955
[e337 s0450/1030] loss = 0.213055
[e337 s0500/1030] loss = 0.223078
[e337 s0550/1030] loss = 0.215916
[e337 s0600/1030] loss = 0.238139
[e337 s0650/1030] loss = 0.231182
[e337 s0700/1030] loss = 0.240509
[e337 s0750/1030] loss = 0.700786
[e337 s0800/1030] loss = 0.665976
[e337 s0850/1030] loss = 0.638368
[e337 s0900/1030] loss = 0.612047
[e337 s0950/1030] loss = 0.589531
[e337 s1000/1030] loss = 0.571289
Epoch 337: train_loss = 0.567614  MAE/GAME0 = 11.651  RMSE = 31.344  GAME1 = 13.566  GAME2 = 15.556  GAME3 = 16.609  lr = 3.73e-06  time = 23.2s
[e338 s0001/1030] loss = 0.095444
[e338 s0050/1030] loss = 0.150350
[e338 s0100/1030] loss = 0.246782
[e338 s0150/1030] loss = 0.259105
[e338 s0200/1030] loss = 1.938617
[e338 s0250/1030] loss = 1.584987
[e338 s0300/1030] loss = 1.352737
[e338 s0350/1030] loss = 1.194656
[e338 s0400/1030] loss = 1.081925
[e338 s0450/1030] loss = 0.981221
[e338 s0500/1030] loss = 0.905452
[e338 s0550/1030] loss = 0.853548
[e338 s0600/1030] loss = 0.797569
[e338 s0650/1030] loss = 0.754604
[e338 s0700/1030] loss = 0.715120
[e338 s0750/1030] loss = 0.677987
[e338 s0800/1030] loss = 0.651464
[e338 s0850/1030] loss = 0.628958
[e338 s0900/1030] loss = 0.605780
[e338 s0950/1030] loss = 0.585931
[e338 s1000/1030] loss = 0.566584
Epoch 338: train_loss = 0.555693  MAE/GAME0 = 11.647  RMSE = 31.846  GAME1 = 13.644  GAME2 = 15.682  GAME3 = 16.838  lr = 3.62e-06  time = 23.3s
[e339 s0001/1030] loss = 0.072721
[e339 s0050/1030] loss = 0.192806
[e339 s0100/1030] loss = 0.185244
[e339 s0150/1030] loss = 0.173058
[e339 s0200/1030] loss = 0.181935
[e339 s0250/1030] loss = 0.209368
[e339 s0300/1030] loss = 0.216388
[e339 s0350/1030] loss = 0.218532
[e339 s0400/1030] loss = 1.055326
[e339 s0450/1030] loss = 0.962906
[e339 s0500/1030] loss = 0.886074
[e339 s0550/1030] loss = 0.833757
[e339 s0600/1030] loss = 0.776748
[e339 s0650/1030] loss = 0.729496
[e339 s0700/1030] loss = 0.700023
[e339 s0750/1030] loss = 0.668769
[e339 s0800/1030] loss = 0.638105
[e339 s0850/1030] loss = 0.611982
[e339 s0900/1030] loss = 0.591100
[e339 s0950/1030] loss = 0.571422
[e339 s1000/1030] loss = 0.565391
Epoch 339: train_loss = 0.553642  MAE/GAME0 = 11.882  RMSE = 32.023  GAME1 = 13.701  GAME2 = 15.540  GAME3 = 16.557  lr = 3.51e-06  time = 23.2s
[e340 s0001/1030] loss = 0.004600
[e340 s0050/1030] loss = 0.247430
[e340 s0100/1030] loss = 0.218707
[e340 s0150/1030] loss = 0.203315
[e340 s0200/1030] loss = 0.204399
[e340 s0250/1030] loss = 0.239677
[e340 s0300/1030] loss = 0.220849
[e340 s0350/1030] loss = 0.244157
[e340 s0400/1030] loss = 0.244363
[e340 s0450/1030] loss = 0.240002
[e340 s0500/1030] loss = 0.235378
[e340 s0550/1030] loss = 0.246987
[e340 s0600/1030] loss = 0.243238
[e340 s0650/1030] loss = 0.236188
[e340 s0700/1030] loss = 0.234638
[e340 s0750/1030] loss = 0.238557
[e340 s0800/1030] loss = 0.233291
[e340 s0850/1030] loss = 0.227863
[e340 s0900/1030] loss = 0.599750
[e340 s0950/1030] loss = 0.580197
[e340 s1000/1030] loss = 0.565408
Epoch 340: train_loss = 0.553779  MAE/GAME0 = 11.655  RMSE = 31.745  GAME1 = 13.610  GAME2 = 15.579  GAME3 = 16.637  lr = 3.40e-06  time = 23.1s
[e341 s0001/1030] loss = 0.121636
[e341 s0050/1030] loss = 0.153292
[e341 s0100/1030] loss = 0.160650
[e341 s0150/1030] loss = 0.283963
[e341 s0200/1030] loss = 0.250055
[e341 s0250/1030] loss = 0.234445
[e341 s0300/1030] loss = 0.241391
[e341 s0350/1030] loss = 1.209993
[e341 s0400/1030] loss = 1.111694
[e341 s0450/1030] loss = 1.005249
[e341 s0500/1030] loss = 0.924429
[e341 s0550/1030] loss = 0.854006
[e341 s0600/1030] loss = 0.800875
[e341 s0650/1030] loss = 0.752155
[e341 s0700/1030] loss = 0.719137
[e341 s0750/1030] loss = 0.692150
[e341 s0800/1030] loss = 0.662255
[e341 s0850/1030] loss = 0.634662
[e341 s0900/1030] loss = 0.614528
[e341 s0950/1030] loss = 0.595450
[e341 s1000/1030] loss = 0.576607
Epoch 341: train_loss = 0.564487  MAE/GAME0 = 11.552  RMSE = 31.258  GAME1 = 13.562  GAME2 = 15.610  GAME3 = 16.714  lr = 3.29e-06  time = 23.1s
[e342 s0001/1030] loss = 0.117662
[e342 s0050/1030] loss = 0.112361
[e342 s0100/1030] loss = 0.144129
[e342 s0150/1030] loss = 0.152392
[e342 s0200/1030] loss = 0.152811
[e342 s0250/1030] loss = 0.171296
[e342 s0300/1030] loss = 0.173408
[e342 s0350/1030] loss = 0.180644
[e342 s0400/1030] loss = 0.210083
[e342 s0450/1030] loss = 0.217293
[e342 s0500/1030] loss = 0.899223
[e342 s0550/1030] loss = 0.837999
[e342 s0600/1030] loss = 0.784029
[e342 s0650/1030] loss = 0.736126
[e342 s0700/1030] loss = 0.700497
[e342 s0750/1030] loss = 0.672392
[e342 s0800/1030] loss = 0.642288
[e342 s0850/1030] loss = 0.618389
[e342 s0900/1030] loss = 0.601812
[e342 s0950/1030] loss = 0.578924
[e342 s1000/1030] loss = 0.562867
Epoch 342: train_loss = 0.550721  MAE/GAME0 = 11.825  RMSE = 32.023  GAME1 = 13.673  GAME2 = 15.580  GAME3 = 16.619  lr = 3.18e-06  time = 23.5s
[e343 s0001/1030] loss = 0.090935
[e343 s0050/1030] loss = 0.159292
[e343 s0100/1030] loss = 0.158659
[e343 s0150/1030] loss = 2.466259
[e343 s0200/1030] loss = 1.941247
[e343 s0250/1030] loss = 1.595685
[e343 s0300/1030] loss = 1.378751
[e343 s0350/1030] loss = 1.202538
[e343 s0400/1030] loss = 1.085500
[e343 s0450/1030] loss = 0.982708
[e343 s0500/1030] loss = 0.924698
[e343 s0550/1030] loss = 0.851863
[e343 s0600/1030] loss = 0.805140
[e343 s0650/1030] loss = 0.764849
[e343 s0700/1030] loss = 0.723420
[e343 s0750/1030] loss = 0.688988
[e343 s0800/1030] loss = 0.653840
[e343 s0850/1030] loss = 0.630196
[e343 s0900/1030] loss = 0.607565
[e343 s0950/1030] loss = 0.584965
[e343 s1000/1030] loss = 0.564487
Epoch 343: train_loss = 0.552176  MAE/GAME0 = 11.730  RMSE = 31.626  GAME1 = 13.635  GAME2 = 15.581  GAME3 = 16.656  lr = 3.08e-06  time = 23.1s
[e344 s0001/1030] loss = 0.101000
[e344 s0050/1030] loss = 0.303677
[e344 s0100/1030] loss = 0.279548
[e344 s0150/1030] loss = 0.244103
[e344 s0200/1030] loss = 1.897481
[e344 s0250/1030] loss = 1.564227
[e344 s0300/1030] loss = 1.330088
[e344 s0350/1030] loss = 1.168813
[e344 s0400/1030] loss = 1.057618
[e344 s0450/1030] loss = 0.965892
[e344 s0500/1030] loss = 0.885181
[e344 s0550/1030] loss = 0.836408
[e344 s0600/1030] loss = 0.779817
[e344 s0650/1030] loss = 0.751736
[e344 s0700/1030] loss = 0.708606
[e344 s0750/1030] loss = 0.672203
[e344 s0800/1030] loss = 0.650759
[e344 s0850/1030] loss = 0.624580
[e344 s0900/1030] loss = 0.603860
[e344 s0950/1030] loss = 0.579862
[e344 s1000/1030] loss = 0.561064
Epoch 344: train_loss = 0.548634  MAE/GAME0 = 11.833  RMSE = 31.975  GAME1 = 13.733  GAME2 = 15.724  GAME3 = 16.805  lr = 2.97e-06  time = 23.1s
[e345 s0001/1030] loss = 0.041338
[e345 s0050/1030] loss = 0.149338
[e345 s0100/1030] loss = 3.583583
[e345 s0150/1030] loss = 2.521461
[e345 s0200/1030] loss = 1.928458
[e345 s0250/1030] loss = 1.575275
[e345 s0300/1030] loss = 1.337909
[e345 s0350/1030] loss = 1.171585
[e345 s0400/1030] loss = 1.075907
[e345 s0450/1030] loss = 0.979846
[e345 s0500/1030] loss = 0.914979
[e345 s0550/1030] loss = 0.846571
[e345 s0600/1030] loss = 0.794255
[e345 s0650/1030] loss = 0.750063
[e345 s0700/1030] loss = 0.709772
[e345 s0750/1030] loss = 0.683311
[e345 s0800/1030] loss = 0.651205
[e345 s0850/1030] loss = 0.628371
[e345 s0900/1030] loss = 0.606478
[e345 s0950/1030] loss = 0.590064
[e345 s1000/1030] loss = 0.566906
Epoch 345: train_loss = 0.554788  MAE/GAME0 = 11.665  RMSE = 31.220  GAME1 = 13.642  GAME2 = 15.726  GAME3 = 16.849  lr = 2.87e-06  time = 23.2s
[e346 s0001/1030] loss = 0.221775
[e346 s0050/1030] loss = 0.150590
[e346 s0100/1030] loss = 0.180430
[e346 s0150/1030] loss = 0.177952
[e346 s0200/1030] loss = 0.176595
[e346 s0250/1030] loss = 0.209429
[e346 s0300/1030] loss = 0.224099
[e346 s0350/1030] loss = 0.212373
[e346 s0400/1030] loss = 0.218862
[e346 s0450/1030] loss = 0.217230
[e346 s0500/1030] loss = 0.924012
[e346 s0550/1030] loss = 0.857600
[e346 s0600/1030] loss = 0.804969
[e346 s0650/1030] loss = 0.758880
[e346 s0700/1030] loss = 0.717900
[e346 s0750/1030] loss = 0.681110
[e346 s0800/1030] loss = 0.646770
[e346 s0850/1030] loss = 0.619524
[e346 s0900/1030] loss = 0.601305
[e346 s0950/1030] loss = 0.582297
[e346 s1000/1030] loss = 0.566325
Epoch 346: train_loss = 0.553626  MAE/GAME0 = 11.687  RMSE = 31.542  GAME1 = 13.653  GAME2 = 15.645  GAME3 = 16.740  lr = 2.77e-06  time = 23.7s
[e347 s0001/1030] loss = 0.095634
[e347 s0050/1030] loss = 0.194553
[e347 s0100/1030] loss = 0.244203
[e347 s0150/1030] loss = 0.253555
[e347 s0200/1030] loss = 0.240982
[e347 s0250/1030] loss = 0.237953
[e347 s0300/1030] loss = 0.220424
[e347 s0350/1030] loss = 0.239484
[e347 s0400/1030] loss = 0.228019
[e347 s0450/1030] loss = 0.229324
[e347 s0500/1030] loss = 0.225032
[e347 s0550/1030] loss = 0.225183
[e347 s0600/1030] loss = 0.216049
[e347 s0650/1030] loss = 0.218139
[e347 s0700/1030] loss = 0.226282
[e347 s0750/1030] loss = 0.220740
[e347 s0800/1030] loss = 0.636633
[e347 s0850/1030] loss = 0.623849
[e347 s0900/1030] loss = 0.599713
[e347 s0950/1030] loss = 0.578831
[e347 s1000/1030] loss = 0.562845
Epoch 347: train_loss = 0.550806  MAE/GAME0 = 11.685  RMSE = 31.659  GAME1 = 13.643  GAME2 = 15.665  GAME3 = 16.771  lr = 2.67e-06  time = 23.2s
[e348 s0001/1030] loss = 0.111481
[e348 s0050/1030] loss = 0.136793
[e348 s0100/1030] loss = 0.227919
[e348 s0150/1030] loss = 2.512770
[e348 s0200/1030] loss = 1.937447
[e348 s0250/1030] loss = 1.591405
[e348 s0300/1030] loss = 1.384547
[e348 s0350/1030] loss = 1.230592
[e348 s0400/1030] loss = 1.097999
[e348 s0450/1030] loss = 0.996186
[e348 s0500/1030] loss = 0.916066
[e348 s0550/1030] loss = 0.851507
[e348 s0600/1030] loss = 0.803180
[e348 s0650/1030] loss = 0.757704
[e348 s0700/1030] loss = 0.716961
[e348 s0750/1030] loss = 0.692807
[e348 s0800/1030] loss = 0.658188
[e348 s0850/1030] loss = 0.640376
[e348 s0900/1030] loss = 0.616708
[e348 s0950/1030] loss = 0.593266
[e348 s1000/1030] loss = 0.571946
Epoch 348: train_loss = 0.559846  MAE/GAME0 = 11.683  RMSE = 31.433  GAME1 = 13.689  GAME2 = 15.729  GAME3 = 16.857  lr = 2.58e-06  time = 23.2s
[e349 s0001/1030] loss = 0.067486
[e349 s0050/1030] loss = 0.210090
[e349 s0100/1030] loss = 0.176558
[e349 s0150/1030] loss = 0.175073
[e349 s0200/1030] loss = 0.160452
[e349 s0250/1030] loss = 0.160220
[e349 s0300/1030] loss = 1.294644
[e349 s0350/1030] loss = 1.128226
[e349 s0400/1030] loss = 1.035853
[e349 s0450/1030] loss = 0.946143
[e349 s0500/1030] loss = 0.888288
[e349 s0550/1030] loss = 0.822781
[e349 s0600/1030] loss = 0.773026
[e349 s0650/1030] loss = 0.726159
[e349 s0700/1030] loss = 0.688174
[e349 s0750/1030] loss = 0.657446
[e349 s0800/1030] loss = 0.636362
[e349 s0850/1030] loss = 0.606676
[e349 s0900/1030] loss = 0.592542
[e349 s0950/1030] loss = 0.571595
[e349 s1000/1030] loss = 0.557504
Epoch 349: train_loss = 0.551884  MAE/GAME0 = 11.732  RMSE = 31.749  GAME1 = 13.700  GAME2 = 15.660  GAME3 = 16.718  lr = 2.48e-06  time = 23.1s
[e350 s0001/1030] loss = 0.325943
[e350 s0050/1030] loss = 0.167362
[e350 s0100/1030] loss = 0.190762
[e350 s0150/1030] loss = 0.276851
[e350 s0200/1030] loss = 0.247842
[e350 s0250/1030] loss = 0.259531
[e350 s0300/1030] loss = 0.247214
[e350 s0350/1030] loss = 0.256695
[e350 s0400/1030] loss = 0.241546
[e350 s0450/1030] loss = 0.256201
[e350 s0500/1030] loss = 0.932598
[e350 s0550/1030] loss = 0.863193
[e350 s0600/1030] loss = 0.804884
[e350 s0650/1030] loss = 0.756548
[e350 s0700/1030] loss = 0.713038
[e350 s0750/1030] loss = 0.680323
[e350 s0800/1030] loss = 0.649339
[e350 s0850/1030] loss = 0.629764
[e350 s0900/1030] loss = 0.605466
[e350 s0950/1030] loss = 0.583684
[e350 s1000/1030] loss = 0.562720
Epoch 350: train_loss = 0.552645  MAE/GAME0 = 11.829  RMSE = 31.825  GAME1 = 13.708  GAME2 = 15.600  GAME3 = 16.625  lr = 2.39e-06  time = 23.1s
[e351 s0001/1030] loss = 0.010439
[e351 s0050/1030] loss = 0.201683
[e351 s0100/1030] loss = 0.194086
[e351 s0150/1030] loss = 0.184058
[e351 s0200/1030] loss = 0.179113
[e351 s0250/1030] loss = 0.173793
[e351 s0300/1030] loss = 0.178998
[e351 s0350/1030] loss = 0.182528
[e351 s0400/1030] loss = 0.194159
[e351 s0450/1030] loss = 0.193578
[e351 s0500/1030] loss = 0.203845
[e351 s0550/1030] loss = 0.199253
[e351 s0600/1030] loss = 0.215009
[e351 s0650/1030] loss = 0.744909
[e351 s0700/1030] loss = 0.702869
[e351 s0750/1030] loss = 0.672820
[e351 s0800/1030] loss = 0.642203
[e351 s0850/1030] loss = 0.612604
[e351 s0900/1030] loss = 0.607069
[e351 s0950/1030] loss = 0.584917
[e351 s1000/1030] loss = 0.562397
Epoch 351: train_loss = 0.553183  MAE/GAME0 = 11.789  RMSE = 31.771  GAME1 = 13.712  GAME2 = 15.631  GAME3 = 16.682  lr = 2.30e-06  time = 24.4s
[e352 s0001/1030] loss = 0.122408
[e352 s0050/1030] loss = 0.182975
[e352 s0100/1030] loss = 0.193063
[e352 s0150/1030] loss = 0.192610
[e352 s0200/1030] loss = 0.198344
[e352 s0250/1030] loss = 0.202364
[e352 s0300/1030] loss = 1.339602
[e352 s0350/1030] loss = 1.201750
[e352 s0400/1030] loss = 1.072240
[e352 s0450/1030] loss = 0.967408
[e352 s0500/1030] loss = 0.888984
[e352 s0550/1030] loss = 0.842152
[e352 s0600/1030] loss = 0.802037
[e352 s0650/1030] loss = 0.753594
[e352 s0700/1030] loss = 0.716735
[e352 s0750/1030] loss = 0.676687
[e352 s0800/1030] loss = 0.644334
[e352 s0850/1030] loss = 0.614881
[e352 s0900/1030] loss = 0.589299
[e352 s0950/1030] loss = 0.572037
[e352 s1000/1030] loss = 0.552732
Epoch 352: train_loss = 0.542365  MAE/GAME0 = 11.839  RMSE = 31.808  GAME1 = 13.742  GAME2 = 15.746  GAME3 = 16.843  lr = 2.21e-06  time = 23.2s
[e353 s0001/1030] loss = 3.750934
[e353 s0050/1030] loss = 0.286277
[e353 s0100/1030] loss = 0.234465
[e353 s0150/1030] loss = 0.198825
[e353 s0200/1030] loss = 0.196244
[e353 s0250/1030] loss = 0.183024
[e353 s0300/1030] loss = 0.200268
[e353 s0350/1030] loss = 0.222771
[e353 s0400/1030] loss = 0.229266
[e353 s0450/1030] loss = 0.220095
[e353 s0500/1030] loss = 0.215691
[e353 s0550/1030] loss = 0.223538
[e353 s0600/1030] loss = 0.216165
[e353 s0650/1030] loss = 0.217013
[e353 s0700/1030] loss = 0.212193
[e353 s0750/1030] loss = 0.212763
[e353 s0800/1030] loss = 0.628511
[e353 s0850/1030] loss = 0.607267
[e353 s0900/1030] loss = 0.597333
[e353 s0950/1030] loss = 0.573795
[e353 s1000/1030] loss = 0.554982
Epoch 353: train_loss = 0.544470  MAE/GAME0 = 11.700  RMSE = 31.418  GAME1 = 13.647  GAME2 = 15.596  GAME3 = 16.661  lr = 2.12e-06  time = 23.4s
[e354 s0001/1030] loss = 0.101537
[e354 s0050/1030] loss = 0.112843
[e354 s0100/1030] loss = 0.225866
[e354 s0150/1030] loss = 0.253940
[e354 s0200/1030] loss = 0.227064
[e354 s0250/1030] loss = 0.211217
[e354 s0300/1030] loss = 1.295611
[e354 s0350/1030] loss = 1.132679
[e354 s0400/1030] loss = 1.017150
[e354 s0450/1030] loss = 0.929921
[e354 s0500/1030] loss = 0.855016
[e354 s0550/1030] loss = 0.814954
[e354 s0600/1030] loss = 0.759066
[e354 s0650/1030] loss = 0.715899
[e354 s0700/1030] loss = 0.675639
[e354 s0750/1030] loss = 0.647641
[e354 s0800/1030] loss = 0.622432
[e354 s0850/1030] loss = 0.597393
[e354 s0900/1030] loss = 0.576992
[e354 s0950/1030] loss = 0.562048
[e354 s1000/1030] loss = 0.549597
Epoch 354: train_loss = 0.537370  MAE/GAME0 = 11.687  RMSE = 31.481  GAME1 = 13.605  GAME2 = 15.618  GAME3 = 16.685  lr = 2.04e-06  time = 23.2s
[e355 s0001/1030] loss = 0.036286
[e355 s0050/1030] loss = 0.172657
[e355 s0100/1030] loss = 0.179347
[e355 s0150/1030] loss = 0.221669
[e355 s0200/1030] loss = 0.234229
[e355 s0250/1030] loss = 0.217941
[e355 s0300/1030] loss = 0.224381
[e355 s0350/1030] loss = 0.213508
[e355 s0400/1030] loss = 0.214315
[e355 s0450/1030] loss = 0.209558
[e355 s0500/1030] loss = 0.208365
[e355 s0550/1030] loss = 0.202682
[e355 s0600/1030] loss = 0.196096
[e355 s0650/1030] loss = 0.205056
[e355 s0700/1030] loss = 0.212411
[e355 s0750/1030] loss = 0.205770
[e355 s0800/1030] loss = 0.210450
[e355 s0850/1030] loss = 0.222669
[e355 s0900/1030] loss = 0.223598
[e355 s0950/1030] loss = 0.572590
[e355 s1000/1030] loss = 0.553738
Epoch 355: train_loss = 0.543063  MAE/GAME0 = 11.837  RMSE = 31.852  GAME1 = 13.768  GAME2 = 15.731  GAME3 = 16.803  lr = 1.95e-06  time = 24.1s
[e356 s0001/1030] loss = 0.191470
[e356 s0050/1030] loss = 0.141192
[e356 s0100/1030] loss = 0.179587
[e356 s0150/1030] loss = 0.265737
[e356 s0200/1030] loss = 0.267595
[e356 s0250/1030] loss = 0.244295
[e356 s0300/1030] loss = 0.249350
[e356 s0350/1030] loss = 0.236921
[e356 s0400/1030] loss = 0.227595
[e356 s0450/1030] loss = 0.227666
[e356 s0500/1030] loss = 0.227941
[e356 s0550/1030] loss = 0.222627
[e356 s0600/1030] loss = 0.776646
[e356 s0650/1030] loss = 0.740916
[e356 s0700/1030] loss = 0.697474
[e356 s0750/1030] loss = 0.663760
[e356 s0800/1030] loss = 0.635951
[e356 s0850/1030] loss = 0.609906
[e356 s0900/1030] loss = 0.586291
[e356 s0950/1030] loss = 0.573507
[e356 s1000/1030] loss = 0.551803
Epoch 356: train_loss = 0.539681  MAE/GAME0 = 11.765  RMSE = 31.636  GAME1 = 13.700  GAME2 = 15.671  GAME3 = 16.748  lr = 1.87e-06  time = 23.1s
[e357 s0001/1030] loss = 0.921697
[e357 s0050/1030] loss = 0.399129
[e357 s0100/1030] loss = 0.287348
[e357 s0150/1030] loss = 0.251423
[e357 s0200/1030] loss = 0.222461
[e357 s0250/1030] loss = 0.217678
[e357 s0300/1030] loss = 0.215980
[e357 s0350/1030] loss = 0.233418
[e357 s0400/1030] loss = 0.249703
[e357 s0450/1030] loss = 0.237636
[e357 s0500/1030] loss = 0.236864
[e357 s0550/1030] loss = 0.234208
[e357 s0600/1030] loss = 0.796810
[e357 s0650/1030] loss = 0.749035
[e357 s0700/1030] loss = 0.709019
[e357 s0750/1030] loss = 0.671339
[e357 s0800/1030] loss = 0.645552
[e357 s0850/1030] loss = 0.621680
[e357 s0900/1030] loss = 0.598980
[e357 s0950/1030] loss = 0.575536
[e357 s1000/1030] loss = 0.556744
Epoch 357: train_loss = 0.545558  MAE/GAME0 = 11.863  RMSE = 31.881  GAME1 = 13.762  GAME2 = 15.691  GAME3 = 16.733  lr = 1.79e-06  time = 23.4s
[e358 s0001/1030] loss = 0.047088
[e358 s0050/1030] loss = 0.153998
[e358 s0100/1030] loss = 3.565546
[e358 s0150/1030] loss = 2.436772
[e358 s0200/1030] loss = 1.878363
[e358 s0250/1030] loss = 1.529498
[e358 s0300/1030] loss = 1.308582
[e358 s0350/1030] loss = 1.187592
[e358 s0400/1030] loss = 1.060928
[e358 s0450/1030] loss = 0.958703
[e358 s0500/1030] loss = 0.895660
[e358 s0550/1030] loss = 0.844172
[e358 s0600/1030] loss = 0.786188
[e358 s0650/1030] loss = 0.751471
[e358 s0700/1030] loss = 0.709532
[e358 s0750/1030] loss = 0.677136
[e358 s0800/1030] loss = 0.645942
[e358 s0850/1030] loss = 0.617591
[e358 s0900/1030] loss = 0.592061
[e358 s0950/1030] loss = 0.571140
[e358 s1000/1030] loss = 0.551268
Epoch 358: train_loss = 0.539004  MAE/GAME0 = 11.854  RMSE = 31.807  GAME1 = 13.747  GAME2 = 15.719  GAME3 = 16.760  lr = 1.71e-06  time = 23.0s
[e359 s0001/1030] loss = 0.104885
[e359 s0050/1030] loss = 0.239159
[e359 s0100/1030] loss = 0.209684
[e359 s0150/1030] loss = 0.258698
[e359 s0200/1030] loss = 0.229814
[e359 s0250/1030] loss = 0.213174
[e359 s0300/1030] loss = 0.197950
[e359 s0350/1030] loss = 0.200765
[e359 s0400/1030] loss = 0.201376
[e359 s0450/1030] loss = 0.204887
[e359 s0500/1030] loss = 0.202729
[e359 s0550/1030] loss = 0.229116
[e359 s0600/1030] loss = 0.227693
[e359 s0650/1030] loss = 0.222762
[e359 s0700/1030] loss = 0.219372
[e359 s0750/1030] loss = 0.213033
[e359 s0800/1030] loss = 0.218580
[e359 s0850/1030] loss = 0.612966
[e359 s0900/1030] loss = 0.587590
[e359 s0950/1030] loss = 0.568682
[e359 s1000/1030] loss = 0.550181
Epoch 359: train_loss = 0.540035  MAE/GAME0 = 11.891  RMSE = 31.993  GAME1 = 13.783  GAME2 = 15.710  GAME3 = 16.743  lr = 1.63e-06  time = 23.1s
[e360 s0001/1030] loss = 0.302010
[e360 s0050/1030] loss = 0.195101
[e360 s0100/1030] loss = 0.202928
[e360 s0150/1030] loss = 0.204308
[e360 s0200/1030] loss = 0.195416
[e360 s0250/1030] loss = 0.188174
[e360 s0300/1030] loss = 0.191334
[e360 s0350/1030] loss = 1.141945
[e360 s0400/1030] loss = 1.017159
[e360 s0450/1030] loss = 0.933939
[e360 s0500/1030] loss = 0.856351
[e360 s0550/1030] loss = 0.799821
[e360 s0600/1030] loss = 0.743412
[e360 s0650/1030] loss = 0.696690
[e360 s0700/1030] loss = 0.659479
[e360 s0750/1030] loss = 0.626458
[e360 s0800/1030] loss = 0.605261
[e360 s0850/1030] loss = 0.591266
[e360 s0900/1030] loss = 0.567223
[e360 s0950/1030] loss = 0.554043
[e360 s1000/1030] loss = 0.546969
Epoch 360: train_loss = 0.537456  MAE/GAME0 = 11.743  RMSE = 31.771  GAME1 = 13.720  GAME2 = 15.720  GAME3 = 16.805  lr = 1.56e-06  time = 23.2s
[e361 s0001/1030] loss = 0.074022
[e361 s0050/1030] loss = 0.168203
[e361 s0100/1030] loss = 0.190576
[e361 s0150/1030] loss = 0.183528
[e361 s0200/1030] loss = 0.204403
[e361 s0250/1030] loss = 0.197775
[e361 s0300/1030] loss = 0.194114
[e361 s0350/1030] loss = 0.195335
[e361 s0400/1030] loss = 0.210140
[e361 s0450/1030] loss = 0.215756
[e361 s0500/1030] loss = 0.223040
[e361 s0550/1030] loss = 0.223575
[e361 s0600/1030] loss = 0.226536
[e361 s0650/1030] loss = 0.224720
[e361 s0700/1030] loss = 0.697471
[e361 s0750/1030] loss = 0.663382
[e361 s0800/1030] loss = 0.633433
[e361 s0850/1030] loss = 0.606299
[e361 s0900/1030] loss = 0.582026
[e361 s0950/1030] loss = 0.561791
[e361 s1000/1030] loss = 0.550065
Epoch 361: train_loss = 0.537419  MAE/GAME0 = 11.937  RMSE = 32.044  GAME1 = 13.808  GAME2 = 15.693  GAME3 = 16.713  lr = 1.48e-06  time = 23.2s
[e362 s0001/1030] loss = 0.111259
[e362 s0050/1030] loss = 0.155758
[e362 s0100/1030] loss = 3.466747
[e362 s0150/1030] loss = 2.412066
[e362 s0200/1030] loss = 1.880747
[e362 s0250/1030] loss = 1.581772
[e362 s0300/1030] loss = 1.354547
[e362 s0350/1030] loss = 1.190673
[e362 s0400/1030] loss = 1.061319
[e362 s0450/1030] loss = 0.961147
[e362 s0500/1030] loss = 0.883898
[e362 s0550/1030] loss = 0.821238
[e362 s0600/1030] loss = 0.765830
[e362 s0650/1030] loss = 0.723248
[e362 s0700/1030] loss = 0.688347
[e362 s0750/1030] loss = 0.654941
[e362 s0800/1030] loss = 0.623412
[e362 s0850/1030] loss = 0.605291
[e362 s0900/1030] loss = 0.578016
[e362 s0950/1030] loss = 0.556056
[e362 s1000/1030] loss = 0.549040
Epoch 362: train_loss = 0.536207  MAE/GAME0 = 11.797  RMSE = 31.742  GAME1 = 13.731  GAME2 = 15.743  GAME3 = 16.818  lr = 1.41e-06  time = 23.4s
[e363 s0001/1030] loss = 0.070281
[e363 s0050/1030] loss = 0.187450
[e363 s0100/1030] loss = 0.167042
[e363 s0150/1030] loss = 0.214952
[e363 s0200/1030] loss = 0.214382
[e363 s0250/1030] loss = 0.239767
[e363 s0300/1030] loss = 0.257023
[e363 s0350/1030] loss = 0.256852
[e363 s0400/1030] loss = 0.246309
[e363 s0450/1030] loss = 0.238170
[e363 s0500/1030] loss = 0.230245
[e363 s0550/1030] loss = 0.222733
[e363 s0600/1030] loss = 0.225084
[e363 s0650/1030] loss = 0.220022
[e363 s0700/1030] loss = 0.222502
[e363 s0750/1030] loss = 0.218216
[e363 s0800/1030] loss = 0.216276
[e363 s0850/1030] loss = 0.209904
[e363 s0900/1030] loss = 0.590330
[e363 s0950/1030] loss = 0.566393
[e363 s1000/1030] loss = 0.546373
Epoch 363: train_loss = 0.536098  MAE/GAME0 = 11.850  RMSE = 31.787  GAME1 = 13.790  GAME2 = 15.781  GAME3 = 16.857  lr = 1.34e-06  time = 23.1s
[e364 s0001/1030] loss = 0.042325
[e364 s0050/1030] loss = 0.223824
[e364 s0100/1030] loss = 0.188508
[e364 s0150/1030] loss = 0.203230
[e364 s0200/1030] loss = 0.181502
[e364 s0250/1030] loss = 0.191255
[e364 s0300/1030] loss = 0.188626
[e364 s0350/1030] loss = 0.195796
[e364 s0400/1030] loss = 0.189054
[e364 s0450/1030] loss = 0.204328
[e364 s0500/1030] loss = 0.220903
[e364 s0550/1030] loss = 0.210825
[e364 s0600/1030] loss = 0.212226
[e364 s0650/1030] loss = 0.208725
[e364 s0700/1030] loss = 0.205815
[e364 s0750/1030] loss = 0.202502
[e364 s0800/1030] loss = 0.201111
[e364 s0850/1030] loss = 0.200328
[e364 s0900/1030] loss = 0.198422
[e364 s0950/1030] loss = 0.214377
[e364 s1000/1030] loss = 0.548249
Epoch 364: train_loss = 0.535384  MAE/GAME0 = 11.865  RMSE = 31.829  GAME1 = 13.760  GAME2 = 15.692  GAME3 = 16.725  lr = 1.27e-06  time = 23.2s
[e365 s0001/1030] loss = 0.411302
[e365 s0050/1030] loss = 0.156656
[e365 s0100/1030] loss = 0.195593
[e365 s0150/1030] loss = 0.285394
[e365 s0200/1030] loss = 0.258864
[e365 s0250/1030] loss = 0.239330
[e365 s0300/1030] loss = 0.230632
[e365 s0350/1030] loss = 0.233437
[e365 s0400/1030] loss = 0.228136
[e365 s0450/1030] loss = 0.232651
[e365 s0500/1030] loss = 0.223811
[e365 s0550/1030] loss = 0.217759
[e365 s0600/1030] loss = 0.218702
[e365 s0650/1030] loss = 0.220325
[e365 s0700/1030] loss = 0.215349
[e365 s0750/1030] loss = 0.227708
[e365 s0800/1030] loss = 0.221759
[e365 s0850/1030] loss = 0.610118
[e365 s0900/1030] loss = 0.585575
[e365 s0950/1030] loss = 0.567786
[e365 s1000/1030] loss = 0.545849
Epoch 365: train_loss = 0.535842  MAE/GAME0 = 11.792  RMSE = 31.730  GAME1 = 13.761  GAME2 = 15.748  GAME3 = 16.822  lr = 1.21e-06  time = 23.3s
[e366 s0001/1030] loss = 0.057956
[e366 s0050/1030] loss = 0.198038
[e366 s0100/1030] loss = 0.183123
[e366 s0150/1030] loss = 0.178332
[e366 s0200/1030] loss = 0.177414
[e366 s0250/1030] loss = 0.175344
[e366 s0300/1030] loss = 1.273880
[e366 s0350/1030] loss = 1.154995
[e366 s0400/1030] loss = 1.034434
[e366 s0450/1030] loss = 0.939147
[e366 s0500/1030] loss = 0.860665
[e366 s0550/1030] loss = 0.804761
[e366 s0600/1030] loss = 0.758874
[e366 s0650/1030] loss = 0.724149
[e366 s0700/1030] loss = 0.680938
[e366 s0750/1030] loss = 0.654478
[e366 s0800/1030] loss = 0.633892
[e366 s0850/1030] loss = 0.607860
[e366 s0900/1030] loss = 0.584222
[e366 s0950/1030] loss = 0.561094
[e366 s1000/1030] loss = 0.542135
Epoch 366: train_loss = 0.530655  MAE/GAME0 = 11.847  RMSE = 31.875  GAME1 = 13.775  GAME2 = 15.723  GAME3 = 16.771  lr = 1.14e-06  time = 23.2s
[e367 s0001/1030] loss = 0.244385
[e367 s0050/1030] loss = 0.249047
[e367 s0100/1030] loss = 0.194992
[e367 s0150/1030] loss = 0.171422
[e367 s0200/1030] loss = 1.843427
[e367 s0250/1030] loss = 1.520037
[e367 s0300/1030] loss = 1.314576
[e367 s0350/1030] loss = 1.145572
[e367 s0400/1030] loss = 1.026211
[e367 s0450/1030] loss = 0.932201
[e367 s0500/1030] loss = 0.874642
[e367 s0550/1030] loss = 0.807502
[e367 s0600/1030] loss = 0.757120
[e367 s0650/1030] loss = 0.723134
[e367 s0700/1030] loss = 0.681460
[e367 s0750/1030] loss = 0.650022
[e367 s0800/1030] loss = 0.617985
[e367 s0850/1030] loss = 0.601920
[e367 s0900/1030] loss = 0.582843
[e367 s0950/1030] loss = 0.560677
[e367 s1000/1030] loss = 0.542716
Epoch 367: train_loss = 0.534085  MAE/GAME0 = 11.809  RMSE = 31.741  GAME1 = 13.757  GAME2 = 15.789  GAME3 = 16.864  lr = 1.08e-06  time = 23.3s
[e368 s0001/1030] loss = 0.155068
[e368 s0050/1030] loss = 0.165108
[e368 s0100/1030] loss = 0.248144
[e368 s0150/1030] loss = 0.252660
[e368 s0200/1030] loss = 0.269203
[e368 s0250/1030] loss = 0.253850
[e368 s0300/1030] loss = 0.245342
[e368 s0350/1030] loss = 0.241628
[e368 s0400/1030] loss = 0.237843
[e368 s0450/1030] loss = 0.229604
[e368 s0500/1030] loss = 0.221604
[e368 s0550/1030] loss = 0.822949
[e368 s0600/1030] loss = 0.766218
[e368 s0650/1030] loss = 0.719710
[e368 s0700/1030] loss = 0.675436
[e368 s0750/1030] loss = 0.653276
[e368 s0800/1030] loss = 0.621681
[e368 s0850/1030] loss = 0.600612
[e368 s0900/1030] loss = 0.575308
[e368 s0950/1030] loss = 0.554173
[e368 s1000/1030] loss = 0.542362
Epoch 368: train_loss = 0.532755  MAE/GAME0 = 11.836  RMSE = 31.729  GAME1 = 13.761  GAME2 = 15.735  GAME3 = 16.793  lr = 1.02e-06  time = 23.4s
[e369 s0001/1030] loss = 0.004143
[e369 s0050/1030] loss = 0.132442
[e369 s0100/1030] loss = 0.166561
[e369 s0150/1030] loss = 0.164421
[e369 s0200/1030] loss = 0.194160
[e369 s0250/1030] loss = 0.191209
[e369 s0300/1030] loss = 0.193641
[e369 s0350/1030] loss = 0.181464
[e369 s0400/1030] loss = 0.186516
[e369 s0450/1030] loss = 0.197731
[e369 s0500/1030] loss = 0.193595
[e369 s0550/1030] loss = 0.188970
[e369 s0600/1030] loss = 0.185638
[e369 s0650/1030] loss = 0.198493
[e369 s0700/1030] loss = 0.199549
[e369 s0750/1030] loss = 0.200975
[e369 s0800/1030] loss = 0.196341
[e369 s0850/1030] loss = 0.593734
[e369 s0900/1030] loss = 0.569968
[e369 s0950/1030] loss = 0.548760
[e369 s1000/1030] loss = 0.533698
Epoch 369: train_loss = 0.530527  MAE/GAME0 = 11.777  RMSE = 31.603  GAME1 = 13.754  GAME2 = 15.764  GAME3 = 16.837  lr = 9.58e-07  time = 23.2s
[e370 s0001/1030] loss = 0.110853
[e370 s0050/1030] loss = 0.126267
[e370 s0100/1030] loss = 0.166528
[e370 s0150/1030] loss = 0.155516
[e370 s0200/1030] loss = 0.190578
[e370 s0250/1030] loss = 0.201001
[e370 s0300/1030] loss = 0.224228
[e370 s0350/1030] loss = 0.228787
[e370 s0400/1030] loss = 0.220720
[e370 s0450/1030] loss = 0.217742
[e370 s0500/1030] loss = 0.210725
[e370 s0550/1030] loss = 0.205298
[e370 s0600/1030] loss = 0.205383
[e370 s0650/1030] loss = 0.210436
[e370 s0700/1030] loss = 0.207675
[e370 s0750/1030] loss = 0.200869
[e370 s0800/1030] loss = 0.208525
[e370 s0850/1030] loss = 0.213413
[e370 s0900/1030] loss = 0.583805
[e370 s0950/1030] loss = 0.563606
[e370 s1000/1030] loss = 0.541687
Epoch 370: train_loss = 0.531592  MAE/GAME0 = 11.836  RMSE = 31.781  GAME1 = 13.779  GAME2 = 15.759  GAME3 = 16.821  lr = 9.01e-07  time = 23.3s
[e371 s0001/1030] loss = 0.114377
[e371 s0050/1030] loss = 0.123120
[e371 s0100/1030] loss = 0.161951
[e371 s0150/1030] loss = 0.198884
[e371 s0200/1030] loss = 0.183718
[e371 s0250/1030] loss = 0.193904
[e371 s0300/1030] loss = 0.186306
[e371 s0350/1030] loss = 0.184620
[e371 s0400/1030] loss = 0.210637
[e371 s0450/1030] loss = 0.212416
[e371 s0500/1030] loss = 0.225780
[e371 s0550/1030] loss = 0.219698
[e371 s0600/1030] loss = 0.220155
[e371 s0650/1030] loss = 0.218774
[e371 s0700/1030] loss = 0.212239
[e371 s0750/1030] loss = 0.208788
[e371 s0800/1030] loss = 0.207491
[e371 s0850/1030] loss = 0.203278
[e371 s0900/1030] loss = 0.574079
[e371 s0950/1030] loss = 0.551295
[e371 s1000/1030] loss = 0.541539
Epoch 371: train_loss = 0.530924  MAE/GAME0 = 11.751  RMSE = 31.559  GAME1 = 13.722  GAME2 = 15.774  GAME3 = 16.861  lr = 8.45e-07  time = 23.2s
[e372 s0001/1030] loss = 0.218135
[e372 s0050/1030] loss = 0.185702
[e372 s0100/1030] loss = 0.224959
[e372 s0150/1030] loss = 0.185762
[e372 s0200/1030] loss = 0.219599
[e372 s0250/1030] loss = 0.232887
[e372 s0300/1030] loss = 0.216277
[e372 s0350/1030] loss = 0.202106
[e372 s0400/1030] loss = 0.216849
[e372 s0450/1030] loss = 0.217651
[e372 s0500/1030] loss = 0.875097
[e372 s0550/1030] loss = 0.821735
[e372 s0600/1030] loss = 0.767683
[e372 s0650/1030] loss = 0.727352
[e372 s0700/1030] loss = 0.685464
[e372 s0750/1030] loss = 0.649752
[e372 s0800/1030] loss = 0.634659
[e372 s0850/1030] loss = 0.606262
[e372 s0900/1030] loss = 0.580141
[e372 s0950/1030] loss = 0.559392
[e372 s1000/1030] loss = 0.538999
Epoch 372: train_loss = 0.528489  MAE/GAME0 = 11.806  RMSE = 31.712  GAME1 = 13.760  GAME2 = 15.766  GAME3 = 16.833  lr = 7.92e-07  time = 23.1s
[e373 s0001/1030] loss = 0.025310
[e373 s0050/1030] loss = 0.141417
[e373 s0100/1030] loss = 0.147151
[e373 s0150/1030] loss = 0.154414
[e373 s0200/1030] loss = 0.171767
[e373 s0250/1030] loss = 0.166897
[e373 s0300/1030] loss = 0.186289
[e373 s0350/1030] loss = 0.206578
[e373 s0400/1030] loss = 0.205929
[e373 s0450/1030] loss = 0.198954
[e373 s0500/1030] loss = 0.201848
[e373 s0550/1030] loss = 0.197140
[e373 s0600/1030] loss = 0.202075
[e373 s0650/1030] loss = 0.203906
[e373 s0700/1030] loss = 0.682294
[e373 s0750/1030] loss = 0.645612
[e373 s0800/1030] loss = 0.612653
[e373 s0850/1030] loss = 0.589813
[e373 s0900/1030] loss = 0.574534
[e373 s0950/1030] loss = 0.554495
[e373 s1000/1030] loss = 0.542267
Epoch 373: train_loss = 0.531110  MAE/GAME0 = 11.777  RMSE = 31.601  GAME1 = 13.743  GAME2 = 15.774  GAME3 = 16.851  lr = 7.40e-07  time = 23.1s
[e374 s0001/1030] loss = 0.214067
[e374 s0050/1030] loss = 0.157564
[e374 s0100/1030] loss = 0.157592
[e374 s0150/1030] loss = 0.156480
[e374 s0200/1030] loss = 0.158146
[e374 s0250/1030] loss = 0.161094
[e374 s0300/1030] loss = 0.189756
[e374 s0350/1030] loss = 0.201075
[e374 s0400/1030] loss = 0.226590
[e374 s0450/1030] loss = 0.221887
[e374 s0500/1030] loss = 0.216896
[e374 s0550/1030] loss = 0.827697
[e374 s0600/1030] loss = 0.779030
[e374 s0650/1030] loss = 0.728702
[e374 s0700/1030] loss = 0.688815
[e374 s0750/1030] loss = 0.658837
[e374 s0800/1030] loss = 0.626889
[e374 s0850/1030] loss = 0.605239
[e374 s0900/1030] loss = 0.583313
[e374 s0950/1030] loss = 0.561678
[e374 s1000/1030] loss = 0.541385
Epoch 374: train_loss = 0.530412  MAE/GAME0 = 11.871  RMSE = 31.781  GAME1 = 13.792  GAME2 = 15.790  GAME3 = 16.857  lr = 6.90e-07  time = 23.3s
[e375 s0001/1030] loss = 0.071779
[e375 s0050/1030] loss = 0.286884
[e375 s0100/1030] loss = 3.659307
[e375 s0150/1030] loss = 2.499389
[e375 s0200/1030] loss = 1.910773
[e375 s0250/1030] loss = 1.595846
[e375 s0300/1030] loss = 1.351190
[e375 s0350/1030] loss = 1.191208
[e375 s0400/1030] loss = 1.063227
[e375 s0450/1030] loss = 0.961354
[e375 s0500/1030] loss = 0.882138
[e375 s0550/1030] loss = 0.814285
[e375 s0600/1030] loss = 0.760638
[e375 s0650/1030] loss = 0.713399
[e375 s0700/1030] loss = 0.674698
[e375 s0750/1030] loss = 0.641588
[e375 s0800/1030] loss = 0.622038
[e375 s0850/1030] loss = 0.593426
[e375 s0900/1030] loss = 0.575936
[e375 s0950/1030] loss = 0.555005
[e375 s1000/1030] loss = 0.539876
Epoch 375: train_loss = 0.528885  MAE/GAME0 = 11.864  RMSE = 31.827  GAME1 = 13.768  GAME2 = 15.721  GAME3 = 16.758  lr = 6.42e-07  time = 23.2s
[e376 s0001/1030] loss = 0.281179
[e376 s0050/1030] loss = 0.192114
[e376 s0100/1030] loss = 0.239824
[e376 s0150/1030] loss = 0.228924
[e376 s0200/1030] loss = 0.236617
[e376 s0250/1030] loss = 0.228060
[e376 s0300/1030] loss = 0.213720
[e376 s0350/1030] loss = 0.205261
[e376 s0400/1030] loss = 0.200837
[e376 s0450/1030] loss = 0.208040
[e376 s0500/1030] loss = 0.208784
[e376 s0550/1030] loss = 0.205094
[e376 s0600/1030] loss = 0.204678
[e376 s0650/1030] loss = 0.203835
[e376 s0700/1030] loss = 0.690337
[e376 s0750/1030] loss = 0.653532
[e376 s0800/1030] loss = 0.625140
[e376 s0850/1030] loss = 0.604041
[e376 s0900/1030] loss = 0.581276
[e376 s0950/1030] loss = 0.561935
[e376 s1000/1030] loss = 0.541234
Epoch 376: train_loss = 0.529433  MAE/GAME0 = 11.799  RMSE = 31.737  GAME1 = 13.754  GAME2 = 15.787  GAME3 = 16.860  lr = 5.96e-07  time = 23.0s
[e377 s0001/1030] loss = 0.011781
[e377 s0050/1030] loss = 0.114809
[e377 s0100/1030] loss = 0.153917
[e377 s0150/1030] loss = 0.236942
[e377 s0200/1030] loss = 0.229238
[e377 s0250/1030] loss = 0.221850
[e377 s0300/1030] loss = 0.211194
[e377 s0350/1030] loss = 0.197861
[e377 s0400/1030] loss = 0.191908
[e377 s0450/1030] loss = 0.194102
[e377 s0500/1030] loss = 0.200216
[e377 s0550/1030] loss = 0.200104
[e377 s0600/1030] loss = 0.194596
[e377 s0650/1030] loss = 0.192070
[e377 s0700/1030] loss = 0.193412
[e377 s0750/1030] loss = 0.635077
[e377 s0800/1030] loss = 0.609331
[e377 s0850/1030] loss = 0.587664
[e377 s0900/1030] loss = 0.566067
[e377 s0950/1030] loss = 0.544200
[e377 s1000/1030] loss = 0.531731
Epoch 377: train_loss = 0.528439  MAE/GAME0 = 11.789  RMSE = 31.628  GAME1 = 13.747  GAME2 = 15.775  GAME3 = 16.851  lr = 5.51e-07  time = 23.1s
[e378 s0001/1030] loss = 0.064592
[e378 s0050/1030] loss = 0.140484
[e378 s0100/1030] loss = 0.127965
[e378 s0150/1030] loss = 0.160970
[e378 s0200/1030] loss = 0.175745
[e378 s0250/1030] loss = 0.168692
[e378 s0300/1030] loss = 1.303035
[e378 s0350/1030] loss = 1.148873
[e378 s0400/1030] loss = 1.034020
[e378 s0450/1030] loss = 0.973173
[e378 s0500/1030] loss = 0.890643
[e378 s0550/1030] loss = 0.827074
[e378 s0600/1030] loss = 0.776046
[e378 s0650/1030] loss = 0.735655
[e378 s0700/1030] loss = 0.694714
[e378 s0750/1030] loss = 0.659940
[e378 s0800/1030] loss = 0.631138
[e378 s0850/1030] loss = 0.602979
[e378 s0900/1030] loss = 0.583011
[e378 s0950/1030] loss = 0.558747
[e378 s1000/1030] loss = 0.538289
Epoch 378: train_loss = 0.527236  MAE/GAME0 = 11.851  RMSE = 31.830  GAME1 = 13.772  GAME2 = 15.739  GAME3 = 16.784  lr = 5.09e-07  time = 23.2s
[e379 s0001/1030] loss = 0.184104
[e379 s0050/1030] loss = 0.167854
[e379 s0100/1030] loss = 0.152829
[e379 s0150/1030] loss = 0.179496
[e379 s0200/1030] loss = 0.174140
[e379 s0250/1030] loss = 0.181421
[e379 s0300/1030] loss = 0.182090
[e379 s0350/1030] loss = 0.180424
[e379 s0400/1030] loss = 1.009926
[e379 s0450/1030] loss = 0.920121
[e379 s0500/1030] loss = 0.847187
[e379 s0550/1030] loss = 0.783719
[e379 s0600/1030] loss = 0.737681
[e379 s0650/1030] loss = 0.691178
[e379 s0700/1030] loss = 0.660869
[e379 s0750/1030] loss = 0.625635
[e379 s0800/1030] loss = 0.600954
[e379 s0850/1030] loss = 0.583880
[e379 s0900/1030] loss = 0.579399
[e379 s0950/1030] loss = 0.558565
[e379 s1000/1030] loss = 0.538973
Epoch 379: train_loss = 0.527979  MAE/GAME0 = 11.825  RMSE = 31.676  GAME1 = 13.782  GAME2 = 15.811  GAME3 = 16.886  lr = 4.68e-07  time = 23.3s
[e380 s0001/1030] loss = 0.735152
[e380 s0050/1030] loss = 0.175974
[e380 s0100/1030] loss = 0.200153
[e380 s0150/1030] loss = 0.243566
[e380 s0200/1030] loss = 0.230118
[e380 s0250/1030] loss = 0.213925
[e380 s0300/1030] loss = 0.199813
[e380 s0350/1030] loss = 0.204907
[e380 s0400/1030] loss = 0.199817
[e380 s0450/1030] loss = 0.191456
[e380 s0500/1030] loss = 0.196061
[e380 s0550/1030] loss = 0.193778
[e380 s0600/1030] loss = 0.212451
[e380 s0650/1030] loss = 0.207587
[e380 s0700/1030] loss = 0.205131
[e380 s0750/1030] loss = 0.201048
[e380 s0800/1030] loss = 0.207489
[e380 s0850/1030] loss = 0.599499
[e380 s0900/1030] loss = 0.577303
[e380 s0950/1030] loss = 0.555487
[e380 s1000/1030] loss = 0.536801
Epoch 380: train_loss = 0.527017  MAE/GAME0 = 11.845  RMSE = 31.736  GAME1 = 13.788  GAME2 = 15.799  GAME3 = 16.869  lr = 4.29e-07  time = 23.2s
[e381 s0001/1030] loss = 0.031792
[e381 s0050/1030] loss = 0.292370
[e381 s0100/1030] loss = 0.214664
[e381 s0150/1030] loss = 0.211964
[e381 s0200/1030] loss = 1.868587
[e381 s0250/1030] loss = 1.526869
[e381 s0300/1030] loss = 1.301493
[e381 s0350/1030] loss = 1.142548
[e381 s0400/1030] loss = 1.017068
[e381 s0450/1030] loss = 0.922770
[e381 s0500/1030] loss = 0.845799
[e381 s0550/1030] loss = 0.799381
[e381 s0600/1030] loss = 0.746342
[e381 s0650/1030] loss = 0.701244
[e381 s0700/1030] loss = 0.688222
[e381 s0750/1030] loss = 0.650118
[e381 s0800/1030] loss = 0.619635
[e381 s0850/1030] loss = 0.593952
[e381 s0900/1030] loss = 0.573814
[e381 s0950/1030] loss = 0.554153
[e381 s1000/1030] loss = 0.538459
Epoch 381: train_loss = 0.526311  MAE/GAME0 = 11.837  RMSE = 31.743  GAME1 = 13.787  GAME2 = 15.791  GAME3 = 16.857  lr = 3.92e-07  time = 23.0s
[e382 s0001/1030] loss = 0.037291
[e382 s0050/1030] loss = 0.279410
[e382 s0100/1030] loss = 0.228657
[e382 s0150/1030] loss = 0.246384
[e382 s0200/1030] loss = 0.235850
[e382 s0250/1030] loss = 0.225863
[e382 s0300/1030] loss = 0.244905
[e382 s0350/1030] loss = 0.247901
[e382 s0400/1030] loss = 0.235441
[e382 s0450/1030] loss = 0.239801
[e382 s0500/1030] loss = 0.895541
[e382 s0550/1030] loss = 0.832237
[e382 s0600/1030] loss = 0.779781
[e382 s0650/1030] loss = 0.731543
[e382 s0700/1030] loss = 0.691331
[e382 s0750/1030] loss = 0.654138
[e382 s0800/1030] loss = 0.621916
[e382 s0850/1030] loss = 0.601143
[e382 s0900/1030] loss = 0.575150
[e382 s0950/1030] loss = 0.552141
[e382 s1000/1030] loss = 0.534563
Epoch 382: train_loss = 0.526768  MAE/GAME0 = 11.840  RMSE = 31.745  GAME1 = 13.778  GAME2 = 15.786  GAME3 = 16.844  lr = 3.57e-07  time = 23.2s
[e383 s0001/1030] loss = 0.033627
[e383 s0050/1030] loss = 0.184737
[e383 s0100/1030] loss = 0.176038
[e383 s0150/1030] loss = 0.202532
[e383 s0200/1030] loss = 1.893489
[e383 s0250/1030] loss = 1.550010
[e383 s0300/1030] loss = 1.314231
[e383 s0350/1030] loss = 1.157299
[e383 s0400/1030] loss = 1.033689
[e383 s0450/1030] loss = 0.930336
[e383 s0500/1030] loss = 0.853179
[e383 s0550/1030] loss = 0.799434
[e383 s0600/1030] loss = 0.750427
[e383 s0650/1030] loss = 0.703796
[e383 s0700/1030] loss = 0.666862
[e383 s0750/1030] loss = 0.634871
[e383 s0800/1030] loss = 0.608923
[e383 s0850/1030] loss = 0.590554
[e383 s0900/1030] loss = 0.564303
[e383 s0950/1030] loss = 0.556374
[e383 s1000/1030] loss = 0.534664
Epoch 383: train_loss = 0.526790  MAE/GAME0 = 11.852  RMSE = 31.822  GAME1 = 13.778  GAME2 = 15.753  GAME3 = 16.799  lr = 3.24e-07  time = 23.2s
[e384 s0001/1030] loss = 0.419731
[e384 s0050/1030] loss = 6.891804
[e384 s0100/1030] loss = 3.531516
[e384 s0150/1030] loss = 2.462615
[e384 s0200/1030] loss = 1.882081
[e384 s0250/1030] loss = 1.550623
[e384 s0300/1030] loss = 1.331649
[e384 s0350/1030] loss = 1.165387
[e384 s0400/1030] loss = 1.048801
[e384 s0450/1030] loss = 0.959242
[e384 s0500/1030] loss = 0.892713
[e384 s0550/1030] loss = 0.821152
[e384 s0600/1030] loss = 0.767426
[e384 s0650/1030] loss = 0.719171
[e384 s0700/1030] loss = 0.681419
[e384 s0750/1030] loss = 0.647845
[e384 s0800/1030] loss = 0.616357
[e384 s0850/1030] loss = 0.598097
[e384 s0900/1030] loss = 0.571036
[e384 s0950/1030] loss = 0.550949
[e384 s1000/1030] loss = 0.536262
Epoch 384: train_loss = 0.526411  MAE/GAME0 = 11.839  RMSE = 31.685  GAME1 = 13.774  GAME2 = 15.790  GAME3 = 16.853  lr = 2.93e-07  time = 23.0s
[e385 s0001/1030] loss = 0.038548
[e385 s0050/1030] loss = 0.286197
[e385 s0100/1030] loss = 0.348681
[e385 s0150/1030] loss = 0.289568
[e385 s0200/1030] loss = 0.280357
[e385 s0250/1030] loss = 0.250421
[e385 s0300/1030] loss = 0.230876
[e385 s0350/1030] loss = 0.230040
[e385 s0400/1030] loss = 0.233240
[e385 s0450/1030] loss = 0.226458
[e385 s0500/1030] loss = 0.215286
[e385 s0550/1030] loss = 0.209311
[e385 s0600/1030] loss = 0.203901
[e385 s0650/1030] loss = 0.195967
[e385 s0700/1030] loss = 0.196918
[e385 s0750/1030] loss = 0.200836
[e385 s0800/1030] loss = 0.197555
[e385 s0850/1030] loss = 0.196539
[e385 s0900/1030] loss = 0.207687
[e385 s0950/1030] loss = 0.554408
[e385 s1000/1030] loss = 0.533894
Epoch 385: train_loss = 0.525248  MAE/GAME0 = 11.806  RMSE = 31.629  GAME1 = 13.762  GAME2 = 15.791  GAME3 = 16.863  lr = 2.64e-07  time = 23.1s
[e386 s0001/1030] loss = 0.128044
[e386 s0050/1030] loss = 0.182258
[e386 s0100/1030] loss = 0.162086
[e386 s0150/1030] loss = 0.153412
[e386 s0200/1030] loss = 0.151587
[e386 s0250/1030] loss = 0.166062
[e386 s0300/1030] loss = 1.262477
[e386 s0350/1030] loss = 1.120615
[e386 s0400/1030] loss = 1.013525
[e386 s0450/1030] loss = 0.923427
[e386 s0500/1030] loss = 0.857780
[e386 s0550/1030] loss = 0.794111
[e386 s0600/1030] loss = 0.741192
[e386 s0650/1030] loss = 0.696218
[e386 s0700/1030] loss = 0.658202
[e386 s0750/1030] loss = 0.634804
[e386 s0800/1030] loss = 0.612935
[e386 s0850/1030] loss = 0.588966
[e386 s0900/1030] loss = 0.564165
[e386 s0950/1030] loss = 0.551122
[e386 s1000/1030] loss = 0.531515
Epoch 386: train_loss = 0.523935  MAE/GAME0 = 11.857  RMSE = 31.747  GAME1 = 13.783  GAME2 = 15.780  GAME3 = 16.834  lr = 2.36e-07  time = 23.1s
[e387 s0001/1030] loss = 0.039913
[e387 s0050/1030] loss = 0.149313
[e387 s0100/1030] loss = 0.166337
[e387 s0150/1030] loss = 0.173329
[e387 s0200/1030] loss = 0.208868
[e387 s0250/1030] loss = 0.206874
[e387 s0300/1030] loss = 0.223636
[e387 s0350/1030] loss = 0.213709
[e387 s0400/1030] loss = 0.205896
[e387 s0450/1030] loss = 0.196129
[e387 s0500/1030] loss = 0.207154
[e387 s0550/1030] loss = 0.205670
[e387 s0600/1030] loss = 0.208591
[e387 s0650/1030] loss = 0.201969
[e387 s0700/1030] loss = 0.209031
[e387 s0750/1030] loss = 0.210790
[e387 s0800/1030] loss = 0.207571
[e387 s0850/1030] loss = 0.204525
[e387 s0900/1030] loss = 0.201963
[e387 s0950/1030] loss = 0.203707
[e387 s1000/1030] loss = 0.202894
Epoch 387: train_loss = 0.524616  MAE/GAME0 = 11.822  RMSE = 31.688  GAME1 = 13.770  GAME2 = 15.796  GAME3 = 16.863  lr = 2.11e-07  time = 23.2s
[e388 s0001/1030] loss = 0.022116
[e388 s0050/1030] loss = 0.229806
[e388 s0100/1030] loss = 0.176146
[e388 s0150/1030] loss = 0.165121
[e388 s0200/1030] loss = 0.172185
[e388 s0250/1030] loss = 0.183722
[e388 s0300/1030] loss = 0.178845
[e388 s0350/1030] loss = 0.188252
[e388 s0400/1030] loss = 1.040361
[e388 s0450/1030] loss = 0.946042
[e388 s0500/1030] loss = 0.880537
[e388 s0550/1030] loss = 0.813442
[e388 s0600/1030] loss = 0.762430
[e388 s0650/1030] loss = 0.714967
[e388 s0700/1030] loss = 0.679730
[e388 s0750/1030] loss = 0.651391
[e388 s0800/1030] loss = 0.620535
[e388 s0850/1030] loss = 0.595968
[e388 s0900/1030] loss = 0.575642
[e388 s0950/1030] loss = 0.552491
[e388 s1000/1030] loss = 0.534600
Epoch 388: train_loss = 0.524502  MAE/GAME0 = 11.845  RMSE = 31.744  GAME1 = 13.776  GAME2 = 15.771  GAME3 = 16.823  lr = 1.87e-07  time = 23.2s
[e389 s0001/1030] loss = 0.096251
[e389 s0050/1030] loss = 0.123197
[e389 s0100/1030] loss = 0.153717
[e389 s0150/1030] loss = 0.152630
[e389 s0200/1030] loss = 0.149337
[e389 s0250/1030] loss = 0.144381
[e389 s0300/1030] loss = 0.164576
[e389 s0350/1030] loss = 0.176122
[e389 s0400/1030] loss = 0.176519
[e389 s0450/1030] loss = 0.171721
[e389 s0500/1030] loss = 0.169657
[e389 s0550/1030] loss = 0.177285
[e389 s0600/1030] loss = 0.731584
[e389 s0650/1030] loss = 0.712392
[e389 s0700/1030] loss = 0.678900
[e389 s0750/1030] loss = 0.644900
[e389 s0800/1030] loss = 0.617292
[e389 s0850/1030] loss = 0.596408
[e389 s0900/1030] loss = 0.574785
[e389 s0950/1030] loss = 0.552792
[e389 s1000/1030] loss = 0.536556
Epoch 389: train_loss = 0.524905  MAE/GAME0 = 11.846  RMSE = 31.748  GAME1 = 13.773  GAME2 = 15.773  GAME3 = 16.825  lr = 1.65e-07  time = 23.0s
[e390 s0001/1030] loss = 0.077921
[e390 s0050/1030] loss = 0.171120
[e390 s0100/1030] loss = 0.184926
[e390 s0150/1030] loss = 0.169382
[e390 s0200/1030] loss = 0.185189
[e390 s0250/1030] loss = 0.169984
[e390 s0300/1030] loss = 0.173141
[e390 s0350/1030] loss = 0.174764
[e390 s0400/1030] loss = 1.005341
[e390 s0450/1030] loss = 0.905652
[e390 s0500/1030] loss = 0.830106
[e390 s0550/1030] loss = 0.779104
[e390 s0600/1030] loss = 0.727860
[e390 s0650/1030] loss = 0.700110
[e390 s0700/1030] loss = 0.662319
[e390 s0750/1030] loss = 0.639348
[e390 s0800/1030] loss = 0.612159
[e390 s0850/1030] loss = 0.587388
[e390 s0900/1030] loss = 0.569033
[e390 s0950/1030] loss = 0.550710
[e390 s1000/1030] loss = 0.537922
Epoch 390: train_loss = 0.524879  MAE/GAME0 = 11.837  RMSE = 31.713  GAME1 = 13.771  GAME2 = 15.780  GAME3 = 16.839  lr = 1.45e-07  time = 23.3s
[e391 s0001/1030] loss = 0.006931
[e391 s0050/1030] loss = 0.305417
[e391 s0100/1030] loss = 3.569468
[e391 s0150/1030] loss = 2.438951
[e391 s0200/1030] loss = 1.863769
[e391 s0250/1030] loss = 1.568404
[e391 s0300/1030] loss = 1.366693
[e391 s0350/1030] loss = 1.194014
[e391 s0400/1030] loss = 1.063820
[e391 s0450/1030] loss = 0.973447
[e391 s0500/1030] loss = 0.890845
[e391 s0550/1030] loss = 0.821573
[e391 s0600/1030] loss = 0.767131
[e391 s0650/1030] loss = 0.735074
[e391 s0700/1030] loss = 0.701318
[e391 s0750/1030] loss = 0.664861
[e391 s0800/1030] loss = 0.632201
[e391 s0850/1030] loss = 0.603866
[e391 s0900/1030] loss = 0.580743
[e391 s0950/1030] loss = 0.555814
[e391 s1000/1030] loss = 0.534214
Epoch 391: train_loss = 0.524538  MAE/GAME0 = 11.848  RMSE = 31.729  GAME1 = 13.785  GAME2 = 15.802  GAME3 = 16.863  lr = 1.27e-07  time = 24.0s
[e392 s0001/1030] loss = 0.116540
[e392 s0050/1030] loss = 0.213496
[e392 s0100/1030] loss = 0.184887
[e392 s0150/1030] loss = 0.179043
[e392 s0200/1030] loss = 0.207380
[e392 s0250/1030] loss = 0.207002
[e392 s0300/1030] loss = 0.210844
[e392 s0350/1030] loss = 0.197031
[e392 s0400/1030] loss = 0.224535
[e392 s0450/1030] loss = 0.213969
[e392 s0500/1030] loss = 0.213010
[e392 s0550/1030] loss = 0.209643
[e392 s0600/1030] loss = 0.212926
[e392 s0650/1030] loss = 0.717326
[e392 s0700/1030] loss = 0.682151
[e392 s0750/1030] loss = 0.648205
[e392 s0800/1030] loss = 0.623135
[e392 s0850/1030] loss = 0.596195
[e392 s0900/1030] loss = 0.575627
[e392 s0950/1030] loss = 0.552692
[e392 s1000/1030] loss = 0.531885
Epoch 392: train_loss = 0.523905  MAE/GAME0 = 11.850  RMSE = 31.763  GAME1 = 13.779  GAME2 = 15.780  GAME3 = 16.837  lr = 1.11e-07  time = 23.1s
[e393 s0001/1030] loss = 0.077301
[e393 s0050/1030] loss = 0.300504
[e393 s0100/1030] loss = 0.300114
[e393 s0150/1030] loss = 2.475827
[e393 s0200/1030] loss = 1.890075
[e393 s0250/1030] loss = 1.541041
[e393 s0300/1030] loss = 1.308978
[e393 s0350/1030] loss = 1.143411
[e393 s0400/1030] loss = 1.018449
[e393 s0450/1030] loss = 0.920189
[e393 s0500/1030] loss = 0.842172
[e393 s0550/1030] loss = 0.788782
[e393 s0600/1030] loss = 0.748165
[e393 s0650/1030] loss = 0.705697
[e393 s0700/1030] loss = 0.667634
[e393 s0750/1030] loss = 0.632667
[e393 s0800/1030] loss = 0.604608
[e393 s0850/1030] loss = 0.581238
[e393 s0900/1030] loss = 0.564019
[e393 s0950/1030] loss = 0.545729
[e393 s1000/1030] loss = 0.534416
Epoch 393: train_loss = 0.524247  MAE/GAME0 = 11.841  RMSE = 31.752  GAME1 = 13.774  GAME2 = 15.774  GAME3 = 16.829  lr = 9.66e-08  time = 23.7s
[e394 s0001/1030] loss = 0.068024
[e394 s0050/1030] loss = 0.145506
[e394 s0100/1030] loss = 0.188563
[e394 s0150/1030] loss = 0.161588
[e394 s0200/1030] loss = 1.814683
[e394 s0250/1030] loss = 1.500475
[e394 s0300/1030] loss = 1.269318
[e394 s0350/1030] loss = 1.112172
[e394 s0400/1030] loss = 0.993856
[e394 s0450/1030] loss = 0.911158
[e394 s0500/1030] loss = 0.838466
[e394 s0550/1030] loss = 0.777857
[e394 s0600/1030] loss = 0.725017
[e394 s0650/1030] loss = 0.679516
[e394 s0700/1030] loss = 0.644308
[e394 s0750/1030] loss = 0.630750
[e394 s0800/1030] loss = 0.616184
[e394 s0850/1030] loss = 0.593833
[e394 s0900/1030] loss = 0.569937
[e394 s0950/1030] loss = 0.554152
[e394 s1000/1030] loss = 0.533164
Epoch 394: train_loss = 0.523950  MAE/GAME0 = 11.846  RMSE = 31.747  GAME1 = 13.773  GAME2 = 15.772  GAME3 = 16.825  lr = 8.42e-08  time = 23.1s
[e395 s0001/1030] loss = 0.069773
[e395 s0050/1030] loss = 0.202086
[e395 s0100/1030] loss = 0.172475
[e395 s0150/1030] loss = 0.199543
[e395 s0200/1030] loss = 0.196387
[e395 s0250/1030] loss = 0.181562
[e395 s0300/1030] loss = 0.172599
[e395 s0350/1030] loss = 0.169720
[e395 s0400/1030] loss = 0.168448
[e395 s0450/1030] loss = 0.164187
[e395 s0500/1030] loss = 0.826166
[e395 s0550/1030] loss = 0.773756
[e395 s0600/1030] loss = 0.733770
[e395 s0650/1030] loss = 0.708960
[e395 s0700/1030] loss = 0.674000
[e395 s0750/1030] loss = 0.648701
[e395 s0800/1030] loss = 0.624287
[e395 s0850/1030] loss = 0.598501
[e395 s0900/1030] loss = 0.573499
[e395 s0950/1030] loss = 0.551892
[e395 s1000/1030] loss = 0.533542
Epoch 395: train_loss = 0.524268  MAE/GAME0 = 11.850  RMSE = 31.744  GAME1 = 13.778  GAME2 = 15.782  GAME3 = 16.837  lr = 7.38e-08  time = 23.1s
[e396 s0001/1030] loss = 0.111138
[e396 s0050/1030] loss = 0.140504
[e396 s0100/1030] loss = 0.139508
[e396 s0150/1030] loss = 0.139548
[e396 s0200/1030] loss = 0.179033
[e396 s0250/1030] loss = 0.181515
[e396 s0300/1030] loss = 0.182880
[e396 s0350/1030] loss = 0.179670
[e396 s0400/1030] loss = 0.178963
[e396 s0450/1030] loss = 0.174930
[e396 s0500/1030] loss = 0.178288
[e396 s0550/1030] loss = 0.784659
[e396 s0600/1030] loss = 0.741480
[e396 s0650/1030] loss = 0.708900
[e396 s0700/1030] loss = 0.681426
[e396 s0750/1030] loss = 0.649075
[e396 s0800/1030] loss = 0.624751
[e396 s0850/1030] loss = 0.597218
[e396 s0900/1030] loss = 0.577265
[e396 s0950/1030] loss = 0.556398
[e396 s1000/1030] loss = 0.536490
Epoch 396: train_loss = 0.523642  MAE/GAME0 = 11.856  RMSE = 31.762  GAME1 = 13.780  GAME2 = 15.776  GAME3 = 16.827  lr = 6.52e-08  time = 23.2s
[e397 s0001/1030] loss = 0.040948
[e397 s0050/1030] loss = 0.146252
[e397 s0100/1030] loss = 0.162921
[e397 s0150/1030] loss = 0.156414
[e397 s0200/1030] loss = 0.145642
[e397 s0250/1030] loss = 0.155829
[e397 s0300/1030] loss = 0.183311
[e397 s0350/1030] loss = 0.201859
[e397 s0400/1030] loss = 0.196540
[e397 s0450/1030] loss = 0.201392
[e397 s0500/1030] loss = 0.203963
[e397 s0550/1030] loss = 0.200310
[e397 s0600/1030] loss = 0.200422
[e397 s0650/1030] loss = 0.199775
[e397 s0700/1030] loss = 0.196189
[e397 s0750/1030] loss = 0.636814
[e397 s0800/1030] loss = 0.604813
[e397 s0850/1030] loss = 0.577400
[e397 s0900/1030] loss = 0.567909
[e397 s0950/1030] loss = 0.555476
[e397 s1000/1030] loss = 0.533167
Epoch 397: train_loss = 0.523823  MAE/GAME0 = 11.844  RMSE = 31.724  GAME1 = 13.774  GAME2 = 15.779  GAME3 = 16.836  lr = 5.86e-08  time = 23.1s
[e398 s0001/1030] loss = 0.135307
[e398 s0050/1030] loss = 0.132044
[e398 s0100/1030] loss = 0.140663
[e398 s0150/1030] loss = 0.163215
[e398 s0200/1030] loss = 0.200808
[e398 s0250/1030] loss = 0.222104
[e398 s0300/1030] loss = 0.213776
[e398 s0350/1030] loss = 0.207209
[e398 s0400/1030] loss = 0.199501
[e398 s0450/1030] loss = 0.205589
[e398 s0500/1030] loss = 0.200195
[e398 s0550/1030] loss = 0.199761
[e398 s0600/1030] loss = 0.195413
[e398 s0650/1030] loss = 0.707125
[e398 s0700/1030] loss = 0.671950
[e398 s0750/1030] loss = 0.638252
[e398 s0800/1030] loss = 0.615652
[e398 s0850/1030] loss = 0.594420
[e398 s0900/1030] loss = 0.581770
[e398 s0950/1030] loss = 0.558563
[e398 s1000/1030] loss = 0.536183
Epoch 398: train_loss = 0.523573  MAE/GAME0 = 11.848  RMSE = 31.750  GAME1 = 13.777  GAME2 = 15.777  GAME3 = 16.831  lr = 5.38e-08  time = 23.2s
[e399 s0001/1030] loss = 0.361455
[e399 s0050/1030] loss = 0.152382
[e399 s0100/1030] loss = 0.165108
[e399 s0150/1030] loss = 0.191084
[e399 s0200/1030] loss = 0.186421
[e399 s0250/1030] loss = 0.227188
[e399 s0300/1030] loss = 0.247115
[e399 s0350/1030] loss = 0.228553
[e399 s0400/1030] loss = 0.215770
[e399 s0450/1030] loss = 0.206508
[e399 s0500/1030] loss = 0.869115
[e399 s0550/1030] loss = 0.800528
[e399 s0600/1030] loss = 0.744256
[e399 s0650/1030] loss = 0.700398
[e399 s0700/1030] loss = 0.662029
[e399 s0750/1030] loss = 0.627687
[e399 s0800/1030] loss = 0.607898
[e399 s0850/1030] loss = 0.584426
[e399 s0900/1030] loss = 0.562253
[e399 s0950/1030] loss = 0.544188
[e399 s1000/1030] loss = 0.529075
Epoch 399: train_loss = 0.523977  MAE/GAME0 = 11.847  RMSE = 31.742  GAME1 = 13.775  GAME2 = 15.777  GAME3 = 16.832  lr = 5.09e-08  time = 23.2s
[e400 s0001/1030] loss = 0.144085
[e400 s0050/1030] loss = 0.369323
[e400 s0100/1030] loss = 0.270251
[e400 s0150/1030] loss = 0.233591
[e400 s0200/1030] loss = 0.213711
[e400 s0250/1030] loss = 0.212471
[e400 s0300/1030] loss = 0.204954
[e400 s0350/1030] loss = 0.198513
[e400 s0400/1030] loss = 0.197557
[e400 s0450/1030] loss = 0.196046
[e400 s0500/1030] loss = 0.190492
[e400 s0550/1030] loss = 0.184114
[e400 s0600/1030] loss = 0.198683
[e400 s0650/1030] loss = 0.209327
[e400 s0700/1030] loss = 0.205811
[e400 s0750/1030] loss = 0.201523
[e400 s0800/1030] loss = 0.215041
[e400 s0850/1030] loss = 0.211128
[e400 s0900/1030] loss = 0.206562
[e400 s0950/1030] loss = 0.205169
[e400 s1000/1030] loss = 0.202783
Epoch 400: train_loss = 0.523493  MAE/GAME0 = 11.844  RMSE = 31.729  GAME1 = 13.776  GAME2 = 15.785  GAME3 = 16.842  lr = 5.00e-08  time = 23.1s
[done] best_mae = 9.121  best_path = /scratch/users/ntu/kenneth0/FYP-SmartObjectCounter/outputs/train_rgb_e400/13008785.pbs101_20260228_144230/best.pth
