[log] /scratch/users/ntu/kenneth0/FYP-SmartObjectCounter/logs/train_t_e400_13018771.pbs101_20260301_125932.log
[job] name=train_t_e400 id=13018771.pbs101 host=x1000c2s7b0n1 time=Sun Mar  1 12:59:32 +08 2026
torch 2.6.0+cu118 cuda True
[init] device = cuda
[init] train = 1030  val = 200  workers = 4
/scratch/users/ntu/kenneth0/FYP-SmartObjectCounter/scripts/train_rgbt.py:454: FutureWarning: `torch.cuda.amp.GradScaler(args...)` is deprecated. Please use `torch.amp.GradScaler('cuda', args...)` instead.
  scaler = GradScaler(enabled = bool(args.amp))
[e001 s0001/1030] loss = 1372862.625000
[e001 s0050/1030] loss = 181388.763050
[e001 s0100/1030] loss = 90716.631444
[e001 s0150/1030] loss = 60478.915422
[e001 s0200/1030] loss = 45359.901773
[e001 s0250/1030] loss = 36291.928449
[e001 s0300/1030] loss = 30243.731723
[e001 s0350/1030] loss = 25924.013066
[e001 s0400/1030] loss = 22684.050748
[e001 s0450/1030] loss = 20164.833429
[e001 s0500/1030] loss = 18150.274708
[e001 s0550/1030] loss = 16500.504975
[e001 s0600/1030] loss = 15125.783066
[e001 s0650/1030] loss = 13962.538680
[e001 s0700/1030] loss = 12969.135640
[e001 s0750/1030] loss = 12104.845546
[e001 s0800/1030] loss = 11348.633378
[e001 s0850/1030] loss = 10681.643560
[e001 s0900/1030] loss = 10088.480639
[e001 s0950/1030] loss = 9557.940825
[e001 s1000/1030] loss = 9080.252558
Epoch 001: train_loss = 8815.918616  MAE/GAME0 = 371.443  RMSE = 952.674  GAME1 = 381.537  GAME2 = 386.319  GAME3 = 387.241  lr = 5.07e-06  time = 25.7s
[e002 s0001/1030] loss = 1.352047
[e002 s0050/1030] loss = 3.442732
[e002 s0100/1030] loss = 3.807934
[e002 s0150/1030] loss = 3.901578
[e002 s0200/1030] loss = 3.683102
[e002 s0250/1030] loss = 3.542343
[e002 s0300/1030] loss = 13.314578
[e002 s0350/1030] loss = 13.101470
[e002 s0400/1030] loss = 12.144278
[e002 s0450/1030] loss = 11.830032
[e002 s0500/1030] loss = 11.268175
[e002 s0550/1030] loss = 10.626074
[e002 s0600/1030] loss = 10.102846
[e002 s0650/1030] loss = 9.589792
[e002 s0700/1030] loss = 9.971448
[e002 s0750/1030] loss = 9.504300
[e002 s0800/1030] loss = 9.160020
[e002 s0850/1030] loss = 8.860166
[e002 s0900/1030] loss = 8.543176
[e002 s0950/1030] loss = 8.299080
[e002 s1000/1030] loss = 8.206561
Epoch 002: train_loss = 8.056621  MAE/GAME0 = 761.882  RMSE = 1742.858  GAME1 = 773.998  GAME2 = 779.915  GAME3 = 781.144  lr = 5.28e-06  time = 20.3s
[e003 s0001/1030] loss = 1.585050
[e003 s0050/1030] loss = 2.949060
[e003 s0100/1030] loss = 3.263509
[e003 s0150/1030] loss = 5.508385
[e003 s0200/1030] loss = 7.677855
[e003 s0250/1030] loss = 6.693478
[e003 s0300/1030] loss = 6.590096
[e003 s0350/1030] loss = 5.907179
[e003 s0400/1030] loss = 5.900958
[e003 s0450/1030] loss = 5.652376
[e003 s0500/1030] loss = 5.384196
[e003 s0550/1030] loss = 5.119261
[e003 s0600/1030] loss = 5.019910
[e003 s0650/1030] loss = 4.907766
[e003 s0700/1030] loss = 4.863583
[e003 s0750/1030] loss = 4.874397
[e003 s0800/1030] loss = 4.781103
[e003 s0850/1030] loss = 4.723982
[e003 s0900/1030] loss = 4.710141
[e003 s0950/1030] loss = 4.686044
[e003 s1000/1030] loss = 4.589148
Epoch 003: train_loss = 4.629124  MAE/GAME0 = 3053.401  RMSE = 5814.790  GAME1 = 3063.552  GAME2 = 3070.831  GAME3 = 3072.149  lr = 5.62e-06  time = 19.8s
[e004 s0001/1030] loss = 0.351566
[e004 s0050/1030] loss = 3.791843
[e004 s0100/1030] loss = 3.472019
[e004 s0150/1030] loss = 3.570304
[e004 s0200/1030] loss = 3.403161
[e004 s0250/1030] loss = 3.391498
[e004 s0300/1030] loss = 3.550004
[e004 s0350/1030] loss = 3.837536
[e004 s0400/1030] loss = 3.594929
[e004 s0450/1030] loss = 3.706259
[e004 s0500/1030] loss = 3.518474
[e004 s0550/1030] loss = 3.508395
[e004 s0600/1030] loss = 3.661745
[e004 s0650/1030] loss = 3.747767
[e004 s0700/1030] loss = 3.615319
[e004 s0750/1030] loss = 3.688174
[e004 s0800/1030] loss = 3.764583
[e004 s0850/1030] loss = 4.235715
[e004 s0900/1030] loss = 4.156269
[e004 s0950/1030] loss = 4.347818
[e004 s1000/1030] loss = 4.573524
Epoch 004: train_loss = 4.638913  MAE/GAME0 = 751.258  RMSE = 1909.552  GAME1 = 763.015  GAME2 = 769.179  GAME3 = 770.651  lr = 6.10e-06  time = 20.0s
[e005 s0001/1030] loss = 0.467377
[e005 s0050/1030] loss = 2.381993
[e005 s0100/1030] loss = 3.679978
[e005 s0150/1030] loss = 4.005813
[e005 s0200/1030] loss = 4.101295
[e005 s0250/1030] loss = 4.664483
[e005 s0300/1030] loss = 4.624802
[e005 s0350/1030] loss = 4.380135
[e005 s0400/1030] loss = 4.816437
[e005 s0450/1030] loss = 4.691809
[e005 s0500/1030] loss = 4.601522
[e005 s0550/1030] loss = 4.635033
[e005 s0600/1030] loss = 4.540688
[e005 s0650/1030] loss = 5.109594
[e005 s0700/1030] loss = 5.035080
[e005 s0750/1030] loss = 5.111898
[e005 s0800/1030] loss = 4.955981
[e005 s0850/1030] loss = 4.921927
[e005 s0900/1030] loss = 4.854996
[e005 s0950/1030] loss = 4.741183
[e005 s1000/1030] loss = 4.693124
Epoch 005: train_loss = 4.662305  MAE/GAME0 = 23.914  RMSE = 43.762  GAME1 = 25.575  GAME2 = 25.881  GAME3 = 25.912  lr = 6.71e-06  time = 20.1s
[e006 s0001/1030] loss = 1.008857
[e006 s0050/1030] loss = 1.902145
[e006 s0100/1030] loss = 2.447217
[e006 s0150/1030] loss = 3.390401
[e006 s0200/1030] loss = 3.281011
[e006 s0250/1030] loss = 3.170886
[e006 s0300/1030] loss = 3.282604
[e006 s0350/1030] loss = 3.333348
[e006 s0400/1030] loss = 4.432835
[e006 s0450/1030] loss = 4.368122
[e006 s0500/1030] loss = 4.647739
[e006 s0550/1030] loss = 4.492750
[e006 s0600/1030] loss = 4.318393
[e006 s0650/1030] loss = 4.618434
[e006 s0700/1030] loss = 4.562938
[e006 s0750/1030] loss = 4.637734
[e006 s0800/1030] loss = 4.619622
[e006 s0850/1030] loss = 4.521318
[e006 s0900/1030] loss = 4.513676
[e006 s0950/1030] loss = 4.669842
[e006 s1000/1030] loss = 4.652157
Epoch 006: train_loss = 4.629053  MAE/GAME0 = 54.136  RMSE = 127.502  GAME1 = 61.510  GAME2 = 64.617  GAME3 = 65.047  lr = 7.45e-06  time = 19.6s
[e007 s0001/1030] loss = 1.236869
[e007 s0050/1030] loss = 3.586988
[e007 s0100/1030] loss = 3.712076
[e007 s0150/1030] loss = 3.978798
[e007 s0200/1030] loss = 3.878595
[e007 s0250/1030] loss = 4.161299
[e007 s0300/1030] loss = 4.969783
[e007 s0350/1030] loss = 5.240129
[e007 s0400/1030] loss = 6.447203
[e007 s0450/1030] loss = 6.398226
[e007 s0500/1030] loss = 6.065002
[e007 s0550/1030] loss = 6.055626
[e007 s0600/1030] loss = 5.778316
[e007 s0650/1030] loss = 5.588398
[e007 s0700/1030] loss = 5.363236
[e007 s0750/1030] loss = 5.230527
[e007 s0800/1030] loss = 5.075473
[e007 s0850/1030] loss = 4.958311
[e007 s0900/1030] loss = 5.118854
[e007 s0950/1030] loss = 5.038216
[e007 s1000/1030] loss = 4.968082
Epoch 007: train_loss = 4.951503  MAE/GAME0 = 23.245  RMSE = 42.248  GAME1 = 23.245  GAME2 = 23.245  GAME3 = 23.245  lr = 8.32e-06  time = 19.8s
[e008 s0001/1030] loss = 15.040712
[e008 s0050/1030] loss = 2.706287
[e008 s0100/1030] loss = 3.660583
[e008 s0150/1030] loss = 4.992208
[e008 s0200/1030] loss = 4.493676
[e008 s0250/1030] loss = 4.384005
[e008 s0300/1030] loss = 4.240097
[e008 s0350/1030] loss = 4.032569
[e008 s0400/1030] loss = 3.887573
[e008 s0450/1030] loss = 5.117501
[e008 s0500/1030] loss = 5.027478
[e008 s0550/1030] loss = 4.769882
[e008 s0600/1030] loss = 5.003005
[e008 s0650/1030] loss = 5.294476
[e008 s0700/1030] loss = 5.228236
[e008 s0750/1030] loss = 5.077874
[e008 s0800/1030] loss = 4.978855
[e008 s0850/1030] loss = 4.902947
[e008 s0900/1030] loss = 4.871742
[e008 s0950/1030] loss = 4.728617
[e008 s1000/1030] loss = 4.687274
Epoch 008: train_loss = 4.630799  MAE/GAME0 = 23.018  RMSE = 42.088  GAME1 = 23.293  GAME2 = 23.590  GAME3 = 23.630  lr = 9.30e-06  time = 19.5s
[e009 s0001/1030] loss = 1.534932
[e009 s0050/1030] loss = 8.389183
[e009 s0100/1030] loss = 6.372836
[e009 s0150/1030] loss = 6.686062
[e009 s0200/1030] loss = 7.947461
[e009 s0250/1030] loss = 6.818456
[e009 s0300/1030] loss = 6.629799
[e009 s0350/1030] loss = 6.360239
[e009 s0400/1030] loss = 6.095350
[e009 s0450/1030] loss = 5.716092
[e009 s0500/1030] loss = 5.490657
[e009 s0550/1030] loss = 5.302814
[e009 s0600/1030] loss = 5.092182
[e009 s0650/1030] loss = 5.087556
[e009 s0700/1030] loss = 4.927733
[e009 s0750/1030] loss = 4.901305
[e009 s0800/1030] loss = 4.796012
[e009 s0850/1030] loss = 4.747735
[e009 s0900/1030] loss = 4.701013
[e009 s0950/1030] loss = 4.583590
[e009 s1000/1030] loss = 4.533682
Epoch 009: train_loss = 4.629179  MAE/GAME0 = 23.202  RMSE = 42.289  GAME1 = 24.978  GAME2 = 25.956  GAME3 = 26.118  lr = 1.04e-05  time = 19.7s
[e010 s0001/1030] loss = 1.079379
[e010 s0050/1030] loss = 4.038631
[e010 s0100/1030] loss = 3.750319
[e010 s0150/1030] loss = 4.554699
[e010 s0200/1030] loss = 4.172010
[e010 s0250/1030] loss = 4.770296
[e010 s0300/1030] loss = 5.192918
[e010 s0350/1030] loss = 4.957570
[e010 s0400/1030] loss = 4.892921
[e010 s0450/1030] loss = 5.645495
[e010 s0500/1030] loss = 5.399248
[e010 s0550/1030] loss = 5.211379
[e010 s0600/1030] loss = 5.044197
[e010 s0650/1030] loss = 4.972438
[e010 s0700/1030] loss = 4.826366
[e010 s0750/1030] loss = 4.736653
[e010 s0800/1030] loss = 4.756925
[e010 s0850/1030] loss = 4.685472
[e010 s0900/1030] loss = 4.629987
[e010 s0950/1030] loss = 4.747503
[e010 s1000/1030] loss = 4.701178
Epoch 010: train_loss = 4.632918  MAE/GAME0 = 23.245  RMSE = 42.248  GAME1 = 23.245  GAME2 = 23.245  GAME3 = 23.245  lr = 1.16e-05  time = 19.7s
[e011 s0001/1030] loss = 4.604608
[e011 s0050/1030] loss = 4.194952
[e011 s0100/1030] loss = 5.212433
[e011 s0150/1030] loss = 4.744995
[e011 s0200/1030] loss = 4.910018
[e011 s0250/1030] loss = 4.526540
[e011 s0300/1030] loss = 4.260277
[e011 s0350/1030] loss = 4.142367
[e011 s0400/1030] loss = 4.159186
[e011 s0450/1030] loss = 4.105287
[e011 s0500/1030] loss = 4.067168
[e011 s0550/1030] loss = 3.969391
[e011 s0600/1030] loss = 3.865554
[e011 s0650/1030] loss = 3.993694
[e011 s0700/1030] loss = 3.956843
[e011 s0750/1030] loss = 4.139687
[e011 s0800/1030] loss = 4.133151
[e011 s0850/1030] loss = 4.082535
[e011 s0900/1030] loss = 4.268115
[e011 s0950/1030] loss = 4.678111
[e011 s1000/1030] loss = 4.647923
Epoch 011: train_loss = 4.629053  MAE/GAME0 = 23.245  RMSE = 42.248  GAME1 = 23.245  GAME2 = 23.245  GAME3 = 23.245  lr = 1.29e-05  time = 19.8s
[e012 s0001/1030] loss = 1.059978
[e012 s0050/1030] loss = 2.841928
[e012 s0100/1030] loss = 2.938453
[e012 s0150/1030] loss = 3.590778
[e012 s0200/1030] loss = 3.306941
[e012 s0250/1030] loss = 4.322281
[e012 s0300/1030] loss = 4.086686
[e012 s0350/1030] loss = 3.989377
[e012 s0400/1030] loss = 3.769315
[e012 s0450/1030] loss = 3.783536
[e012 s0500/1030] loss = 3.762978
[e012 s0550/1030] loss = 3.890926
[e012 s0600/1030] loss = 3.943943
[e012 s0650/1030] loss = 4.871495
[e012 s0700/1030] loss = 4.889595
[e012 s0750/1030] loss = 4.767496
[e012 s0800/1030] loss = 4.758105
[e012 s0850/1030] loss = 4.832260
[e012 s0900/1030] loss = 4.752124
[e012 s0950/1030] loss = 4.645117
[e012 s1000/1030] loss = 4.566592
Epoch 012: train_loss = 4.629387  MAE/GAME0 = 23.245  RMSE = 42.248  GAME1 = 23.245  GAME2 = 23.245  GAME3 = 23.245  lr = 1.43e-05  time = 19.5s
[e013 s0001/1030] loss = 5.486562
[e013 s0050/1030] loss = 5.543947
[e013 s0100/1030] loss = 5.490736
[e013 s0150/1030] loss = 5.022231
[e013 s0200/1030] loss = 4.561935
[e013 s0250/1030] loss = 4.598534
[e013 s0300/1030] loss = 4.592421
[e013 s0350/1030] loss = 4.426378
[e013 s0400/1030] loss = 4.212544
[e013 s0450/1030] loss = 4.061201
[e013 s0500/1030] loss = 3.971224
[e013 s0550/1030] loss = 4.002446
[e013 s0600/1030] loss = 3.914124
[e013 s0650/1030] loss = 4.584104
[e013 s0700/1030] loss = 4.510906
[e013 s0750/1030] loss = 4.369449
[e013 s0800/1030] loss = 4.278210
[e013 s0850/1030] loss = 4.279809
[e013 s0900/1030] loss = 4.434307
[e013 s0950/1030] loss = 4.392853
[e013 s1000/1030] loss = 4.424345
Epoch 013: train_loss = 4.629053  MAE/GAME0 = 23.245  RMSE = 42.248  GAME1 = 23.245  GAME2 = 23.245  GAME3 = 23.245  lr = 1.57e-05  time = 19.6s
[e014 s0001/1030] loss = 0.138794
[e014 s0050/1030] loss = 3.404155
[e014 s0100/1030] loss = 3.229348
[e014 s0150/1030] loss = 3.531865
[e014 s0200/1030] loss = 3.335383
[e014 s0250/1030] loss = 3.248416
[e014 s0300/1030] loss = 3.256275
[e014 s0350/1030] loss = 3.720428
[e014 s0400/1030] loss = 4.083734
[e014 s0450/1030] loss = 3.997544
[e014 s0500/1030] loss = 3.900639
[e014 s0550/1030] loss = 4.146556
[e014 s0600/1030] loss = 4.436034
[e014 s0650/1030] loss = 4.308461
[e014 s0700/1030] loss = 4.197802
[e014 s0750/1030] loss = 4.182612
[e014 s0800/1030] loss = 4.246756
[e014 s0850/1030] loss = 4.173786
[e014 s0900/1030] loss = 4.117977
[e014 s0950/1030] loss = 4.530520
[e014 s1000/1030] loss = 4.431895
Epoch 014: train_loss = 4.412470  MAE/GAME0 = 18.335  RMSE = 38.174  GAME1 = 18.981  GAME2 = 19.607  GAME3 = 19.938  lr = 1.73e-05  time = 19.7s
[e015 s0001/1030] loss = 0.050053
[e015 s0050/1030] loss = 3.059473
[e015 s0100/1030] loss = 5.937399
[e015 s0150/1030] loss = 4.574099
[e015 s0200/1030] loss = 4.008313
[e015 s0250/1030] loss = 3.499144
[e015 s0300/1030] loss = 3.048139
[e015 s0350/1030] loss = 3.379032
[e015 s0400/1030] loss = 3.147553
[e015 s0450/1030] loss = 2.947672
[e015 s0500/1030] loss = 2.755987
[e015 s0550/1030] loss = 2.852047
[e015 s0600/1030] loss = 2.754705
[e015 s0650/1030] loss = 2.672577
[e015 s0700/1030] loss = 2.639382
[e015 s0750/1030] loss = 2.542319
[e015 s0800/1030] loss = 2.488620
[e015 s0850/1030] loss = 2.531867
[e015 s0900/1030] loss = 2.508352
[e015 s0950/1030] loss = 2.436809
[e015 s1000/1030] loss = 2.367097
Epoch 015: train_loss = 2.330657  MAE/GAME0 = 16.537  RMSE = 36.669  GAME1 = 17.012  GAME2 = 17.519  GAME3 = 17.796  lr = 1.89e-05  time = 19.6s
[e016 s0001/1030] loss = 0.161308
[e016 s0050/1030] loss = 0.628830
[e016 s0100/1030] loss = 0.754621
[e016 s0150/1030] loss = 1.060101
[e016 s0200/1030] loss = 1.458935
[e016 s0250/1030] loss = 1.465414
[e016 s0300/1030] loss = 1.463719
[e016 s0350/1030] loss = 1.603061
[e016 s0400/1030] loss = 1.560427
[e016 s0450/1030] loss = 1.490768
[e016 s0500/1030] loss = 1.514237
[e016 s0550/1030] loss = 2.042542
[e016 s0600/1030] loss = 1.936269
[e016 s0650/1030] loss = 1.826658
[e016 s0700/1030] loss = 1.753182
[e016 s0750/1030] loss = 1.795410
[e016 s0800/1030] loss = 1.724263
[e016 s0850/1030] loss = 1.694442
[e016 s0900/1030] loss = 1.669894
[e016 s0950/1030] loss = 1.634211
[e016 s1000/1030] loss = 1.689340
Epoch 016: train_loss = 1.657498  MAE/GAME0 = 12.610  RMSE = 33.298  GAME1 = 13.730  GAME2 = 14.781  GAME3 = 15.389  lr = 2.05e-05  time = 19.4s
[e017 s0001/1030] loss = 4.198945
[e017 s0050/1030] loss = 1.182047
[e017 s0100/1030] loss = 1.222156
[e017 s0150/1030] loss = 1.484809
[e017 s0200/1030] loss = 1.249800
[e017 s0250/1030] loss = 1.136121
[e017 s0300/1030] loss = 1.361069
[e017 s0350/1030] loss = 1.304858
[e017 s0400/1030] loss = 1.240837
[e017 s0450/1030] loss = 1.219014
[e017 s0500/1030] loss = 1.275096
[e017 s0550/1030] loss = 1.270433
[e017 s0600/1030] loss = 1.224541
[e017 s0650/1030] loss = 1.186239
[e017 s0700/1030] loss = 1.153400
[e017 s0750/1030] loss = 1.194706
[e017 s0800/1030] loss = 1.181207
[e017 s0850/1030] loss = 1.160058
[e017 s0900/1030] loss = 1.467920
[e017 s0950/1030] loss = 1.424777
[e017 s1000/1030] loss = 1.418982
Epoch 017: train_loss = 1.393601  MAE/GAME0 = 10.413  RMSE = 28.245  GAME1 = 11.475  GAME2 = 12.515  GAME3 = 13.309  lr = 2.22e-05  time = 19.6s
[e018 s0001/1030] loss = 0.144426
[e018 s0050/1030] loss = 1.148785
[e018 s0100/1030] loss = 1.143530
[e018 s0150/1030] loss = 1.073411
[e018 s0200/1030] loss = 1.044831
[e018 s0250/1030] loss = 0.962204
[e018 s0300/1030] loss = 1.210558
[e018 s0350/1030] loss = 1.130118
[e018 s0400/1030] loss = 1.136454
[e018 s0450/1030] loss = 1.073830
[e018 s0500/1030] loss = 1.018705
[e018 s0550/1030] loss = 1.022518
[e018 s0600/1030] loss = 0.996556
[e018 s0650/1030] loss = 0.998875
[e018 s0700/1030] loss = 1.031188
[e018 s0750/1030] loss = 1.018698
[e018 s0800/1030] loss = 0.995052
[e018 s0850/1030] loss = 0.993472
[e018 s0900/1030] loss = 0.969197
[e018 s0950/1030] loss = 0.944993
[e018 s1000/1030] loss = 0.928545
Epoch 018: train_loss = 1.184937  MAE/GAME0 = 14.848  RMSE = 31.290  GAME1 = 15.141  GAME2 = 15.533  GAME3 = 15.801  lr = 2.40e-05  time = 19.7s
[e019 s0001/1030] loss = 1.057510
[e019 s0050/1030] loss = 1.731708
[e019 s0100/1030] loss = 1.239421
[e019 s0150/1030] loss = 1.374884
[e019 s0200/1030] loss = 1.213240
[e019 s0250/1030] loss = 1.180415
[e019 s0300/1030] loss = 1.191987
[e019 s0350/1030] loss = 1.103471
[e019 s0400/1030] loss = 1.077184
[e019 s0450/1030] loss = 1.492546
[e019 s0500/1030] loss = 1.406999
[e019 s0550/1030] loss = 1.310323
[e019 s0600/1030] loss = 1.267616
[e019 s0650/1030] loss = 1.237158
[e019 s0700/1030] loss = 1.178949
[e019 s0750/1030] loss = 1.165735
[e019 s0800/1030] loss = 1.120852
[e019 s0850/1030] loss = 1.104952
[e019 s0900/1030] loss = 1.076559
[e019 s0950/1030] loss = 1.044321
[e019 s1000/1030] loss = 1.016133
Epoch 019: train_loss = 1.004840  MAE/GAME0 = 14.013  RMSE = 32.367  GAME1 = 14.671  GAME2 = 15.294  GAME3 = 15.724  lr = 2.57e-05  time = 19.7s
[e020 s0001/1030] loss = 0.351108
[e020 s0050/1030] loss = 0.447226
[e020 s0100/1030] loss = 0.799366
[e020 s0150/1030] loss = 0.813604
[e020 s0200/1030] loss = 0.700261
[e020 s0250/1030] loss = 0.729076
[e020 s0300/1030] loss = 0.708010
[e020 s0350/1030] loss = 0.737471
[e020 s0400/1030] loss = 0.724401
[e020 s0450/1030] loss = 0.736746
[e020 s0500/1030] loss = 0.736557
[e020 s0550/1030] loss = 0.849648
[e020 s0600/1030] loss = 0.820691
[e020 s0650/1030] loss = 0.791444
[e020 s0700/1030] loss = 0.778278
[e020 s0750/1030] loss = 0.785176
[e020 s0800/1030] loss = 0.763635
[e020 s0850/1030] loss = 0.743738
[e020 s0900/1030] loss = 0.737049
[e020 s0950/1030] loss = 0.724876
[e020 s1000/1030] loss = 0.727408
Epoch 020: train_loss = 0.912588  MAE/GAME0 = 12.392  RMSE = 29.715  GAME1 = 12.887  GAME2 = 13.498  GAME3 = 14.062  lr = 2.75e-05  time = 20.0s
[e021 s0001/1030] loss = 0.158151
[e021 s0050/1030] loss = 0.443684
[e021 s0100/1030] loss = 0.513558
[e021 s0150/1030] loss = 0.512552
[e021 s0200/1030] loss = 0.592555
[e021 s0250/1030] loss = 0.603947
[e021 s0300/1030] loss = 0.575027
[e021 s0350/1030] loss = 0.540707
[e021 s0400/1030] loss = 0.548626
[e021 s0450/1030] loss = 0.542037
[e021 s0500/1030] loss = 0.525380
[e021 s0550/1030] loss = 0.522460
[e021 s0600/1030] loss = 0.504552
[e021 s0650/1030] loss = 0.525787
[e021 s0700/1030] loss = 0.538544
[e021 s0750/1030] loss = 0.534431
[e021 s0800/1030] loss = 0.533908
[e021 s0850/1030] loss = 0.830669
[e021 s0900/1030] loss = 0.817303
[e021 s0950/1030] loss = 0.799757
[e021 s1000/1030] loss = 0.801952
Epoch 021: train_loss = 0.801377  MAE/GAME0 = 10.858  RMSE = 29.599  GAME1 = 11.983  GAME2 = 12.864  GAME3 = 13.587  lr = 2.93e-05  time = 19.8s
[e022 s0001/1030] loss = 0.073964
[e022 s0050/1030] loss = 0.327032
[e022 s0100/1030] loss = 0.325481
[e022 s0150/1030] loss = 0.352423
[e022 s0200/1030] loss = 0.435745
[e022 s0250/1030] loss = 0.433239
[e022 s0300/1030] loss = 0.480723
[e022 s0350/1030] loss = 0.997872
[e022 s0400/1030] loss = 0.931612
[e022 s0450/1030] loss = 0.876239
[e022 s0500/1030] loss = 0.910138
[e022 s0550/1030] loss = 0.857474
[e022 s0600/1030] loss = 0.839978
[e022 s0650/1030] loss = 0.803448
[e022 s0700/1030] loss = 0.773363
[e022 s0750/1030] loss = 0.749507
[e022 s0800/1030] loss = 0.733428
[e022 s0850/1030] loss = 0.717764
[e022 s0900/1030] loss = 0.713611
[e022 s0950/1030] loss = 0.705544
[e022 s1000/1030] loss = 0.701412
Epoch 022: train_loss = 0.692184  MAE/GAME0 = 12.413  RMSE = 30.660  GAME1 = 13.224  GAME2 = 13.851  GAME3 = 14.344  lr = 3.10e-05  time = 19.7s
[e023 s0001/1030] loss = 0.145106
[e023 s0050/1030] loss = 0.315569
[e023 s0100/1030] loss = 0.400163
[e023 s0150/1030] loss = 0.400983
[e023 s0200/1030] loss = 0.406003
[e023 s0250/1030] loss = 0.431787
[e023 s0300/1030] loss = 0.460381
[e023 s0350/1030] loss = 0.446091
[e023 s0400/1030] loss = 0.434031
[e023 s0450/1030] loss = 0.428667
[e023 s0500/1030] loss = 0.433948
[e023 s0550/1030] loss = 0.432062
[e023 s0600/1030] loss = 0.460944
[e023 s0650/1030] loss = 0.458381
[e023 s0700/1030] loss = 0.492689
[e023 s0750/1030] loss = 0.668060
[e023 s0800/1030] loss = 0.659771
[e023 s0850/1030] loss = 0.655829
[e023 s0900/1030] loss = 0.637533
[e023 s0950/1030] loss = 0.631085
[e023 s1000/1030] loss = 0.631447
Epoch 023: train_loss = 0.621395  MAE/GAME0 = 13.435  RMSE = 32.300  GAME1 = 13.905  GAME2 = 14.392  GAME3 = 14.761  lr = 3.28e-05  time = 19.6s
[e024 s0001/1030] loss = 0.231498
[e024 s0050/1030] loss = 0.583617
[e024 s0100/1030] loss = 0.529689
[e024 s0150/1030] loss = 0.494220
[e024 s0200/1030] loss = 0.436844
[e024 s0250/1030] loss = 0.443343
[e024 s0300/1030] loss = 0.494114
[e024 s0350/1030] loss = 0.481225
[e024 s0400/1030] loss = 0.464784
[e024 s0450/1030] loss = 0.448748
[e024 s0500/1030] loss = 0.436178
[e024 s0550/1030] loss = 0.459331
[e024 s0600/1030] loss = 0.459796
[e024 s0650/1030] loss = 0.460351
[e024 s0700/1030] loss = 0.447188
[e024 s0750/1030] loss = 0.454757
[e024 s0800/1030] loss = 0.642900
[e024 s0850/1030] loss = 0.627013
[e024 s0900/1030] loss = 0.621516
[e024 s0950/1030] loss = 0.624774
[e024 s1000/1030] loss = 0.611255
Epoch 024: train_loss = 0.609792  MAE/GAME0 = 10.273  RMSE = 30.344  GAME1 = 11.351  GAME2 = 12.216  GAME3 = 12.934  lr = 3.45e-05  time = 19.7s
[e025 s0001/1030] loss = 0.011216
[e025 s0050/1030] loss = 0.328919
[e025 s0100/1030] loss = 0.425266
[e025 s0150/1030] loss = 0.462150
[e025 s0200/1030] loss = 0.428974
[e025 s0250/1030] loss = 0.541443
[e025 s0300/1030] loss = 0.505537
[e025 s0350/1030] loss = 0.943066
[e025 s0400/1030] loss = 0.848862
[e025 s0450/1030] loss = 0.797720
[e025 s0500/1030] loss = 0.764825
[e025 s0550/1030] loss = 0.719772
[e025 s0600/1030] loss = 0.684374
[e025 s0650/1030] loss = 0.659683
[e025 s0700/1030] loss = 0.654299
[e025 s0750/1030] loss = 0.635972
[e025 s0800/1030] loss = 0.642278
[e025 s0850/1030] loss = 0.623668
[e025 s0900/1030] loss = 0.602954
[e025 s0950/1030] loss = 0.597604
[e025 s1000/1030] loss = 0.626796
Epoch 025: train_loss = 0.638805  MAE/GAME0 = 10.815  RMSE = 28.982  GAME1 = 11.942  GAME2 = 12.959  GAME3 = 13.682  lr = 3.61e-05  time = 20.0s
[e026 s0001/1030] loss = 0.024784
[e026 s0050/1030] loss = 0.415540
[e026 s0100/1030] loss = 0.370515
[e026 s0150/1030] loss = 0.374303
[e026 s0200/1030] loss = 0.396778
[e026 s0250/1030] loss = 0.372435
[e026 s0300/1030] loss = 0.774065
[e026 s0350/1030] loss = 0.719588
[e026 s0400/1030] loss = 0.698616
[e026 s0450/1030] loss = 0.659772
[e026 s0500/1030] loss = 0.625297
[e026 s0550/1030] loss = 0.615508
[e026 s0600/1030] loss = 0.621266
[e026 s0650/1030] loss = 0.647017
[e026 s0700/1030] loss = 0.626864
[e026 s0750/1030] loss = 0.630566
[e026 s0800/1030] loss = 0.615081
[e026 s0850/1030] loss = 0.603284
[e026 s0900/1030] loss = 0.588176
[e026 s0950/1030] loss = 0.580132
[e026 s1000/1030] loss = 0.564310
Epoch 026: train_loss = 0.569143  MAE/GAME0 = 10.557  RMSE = 30.122  GAME1 = 11.456  GAME2 = 12.391  GAME3 = 13.053  lr = 3.77e-05  time = 19.8s
[e027 s0001/1030] loss = 0.121589
[e027 s0050/1030] loss = 0.666791
[e027 s0100/1030] loss = 0.510199
[e027 s0150/1030] loss = 0.515048
[e027 s0200/1030] loss = 0.457773
[e027 s0250/1030] loss = 0.470491
[e027 s0300/1030] loss = 0.461007
[e027 s0350/1030] loss = 0.448338
[e027 s0400/1030] loss = 0.445520
[e027 s0450/1030] loss = 0.437203
[e027 s0500/1030] loss = 0.477307
[e027 s0550/1030] loss = 0.470327
[e027 s0600/1030] loss = 0.462378
[e027 s0650/1030] loss = 0.487074
[e027 s0700/1030] loss = 0.470686
[e027 s0750/1030] loss = 0.472675
[e027 s0800/1030] loss = 0.468000
[e027 s0850/1030] loss = 0.459019
[e027 s0900/1030] loss = 0.462153
[e027 s0950/1030] loss = 0.463034
[e027 s1000/1030] loss = 0.473589
Epoch 027: train_loss = 0.593304  MAE/GAME0 = 14.623  RMSE = 33.703  GAME1 = 15.076  GAME2 = 15.506  GAME3 = 15.864  lr = 3.93e-05  time = 19.5s
[e028 s0001/1030] loss = 0.070840
[e028 s0050/1030] loss = 0.567488
[e028 s0100/1030] loss = 0.481765
[e028 s0150/1030] loss = 0.420922
[e028 s0200/1030] loss = 0.396202
[e028 s0250/1030] loss = 0.430300
[e028 s0300/1030] loss = 0.437841
[e028 s0350/1030] loss = 0.435520
[e028 s0400/1030] loss = 0.453794
[e028 s0450/1030] loss = 0.433353
[e028 s0500/1030] loss = 0.427155
[e028 s0550/1030] loss = 0.418627
[e028 s0600/1030] loss = 0.409164
[e028 s0650/1030] loss = 0.397149
[e028 s0700/1030] loss = 0.548191
[e028 s0750/1030] loss = 0.550356
[e028 s0800/1030] loss = 0.553986
[e028 s0850/1030] loss = 0.549191
[e028 s0900/1030] loss = 0.547108
[e028 s0950/1030] loss = 0.539613
[e028 s1000/1030] loss = 0.537113
Epoch 028: train_loss = 0.535456  MAE/GAME0 = 11.641  RMSE = 27.790  GAME1 = 13.816  GAME2 = 15.731  GAME3 = 16.877  lr = 4.07e-05  time = 19.8s
[e029 s0001/1030] loss = 0.472939
[e029 s0050/1030] loss = 0.876880
[e029 s0100/1030] loss = 0.591924
[e029 s0150/1030] loss = 0.538196
[e029 s0200/1030] loss = 0.491228
[e029 s0250/1030] loss = 0.551847
[e029 s0300/1030] loss = 0.541198
[e029 s0350/1030] loss = 0.509299
[e029 s0400/1030] loss = 0.494152
[e029 s0450/1030] loss = 0.463598
[e029 s0500/1030] loss = 0.452230
[e029 s0550/1030] loss = 0.440074
[e029 s0600/1030] loss = 0.432674
[e029 s0650/1030] loss = 0.603161
[e029 s0700/1030] loss = 0.608981
[e029 s0750/1030] loss = 0.594365
[e029 s0800/1030] loss = 0.582127
[e029 s0850/1030] loss = 0.571323
[e029 s0900/1030] loss = 0.556947
[e029 s0950/1030] loss = 0.540935
[e029 s1000/1030] loss = 0.537498
Epoch 029: train_loss = 0.536982  MAE/GAME0 = 10.408  RMSE = 28.285  GAME1 = 11.288  GAME2 = 12.331  GAME3 = 13.154  lr = 4.21e-05  time = 19.8s
[e030 s0001/1030] loss = 0.239693
[e030 s0050/1030] loss = 0.520731
[e030 s0100/1030] loss = 0.483888
[e030 s0150/1030] loss = 0.467063
[e030 s0200/1030] loss = 0.449435
[e030 s0250/1030] loss = 0.509065
[e030 s0300/1030] loss = 0.491115
[e030 s0350/1030] loss = 0.472532
[e030 s0400/1030] loss = 0.473489
[e030 s0450/1030] loss = 0.452713
[e030 s0500/1030] loss = 0.434928
[e030 s0550/1030] loss = 0.430639
[e030 s0600/1030] loss = 0.421025
[e030 s0650/1030] loss = 0.411758
[e030 s0700/1030] loss = 0.401909
[e030 s0750/1030] loss = 0.673910
[e030 s0800/1030] loss = 0.671277
[e030 s0850/1030] loss = 0.649310
[e030 s0900/1030] loss = 0.636021
[e030 s0950/1030] loss = 0.630281
[e030 s1000/1030] loss = 0.638580
Epoch 030: train_loss = 0.635557  MAE/GAME0 = 10.697  RMSE = 28.833  GAME1 = 12.018  GAME2 = 13.276  GAME3 = 14.242  lr = 4.34e-05  time = 19.7s
[e031 s0001/1030] loss = 1.683574
[e031 s0050/1030] loss = 0.608509
[e031 s0100/1030] loss = 0.438657
[e031 s0150/1030] loss = 0.414805
[e031 s0200/1030] loss = 0.382365
[e031 s0250/1030] loss = 0.377418
[e031 s0300/1030] loss = 0.373837
[e031 s0350/1030] loss = 0.385907
[e031 s0400/1030] loss = 0.400652
[e031 s0450/1030] loss = 0.399787
[e031 s0500/1030] loss = 0.398682
[e031 s0550/1030] loss = 0.392991
[e031 s0600/1030] loss = 0.415524
[e031 s0650/1030] loss = 0.402683
[e031 s0700/1030] loss = 0.403074
[e031 s0750/1030] loss = 0.466638
[e031 s0800/1030] loss = 0.621126
[e031 s0850/1030] loss = 0.613639
[e031 s0900/1030] loss = 0.636339
[e031 s0950/1030] loss = 0.623121
[e031 s1000/1030] loss = 0.620005
Epoch 031: train_loss = 0.616797  MAE/GAME0 = 10.814  RMSE = 29.399  GAME1 = 11.881  GAME2 = 12.870  GAME3 = 13.642  lr = 4.46e-05  time = 19.8s
[e032 s0001/1030] loss = 0.340981
[e032 s0050/1030] loss = 0.704988
[e032 s0100/1030] loss = 0.592308
[e032 s0150/1030] loss = 0.503006
[e032 s0200/1030] loss = 1.344523
[e032 s0250/1030] loss = 1.134404
[e032 s0300/1030] loss = 1.011480
[e032 s0350/1030] loss = 0.913610
[e032 s0400/1030] loss = 0.833106
[e032 s0450/1030] loss = 0.773695
[e032 s0500/1030] loss = 0.732370
[e032 s0550/1030] loss = 0.685246
[e032 s0600/1030] loss = 0.666671
[e032 s0650/1030] loss = 0.644815
[e032 s0700/1030] loss = 0.633568
[e032 s0750/1030] loss = 0.635602
[e032 s0800/1030] loss = 0.622958
[e032 s0850/1030] loss = 0.603884
[e032 s0900/1030] loss = 0.594754
[e032 s0950/1030] loss = 0.597014
[e032 s1000/1030] loss = 0.581796
Epoch 032: train_loss = 0.580803  MAE/GAME0 = 10.838  RMSE = 28.860  GAME1 = 11.833  GAME2 = 12.824  GAME3 = 13.745  lr = 4.57e-05  time = 19.9s
[e033 s0001/1030] loss = 1.831815
[e033 s0050/1030] loss = 0.500162
[e033 s0100/1030] loss = 0.455034
[e033 s0150/1030] loss = 0.363946
[e033 s0200/1030] loss = 0.366880
[e033 s0250/1030] loss = 0.347746
[e033 s0300/1030] loss = 0.358263
[e033 s0350/1030] loss = 0.411822
[e033 s0400/1030] loss = 0.426094
[e033 s0450/1030] loss = 0.751373
[e033 s0500/1030] loss = 0.713256
[e033 s0550/1030] loss = 0.682801
[e033 s0600/1030] loss = 0.645760
[e033 s0650/1030] loss = 0.653737
[e033 s0700/1030] loss = 0.632644
[e033 s0750/1030] loss = 0.619779
[e033 s0800/1030] loss = 0.603855
[e033 s0850/1030] loss = 0.591496
[e033 s0900/1030] loss = 0.586329
[e033 s0950/1030] loss = 0.568807
[e033 s1000/1030] loss = 0.570507
Epoch 033: train_loss = 0.560224  MAE/GAME0 = 12.776  RMSE = 34.911  GAME1 = 13.355  GAME2 = 14.039  GAME3 = 14.495  lr = 4.67e-05  time = 19.9s
[e034 s0001/1030] loss = 0.031456
[e034 s0050/1030] loss = 0.269827
[e034 s0100/1030] loss = 0.486915
[e034 s0150/1030] loss = 0.436585
[e034 s0200/1030] loss = 0.429758
[e034 s0250/1030] loss = 0.386495
[e034 s0300/1030] loss = 0.387961
[e034 s0350/1030] loss = 0.886685
[e034 s0400/1030] loss = 0.819044
[e034 s0450/1030] loss = 0.755287
[e034 s0500/1030] loss = 0.729285
[e034 s0550/1030] loss = 0.717086
[e034 s0600/1030] loss = 0.699353
[e034 s0650/1030] loss = 0.671994
[e034 s0700/1030] loss = 0.675793
[e034 s0750/1030] loss = 0.670897
[e034 s0800/1030] loss = 0.645286
[e034 s0850/1030] loss = 0.619709
[e034 s0900/1030] loss = 0.615885
[e034 s0950/1030] loss = 0.600347
[e034 s1000/1030] loss = 0.599981
Epoch 034: train_loss = 0.599996  MAE/GAME0 = 13.749  RMSE = 33.185  GAME1 = 14.343  GAME2 = 14.965  GAME3 = 15.477  lr = 4.75e-05  time = 19.9s
[e035 s0001/1030] loss = 0.630603
[e035 s0050/1030] loss = 0.370847
[e035 s0100/1030] loss = 0.403971
[e035 s0150/1030] loss = 0.390150
[e035 s0200/1030] loss = 0.389437
[e035 s0250/1030] loss = 0.424024
[e035 s0300/1030] loss = 0.409286
[e035 s0350/1030] loss = 0.515380
[e035 s0400/1030] loss = 0.484216
[e035 s0450/1030] loss = 0.466507
[e035 s0500/1030] loss = 0.446937
[e035 s0550/1030] loss = 0.482401
[e035 s0600/1030] loss = 0.463759
[e035 s0650/1030] loss = 0.463944
[e035 s0700/1030] loss = 0.454042
[e035 s0750/1030] loss = 0.471981
[e035 s0800/1030] loss = 0.467115
[e035 s0850/1030] loss = 0.464724
[e035 s0900/1030] loss = 0.454230
[e035 s0950/1030] loss = 0.455058
[e035 s1000/1030] loss = 0.590357
Epoch 035: train_loss = 0.585476  MAE/GAME0 = 12.289  RMSE = 33.675  GAME1 = 13.168  GAME2 = 13.974  GAME3 = 14.521  lr = 4.83e-05  time = 19.8s
[e036 s0001/1030] loss = 0.019659
[e036 s0050/1030] loss = 0.485654
[e036 s0100/1030] loss = 0.406118
[e036 s0150/1030] loss = 0.391724
[e036 s0200/1030] loss = 0.391700
[e036 s0250/1030] loss = 0.958457
[e036 s0300/1030] loss = 0.831776
[e036 s0350/1030] loss = 0.761265
[e036 s0400/1030] loss = 0.700563
[e036 s0450/1030] loss = 0.660986
[e036 s0500/1030] loss = 0.652132
[e036 s0550/1030] loss = 0.654670
[e036 s0600/1030] loss = 0.630553
[e036 s0650/1030] loss = 0.619212
[e036 s0700/1030] loss = 0.601160
[e036 s0750/1030] loss = 0.581272
[e036 s0800/1030] loss = 0.564746
[e036 s0850/1030] loss = 0.554541
[e036 s0900/1030] loss = 0.543511
[e036 s0950/1030] loss = 0.531546
[e036 s1000/1030] loss = 0.539613
Epoch 036: train_loss = 0.534753  MAE/GAME0 = 11.924  RMSE = 31.707  GAME1 = 12.466  GAME2 = 13.219  GAME3 = 13.732  lr = 4.89e-05  time = 19.9s
[e037 s0001/1030] loss = 0.095368
[e037 s0050/1030] loss = 0.362590
[e037 s0100/1030] loss = 0.354756
[e037 s0150/1030] loss = 0.328306
[e037 s0200/1030] loss = 0.349707
[e037 s0250/1030] loss = 0.343155
[e037 s0300/1030] loss = 0.334861
[e037 s0350/1030] loss = 0.340001
[e037 s0400/1030] loss = 0.350914
[e037 s0450/1030] loss = 0.386981
[e037 s0500/1030] loss = 0.389247
[e037 s0550/1030] loss = 0.389065
[e037 s0600/1030] loss = 0.383904
[e037 s0650/1030] loss = 0.405328
[e037 s0700/1030] loss = 0.406422
[e037 s0750/1030] loss = 0.439753
[e037 s0800/1030] loss = 0.445865
[e037 s0850/1030] loss = 0.443958
[e037 s0900/1030] loss = 0.441201
[e037 s0950/1030] loss = 0.602918
[e037 s1000/1030] loss = 0.588340
Epoch 037: train_loss = 0.577294  MAE/GAME0 = 11.828  RMSE = 33.318  GAME1 = 12.713  GAME2 = 13.472  GAME3 = 14.013  lr = 4.94e-05  time = 19.8s
[e038 s0001/1030] loss = 0.032456
[e038 s0050/1030] loss = 0.704507
[e038 s0100/1030] loss = 0.657010
[e038 s0150/1030] loss = 1.280178
[e038 s0200/1030] loss = 1.044649
[e038 s0250/1030] loss = 0.894329
[e038 s0300/1030] loss = 0.823761
[e038 s0350/1030] loss = 0.784181
[e038 s0400/1030] loss = 0.726741
[e038 s0450/1030] loss = 0.681830
[e038 s0500/1030] loss = 0.647001
[e038 s0550/1030] loss = 0.610200
[e038 s0600/1030] loss = 0.592746
[e038 s0650/1030] loss = 0.573964
[e038 s0700/1030] loss = 0.565421
[e038 s0750/1030] loss = 0.553670
[e038 s0800/1030] loss = 0.535365
[e038 s0850/1030] loss = 0.556920
[e038 s0900/1030] loss = 0.544550
[e038 s0950/1030] loss = 0.535897
[e038 s1000/1030] loss = 0.531199
Epoch 038: train_loss = 0.524561  MAE/GAME0 = 10.949  RMSE = 28.424  GAME1 = 12.235  GAME2 = 13.547  GAME3 = 14.424  lr = 4.97e-05  time = 19.9s
[e039 s0001/1030] loss = 0.257295
[e039 s0050/1030] loss = 0.296480
[e039 s0100/1030] loss = 0.311612
[e039 s0150/1030] loss = 0.350834
[e039 s0200/1030] loss = 0.352658
[e039 s0250/1030] loss = 0.322392
[e039 s0300/1030] loss = 0.340172
[e039 s0350/1030] loss = 0.324805
[e039 s0400/1030] loss = 0.600965
[e039 s0450/1030] loss = 0.577164
[e039 s0500/1030] loss = 0.555897
[e039 s0550/1030] loss = 0.539750
[e039 s0600/1030] loss = 0.517730
[e039 s0650/1030] loss = 0.498609
[e039 s0700/1030] loss = 0.506576
[e039 s0750/1030] loss = 0.500214
[e039 s0800/1030] loss = 0.508281
[e039 s0850/1030] loss = 0.499582
[e039 s0900/1030] loss = 0.492842
[e039 s0950/1030] loss = 0.500214
[e039 s1000/1030] loss = 0.490891
Epoch 039: train_loss = 0.491956  MAE/GAME0 = 11.191  RMSE = 30.569  GAME1 = 12.388  GAME2 = 13.279  GAME3 = 13.880  lr = 4.99e-05  time = 20.1s
[e040 s0001/1030] loss = 0.130695
[e040 s0050/1030] loss = 0.373176
[e040 s0100/1030] loss = 2.015991
[e040 s0150/1030] loss = 1.438016
[e040 s0200/1030] loss = 1.234552
[e040 s0250/1030] loss = 1.076298
[e040 s0300/1030] loss = 0.936948
[e040 s0350/1030] loss = 0.864188
[e040 s0400/1030] loss = 0.808788
[e040 s0450/1030] loss = 0.783113
[e040 s0500/1030] loss = 0.725138
[e040 s0550/1030] loss = 0.693066
[e040 s0600/1030] loss = 0.658463
[e040 s0650/1030] loss = 0.629873
[e040 s0700/1030] loss = 0.614982
[e040 s0750/1030] loss = 0.626182
[e040 s0800/1030] loss = 0.604964
[e040 s0850/1030] loss = 0.593003
[e040 s0900/1030] loss = 0.579558
[e040 s0950/1030] loss = 0.570477
[e040 s1000/1030] loss = 0.556822
Epoch 040: train_loss = 0.555734  MAE/GAME0 = 10.477  RMSE = 29.988  GAME1 = 11.696  GAME2 = 12.773  GAME3 = 13.565  lr = 5.00e-05  time = 19.7s
[e041 s0001/1030] loss = 0.500377
[e041 s0050/1030] loss = 0.329866
[e041 s0100/1030] loss = 0.299065
[e041 s0150/1030] loss = 0.388970
[e041 s0200/1030] loss = 0.376161
[e041 s0250/1030] loss = 0.405402
[e041 s0300/1030] loss = 0.407885
[e041 s0350/1030] loss = 0.379349
[e041 s0400/1030] loss = 0.367675
[e041 s0450/1030] loss = 0.356135
[e041 s0500/1030] loss = 0.342581
[e041 s0550/1030] loss = 0.589173
[e041 s0600/1030] loss = 0.566982
[e041 s0650/1030] loss = 0.583639
[e041 s0700/1030] loss = 0.557118
[e041 s0750/1030] loss = 0.548242
[e041 s0800/1030] loss = 0.528853
[e041 s0850/1030] loss = 0.514583
[e041 s0900/1030] loss = 0.516988
[e041 s0950/1030] loss = 0.509922
[e041 s1000/1030] loss = 0.502615
Epoch 041: train_loss = 0.495980  MAE/GAME0 = 13.543  RMSE = 33.541  GAME1 = 13.979  GAME2 = 14.505  GAME3 = 14.958  lr = 5.00e-05  time = 19.8s
[e042 s0001/1030] loss = 0.301825
[e042 s0050/1030] loss = 0.215044
[e042 s0100/1030] loss = 0.248071
[e042 s0150/1030] loss = 0.250205
[e042 s0200/1030] loss = 0.257267
[e042 s0250/1030] loss = 0.252061
[e042 s0300/1030] loss = 0.261867
[e042 s0350/1030] loss = 0.309105
[e042 s0400/1030] loss = 0.326413
[e042 s0450/1030] loss = 0.334075
[e042 s0500/1030] loss = 0.336435
[e042 s0550/1030] loss = 0.336810
[e042 s0600/1030] loss = 0.347984
[e042 s0650/1030] loss = 0.345509
[e042 s0700/1030] loss = 0.376591
[e042 s0750/1030] loss = 0.368061
[e042 s0800/1030] loss = 0.369416
[e042 s0850/1030] loss = 0.365186
[e042 s0900/1030] loss = 0.360702
[e042 s0950/1030] loss = 0.361981
[e042 s1000/1030] loss = 0.488120
Epoch 042: train_loss = 0.500557  MAE/GAME0 = 13.216  RMSE = 34.221  GAME1 = 14.040  GAME2 = 14.621  GAME3 = 15.071  lr = 5.00e-05  time = 19.6s
[e043 s0001/1030] loss = 0.030601
[e043 s0050/1030] loss = 0.657227
[e043 s0100/1030] loss = 0.456821
[e043 s0150/1030] loss = 0.405220
[e043 s0200/1030] loss = 0.366887
[e043 s0250/1030] loss = 0.369961
[e043 s0300/1030] loss = 0.365111
[e043 s0350/1030] loss = 0.348245
[e043 s0400/1030] loss = 0.340416
[e043 s0450/1030] loss = 0.363671
[e043 s0500/1030] loss = 0.372299
[e043 s0550/1030] loss = 0.390670
[e043 s0600/1030] loss = 0.380319
[e043 s0650/1030] loss = 0.556354
[e043 s0700/1030] loss = 0.543024
[e043 s0750/1030] loss = 0.525563
[e043 s0800/1030] loss = 0.513803
[e043 s0850/1030] loss = 0.526505
[e043 s0900/1030] loss = 0.512867
[e043 s0950/1030] loss = 0.497726
[e043 s1000/1030] loss = 0.496518
Epoch 043: train_loss = 0.494935  MAE/GAME0 = 10.412  RMSE = 30.907  GAME1 = 11.357  GAME2 = 12.330  GAME3 = 13.027  lr = 5.00e-05  time = 19.9s
[e044 s0001/1030] loss = 0.983801
[e044 s0050/1030] loss = 0.396045
[e044 s0100/1030] loss = 0.661035
[e044 s0150/1030] loss = 0.519265
[e044 s0200/1030] loss = 0.465120
[e044 s0250/1030] loss = 0.438192
[e044 s0300/1030] loss = 0.471897
[e044 s0350/1030] loss = 0.430970
[e044 s0400/1030] loss = 0.409744
[e044 s0450/1030] loss = 0.389180
[e044 s0500/1030] loss = 0.375293
[e044 s0550/1030] loss = 0.375647
[e044 s0600/1030] loss = 0.375685
[e044 s0650/1030] loss = 0.368294
[e044 s0700/1030] loss = 0.381150
[e044 s0750/1030] loss = 0.368949
[e044 s0800/1030] loss = 0.610935
[e044 s0850/1030] loss = 0.608103
[e044 s0900/1030] loss = 0.589065
[e044 s0950/1030] loss = 0.572263
[e044 s1000/1030] loss = 0.557075
Epoch 044: train_loss = 0.551877  MAE/GAME0 = 9.835  RMSE = 28.573  GAME1 = 10.773  GAME2 = 11.920  GAME3 = 12.657  lr = 5.00e-05  time = 20.0s
[e045 s0001/1030] loss = 0.053589
[e045 s0050/1030] loss = 0.382003
[e045 s0100/1030] loss = 0.435894
[e045 s0150/1030] loss = 0.499236
[e045 s0200/1030] loss = 0.452533
[e045 s0250/1030] loss = 0.971043
[e045 s0300/1030] loss = 0.846143
[e045 s0350/1030] loss = 0.760631
[e045 s0400/1030] loss = 0.705494
[e045 s0450/1030] loss = 0.667412
[e045 s0500/1030] loss = 0.618455
[e045 s0550/1030] loss = 0.585121
[e045 s0600/1030] loss = 0.562972
[e045 s0650/1030] loss = 0.625528
[e045 s0700/1030] loss = 0.601495
[e045 s0750/1030] loss = 0.574647
[e045 s0800/1030] loss = 0.563165
[e045 s0850/1030] loss = 0.550877
[e045 s0900/1030] loss = 0.534964
[e045 s0950/1030] loss = 0.545138
[e045 s1000/1030] loss = 0.533756
Epoch 045: train_loss = 0.533789  MAE/GAME0 = 10.411  RMSE = 28.976  GAME1 = 11.150  GAME2 = 12.005  GAME3 = 12.556  lr = 5.00e-05  time = 19.9s
[e046 s0001/1030] loss = 0.766757
[e046 s0050/1030] loss = 0.301247
[e046 s0100/1030] loss = 0.332847
[e046 s0150/1030] loss = 0.406932
[e046 s0200/1030] loss = 0.395738
[e046 s0250/1030] loss = 0.383836
[e046 s0300/1030] loss = 0.357835
[e046 s0350/1030] loss = 0.347370
[e046 s0400/1030] loss = 0.328858
[e046 s0450/1030] loss = 0.325927
[e046 s0500/1030] loss = 0.318219
[e046 s0550/1030] loss = 0.307554
[e046 s0600/1030] loss = 0.304158
[e046 s0650/1030] loss = 0.310802
[e046 s0700/1030] loss = 0.320829
[e046 s0750/1030] loss = 0.443563
[e046 s0800/1030] loss = 0.434703
[e046 s0850/1030] loss = 0.445689
[e046 s0900/1030] loss = 0.432215
[e046 s0950/1030] loss = 0.421455
[e046 s1000/1030] loss = 0.414744
Epoch 046: train_loss = 0.414664  MAE/GAME0 = 11.166  RMSE = 31.761  GAME1 = 12.113  GAME2 = 12.867  GAME3 = 13.479  lr = 5.00e-05  time = 19.7s
[e047 s0001/1030] loss = 1.344287
[e047 s0050/1030] loss = 0.413942
[e047 s0100/1030] loss = 0.429271
[e047 s0150/1030] loss = 0.392007
[e047 s0200/1030] loss = 0.421918
[e047 s0250/1030] loss = 0.392613
[e047 s0300/1030] loss = 0.360715
[e047 s0350/1030] loss = 0.342824
[e047 s0400/1030] loss = 0.330241
[e047 s0450/1030] loss = 0.324423
[e047 s0500/1030] loss = 0.323999
[e047 s0550/1030] loss = 0.313060
[e047 s0600/1030] loss = 0.312114
[e047 s0650/1030] loss = 0.310222
[e047 s0700/1030] loss = 0.316212
[e047 s0750/1030] loss = 0.537843
[e047 s0800/1030] loss = 0.525450
[e047 s0850/1030] loss = 0.537255
[e047 s0900/1030] loss = 0.519376
[e047 s0950/1030] loss = 0.503739
[e047 s1000/1030] loss = 0.491576
Epoch 047: train_loss = 0.488667  MAE/GAME0 = 11.508  RMSE = 33.619  GAME1 = 12.411  GAME2 = 13.255  GAME3 = 13.834  lr = 5.00e-05  time = 19.9s
[e048 s0001/1030] loss = 0.074788
[e048 s0050/1030] loss = 0.250541
[e048 s0100/1030] loss = 0.271056
[e048 s0150/1030] loss = 0.252756
[e048 s0200/1030] loss = 0.322167
[e048 s0250/1030] loss = 0.311932
[e048 s0300/1030] loss = 0.313749
[e048 s0350/1030] loss = 0.306661
[e048 s0400/1030] loss = 0.365538
[e048 s0450/1030] loss = 0.343236
[e048 s0500/1030] loss = 0.546970
[e048 s0550/1030] loss = 0.516912
[e048 s0600/1030] loss = 0.502543
[e048 s0650/1030] loss = 0.486631
[e048 s0700/1030] loss = 0.469515
[e048 s0750/1030] loss = 0.455838
[e048 s0800/1030] loss = 0.456283
[e048 s0850/1030] loss = 0.444481
[e048 s0900/1030] loss = 0.435002
[e048 s0950/1030] loss = 0.431035
[e048 s1000/1030] loss = 0.436178
Epoch 048: train_loss = 0.434465  MAE/GAME0 = 11.449  RMSE = 32.444  GAME1 = 12.222  GAME2 = 12.987  GAME3 = 13.534  lr = 4.99e-05  time = 19.5s
[e049 s0001/1030] loss = 0.362244
[e049 s0050/1030] loss = 0.194416
[e049 s0100/1030] loss = 0.226311
[e049 s0150/1030] loss = 0.233594
[e049 s0200/1030] loss = 0.246930
[e049 s0250/1030] loss = 0.247803
[e049 s0300/1030] loss = 0.245188
[e049 s0350/1030] loss = 0.237822
[e049 s0400/1030] loss = 0.301595
[e049 s0450/1030] loss = 0.303865
[e049 s0500/1030] loss = 0.317398
[e049 s0550/1030] loss = 0.307165
[e049 s0600/1030] loss = 0.309250
[e049 s0650/1030] loss = 0.468228
[e049 s0700/1030] loss = 0.460273
[e049 s0750/1030] loss = 0.442522
[e049 s0800/1030] loss = 0.427869
[e049 s0850/1030] loss = 0.437176
[e049 s0900/1030] loss = 0.427012
[e049 s0950/1030] loss = 0.425541
[e049 s1000/1030] loss = 0.417654
Epoch 049: train_loss = 0.416326  MAE/GAME0 = 11.708  RMSE = 31.475  GAME1 = 12.264  GAME2 = 12.953  GAME3 = 13.474  lr = 4.99e-05  time = 20.4s
[e050 s0001/1030] loss = 0.178812
[e050 s0050/1030] loss = 0.432038
[e050 s0100/1030] loss = 0.375936
[e050 s0150/1030] loss = 0.338013
[e050 s0200/1030] loss = 0.304571
[e050 s0250/1030] loss = 0.717282
[e050 s0300/1030] loss = 0.640942
[e050 s0350/1030] loss = 0.588026
[e050 s0400/1030] loss = 0.553166
[e050 s0450/1030] loss = 0.515287
[e050 s0500/1030] loss = 0.490974
[e050 s0550/1030] loss = 0.473132
[e050 s0600/1030] loss = 0.451618
[e050 s0650/1030] loss = 0.444444
[e050 s0700/1030] loss = 0.450134
[e050 s0750/1030] loss = 0.435452
[e050 s0800/1030] loss = 0.427709
[e050 s0850/1030] loss = 0.416396
[e050 s0900/1030] loss = 0.415624
[e050 s0950/1030] loss = 0.417565
[e050 s1000/1030] loss = 0.414963
Epoch 050: train_loss = 0.409452  MAE/GAME0 = 12.212  RMSE = 32.804  GAME1 = 12.904  GAME2 = 13.593  GAME3 = 14.061  lr = 4.99e-05  time = 19.9s
[e051 s0001/1030] loss = 0.845824
[e051 s0050/1030] loss = 0.316321
[e051 s0100/1030] loss = 0.294927
[e051 s0150/1030] loss = 0.296979
[e051 s0200/1030] loss = 0.272839
[e051 s0250/1030] loss = 0.295155
[e051 s0300/1030] loss = 0.281385
[e051 s0350/1030] loss = 0.325060
[e051 s0400/1030] loss = 0.316799
[e051 s0450/1030] loss = 0.323394
[e051 s0500/1030] loss = 0.314745
[e051 s0550/1030] loss = 0.546076
[e051 s0600/1030] loss = 0.515019
[e051 s0650/1030] loss = 0.488355
[e051 s0700/1030] loss = 0.475454
[e051 s0750/1030] loss = 0.465913
[e051 s0800/1030] loss = 0.451836
[e051 s0850/1030] loss = 0.439996
[e051 s0900/1030] loss = 0.441424
[e051 s0950/1030] loss = 0.431482
[e051 s1000/1030] loss = 0.424114
Epoch 051: train_loss = 0.420643  MAE/GAME0 = 12.056  RMSE = 31.046  GAME1 = 12.615  GAME2 = 13.152  GAME3 = 13.585  lr = 4.99e-05  time = 19.8s
[e052 s0001/1030] loss = 0.238102
[e052 s0050/1030] loss = 0.252912
[e052 s0100/1030] loss = 0.290354
[e052 s0150/1030] loss = 0.331127
[e052 s0200/1030] loss = 0.286492
[e052 s0250/1030] loss = 0.296934
[e052 s0300/1030] loss = 0.282382
[e052 s0350/1030] loss = 0.283827
[e052 s0400/1030] loss = 0.285366
[e052 s0450/1030] loss = 0.278600
[e052 s0500/1030] loss = 0.288107
[e052 s0550/1030] loss = 0.279533
[e052 s0600/1030] loss = 0.495355
[e052 s0650/1030] loss = 0.487807
[e052 s0700/1030] loss = 0.477717
[e052 s0750/1030] loss = 0.458122
[e052 s0800/1030] loss = 0.459394
[e052 s0850/1030] loss = 0.444646
[e052 s0900/1030] loss = 0.436319
[e052 s0950/1030] loss = 0.431464
[e052 s1000/1030] loss = 0.427746
Epoch 052: train_loss = 0.419840  MAE/GAME0 = 13.734  RMSE = 35.873  GAME1 = 14.186  GAME2 = 14.701  GAME3 = 15.139  lr = 4.99e-05  time = 19.7s
[e053 s0001/1030] loss = 0.047441
[e053 s0050/1030] loss = 0.306306
[e053 s0100/1030] loss = 0.296005
[e053 s0150/1030] loss = 0.292783
[e053 s0200/1030] loss = 0.282652
[e053 s0250/1030] loss = 0.269210
[e053 s0300/1030] loss = 0.276529
[e053 s0350/1030] loss = 0.586865
[e053 s0400/1030] loss = 0.556895
[e053 s0450/1030] loss = 0.525382
[e053 s0500/1030] loss = 0.500818
[e053 s0550/1030] loss = 0.481770
[e053 s0600/1030] loss = 0.461537
[e053 s0650/1030] loss = 0.443227
[e053 s0700/1030] loss = 0.427186
[e053 s0750/1030] loss = 0.415395
[e053 s0800/1030] loss = 0.411734
[e053 s0850/1030] loss = 0.409900
[e053 s0900/1030] loss = 0.421278
[e053 s0950/1030] loss = 0.414210
[e053 s1000/1030] loss = 0.404944
Epoch 053: train_loss = 0.399010  MAE/GAME0 = 13.083  RMSE = 33.838  GAME1 = 13.599  GAME2 = 14.117  GAME3 = 14.527  lr = 4.98e-05  time = 19.8s
[e054 s0001/1030] loss = 0.047825
[e054 s0050/1030] loss = 0.249037
[e054 s0100/1030] loss = 0.213542
[e054 s0150/1030] loss = 0.242079
[e054 s0200/1030] loss = 0.255174
[e054 s0250/1030] loss = 0.266895
[e054 s0300/1030] loss = 0.259782
[e054 s0350/1030] loss = 0.279650
[e054 s0400/1030] loss = 0.542801
[e054 s0450/1030] loss = 0.541564
[e054 s0500/1030] loss = 0.519254
[e054 s0550/1030] loss = 0.498853
[e054 s0600/1030] loss = 0.483918
[e054 s0650/1030] loss = 0.463993
[e054 s0700/1030] loss = 0.449833
[e054 s0750/1030] loss = 0.435534
[e054 s0800/1030] loss = 0.424295
[e054 s0850/1030] loss = 0.421620
[e054 s0900/1030] loss = 0.412329
[e054 s0950/1030] loss = 0.402988
[e054 s1000/1030] loss = 0.403942
Epoch 054: train_loss = 0.398563  MAE/GAME0 = 11.466  RMSE = 31.229  GAME1 = 12.307  GAME2 = 13.190  GAME3 = 13.770  lr = 4.98e-05  time = 19.8s
[e055 s0001/1030] loss = 0.020913
[e055 s0050/1030] loss = 0.258397
[e055 s0100/1030] loss = 0.476149
[e055 s0150/1030] loss = 0.405045
[e055 s0200/1030] loss = 0.340197
[e055 s0250/1030] loss = 0.311710
[e055 s0300/1030] loss = 0.314215
[e055 s0350/1030] loss = 0.305569
[e055 s0400/1030] loss = 0.297544
[e055 s0450/1030] loss = 0.299438
[e055 s0500/1030] loss = 0.297880
[e055 s0550/1030] loss = 0.537690
[e055 s0600/1030] loss = 0.503674
[e055 s0650/1030] loss = 0.483196
[e055 s0700/1030] loss = 0.467830
[e055 s0750/1030] loss = 0.455159
[e055 s0800/1030] loss = 0.442379
[e055 s0850/1030] loss = 0.443592
[e055 s0900/1030] loss = 0.437243
[e055 s0950/1030] loss = 0.427973
[e055 s1000/1030] loss = 0.417987
Epoch 055: train_loss = 0.411413  MAE/GAME0 = 10.611  RMSE = 30.389  GAME1 = 11.485  GAME2 = 12.391  GAME3 = 12.992  lr = 4.98e-05  time = 19.6s
[e056 s0001/1030] loss = 0.043969
[e056 s0050/1030] loss = 1.849453
[e056 s0100/1030] loss = 1.012261
[e056 s0150/1030] loss = 0.787597
[e056 s0200/1030] loss = 0.634638
[e056 s0250/1030] loss = 0.642519
[e056 s0300/1030] loss = 0.561442
[e056 s0350/1030] loss = 0.509526
[e056 s0400/1030] loss = 0.475204
[e056 s0450/1030] loss = 0.446737
[e056 s0500/1030] loss = 0.428202
[e056 s0550/1030] loss = 0.412173
[e056 s0600/1030] loss = 0.398908
[e056 s0650/1030] loss = 0.390022
[e056 s0700/1030] loss = 0.386347
[e056 s0750/1030] loss = 0.379374
[e056 s0800/1030] loss = 0.377901
[e056 s0850/1030] loss = 0.386341
[e056 s0900/1030] loss = 0.374713
[e056 s0950/1030] loss = 0.371135
[e056 s1000/1030] loss = 0.362369
Epoch 056: train_loss = 0.358046  MAE/GAME0 = 11.387  RMSE = 31.493  GAME1 = 12.395  GAME2 = 13.296  GAME3 = 13.839  lr = 4.98e-05  time = 19.8s
[e057 s0001/1030] loss = 0.057770
[e057 s0050/1030] loss = 0.172423
[e057 s0100/1030] loss = 0.177133
[e057 s0150/1030] loss = 0.179914
[e057 s0200/1030] loss = 0.185404
[e057 s0250/1030] loss = 0.213091
[e057 s0300/1030] loss = 0.225914
[e057 s0350/1030] loss = 0.231956
[e057 s0400/1030] loss = 0.241433
[e057 s0450/1030] loss = 0.247859
[e057 s0500/1030] loss = 0.244102
[e057 s0550/1030] loss = 0.245983
[e057 s0600/1030] loss = 0.291539
[e057 s0650/1030] loss = 0.409330
[e057 s0700/1030] loss = 0.402385
[e057 s0750/1030] loss = 0.394573
[e057 s0800/1030] loss = 0.389218
[e057 s0850/1030] loss = 0.383349
[e057 s0900/1030] loss = 0.376912
[e057 s0950/1030] loss = 0.367634
[e057 s1000/1030] loss = 0.370893
Epoch 057: train_loss = 0.369542  MAE/GAME0 = 10.139  RMSE = 29.973  GAME1 = 11.173  GAME2 = 12.316  GAME3 = 13.021  lr = 4.97e-05  time = 19.6s
[e058 s0001/1030] loss = 0.002347
[e058 s0050/1030] loss = 0.336941
[e058 s0100/1030] loss = 0.293181
[e058 s0150/1030] loss = 0.227108
[e058 s0200/1030] loss = 0.785262
[e058 s0250/1030] loss = 0.671293
[e058 s0300/1030] loss = 0.614365
[e058 s0350/1030] loss = 0.571762
[e058 s0400/1030] loss = 0.530535
[e058 s0450/1030] loss = 0.504398
[e058 s0500/1030] loss = 0.474796
[e058 s0550/1030] loss = 0.450864
[e058 s0600/1030] loss = 0.432770
[e058 s0650/1030] loss = 0.419506
[e058 s0700/1030] loss = 0.404042
[e058 s0750/1030] loss = 0.395293
[e058 s0800/1030] loss = 0.383125
[e058 s0850/1030] loss = 0.381762
[e058 s0900/1030] loss = 0.380586
[e058 s0950/1030] loss = 0.370881
[e058 s1000/1030] loss = 0.375236
Epoch 058: train_loss = 0.387724  MAE/GAME0 = 10.651  RMSE = 29.962  GAME1 = 11.644  GAME2 = 12.532  GAME3 = 13.168  lr = 4.97e-05  time = 19.9s
[e059 s0001/1030] loss = 0.078119
[e059 s0050/1030] loss = 0.185792
[e059 s0100/1030] loss = 0.229618
[e059 s0150/1030] loss = 0.228748
[e059 s0200/1030] loss = 0.949832
[e059 s0250/1030] loss = 0.817915
[e059 s0300/1030] loss = 0.740688
[e059 s0350/1030] loss = 0.681963
[e059 s0400/1030] loss = 0.623685
[e059 s0450/1030] loss = 0.582099
[e059 s0500/1030] loss = 0.541376
[e059 s0550/1030] loss = 0.512634
[e059 s0600/1030] loss = 0.489444
[e059 s0650/1030] loss = 0.479322
[e059 s0700/1030] loss = 0.463431
[e059 s0750/1030] loss = 0.442653
[e059 s0800/1030] loss = 0.428861
[e059 s0850/1030] loss = 0.432213
[e059 s0900/1030] loss = 0.425128
[e059 s0950/1030] loss = 0.420380
[e059 s1000/1030] loss = 0.422345
Epoch 059: train_loss = 0.425634  MAE/GAME0 = 10.072  RMSE = 28.319  GAME1 = 10.943  GAME2 = 11.806  GAME3 = 12.429  lr = 4.97e-05  time = 20.0s
[e060 s0001/1030] loss = 0.192888
[e060 s0050/1030] loss = 0.242247
[e060 s0100/1030] loss = 0.183706
[e060 s0150/1030] loss = 0.192207
[e060 s0200/1030] loss = 0.313525
[e060 s0250/1030] loss = 0.307670
[e060 s0300/1030] loss = 0.309214
[e060 s0350/1030] loss = 0.300445
[e060 s0400/1030] loss = 0.496240
[e060 s0450/1030] loss = 0.496028
[e060 s0500/1030] loss = 0.460342
[e060 s0550/1030] loss = 0.442110
[e060 s0600/1030] loss = 0.423397
[e060 s0650/1030] loss = 0.414176
[e060 s0700/1030] loss = 0.398306
[e060 s0750/1030] loss = 0.383180
[e060 s0800/1030] loss = 0.381542
[e060 s0850/1030] loss = 0.375012
[e060 s0900/1030] loss = 0.368784
[e060 s0950/1030] loss = 0.364633
[e060 s1000/1030] loss = 0.362901
Epoch 060: train_loss = 0.359877  MAE/GAME0 = 10.060  RMSE = 28.611  GAME1 = 11.041  GAME2 = 11.963  GAME3 = 12.608  lr = 4.96e-05  time = 19.7s
[e061 s0001/1030] loss = 0.120924
[e061 s0050/1030] loss = 0.300029
[e061 s0100/1030] loss = 0.306284
[e061 s0150/1030] loss = 0.285824
[e061 s0200/1030] loss = 0.279818
[e061 s0250/1030] loss = 0.283307
[e061 s0300/1030] loss = 0.271915
[e061 s0350/1030] loss = 0.250042
[e061 s0400/1030] loss = 0.264311
[e061 s0450/1030] loss = 0.261067
[e061 s0500/1030] loss = 0.251691
[e061 s0550/1030] loss = 0.257973
[e061 s0600/1030] loss = 0.483166
[e061 s0650/1030] loss = 0.467920
[e061 s0700/1030] loss = 0.450969
[e061 s0750/1030] loss = 0.439691
[e061 s0800/1030] loss = 0.421429
[e061 s0850/1030] loss = 0.417865
[e061 s0900/1030] loss = 0.406817
[e061 s0950/1030] loss = 0.398142
[e061 s1000/1030] loss = 0.389593
Epoch 061: train_loss = 0.383933  MAE/GAME0 = 11.375  RMSE = 32.229  GAME1 = 12.081  GAME2 = 12.811  GAME3 = 13.338  lr = 4.96e-05  time = 19.8s
[e062 s0001/1030] loss = 0.054087
[e062 s0050/1030] loss = 0.233840
[e062 s0100/1030] loss = 0.281387
[e062 s0150/1030] loss = 0.272308
[e062 s0200/1030] loss = 0.269161
[e062 s0250/1030] loss = 0.253872
[e062 s0300/1030] loss = 0.256585
[e062 s0350/1030] loss = 0.252298
[e062 s0400/1030] loss = 0.254712
[e062 s0450/1030] loss = 0.249078
[e062 s0500/1030] loss = 0.243178
[e062 s0550/1030] loss = 0.239011
[e062 s0600/1030] loss = 0.235892
[e062 s0650/1030] loss = 0.236352
[e062 s0700/1030] loss = 0.319778
[e062 s0750/1030] loss = 0.321159
[e062 s0800/1030] loss = 0.324186
[e062 s0850/1030] loss = 0.324285
[e062 s0900/1030] loss = 0.321871
[e062 s0950/1030] loss = 0.317292
[e062 s1000/1030] loss = 0.316436
Epoch 062: train_loss = 0.318576  MAE/GAME0 = 10.919  RMSE = 30.979  GAME1 = 12.137  GAME2 = 13.073  GAME3 = 13.717  lr = 4.95e-05  time = 20.0s
[e063 s0001/1030] loss = 0.485180
[e063 s0050/1030] loss = 0.459935
[e063 s0100/1030] loss = 0.351184
[e063 s0150/1030] loss = 0.325258
[e063 s0200/1030] loss = 0.325304
[e063 s0250/1030] loss = 0.316404
[e063 s0300/1030] loss = 0.301092
[e063 s0350/1030] loss = 0.277763
[e063 s0400/1030] loss = 0.267497
[e063 s0450/1030] loss = 0.271151
[e063 s0500/1030] loss = 0.620083
[e063 s0550/1030] loss = 0.584033
[e063 s0600/1030] loss = 0.551714
[e063 s0650/1030] loss = 0.534785
[e063 s0700/1030] loss = 0.514530
[e063 s0750/1030] loss = 0.505221
[e063 s0800/1030] loss = 0.490879
[e063 s0850/1030] loss = 0.474066
[e063 s0900/1030] loss = 0.460519
[e063 s0950/1030] loss = 0.446560
[e063 s1000/1030] loss = 0.432930
Epoch 063: train_loss = 0.430324  MAE/GAME0 = 11.294  RMSE = 31.979  GAME1 = 12.570  GAME2 = 13.472  GAME3 = 14.113  lr = 4.95e-05  time = 19.9s
[e064 s0001/1030] loss = 0.048732
[e064 s0050/1030] loss = 0.287566
[e064 s0100/1030] loss = 0.284523
[e064 s0150/1030] loss = 0.277481
[e064 s0200/1030] loss = 0.270835
[e064 s0250/1030] loss = 0.344050
[e064 s0300/1030] loss = 0.326092
[e064 s0350/1030] loss = 0.323336
[e064 s0400/1030] loss = 0.308791
[e064 s0450/1030] loss = 0.305537
[e064 s0500/1030] loss = 0.294517
[e064 s0550/1030] loss = 0.289664
[e064 s0600/1030] loss = 0.288953
[e064 s0650/1030] loss = 0.289691
[e064 s0700/1030] loss = 0.390967
[e064 s0750/1030] loss = 0.384089
[e064 s0800/1030] loss = 0.372363
[e064 s0850/1030] loss = 0.367837
[e064 s0900/1030] loss = 0.362649
[e064 s0950/1030] loss = 0.353893
[e064 s1000/1030] loss = 0.341850
Epoch 064: train_loss = 0.340817  MAE/GAME0 = 10.120  RMSE = 29.693  GAME1 = 11.375  GAME2 = 12.456  GAME3 = 13.215  lr = 4.95e-05  time = 20.0s
[e065 s0001/1030] loss = 0.023439
[e065 s0050/1030] loss = 2.183804
[e065 s0100/1030] loss = 1.561717
[e065 s0150/1030] loss = 1.097865
[e065 s0200/1030] loss = 0.908358
[e065 s0250/1030] loss = 0.758497
[e065 s0300/1030] loss = 0.658622
[e065 s0350/1030] loss = 0.595902
[e065 s0400/1030] loss = 0.541455
[e065 s0450/1030] loss = 0.509971
[e065 s0500/1030] loss = 0.482126
[e065 s0550/1030] loss = 0.514569
[e065 s0600/1030] loss = 0.500224
[e065 s0650/1030] loss = 0.482685
[e065 s0700/1030] loss = 0.466554
[e065 s0750/1030] loss = 0.454015
[e065 s0800/1030] loss = 0.439130
[e065 s0850/1030] loss = 0.425880
[e065 s0900/1030] loss = 0.414821
[e065 s0950/1030] loss = 0.407669
[e065 s1000/1030] loss = 0.398464
Epoch 065: train_loss = 0.393344  MAE/GAME0 = 10.852  RMSE = 29.513  GAME1 = 12.035  GAME2 = 12.922  GAME3 = 13.568  lr = 4.94e-05  time = 19.7s
[e066 s0001/1030] loss = 0.072973
[e066 s0050/1030] loss = 0.188932
[e066 s0100/1030] loss = 0.180662
[e066 s0150/1030] loss = 0.216267
[e066 s0200/1030] loss = 0.199061
[e066 s0250/1030] loss = 0.195726
[e066 s0300/1030] loss = 0.236881
[e066 s0350/1030] loss = 0.546437
[e066 s0400/1030] loss = 0.501238
[e066 s0450/1030] loss = 0.470436
[e066 s0500/1030] loss = 0.448140
[e066 s0550/1030] loss = 0.440125
[e066 s0600/1030] loss = 0.422933
[e066 s0650/1030] loss = 0.406521
[e066 s0700/1030] loss = 0.393989
[e066 s0750/1030] loss = 0.418554
[e066 s0800/1030] loss = 0.408557
[e066 s0850/1030] loss = 0.393956
[e066 s0900/1030] loss = 0.386146
[e066 s0950/1030] loss = 0.375858
[e066 s1000/1030] loss = 0.367828
Epoch 066: train_loss = 0.361760  MAE/GAME0 = 10.945  RMSE = 30.328  GAME1 = 11.801  GAME2 = 12.620  GAME3 = 13.184  lr = 4.94e-05  time = 20.4s
[e067 s0001/1030] loss = 0.077707
[e067 s0050/1030] loss = 0.232494
[e067 s0100/1030] loss = 0.309022
[e067 s0150/1030] loss = 0.284890
[e067 s0200/1030] loss = 0.287639
[e067 s0250/1030] loss = 0.258505
[e067 s0300/1030] loss = 0.267376
[e067 s0350/1030] loss = 0.268919
[e067 s0400/1030] loss = 0.256226
[e067 s0450/1030] loss = 0.247684
[e067 s0500/1030] loss = 0.532502
[e067 s0550/1030] loss = 0.505434
[e067 s0600/1030] loss = 0.477925
[e067 s0650/1030] loss = 0.461956
[e067 s0700/1030] loss = 0.445138
[e067 s0750/1030] loss = 0.453824
[e067 s0800/1030] loss = 0.438775
[e067 s0850/1030] loss = 0.426865
[e067 s0900/1030] loss = 0.419783
[e067 s0950/1030] loss = 0.408671
[e067 s1000/1030] loss = 0.401364
Epoch 067: train_loss = 0.397348  MAE/GAME0 = 11.071  RMSE = 32.400  GAME1 = 12.056  GAME2 = 12.885  GAME3 = 13.520  lr = 4.93e-05  time = 20.0s
[e068 s0001/1030] loss = 0.267074
[e068 s0050/1030] loss = 0.368216
[e068 s0100/1030] loss = 0.297773
[e068 s0150/1030] loss = 0.277245
[e068 s0200/1030] loss = 0.305187
[e068 s0250/1030] loss = 0.283734
[e068 s0300/1030] loss = 0.303147
[e068 s0350/1030] loss = 0.282379
[e068 s0400/1030] loss = 0.279123
[e068 s0450/1030] loss = 0.276001
[e068 s0500/1030] loss = 0.284287
[e068 s0550/1030] loss = 0.292071
[e068 s0600/1030] loss = 0.285960
[e068 s0650/1030] loss = 0.282104
[e068 s0700/1030] loss = 0.278753
[e068 s0750/1030] loss = 0.274409
[e068 s0800/1030] loss = 0.394202
[e068 s0850/1030] loss = 0.382711
[e068 s0900/1030] loss = 0.378129
[e068 s0950/1030] loss = 0.370122
[e068 s1000/1030] loss = 0.358161
Epoch 068: train_loss = 0.352528  MAE/GAME0 = 11.736  RMSE = 31.982  GAME1 = 12.594  GAME2 = 13.344  GAME3 = 13.846  lr = 4.93e-05  time = 19.9s
[e069 s0001/1030] loss = 0.133910
[e069 s0050/1030] loss = 0.153938
[e069 s0100/1030] loss = 0.220739
[e069 s0150/1030] loss = 0.242689
[e069 s0200/1030] loss = 0.233933
[e069 s0250/1030] loss = 0.209442
[e069 s0300/1030] loss = 0.200759
[e069 s0350/1030] loss = 0.592646
[e069 s0400/1030] loss = 0.543662
[e069 s0450/1030] loss = 0.519691
[e069 s0500/1030] loss = 0.505170
[e069 s0550/1030] loss = 0.486198
[e069 s0600/1030] loss = 0.472058
[e069 s0650/1030] loss = 0.449643
[e069 s0700/1030] loss = 0.434150
[e069 s0750/1030] loss = 0.428295
[e069 s0800/1030] loss = 0.409616
[e069 s0850/1030] loss = 0.399015
[e069 s0900/1030] loss = 0.390402
[e069 s0950/1030] loss = 0.381316
[e069 s1000/1030] loss = 0.374787
Epoch 069: train_loss = 0.377134  MAE/GAME0 = 10.637  RMSE = 29.356  GAME1 = 11.573  GAME2 = 12.535  GAME3 = 13.195  lr = 4.92e-05  time = 19.5s
[e070 s0001/1030] loss = 0.018212
[e070 s0050/1030] loss = 0.255269
[e070 s0100/1030] loss = 0.207365
[e070 s0150/1030] loss = 0.201593
[e070 s0200/1030] loss = 0.255320
[e070 s0250/1030] loss = 0.248739
[e070 s0300/1030] loss = 0.266283
[e070 s0350/1030] loss = 0.268689
[e070 s0400/1030] loss = 0.263065
[e070 s0450/1030] loss = 0.478047
[e070 s0500/1030] loss = 0.458832
[e070 s0550/1030] loss = 0.434105
[e070 s0600/1030] loss = 0.413265
[e070 s0650/1030] loss = 0.403886
[e070 s0700/1030] loss = 0.398156
[e070 s0750/1030] loss = 0.393724
[e070 s0800/1030] loss = 0.390898
[e070 s0850/1030] loss = 0.378256
[e070 s0900/1030] loss = 0.371888
[e070 s0950/1030] loss = 0.364056
[e070 s1000/1030] loss = 0.360786
Epoch 070: train_loss = 0.358967  MAE/GAME0 = 10.099  RMSE = 29.205  GAME1 = 11.185  GAME2 = 12.180  GAME3 = 12.890  lr = 4.91e-05  time = 19.8s
[e071 s0001/1030] loss = 0.164836
[e071 s0050/1030] loss = 0.136001
[e071 s0100/1030] loss = 0.157998
[e071 s0150/1030] loss = 0.271665
[e071 s0200/1030] loss = 0.237739
[e071 s0250/1030] loss = 0.225457
[e071 s0300/1030] loss = 0.249351
[e071 s0350/1030] loss = 0.251836
[e071 s0400/1030] loss = 0.245931
[e071 s0450/1030] loss = 0.237847
[e071 s0500/1030] loss = 0.237954
[e071 s0550/1030] loss = 0.231591
[e071 s0600/1030] loss = 0.237859
[e071 s0650/1030] loss = 0.241181
[e071 s0700/1030] loss = 0.369456
[e071 s0750/1030] loss = 0.359389
[e071 s0800/1030] loss = 0.352435
[e071 s0850/1030] loss = 0.353736
[e071 s0900/1030] loss = 0.346916
[e071 s0950/1030] loss = 0.339103
[e071 s1000/1030] loss = 0.333333
Epoch 071: train_loss = 0.330996  MAE/GAME0 = 9.926  RMSE = 28.623  GAME1 = 11.046  GAME2 = 12.002  GAME3 = 12.692  lr = 4.91e-05  time = 20.0s
[e072 s0001/1030] loss = 0.041363
[e072 s0050/1030] loss = 0.174804
[e072 s0100/1030] loss = 0.258793
[e072 s0150/1030] loss = 0.272669
[e072 s0200/1030] loss = 0.245966
[e072 s0250/1030] loss = 0.249487
[e072 s0300/1030] loss = 0.256913
[e072 s0350/1030] loss = 0.251727
[e072 s0400/1030] loss = 0.253537
[e072 s0450/1030] loss = 0.536668
[e072 s0500/1030] loss = 0.496403
[e072 s0550/1030] loss = 0.469400
[e072 s0600/1030] loss = 0.441626
[e072 s0650/1030] loss = 0.429067
[e072 s0700/1030] loss = 0.412670
[e072 s0750/1030] loss = 0.406030
[e072 s0800/1030] loss = 0.396222
[e072 s0850/1030] loss = 0.385984
[e072 s0900/1030] loss = 0.372735
[e072 s0950/1030] loss = 0.361724
[e072 s1000/1030] loss = 0.358044
Epoch 072: train_loss = 0.351852  MAE/GAME0 = 12.520  RMSE = 33.447  GAME1 = 13.279  GAME2 = 14.047  GAME3 = 14.550  lr = 4.90e-05  time = 19.8s
[e073 s0001/1030] loss = 0.559450
[e073 s0050/1030] loss = 0.218624
[e073 s0100/1030] loss = 0.192004
[e073 s0150/1030] loss = 0.207316
[e073 s0200/1030] loss = 0.201877
[e073 s0250/1030] loss = 0.215871
[e073 s0300/1030] loss = 0.220797
[e073 s0350/1030] loss = 0.221042
[e073 s0400/1030] loss = 0.262859
[e073 s0450/1030] loss = 0.248856
[e073 s0500/1030] loss = 0.245337
[e073 s0550/1030] loss = 0.470595
[e073 s0600/1030] loss = 0.460101
[e073 s0650/1030] loss = 0.454138
[e073 s0700/1030] loss = 0.456834
[e073 s0750/1030] loss = 0.437243
[e073 s0800/1030] loss = 0.421973
[e073 s0850/1030] loss = 0.408833
[e073 s0900/1030] loss = 0.400343
[e073 s0950/1030] loss = 0.387368
[e073 s1000/1030] loss = 0.379624
Epoch 073: train_loss = 0.379959  MAE/GAME0 = 9.794  RMSE = 30.130  GAME1 = 10.936  GAME2 = 11.982  GAME3 = 12.756  lr = 4.90e-05  time = 19.6s
[e074 s0001/1030] loss = 0.012488
[e074 s0050/1030] loss = 0.267899
[e074 s0100/1030] loss = 0.314118
[e074 s0150/1030] loss = 0.268956
[e074 s0200/1030] loss = 0.261928
[e074 s0250/1030] loss = 0.260629
[e074 s0300/1030] loss = 0.256872
[e074 s0350/1030] loss = 0.581150
[e074 s0400/1030] loss = 0.530061
[e074 s0450/1030] loss = 0.491759
[e074 s0500/1030] loss = 0.466662
[e074 s0550/1030] loss = 0.446723
[e074 s0600/1030] loss = 0.431919
[e074 s0650/1030] loss = 0.409936
[e074 s0700/1030] loss = 0.396310
[e074 s0750/1030] loss = 0.416263
[e074 s0800/1030] loss = 0.405246
[e074 s0850/1030] loss = 0.388251
[e074 s0900/1030] loss = 0.375603
[e074 s0950/1030] loss = 0.365411
[e074 s1000/1030] loss = 0.375575
Epoch 074: train_loss = 0.370000  MAE/GAME0 = 11.787  RMSE = 32.722  GAME1 = 12.732  GAME2 = 13.634  GAME3 = 14.238  lr = 4.89e-05  time = 19.7s
[e075 s0001/1030] loss = 0.074463
[e075 s0050/1030] loss = 0.212512
[e075 s0100/1030] loss = 0.170797
[e075 s0150/1030] loss = 0.171196
[e075 s0200/1030] loss = 0.268958
[e075 s0250/1030] loss = 0.247787
[e075 s0300/1030] loss = 0.252172
[e075 s0350/1030] loss = 0.249797
[e075 s0400/1030] loss = 0.250112
[e075 s0450/1030] loss = 0.242322
[e075 s0500/1030] loss = 0.232685
[e075 s0550/1030] loss = 0.233572
[e075 s0600/1030] loss = 0.444863
[e075 s0650/1030] loss = 0.436856
[e075 s0700/1030] loss = 0.427095
[e075 s0750/1030] loss = 0.412536
[e075 s0800/1030] loss = 0.401144
[e075 s0850/1030] loss = 0.387591
[e075 s0900/1030] loss = 0.375214
[e075 s0950/1030] loss = 0.366358
[e075 s1000/1030] loss = 0.355165
Epoch 075: train_loss = 0.350348  MAE/GAME0 = 11.438  RMSE = 31.655  GAME1 = 12.327  GAME2 = 13.109  GAME3 = 13.665  lr = 4.88e-05  time = 20.2s
[e076 s0001/1030] loss = 0.238935
[e076 s0050/1030] loss = 0.314173
[e076 s0100/1030] loss = 0.244420
[e076 s0150/1030] loss = 0.886607
[e076 s0200/1030] loss = 0.706972
[e076 s0250/1030] loss = 0.609222
[e076 s0300/1030] loss = 0.535221
[e076 s0350/1030] loss = 0.491899
[e076 s0400/1030] loss = 0.453636
[e076 s0450/1030] loss = 0.424200
[e076 s0500/1030] loss = 0.417189
[e076 s0550/1030] loss = 0.412014
[e076 s0600/1030] loss = 0.405112
[e076 s0650/1030] loss = 0.390570
[e076 s0700/1030] loss = 0.372699
[e076 s0750/1030] loss = 0.366934
[e076 s0800/1030] loss = 0.376122
[e076 s0850/1030] loss = 0.366642
[e076 s0900/1030] loss = 0.355023
[e076 s0950/1030] loss = 0.344170
[e076 s1000/1030] loss = 0.336205
Epoch 076: train_loss = 0.335058  MAE/GAME0 = 11.168  RMSE = 30.855  GAME1 = 12.144  GAME2 = 12.964  GAME3 = 13.555  lr = 4.88e-05  time = 19.9s
[e077 s0001/1030] loss = 0.054465
[e077 s0050/1030] loss = 0.249494
[e077 s0100/1030] loss = 0.250371
[e077 s0150/1030] loss = 0.209976
[e077 s0200/1030] loss = 0.191690
[e077 s0250/1030] loss = 0.196082
[e077 s0300/1030] loss = 0.202278
[e077 s0350/1030] loss = 0.215335
[e077 s0400/1030] loss = 0.218091
[e077 s0450/1030] loss = 0.414264
[e077 s0500/1030] loss = 0.392248
[e077 s0550/1030] loss = 0.377684
[e077 s0600/1030] loss = 0.363628
[e077 s0650/1030] loss = 0.350406
[e077 s0700/1030] loss = 0.338204
[e077 s0750/1030] loss = 0.327966
[e077 s0800/1030] loss = 0.322191
[e077 s0850/1030] loss = 0.310827
[e077 s0900/1030] loss = 0.306365
[e077 s0950/1030] loss = 0.300943
[e077 s1000/1030] loss = 0.301567
Epoch 077: train_loss = 0.303236  MAE/GAME0 = 11.549  RMSE = 33.283  GAME1 = 12.503  GAME2 = 13.442  GAME3 = 14.014  lr = 4.87e-05  time = 19.7s
[e078 s0001/1030] loss = 0.068190
[e078 s0050/1030] loss = 0.236664
[e078 s0100/1030] loss = 0.263695
[e078 s0150/1030] loss = 1.066451
[e078 s0200/1030] loss = 0.848807
[e078 s0250/1030] loss = 0.717605
[e078 s0300/1030] loss = 0.634194
[e078 s0350/1030] loss = 0.618835
[e078 s0400/1030] loss = 0.564401
[e078 s0450/1030] loss = 0.518638
[e078 s0500/1030] loss = 0.490649
[e078 s0550/1030] loss = 0.460308
[e078 s0600/1030] loss = 0.437141
[e078 s0650/1030] loss = 0.419809
[e078 s0700/1030] loss = 0.404077
[e078 s0750/1030] loss = 0.389714
[e078 s0800/1030] loss = 0.374256
[e078 s0850/1030] loss = 0.361151
[e078 s0900/1030] loss = 0.359166
[e078 s0950/1030] loss = 0.353321
[e078 s1000/1030] loss = 0.353364
Epoch 078: train_loss = 0.349859  MAE/GAME0 = 10.237  RMSE = 30.775  GAME1 = 11.399  GAME2 = 12.450  GAME3 = 13.236  lr = 4.86e-05  time = 19.9s
[e079 s0001/1030] loss = 0.026403
[e079 s0050/1030] loss = 0.231058
[e079 s0100/1030] loss = 0.269118
[e079 s0150/1030] loss = 0.249443
[e079 s0200/1030] loss = 0.233684
[e079 s0250/1030] loss = 0.231191
[e079 s0300/1030] loss = 0.225829
[e079 s0350/1030] loss = 0.245912
[e079 s0400/1030] loss = 0.244648
[e079 s0450/1030] loss = 0.241589
[e079 s0500/1030] loss = 0.246832
[e079 s0550/1030] loss = 0.240054
[e079 s0600/1030] loss = 0.245327
[e079 s0650/1030] loss = 0.235205
[e079 s0700/1030] loss = 0.228979
[e079 s0750/1030] loss = 0.226327
[e079 s0800/1030] loss = 0.246912
[e079 s0850/1030] loss = 0.411153
[e079 s0900/1030] loss = 0.401768
[e079 s0950/1030] loss = 0.386775
[e079 s1000/1030] loss = 0.375262
Epoch 079: train_loss = 0.369777  MAE/GAME0 = 10.048  RMSE = 28.450  GAME1 = 11.297  GAME2 = 12.397  GAME3 = 13.118  lr = 4.86e-05  time = 19.6s
[e080 s0001/1030] loss = 0.091533
[e080 s0050/1030] loss = 0.250280
[e080 s0100/1030] loss = 0.291454
[e080 s0150/1030] loss = 0.255113
[e080 s0200/1030] loss = 0.241584
[e080 s0250/1030] loss = 0.229432
[e080 s0300/1030] loss = 0.272812
[e080 s0350/1030] loss = 0.255626
[e080 s0400/1030] loss = 0.248128
[e080 s0450/1030] loss = 0.238525
[e080 s0500/1030] loss = 0.230437
[e080 s0550/1030] loss = 0.223411
[e080 s0600/1030] loss = 0.223063
[e080 s0650/1030] loss = 0.221000
[e080 s0700/1030] loss = 0.366769
[e080 s0750/1030] loss = 0.355154
[e080 s0800/1030] loss = 0.348028
[e080 s0850/1030] loss = 0.338750
[e080 s0900/1030] loss = 0.336997
[e080 s0950/1030] loss = 0.330964
[e080 s1000/1030] loss = 0.322562
Epoch 080: train_loss = 0.325753  MAE/GAME0 = 11.235  RMSE = 31.203  GAME1 = 12.300  GAME2 = 13.225  GAME3 = 13.836  lr = 4.85e-05  time = 19.6s
[e081 s0001/1030] loss = 0.054674
[e081 s0050/1030] loss = 2.407138
[e081 s0100/1030] loss = 1.282521
[e081 s0150/1030] loss = 0.966545
[e081 s0200/1030] loss = 0.794167
[e081 s0250/1030] loss = 0.672768
[e081 s0300/1030] loss = 0.579348
[e081 s0350/1030] loss = 0.525885
[e081 s0400/1030] loss = 0.491985
[e081 s0450/1030] loss = 0.474819
[e081 s0500/1030] loss = 0.465992
[e081 s0550/1030] loss = 0.437167
[e081 s0600/1030] loss = 0.413491
[e081 s0650/1030] loss = 0.399786
[e081 s0700/1030] loss = 0.386183
[e081 s0750/1030] loss = 0.378089
[e081 s0800/1030] loss = 0.365340
[e081 s0850/1030] loss = 0.352608
[e081 s0900/1030] loss = 0.348926
[e081 s0950/1030] loss = 0.354536
[e081 s1000/1030] loss = 0.348522
Epoch 081: train_loss = 0.342857  MAE/GAME0 = 11.472  RMSE = 32.224  GAME1 = 12.397  GAME2 = 13.359  GAME3 = 13.942  lr = 4.84e-05  time = 19.6s
[e082 s0001/1030] loss = 0.113014
[e082 s0050/1030] loss = 0.233001
[e082 s0100/1030] loss = 0.285450
[e082 s0150/1030] loss = 0.300810
[e082 s0200/1030] loss = 0.274396
[e082 s0250/1030] loss = 0.251421
[e082 s0300/1030] loss = 0.243902
[e082 s0350/1030] loss = 0.229340
[e082 s0400/1030] loss = 0.229377
[e082 s0450/1030] loss = 0.264072
[e082 s0500/1030] loss = 0.257365
[e082 s0550/1030] loss = 0.255118
[e082 s0600/1030] loss = 0.435384
[e082 s0650/1030] loss = 0.425958
[e082 s0700/1030] loss = 0.407121
[e082 s0750/1030] loss = 0.398925
[e082 s0800/1030] loss = 0.384406
[e082 s0850/1030] loss = 0.369311
[e082 s0900/1030] loss = 0.359986
[e082 s0950/1030] loss = 0.350680
[e082 s1000/1030] loss = 0.339613
Epoch 082: train_loss = 0.335686  MAE/GAME0 = 11.466  RMSE = 33.043  GAME1 = 12.372  GAME2 = 13.320  GAME3 = 13.878  lr = 4.83e-05  time = 19.8s
[e083 s0001/1030] loss = 0.298899
[e083 s0050/1030] loss = 0.235581
[e083 s0100/1030] loss = 0.232912
[e083 s0150/1030] loss = 0.212381
[e083 s0200/1030] loss = 0.202092
[e083 s0250/1030] loss = 0.186410
[e083 s0300/1030] loss = 0.181063
[e083 s0350/1030] loss = 0.203430
[e083 s0400/1030] loss = 0.194851
[e083 s0450/1030] loss = 0.193608
[e083 s0500/1030] loss = 0.212829
[e083 s0550/1030] loss = 0.210090
[e083 s0600/1030] loss = 0.210354
[e083 s0650/1030] loss = 0.210146
[e083 s0700/1030] loss = 0.397776
[e083 s0750/1030] loss = 0.379331
[e083 s0800/1030] loss = 0.367672
[e083 s0850/1030] loss = 0.352102
[e083 s0900/1030] loss = 0.340953
[e083 s0950/1030] loss = 0.337073
[e083 s1000/1030] loss = 0.326022
Epoch 083: train_loss = 0.332064  MAE/GAME0 = 10.200  RMSE = 29.794  GAME1 = 11.350  GAME2 = 12.419  GAME3 = 13.079  lr = 4.83e-05  time = 19.4s
[e084 s0001/1030] loss = 0.247532
[e084 s0050/1030] loss = 0.342387
[e084 s0100/1030] loss = 0.277505
[e084 s0150/1030] loss = 0.274660
[e084 s0200/1030] loss = 0.280031
[e084 s0250/1030] loss = 0.277297
[e084 s0300/1030] loss = 0.272358
[e084 s0350/1030] loss = 0.273975
[e084 s0400/1030] loss = 0.269797
[e084 s0450/1030] loss = 0.257186
[e084 s0500/1030] loss = 0.244286
[e084 s0550/1030] loss = 0.237221
[e084 s0600/1030] loss = 0.232518
[e084 s0650/1030] loss = 0.229032
[e084 s0700/1030] loss = 0.226922
[e084 s0750/1030] loss = 0.224143
[e084 s0800/1030] loss = 0.369284
[e084 s0850/1030] loss = 0.371707
[e084 s0900/1030] loss = 0.377824
[e084 s0950/1030] loss = 0.371766
[e084 s1000/1030] loss = 0.363841
Epoch 084: train_loss = 0.357040  MAE/GAME0 = 11.608  RMSE = 31.967  GAME1 = 12.640  GAME2 = 13.454  GAME3 = 13.985  lr = 4.82e-05  time = 19.8s
[e085 s0001/1030] loss = 0.611901
[e085 s0050/1030] loss = 0.243882
[e085 s0100/1030] loss = 0.221250
[e085 s0150/1030] loss = 0.228650
[e085 s0200/1030] loss = 0.288164
[e085 s0250/1030] loss = 0.270860
[e085 s0300/1030] loss = 0.250103
[e085 s0350/1030] loss = 0.236616
[e085 s0400/1030] loss = 0.512493
[e085 s0450/1030] loss = 0.471067
[e085 s0500/1030] loss = 0.447651
[e085 s0550/1030] loss = 0.423119
[e085 s0600/1030] loss = 0.401845
[e085 s0650/1030] loss = 0.385458
[e085 s0700/1030] loss = 0.369558
[e085 s0750/1030] loss = 0.354104
[e085 s0800/1030] loss = 0.344494
[e085 s0850/1030] loss = 0.341846
[e085 s0900/1030] loss = 0.335975
[e085 s0950/1030] loss = 0.328477
[e085 s1000/1030] loss = 0.329066
Epoch 085: train_loss = 0.324267  MAE/GAME0 = 10.100  RMSE = 28.880  GAME1 = 11.234  GAME2 = 12.297  GAME3 = 12.986  lr = 4.81e-05  time = 19.8s
[e086 s0001/1030] loss = 0.027948
[e086 s0050/1030] loss = 2.055746
[e086 s0100/1030] loss = 1.132921
[e086 s0150/1030] loss = 0.816704
[e086 s0200/1030] loss = 0.656592
[e086 s0250/1030] loss = 0.564161
[e086 s0300/1030] loss = 0.498546
[e086 s0350/1030] loss = 0.450923
[e086 s0400/1030] loss = 0.409319
[e086 s0450/1030] loss = 0.400745
[e086 s0500/1030] loss = 0.402121
[e086 s0550/1030] loss = 0.390593
[e086 s0600/1030] loss = 0.373403
[e086 s0650/1030] loss = 0.369148
[e086 s0700/1030] loss = 0.356680
[e086 s0750/1030] loss = 0.345834
[e086 s0800/1030] loss = 0.352444
[e086 s0850/1030] loss = 0.347200
[e086 s0900/1030] loss = 0.337361
[e086 s0950/1030] loss = 0.331267
[e086 s1000/1030] loss = 0.323781
Epoch 086: train_loss = 0.318632  MAE/GAME0 = 10.236  RMSE = 31.279  GAME1 = 11.413  GAME2 = 12.299  GAME3 = 12.998  lr = 4.80e-05  time = 20.0s
[e087 s0001/1030] loss = 0.350765
[e087 s0050/1030] loss = 0.209045
[e087 s0100/1030] loss = 0.183520
[e087 s0150/1030] loss = 0.176696
[e087 s0200/1030] loss = 0.173924
[e087 s0250/1030] loss = 0.173240
[e087 s0300/1030] loss = 0.519650
[e087 s0350/1030] loss = 0.472651
[e087 s0400/1030] loss = 0.432087
[e087 s0450/1030] loss = 0.404811
[e087 s0500/1030] loss = 0.378168
[e087 s0550/1030] loss = 0.359233
[e087 s0600/1030] loss = 0.342551
[e087 s0650/1030] loss = 0.345714
[e087 s0700/1030] loss = 0.336830
[e087 s0750/1030] loss = 0.329336
[e087 s0800/1030] loss = 0.323018
[e087 s0850/1030] loss = 0.314767
[e087 s0900/1030] loss = 0.305744
[e087 s0950/1030] loss = 0.296487
[e087 s1000/1030] loss = 0.292848
Epoch 087: train_loss = 0.293565  MAE/GAME0 = 10.735  RMSE = 31.916  GAME1 = 11.987  GAME2 = 12.984  GAME3 = 13.671  lr = 4.79e-05  time = 19.8s
[e088 s0001/1030] loss = 0.003052
[e088 s0050/1030] loss = 0.245645
[e088 s0100/1030] loss = 0.274001
[e088 s0150/1030] loss = 0.236839
[e088 s0200/1030] loss = 0.215088
[e088 s0250/1030] loss = 0.198281
[e088 s0300/1030] loss = 0.194748
[e088 s0350/1030] loss = 0.198963
[e088 s0400/1030] loss = 0.194457
[e088 s0450/1030] loss = 0.190479
[e088 s0500/1030] loss = 0.186853
[e088 s0550/1030] loss = 0.197671
[e088 s0600/1030] loss = 0.212991
[e088 s0650/1030] loss = 0.359925
[e088 s0700/1030] loss = 0.362885
[e088 s0750/1030] loss = 0.344587
[e088 s0800/1030] loss = 0.335267
[e088 s0850/1030] loss = 0.325949
[e088 s0900/1030] loss = 0.321677
[e088 s0950/1030] loss = 0.317212
[e088 s1000/1030] loss = 0.316229
Epoch 088: train_loss = 0.309658  MAE/GAME0 = 12.929  RMSE = 32.104  GAME1 = 13.567  GAME2 = 14.048  GAME3 = 14.421  lr = 4.78e-05  time = 19.8s
[e089 s0001/1030] loss = 0.139947
[e089 s0050/1030] loss = 0.162837
[e089 s0100/1030] loss = 0.376189
[e089 s0150/1030] loss = 0.340995
[e089 s0200/1030] loss = 0.292372
[e089 s0250/1030] loss = 0.285482
[e089 s0300/1030] loss = 0.590037
[e089 s0350/1030] loss = 0.534837
[e089 s0400/1030] loss = 0.486477
[e089 s0450/1030] loss = 0.454180
[e089 s0500/1030] loss = 0.437654
[e089 s0550/1030] loss = 0.419876
[e089 s0600/1030] loss = 0.398588
[e089 s0650/1030] loss = 0.379889
[e089 s0700/1030] loss = 0.365908
[e089 s0750/1030] loss = 0.351605
[e089 s0800/1030] loss = 0.350921
[e089 s0850/1030] loss = 0.342073
[e089 s0900/1030] loss = 0.331644
[e089 s0950/1030] loss = 0.325191
[e089 s1000/1030] loss = 0.317336
Epoch 089: train_loss = 0.312171  MAE/GAME0 = 10.871  RMSE = 32.470  GAME1 = 11.911  GAME2 = 12.818  GAME3 = 13.475  lr = 4.78e-05  time = 19.8s
[e090 s0001/1030] loss = 0.021906
[e090 s0050/1030] loss = 0.104140
[e090 s0100/1030] loss = 0.123340
[e090 s0150/1030] loss = 0.149780
[e090 s0200/1030] loss = 0.154056
[e090 s0250/1030] loss = 0.156740
[e090 s0300/1030] loss = 0.155981
[e090 s0350/1030] loss = 0.151323
[e090 s0400/1030] loss = 0.167904
[e090 s0450/1030] loss = 0.176432
[e090 s0500/1030] loss = 0.171502
[e090 s0550/1030] loss = 0.188384
[e090 s0600/1030] loss = 0.192552
[e090 s0650/1030] loss = 0.199736
[e090 s0700/1030] loss = 0.228175
[e090 s0750/1030] loss = 0.222933
[e090 s0800/1030] loss = 0.349323
[e090 s0850/1030] loss = 0.343365
[e090 s0900/1030] loss = 0.333092
[e090 s0950/1030] loss = 0.323657
[e090 s1000/1030] loss = 0.318906
Epoch 090: train_loss = 0.315424  MAE/GAME0 = 11.127  RMSE = 30.333  GAME1 = 12.326  GAME2 = 13.305  GAME3 = 13.966  lr = 4.77e-05  time = 20.0s
[e091 s0001/1030] loss = 0.213707
[e091 s0050/1030] loss = 0.162367
[e091 s0100/1030] loss = 0.158266
[e091 s0150/1030] loss = 0.930408
[e091 s0200/1030] loss = 0.748606
[e091 s0250/1030] loss = 0.637113
[e091 s0300/1030] loss = 0.563609
[e091 s0350/1030] loss = 0.506125
[e091 s0400/1030] loss = 0.474096
[e091 s0450/1030] loss = 0.438645
[e091 s0500/1030] loss = 0.417603
[e091 s0550/1030] loss = 0.414432
[e091 s0600/1030] loss = 0.399979
[e091 s0650/1030] loss = 0.375586
[e091 s0700/1030] loss = 0.357022
[e091 s0750/1030] loss = 0.349255
[e091 s0800/1030] loss = 0.337097
[e091 s0850/1030] loss = 0.337501
[e091 s0900/1030] loss = 0.331382
[e091 s0950/1030] loss = 0.336813
[e091 s1000/1030] loss = 0.328439
Epoch 091: train_loss = 0.331247  MAE/GAME0 = 10.579  RMSE = 27.839  GAME1 = 11.774  GAME2 = 12.792  GAME3 = 13.429  lr = 4.76e-05  time = 20.1s
[e092 s0001/1030] loss = 0.087310
[e092 s0050/1030] loss = 0.215962
[e092 s0100/1030] loss = 0.171893
[e092 s0150/1030] loss = 0.829967
[e092 s0200/1030] loss = 0.685991
[e092 s0250/1030] loss = 0.585862
[e092 s0300/1030] loss = 0.511209
[e092 s0350/1030] loss = 0.456812
[e092 s0400/1030] loss = 0.418671
[e092 s0450/1030] loss = 0.391592
[e092 s0500/1030] loss = 0.403872
[e092 s0550/1030] loss = 0.389343
[e092 s0600/1030] loss = 0.371579
[e092 s0650/1030] loss = 0.357196
[e092 s0700/1030] loss = 0.345774
[e092 s0750/1030] loss = 0.339435
[e092 s0800/1030] loss = 0.327738
[e092 s0850/1030] loss = 0.323140
[e092 s0900/1030] loss = 0.331161
[e092 s0950/1030] loss = 0.321932
[e092 s1000/1030] loss = 0.318947
Epoch 092: train_loss = 0.315877  MAE/GAME0 = 10.825  RMSE = 30.961  GAME1 = 12.012  GAME2 = 13.022  GAME3 = 13.723  lr = 4.75e-05  time = 19.7s
[e093 s0001/1030] loss = 0.030938
[e093 s0050/1030] loss = 0.283103
[e093 s0100/1030] loss = 0.248164
[e093 s0150/1030] loss = 0.220411
[e093 s0200/1030] loss = 0.204464
[e093 s0250/1030] loss = 0.203023
[e093 s0300/1030] loss = 0.192319
[e093 s0350/1030] loss = 0.192038
[e093 s0400/1030] loss = 0.220865
[e093 s0450/1030] loss = 0.218642
[e093 s0500/1030] loss = 0.212333
[e093 s0550/1030] loss = 0.205523
[e093 s0600/1030] loss = 0.204761
[e093 s0650/1030] loss = 0.200925
[e093 s0700/1030] loss = 0.207533
[e093 s0750/1030] loss = 0.209539
[e093 s0800/1030] loss = 0.205748
[e093 s0850/1030] loss = 0.200430
[e093 s0900/1030] loss = 0.324408
[e093 s0950/1030] loss = 0.318622
[e093 s1000/1030] loss = 0.309813
Epoch 093: train_loss = 0.305002  MAE/GAME0 = 12.692  RMSE = 33.996  GAME1 = 13.363  GAME2 = 14.015  GAME3 = 14.476  lr = 4.74e-05  time = 19.7s
[e094 s0001/1030] loss = 0.027507
[e094 s0050/1030] loss = 0.146246
[e094 s0100/1030] loss = 0.194386
[e094 s0150/1030] loss = 0.179057
[e094 s0200/1030] loss = 0.174304
[e094 s0250/1030] loss = 0.547149
[e094 s0300/1030] loss = 0.487515
[e094 s0350/1030] loss = 0.445456
[e094 s0400/1030] loss = 0.413790
[e094 s0450/1030] loss = 0.384264
[e094 s0500/1030] loss = 0.361616
[e094 s0550/1030] loss = 0.349355
[e094 s0600/1030] loss = 0.335872
[e094 s0650/1030] loss = 0.338825
[e094 s0700/1030] loss = 0.325613
[e094 s0750/1030] loss = 0.316650
[e094 s0800/1030] loss = 0.316062
[e094 s0850/1030] loss = 0.318847
[e094 s0900/1030] loss = 0.308399
[e094 s0950/1030] loss = 0.302156
[e094 s1000/1030] loss = 0.293525
Epoch 094: train_loss = 0.289193  MAE/GAME0 = 9.847  RMSE = 27.369  GAME1 = 10.818  GAME2 = 11.970  GAME3 = 12.657  lr = 4.73e-05  time = 19.7s
[e095 s0001/1030] loss = 0.099603
[e095 s0050/1030] loss = 0.210085
[e095 s0100/1030] loss = 0.208258
[e095 s0150/1030] loss = 0.249153
[e095 s0200/1030] loss = 0.237781
[e095 s0250/1030] loss = 0.222151
[e095 s0300/1030] loss = 0.216454
[e095 s0350/1030] loss = 0.212279
[e095 s0400/1030] loss = 0.224005
[e095 s0450/1030] loss = 0.219052
[e095 s0500/1030] loss = 0.211808
[e095 s0550/1030] loss = 0.366456
[e095 s0600/1030] loss = 0.349700
[e095 s0650/1030] loss = 0.338582
[e095 s0700/1030] loss = 0.324091
[e095 s0750/1030] loss = 0.316228
[e095 s0800/1030] loss = 0.304605
[e095 s0850/1030] loss = 0.296740
[e095 s0900/1030] loss = 0.286570
[e095 s0950/1030] loss = 0.286023
[e095 s1000/1030] loss = 0.283506
Epoch 095: train_loss = 0.279585  MAE/GAME0 = 11.519  RMSE = 32.477  GAME1 = 12.578  GAME2 = 13.399  GAME3 = 14.041  lr = 4.72e-05  time = 19.8s
[e096 s0001/1030] loss = 0.034561
[e096 s0050/1030] loss = 0.391517
[e096 s0100/1030] loss = 0.282292
[e096 s0150/1030] loss = 0.261521
[e096 s0200/1030] loss = 0.239045
[e096 s0250/1030] loss = 0.219498
[e096 s0300/1030] loss = 0.650239
[e096 s0350/1030] loss = 0.580614
[e096 s0400/1030] loss = 0.538842
[e096 s0450/1030] loss = 0.495987
[e096 s0500/1030] loss = 0.462057
[e096 s0550/1030] loss = 0.435664
[e096 s0600/1030] loss = 0.419166
[e096 s0650/1030] loss = 0.416585
[e096 s0700/1030] loss = 0.398463
[e096 s0750/1030] loss = 0.383229
[e096 s0800/1030] loss = 0.370482
[e096 s0850/1030] loss = 0.359010
[e096 s0900/1030] loss = 0.351220
[e096 s0950/1030] loss = 0.340299
[e096 s1000/1030] loss = 0.340717
Epoch 096: train_loss = 0.334634  MAE/GAME0 = 14.183  RMSE = 34.248  GAME1 = 14.581  GAME2 = 15.061  GAME3 = 15.383  lr = 4.71e-05  time = 19.8s
[e097 s0001/1030] loss = 0.049543
[e097 s0050/1030] loss = 0.250914
[e097 s0100/1030] loss = 0.194573
[e097 s0150/1030] loss = 0.208506
[e097 s0200/1030] loss = 0.195054
[e097 s0250/1030] loss = 0.188129
[e097 s0300/1030] loss = 0.181137
[e097 s0350/1030] loss = 0.176067
[e097 s0400/1030] loss = 0.179307
[e097 s0450/1030] loss = 0.177480
[e097 s0500/1030] loss = 0.179547
[e097 s0550/1030] loss = 0.195385
[e097 s0600/1030] loss = 0.192553
[e097 s0650/1030] loss = 0.188720
[e097 s0700/1030] loss = 0.185419
[e097 s0750/1030] loss = 0.180517
[e097 s0800/1030] loss = 0.182154
[e097 s0850/1030] loss = 0.188401
[e097 s0900/1030] loss = 0.188901
[e097 s0950/1030] loss = 0.186127
[e097 s1000/1030] loss = 0.274015
Epoch 097: train_loss = 0.269845  MAE/GAME0 = 11.867  RMSE = 34.011  GAME1 = 12.690  GAME2 = 13.473  GAME3 = 14.031  lr = 4.70e-05  time = 19.6s
[e098 s0001/1030] loss = 0.103724
[e098 s0050/1030] loss = 0.254478
[e098 s0100/1030] loss = 0.207500
[e098 s0150/1030] loss = 0.210660
[e098 s0200/1030] loss = 0.205586
[e098 s0250/1030] loss = 0.241758
[e098 s0300/1030] loss = 0.221452
[e098 s0350/1030] loss = 0.218737
[e098 s0400/1030] loss = 0.223892
[e098 s0450/1030] loss = 0.214460
[e098 s0500/1030] loss = 0.209468
[e098 s0550/1030] loss = 0.207034
[e098 s0600/1030] loss = 0.364213
[e098 s0650/1030] loss = 0.344343
[e098 s0700/1030] loss = 0.328927
[e098 s0750/1030] loss = 0.324724
[e098 s0800/1030] loss = 0.315949
[e098 s0850/1030] loss = 0.308702
[e098 s0900/1030] loss = 0.301249
[e098 s0950/1030] loss = 0.294576
[e098 s1000/1030] loss = 0.288429
Epoch 098: train_loss = 0.286377  MAE/GAME0 = 10.106  RMSE = 29.174  GAME1 = 11.227  GAME2 = 12.293  GAME3 = 13.048  lr = 4.69e-05  time = 19.9s
[e099 s0001/1030] loss = 0.313791
[e099 s0050/1030] loss = 0.261955
[e099 s0100/1030] loss = 0.266629
[e099 s0150/1030] loss = 0.230278
[e099 s0200/1030] loss = 0.213144
[e099 s0250/1030] loss = 0.198555
[e099 s0300/1030] loss = 0.214742
[e099 s0350/1030] loss = 0.214215
[e099 s0400/1030] loss = 0.202772
[e099 s0450/1030] loss = 0.200512
[e099 s0500/1030] loss = 0.195270
[e099 s0550/1030] loss = 0.199488
[e099 s0600/1030] loss = 0.193750
[e099 s0650/1030] loss = 0.188052
[e099 s0700/1030] loss = 0.185152
[e099 s0750/1030] loss = 0.183090
[e099 s0800/1030] loss = 0.179406
[e099 s0850/1030] loss = 0.178951
[e099 s0900/1030] loss = 0.179737
[e099 s0950/1030] loss = 0.184308
[e099 s1000/1030] loss = 0.195419
Epoch 099: train_loss = 0.278828  MAE/GAME0 = 10.825  RMSE = 30.818  GAME1 = 11.960  GAME2 = 12.884  GAME3 = 13.577  lr = 4.68e-05  time = 19.6s
[e100 s0001/1030] loss = 0.083471
[e100 s0050/1030] loss = 0.285091
[e100 s0100/1030] loss = 0.288508
[e100 s0150/1030] loss = 0.244736
[e100 s0200/1030] loss = 0.227357
[e100 s0250/1030] loss = 0.219593
[e100 s0300/1030] loss = 0.213869
[e100 s0350/1030] loss = 0.209022
[e100 s0400/1030] loss = 0.215478
[e100 s0450/1030] loss = 0.220136
[e100 s0500/1030] loss = 0.217131
[e100 s0550/1030] loss = 0.209164
[e100 s0600/1030] loss = 0.205161
[e100 s0650/1030] loss = 0.204459
[e100 s0700/1030] loss = 0.202553
[e100 s0750/1030] loss = 0.199174
[e100 s0800/1030] loss = 0.299636
[e100 s0850/1030] loss = 0.291760
[e100 s0900/1030] loss = 0.285573
[e100 s0950/1030] loss = 0.280352
[e100 s1000/1030] loss = 0.272614
Epoch 100: train_loss = 0.269739  MAE/GAME0 = 12.036  RMSE = 33.427  GAME1 = 12.844  GAME2 = 13.789  GAME3 = 14.332  lr = 4.67e-05  time = 19.5s
[e101 s0001/1030] loss = 0.253921
[e101 s0050/1030] loss = 0.156618
[e101 s0100/1030] loss = 0.153506
[e101 s0150/1030] loss = 0.154994
[e101 s0200/1030] loss = 0.178525
[e101 s0250/1030] loss = 0.212833
[e101 s0300/1030] loss = 0.213778
[e101 s0350/1030] loss = 0.224778
[e101 s0400/1030] loss = 0.436837
[e101 s0450/1030] loss = 0.405412
[e101 s0500/1030] loss = 0.376957
[e101 s0550/1030] loss = 0.360784
[e101 s0600/1030] loss = 0.340900
[e101 s0650/1030] loss = 0.329736
[e101 s0700/1030] loss = 0.318604
[e101 s0750/1030] loss = 0.306594
[e101 s0800/1030] loss = 0.305041
[e101 s0850/1030] loss = 0.294224
[e101 s0900/1030] loss = 0.287472
[e101 s0950/1030] loss = 0.286744
[e101 s1000/1030] loss = 0.281597
Epoch 101: train_loss = 0.283433  MAE/GAME0 = 12.432  RMSE = 30.470  GAME1 = 13.129  GAME2 = 13.880  GAME3 = 14.357  lr = 4.65e-05  time = 19.6s
[e102 s0001/1030] loss = 0.153535
[e102 s0050/1030] loss = 0.209578
[e102 s0100/1030] loss = 0.301941
[e102 s0150/1030] loss = 0.257588
[e102 s0200/1030] loss = 0.253446
[e102 s0250/1030] loss = 0.241338
[e102 s0300/1030] loss = 0.228905
[e102 s0350/1030] loss = 0.216763
[e102 s0400/1030] loss = 0.480865
[e102 s0450/1030] loss = 0.454329
[e102 s0500/1030] loss = 0.432316
[e102 s0550/1030] loss = 0.410577
[e102 s0600/1030] loss = 0.396956
[e102 s0650/1030] loss = 0.376091
[e102 s0700/1030] loss = 0.360299
[e102 s0750/1030] loss = 0.344853
[e102 s0800/1030] loss = 0.336743
[e102 s0850/1030] loss = 0.333436
[e102 s0900/1030] loss = 0.333120
[e102 s0950/1030] loss = 0.323090
[e102 s1000/1030] loss = 0.315493
Epoch 102: train_loss = 0.309789  MAE/GAME0 = 11.246  RMSE = 31.547  GAME1 = 12.276  GAME2 = 13.256  GAME3 = 13.874  lr = 4.64e-05  time = 19.8s
[e103 s0001/1030] loss = 0.023387
[e103 s0050/1030] loss = 0.205497
[e103 s0100/1030] loss = 0.313594
[e103 s0150/1030] loss = 0.273777
[e103 s0200/1030] loss = 0.264251
[e103 s0250/1030] loss = 0.647581
[e103 s0300/1030] loss = 0.562997
[e103 s0350/1030] loss = 0.505134
[e103 s0400/1030] loss = 0.460296
[e103 s0450/1030] loss = 0.432534
[e103 s0500/1030] loss = 0.405226
[e103 s0550/1030] loss = 0.380093
[e103 s0600/1030] loss = 0.363127
[e103 s0650/1030] loss = 0.352578
[e103 s0700/1030] loss = 0.340201
[e103 s0750/1030] loss = 0.332656
[e103 s0800/1030] loss = 0.324306
[e103 s0850/1030] loss = 0.311008
[e103 s0900/1030] loss = 0.300913
[e103 s0950/1030] loss = 0.293129
[e103 s1000/1030] loss = 0.295149
Epoch 103: train_loss = 0.289738  MAE/GAME0 = 10.883  RMSE = 30.855  GAME1 = 12.221  GAME2 = 13.347  GAME3 = 14.082  lr = 4.63e-05  time = 19.5s
[e104 s0001/1030] loss = 0.045001
[e104 s0050/1030] loss = 2.413561
[e104 s0100/1030] loss = 1.345060
[e104 s0150/1030] loss = 0.952112
[e104 s0200/1030] loss = 0.757230
[e104 s0250/1030] loss = 0.641952
[e104 s0300/1030] loss = 0.561006
[e104 s0350/1030] loss = 0.507218
[e104 s0400/1030] loss = 0.462725
[e104 s0450/1030] loss = 0.455712
[e104 s0500/1030] loss = 0.424677
[e104 s0550/1030] loss = 0.404562
[e104 s0600/1030] loss = 0.383821
[e104 s0650/1030] loss = 0.369690
[e104 s0700/1030] loss = 0.360752
[e104 s0750/1030] loss = 0.346419
[e104 s0800/1030] loss = 0.340716
[e104 s0850/1030] loss = 0.329169
[e104 s0900/1030] loss = 0.326526
[e104 s0950/1030] loss = 0.320501
[e104 s1000/1030] loss = 0.311677
Epoch 104: train_loss = 0.305602  MAE/GAME0 = 12.187  RMSE = 34.544  GAME1 = 12.998  GAME2 = 13.833  GAME3 = 14.384  lr = 4.62e-05  time = 20.0s
[e105 s0001/1030] loss = 0.090987
[e105 s0050/1030] loss = 0.180324
[e105 s0100/1030] loss = 0.169883
[e105 s0150/1030] loss = 0.150334
[e105 s0200/1030] loss = 0.175920
[e105 s0250/1030] loss = 0.177468
[e105 s0300/1030] loss = 0.506388
[e105 s0350/1030] loss = 0.449693
[e105 s0400/1030] loss = 0.421470
[e105 s0450/1030] loss = 0.392945
[e105 s0500/1030] loss = 0.364267
[e105 s0550/1030] loss = 0.345248
[e105 s0600/1030] loss = 0.342628
[e105 s0650/1030] loss = 0.342336
[e105 s0700/1030] loss = 0.328436
[e105 s0750/1030] loss = 0.320713
[e105 s0800/1030] loss = 0.317134
[e105 s0850/1030] loss = 0.308273
[e105 s0900/1030] loss = 0.300915
[e105 s0950/1030] loss = 0.292119
[e105 s1000/1030] loss = 0.285851
Epoch 105: train_loss = 0.283167  MAE/GAME0 = 10.224  RMSE = 29.715  GAME1 = 11.487  GAME2 = 12.696  GAME3 = 13.449  lr = 4.61e-05  time = 19.8s
[e106 s0001/1030] loss = 0.064595
[e106 s0050/1030] loss = 0.184497
[e106 s0100/1030] loss = 0.180197
[e106 s0150/1030] loss = 0.168969
[e106 s0200/1030] loss = 0.165481
[e106 s0250/1030] loss = 0.167007
[e106 s0300/1030] loss = 0.166840
[e106 s0350/1030] loss = 0.167079
[e106 s0400/1030] loss = 0.166600
[e106 s0450/1030] loss = 0.180017
[e106 s0500/1030] loss = 0.434303
[e106 s0550/1030] loss = 0.407849
[e106 s0600/1030] loss = 0.392601
[e106 s0650/1030] loss = 0.370159
[e106 s0700/1030] loss = 0.360554
[e106 s0750/1030] loss = 0.350923
[e106 s0800/1030] loss = 0.341420
[e106 s0850/1030] loss = 0.334787
[e106 s0900/1030] loss = 0.325664
[e106 s0950/1030] loss = 0.314840
[e106 s1000/1030] loss = 0.307618
Epoch 106: train_loss = 0.303626  MAE/GAME0 = 10.440  RMSE = 28.556  GAME1 = 11.710  GAME2 = 12.885  GAME3 = 13.583  lr = 4.60e-05  time = 19.9s
[e107 s0001/1030] loss = 0.062337
[e107 s0050/1030] loss = 0.191532
[e107 s0100/1030] loss = 0.187740
[e107 s0150/1030] loss = 0.167092
[e107 s0200/1030] loss = 0.160563
[e107 s0250/1030] loss = 0.532858
[e107 s0300/1030] loss = 0.487848
[e107 s0350/1030] loss = 0.443400
[e107 s0400/1030] loss = 0.405604
[e107 s0450/1030] loss = 0.388592
[e107 s0500/1030] loss = 0.379770
[e107 s0550/1030] loss = 0.357273
[e107 s0600/1030] loss = 0.336058
[e107 s0650/1030] loss = 0.322077
[e107 s0700/1030] loss = 0.309335
[e107 s0750/1030] loss = 0.305311
[e107 s0800/1030] loss = 0.296746
[e107 s0850/1030] loss = 0.295595
[e107 s0900/1030] loss = 0.295713
[e107 s0950/1030] loss = 0.286873
[e107 s1000/1030] loss = 0.283595
Epoch 107: train_loss = 0.280619  MAE/GAME0 = 11.841  RMSE = 31.235  GAME1 = 12.610  GAME2 = 13.379  GAME3 = 13.906  lr = 4.59e-05  time = 19.8s
[e108 s0001/1030] loss = 0.200002
[e108 s0050/1030] loss = 0.108090
[e108 s0100/1030] loss = 0.132579
[e108 s0150/1030] loss = 0.145918
[e108 s0200/1030] loss = 0.143280
[e108 s0250/1030] loss = 0.159759
[e108 s0300/1030] loss = 0.157172
[e108 s0350/1030] loss = 0.166357
[e108 s0400/1030] loss = 0.171104
[e108 s0450/1030] loss = 0.384895
[e108 s0500/1030] loss = 0.368133
[e108 s0550/1030] loss = 0.346483
[e108 s0600/1030] loss = 0.335088
[e108 s0650/1030] loss = 0.318090
[e108 s0700/1030] loss = 0.311561
[e108 s0750/1030] loss = 0.300438
[e108 s0800/1030] loss = 0.305249
[e108 s0850/1030] loss = 0.294541
[e108 s0900/1030] loss = 0.286398
[e108 s0950/1030] loss = 0.293028
[e108 s1000/1030] loss = 0.285732
Epoch 108: train_loss = 0.280554  MAE/GAME0 = 11.223  RMSE = 32.279  GAME1 = 12.237  GAME2 = 13.269  GAME3 = 13.925  lr = 4.57e-05  time = 19.6s
[e109 s0001/1030] loss = 0.713954
[e109 s0050/1030] loss = 0.302443
[e109 s0100/1030] loss = 0.223524
[e109 s0150/1030] loss = 0.252008
[e109 s0200/1030] loss = 0.667906
[e109 s0250/1030] loss = 0.575378
[e109 s0300/1030] loss = 0.498061
[e109 s0350/1030] loss = 0.445336
[e109 s0400/1030] loss = 0.407379
[e109 s0450/1030] loss = 0.375124
[e109 s0500/1030] loss = 0.351718
[e109 s0550/1030] loss = 0.342659
[e109 s0600/1030] loss = 0.328786
[e109 s0650/1030] loss = 0.320206
[e109 s0700/1030] loss = 0.306318
[e109 s0750/1030] loss = 0.304204
[e109 s0800/1030] loss = 0.294225
[e109 s0850/1030] loss = 0.286380
[e109 s0900/1030] loss = 0.279349
[e109 s0950/1030] loss = 0.277530
[e109 s1000/1030] loss = 0.275569
Epoch 109: train_loss = 0.269733  MAE/GAME0 = 14.587  RMSE = 34.762  GAME1 = 14.928  GAME2 = 15.304  GAME3 = 15.596  lr = 4.56e-05  time = 19.9s
[e110 s0001/1030] loss = 0.020947
[e110 s0050/1030] loss = 0.142138
[e110 s0100/1030] loss = 0.146580
[e110 s0150/1030] loss = 0.140209
[e110 s0200/1030] loss = 0.140063
[e110 s0250/1030] loss = 0.182981
[e110 s0300/1030] loss = 0.190178
[e110 s0350/1030] loss = 0.184010
[e110 s0400/1030] loss = 0.174650
[e110 s0450/1030] loss = 0.191211
[e110 s0500/1030] loss = 0.356665
[e110 s0550/1030] loss = 0.336474
[e110 s0600/1030] loss = 0.317600
[e110 s0650/1030] loss = 0.301862
[e110 s0700/1030] loss = 0.293590
[e110 s0750/1030] loss = 0.286357
[e110 s0800/1030] loss = 0.282882
[e110 s0850/1030] loss = 0.276090
[e110 s0900/1030] loss = 0.270522
[e110 s0950/1030] loss = 0.269581
[e110 s1000/1030] loss = 0.263278
Epoch 110: train_loss = 0.260482  MAE/GAME0 = 10.336  RMSE = 29.885  GAME1 = 11.576  GAME2 = 12.687  GAME3 = 13.425  lr = 4.55e-05  time = 19.8s
[e111 s0001/1030] loss = 0.010434
[e111 s0050/1030] loss = 2.364276
[e111 s0100/1030] loss = 1.242333
[e111 s0150/1030] loss = 0.879857
[e111 s0200/1030] loss = 0.681948
[e111 s0250/1030] loss = 0.577792
[e111 s0300/1030] loss = 0.505505
[e111 s0350/1030] loss = 0.482233
[e111 s0400/1030] loss = 0.448941
[e111 s0450/1030] loss = 0.418024
[e111 s0500/1030] loss = 0.391763
[e111 s0550/1030] loss = 0.373772
[e111 s0600/1030] loss = 0.357812
[e111 s0650/1030] loss = 0.341894
[e111 s0700/1030] loss = 0.328568
[e111 s0750/1030] loss = 0.314538
[e111 s0800/1030] loss = 0.303281
[e111 s0850/1030] loss = 0.299295
[e111 s0900/1030] loss = 0.292288
[e111 s0950/1030] loss = 0.288460
[e111 s1000/1030] loss = 0.284688
Epoch 111: train_loss = 0.279821  MAE/GAME0 = 11.422  RMSE = 32.204  GAME1 = 12.308  GAME2 = 13.182  GAME3 = 13.775  lr = 4.54e-05  time = 19.9s
[e112 s0001/1030] loss = 1.009824
[e112 s0050/1030] loss = 0.162566
[e112 s0100/1030] loss = 0.159916
[e112 s0150/1030] loss = 0.157611
[e112 s0200/1030] loss = 0.649407
[e112 s0250/1030] loss = 0.543641
[e112 s0300/1030] loss = 0.479509
[e112 s0350/1030] loss = 0.429569
[e112 s0400/1030] loss = 0.391645
[e112 s0450/1030] loss = 0.370563
[e112 s0500/1030] loss = 0.351097
[e112 s0550/1030] loss = 0.336538
[e112 s0600/1030] loss = 0.323508
[e112 s0650/1030] loss = 0.321579
[e112 s0700/1030] loss = 0.314926
[e112 s0750/1030] loss = 0.315203
[e112 s0800/1030] loss = 0.314727
[e112 s0850/1030] loss = 0.307323
[e112 s0900/1030] loss = 0.296156
[e112 s0950/1030] loss = 0.285596
[e112 s1000/1030] loss = 0.277113
Epoch 112: train_loss = 0.271432  MAE/GAME0 = 10.764  RMSE = 30.247  GAME1 = 11.872  GAME2 = 13.096  GAME3 = 13.744  lr = 4.52e-05  time = 19.6s
[e113 s0001/1030] loss = 0.081897
[e113 s0050/1030] loss = 0.119034
[e113 s0100/1030] loss = 0.107156
[e113 s0150/1030] loss = 0.108094
[e113 s0200/1030] loss = 0.118411
[e113 s0250/1030] loss = 0.131849
[e113 s0300/1030] loss = 0.149573
[e113 s0350/1030] loss = 0.148812
[e113 s0400/1030] loss = 0.147101
[e113 s0450/1030] loss = 0.152403
[e113 s0500/1030] loss = 0.152051
[e113 s0550/1030] loss = 0.171096
[e113 s0600/1030] loss = 0.167628
[e113 s0650/1030] loss = 0.171984
[e113 s0700/1030] loss = 0.168146
[e113 s0750/1030] loss = 0.181579
[e113 s0800/1030] loss = 0.180442
[e113 s0850/1030] loss = 0.176592
[e113 s0900/1030] loss = 0.178501
[e113 s0950/1030] loss = 0.178483
[e113 s1000/1030] loss = 0.177588
Epoch 113: train_loss = 0.287482  MAE/GAME0 = 11.147  RMSE = 30.617  GAME1 = 11.980  GAME2 = 12.810  GAME3 = 13.401  lr = 4.51e-05  time = 19.6s
[e114 s0001/1030] loss = 0.140378
[e114 s0050/1030] loss = 0.248846
[e114 s0100/1030] loss = 0.207995
[e114 s0150/1030] loss = 0.172939
[e114 s0200/1030] loss = 0.164773
[e114 s0250/1030] loss = 0.159457
[e114 s0300/1030] loss = 0.165010
[e114 s0350/1030] loss = 0.166077
[e114 s0400/1030] loss = 0.167296
[e114 s0450/1030] loss = 0.169143
[e114 s0500/1030] loss = 0.172198
[e114 s0550/1030] loss = 0.167313
[e114 s0600/1030] loss = 0.165589
[e114 s0650/1030] loss = 0.166874
[e114 s0700/1030] loss = 0.167205
[e114 s0750/1030] loss = 0.168511
[e114 s0800/1030] loss = 0.177724
[e114 s0850/1030] loss = 0.172451
[e114 s0900/1030] loss = 0.275022
[e114 s0950/1030] loss = 0.268595
[e114 s1000/1030] loss = 0.259285
Epoch 114: train_loss = 0.257943  MAE/GAME0 = 13.314  RMSE = 35.152  GAME1 = 14.078  GAME2 = 15.092  GAME3 = 15.538  lr = 4.50e-05  time = 19.4s
[e115 s0001/1030] loss = 0.028259
[e115 s0050/1030] loss = 0.188237
[e115 s0100/1030] loss = 0.166978
[e115 s0150/1030] loss = 0.199537
[e115 s0200/1030] loss = 0.203254
[e115 s0250/1030] loss = 0.196047
[e115 s0300/1030] loss = 0.200069
[e115 s0350/1030] loss = 0.189741
[e115 s0400/1030] loss = 0.417534
[e115 s0450/1030] loss = 0.388495
[e115 s0500/1030] loss = 0.361302
[e115 s0550/1030] loss = 0.349926
[e115 s0600/1030] loss = 0.331518
[e115 s0650/1030] loss = 0.316398
[e115 s0700/1030] loss = 0.305593
[e115 s0750/1030] loss = 0.296936
[e115 s0800/1030] loss = 0.287629
[e115 s0850/1030] loss = 0.280433
[e115 s0900/1030] loss = 0.270568
[e115 s0950/1030] loss = 0.269769
[e115 s1000/1030] loss = 0.263442
Epoch 115: train_loss = 0.258068  MAE/GAME0 = 10.821  RMSE = 29.724  GAME1 = 11.919  GAME2 = 12.952  GAME3 = 13.589  lr = 4.48e-05  time = 18.9s
[e116 s0001/1030] loss = 0.695593
[e116 s0050/1030] loss = 0.194574
[e116 s0100/1030] loss = 0.176159
[e116 s0150/1030] loss = 0.210519
[e116 s0200/1030] loss = 0.211766
[e116 s0250/1030] loss = 0.196188
[e116 s0300/1030] loss = 0.187424
[e116 s0350/1030] loss = 0.176443
[e116 s0400/1030] loss = 0.171344
[e116 s0450/1030] loss = 0.185293
[e116 s0500/1030] loss = 0.186711
[e116 s0550/1030] loss = 0.380425
[e116 s0600/1030] loss = 0.358924
[e116 s0650/1030] loss = 0.344421
[e116 s0700/1030] loss = 0.332957
[e116 s0750/1030] loss = 0.320118
[e116 s0800/1030] loss = 0.308125
[e116 s0850/1030] loss = 0.306384
[e116 s0900/1030] loss = 0.297934
[e116 s0950/1030] loss = 0.287746
[e116 s1000/1030] loss = 0.279222
Epoch 116: train_loss = 0.274438  MAE/GAME0 = 11.135  RMSE = 32.352  GAME1 = 12.245  GAME2 = 13.133  GAME3 = 13.848  lr = 4.47e-05  time = 18.8s
[e117 s0001/1030] loss = 0.083744
[e117 s0050/1030] loss = 0.189135
[e117 s0100/1030] loss = 0.167337
[e117 s0150/1030] loss = 0.178534
[e117 s0200/1030] loss = 0.163821
[e117 s0250/1030] loss = 0.175142
[e117 s0300/1030] loss = 0.178598
[e117 s0350/1030] loss = 0.173164
[e117 s0400/1030] loss = 0.163631
[e117 s0450/1030] loss = 0.165397
[e117 s0500/1030] loss = 0.166812
[e117 s0550/1030] loss = 0.159301
[e117 s0600/1030] loss = 0.171091
[e117 s0650/1030] loss = 0.168969
[e117 s0700/1030] loss = 0.175266
[e117 s0750/1030] loss = 0.297287
[e117 s0800/1030] loss = 0.288724
[e117 s0850/1030] loss = 0.280067
[e117 s0900/1030] loss = 0.276108
[e117 s0950/1030] loss = 0.270151
[e117 s1000/1030] loss = 0.264504
Epoch 117: train_loss = 0.260165  MAE/GAME0 = 11.251  RMSE = 32.203  GAME1 = 12.317  GAME2 = 13.238  GAME3 = 13.848  lr = 4.46e-05  time = 19.0s
[e118 s0001/1030] loss = 0.005279
[e118 s0050/1030] loss = 0.110833
[e118 s0100/1030] loss = 0.144234
[e118 s0150/1030] loss = 0.188290
[e118 s0200/1030] loss = 0.212271
[e118 s0250/1030] loss = 0.204231
[e118 s0300/1030] loss = 0.191429
[e118 s0350/1030] loss = 0.193613
[e118 s0400/1030] loss = 0.186939
[e118 s0450/1030] loss = 0.191293
[e118 s0500/1030] loss = 0.188738
[e118 s0550/1030] loss = 0.384242
[e118 s0600/1030] loss = 0.363845
[e118 s0650/1030] loss = 0.351772
[e118 s0700/1030] loss = 0.341174
[e118 s0750/1030] loss = 0.328837
[e118 s0800/1030] loss = 0.321378
[e118 s0850/1030] loss = 0.308845
[e118 s0900/1030] loss = 0.298856
[e118 s0950/1030] loss = 0.302144
[e118 s1000/1030] loss = 0.297135
Epoch 118: train_loss = 0.294922  MAE/GAME0 = 10.500  RMSE = 29.307  GAME1 = 11.634  GAME2 = 12.791  GAME3 = 13.513  lr = 4.44e-05  time = 19.5s
[e119 s0001/1030] loss = 0.042691
[e119 s0050/1030] loss = 0.183883
[e119 s0100/1030] loss = 0.147354
[e119 s0150/1030] loss = 0.143854
[e119 s0200/1030] loss = 0.158870
[e119 s0250/1030] loss = 0.164434
[e119 s0300/1030] loss = 0.173245
[e119 s0350/1030] loss = 0.174152
[e119 s0400/1030] loss = 0.174049
[e119 s0450/1030] loss = 0.180687
[e119 s0500/1030] loss = 0.179252
[e119 s0550/1030] loss = 0.175445
[e119 s0600/1030] loss = 0.335932
[e119 s0650/1030] loss = 0.319382
[e119 s0700/1030] loss = 0.310049
[e119 s0750/1030] loss = 0.295942
[e119 s0800/1030] loss = 0.285130
[e119 s0850/1030] loss = 0.276082
[e119 s0900/1030] loss = 0.268224
[e119 s0950/1030] loss = 0.261861
[e119 s1000/1030] loss = 0.263288
Epoch 119: train_loss = 0.259649  MAE/GAME0 = 10.692  RMSE = 30.338  GAME1 = 11.757  GAME2 = 12.892  GAME3 = 13.552  lr = 4.43e-05  time = 20.0s
[e120 s0001/1030] loss = 0.023884
[e120 s0050/1030] loss = 0.140148
[e120 s0100/1030] loss = 0.148187
[e120 s0150/1030] loss = 0.136922
[e120 s0200/1030] loss = 0.152108
[e120 s0250/1030] loss = 0.537481
[e120 s0300/1030] loss = 0.477670
[e120 s0350/1030] loss = 0.433490
[e120 s0400/1030] loss = 0.396998
[e120 s0450/1030] loss = 0.365532
[e120 s0500/1030] loss = 0.342870
[e120 s0550/1030] loss = 0.331091
[e120 s0600/1030] loss = 0.317037
[e120 s0650/1030] loss = 0.306880
[e120 s0700/1030] loss = 0.298225
[e120 s0750/1030] loss = 0.284318
[e120 s0800/1030] loss = 0.276165
[e120 s0850/1030] loss = 0.276644
[e120 s0900/1030] loss = 0.278207
[e120 s0950/1030] loss = 0.273267
[e120 s1000/1030] loss = 0.267302
Epoch 120: train_loss = 0.264878  MAE/GAME0 = 10.759  RMSE = 29.636  GAME1 = 11.762  GAME2 = 12.669  GAME3 = 13.304  lr = 4.42e-05  time = 19.5s
[e121 s0001/1030] loss = 0.006307
[e121 s0050/1030] loss = 0.242768
[e121 s0100/1030] loss = 0.227627
[e121 s0150/1030] loss = 0.219105
[e121 s0200/1030] loss = 0.198559
[e121 s0250/1030] loss = 0.179361
[e121 s0300/1030] loss = 0.169513
[e121 s0350/1030] loss = 0.164441
[e121 s0400/1030] loss = 0.165566
[e121 s0450/1030] loss = 0.355791
[e121 s0500/1030] loss = 0.336838
[e121 s0550/1030] loss = 0.323759
[e121 s0600/1030] loss = 0.311696
[e121 s0650/1030] loss = 0.305959
[e121 s0700/1030] loss = 0.300329
[e121 s0750/1030] loss = 0.291046
[e121 s0800/1030] loss = 0.286685
[e121 s0850/1030] loss = 0.281664
[e121 s0900/1030] loss = 0.273728
[e121 s0950/1030] loss = 0.266250
[e121 s1000/1030] loss = 0.259102
Epoch 121: train_loss = 0.254126  MAE/GAME0 = 12.284  RMSE = 33.179  GAME1 = 13.179  GAME2 = 14.105  GAME3 = 14.581  lr = 4.40e-05  time = 19.7s
[e122 s0001/1030] loss = 0.020442
[e122 s0050/1030] loss = 0.106912
[e122 s0100/1030] loss = 0.107240
[e122 s0150/1030] loss = 0.115567
[e122 s0200/1030] loss = 0.125694
[e122 s0250/1030] loss = 0.121328
[e122 s0300/1030] loss = 0.119169
[e122 s0350/1030] loss = 0.141604
[e122 s0400/1030] loss = 0.168709
[e122 s0450/1030] loss = 0.167743
[e122 s0500/1030] loss = 0.180569
[e122 s0550/1030] loss = 0.190811
[e122 s0600/1030] loss = 0.191961
[e122 s0650/1030] loss = 0.188266
[e122 s0700/1030] loss = 0.184351
[e122 s0750/1030] loss = 0.183172
[e122 s0800/1030] loss = 0.179567
[e122 s0850/1030] loss = 0.177504
[e122 s0900/1030] loss = 0.279168
[e122 s0950/1030] loss = 0.269712
[e122 s1000/1030] loss = 0.264447
Epoch 122: train_loss = 0.259741  MAE/GAME0 = 10.587  RMSE = 30.130  GAME1 = 11.658  GAME2 = 13.046  GAME3 = 13.772  lr = 4.39e-05  time = 19.2s
[e123 s0001/1030] loss = 0.018422
[e123 s0050/1030] loss = 0.116813
[e123 s0100/1030] loss = 0.127596
[e123 s0150/1030] loss = 0.137722
[e123 s0200/1030] loss = 0.137750
[e123 s0250/1030] loss = 0.138410
[e123 s0300/1030] loss = 0.143648
[e123 s0350/1030] loss = 0.440878
[e123 s0400/1030] loss = 0.407369
[e123 s0450/1030] loss = 0.387073
[e123 s0500/1030] loss = 0.357093
[e123 s0550/1030] loss = 0.370762
[e123 s0600/1030] loss = 0.360641
[e123 s0650/1030] loss = 0.344497
[e123 s0700/1030] loss = 0.331957
[e123 s0750/1030] loss = 0.318641
[e123 s0800/1030] loss = 0.310406
[e123 s0850/1030] loss = 0.300199
[e123 s0900/1030] loss = 0.290738
[e123 s0950/1030] loss = 0.292492
[e123 s1000/1030] loss = 0.284674
Epoch 123: train_loss = 0.281465  MAE/GAME0 = 10.709  RMSE = 31.506  GAME1 = 11.798  GAME2 = 12.800  GAME3 = 13.557  lr = 4.37e-05  time = 18.2s
[e124 s0001/1030] loss = 0.038942
[e124 s0050/1030] loss = 0.144884
[e124 s0100/1030] loss = 0.148538
[e124 s0150/1030] loss = 0.159155
[e124 s0200/1030] loss = 0.158554
[e124 s0250/1030] loss = 0.185465
[e124 s0300/1030] loss = 0.198205
[e124 s0350/1030] loss = 0.209578
[e124 s0400/1030] loss = 0.202396
[e124 s0450/1030] loss = 0.194471
[e124 s0500/1030] loss = 0.193601
[e124 s0550/1030] loss = 0.188166
[e124 s0600/1030] loss = 0.199581
[e124 s0650/1030] loss = 0.198979
[e124 s0700/1030] loss = 0.192727
[e124 s0750/1030] loss = 0.194916
[e124 s0800/1030] loss = 0.192040
[e124 s0850/1030] loss = 0.189515
[e124 s0900/1030] loss = 0.297759
[e124 s0950/1030] loss = 0.287442
[e124 s1000/1030] loss = 0.279488
Epoch 124: train_loss = 0.275713  MAE/GAME0 = 10.970  RMSE = 31.554  GAME1 = 11.852  GAME2 = 12.747  GAME3 = 13.383  lr = 4.36e-05  time = 19.3s
[e125 s0001/1030] loss = 0.020916
[e125 s0050/1030] loss = 0.256492
[e125 s0100/1030] loss = 0.210849
[e125 s0150/1030] loss = 0.198248
[e125 s0200/1030] loss = 0.187541
[e125 s0250/1030] loss = 0.232712
[e125 s0300/1030] loss = 0.232376
[e125 s0350/1030] loss = 0.226250
[e125 s0400/1030] loss = 0.207405
[e125 s0450/1030] loss = 0.199250
[e125 s0500/1030] loss = 0.193719
[e125 s0550/1030] loss = 0.186889
[e125 s0600/1030] loss = 0.190812
[e125 s0650/1030] loss = 0.189289
[e125 s0700/1030] loss = 0.184292
[e125 s0750/1030] loss = 0.181377
[e125 s0800/1030] loss = 0.179377
[e125 s0850/1030] loss = 0.174360
[e125 s0900/1030] loss = 0.171739
[e125 s0950/1030] loss = 0.170589
[e125 s1000/1030] loss = 0.277498
Epoch 125: train_loss = 0.273861  MAE/GAME0 = 10.972  RMSE = 32.228  GAME1 = 11.986  GAME2 = 12.914  GAME3 = 13.579  lr = 4.34e-05  time = 19.1s
[e126 s0001/1030] loss = 0.016320
[e126 s0050/1030] loss = 0.138038
[e126 s0100/1030] loss = 0.134766
[e126 s0150/1030] loss = 0.834695
[e126 s0200/1030] loss = 0.671622
[e126 s0250/1030] loss = 0.597807
[e126 s0300/1030] loss = 0.525391
[e126 s0350/1030] loss = 0.471866
[e126 s0400/1030] loss = 0.439288
[e126 s0450/1030] loss = 0.407906
[e126 s0500/1030] loss = 0.384655
[e126 s0550/1030] loss = 0.386583
[e126 s0600/1030] loss = 0.363512
[e126 s0650/1030] loss = 0.348740
[e126 s0700/1030] loss = 0.331814
[e126 s0750/1030] loss = 0.316865
[e126 s0800/1030] loss = 0.308467
[e126 s0850/1030] loss = 0.302208
[e126 s0900/1030] loss = 0.293375
[e126 s0950/1030] loss = 0.284457
[e126 s1000/1030] loss = 0.284286
Epoch 126: train_loss = 0.282000  MAE/GAME0 = 10.521  RMSE = 29.461  GAME1 = 11.504  GAME2 = 12.465  GAME3 = 13.097  lr = 4.33e-05  time = 19.4s
[e127 s0001/1030] loss = 0.026963
[e127 s0050/1030] loss = 0.258246
[e127 s0100/1030] loss = 0.230253
[e127 s0150/1030] loss = 0.203650
[e127 s0200/1030] loss = 0.182055
[e127 s0250/1030] loss = 0.175435
[e127 s0300/1030] loss = 0.194722
[e127 s0350/1030] loss = 0.184142
[e127 s0400/1030] loss = 0.175690
[e127 s0450/1030] loss = 0.171207
[e127 s0500/1030] loss = 0.164491
[e127 s0550/1030] loss = 0.181608
[e127 s0600/1030] loss = 0.183855
[e127 s0650/1030] loss = 0.181187
[e127 s0700/1030] loss = 0.175158
[e127 s0750/1030] loss = 0.173626
[e127 s0800/1030] loss = 0.169578
[e127 s0850/1030] loss = 0.166320
[e127 s0900/1030] loss = 0.165336
[e127 s0950/1030] loss = 0.167488
[e127 s1000/1030] loss = 0.254501
Epoch 127: train_loss = 0.251804  MAE/GAME0 = 10.170  RMSE = 28.744  GAME1 = 11.402  GAME2 = 12.702  GAME3 = 13.478  lr = 4.31e-05  time = 19.6s
[e128 s0001/1030] loss = 0.241679
[e128 s0050/1030] loss = 0.157344
[e128 s0100/1030] loss = 0.134765
[e128 s0150/1030] loss = 0.140767
[e128 s0200/1030] loss = 0.142021
[e128 s0250/1030] loss = 0.141123
[e128 s0300/1030] loss = 0.151236
[e128 s0350/1030] loss = 0.143002
[e128 s0400/1030] loss = 0.146673
[e128 s0450/1030] loss = 0.152149
[e128 s0500/1030] loss = 0.150215
[e128 s0550/1030] loss = 0.145776
[e128 s0600/1030] loss = 0.144118
[e128 s0650/1030] loss = 0.147497
[e128 s0700/1030] loss = 0.147297
[e128 s0750/1030] loss = 0.148852
[e128 s0800/1030] loss = 0.160376
[e128 s0850/1030] loss = 0.157823
[e128 s0900/1030] loss = 0.268874
[e128 s0950/1030] loss = 0.270032
[e128 s1000/1030] loss = 0.263731
Epoch 128: train_loss = 0.266424  MAE/GAME0 = 10.834  RMSE = 31.111  GAME1 = 12.065  GAME2 = 13.394  GAME3 = 14.147  lr = 4.30e-05  time = 19.5s
[e129 s0001/1030] loss = 0.021985
[e129 s0050/1030] loss = 0.122993
[e129 s0100/1030] loss = 0.131860
[e129 s0150/1030] loss = 0.133185
[e129 s0200/1030] loss = 0.130499
[e129 s0250/1030] loss = 0.129889
[e129 s0300/1030] loss = 0.135383
[e129 s0350/1030] loss = 0.143562
[e129 s0400/1030] loss = 0.137993
[e129 s0450/1030] loss = 0.154186
[e129 s0500/1030] loss = 0.152631
[e129 s0550/1030] loss = 0.153178
[e129 s0600/1030] loss = 0.152596
[e129 s0650/1030] loss = 0.167263
[e129 s0700/1030] loss = 0.166447
[e129 s0750/1030] loss = 0.165846
[e129 s0800/1030] loss = 0.165967
[e129 s0850/1030] loss = 0.164664
[e129 s0900/1030] loss = 0.268760
[e129 s0950/1030] loss = 0.262747
[e129 s1000/1030] loss = 0.258649
Epoch 129: train_loss = 0.256152  MAE/GAME0 = 12.350  RMSE = 33.572  GAME1 = 13.140  GAME2 = 14.082  GAME3 = 14.664  lr = 4.28e-05  time = 19.1s
[e130 s0001/1030] loss = 0.362932
[e130 s0050/1030] loss = 0.128125
[e130 s0100/1030] loss = 0.141646
[e130 s0150/1030] loss = 0.135285
[e130 s0200/1030] loss = 0.149487
[e130 s0250/1030] loss = 0.145174
[e130 s0300/1030] loss = 0.138592
[e130 s0350/1030] loss = 0.135984
[e130 s0400/1030] loss = 0.138347
[e130 s0450/1030] loss = 0.138826
[e130 s0500/1030] loss = 0.141235
[e130 s0550/1030] loss = 0.136523
[e130 s0600/1030] loss = 0.150394
[e130 s0650/1030] loss = 0.150168
[e130 s0700/1030] loss = 0.146870
[e130 s0750/1030] loss = 0.152916
[e130 s0800/1030] loss = 0.153090
[e130 s0850/1030] loss = 0.152288
[e130 s0900/1030] loss = 0.258912
[e130 s0950/1030] loss = 0.259632
[e130 s1000/1030] loss = 0.251973
Epoch 130: train_loss = 0.247068  MAE/GAME0 = 10.800  RMSE = 29.896  GAME1 = 11.916  GAME2 = 13.227  GAME3 = 13.898  lr = 4.27e-05  time = 19.7s
[e131 s0001/1030] loss = 0.255516
[e131 s0050/1030] loss = 0.154035
[e131 s0100/1030] loss = 0.153673
[e131 s0150/1030] loss = 0.168060
[e131 s0200/1030] loss = 0.168043
[e131 s0250/1030] loss = 0.161745
[e131 s0300/1030] loss = 0.153199
[e131 s0350/1030] loss = 0.146312
[e131 s0400/1030] loss = 0.150904
[e131 s0450/1030] loss = 0.146882
[e131 s0500/1030] loss = 0.146205
[e131 s0550/1030] loss = 0.146155
[e131 s0600/1030] loss = 0.147155
[e131 s0650/1030] loss = 0.150087
[e131 s0700/1030] loss = 0.148536
[e131 s0750/1030] loss = 0.151596
[e131 s0800/1030] loss = 0.151037
[e131 s0850/1030] loss = 0.259028
[e131 s0900/1030] loss = 0.261850
[e131 s0950/1030] loss = 0.254509
[e131 s1000/1030] loss = 0.247161
Epoch 131: train_loss = 0.251133  MAE/GAME0 = 10.973  RMSE = 31.158  GAME1 = 12.024  GAME2 = 13.197  GAME3 = 13.829  lr = 4.25e-05  time = 19.2s
[e132 s0001/1030] loss = 0.309589
[e132 s0050/1030] loss = 0.114336
[e132 s0100/1030] loss = 0.133560
[e132 s0150/1030] loss = 0.140282
[e132 s0200/1030] loss = 0.158121
[e132 s0250/1030] loss = 0.155792
[e132 s0300/1030] loss = 0.168212
[e132 s0350/1030] loss = 0.158615
[e132 s0400/1030] loss = 0.155879
[e132 s0450/1030] loss = 0.150190
[e132 s0500/1030] loss = 0.153429
[e132 s0550/1030] loss = 0.156779
[e132 s0600/1030] loss = 0.153971
[e132 s0650/1030] loss = 0.153141
[e132 s0700/1030] loss = 0.153758
[e132 s0750/1030] loss = 0.153827
[e132 s0800/1030] loss = 0.155238
[e132 s0850/1030] loss = 0.157723
[e132 s0900/1030] loss = 0.156169
[e132 s0950/1030] loss = 0.153193
[e132 s1000/1030] loss = 0.247009
Epoch 132: train_loss = 0.243668  MAE/GAME0 = 12.933  RMSE = 33.376  GAME1 = 13.658  GAME2 = 14.383  GAME3 = 14.825  lr = 4.24e-05  time = 19.9s
[e133 s0001/1030] loss = 0.198499
[e133 s0050/1030] loss = 0.123476
[e133 s0100/1030] loss = 0.148399
[e133 s0150/1030] loss = 0.149862
[e133 s0200/1030] loss = 0.151005
[e133 s0250/1030] loss = 0.152677
[e133 s0300/1030] loss = 0.159306
[e133 s0350/1030] loss = 0.181768
[e133 s0400/1030] loss = 0.185367
[e133 s0450/1030] loss = 0.179161
[e133 s0500/1030] loss = 0.188364
[e133 s0550/1030] loss = 0.182412
[e133 s0600/1030] loss = 0.176820
[e133 s0650/1030] loss = 0.172528
[e133 s0700/1030] loss = 0.187777
[e133 s0750/1030] loss = 0.293613
[e133 s0800/1030] loss = 0.282525
[e133 s0850/1030] loss = 0.275371
[e133 s0900/1030] loss = 0.269048
[e133 s0950/1030] loss = 0.260635
[e133 s1000/1030] loss = 0.253075
Epoch 133: train_loss = 0.250949  MAE/GAME0 = 10.509  RMSE = 30.085  GAME1 = 11.801  GAME2 = 12.818  GAME3 = 13.476  lr = 4.22e-05  time = 19.5s
[e134 s0001/1030] loss = 0.054003
[e134 s0050/1030] loss = 0.103585
[e134 s0100/1030] loss = 0.138820
[e134 s0150/1030] loss = 0.151107
[e134 s0200/1030] loss = 0.133859
[e134 s0250/1030] loss = 0.502397
[e134 s0300/1030] loss = 0.437936
[e134 s0350/1030] loss = 0.399437
[e134 s0400/1030] loss = 0.374572
[e134 s0450/1030] loss = 0.351356
[e134 s0500/1030] loss = 0.331038
[e134 s0550/1030] loss = 0.326282
[e134 s0600/1030] loss = 0.307673
[e134 s0650/1030] loss = 0.292664
[e134 s0700/1030] loss = 0.279049
[e134 s0750/1030] loss = 0.267285
[e134 s0800/1030] loss = 0.257001
[e134 s0850/1030] loss = 0.255317
[e134 s0900/1030] loss = 0.248818
[e134 s0950/1030] loss = 0.245387
[e134 s1000/1030] loss = 0.238370
Epoch 134: train_loss = 0.235187  MAE/GAME0 = 10.605  RMSE = 30.071  GAME1 = 11.528  GAME2 = 12.417  GAME3 = 13.066  lr = 4.21e-05  time = 20.0s
[e135 s0001/1030] loss = 0.041960
[e135 s0050/1030] loss = 0.142833
[e135 s0100/1030] loss = 0.109607
[e135 s0150/1030] loss = 0.117603
[e135 s0200/1030] loss = 0.118360
[e135 s0250/1030] loss = 0.488309
[e135 s0300/1030] loss = 0.425943
[e135 s0350/1030] loss = 0.379365
[e135 s0400/1030] loss = 0.365671
[e135 s0450/1030] loss = 0.353290
[e135 s0500/1030] loss = 0.332990
[e135 s0550/1030] loss = 0.314040
[e135 s0600/1030] loss = 0.297711
[e135 s0650/1030] loss = 0.286936
[e135 s0700/1030] loss = 0.278485
[e135 s0750/1030] loss = 0.272258
[e135 s0800/1030] loss = 0.260281
[e135 s0850/1030] loss = 0.251372
[e135 s0900/1030] loss = 0.251436
[e135 s0950/1030] loss = 0.247753
[e135 s1000/1030] loss = 0.242934
Epoch 135: train_loss = 0.241122  MAE/GAME0 = 10.967  RMSE = 30.848  GAME1 = 11.962  GAME2 = 12.890  GAME3 = 13.509  lr = 4.19e-05  time = 20.1s
[e136 s0001/1030] loss = 0.134236
[e136 s0050/1030] loss = 0.286989
[e136 s0100/1030] loss = 0.220610
[e136 s0150/1030] loss = 0.189533
[e136 s0200/1030] loss = 0.219501
[e136 s0250/1030] loss = 0.210698
[e136 s0300/1030] loss = 0.194916
[e136 s0350/1030] loss = 0.188007
[e136 s0400/1030] loss = 0.180553
[e136 s0450/1030] loss = 0.173993
[e136 s0500/1030] loss = 0.354929
[e136 s0550/1030] loss = 0.337230
[e136 s0600/1030] loss = 0.319192
[e136 s0650/1030] loss = 0.306818
[e136 s0700/1030] loss = 0.293426
[e136 s0750/1030] loss = 0.280832
[e136 s0800/1030] loss = 0.273231
[e136 s0850/1030] loss = 0.266700
[e136 s0900/1030] loss = 0.257557
[e136 s0950/1030] loss = 0.250723
[e136 s1000/1030] loss = 0.246048
Epoch 136: train_loss = 0.242436  MAE/GAME0 = 12.244  RMSE = 32.511  GAME1 = 13.052  GAME2 = 13.815  GAME3 = 14.292  lr = 4.17e-05  time = 19.5s
[e137 s0001/1030] loss = 0.102964
[e137 s0050/1030] loss = 0.123606
[e137 s0100/1030] loss = 0.131645
[e137 s0150/1030] loss = 0.127160
[e137 s0200/1030] loss = 0.141411
[e137 s0250/1030] loss = 0.143357
[e137 s0300/1030] loss = 0.140933
[e137 s0350/1030] loss = 0.137357
[e137 s0400/1030] loss = 0.138353
[e137 s0450/1030] loss = 0.137829
[e137 s0500/1030] loss = 0.323488
[e137 s0550/1030] loss = 0.310084
[e137 s0600/1030] loss = 0.304642
[e137 s0650/1030] loss = 0.297937
[e137 s0700/1030] loss = 0.285466
[e137 s0750/1030] loss = 0.278805
[e137 s0800/1030] loss = 0.269308
[e137 s0850/1030] loss = 0.259614
[e137 s0900/1030] loss = 0.253812
[e137 s0950/1030] loss = 0.247629
[e137 s1000/1030] loss = 0.243253
Epoch 137: train_loss = 0.240391  MAE/GAME0 = 10.462  RMSE = 29.104  GAME1 = 11.558  GAME2 = 12.765  GAME3 = 13.432  lr = 4.16e-05  time = 19.7s
[e138 s0001/1030] loss = 0.113425
[e138 s0050/1030] loss = 0.141175
[e138 s0100/1030] loss = 0.127786
[e138 s0150/1030] loss = 0.136550
[e138 s0200/1030] loss = 0.135464
[e138 s0250/1030] loss = 0.139520
[e138 s0300/1030] loss = 0.165841
[e138 s0350/1030] loss = 0.162755
[e138 s0400/1030] loss = 0.155412
[e138 s0450/1030] loss = 0.163514
[e138 s0500/1030] loss = 0.161601
[e138 s0550/1030] loss = 0.160128
[e138 s0600/1030] loss = 0.165445
[e138 s0650/1030] loss = 0.163190
[e138 s0700/1030] loss = 0.161391
[e138 s0750/1030] loss = 0.166110
[e138 s0800/1030] loss = 0.161423
[e138 s0850/1030] loss = 0.159048
[e138 s0900/1030] loss = 0.250007
[e138 s0950/1030] loss = 0.242967
[e138 s1000/1030] loss = 0.236157
Epoch 138: train_loss = 0.232936  MAE/GAME0 = 12.252  RMSE = 32.137  GAME1 = 13.138  GAME2 = 13.931  GAME3 = 14.401  lr = 4.14e-05  time = 19.6s
[e139 s0001/1030] loss = 0.029115
[e139 s0050/1030] loss = 1.573396
[e139 s0100/1030] loss = 0.859425
[e139 s0150/1030] loss = 0.613170
[e139 s0200/1030] loss = 0.482209
[e139 s0250/1030] loss = 0.420473
[e139 s0300/1030] loss = 0.382006
[e139 s0350/1030] loss = 0.350289
[e139 s0400/1030] loss = 0.327011
[e139 s0450/1030] loss = 0.312931
[e139 s0500/1030] loss = 0.297105
[e139 s0550/1030] loss = 0.284037
[e139 s0600/1030] loss = 0.273114
[e139 s0650/1030] loss = 0.267846
[e139 s0700/1030] loss = 0.258256
[e139 s0750/1030] loss = 0.253984
[e139 s0800/1030] loss = 0.250156
[e139 s0850/1030] loss = 0.243852
[e139 s0900/1030] loss = 0.239726
[e139 s0950/1030] loss = 0.234504
[e139 s1000/1030] loss = 0.231372
Epoch 139: train_loss = 0.230250  MAE/GAME0 = 11.924  RMSE = 32.752  GAME1 = 12.904  GAME2 = 13.877  GAME3 = 14.426  lr = 4.12e-05  time = 19.3s
[e140 s0001/1030] loss = 0.096737
[e140 s0050/1030] loss = 0.167208
[e140 s0100/1030] loss = 0.145832
[e140 s0150/1030] loss = 0.141067
[e140 s0200/1030] loss = 0.147957
[e140 s0250/1030] loss = 0.143423
[e140 s0300/1030] loss = 0.151430
[e140 s0350/1030] loss = 0.149509
[e140 s0400/1030] loss = 0.150863
[e140 s0450/1030] loss = 0.148011
[e140 s0500/1030] loss = 0.157506
[e140 s0550/1030] loss = 0.151821
[e140 s0600/1030] loss = 0.151353
[e140 s0650/1030] loss = 0.147722
[e140 s0700/1030] loss = 0.146630
[e140 s0750/1030] loss = 0.145691
[e140 s0800/1030] loss = 0.248280
[e140 s0850/1030] loss = 0.241697
[e140 s0900/1030] loss = 0.235336
[e140 s0950/1030] loss = 0.237784
[e140 s1000/1030] loss = 0.231693
Epoch 140: train_loss = 0.230288  MAE/GAME0 = 10.650  RMSE = 29.855  GAME1 = 11.667  GAME2 = 12.697  GAME3 = 13.316  lr = 4.11e-05  time = 19.3s
[e141 s0001/1030] loss = 0.026605
[e141 s0050/1030] loss = 0.185755
[e141 s0100/1030] loss = 0.184135
[e141 s0150/1030] loss = 0.171626
[e141 s0200/1030] loss = 0.157061
[e141 s0250/1030] loss = 0.158598
[e141 s0300/1030] loss = 0.151600
[e141 s0350/1030] loss = 0.146180
[e141 s0400/1030] loss = 0.146720
[e141 s0450/1030] loss = 0.155146
[e141 s0500/1030] loss = 0.152755
[e141 s0550/1030] loss = 0.151674
[e141 s0600/1030] loss = 0.301959
[e141 s0650/1030] loss = 0.290366
[e141 s0700/1030] loss = 0.275389
[e141 s0750/1030] loss = 0.266435
[e141 s0800/1030] loss = 0.257816
[e141 s0850/1030] loss = 0.250350
[e141 s0900/1030] loss = 0.243696
[e141 s0950/1030] loss = 0.235923
[e141 s1000/1030] loss = 0.239693
Epoch 141: train_loss = 0.237251  MAE/GAME0 = 10.274  RMSE = 29.362  GAME1 = 11.382  GAME2 = 12.545  GAME3 = 13.267  lr = 4.09e-05  time = 19.7s
[e142 s0001/1030] loss = 0.047558
[e142 s0050/1030] loss = 0.238221
[e142 s0100/1030] loss = 0.236042
[e142 s0150/1030] loss = 0.204211
[e142 s0200/1030] loss = 0.700758
[e142 s0250/1030] loss = 0.597592
[e142 s0300/1030] loss = 0.529311
[e142 s0350/1030] loss = 0.466885
[e142 s0400/1030] loss = 0.423639
[e142 s0450/1030] loss = 0.388799
[e142 s0500/1030] loss = 0.359707
[e142 s0550/1030] loss = 0.339803
[e142 s0600/1030] loss = 0.321514
[e142 s0650/1030] loss = 0.303494
[e142 s0700/1030] loss = 0.291784
[e142 s0750/1030] loss = 0.279839
[e142 s0800/1030] loss = 0.269956
[e142 s0850/1030] loss = 0.258550
[e142 s0900/1030] loss = 0.250824
[e142 s0950/1030] loss = 0.243441
[e142 s1000/1030] loss = 0.240055
Epoch 142: train_loss = 0.235388  MAE/GAME0 = 12.115  RMSE = 33.528  GAME1 = 12.856  GAME2 = 13.642  GAME3 = 14.146  lr = 4.07e-05  time = 19.6s
[e143 s0001/1030] loss = 0.304648
[e143 s0050/1030] loss = 0.076619
[e143 s0100/1030] loss = 0.167338
[e143 s0150/1030] loss = 0.148180
[e143 s0200/1030] loss = 0.142713
[e143 s0250/1030] loss = 0.140397
[e143 s0300/1030] loss = 0.134168
[e143 s0350/1030] loss = 0.136960
[e143 s0400/1030] loss = 0.140707
[e143 s0450/1030] loss = 0.142280
[e143 s0500/1030] loss = 0.137544
[e143 s0550/1030] loss = 0.142285
[e143 s0600/1030] loss = 0.148909
[e143 s0650/1030] loss = 0.146291
[e143 s0700/1030] loss = 0.143121
[e143 s0750/1030] loss = 0.140982
[e143 s0800/1030] loss = 0.253236
[e143 s0850/1030] loss = 0.245946
[e143 s0900/1030] loss = 0.240541
[e143 s0950/1030] loss = 0.234347
[e143 s1000/1030] loss = 0.229048
Epoch 143: train_loss = 0.226731  MAE/GAME0 = 10.909  RMSE = 29.492  GAME1 = 11.892  GAME2 = 12.883  GAME3 = 13.522  lr = 4.06e-05  time = 19.7s
[e144 s0001/1030] loss = 0.011559
[e144 s0050/1030] loss = 0.114148
[e144 s0100/1030] loss = 0.122073
[e144 s0150/1030] loss = 0.112683
[e144 s0200/1030] loss = 0.113340
[e144 s0250/1030] loss = 0.121935
[e144 s0300/1030] loss = 0.127875
[e144 s0350/1030] loss = 0.127924
[e144 s0400/1030] loss = 0.156063
[e144 s0450/1030] loss = 0.158976
[e144 s0500/1030] loss = 0.310617
[e144 s0550/1030] loss = 0.302752
[e144 s0600/1030] loss = 0.288339
[e144 s0650/1030] loss = 0.278782
[e144 s0700/1030] loss = 0.266774
[e144 s0750/1030] loss = 0.261449
[e144 s0800/1030] loss = 0.254973
[e144 s0850/1030] loss = 0.247318
[e144 s0900/1030] loss = 0.239953
[e144 s0950/1030] loss = 0.233562
[e144 s1000/1030] loss = 0.228178
Epoch 144: train_loss = 0.224291  MAE/GAME0 = 11.925  RMSE = 32.786  GAME1 = 12.730  GAME2 = 13.483  GAME3 = 13.999  lr = 4.04e-05  time = 19.7s
[e145 s0001/1030] loss = 1.297348
[e145 s0050/1030] loss = 0.155089
[e145 s0100/1030] loss = 0.158602
[e145 s0150/1030] loss = 0.141303
[e145 s0200/1030] loss = 0.134278
[e145 s0250/1030] loss = 0.140659
[e145 s0300/1030] loss = 0.139668
[e145 s0350/1030] loss = 0.135860
[e145 s0400/1030] loss = 0.132120
[e145 s0450/1030] loss = 0.140078
[e145 s0500/1030] loss = 0.132847
[e145 s0550/1030] loss = 0.132311
[e145 s0600/1030] loss = 0.135000
[e145 s0650/1030] loss = 0.133891
[e145 s0700/1030] loss = 0.272299
[e145 s0750/1030] loss = 0.268156
[e145 s0800/1030] loss = 0.256162
[e145 s0850/1030] loss = 0.248239
[e145 s0900/1030] loss = 0.238226
[e145 s0950/1030] loss = 0.233027
[e145 s1000/1030] loss = 0.227732
Epoch 145: train_loss = 0.229515  MAE/GAME0 = 11.532  RMSE = 33.006  GAME1 = 12.456  GAME2 = 13.294  GAME3 = 13.858  lr = 4.02e-05  time = 19.3s
[e146 s0001/1030] loss = 0.187209
[e146 s0050/1030] loss = 0.187218
[e146 s0100/1030] loss = 0.145019
[e146 s0150/1030] loss = 0.172420
[e146 s0200/1030] loss = 0.153487
[e146 s0250/1030] loss = 0.142513
[e146 s0300/1030] loss = 0.135703
[e146 s0350/1030] loss = 0.139254
[e146 s0400/1030] loss = 0.151267
[e146 s0450/1030] loss = 0.147895
[e146 s0500/1030] loss = 0.144364
[e146 s0550/1030] loss = 0.144115
[e146 s0600/1030] loss = 0.144153
[e146 s0650/1030] loss = 0.139630
[e146 s0700/1030] loss = 0.138338
[e146 s0750/1030] loss = 0.137429
[e146 s0800/1030] loss = 0.138928
[e146 s0850/1030] loss = 0.241059
[e146 s0900/1030] loss = 0.236198
[e146 s0950/1030] loss = 0.231216
[e146 s1000/1030] loss = 0.225791
Epoch 146: train_loss = 0.222932  MAE/GAME0 = 11.651  RMSE = 31.789  GAME1 = 12.440  GAME2 = 13.239  GAME3 = 13.804  lr = 4.01e-05  time = 19.3s
[e147 s0001/1030] loss = 0.021404
[e147 s0050/1030] loss = 0.149111
[e147 s0100/1030] loss = 0.131487
[e147 s0150/1030] loss = 0.151684
[e147 s0200/1030] loss = 0.157542
[e147 s0250/1030] loss = 0.158012
[e147 s0300/1030] loss = 0.157185
[e147 s0350/1030] loss = 0.153545
[e147 s0400/1030] loss = 0.161671
[e147 s0450/1030] loss = 0.160179
[e147 s0500/1030] loss = 0.155240
[e147 s0550/1030] loss = 0.155628
[e147 s0600/1030] loss = 0.150847
[e147 s0650/1030] loss = 0.146443
[e147 s0700/1030] loss = 0.142237
[e147 s0750/1030] loss = 0.260201
[e147 s0800/1030] loss = 0.247548
[e147 s0850/1030] loss = 0.239064
[e147 s0900/1030] loss = 0.232852
[e147 s0950/1030] loss = 0.226813
[e147 s1000/1030] loss = 0.220795
Epoch 147: train_loss = 0.218407  MAE/GAME0 = 10.194  RMSE = 28.374  GAME1 = 11.256  GAME2 = 12.276  GAME3 = 12.938  lr = 3.99e-05  time = 19.4s
[e148 s0001/1030] loss = 0.033915
[e148 s0050/1030] loss = 0.113243
[e148 s0100/1030] loss = 0.093995
[e148 s0150/1030] loss = 0.100983
[e148 s0200/1030] loss = 0.111510
[e148 s0250/1030] loss = 0.118495
[e148 s0300/1030] loss = 0.134225
[e148 s0350/1030] loss = 0.146445
[e148 s0400/1030] loss = 0.150099
[e148 s0450/1030] loss = 0.148965
[e148 s0500/1030] loss = 0.147897
[e148 s0550/1030] loss = 0.147570
[e148 s0600/1030] loss = 0.143311
[e148 s0650/1030] loss = 0.139080
[e148 s0700/1030] loss = 0.139975
[e148 s0750/1030] loss = 0.267435
[e148 s0800/1030] loss = 0.256575
[e148 s0850/1030] loss = 0.248422
[e148 s0900/1030] loss = 0.249389
[e148 s0950/1030] loss = 0.243116
[e148 s1000/1030] loss = 0.238015
Epoch 148: train_loss = 0.233457  MAE/GAME0 = 11.904  RMSE = 31.852  GAME1 = 12.751  GAME2 = 13.511  GAME3 = 14.053  lr = 3.97e-05  time = 19.6s
[e149 s0001/1030] loss = 0.033678
[e149 s0050/1030] loss = 0.180752
[e149 s0100/1030] loss = 0.194841
[e149 s0150/1030] loss = 0.160319
[e149 s0200/1030] loss = 0.160157
[e149 s0250/1030] loss = 0.156015
[e149 s0300/1030] loss = 0.153962
[e149 s0350/1030] loss = 0.148461
[e149 s0400/1030] loss = 0.147938
[e149 s0450/1030] loss = 0.141844
[e149 s0500/1030] loss = 0.143765
[e149 s0550/1030] loss = 0.138933
[e149 s0600/1030] loss = 0.138050
[e149 s0650/1030] loss = 0.140493
[e149 s0700/1030] loss = 0.141988
[e149 s0750/1030] loss = 0.257276
[e149 s0800/1030] loss = 0.252772
[e149 s0850/1030] loss = 0.245627
[e149 s0900/1030] loss = 0.239429
[e149 s0950/1030] loss = 0.231030
[e149 s1000/1030] loss = 0.223888
Epoch 149: train_loss = 0.221865  MAE/GAME0 = 10.860  RMSE = 32.265  GAME1 = 11.979  GAME2 = 13.199  GAME3 = 13.827  lr = 3.95e-05  time = 19.1s
[e150 s0001/1030] loss = 0.572712
[e150 s0050/1030] loss = 0.128791
[e150 s0100/1030] loss = 0.120958
[e150 s0150/1030] loss = 0.132035
[e150 s0200/1030] loss = 0.128291
[e150 s0250/1030] loss = 0.124738
[e150 s0300/1030] loss = 0.132389
[e150 s0350/1030] loss = 0.135742
[e150 s0400/1030] loss = 0.133741
[e150 s0450/1030] loss = 0.135689
[e150 s0500/1030] loss = 0.297340
[e150 s0550/1030] loss = 0.278871
[e150 s0600/1030] loss = 0.276467
[e150 s0650/1030] loss = 0.263237
[e150 s0700/1030] loss = 0.251221
[e150 s0750/1030] loss = 0.245893
[e150 s0800/1030] loss = 0.238527
[e150 s0850/1030] loss = 0.230448
[e150 s0900/1030] loss = 0.227709
[e150 s0950/1030] loss = 0.221243
[e150 s1000/1030] loss = 0.217574
Epoch 150: train_loss = 0.214629  MAE/GAME0 = 10.851  RMSE = 30.868  GAME1 = 11.805  GAME2 = 12.708  GAME3 = 13.356  lr = 3.93e-05  time = 19.3s
[e151 s0001/1030] loss = 0.085701
[e151 s0050/1030] loss = 0.150921
[e151 s0100/1030] loss = 0.159732
[e151 s0150/1030] loss = 0.151603
[e151 s0200/1030] loss = 0.141517
[e151 s0250/1030] loss = 0.136113
[e151 s0300/1030] loss = 0.133830
[e151 s0350/1030] loss = 0.138886
[e151 s0400/1030] loss = 0.135502
[e151 s0450/1030] loss = 0.133649
[e151 s0500/1030] loss = 0.137725
[e151 s0550/1030] loss = 0.136969
[e151 s0600/1030] loss = 0.135953
[e151 s0650/1030] loss = 0.138890
[e151 s0700/1030] loss = 0.248943
[e151 s0750/1030] loss = 0.241010
[e151 s0800/1030] loss = 0.233879
[e151 s0850/1030] loss = 0.228139
[e151 s0900/1030] loss = 0.224391
[e151 s0950/1030] loss = 0.217141
[e151 s1000/1030] loss = 0.211078
Epoch 151: train_loss = 0.207205  MAE/GAME0 = 12.099  RMSE = 33.888  GAME1 = 13.103  GAME2 = 13.968  GAME3 = 14.518  lr = 3.92e-05  time = 18.8s
[e152 s0001/1030] loss = 0.673686
[e152 s0050/1030] loss = 0.141229
[e152 s0100/1030] loss = 0.117214
[e152 s0150/1030] loss = 0.110934
[e152 s0200/1030] loss = 0.117406
[e152 s0250/1030] loss = 0.112609
[e152 s0300/1030] loss = 0.125270
[e152 s0350/1030] loss = 0.121272
[e152 s0400/1030] loss = 0.127704
[e152 s0450/1030] loss = 0.124686
[e152 s0500/1030] loss = 0.122301
[e152 s0550/1030] loss = 0.118641
[e152 s0600/1030] loss = 0.122197
[e152 s0650/1030] loss = 0.119954
[e152 s0700/1030] loss = 0.119599
[e152 s0750/1030] loss = 0.129700
[e152 s0800/1030] loss = 0.129381
[e152 s0850/1030] loss = 0.249747
[e152 s0900/1030] loss = 0.246879
[e152 s0950/1030] loss = 0.247392
[e152 s1000/1030] loss = 0.239902
Epoch 152: train_loss = 0.235283  MAE/GAME0 = 12.265  RMSE = 32.284  GAME1 = 13.055  GAME2 = 13.760  GAME3 = 14.227  lr = 3.90e-05  time = 19.6s
[e153 s0001/1030] loss = 0.024681
[e153 s0050/1030] loss = 0.162386
[e153 s0100/1030] loss = 0.160043
[e153 s0150/1030] loss = 0.159231
[e153 s0200/1030] loss = 0.148726
[e153 s0250/1030] loss = 0.444132
[e153 s0300/1030] loss = 0.395426
[e153 s0350/1030] loss = 0.362769
[e153 s0400/1030] loss = 0.328851
[e153 s0450/1030] loss = 0.303169
[e153 s0500/1030] loss = 0.287331
[e153 s0550/1030] loss = 0.271457
[e153 s0600/1030] loss = 0.258727
[e153 s0650/1030] loss = 0.246860
[e153 s0700/1030] loss = 0.236260
[e153 s0750/1030] loss = 0.230362
[e153 s0800/1030] loss = 0.227734
[e153 s0850/1030] loss = 0.219935
[e153 s0900/1030] loss = 0.217587
[e153 s0950/1030] loss = 0.212660
[e153 s1000/1030] loss = 0.206413
Epoch 153: train_loss = 0.203220  MAE/GAME0 = 10.575  RMSE = 31.676  GAME1 = 11.534  GAME2 = 12.541  GAME3 = 13.220  lr = 3.88e-05  time = 20.0s
[e154 s0001/1030] loss = 0.060114
[e154 s0050/1030] loss = 0.090361
[e154 s0100/1030] loss = 0.102392
[e154 s0150/1030] loss = 0.114708
[e154 s0200/1030] loss = 0.113778
[e154 s0250/1030] loss = 0.110180
[e154 s0300/1030] loss = 0.123202
[e154 s0350/1030] loss = 0.120222
[e154 s0400/1030] loss = 0.120788
[e154 s0450/1030] loss = 0.128038
[e154 s0500/1030] loss = 0.131954
[e154 s0550/1030] loss = 0.132598
[e154 s0600/1030] loss = 0.136307
[e154 s0650/1030] loss = 0.250308
[e154 s0700/1030] loss = 0.244363
[e154 s0750/1030] loss = 0.236805
[e154 s0800/1030] loss = 0.229259
[e154 s0850/1030] loss = 0.223319
[e154 s0900/1030] loss = 0.218552
[e154 s0950/1030] loss = 0.214235
[e154 s1000/1030] loss = 0.209764
Epoch 154: train_loss = 0.205983  MAE/GAME0 = 11.576  RMSE = 31.636  GAME1 = 12.332  GAME2 = 13.146  GAME3 = 13.672  lr = 3.86e-05  time = 18.8s
[e155 s0001/1030] loss = 0.030005
[e155 s0050/1030] loss = 0.166143
[e155 s0100/1030] loss = 0.150605
[e155 s0150/1030] loss = 0.138446
[e155 s0200/1030] loss = 0.132235
[e155 s0250/1030] loss = 0.145049
[e155 s0300/1030] loss = 0.138911
[e155 s0350/1030] loss = 0.137094
[e155 s0400/1030] loss = 0.131959
[e155 s0450/1030] loss = 0.132011
[e155 s0500/1030] loss = 0.132692
[e155 s0550/1030] loss = 0.132428
[e155 s0600/1030] loss = 0.129853
[e155 s0650/1030] loss = 0.131187
[e155 s0700/1030] loss = 0.132551
[e155 s0750/1030] loss = 0.135151
[e155 s0800/1030] loss = 0.133815
[e155 s0850/1030] loss = 0.131323
[e155 s0900/1030] loss = 0.132451
[e155 s0950/1030] loss = 0.220024
[e155 s1000/1030] loss = 0.215528
Epoch 155: train_loss = 0.212674  MAE/GAME0 = 10.492  RMSE = 31.439  GAME1 = 11.570  GAME2 = 12.536  GAME3 = 13.205  lr = 3.84e-05  time = 19.6s
[e156 s0001/1030] loss = 0.071791
[e156 s0050/1030] loss = 0.098437
[e156 s0100/1030] loss = 0.109423
[e156 s0150/1030] loss = 0.115278
[e156 s0200/1030] loss = 0.116090
[e156 s0250/1030] loss = 0.130520
[e156 s0300/1030] loss = 0.136583
[e156 s0350/1030] loss = 0.136948
[e156 s0400/1030] loss = 0.131107
[e156 s0450/1030] loss = 0.130466
[e156 s0500/1030] loss = 0.128280
[e156 s0550/1030] loss = 0.128354
[e156 s0600/1030] loss = 0.126015
[e156 s0650/1030] loss = 0.122373
[e156 s0700/1030] loss = 0.125029
[e156 s0750/1030] loss = 0.124656
[e156 s0800/1030] loss = 0.122665
[e156 s0850/1030] loss = 0.122920
[e156 s0900/1030] loss = 0.212611
[e156 s0950/1030] loss = 0.212917
[e156 s1000/1030] loss = 0.211736
Epoch 156: train_loss = 0.208087  MAE/GAME0 = 11.445  RMSE = 31.542  GAME1 = 12.299  GAME2 = 13.077  GAME3 = 13.607  lr = 3.83e-05  time = 19.6s
[e157 s0001/1030] loss = 0.331696
[e157 s0050/1030] loss = 0.127961
[e157 s0100/1030] loss = 0.109022
[e157 s0150/1030] loss = 0.102340
[e157 s0200/1030] loss = 0.104941
[e157 s0250/1030] loss = 0.106298
[e157 s0300/1030] loss = 0.113880
[e157 s0350/1030] loss = 0.123308
[e157 s0400/1030] loss = 0.123152
[e157 s0450/1030] loss = 0.126195
[e157 s0500/1030] loss = 0.128555
[e157 s0550/1030] loss = 0.126915
[e157 s0600/1030] loss = 0.132276
[e157 s0650/1030] loss = 0.127842
[e157 s0700/1030] loss = 0.127392
[e157 s0750/1030] loss = 0.127423
[e157 s0800/1030] loss = 0.130225
[e157 s0850/1030] loss = 0.129073
[e157 s0900/1030] loss = 0.214328
[e157 s0950/1030] loss = 0.210348
[e157 s1000/1030] loss = 0.204627
Epoch 157: train_loss = 0.201139  MAE/GAME0 = 11.277  RMSE = 32.782  GAME1 = 12.161  GAME2 = 13.067  GAME3 = 13.675  lr = 3.81e-05  time = 19.4s
[e158 s0001/1030] loss = 0.104588
[e158 s0050/1030] loss = 0.098583
[e158 s0100/1030] loss = 0.095495
[e158 s0150/1030] loss = 0.092518
[e158 s0200/1030] loss = 0.087892
[e158 s0250/1030] loss = 0.105346
[e158 s0300/1030] loss = 0.101973
[e158 s0350/1030] loss = 0.101065
[e158 s0400/1030] loss = 0.326219
[e158 s0450/1030] loss = 0.301924
[e158 s0500/1030] loss = 0.291716
[e158 s0550/1030] loss = 0.283904
[e158 s0600/1030] loss = 0.282234
[e158 s0650/1030] loss = 0.271093
[e158 s0700/1030] loss = 0.261664
[e158 s0750/1030] loss = 0.252381
[e158 s0800/1030] loss = 0.245140
[e158 s0850/1030] loss = 0.236121
[e158 s0900/1030] loss = 0.230047
[e158 s0950/1030] loss = 0.224117
[e158 s1000/1030] loss = 0.217336
Epoch 158: train_loss = 0.212592  MAE/GAME0 = 11.982  RMSE = 33.466  GAME1 = 12.683  GAME2 = 13.465  GAME3 = 14.010  lr = 3.79e-05  time = 19.8s
[e159 s0001/1030] loss = 0.112332
[e159 s0050/1030] loss = 0.138020
[e159 s0100/1030] loss = 0.113741
[e159 s0150/1030] loss = 0.123723
[e159 s0200/1030] loss = 0.121847
[e159 s0250/1030] loss = 0.117223
[e159 s0300/1030] loss = 0.414129
[e159 s0350/1030] loss = 0.371113
[e159 s0400/1030] loss = 0.339096
[e159 s0450/1030] loss = 0.310917
[e159 s0500/1030] loss = 0.295493
[e159 s0550/1030] loss = 0.286826
[e159 s0600/1030] loss = 0.274606
[e159 s0650/1030] loss = 0.264233
[e159 s0700/1030] loss = 0.253701
[e159 s0750/1030] loss = 0.246161
[e159 s0800/1030] loss = 0.236207
[e159 s0850/1030] loss = 0.234547
[e159 s0900/1030] loss = 0.228486
[e159 s0950/1030] loss = 0.222178
[e159 s1000/1030] loss = 0.221396
Epoch 159: train_loss = 0.217333  MAE/GAME0 = 10.694  RMSE = 29.554  GAME1 = 11.615  GAME2 = 12.645  GAME3 = 13.266  lr = 3.77e-05  time = 19.1s
[e160 s0001/1030] loss = 0.006539
[e160 s0050/1030] loss = 0.096478
[e160 s0100/1030] loss = 0.117531
[e160 s0150/1030] loss = 0.109358
[e160 s0200/1030] loss = 0.104948
[e160 s0250/1030] loss = 0.126156
[e160 s0300/1030] loss = 0.122956
[e160 s0350/1030] loss = 0.122381
[e160 s0400/1030] loss = 0.122867
[e160 s0450/1030] loss = 0.130379
[e160 s0500/1030] loss = 0.127073
[e160 s0550/1030] loss = 0.279447
[e160 s0600/1030] loss = 0.266176
[e160 s0650/1030] loss = 0.251980
[e160 s0700/1030] loss = 0.243342
[e160 s0750/1030] loss = 0.234459
[e160 s0800/1030] loss = 0.226125
[e160 s0850/1030] loss = 0.223495
[e160 s0900/1030] loss = 0.217042
[e160 s0950/1030] loss = 0.210919
[e160 s1000/1030] loss = 0.207885
Epoch 160: train_loss = 0.204617  MAE/GAME0 = 11.268  RMSE = 32.794  GAME1 = 12.275  GAME2 = 13.210  GAME3 = 13.822  lr = 3.75e-05  time = 19.3s
[e161 s0001/1030] loss = 0.180857
[e161 s0050/1030] loss = 0.130968
[e161 s0100/1030] loss = 0.119167
[e161 s0150/1030] loss = 0.125404
[e161 s0200/1030] loss = 0.132513
[e161 s0250/1030] loss = 0.125585
[e161 s0300/1030] loss = 0.397000
[e161 s0350/1030] loss = 0.360678
[e161 s0400/1030] loss = 0.326987
[e161 s0450/1030] loss = 0.302461
[e161 s0500/1030] loss = 0.281705
[e161 s0550/1030] loss = 0.272975
[e161 s0600/1030] loss = 0.263075
[e161 s0650/1030] loss = 0.251194
[e161 s0700/1030] loss = 0.239991
[e161 s0750/1030] loss = 0.232201
[e161 s0800/1030] loss = 0.225506
[e161 s0850/1030] loss = 0.219950
[e161 s0900/1030] loss = 0.213208
[e161 s0950/1030] loss = 0.207873
[e161 s1000/1030] loss = 0.203744
Epoch 161: train_loss = 0.201086  MAE/GAME0 = 12.774  RMSE = 33.591  GAME1 = 13.374  GAME2 = 13.974  GAME3 = 14.456  lr = 3.73e-05  time = 19.4s
[e162 s0001/1030] loss = 0.077281
[e162 s0050/1030] loss = 0.143887
[e162 s0100/1030] loss = 0.824269
[e162 s0150/1030] loss = 0.586113
[e162 s0200/1030] loss = 0.474406
[e162 s0250/1030] loss = 0.399094
[e162 s0300/1030] loss = 0.354081
[e162 s0350/1030] loss = 0.319251
[e162 s0400/1030] loss = 0.296406
[e162 s0450/1030] loss = 0.277593
[e162 s0500/1030] loss = 0.261647
[e162 s0550/1030] loss = 0.246316
[e162 s0600/1030] loss = 0.235315
[e162 s0650/1030] loss = 0.223297
[e162 s0700/1030] loss = 0.213736
[e162 s0750/1030] loss = 0.207408
[e162 s0800/1030] loss = 0.204066
[e162 s0850/1030] loss = 0.202108
[e162 s0900/1030] loss = 0.199441
[e162 s0950/1030] loss = 0.195676
[e162 s1000/1030] loss = 0.192249
Epoch 162: train_loss = 0.191564  MAE/GAME0 = 10.101  RMSE = 28.243  GAME1 = 11.429  GAME2 = 12.606  GAME3 = 13.359  lr = 3.71e-05  time = 19.2s
[e163 s0001/1030] loss = 0.312331
[e163 s0050/1030] loss = 0.208392
[e163 s0100/1030] loss = 0.158614
[e163 s0150/1030] loss = 0.141111
[e163 s0200/1030] loss = 0.137089
[e163 s0250/1030] loss = 0.124808
[e163 s0300/1030] loss = 0.122556
[e163 s0350/1030] loss = 0.115698
[e163 s0400/1030] loss = 0.115420
[e163 s0450/1030] loss = 0.126114
[e163 s0500/1030] loss = 0.123023
[e163 s0550/1030] loss = 0.120204
[e163 s0600/1030] loss = 0.117998
[e163 s0650/1030] loss = 0.233975
[e163 s0700/1030] loss = 0.223254
[e163 s0750/1030] loss = 0.218169
[e163 s0800/1030] loss = 0.217906
[e163 s0850/1030] loss = 0.211354
[e163 s0900/1030] loss = 0.207993
[e163 s0950/1030] loss = 0.202395
[e163 s1000/1030] loss = 0.197073
Epoch 163: train_loss = 0.194943  MAE/GAME0 = 11.181  RMSE = 31.025  GAME1 = 12.176  GAME2 = 13.127  GAME3 = 13.697  lr = 3.69e-05  time = 19.5s
[e164 s0001/1030] loss = 0.044236
[e164 s0050/1030] loss = 0.087671
[e164 s0100/1030] loss = 0.098690
[e164 s0150/1030] loss = 0.104761
[e164 s0200/1030] loss = 0.107523
[e164 s0250/1030] loss = 0.110997
[e164 s0300/1030] loss = 0.109194
[e164 s0350/1030] loss = 0.120325
[e164 s0400/1030] loss = 0.113762
[e164 s0450/1030] loss = 0.118505
[e164 s0500/1030] loss = 0.117470
[e164 s0550/1030] loss = 0.118100
[e164 s0600/1030] loss = 0.118921
[e164 s0650/1030] loss = 0.119735
[e164 s0700/1030] loss = 0.119377
[e164 s0750/1030] loss = 0.118412
[e164 s0800/1030] loss = 0.117648
[e164 s0850/1030] loss = 0.204061
[e164 s0900/1030] loss = 0.198751
[e164 s0950/1030] loss = 0.197779
[e164 s1000/1030] loss = 0.193269
Epoch 164: train_loss = 0.191838  MAE/GAME0 = 10.293  RMSE = 29.066  GAME1 = 11.448  GAME2 = 12.476  GAME3 = 13.187  lr = 3.67e-05  time = 19.1s
[e165 s0001/1030] loss = 0.052702
[e165 s0050/1030] loss = 0.087912
[e165 s0100/1030] loss = 0.104313
[e165 s0150/1030] loss = 0.107461
[e165 s0200/1030] loss = 0.117013
[e165 s0250/1030] loss = 0.121613
[e165 s0300/1030] loss = 0.139104
[e165 s0350/1030] loss = 0.137333
[e165 s0400/1030] loss = 0.136504
[e165 s0450/1030] loss = 0.131676
[e165 s0500/1030] loss = 0.286198
[e165 s0550/1030] loss = 0.274644
[e165 s0600/1030] loss = 0.259427
[e165 s0650/1030] loss = 0.248243
[e165 s0700/1030] loss = 0.236429
[e165 s0750/1030] loss = 0.230598
[e165 s0800/1030] loss = 0.220574
[e165 s0850/1030] loss = 0.211591
[e165 s0900/1030] loss = 0.209289
[e165 s0950/1030] loss = 0.202313
[e165 s1000/1030] loss = 0.197791
Epoch 165: train_loss = 0.194246  MAE/GAME0 = 11.378  RMSE = 32.268  GAME1 = 12.317  GAME2 = 13.197  GAME3 = 13.736  lr = 3.66e-05  time = 19.2s
[e166 s0001/1030] loss = 0.026054
[e166 s0050/1030] loss = 0.153285
[e166 s0100/1030] loss = 0.124889
[e166 s0150/1030] loss = 0.120965
[e166 s0200/1030] loss = 0.163559
[e166 s0250/1030] loss = 0.157710
[e166 s0300/1030] loss = 0.152495
[e166 s0350/1030] loss = 0.344156
[e166 s0400/1030] loss = 0.319816
[e166 s0450/1030] loss = 0.295329
[e166 s0500/1030] loss = 0.278840
[e166 s0550/1030] loss = 0.265282
[e166 s0600/1030] loss = 0.252480
[e166 s0650/1030] loss = 0.239904
[e166 s0700/1030] loss = 0.228446
[e166 s0750/1030] loss = 0.219905
[e166 s0800/1030] loss = 0.213179
[e166 s0850/1030] loss = 0.208312
[e166 s0900/1030] loss = 0.203197
[e166 s0950/1030] loss = 0.198112
[e166 s1000/1030] loss = 0.197519
Epoch 166: train_loss = 0.195166  MAE/GAME0 = 10.924  RMSE = 31.034  GAME1 = 11.940  GAME2 = 12.841  GAME3 = 13.482  lr = 3.64e-05  time = 19.8s
[e167 s0001/1030] loss = 0.070988
[e167 s0050/1030] loss = 0.108828
[e167 s0100/1030] loss = 0.137777
[e167 s0150/1030] loss = 0.126221
[e167 s0200/1030] loss = 0.130540
[e167 s0250/1030] loss = 0.123431
[e167 s0300/1030] loss = 0.126181
[e167 s0350/1030] loss = 0.120679
[e167 s0400/1030] loss = 0.128917
[e167 s0450/1030] loss = 0.130206
[e167 s0500/1030] loss = 0.131312
[e167 s0550/1030] loss = 0.276884
[e167 s0600/1030] loss = 0.265630
[e167 s0650/1030] loss = 0.250225
[e167 s0700/1030] loss = 0.238039
[e167 s0750/1030] loss = 0.229259
[e167 s0800/1030] loss = 0.221945
[e167 s0850/1030] loss = 0.215421
[e167 s0900/1030] loss = 0.207591
[e167 s0950/1030] loss = 0.203105
[e167 s1000/1030] loss = 0.198297
Epoch 167: train_loss = 0.198743  MAE/GAME0 = 10.516  RMSE = 29.838  GAME1 = 11.626  GAME2 = 12.703  GAME3 = 13.382  lr = 3.62e-05  time = 19.3s
[e168 s0001/1030] loss = 0.243113
[e168 s0050/1030] loss = 0.129759
[e168 s0100/1030] loss = 0.120865
[e168 s0150/1030] loss = 0.130946
[e168 s0200/1030] loss = 0.474335
[e168 s0250/1030] loss = 0.401477
[e168 s0300/1030] loss = 0.353083
[e168 s0350/1030] loss = 0.314029
[e168 s0400/1030] loss = 0.287356
[e168 s0450/1030] loss = 0.274503
[e168 s0500/1030] loss = 0.259339
[e168 s0550/1030] loss = 0.245782
[e168 s0600/1030] loss = 0.233353
[e168 s0650/1030] loss = 0.223140
[e168 s0700/1030] loss = 0.214691
[e168 s0750/1030] loss = 0.210301
[e168 s0800/1030] loss = 0.204613
[e168 s0850/1030] loss = 0.200305
[e168 s0900/1030] loss = 0.194408
[e168 s0950/1030] loss = 0.190083
[e168 s1000/1030] loss = 0.186540
Epoch 168: train_loss = 0.183767  MAE/GAME0 = 11.624  RMSE = 30.848  GAME1 = 12.319  GAME2 = 13.031  GAME3 = 13.553  lr = 3.60e-05  time = 19.7s
[e169 s0001/1030] loss = 0.066130
[e169 s0050/1030] loss = 0.114594
[e169 s0100/1030] loss = 0.150686
[e169 s0150/1030] loss = 0.147442
[e169 s0200/1030] loss = 0.134744
[e169 s0250/1030] loss = 0.125508
[e169 s0300/1030] loss = 0.122696
[e169 s0350/1030] loss = 0.123331
[e169 s0400/1030] loss = 0.127811
[e169 s0450/1030] loss = 0.124726
[e169 s0500/1030] loss = 0.124296
[e169 s0550/1030] loss = 0.280525
[e169 s0600/1030] loss = 0.264567
[e169 s0650/1030] loss = 0.251650
[e169 s0700/1030] loss = 0.243328
[e169 s0750/1030] loss = 0.233470
[e169 s0800/1030] loss = 0.224492
[e169 s0850/1030] loss = 0.221240
[e169 s0900/1030] loss = 0.214201
[e169 s0950/1030] loss = 0.208070
[e169 s1000/1030] loss = 0.202414
Epoch 169: train_loss = 0.199589  MAE/GAME0 = 11.695  RMSE = 31.425  GAME1 = 12.395  GAME2 = 13.160  GAME3 = 13.703  lr = 3.58e-05  time = 19.7s
[e170 s0001/1030] loss = 0.198807
[e170 s0050/1030] loss = 0.142690
[e170 s0100/1030] loss = 0.152984
[e170 s0150/1030] loss = 0.136953
[e170 s0200/1030] loss = 0.163786
[e170 s0250/1030] loss = 0.160630
[e170 s0300/1030] loss = 0.153850
[e170 s0350/1030] loss = 0.147276
[e170 s0400/1030] loss = 0.140874
[e170 s0450/1030] loss = 0.143039
[e170 s0500/1030] loss = 0.137847
[e170 s0550/1030] loss = 0.139838
[e170 s0600/1030] loss = 0.136949
[e170 s0650/1030] loss = 0.135314
[e170 s0700/1030] loss = 0.131740
[e170 s0750/1030] loss = 0.128718
[e170 s0800/1030] loss = 0.230940
[e170 s0850/1030] loss = 0.224768
[e170 s0900/1030] loss = 0.222395
[e170 s0950/1030] loss = 0.215679
[e170 s1000/1030] loss = 0.209406
Epoch 170: train_loss = 0.205982  MAE/GAME0 = 12.394  RMSE = 32.604  GAME1 = 13.165  GAME2 = 14.015  GAME3 = 14.494  lr = 3.56e-05  time = 20.0s
[e171 s0001/1030] loss = 0.074345
[e171 s0050/1030] loss = 0.127905
[e171 s0100/1030] loss = 0.119703
[e171 s0150/1030] loss = 0.124774
[e171 s0200/1030] loss = 0.118640
[e171 s0250/1030] loss = 0.113070
[e171 s0300/1030] loss = 0.111628
[e171 s0350/1030] loss = 0.110784
[e171 s0400/1030] loss = 0.116029
[e171 s0450/1030] loss = 0.111060
[e171 s0500/1030] loss = 0.116409
[e171 s0550/1030] loss = 0.268298
[e171 s0600/1030] loss = 0.252912
[e171 s0650/1030] loss = 0.242389
[e171 s0700/1030] loss = 0.233109
[e171 s0750/1030] loss = 0.224556
[e171 s0800/1030] loss = 0.217991
[e171 s0850/1030] loss = 0.211433
[e171 s0900/1030] loss = 0.204209
[e171 s0950/1030] loss = 0.197659
[e171 s1000/1030] loss = 0.193322
Epoch 171: train_loss = 0.190970  MAE/GAME0 = 11.323  RMSE = 31.719  GAME1 = 12.131  GAME2 = 12.943  GAME3 = 13.525  lr = 3.54e-05  time = 19.8s
[e172 s0001/1030] loss = 0.073447
[e172 s0050/1030] loss = 0.107922
[e172 s0100/1030] loss = 0.151555
[e172 s0150/1030] loss = 0.141099
[e172 s0200/1030] loss = 0.145226
[e172 s0250/1030] loss = 0.145622
[e172 s0300/1030] loss = 0.142384
[e172 s0350/1030] loss = 0.137734
[e172 s0400/1030] loss = 0.128814
[e172 s0450/1030] loss = 0.123733
[e172 s0500/1030] loss = 0.124509
[e172 s0550/1030] loss = 0.122144
[e172 s0600/1030] loss = 0.120167
[e172 s0650/1030] loss = 0.120068
[e172 s0700/1030] loss = 0.118029
[e172 s0750/1030] loss = 0.120886
[e172 s0800/1030] loss = 0.118240
[e172 s0850/1030] loss = 0.115988
[e172 s0900/1030] loss = 0.205129
[e172 s0950/1030] loss = 0.198855
[e172 s1000/1030] loss = 0.194968
Epoch 172: train_loss = 0.191580  MAE/GAME0 = 11.959  RMSE = 33.048  GAME1 = 12.744  GAME2 = 13.508  GAME3 = 14.033  lr = 3.52e-05  time = 19.6s
[e173 s0001/1030] loss = 0.015602
[e173 s0050/1030] loss = 0.109965
[e173 s0100/1030] loss = 0.097959
[e173 s0150/1030] loss = 0.095268
[e173 s0200/1030] loss = 0.090524
[e173 s0250/1030] loss = 0.391393
[e173 s0300/1030] loss = 0.356644
[e173 s0350/1030] loss = 0.321230
[e173 s0400/1030] loss = 0.293242
[e173 s0450/1030] loss = 0.280688
[e173 s0500/1030] loss = 0.260504
[e173 s0550/1030] loss = 0.247571
[e173 s0600/1030] loss = 0.235787
[e173 s0650/1030] loss = 0.225689
[e173 s0700/1030] loss = 0.217838
[e173 s0750/1030] loss = 0.213932
[e173 s0800/1030] loss = 0.207225
[e173 s0850/1030] loss = 0.200926
[e173 s0900/1030] loss = 0.197859
[e173 s0950/1030] loss = 0.192582
[e173 s1000/1030] loss = 0.186241
Epoch 173: train_loss = 0.183736  MAE/GAME0 = 12.890  RMSE = 33.259  GAME1 = 13.467  GAME2 = 14.064  GAME3 = 14.492  lr = 3.50e-05  time = 19.6s
[e174 s0001/1030] loss = 0.054952
[e174 s0050/1030] loss = 0.120688
[e174 s0100/1030] loss = 0.101440
[e174 s0150/1030] loss = 0.094366
[e174 s0200/1030] loss = 0.088335
[e174 s0250/1030] loss = 0.092556
[e174 s0300/1030] loss = 0.089939
[e174 s0350/1030] loss = 0.089705
[e174 s0400/1030] loss = 0.099584
[e174 s0450/1030] loss = 0.102352
[e174 s0500/1030] loss = 0.264701
[e174 s0550/1030] loss = 0.248425
[e174 s0600/1030] loss = 0.236848
[e174 s0650/1030] loss = 0.237234
[e174 s0700/1030] loss = 0.230471
[e174 s0750/1030] loss = 0.222547
[e174 s0800/1030] loss = 0.216733
[e174 s0850/1030] loss = 0.213233
[e174 s0900/1030] loss = 0.206704
[e174 s0950/1030] loss = 0.200081
[e174 s1000/1030] loss = 0.193852
Epoch 174: train_loss = 0.191286  MAE/GAME0 = 12.497  RMSE = 32.565  GAME1 = 13.085  GAME2 = 13.726  GAME3 = 14.160  lr = 3.48e-05  time = 19.5s
[e175 s0001/1030] loss = 0.068437
[e175 s0050/1030] loss = 1.709355
[e175 s0100/1030] loss = 0.882328
[e175 s0150/1030] loss = 0.634767
[e175 s0200/1030] loss = 0.493687
[e175 s0250/1030] loss = 0.409029
[e175 s0300/1030] loss = 0.358729
[e175 s0350/1030] loss = 0.324721
[e175 s0400/1030] loss = 0.295474
[e175 s0450/1030] loss = 0.272872
[e175 s0500/1030] loss = 0.255899
[e175 s0550/1030] loss = 0.245682
[e175 s0600/1030] loss = 0.235097
[e175 s0650/1030] loss = 0.221867
[e175 s0700/1030] loss = 0.215733
[e175 s0750/1030] loss = 0.206219
[e175 s0800/1030] loss = 0.200446
[e175 s0850/1030] loss = 0.200812
[e175 s0900/1030] loss = 0.196707
[e175 s0950/1030] loss = 0.195567
[e175 s1000/1030] loss = 0.191327
Epoch 175: train_loss = 0.188526  MAE/GAME0 = 11.710  RMSE = 33.175  GAME1 = 12.558  GAME2 = 13.376  GAME3 = 13.945  lr = 3.46e-05  time = 19.4s
[e176 s0001/1030] loss = 0.011113
[e176 s0050/1030] loss = 0.217601
[e176 s0100/1030] loss = 0.160128
[e176 s0150/1030] loss = 0.144397
[e176 s0200/1030] loss = 0.136235
[e176 s0250/1030] loss = 0.123056
[e176 s0300/1030] loss = 0.121181
[e176 s0350/1030] loss = 0.118089
[e176 s0400/1030] loss = 0.116455
[e176 s0450/1030] loss = 0.117635
[e176 s0500/1030] loss = 0.113607
[e176 s0550/1030] loss = 0.116614
[e176 s0600/1030] loss = 0.114570
[e176 s0650/1030] loss = 0.115092
[e176 s0700/1030] loss = 0.114573
[e176 s0750/1030] loss = 0.117481
[e176 s0800/1030] loss = 0.115294
[e176 s0850/1030] loss = 0.117955
[e176 s0900/1030] loss = 0.119036
[e176 s0950/1030] loss = 0.118163
[e176 s1000/1030] loss = 0.194728
Epoch 176: train_loss = 0.191455  MAE/GAME0 = 11.993  RMSE = 32.083  GAME1 = 12.778  GAME2 = 13.580  GAME3 = 14.093  lr = 3.44e-05  time = 19.4s
[e177 s0001/1030] loss = 0.027297
[e177 s0050/1030] loss = 0.149710
[e177 s0100/1030] loss = 0.123873
[e177 s0150/1030] loss = 0.112545
[e177 s0200/1030] loss = 0.102683
[e177 s0250/1030] loss = 0.104257
[e177 s0300/1030] loss = 0.104153
[e177 s0350/1030] loss = 0.105044
[e177 s0400/1030] loss = 0.112443
[e177 s0450/1030] loss = 0.111761
[e177 s0500/1030] loss = 0.109556
[e177 s0550/1030] loss = 0.106791
[e177 s0600/1030] loss = 0.109900
[e177 s0650/1030] loss = 0.108329
[e177 s0700/1030] loss = 0.106618
[e177 s0750/1030] loss = 0.106758
[e177 s0800/1030] loss = 0.200881
[e177 s0850/1030] loss = 0.196816
[e177 s0900/1030] loss = 0.192272
[e177 s0950/1030] loss = 0.186956
[e177 s1000/1030] loss = 0.181543
Epoch 177: train_loss = 0.178210  MAE/GAME0 = 11.384  RMSE = 32.033  GAME1 = 12.284  GAME2 = 13.227  GAME3 = 13.784  lr = 3.42e-05  time = 19.5s
[e178 s0001/1030] loss = 0.025748
[e178 s0050/1030] loss = 0.092818
[e178 s0100/1030] loss = 0.104723
[e178 s0150/1030] loss = 0.090513
[e178 s0200/1030] loss = 0.088454
[e178 s0250/1030] loss = 0.095973
[e178 s0300/1030] loss = 0.099051
[e178 s0350/1030] loss = 0.098387
[e178 s0400/1030] loss = 0.104496
[e178 s0450/1030] loss = 0.104330
[e178 s0500/1030] loss = 0.257374
[e178 s0550/1030] loss = 0.241206
[e178 s0600/1030] loss = 0.228666
[e178 s0650/1030] loss = 0.219492
[e178 s0700/1030] loss = 0.210115
[e178 s0750/1030] loss = 0.204985
[e178 s0800/1030] loss = 0.204226
[e178 s0850/1030] loss = 0.196077
[e178 s0900/1030] loss = 0.188964
[e178 s0950/1030] loss = 0.185587
[e178 s1000/1030] loss = 0.181855
Epoch 178: train_loss = 0.180398  MAE/GAME0 = 11.436  RMSE = 30.446  GAME1 = 12.420  GAME2 = 13.197  GAME3 = 13.716  lr = 3.40e-05  time = 19.6s
[e179 s0001/1030] loss = 0.014667
[e179 s0050/1030] loss = 0.121271
[e179 s0100/1030] loss = 0.147827
[e179 s0150/1030] loss = 0.148009
[e179 s0200/1030] loss = 0.137105
[e179 s0250/1030] loss = 0.131113
[e179 s0300/1030] loss = 0.351983
[e179 s0350/1030] loss = 0.322388
[e179 s0400/1030] loss = 0.291626
[e179 s0450/1030] loss = 0.270107
[e179 s0500/1030] loss = 0.254844
[e179 s0550/1030] loss = 0.239954
[e179 s0600/1030] loss = 0.228619
[e179 s0650/1030] loss = 0.219345
[e179 s0700/1030] loss = 0.210074
[e179 s0750/1030] loss = 0.202336
[e179 s0800/1030] loss = 0.195176
[e179 s0850/1030] loss = 0.188608
[e179 s0900/1030] loss = 0.182879
[e179 s0950/1030] loss = 0.176631
[e179 s1000/1030] loss = 0.173448
Epoch 179: train_loss = 0.171041  MAE/GAME0 = 12.472  RMSE = 33.691  GAME1 = 13.214  GAME2 = 13.958  GAME3 = 14.454  lr = 3.38e-05  time = 19.8s
[e180 s0001/1030] loss = 0.182778
[e180 s0050/1030] loss = 0.099728
[e180 s0100/1030] loss = 0.094440
[e180 s0150/1030] loss = 0.130659
[e180 s0200/1030] loss = 0.119984
[e180 s0250/1030] loss = 0.114195
[e180 s0300/1030] loss = 0.115206
[e180 s0350/1030] loss = 0.113090
[e180 s0400/1030] loss = 0.112702
[e180 s0450/1030] loss = 0.116446
[e180 s0500/1030] loss = 0.113527
[e180 s0550/1030] loss = 0.113567
[e180 s0600/1030] loss = 0.113682
[e180 s0650/1030] loss = 0.231729
[e180 s0700/1030] loss = 0.222489
[e180 s0750/1030] loss = 0.213176
[e180 s0800/1030] loss = 0.205451
[e180 s0850/1030] loss = 0.200429
[e180 s0900/1030] loss = 0.193890
[e180 s0950/1030] loss = 0.186990
[e180 s1000/1030] loss = 0.184026
Epoch 180: train_loss = 0.181814  MAE/GAME0 = 11.902  RMSE = 32.163  GAME1 = 12.756  GAME2 = 13.523  GAME3 = 14.008  lr = 3.36e-05  time = 19.6s
[e181 s0001/1030] loss = 0.037519
[e181 s0050/1030] loss = 0.190042
[e181 s0100/1030] loss = 0.170987
[e181 s0150/1030] loss = 0.166959
[e181 s0200/1030] loss = 0.525584
[e181 s0250/1030] loss = 0.435818
[e181 s0300/1030] loss = 0.374859
[e181 s0350/1030] loss = 0.334364
[e181 s0400/1030] loss = 0.306130
[e181 s0450/1030] loss = 0.282688
[e181 s0500/1030] loss = 0.266219
[e181 s0550/1030] loss = 0.251642
[e181 s0600/1030] loss = 0.236011
[e181 s0650/1030] loss = 0.225186
[e181 s0700/1030] loss = 0.215962
[e181 s0750/1030] loss = 0.208600
[e181 s0800/1030] loss = 0.200049
[e181 s0850/1030] loss = 0.193838
[e181 s0900/1030] loss = 0.193477
[e181 s0950/1030] loss = 0.188952
[e181 s1000/1030] loss = 0.184124
Epoch 181: train_loss = 0.180703  MAE/GAME0 = 13.489  RMSE = 33.298  GAME1 = 14.067  GAME2 = 14.568  GAME3 = 14.924  lr = 3.34e-05  time = 19.9s
[e182 s0001/1030] loss = 0.024487
[e182 s0050/1030] loss = 0.179535
[e182 s0100/1030] loss = 0.121653
[e182 s0150/1030] loss = 0.116933
[e182 s0200/1030] loss = 0.110293
[e182 s0250/1030] loss = 0.101182
[e182 s0300/1030] loss = 0.101147
[e182 s0350/1030] loss = 0.113114
[e182 s0400/1030] loss = 0.108928
[e182 s0450/1030] loss = 0.116137
[e182 s0500/1030] loss = 0.112777
[e182 s0550/1030] loss = 0.111160
[e182 s0600/1030] loss = 0.108888
[e182 s0650/1030] loss = 0.107314
[e182 s0700/1030] loss = 0.109676
[e182 s0750/1030] loss = 0.107805
[e182 s0800/1030] loss = 0.106754
[e182 s0850/1030] loss = 0.193643
[e182 s0900/1030] loss = 0.187412
[e182 s0950/1030] loss = 0.182889
[e182 s1000/1030] loss = 0.178204
Epoch 182: train_loss = 0.174896  MAE/GAME0 = 10.642  RMSE = 30.683  GAME1 = 11.794  GAME2 = 12.925  GAME3 = 13.592  lr = 3.32e-05  time = 19.7s
[e183 s0001/1030] loss = 0.026373
[e183 s0050/1030] loss = 0.090189
[e183 s0100/1030] loss = 0.097652
[e183 s0150/1030] loss = 0.112663
[e183 s0200/1030] loss = 0.111687
[e183 s0250/1030] loss = 0.144008
[e183 s0300/1030] loss = 0.134509
[e183 s0350/1030] loss = 0.336823
[e183 s0400/1030] loss = 0.302698
[e183 s0450/1030] loss = 0.281807
[e183 s0500/1030] loss = 0.263335
[e183 s0550/1030] loss = 0.246210
[e183 s0600/1030] loss = 0.235059
[e183 s0650/1030] loss = 0.227186
[e183 s0700/1030] loss = 0.214898
[e183 s0750/1030] loss = 0.206715
[e183 s0800/1030] loss = 0.198774
[e183 s0850/1030] loss = 0.192418
[e183 s0900/1030] loss = 0.186399
[e183 s0950/1030] loss = 0.181550
[e183 s1000/1030] loss = 0.177121
Epoch 183: train_loss = 0.175517  MAE/GAME0 = 10.962  RMSE = 31.962  GAME1 = 12.031  GAME2 = 13.120  GAME3 = 13.773  lr = 3.29e-05  time = 19.6s
[e184 s0001/1030] loss = 0.186018
[e184 s0050/1030] loss = 0.092958
[e184 s0100/1030] loss = 0.119489
[e184 s0150/1030] loss = 0.106679
[e184 s0200/1030] loss = 0.104900
[e184 s0250/1030] loss = 0.118212
[e184 s0300/1030] loss = 0.121651
[e184 s0350/1030] loss = 0.117506
[e184 s0400/1030] loss = 0.307877
[e184 s0450/1030] loss = 0.282333
[e184 s0500/1030] loss = 0.263329
[e184 s0550/1030] loss = 0.247662
[e184 s0600/1030] loss = 0.232060
[e184 s0650/1030] loss = 0.222169
[e184 s0700/1030] loss = 0.211851
[e184 s0750/1030] loss = 0.212410
[e184 s0800/1030] loss = 0.203020
[e184 s0850/1030] loss = 0.197552
[e184 s0900/1030] loss = 0.190190
[e184 s0950/1030] loss = 0.184199
[e184 s1000/1030] loss = 0.179974
Epoch 184: train_loss = 0.177074  MAE/GAME0 = 10.530  RMSE = 29.119  GAME1 = 11.482  GAME2 = 12.483  GAME3 = 13.101  lr = 3.27e-05  time = 19.4s
[e185 s0001/1030] loss = 0.511975
[e185 s0050/1030] loss = 0.157124
[e185 s0100/1030] loss = 0.113461
[e185 s0150/1030] loss = 0.109825
[e185 s0200/1030] loss = 0.103801
[e185 s0250/1030] loss = 0.116437
[e185 s0300/1030] loss = 0.110800
[e185 s0350/1030] loss = 0.104459
[e185 s0400/1030] loss = 0.107262
[e185 s0450/1030] loss = 0.109405
[e185 s0500/1030] loss = 0.107287
[e185 s0550/1030] loss = 0.103267
[e185 s0600/1030] loss = 0.234653
[e185 s0650/1030] loss = 0.223529
[e185 s0700/1030] loss = 0.214516
[e185 s0750/1030] loss = 0.205833
[e185 s0800/1030] loss = 0.199606
[e185 s0850/1030] loss = 0.191948
[e185 s0900/1030] loss = 0.186143
[e185 s0950/1030] loss = 0.179741
[e185 s1000/1030] loss = 0.178436
Epoch 185: train_loss = 0.176611  MAE/GAME0 = 10.810  RMSE = 30.795  GAME1 = 11.924  GAME2 = 12.903  GAME3 = 13.521  lr = 3.25e-05  time = 19.8s
[e186 s0001/1030] loss = 0.002821
[e186 s0050/1030] loss = 0.090635
[e186 s0100/1030] loss = 0.096499
[e186 s0150/1030] loss = 0.092844
[e186 s0200/1030] loss = 0.090136
[e186 s0250/1030] loss = 0.092700
[e186 s0300/1030] loss = 0.109250
[e186 s0350/1030] loss = 0.119442
[e186 s0400/1030] loss = 0.120715
[e186 s0450/1030] loss = 0.116667
[e186 s0500/1030] loss = 0.112350
[e186 s0550/1030] loss = 0.110485
[e186 s0600/1030] loss = 0.109534
[e186 s0650/1030] loss = 0.226217
[e186 s0700/1030] loss = 0.216042
[e186 s0750/1030] loss = 0.209126
[e186 s0800/1030] loss = 0.201129
[e186 s0850/1030] loss = 0.194737
[e186 s0900/1030] loss = 0.187854
[e186 s0950/1030] loss = 0.184186
[e186 s1000/1030] loss = 0.181252
Epoch 186: train_loss = 0.178128  MAE/GAME0 = 12.302  RMSE = 33.204  GAME1 = 13.133  GAME2 = 13.960  GAME3 = 14.457  lr = 3.23e-05  time = 19.5s
[e187 s0001/1030] loss = 0.112461
[e187 s0050/1030] loss = 0.161557
[e187 s0100/1030] loss = 0.138276
[e187 s0150/1030] loss = 0.139439
[e187 s0200/1030] loss = 0.123582
[e187 s0250/1030] loss = 0.120333
[e187 s0300/1030] loss = 0.111442
[e187 s0350/1030] loss = 0.113077
[e187 s0400/1030] loss = 0.120874
[e187 s0450/1030] loss = 0.118893
[e187 s0500/1030] loss = 0.119425
[e187 s0550/1030] loss = 0.118091
[e187 s0600/1030] loss = 0.115551
[e187 s0650/1030] loss = 0.111564
[e187 s0700/1030] loss = 0.109894
[e187 s0750/1030] loss = 0.110601
[e187 s0800/1030] loss = 0.108609
[e187 s0850/1030] loss = 0.198232
[e187 s0900/1030] loss = 0.192582
[e187 s0950/1030] loss = 0.186554
[e187 s1000/1030] loss = 0.181102
Epoch 187: train_loss = 0.177701  MAE/GAME0 = 11.293  RMSE = 31.498  GAME1 = 12.274  GAME2 = 13.158  GAME3 = 13.788  lr = 3.21e-05  time = 19.7s
[e188 s0001/1030] loss = 0.005283
[e188 s0050/1030] loss = 0.071816
[e188 s0100/1030] loss = 0.088087
[e188 s0150/1030] loss = 0.090380
[e188 s0200/1030] loss = 0.097349
[e188 s0250/1030] loss = 0.094158
[e188 s0300/1030] loss = 0.100769
[e188 s0350/1030] loss = 0.099233
[e188 s0400/1030] loss = 0.097990
[e188 s0450/1030] loss = 0.104792
[e188 s0500/1030] loss = 0.104797
[e188 s0550/1030] loss = 0.103692
[e188 s0600/1030] loss = 0.104588
[e188 s0650/1030] loss = 0.103665
[e188 s0700/1030] loss = 0.101872
[e188 s0750/1030] loss = 0.101295
[e188 s0800/1030] loss = 0.195577
[e188 s0850/1030] loss = 0.189520
[e188 s0900/1030] loss = 0.185158
[e188 s0950/1030] loss = 0.178909
[e188 s1000/1030] loss = 0.175470
Epoch 188: train_loss = 0.172615  MAE/GAME0 = 11.180  RMSE = 31.933  GAME1 = 12.238  GAME2 = 13.203  GAME3 = 13.794  lr = 3.19e-05  time = 19.5s
[e189 s0001/1030] loss = 0.189138
[e189 s0050/1030] loss = 0.153294
[e189 s0100/1030] loss = 0.141829
[e189 s0150/1030] loss = 0.128627
[e189 s0200/1030] loss = 0.120701
[e189 s0250/1030] loss = 0.118537
[e189 s0300/1030] loss = 0.121342
[e189 s0350/1030] loss = 0.112641
[e189 s0400/1030] loss = 0.109934
[e189 s0450/1030] loss = 0.116734
[e189 s0500/1030] loss = 0.112260
[e189 s0550/1030] loss = 0.111695
[e189 s0600/1030] loss = 0.114565
[e189 s0650/1030] loss = 0.114126
[e189 s0700/1030] loss = 0.111109
[e189 s0750/1030] loss = 0.109193
[e189 s0800/1030] loss = 0.107333
[e189 s0850/1030] loss = 0.105002
[e189 s0900/1030] loss = 0.105389
[e189 s0950/1030] loss = 0.102646
[e189 s1000/1030] loss = 0.175555
Epoch 189: train_loss = 0.173618  MAE/GAME0 = 12.181  RMSE = 32.806  GAME1 = 12.889  GAME2 = 13.640  GAME3 = 14.148  lr = 3.17e-05  time = 19.8s
[e190 s0001/1030] loss = 0.141703
[e190 s0050/1030] loss = 1.387668
[e190 s0100/1030] loss = 0.746685
[e190 s0150/1030] loss = 0.545888
[e190 s0200/1030] loss = 0.448752
[e190 s0250/1030] loss = 0.372065
[e190 s0300/1030] loss = 0.322561
[e190 s0350/1030] loss = 0.288378
[e190 s0400/1030] loss = 0.264101
[e190 s0450/1030] loss = 0.245462
[e190 s0500/1030] loss = 0.234739
[e190 s0550/1030] loss = 0.220329
[e190 s0600/1030] loss = 0.210460
[e190 s0650/1030] loss = 0.207274
[e190 s0700/1030] loss = 0.198266
[e190 s0750/1030] loss = 0.189173
[e190 s0800/1030] loss = 0.182567
[e190 s0850/1030] loss = 0.179703
[e190 s0900/1030] loss = 0.175873
[e190 s0950/1030] loss = 0.171117
[e190 s1000/1030] loss = 0.169551
Epoch 190: train_loss = 0.166211  MAE/GAME0 = 11.839  RMSE = 31.762  GAME1 = 12.664  GAME2 = 13.423  GAME3 = 13.913  lr = 3.15e-05  time = 19.4s
[e191 s0001/1030] loss = 0.030649
[e191 s0050/1030] loss = 1.483754
[e191 s0100/1030] loss = 0.777359
[e191 s0150/1030] loss = 0.560853
[e191 s0200/1030] loss = 0.448492
[e191 s0250/1030] loss = 0.373423
[e191 s0300/1030] loss = 0.327612
[e191 s0350/1030] loss = 0.293824
[e191 s0400/1030] loss = 0.267164
[e191 s0450/1030] loss = 0.248558
[e191 s0500/1030] loss = 0.233204
[e191 s0550/1030] loss = 0.219895
[e191 s0600/1030] loss = 0.208976
[e191 s0650/1030] loss = 0.201779
[e191 s0700/1030] loss = 0.196217
[e191 s0750/1030] loss = 0.189994
[e191 s0800/1030] loss = 0.188726
[e191 s0850/1030] loss = 0.182443
[e191 s0900/1030] loss = 0.176926
[e191 s0950/1030] loss = 0.171614
[e191 s1000/1030] loss = 0.165974
Epoch 191: train_loss = 0.163003  MAE/GAME0 = 11.314  RMSE = 30.655  GAME1 = 12.231  GAME2 = 13.132  GAME3 = 13.662  lr = 3.13e-05  time = 19.9s
[e192 s0001/1030] loss = 0.038132
[e192 s0050/1030] loss = 0.106449
[e192 s0100/1030] loss = 0.095125
[e192 s0150/1030] loss = 0.097151
[e192 s0200/1030] loss = 0.105951
[e192 s0250/1030] loss = 0.105561
[e192 s0300/1030] loss = 0.104226
[e192 s0350/1030] loss = 0.315384
[e192 s0400/1030] loss = 0.286269
[e192 s0450/1030] loss = 0.262574
[e192 s0500/1030] loss = 0.251131
[e192 s0550/1030] loss = 0.233176
[e192 s0600/1030] loss = 0.222935
[e192 s0650/1030] loss = 0.215008
[e192 s0700/1030] loss = 0.204428
[e192 s0750/1030] loss = 0.195998
[e192 s0800/1030] loss = 0.187192
[e192 s0850/1030] loss = 0.181471
[e192 s0900/1030] loss = 0.177086
[e192 s0950/1030] loss = 0.172580
[e192 s1000/1030] loss = 0.168960
Epoch 192: train_loss = 0.167780  MAE/GAME0 = 12.466  RMSE = 32.326  GAME1 = 13.151  GAME2 = 13.802  GAME3 = 14.271  lr = 3.11e-05  time = 19.5s
[e193 s0001/1030] loss = 0.032052
[e193 s0050/1030] loss = 0.057620
[e193 s0100/1030] loss = 0.100570
[e193 s0150/1030] loss = 0.105733
[e193 s0200/1030] loss = 0.101464
[e193 s0250/1030] loss = 0.104671
[e193 s0300/1030] loss = 0.103610
[e193 s0350/1030] loss = 0.098349
[e193 s0400/1030] loss = 0.095736
[e193 s0450/1030] loss = 0.092258
[e193 s0500/1030] loss = 0.090983
[e193 s0550/1030] loss = 0.099356
[e193 s0600/1030] loss = 0.098355
[e193 s0650/1030] loss = 0.101790
[e193 s0700/1030] loss = 0.099349
[e193 s0750/1030] loss = 0.099120
[e193 s0800/1030] loss = 0.098542
[e193 s0850/1030] loss = 0.098093
[e193 s0900/1030] loss = 0.100543
[e193 s0950/1030] loss = 0.099716
[e193 s1000/1030] loss = 0.170643
Epoch 193: train_loss = 0.167959  MAE/GAME0 = 10.496  RMSE = 29.505  GAME1 = 11.615  GAME2 = 12.696  GAME3 = 13.329  lr = 3.09e-05  time = 19.7s
[e194 s0001/1030] loss = 0.198821
[e194 s0050/1030] loss = 0.137239
[e194 s0100/1030] loss = 0.093118
[e194 s0150/1030] loss = 0.094963
[e194 s0200/1030] loss = 0.096070
[e194 s0250/1030] loss = 0.097041
[e194 s0300/1030] loss = 0.097279
[e194 s0350/1030] loss = 0.095866
[e194 s0400/1030] loss = 0.093137
[e194 s0450/1030] loss = 0.236392
[e194 s0500/1030] loss = 0.221749
[e194 s0550/1030] loss = 0.209391
[e194 s0600/1030] loss = 0.200939
[e194 s0650/1030] loss = 0.196416
[e194 s0700/1030] loss = 0.189394
[e194 s0750/1030] loss = 0.182473
[e194 s0800/1030] loss = 0.175717
[e194 s0850/1030] loss = 0.171508
[e194 s0900/1030] loss = 0.166562
[e194 s0950/1030] loss = 0.161861
[e194 s1000/1030] loss = 0.157576
Epoch 194: train_loss = 0.156611  MAE/GAME0 = 10.719  RMSE = 30.157  GAME1 = 11.781  GAME2 = 12.790  GAME3 = 13.417  lr = 3.06e-05  time = 19.6s
[e195 s0001/1030] loss = 0.013476
[e195 s0050/1030] loss = 1.556733
[e195 s0100/1030] loss = 0.835648
[e195 s0150/1030] loss = 0.588617
[e195 s0200/1030] loss = 0.456841
[e195 s0250/1030] loss = 0.377480
[e195 s0300/1030] loss = 0.335330
[e195 s0350/1030] loss = 0.296014
[e195 s0400/1030] loss = 0.271950
[e195 s0450/1030] loss = 0.253809
[e195 s0500/1030] loss = 0.237537
[e195 s0550/1030] loss = 0.223869
[e195 s0600/1030] loss = 0.212122
[e195 s0650/1030] loss = 0.203021
[e195 s0700/1030] loss = 0.193754
[e195 s0750/1030] loss = 0.186395
[e195 s0800/1030] loss = 0.180907
[e195 s0850/1030] loss = 0.174795
[e195 s0900/1030] loss = 0.169817
[e195 s0950/1030] loss = 0.169476
[e195 s1000/1030] loss = 0.165843
Epoch 195: train_loss = 0.166919  MAE/GAME0 = 10.339  RMSE = 30.341  GAME1 = 11.532  GAME2 = 12.603  GAME3 = 13.281  lr = 3.04e-05  time = 19.5s
[e196 s0001/1030] loss = 0.226313
[e196 s0050/1030] loss = 0.141542
[e196 s0100/1030] loss = 0.108066
[e196 s0150/1030] loss = 0.101611
[e196 s0200/1030] loss = 0.098114
[e196 s0250/1030] loss = 0.114829
[e196 s0300/1030] loss = 0.106123
[e196 s0350/1030] loss = 0.106553
[e196 s0400/1030] loss = 0.108688
[e196 s0450/1030] loss = 0.106536
[e196 s0500/1030] loss = 0.103328
[e196 s0550/1030] loss = 0.105708
[e196 s0600/1030] loss = 0.102028
[e196 s0650/1030] loss = 0.100951
[e196 s0700/1030] loss = 0.099592
[e196 s0750/1030] loss = 0.100038
[e196 s0800/1030] loss = 0.199214
[e196 s0850/1030] loss = 0.190127
[e196 s0900/1030] loss = 0.184730
[e196 s0950/1030] loss = 0.178875
[e196 s1000/1030] loss = 0.175342
Epoch 196: train_loss = 0.171836  MAE/GAME0 = 11.549  RMSE = 31.850  GAME1 = 12.465  GAME2 = 13.332  GAME3 = 13.901  lr = 3.02e-05  time = 19.9s
[e197 s0001/1030] loss = 0.111189
[e197 s0050/1030] loss = 0.083620
[e197 s0100/1030] loss = 0.080470
[e197 s0150/1030] loss = 0.077421
[e197 s0200/1030] loss = 0.078046
[e197 s0250/1030] loss = 0.370134
[e197 s0300/1030] loss = 0.322944
[e197 s0350/1030] loss = 0.285609
[e197 s0400/1030] loss = 0.262175
[e197 s0450/1030] loss = 0.245005
[e197 s0500/1030] loss = 0.228676
[e197 s0550/1030] loss = 0.214455
[e197 s0600/1030] loss = 0.204078
[e197 s0650/1030] loss = 0.193842
[e197 s0700/1030] loss = 0.185413
[e197 s0750/1030] loss = 0.186138
[e197 s0800/1030] loss = 0.179128
[e197 s0850/1030] loss = 0.175191
[e197 s0900/1030] loss = 0.170710
[e197 s0950/1030] loss = 0.166667
[e197 s1000/1030] loss = 0.161972
Epoch 197: train_loss = 0.158767  MAE/GAME0 = 10.971  RMSE = 30.297  GAME1 = 12.063  GAME2 = 12.945  GAME3 = 13.491  lr = 3.00e-05  time = 19.6s
[e198 s0001/1030] loss = 0.067627
[e198 s0050/1030] loss = 0.198404
[e198 s0100/1030] loss = 0.147854
[e198 s0150/1030] loss = 0.122905
[e198 s0200/1030] loss = 0.116558
[e198 s0250/1030] loss = 0.118518
[e198 s0300/1030] loss = 0.113965
[e198 s0350/1030] loss = 0.109332
[e198 s0400/1030] loss = 0.104577
[e198 s0450/1030] loss = 0.101676
[e198 s0500/1030] loss = 0.101699
[e198 s0550/1030] loss = 0.097730
[e198 s0600/1030] loss = 0.094902
[e198 s0650/1030] loss = 0.093774
[e198 s0700/1030] loss = 0.092611
[e198 s0750/1030] loss = 0.093179
[e198 s0800/1030] loss = 0.096373
[e198 s0850/1030] loss = 0.181545
[e198 s0900/1030] loss = 0.176272
[e198 s0950/1030] loss = 0.171768
[e198 s1000/1030] loss = 0.166287
Epoch 198: train_loss = 0.164065  MAE/GAME0 = 10.789  RMSE = 31.003  GAME1 = 11.665  GAME2 = 12.543  GAME3 = 13.167  lr = 2.98e-05  time = 19.4s
[e199 s0001/1030] loss = 0.292631
[e199 s0050/1030] loss = 0.090810
[e199 s0100/1030] loss = 0.098582
[e199 s0150/1030] loss = 0.097214
[e199 s0200/1030] loss = 0.114107
[e199 s0250/1030] loss = 0.108708
[e199 s0300/1030] loss = 0.101365
[e199 s0350/1030] loss = 0.103731
[e199 s0400/1030] loss = 0.096379
[e199 s0450/1030] loss = 0.095785
[e199 s0500/1030] loss = 0.095443
[e199 s0550/1030] loss = 0.229776
[e199 s0600/1030] loss = 0.215959
[e199 s0650/1030] loss = 0.204658
[e199 s0700/1030] loss = 0.195393
[e199 s0750/1030] loss = 0.188127
[e199 s0800/1030] loss = 0.181015
[e199 s0850/1030] loss = 0.178656
[e199 s0900/1030] loss = 0.173389
[e199 s0950/1030] loss = 0.169765
[e199 s1000/1030] loss = 0.165578
Epoch 199: train_loss = 0.164267  MAE/GAME0 = 10.844  RMSE = 31.584  GAME1 = 11.830  GAME2 = 12.734  GAME3 = 13.361  lr = 2.96e-05  time = 19.7s
[e200 s0001/1030] loss = 0.001354
[e200 s0050/1030] loss = 0.176386
[e200 s0100/1030] loss = 0.154493
[e200 s0150/1030] loss = 0.130979
[e200 s0200/1030] loss = 0.121903
[e200 s0250/1030] loss = 0.111989
[e200 s0300/1030] loss = 0.118251
[e200 s0350/1030] loss = 0.112321
[e200 s0400/1030] loss = 0.105698
[e200 s0450/1030] loss = 0.263718
[e200 s0500/1030] loss = 0.244774
[e200 s0550/1030] loss = 0.230280
[e200 s0600/1030] loss = 0.217677
[e200 s0650/1030] loss = 0.208111
[e200 s0700/1030] loss = 0.198759
[e200 s0750/1030] loss = 0.191534
[e200 s0800/1030] loss = 0.186749
[e200 s0850/1030] loss = 0.179491
[e200 s0900/1030] loss = 0.174237
[e200 s0950/1030] loss = 0.169040
[e200 s1000/1030] loss = 0.163685
Epoch 200: train_loss = 0.160911  MAE/GAME0 = 11.791  RMSE = 31.896  GAME1 = 12.622  GAME2 = 13.428  GAME3 = 13.950  lr = 2.94e-05  time = 19.8s
[e201 s0001/1030] loss = 0.016796
[e201 s0050/1030] loss = 0.096139
[e201 s0100/1030] loss = 0.088373
[e201 s0150/1030] loss = 0.096751
[e201 s0200/1030] loss = 0.099975
[e201 s0250/1030] loss = 0.093382
[e201 s0300/1030] loss = 0.087206
[e201 s0350/1030] loss = 0.297034
[e201 s0400/1030] loss = 0.269862
[e201 s0450/1030] loss = 0.250258
[e201 s0500/1030] loss = 0.230674
[e201 s0550/1030] loss = 0.215968
[e201 s0600/1030] loss = 0.205830
[e201 s0650/1030] loss = 0.194758
[e201 s0700/1030] loss = 0.185810
[e201 s0750/1030] loss = 0.179537
[e201 s0800/1030] loss = 0.173335
[e201 s0850/1030] loss = 0.167375
[e201 s0900/1030] loss = 0.166947
[e201 s0950/1030] loss = 0.161896
[e201 s1000/1030] loss = 0.159917
Epoch 201: train_loss = 0.157051  MAE/GAME0 = 11.688  RMSE = 32.005  GAME1 = 12.527  GAME2 = 13.365  GAME3 = 13.885  lr = 2.91e-05  time = 19.5s
[e202 s0001/1030] loss = 0.062537
[e202 s0050/1030] loss = 0.084459
[e202 s0100/1030] loss = 0.088365
[e202 s0150/1030] loss = 0.086347
[e202 s0200/1030] loss = 0.083615
[e202 s0250/1030] loss = 0.346483
[e202 s0300/1030] loss = 0.299808
[e202 s0350/1030] loss = 0.266275
[e202 s0400/1030] loss = 0.241891
[e202 s0450/1030] loss = 0.220938
[e202 s0500/1030] loss = 0.209119
[e202 s0550/1030] loss = 0.196599
[e202 s0600/1030] loss = 0.186897
[e202 s0650/1030] loss = 0.177604
[e202 s0700/1030] loss = 0.170596
[e202 s0750/1030] loss = 0.166297
[e202 s0800/1030] loss = 0.162332
[e202 s0850/1030] loss = 0.159145
[e202 s0900/1030] loss = 0.155619
[e202 s0950/1030] loss = 0.153956
[e202 s1000/1030] loss = 0.153341
Epoch 202: train_loss = 0.151411  MAE/GAME0 = 10.455  RMSE = 30.812  GAME1 = 11.669  GAME2 = 12.784  GAME3 = 13.501  lr = 2.89e-05  time = 19.8s
[e203 s0001/1030] loss = 0.016423
[e203 s0050/1030] loss = 0.080363
[e203 s0100/1030] loss = 0.064267
[e203 s0150/1030] loss = 0.607234
[e203 s0200/1030] loss = 0.471444
[e203 s0250/1030] loss = 0.392258
[e203 s0300/1030] loss = 0.341744
[e203 s0350/1030] loss = 0.314779
[e203 s0400/1030] loss = 0.285567
[e203 s0450/1030] loss = 0.264673
[e203 s0500/1030] loss = 0.247324
[e203 s0550/1030] loss = 0.231807
[e203 s0600/1030] loss = 0.221892
[e203 s0650/1030] loss = 0.209416
[e203 s0700/1030] loss = 0.203041
[e203 s0750/1030] loss = 0.193226
[e203 s0800/1030] loss = 0.187130
[e203 s0850/1030] loss = 0.182872
[e203 s0900/1030] loss = 0.177142
[e203 s0950/1030] loss = 0.171754
[e203 s1000/1030] loss = 0.166902
Epoch 203: train_loss = 0.165195  MAE/GAME0 = 10.026  RMSE = 28.304  GAME1 = 11.313  GAME2 = 12.366  GAME3 = 13.049  lr = 2.87e-05  time = 19.8s
[e204 s0001/1030] loss = 0.077173
[e204 s0050/1030] loss = 0.093230
[e204 s0100/1030] loss = 0.093304
[e204 s0150/1030] loss = 0.082535
[e204 s0200/1030] loss = 0.083706
[e204 s0250/1030] loss = 0.082500
[e204 s0300/1030] loss = 0.323874
[e204 s0350/1030] loss = 0.294190
[e204 s0400/1030] loss = 0.266412
[e204 s0450/1030] loss = 0.247054
[e204 s0500/1030] loss = 0.232355
[e204 s0550/1030] loss = 0.219419
[e204 s0600/1030] loss = 0.208059
[e204 s0650/1030] loss = 0.199606
[e204 s0700/1030] loss = 0.192178
[e204 s0750/1030] loss = 0.183836
[e204 s0800/1030] loss = 0.179215
[e204 s0850/1030] loss = 0.172051
[e204 s0900/1030] loss = 0.166808
[e204 s0950/1030] loss = 0.161925
[e204 s1000/1030] loss = 0.157074
Epoch 204: train_loss = 0.155387  MAE/GAME0 = 11.632  RMSE = 31.271  GAME1 = 12.497  GAME2 = 13.277  GAME3 = 13.827  lr = 2.85e-05  time = 19.6s
[e205 s0001/1030] loss = 0.030351
[e205 s0050/1030] loss = 0.086607
[e205 s0100/1030] loss = 0.072942
[e205 s0150/1030] loss = 0.076834
[e205 s0200/1030] loss = 0.085927
[e205 s0250/1030] loss = 0.083502
[e205 s0300/1030] loss = 0.083137
[e205 s0350/1030] loss = 0.083452
[e205 s0400/1030] loss = 0.080852
[e205 s0450/1030] loss = 0.081520
[e205 s0500/1030] loss = 0.081291
[e205 s0550/1030] loss = 0.083993
[e205 s0600/1030] loss = 0.084901
[e205 s0650/1030] loss = 0.087421
[e205 s0700/1030] loss = 0.085966
[e205 s0750/1030] loss = 0.085196
[e205 s0800/1030] loss = 0.084207
[e205 s0850/1030] loss = 0.172679
[e205 s0900/1030] loss = 0.167485
[e205 s0950/1030] loss = 0.161247
[e205 s1000/1030] loss = 0.158076
Epoch 205: train_loss = 0.155859  MAE/GAME0 = 11.985  RMSE = 32.312  GAME1 = 12.928  GAME2 = 13.763  GAME3 = 14.283  lr = 2.83e-05  time = 19.4s
[e206 s0001/1030] loss = 0.321842
[e206 s0050/1030] loss = 0.066741
[e206 s0100/1030] loss = 0.077580
[e206 s0150/1030] loss = 0.089152
[e206 s0200/1030] loss = 0.085992
[e206 s0250/1030] loss = 0.087553
[e206 s0300/1030] loss = 0.086361
[e206 s0350/1030] loss = 0.091236
[e206 s0400/1030] loss = 0.090969
[e206 s0450/1030] loss = 0.098430
[e206 s0500/1030] loss = 0.093465
[e206 s0550/1030] loss = 0.093669
[e206 s0600/1030] loss = 0.090986
[e206 s0650/1030] loss = 0.089340
[e206 s0700/1030] loss = 0.089804
[e206 s0750/1030] loss = 0.091679
[e206 s0800/1030] loss = 0.191335
[e206 s0850/1030] loss = 0.184696
[e206 s0900/1030] loss = 0.181583
[e206 s0950/1030] loss = 0.175737
[e206 s1000/1030] loss = 0.170137
Epoch 206: train_loss = 0.166827  MAE/GAME0 = 11.688  RMSE = 33.733  GAME1 = 13.019  GAME2 = 14.115  GAME3 = 14.790  lr = 2.81e-05  time = 19.7s
[e207 s0001/1030] loss = 0.132358
[e207 s0050/1030] loss = 0.065673
[e207 s0100/1030] loss = 0.063402
[e207 s0150/1030] loss = 0.070996
[e207 s0200/1030] loss = 0.075233
[e207 s0250/1030] loss = 0.073079
[e207 s0300/1030] loss = 0.073062
[e207 s0350/1030] loss = 0.079835
[e207 s0400/1030] loss = 0.082118
[e207 s0450/1030] loss = 0.082537
[e207 s0500/1030] loss = 0.088690
[e207 s0550/1030] loss = 0.087601
[e207 s0600/1030] loss = 0.087557
[e207 s0650/1030] loss = 0.199017
[e207 s0700/1030] loss = 0.189814
[e207 s0750/1030] loss = 0.185370
[e207 s0800/1030] loss = 0.182307
[e207 s0850/1030] loss = 0.176398
[e207 s0900/1030] loss = 0.169304
[e207 s0950/1030] loss = 0.164061
[e207 s1000/1030] loss = 0.163302
Epoch 207: train_loss = 0.160867  MAE/GAME0 = 12.686  RMSE = 33.957  GAME1 = 13.438  GAME2 = 14.244  GAME3 = 14.699  lr = 2.79e-05  time = 19.6s
[e208 s0001/1030] loss = 0.036619
[e208 s0050/1030] loss = 0.106133
[e208 s0100/1030] loss = 0.087803
[e208 s0150/1030] loss = 0.094507
[e208 s0200/1030] loss = 0.086001
[e208 s0250/1030] loss = 0.082617
[e208 s0300/1030] loss = 0.079353
[e208 s0350/1030] loss = 0.085947
[e208 s0400/1030] loss = 0.084738
[e208 s0450/1030] loss = 0.085678
[e208 s0500/1030] loss = 0.083545
[e208 s0550/1030] loss = 0.213876
[e208 s0600/1030] loss = 0.200360
[e208 s0650/1030] loss = 0.190536
[e208 s0700/1030] loss = 0.182704
[e208 s0750/1030] loss = 0.175601
[e208 s0800/1030] loss = 0.169016
[e208 s0850/1030] loss = 0.162887
[e208 s0900/1030] loss = 0.159436
[e208 s0950/1030] loss = 0.156405
[e208 s1000/1030] loss = 0.153102
Epoch 208: train_loss = 0.151584  MAE/GAME0 = 10.580  RMSE = 29.953  GAME1 = 11.644  GAME2 = 12.729  GAME3 = 13.383  lr = 2.76e-05  time = 19.8s
[e209 s0001/1030] loss = 0.026927
[e209 s0050/1030] loss = 0.065579
[e209 s0100/1030] loss = 0.068077
[e209 s0150/1030] loss = 0.071327
[e209 s0200/1030] loss = 0.072792
[e209 s0250/1030] loss = 0.072508
[e209 s0300/1030] loss = 0.073536
[e209 s0350/1030] loss = 0.075080
[e209 s0400/1030] loss = 0.076750
[e209 s0450/1030] loss = 0.248556
[e209 s0500/1030] loss = 0.234871
[e209 s0550/1030] loss = 0.225463
[e209 s0600/1030] loss = 0.213348
[e209 s0650/1030] loss = 0.201516
[e209 s0700/1030] loss = 0.192864
[e209 s0750/1030] loss = 0.185223
[e209 s0800/1030] loss = 0.180557
[e209 s0850/1030] loss = 0.174794
[e209 s0900/1030] loss = 0.169282
[e209 s0950/1030] loss = 0.164081
[e209 s1000/1030] loss = 0.159449
Epoch 209: train_loss = 0.157241  MAE/GAME0 = 12.564  RMSE = 31.812  GAME1 = 13.193  GAME2 = 13.866  GAME3 = 14.312  lr = 2.74e-05  time = 19.6s
[e210 s0001/1030] loss = 0.011644
[e210 s0050/1030] loss = 0.087855
[e210 s0100/1030] loss = 0.081620
[e210 s0150/1030] loss = 0.081046
[e210 s0200/1030] loss = 0.083997
[e210 s0250/1030] loss = 0.082271
[e210 s0300/1030] loss = 0.081242
[e210 s0350/1030] loss = 0.091035
[e210 s0400/1030] loss = 0.085872
[e210 s0450/1030] loss = 0.084995
[e210 s0500/1030] loss = 0.228580
[e210 s0550/1030] loss = 0.213692
[e210 s0600/1030] loss = 0.203120
[e210 s0650/1030] loss = 0.193266
[e210 s0700/1030] loss = 0.185540
[e210 s0750/1030] loss = 0.182138
[e210 s0800/1030] loss = 0.174767
[e210 s0850/1030] loss = 0.168047
[e210 s0900/1030] loss = 0.163596
[e210 s0950/1030] loss = 0.158727
[e210 s1000/1030] loss = 0.154034
Epoch 210: train_loss = 0.151495  MAE/GAME0 = 11.138  RMSE = 32.879  GAME1 = 12.119  GAME2 = 13.052  GAME3 = 13.667  lr = 2.72e-05  time = 19.4s
[e211 s0001/1030] loss = 0.058340
[e211 s0050/1030] loss = 0.114631
[e211 s0100/1030] loss = 0.095758
[e211 s0150/1030] loss = 0.094107
[e211 s0200/1030] loss = 0.095358
[e211 s0250/1030] loss = 0.097167
[e211 s0300/1030] loss = 0.091682
[e211 s0350/1030] loss = 0.089959
[e211 s0400/1030] loss = 0.090597
[e211 s0450/1030] loss = 0.089208
[e211 s0500/1030] loss = 0.086894
[e211 s0550/1030] loss = 0.210417
[e211 s0600/1030] loss = 0.200748
[e211 s0650/1030] loss = 0.189027
[e211 s0700/1030] loss = 0.180902
[e211 s0750/1030] loss = 0.174442
[e211 s0800/1030] loss = 0.167456
[e211 s0850/1030] loss = 0.161135
[e211 s0900/1030] loss = 0.156618
[e211 s0950/1030] loss = 0.153236
[e211 s1000/1030] loss = 0.149715
Epoch 211: train_loss = 0.148626  MAE/GAME0 = 11.601  RMSE = 32.251  GAME1 = 12.559  GAME2 = 13.370  GAME3 = 13.925  lr = 2.70e-05  time = 19.5s
[e212 s0001/1030] loss = 0.055200
[e212 s0050/1030] loss = 0.104801
[e212 s0100/1030] loss = 0.128612
[e212 s0150/1030] loss = 0.138430
[e212 s0200/1030] loss = 0.131144
[e212 s0250/1030] loss = 0.118295
[e212 s0300/1030] loss = 0.112537
[e212 s0350/1030] loss = 0.107982
[e212 s0400/1030] loss = 0.105610
[e212 s0450/1030] loss = 0.100352
[e212 s0500/1030] loss = 0.101232
[e212 s0550/1030] loss = 0.098904
[e212 s0600/1030] loss = 0.220428
[e212 s0650/1030] loss = 0.208567
[e212 s0700/1030] loss = 0.200159
[e212 s0750/1030] loss = 0.191018
[e212 s0800/1030] loss = 0.183587
[e212 s0850/1030] loss = 0.176446
[e212 s0900/1030] loss = 0.170987
[e212 s0950/1030] loss = 0.165290
[e212 s1000/1030] loss = 0.159663
Epoch 212: train_loss = 0.157180  MAE/GAME0 = 10.562  RMSE = 31.459  GAME1 = 11.798  GAME2 = 12.900  GAME3 = 13.558  lr = 2.68e-05  time = 19.3s
[e213 s0001/1030] loss = 0.115404
[e213 s0050/1030] loss = 0.055286
[e213 s0100/1030] loss = 0.058466
[e213 s0150/1030] loss = 0.073247
[e213 s0200/1030] loss = 0.455803
[e213 s0250/1030] loss = 0.377686
[e213 s0300/1030] loss = 0.331039
[e213 s0350/1030] loss = 0.296031
[e213 s0400/1030] loss = 0.265356
[e213 s0450/1030] loss = 0.249446
[e213 s0500/1030] loss = 0.232051
[e213 s0550/1030] loss = 0.217668
[e213 s0600/1030] loss = 0.205901
[e213 s0650/1030] loss = 0.196154
[e213 s0700/1030] loss = 0.189918
[e213 s0750/1030] loss = 0.183037
[e213 s0800/1030] loss = 0.176429
[e213 s0850/1030] loss = 0.170469
[e213 s0900/1030] loss = 0.165017
[e213 s0950/1030] loss = 0.160627
[e213 s1000/1030] loss = 0.156472
Epoch 213: train_loss = 0.153824  MAE/GAME0 = 10.965  RMSE = 30.973  GAME1 = 11.993  GAME2 = 12.935  GAME3 = 13.605  lr = 2.65e-05  time = 19.8s
[e214 s0001/1030] loss = 0.041537
[e214 s0050/1030] loss = 0.044610
[e214 s0100/1030] loss = 0.058949
[e214 s0150/1030] loss = 0.552305
[e214 s0200/1030] loss = 0.434163
[e214 s0250/1030] loss = 0.363521
[e214 s0300/1030] loss = 0.314466
[e214 s0350/1030] loss = 0.278589
[e214 s0400/1030] loss = 0.256231
[e214 s0450/1030] loss = 0.235863
[e214 s0500/1030] loss = 0.224889
[e214 s0550/1030] loss = 0.213392
[e214 s0600/1030] loss = 0.201107
[e214 s0650/1030] loss = 0.191807
[e214 s0700/1030] loss = 0.182488
[e214 s0750/1030] loss = 0.177326
[e214 s0800/1030] loss = 0.170356
[e214 s0850/1030] loss = 0.164519
[e214 s0900/1030] loss = 0.158785
[e214 s0950/1030] loss = 0.154214
[e214 s1000/1030] loss = 0.149700
Epoch 214: train_loss = 0.147886  MAE/GAME0 = 13.344  RMSE = 32.774  GAME1 = 13.950  GAME2 = 14.477  GAME3 = 14.812  lr = 2.63e-05  time = 19.6s
[e215 s0001/1030] loss = 0.080276
[e215 s0050/1030] loss = 0.053320
[e215 s0100/1030] loss = 0.080225
[e215 s0150/1030] loss = 0.078403
[e215 s0200/1030] loss = 0.450496
[e215 s0250/1030] loss = 0.374371
[e215 s0300/1030] loss = 0.330920
[e215 s0350/1030] loss = 0.294742
[e215 s0400/1030] loss = 0.265015
[e215 s0450/1030] loss = 0.247488
[e215 s0500/1030] loss = 0.230845
[e215 s0550/1030] loss = 0.217857
[e215 s0600/1030] loss = 0.205614
[e215 s0650/1030] loss = 0.193899
[e215 s0700/1030] loss = 0.185129
[e215 s0750/1030] loss = 0.177337
[e215 s0800/1030] loss = 0.170923
[e215 s0850/1030] loss = 0.164350
[e215 s0900/1030] loss = 0.161245
[e215 s0950/1030] loss = 0.156305
[e215 s1000/1030] loss = 0.153683
Epoch 215: train_loss = 0.151338  MAE/GAME0 = 10.833  RMSE = 32.249  GAME1 = 12.047  GAME2 = 13.140  GAME3 = 13.809  lr = 2.61e-05  time = 19.7s
[e216 s0001/1030] loss = 0.015086
[e216 s0050/1030] loss = 0.066352
[e216 s0100/1030] loss = 0.075117
[e216 s0150/1030] loss = 0.547728
[e216 s0200/1030] loss = 0.432520
[e216 s0250/1030] loss = 0.357899
[e216 s0300/1030] loss = 0.308437
[e216 s0350/1030] loss = 0.274561
[e216 s0400/1030] loss = 0.249860
[e216 s0450/1030] loss = 0.228990
[e216 s0500/1030] loss = 0.216957
[e216 s0550/1030] loss = 0.202544
[e216 s0600/1030] loss = 0.189751
[e216 s0650/1030] loss = 0.180626
[e216 s0700/1030] loss = 0.172722
[e216 s0750/1030] loss = 0.165503
[e216 s0800/1030] loss = 0.160071
[e216 s0850/1030] loss = 0.153929
[e216 s0900/1030] loss = 0.150014
[e216 s0950/1030] loss = 0.148406
[e216 s1000/1030] loss = 0.147201
Epoch 216: train_loss = 0.144919  MAE/GAME0 = 11.370  RMSE = 30.905  GAME1 = 12.157  GAME2 = 12.984  GAME3 = 13.518  lr = 2.59e-05  time = 19.7s
[e217 s0001/1030] loss = 0.064505
[e217 s0050/1030] loss = 0.101066
[e217 s0100/1030] loss = 0.094340
[e217 s0150/1030] loss = 0.085966
[e217 s0200/1030] loss = 0.078726
[e217 s0250/1030] loss = 0.358083
[e217 s0300/1030] loss = 0.308298
[e217 s0350/1030] loss = 0.276122
[e217 s0400/1030] loss = 0.250255
[e217 s0450/1030] loss = 0.229714
[e217 s0500/1030] loss = 0.214796
[e217 s0550/1030] loss = 0.202356
[e217 s0600/1030] loss = 0.189563
[e217 s0650/1030] loss = 0.179252
[e217 s0700/1030] loss = 0.173081
[e217 s0750/1030] loss = 0.167490
[e217 s0800/1030] loss = 0.161577
[e217 s0850/1030] loss = 0.156180
[e217 s0900/1030] loss = 0.155727
[e217 s0950/1030] loss = 0.154056
[e217 s1000/1030] loss = 0.149054
Epoch 217: train_loss = 0.147274  MAE/GAME0 = 11.117  RMSE = 30.365  GAME1 = 12.323  GAME2 = 13.232  GAME3 = 13.858  lr = 2.57e-05  time = 19.8s
[e218 s0001/1030] loss = 0.004688
[e218 s0050/1030] loss = 0.084045
[e218 s0100/1030] loss = 0.088535
[e218 s0150/1030] loss = 0.093857
[e218 s0200/1030] loss = 0.093213
[e218 s0250/1030] loss = 0.087829
[e218 s0300/1030] loss = 0.102738
[e218 s0350/1030] loss = 0.099334
[e218 s0400/1030] loss = 0.097001
[e218 s0450/1030] loss = 0.090577
[e218 s0500/1030] loss = 0.092610
[e218 s0550/1030] loss = 0.089386
[e218 s0600/1030] loss = 0.088428
[e218 s0650/1030] loss = 0.088050
[e218 s0700/1030] loss = 0.085947
[e218 s0750/1030] loss = 0.174604
[e218 s0800/1030] loss = 0.168606
[e218 s0850/1030] loss = 0.164103
[e218 s0900/1030] loss = 0.160660
[e218 s0950/1030] loss = 0.154630
[e218 s1000/1030] loss = 0.150202
Epoch 218: train_loss = 0.147989  MAE/GAME0 = 13.007  RMSE = 32.499  GAME1 = 13.652  GAME2 = 14.278  GAME3 = 14.668  lr = 2.55e-05  time = 19.6s
[e219 s0001/1030] loss = 0.120091
[e219 s0050/1030] loss = 0.067351
[e219 s0100/1030] loss = 0.100697
[e219 s0150/1030] loss = 0.085832
[e219 s0200/1030] loss = 0.081318
[e219 s0250/1030] loss = 0.081843
[e219 s0300/1030] loss = 0.078986
[e219 s0350/1030] loss = 0.079373
[e219 s0400/1030] loss = 0.077909
[e219 s0450/1030] loss = 0.077518
[e219 s0500/1030] loss = 0.075983
[e219 s0550/1030] loss = 0.074513
[e219 s0600/1030] loss = 0.075763
[e219 s0650/1030] loss = 0.075887
[e219 s0700/1030] loss = 0.073449
[e219 s0750/1030] loss = 0.072745
[e219 s0800/1030] loss = 0.074918
[e219 s0850/1030] loss = 0.074266
[e219 s0900/1030] loss = 0.073706
[e219 s0950/1030] loss = 0.145080
[e219 s1000/1030] loss = 0.140721
Epoch 219: train_loss = 0.138391  MAE/GAME0 = 11.815  RMSE = 31.948  GAME1 = 12.759  GAME2 = 13.606  GAME3 = 14.133  lr = 2.52e-05  time = 19.8s
[e220 s0001/1030] loss = 0.137402
[e220 s0050/1030] loss = 0.079368
[e220 s0100/1030] loss = 0.083768
[e220 s0150/1030] loss = 0.080294
[e220 s0200/1030] loss = 0.079456
[e220 s0250/1030] loss = 0.080347
[e220 s0300/1030] loss = 0.079935
[e220 s0350/1030] loss = 0.077471
[e220 s0400/1030] loss = 0.074759
[e220 s0450/1030] loss = 0.076263
[e220 s0500/1030] loss = 0.074804
[e220 s0550/1030] loss = 0.071799
[e220 s0600/1030] loss = 0.188871
[e220 s0650/1030] loss = 0.179558
[e220 s0700/1030] loss = 0.171162
[e220 s0750/1030] loss = 0.165319
[e220 s0800/1030] loss = 0.159524
[e220 s0850/1030] loss = 0.155098
[e220 s0900/1030] loss = 0.151109
[e220 s0950/1030] loss = 0.146556
[e220 s1000/1030] loss = 0.141816
Epoch 220: train_loss = 0.139127  MAE/GAME0 = 12.003  RMSE = 33.122  GAME1 = 12.715  GAME2 = 13.455  GAME3 = 13.958  lr = 2.50e-05  time = 19.4s
[e221 s0001/1030] loss = 0.002821
[e221 s0050/1030] loss = 0.082169
[e221 s0100/1030] loss = 0.069331
[e221 s0150/1030] loss = 0.064324
[e221 s0200/1030] loss = 0.060996
[e221 s0250/1030] loss = 0.063316
[e221 s0300/1030] loss = 0.065981
[e221 s0350/1030] loss = 0.065169
[e221 s0400/1030] loss = 0.070459
[e221 s0450/1030] loss = 0.071189
[e221 s0500/1030] loss = 0.069723
[e221 s0550/1030] loss = 0.070349
[e221 s0600/1030] loss = 0.069686
[e221 s0650/1030] loss = 0.070463
[e221 s0700/1030] loss = 0.069185
[e221 s0750/1030] loss = 0.073131
[e221 s0800/1030] loss = 0.072069
[e221 s0850/1030] loss = 0.074515
[e221 s0900/1030] loss = 0.074281
[e221 s0950/1030] loss = 0.076246
[e221 s1000/1030] loss = 0.146937
Epoch 221: train_loss = 0.145827  MAE/GAME0 = 11.398  RMSE = 30.433  GAME1 = 12.182  GAME2 = 12.992  GAME3 = 13.523  lr = 2.48e-05  time = 19.3s
[e222 s0001/1030] loss = 0.028245
[e222 s0050/1030] loss = 0.076662
[e222 s0100/1030] loss = 0.071488
[e222 s0150/1030] loss = 0.077604
[e222 s0200/1030] loss = 0.077329
[e222 s0250/1030] loss = 0.073037
[e222 s0300/1030] loss = 0.073941
[e222 s0350/1030] loss = 0.076921
[e222 s0400/1030] loss = 0.078625
[e222 s0450/1030] loss = 0.077928
[e222 s0500/1030] loss = 0.074755
[e222 s0550/1030] loss = 0.073047
[e222 s0600/1030] loss = 0.073846
[e222 s0650/1030] loss = 0.074837
[e222 s0700/1030] loss = 0.073929
[e222 s0750/1030] loss = 0.074465
[e222 s0800/1030] loss = 0.073635
[e222 s0850/1030] loss = 0.075369
[e222 s0900/1030] loss = 0.076900
[e222 s0950/1030] loss = 0.076013
[e222 s1000/1030] loss = 0.147902
Epoch 222: train_loss = 0.145017  MAE/GAME0 = 10.907  RMSE = 31.219  GAME1 = 11.931  GAME2 = 12.902  GAME3 = 13.561  lr = 2.46e-05  time = 19.6s
[e223 s0001/1030] loss = 0.014521
[e223 s0050/1030] loss = 0.078571
[e223 s0100/1030] loss = 0.061575
[e223 s0150/1030] loss = 0.067217
[e223 s0200/1030] loss = 0.062162
[e223 s0250/1030] loss = 0.064491
[e223 s0300/1030] loss = 0.287156
[e223 s0350/1030] loss = 0.257883
[e223 s0400/1030] loss = 0.235268
[e223 s0450/1030] loss = 0.217820
[e223 s0500/1030] loss = 0.203319
[e223 s0550/1030] loss = 0.192497
[e223 s0600/1030] loss = 0.180965
[e223 s0650/1030] loss = 0.174216
[e223 s0700/1030] loss = 0.166937
[e223 s0750/1030] loss = 0.161836
[e223 s0800/1030] loss = 0.156124
[e223 s0850/1030] loss = 0.153032
[e223 s0900/1030] loss = 0.147025
[e223 s0950/1030] loss = 0.142491
[e223 s1000/1030] loss = 0.140478
Epoch 223: train_loss = 0.137936  MAE/GAME0 = 11.517  RMSE = 32.910  GAME1 = 12.486  GAME2 = 13.423  GAME3 = 13.995  lr = 2.44e-05  time = 19.8s
[e224 s0001/1030] loss = 0.016673
[e224 s0050/1030] loss = 0.075119
[e224 s0100/1030] loss = 0.081647
[e224 s0150/1030] loss = 0.506727
[e224 s0200/1030] loss = 0.393616
[e224 s0250/1030] loss = 0.328346
[e224 s0300/1030] loss = 0.282512
[e224 s0350/1030] loss = 0.249381
[e224 s0400/1030] loss = 0.224692
[e224 s0450/1030] loss = 0.208754
[e224 s0500/1030] loss = 0.196962
[e224 s0550/1030] loss = 0.183429
[e224 s0600/1030] loss = 0.172958
[e224 s0650/1030] loss = 0.164303
[e224 s0700/1030] loss = 0.157683
[e224 s0750/1030] loss = 0.151666
[e224 s0800/1030] loss = 0.145299
[e224 s0850/1030] loss = 0.139780
[e224 s0900/1030] loss = 0.136321
[e224 s0950/1030] loss = 0.132393
[e224 s1000/1030] loss = 0.129663
Epoch 224: train_loss = 0.128312  MAE/GAME0 = 10.694  RMSE = 30.414  GAME1 = 11.873  GAME2 = 12.940  GAME3 = 13.603  lr = 2.42e-05  time = 19.7s
[e225 s0001/1030] loss = 0.132834
[e225 s0050/1030] loss = 0.083600
[e225 s0100/1030] loss = 0.081862
[e225 s0150/1030] loss = 0.086974
[e225 s0200/1030] loss = 0.083311
[e225 s0250/1030] loss = 0.085433
[e225 s0300/1030] loss = 0.088202
[e225 s0350/1030] loss = 0.085812
[e225 s0400/1030] loss = 0.086239
[e225 s0450/1030] loss = 0.087074
[e225 s0500/1030] loss = 0.216600
[e225 s0550/1030] loss = 0.201289
[e225 s0600/1030] loss = 0.188652
[e225 s0650/1030] loss = 0.179936
[e225 s0700/1030] loss = 0.171081
[e225 s0750/1030] loss = 0.164595
[e225 s0800/1030] loss = 0.159104
[e225 s0850/1030] loss = 0.152169
[e225 s0900/1030] loss = 0.148395
[e225 s0950/1030] loss = 0.144703
[e225 s1000/1030] loss = 0.139921
Epoch 225: train_loss = 0.136953  MAE/GAME0 = 13.364  RMSE = 34.100  GAME1 = 13.872  GAME2 = 14.428  GAME3 = 14.803  lr = 2.39e-05  time = 19.6s
[e226 s0001/1030] loss = 0.032240
[e226 s0050/1030] loss = 0.044793
[e226 s0100/1030] loss = 0.063872
[e226 s0150/1030] loss = 0.070798
[e226 s0200/1030] loss = 0.067403
[e226 s0250/1030] loss = 0.066044
[e226 s0300/1030] loss = 0.072960
[e226 s0350/1030] loss = 0.073322
[e226 s0400/1030] loss = 0.072002
[e226 s0450/1030] loss = 0.070312
[e226 s0500/1030] loss = 0.069713
[e226 s0550/1030] loss = 0.195806
[e226 s0600/1030] loss = 0.185493
[e226 s0650/1030] loss = 0.175951
[e226 s0700/1030] loss = 0.167552
[e226 s0750/1030] loss = 0.160887
[e226 s0800/1030] loss = 0.155338
[e226 s0850/1030] loss = 0.150000
[e226 s0900/1030] loss = 0.146378
[e226 s0950/1030] loss = 0.144536
[e226 s1000/1030] loss = 0.140728
Epoch 226: train_loss = 0.138242  MAE/GAME0 = 12.314  RMSE = 32.240  GAME1 = 13.337  GAME2 = 14.131  GAME3 = 14.647  lr = 2.37e-05  time = 19.5s
[e227 s0001/1030] loss = 0.057849
[e227 s0050/1030] loss = 0.073621
[e227 s0100/1030] loss = 0.098340
[e227 s0150/1030] loss = 0.091508
[e227 s0200/1030] loss = 0.087304
[e227 s0250/1030] loss = 0.085815
[e227 s0300/1030] loss = 0.083533
[e227 s0350/1030] loss = 0.252061
[e227 s0400/1030] loss = 0.228924
[e227 s0450/1030] loss = 0.210896
[e227 s0500/1030] loss = 0.197605
[e227 s0550/1030] loss = 0.184838
[e227 s0600/1030] loss = 0.172479
[e227 s0650/1030] loss = 0.165105
[e227 s0700/1030] loss = 0.157347
[e227 s0750/1030] loss = 0.153546
[e227 s0800/1030] loss = 0.148051
[e227 s0850/1030] loss = 0.144700
[e227 s0900/1030] loss = 0.139678
[e227 s0950/1030] loss = 0.135887
[e227 s1000/1030] loss = 0.132327
Epoch 227: train_loss = 0.131166  MAE/GAME0 = 12.214  RMSE = 32.679  GAME1 = 12.908  GAME2 = 13.619  GAME3 = 14.113  lr = 2.35e-05  time = 19.6s
[e228 s0001/1030] loss = 0.007885
[e228 s0050/1030] loss = 0.055369
[e228 s0100/1030] loss = 0.066176
[e228 s0150/1030] loss = 0.060281
[e228 s0200/1030] loss = 0.073948
[e228 s0250/1030] loss = 0.076266
[e228 s0300/1030] loss = 0.078377
[e228 s0350/1030] loss = 0.075650
[e228 s0400/1030] loss = 0.074323
[e228 s0450/1030] loss = 0.072460
[e228 s0500/1030] loss = 0.073698
[e228 s0550/1030] loss = 0.075109
[e228 s0600/1030] loss = 0.075180
[e228 s0650/1030] loss = 0.075065
[e228 s0700/1030] loss = 0.075205
[e228 s0750/1030] loss = 0.072857
[e228 s0800/1030] loss = 0.071931
[e228 s0850/1030] loss = 0.072013
[e228 s0900/1030] loss = 0.070769
[e228 s0950/1030] loss = 0.141763
[e228 s1000/1030] loss = 0.138166
Epoch 228: train_loss = 0.135968  MAE/GAME0 = 10.612  RMSE = 29.844  GAME1 = 11.612  GAME2 = 12.563  GAME3 = 13.194  lr = 2.33e-05  time = 19.7s
[e229 s0001/1030] loss = 0.623142
[e229 s0050/1030] loss = 0.103823
[e229 s0100/1030] loss = 0.080411
[e229 s0150/1030] loss = 0.074713
[e229 s0200/1030] loss = 0.070472
[e229 s0250/1030] loss = 0.067828
[e229 s0300/1030] loss = 0.066741
[e229 s0350/1030] loss = 0.242620
[e229 s0400/1030] loss = 0.223402
[e229 s0450/1030] loss = 0.208927
[e229 s0500/1030] loss = 0.197698
[e229 s0550/1030] loss = 0.183266
[e229 s0600/1030] loss = 0.173612
[e229 s0650/1030] loss = 0.165891
[e229 s0700/1030] loss = 0.157603
[e229 s0750/1030] loss = 0.153331
[e229 s0800/1030] loss = 0.147433
[e229 s0850/1030] loss = 0.142934
[e229 s0900/1030] loss = 0.138305
[e229 s0950/1030] loss = 0.134374
[e229 s1000/1030] loss = 0.130562
Epoch 229: train_loss = 0.128074  MAE/GAME0 = 11.325  RMSE = 33.383  GAME1 = 12.345  GAME2 = 13.270  GAME3 = 13.942  lr = 2.31e-05  time = 19.7s
[e230 s0001/1030] loss = 0.063136
[e230 s0050/1030] loss = 0.077727
[e230 s0100/1030] loss = 0.077081
[e230 s0150/1030] loss = 0.082363
[e230 s0200/1030] loss = 0.073364
[e230 s0250/1030] loss = 0.069485
[e230 s0300/1030] loss = 0.065289
[e230 s0350/1030] loss = 0.065044
[e230 s0400/1030] loss = 0.064502
[e230 s0450/1030] loss = 0.069691
[e230 s0500/1030] loss = 0.070797
[e230 s0550/1030] loss = 0.071233
[e230 s0600/1030] loss = 0.069997
[e230 s0650/1030] loss = 0.068311
[e230 s0700/1030] loss = 0.068905
[e230 s0750/1030] loss = 0.154523
[e230 s0800/1030] loss = 0.149329
[e230 s0850/1030] loss = 0.144432
[e230 s0900/1030] loss = 0.142424
[e230 s0950/1030] loss = 0.139155
[e230 s1000/1030] loss = 0.135794
Epoch 230: train_loss = 0.133626  MAE/GAME0 = 10.900  RMSE = 31.077  GAME1 = 11.982  GAME2 = 12.925  GAME3 = 13.526  lr = 2.28e-05  time = 20.1s
[e231 s0001/1030] loss = 0.069291
[e231 s0050/1030] loss = 0.289252
[e231 s0100/1030] loss = 0.179373
[e231 s0150/1030] loss = 0.141174
[e231 s0200/1030] loss = 0.115077
[e231 s0250/1030] loss = 0.107592
[e231 s0300/1030] loss = 0.102807
[e231 s0350/1030] loss = 0.105107
[e231 s0400/1030] loss = 0.102885
[e231 s0450/1030] loss = 0.097403
[e231 s0500/1030] loss = 0.217290
[e231 s0550/1030] loss = 0.203714
[e231 s0600/1030] loss = 0.190536
[e231 s0650/1030] loss = 0.182422
[e231 s0700/1030] loss = 0.174156
[e231 s0750/1030] loss = 0.167065
[e231 s0800/1030] loss = 0.160287
[e231 s0850/1030] loss = 0.153219
[e231 s0900/1030] loss = 0.148425
[e231 s0950/1030] loss = 0.145325
[e231 s1000/1030] loss = 0.141031
Epoch 231: train_loss = 0.139116  MAE/GAME0 = 11.269  RMSE = 30.785  GAME1 = 12.169  GAME2 = 13.043  GAME3 = 13.587  lr = 2.26e-05  time = 20.0s
[e232 s0001/1030] loss = 0.054614
[e232 s0050/1030] loss = 0.072265
[e232 s0100/1030] loss = 0.062386
[e232 s0150/1030] loss = 0.063428
[e232 s0200/1030] loss = 0.058600
[e232 s0250/1030] loss = 0.053972
[e232 s0300/1030] loss = 0.058217
[e232 s0350/1030] loss = 0.065678
[e232 s0400/1030] loss = 0.064800
[e232 s0450/1030] loss = 0.062744
[e232 s0500/1030] loss = 0.063468
[e232 s0550/1030] loss = 0.063606
[e232 s0600/1030] loss = 0.065882
[e232 s0650/1030] loss = 0.167918
[e232 s0700/1030] loss = 0.159439
[e232 s0750/1030] loss = 0.153764
[e232 s0800/1030] loss = 0.148342
[e232 s0850/1030] loss = 0.144563
[e232 s0900/1030] loss = 0.141860
[e232 s0950/1030] loss = 0.137742
[e232 s1000/1030] loss = 0.133271
Epoch 232: train_loss = 0.131353  MAE/GAME0 = 11.915  RMSE = 31.878  GAME1 = 12.713  GAME2 = 13.476  GAME3 = 13.969  lr = 2.24e-05  time = 19.7s
[e233 s0001/1030] loss = 0.020352
[e233 s0050/1030] loss = 0.051677
[e233 s0100/1030] loss = 0.065096
[e233 s0150/1030] loss = 0.070059
[e233 s0200/1030] loss = 0.066675
[e233 s0250/1030] loss = 0.075933
[e233 s0300/1030] loss = 0.075595
[e233 s0350/1030] loss = 0.070684
[e233 s0400/1030] loss = 0.069230
[e233 s0450/1030] loss = 0.066892
[e233 s0500/1030] loss = 0.066481
[e233 s0550/1030] loss = 0.067923
[e233 s0600/1030] loss = 0.179116
[e233 s0650/1030] loss = 0.171325
[e233 s0700/1030] loss = 0.167006
[e233 s0750/1030] loss = 0.159638
[e233 s0800/1030] loss = 0.153393
[e233 s0850/1030] loss = 0.147535
[e233 s0900/1030] loss = 0.141202
[e233 s0950/1030] loss = 0.137290
[e233 s1000/1030] loss = 0.133858
Epoch 233: train_loss = 0.131953  MAE/GAME0 = 11.847  RMSE = 31.338  GAME1 = 12.943  GAME2 = 13.757  GAME3 = 14.302  lr = 2.22e-05  time = 19.8s
[e234 s0001/1030] loss = 0.032652
[e234 s0050/1030] loss = 0.038898
[e234 s0100/1030] loss = 0.049992
[e234 s0150/1030] loss = 0.058475
[e234 s0200/1030] loss = 0.063009
[e234 s0250/1030] loss = 0.057291
[e234 s0300/1030] loss = 0.056886
[e234 s0350/1030] loss = 0.055218
[e234 s0400/1030] loss = 0.057066
[e234 s0450/1030] loss = 0.059514
[e234 s0500/1030] loss = 0.059547
[e234 s0550/1030] loss = 0.179279
[e234 s0600/1030] loss = 0.169446
[e234 s0650/1030] loss = 0.164120
[e234 s0700/1030] loss = 0.158726
[e234 s0750/1030] loss = 0.151872
[e234 s0800/1030] loss = 0.145537
[e234 s0850/1030] loss = 0.143211
[e234 s0900/1030] loss = 0.139050
[e234 s0950/1030] loss = 0.135346
[e234 s1000/1030] loss = 0.131885
Epoch 234: train_loss = 0.129245  MAE/GAME0 = 11.741  RMSE = 32.069  GAME1 = 12.607  GAME2 = 13.377  GAME3 = 13.867  lr = 2.20e-05  time = 19.7s
[e235 s0001/1030] loss = 0.060933
[e235 s0050/1030] loss = 0.073586
[e235 s0100/1030] loss = 0.079245
[e235 s0150/1030] loss = 0.082467
[e235 s0200/1030] loss = 0.087629
[e235 s0250/1030] loss = 0.084081
[e235 s0300/1030] loss = 0.080589
[e235 s0350/1030] loss = 0.080487
[e235 s0400/1030] loss = 0.083934
[e235 s0450/1030] loss = 0.225655
[e235 s0500/1030] loss = 0.212937
[e235 s0550/1030] loss = 0.198072
[e235 s0600/1030] loss = 0.186803
[e235 s0650/1030] loss = 0.175845
[e235 s0700/1030] loss = 0.167422
[e235 s0750/1030] loss = 0.161267
[e235 s0800/1030] loss = 0.154435
[e235 s0850/1030] loss = 0.148310
[e235 s0900/1030] loss = 0.143275
[e235 s0950/1030] loss = 0.139687
[e235 s1000/1030] loss = 0.135165
Epoch 235: train_loss = 0.133026  MAE/GAME0 = 11.445  RMSE = 33.467  GAME1 = 12.401  GAME2 = 13.325  GAME3 = 13.957  lr = 2.18e-05  time = 19.4s
[e236 s0001/1030] loss = 0.006314
[e236 s0050/1030] loss = 0.056900
[e236 s0100/1030] loss = 0.086932
[e236 s0150/1030] loss = 0.080321
[e236 s0200/1030] loss = 0.071842
[e236 s0250/1030] loss = 0.072254
[e236 s0300/1030] loss = 0.072562
[e236 s0350/1030] loss = 0.070789
[e236 s0400/1030] loss = 0.069484
[e236 s0450/1030] loss = 0.069471
[e236 s0500/1030] loss = 0.069781
[e236 s0550/1030] loss = 0.068719
[e236 s0600/1030] loss = 0.188920
[e236 s0650/1030] loss = 0.182335
[e236 s0700/1030] loss = 0.172856
[e236 s0750/1030] loss = 0.166868
[e236 s0800/1030] loss = 0.159577
[e236 s0850/1030] loss = 0.153062
[e236 s0900/1030] loss = 0.147450
[e236 s0950/1030] loss = 0.141701
[e236 s1000/1030] loss = 0.138004
Epoch 236: train_loss = 0.136512  MAE/GAME0 = 12.031  RMSE = 32.850  GAME1 = 12.808  GAME2 = 13.528  GAME3 = 14.018  lr = 2.15e-05  time = 20.0s
[e237 s0001/1030] loss = 0.007061
[e237 s0050/1030] loss = 1.365045
[e237 s0100/1030] loss = 0.719677
[e237 s0150/1030] loss = 0.512361
[e237 s0200/1030] loss = 0.398977
[e237 s0250/1030] loss = 0.331360
[e237 s0300/1030] loss = 0.287378
[e237 s0350/1030] loss = 0.256304
[e237 s0400/1030] loss = 0.236002
[e237 s0450/1030] loss = 0.214397
[e237 s0500/1030] loss = 0.199116
[e237 s0550/1030] loss = 0.185083
[e237 s0600/1030] loss = 0.175076
[e237 s0650/1030] loss = 0.165053
[e237 s0700/1030] loss = 0.156630
[e237 s0750/1030] loss = 0.150299
[e237 s0800/1030] loss = 0.143706
[e237 s0850/1030] loss = 0.140008
[e237 s0900/1030] loss = 0.136070
[e237 s0950/1030] loss = 0.131662
[e237 s1000/1030] loss = 0.128149
Epoch 237: train_loss = 0.126381  MAE/GAME0 = 12.341  RMSE = 33.056  GAME1 = 13.208  GAME2 = 13.916  GAME3 = 14.381  lr = 2.13e-05  time = 19.8s
[e238 s0001/1030] loss = 0.039227
[e238 s0050/1030] loss = 0.105617
[e238 s0100/1030] loss = 0.095910
[e238 s0150/1030] loss = 0.080535
[e238 s0200/1030] loss = 0.078695
[e238 s0250/1030] loss = 0.077369
[e238 s0300/1030] loss = 0.073408
[e238 s0350/1030] loss = 0.072072
[e238 s0400/1030] loss = 0.071511
[e238 s0450/1030] loss = 0.069020
[e238 s0500/1030] loss = 0.067154
[e238 s0550/1030] loss = 0.066709
[e238 s0600/1030] loss = 0.066666
[e238 s0650/1030] loss = 0.066043
[e238 s0700/1030] loss = 0.065373
[e238 s0750/1030] loss = 0.064338
[e238 s0800/1030] loss = 0.065221
[e238 s0850/1030] loss = 0.064626
[e238 s0900/1030] loss = 0.139245
[e238 s0950/1030] loss = 0.134791
[e238 s1000/1030] loss = 0.130582
Epoch 238: train_loss = 0.128647  MAE/GAME0 = 11.248  RMSE = 30.725  GAME1 = 12.312  GAME2 = 13.214  GAME3 = 13.838  lr = 2.11e-05  time = 19.4s
[e239 s0001/1030] loss = 0.161184
[e239 s0050/1030] loss = 0.054952
[e239 s0100/1030] loss = 0.080940
[e239 s0150/1030] loss = 0.075099
[e239 s0200/1030] loss = 0.065749
[e239 s0250/1030] loss = 0.064103
[e239 s0300/1030] loss = 0.063481
[e239 s0350/1030] loss = 0.062101
[e239 s0400/1030] loss = 0.062033
[e239 s0450/1030] loss = 0.064046
[e239 s0500/1030] loss = 0.062963
[e239 s0550/1030] loss = 0.062564
[e239 s0600/1030] loss = 0.169854
[e239 s0650/1030] loss = 0.160115
[e239 s0700/1030] loss = 0.154068
[e239 s0750/1030] loss = 0.147318
[e239 s0800/1030] loss = 0.143596
[e239 s0850/1030] loss = 0.138404
[e239 s0900/1030] loss = 0.134582
[e239 s0950/1030] loss = 0.132569
[e239 s1000/1030] loss = 0.128379
Epoch 239: train_loss = 0.125832  MAE/GAME0 = 11.335  RMSE = 32.188  GAME1 = 12.221  GAME2 = 13.071  GAME3 = 13.672  lr = 2.09e-05  time = 19.8s
[e240 s0001/1030] loss = 0.010550
[e240 s0050/1030] loss = 0.065830
[e240 s0100/1030] loss = 0.053976
[e240 s0150/1030] loss = 0.051221
[e240 s0200/1030] loss = 0.052382
[e240 s0250/1030] loss = 0.054439
[e240 s0300/1030] loss = 0.051497
[e240 s0350/1030] loss = 0.053207
[e240 s0400/1030] loss = 0.058752
[e240 s0450/1030] loss = 0.057920
[e240 s0500/1030] loss = 0.058373
[e240 s0550/1030] loss = 0.057743
[e240 s0600/1030] loss = 0.061290
[e240 s0650/1030] loss = 0.060640
[e240 s0700/1030] loss = 0.059363
[e240 s0750/1030] loss = 0.058639
[e240 s0800/1030] loss = 0.059140
[e240 s0850/1030] loss = 0.058543
[e240 s0900/1030] loss = 0.059726
[e240 s0950/1030] loss = 0.125067
[e240 s1000/1030] loss = 0.121256
Epoch 240: train_loss = 0.119862  MAE/GAME0 = 11.771  RMSE = 31.556  GAME1 = 12.534  GAME2 = 13.336  GAME3 = 13.858  lr = 2.07e-05  time = 19.7s
[e241 s0001/1030] loss = 0.409955
[e241 s0050/1030] loss = 0.063004
[e241 s0100/1030] loss = 0.052006
[e241 s0150/1030] loss = 0.049693
[e241 s0200/1030] loss = 0.052897
[e241 s0250/1030] loss = 0.056868
[e241 s0300/1030] loss = 0.058202
[e241 s0350/1030] loss = 0.060262
[e241 s0400/1030] loss = 0.061853
[e241 s0450/1030] loss = 0.204551
[e241 s0500/1030] loss = 0.188802
[e241 s0550/1030] loss = 0.176297
[e241 s0600/1030] loss = 0.166554
[e241 s0650/1030] loss = 0.158575
[e241 s0700/1030] loss = 0.150735
[e241 s0750/1030] loss = 0.143852
[e241 s0800/1030] loss = 0.139104
[e241 s0850/1030] loss = 0.134701
[e241 s0900/1030] loss = 0.131093
[e241 s0950/1030] loss = 0.129199
[e241 s1000/1030] loss = 0.126748
Epoch 241: train_loss = 0.125275  MAE/GAME0 = 10.367  RMSE = 30.002  GAME1 = 11.582  GAME2 = 12.604  GAME3 = 13.323  lr = 2.05e-05  time = 19.7s
[e242 s0001/1030] loss = 0.111888
[e242 s0050/1030] loss = 0.094576
[e242 s0100/1030] loss = 0.083608
[e242 s0150/1030] loss = 0.082099
[e242 s0200/1030] loss = 0.074513
[e242 s0250/1030] loss = 0.069788
[e242 s0300/1030] loss = 0.069043
[e242 s0350/1030] loss = 0.068435
[e242 s0400/1030] loss = 0.067674
[e242 s0450/1030] loss = 0.209252
[e242 s0500/1030] loss = 0.195797
[e242 s0550/1030] loss = 0.181662
[e242 s0600/1030] loss = 0.171375
[e242 s0650/1030] loss = 0.163071
[e242 s0700/1030] loss = 0.156679
[e242 s0750/1030] loss = 0.150488
[e242 s0800/1030] loss = 0.144151
[e242 s0850/1030] loss = 0.139216
[e242 s0900/1030] loss = 0.134816
[e242 s0950/1030] loss = 0.129662
[e242 s1000/1030] loss = 0.127784
Epoch 242: train_loss = 0.125951  MAE/GAME0 = 12.018  RMSE = 32.553  GAME1 = 12.890  GAME2 = 13.661  GAME3 = 14.179  lr = 2.03e-05  time = 19.7s
[e243 s0001/1030] loss = 0.016838
[e243 s0050/1030] loss = 0.054067
[e243 s0100/1030] loss = 0.047749
[e243 s0150/1030] loss = 0.049766
[e243 s0200/1030] loss = 0.061725
[e243 s0250/1030] loss = 0.057812
[e243 s0300/1030] loss = 0.058255
[e243 s0350/1030] loss = 0.060118
[e243 s0400/1030] loss = 0.060597
[e243 s0450/1030] loss = 0.059567
[e243 s0500/1030] loss = 0.059843
[e243 s0550/1030] loss = 0.058994
[e243 s0600/1030] loss = 0.058797
[e243 s0650/1030] loss = 0.059337
[e243 s0700/1030] loss = 0.060537
[e243 s0750/1030] loss = 0.061037
[e243 s0800/1030] loss = 0.135739
[e243 s0850/1030] loss = 0.129966
[e243 s0900/1030] loss = 0.125936
[e243 s0950/1030] loss = 0.121711
[e243 s1000/1030] loss = 0.118225
Epoch 243: train_loss = 0.116427  MAE/GAME0 = 11.252  RMSE = 32.216  GAME1 = 12.174  GAME2 = 13.118  GAME3 = 13.713  lr = 2.00e-05  time = 19.9s
[e244 s0001/1030] loss = 0.006892
[e244 s0050/1030] loss = 0.065445
[e244 s0100/1030] loss = 0.084705
[e244 s0150/1030] loss = 0.070906
[e244 s0200/1030] loss = 0.068938
[e244 s0250/1030] loss = 0.065255
[e244 s0300/1030] loss = 0.063912
[e244 s0350/1030] loss = 0.062905
[e244 s0400/1030] loss = 0.061744
[e244 s0450/1030] loss = 0.064393
[e244 s0500/1030] loss = 0.062948
[e244 s0550/1030] loss = 0.063276
[e244 s0600/1030] loss = 0.060808
[e244 s0650/1030] loss = 0.062213
[e244 s0700/1030] loss = 0.061372
[e244 s0750/1030] loss = 0.061260
[e244 s0800/1030] loss = 0.060068
[e244 s0850/1030] loss = 0.059594
[e244 s0900/1030] loss = 0.128792
[e244 s0950/1030] loss = 0.124136
[e244 s1000/1030] loss = 0.120364
Epoch 244: train_loss = 0.117806  MAE/GAME0 = 12.815  RMSE = 35.363  GAME1 = 13.492  GAME2 = 14.239  GAME3 = 14.755  lr = 1.98e-05  time = 19.8s
[e245 s0001/1030] loss = 0.002070
[e245 s0050/1030] loss = 1.265422
[e245 s0100/1030] loss = 0.662576
[e245 s0150/1030] loss = 0.462308
[e245 s0200/1030] loss = 0.364930
[e245 s0250/1030] loss = 0.307060
[e245 s0300/1030] loss = 0.262441
[e245 s0350/1030] loss = 0.234537
[e245 s0400/1030] loss = 0.209924
[e245 s0450/1030] loss = 0.190719
[e245 s0500/1030] loss = 0.177436
[e245 s0550/1030] loss = 0.169030
[e245 s0600/1030] loss = 0.160178
[e245 s0650/1030] loss = 0.151671
[e245 s0700/1030] loss = 0.143690
[e245 s0750/1030] loss = 0.137388
[e245 s0800/1030] loss = 0.131445
[e245 s0850/1030] loss = 0.126831
[e245 s0900/1030] loss = 0.122488
[e245 s0950/1030] loss = 0.118411
[e245 s1000/1030] loss = 0.115782
Epoch 245: train_loss = 0.113448  MAE/GAME0 = 11.816  RMSE = 32.815  GAME1 = 12.797  GAME2 = 13.568  GAME3 = 14.071  lr = 1.96e-05  time = 19.8s
[e246 s0001/1030] loss = 0.016365
[e246 s0050/1030] loss = 0.047890
[e246 s0100/1030] loss = 0.054117
[e246 s0150/1030] loss = 0.055974
[e246 s0200/1030] loss = 0.053170
[e246 s0250/1030] loss = 0.055716
[e246 s0300/1030] loss = 0.056784
[e246 s0350/1030] loss = 0.246098
[e246 s0400/1030] loss = 0.225132
[e246 s0450/1030] loss = 0.205928
[e246 s0500/1030] loss = 0.190940
[e246 s0550/1030] loss = 0.178698
[e246 s0600/1030] loss = 0.169016
[e246 s0650/1030] loss = 0.162150
[e246 s0700/1030] loss = 0.154840
[e246 s0750/1030] loss = 0.150013
[e246 s0800/1030] loss = 0.143757
[e246 s0850/1030] loss = 0.140919
[e246 s0900/1030] loss = 0.137095
[e246 s0950/1030] loss = 0.132399
[e246 s1000/1030] loss = 0.129499
Epoch 246: train_loss = 0.126797  MAE/GAME0 = 11.822  RMSE = 32.983  GAME1 = 12.801  GAME2 = 13.661  GAME3 = 14.229  lr = 1.94e-05  time = 19.8s
[e247 s0001/1030] loss = 0.002183
[e247 s0050/1030] loss = 0.042233
[e247 s0100/1030] loss = 0.066943
[e247 s0150/1030] loss = 0.060823
[e247 s0200/1030] loss = 0.059701
[e247 s0250/1030] loss = 0.058938
[e247 s0300/1030] loss = 0.059547
[e247 s0350/1030] loss = 0.057308
[e247 s0400/1030] loss = 0.055089
[e247 s0450/1030] loss = 0.054071
[e247 s0500/1030] loss = 0.053727
[e247 s0550/1030] loss = 0.055091
[e247 s0600/1030] loss = 0.057440
[e247 s0650/1030] loss = 0.152131
[e247 s0700/1030] loss = 0.145756
[e247 s0750/1030] loss = 0.141215
[e247 s0800/1030] loss = 0.135917
[e247 s0850/1030] loss = 0.129551
[e247 s0900/1030] loss = 0.126991
[e247 s0950/1030] loss = 0.123566
[e247 s1000/1030] loss = 0.120219
Epoch 247: train_loss = 0.117815  MAE/GAME0 = 12.122  RMSE = 32.729  GAME1 = 12.840  GAME2 = 13.581  GAME3 = 14.076  lr = 1.92e-05  time = 19.6s
[e248 s0001/1030] loss = 0.015404
[e248 s0050/1030] loss = 0.063884
[e248 s0100/1030] loss = 0.640896
[e248 s0150/1030] loss = 0.458409
[e248 s0200/1030] loss = 0.352244
[e248 s0250/1030] loss = 0.292179
[e248 s0300/1030] loss = 0.254961
[e248 s0350/1030] loss = 0.225096
[e248 s0400/1030] loss = 0.201067
[e248 s0450/1030] loss = 0.184753
[e248 s0500/1030] loss = 0.173058
[e248 s0550/1030] loss = 0.162442
[e248 s0600/1030] loss = 0.153770
[e248 s0650/1030] loss = 0.147261
[e248 s0700/1030] loss = 0.141107
[e248 s0750/1030] loss = 0.135066
[e248 s0800/1030] loss = 0.129581
[e248 s0850/1030] loss = 0.126011
[e248 s0900/1030] loss = 0.122064
[e248 s0950/1030] loss = 0.118930
[e248 s1000/1030] loss = 0.114670
Epoch 248: train_loss = 0.113171  MAE/GAME0 = 10.976  RMSE = 32.257  GAME1 = 11.946  GAME2 = 12.874  GAME3 = 13.536  lr = 1.90e-05  time = 19.9s
[e249 s0001/1030] loss = 0.011129
[e249 s0050/1030] loss = 0.057805
[e249 s0100/1030] loss = 0.679417
[e249 s0150/1030] loss = 0.475685
[e249 s0200/1030] loss = 0.365704
[e249 s0250/1030] loss = 0.300572
[e249 s0300/1030] loss = 0.259381
[e249 s0350/1030] loss = 0.231817
[e249 s0400/1030] loss = 0.208442
[e249 s0450/1030] loss = 0.191204
[e249 s0500/1030] loss = 0.176219
[e249 s0550/1030] loss = 0.165818
[e249 s0600/1030] loss = 0.155403
[e249 s0650/1030] loss = 0.146252
[e249 s0700/1030] loss = 0.138391
[e249 s0750/1030] loss = 0.135990
[e249 s0800/1030] loss = 0.132063
[e249 s0850/1030] loss = 0.126716
[e249 s0900/1030] loss = 0.122982
[e249 s0950/1030] loss = 0.118955
[e249 s1000/1030] loss = 0.116059
Epoch 249: train_loss = 0.113470  MAE/GAME0 = 11.039  RMSE = 31.937  GAME1 = 12.012  GAME2 = 12.921  GAME3 = 13.542  lr = 1.88e-05  time = 19.8s
[e250 s0001/1030] loss = 0.017634
[e250 s0050/1030] loss = 0.059067
[e250 s0100/1030] loss = 0.054772
[e250 s0150/1030] loss = 0.051868
[e250 s0200/1030] loss = 0.053324
[e250 s0250/1030] loss = 0.054170
[e250 s0300/1030] loss = 0.058683
[e250 s0350/1030] loss = 0.057032
[e250 s0400/1030] loss = 0.060164
[e250 s0450/1030] loss = 0.059388
[e250 s0500/1030] loss = 0.060443
[e250 s0550/1030] loss = 0.059009
[e250 s0600/1030] loss = 0.059039
[e250 s0650/1030] loss = 0.057476
[e250 s0700/1030] loss = 0.056575
[e250 s0750/1030] loss = 0.056292
[e250 s0800/1030] loss = 0.056972
[e250 s0850/1030] loss = 0.130151
[e250 s0900/1030] loss = 0.126654
[e250 s0950/1030] loss = 0.123094
[e250 s1000/1030] loss = 0.119708
Epoch 250: train_loss = 0.117743  MAE/GAME0 = 10.591  RMSE = 30.508  GAME1 = 11.626  GAME2 = 12.688  GAME3 = 13.335  lr = 1.86e-05  time = 19.7s
[e251 s0001/1030] loss = 0.144482
[e251 s0050/1030] loss = 0.045859
[e251 s0100/1030] loss = 0.048869
[e251 s0150/1030] loss = 0.057306
[e251 s0200/1030] loss = 0.054388
[e251 s0250/1030] loss = 0.055101
[e251 s0300/1030] loss = 0.055601
[e251 s0350/1030] loss = 0.056407
[e251 s0400/1030] loss = 0.054521
[e251 s0450/1030] loss = 0.053261
[e251 s0500/1030] loss = 0.053715
[e251 s0550/1030] loss = 0.057059
[e251 s0600/1030] loss = 0.055726
[e251 s0650/1030] loss = 0.054298
[e251 s0700/1030] loss = 0.054950
[e251 s0750/1030] loss = 0.054706
[e251 s0800/1030] loss = 0.054109
[e251 s0850/1030] loss = 0.053382
[e251 s0900/1030] loss = 0.054037
[e251 s0950/1030] loss = 0.122374
[e251 s1000/1030] loss = 0.117893
Epoch 251: train_loss = 0.116055  MAE/GAME0 = 11.574  RMSE = 31.618  GAME1 = 12.601  GAME2 = 13.416  GAME3 = 13.961  lr = 1.84e-05  time = 19.9s
[e252 s0001/1030] loss = 0.009624
[e252 s0050/1030] loss = 0.086372
[e252 s0100/1030] loss = 0.077756
[e252 s0150/1030] loss = 0.067892
[e252 s0200/1030] loss = 0.060373
[e252 s0250/1030] loss = 0.057939
[e252 s0300/1030] loss = 0.056266
[e252 s0350/1030] loss = 0.055135
[e252 s0400/1030] loss = 0.053532
[e252 s0450/1030] loss = 0.053356
[e252 s0500/1030] loss = 0.052359
[e252 s0550/1030] loss = 0.052895
[e252 s0600/1030] loss = 0.052019
[e252 s0650/1030] loss = 0.051545
[e252 s0700/1030] loss = 0.051375
[e252 s0750/1030] loss = 0.053167
[e252 s0800/1030] loss = 0.129034
[e252 s0850/1030] loss = 0.124696
[e252 s0900/1030] loss = 0.120599
[e252 s0950/1030] loss = 0.118276
[e252 s1000/1030] loss = 0.114261
Epoch 252: train_loss = 0.112372  MAE/GAME0 = 10.956  RMSE = 31.341  GAME1 = 11.997  GAME2 = 12.921  GAME3 = 13.549  lr = 1.81e-05  time = 19.5s
[e253 s0001/1030] loss = 0.029554
[e253 s0050/1030] loss = 0.058217
[e253 s0100/1030] loss = 0.058173
[e253 s0150/1030] loss = 0.063156
[e253 s0200/1030] loss = 0.055866
[e253 s0250/1030] loss = 0.054725
[e253 s0300/1030] loss = 0.061133
[e253 s0350/1030] loss = 0.229049
[e253 s0400/1030] loss = 0.205757
[e253 s0450/1030] loss = 0.188555
[e253 s0500/1030] loss = 0.174115
[e253 s0550/1030] loss = 0.162481
[e253 s0600/1030] loss = 0.152968
[e253 s0650/1030] loss = 0.145528
[e253 s0700/1030] loss = 0.138358
[e253 s0750/1030] loss = 0.132748
[e253 s0800/1030] loss = 0.128202
[e253 s0850/1030] loss = 0.122763
[e253 s0900/1030] loss = 0.121083
[e253 s0950/1030] loss = 0.117442
[e253 s1000/1030] loss = 0.114038
Epoch 253: train_loss = 0.111924  MAE/GAME0 = 10.992  RMSE = 30.463  GAME1 = 11.943  GAME2 = 12.746  GAME3 = 13.337  lr = 1.79e-05  time = 20.0s
[e254 s0001/1030] loss = 0.020529
[e254 s0050/1030] loss = 0.038008
[e254 s0100/1030] loss = 0.049672
[e254 s0150/1030] loss = 0.056864
[e254 s0200/1030] loss = 0.054608
[e254 s0250/1030] loss = 0.292712
[e254 s0300/1030] loss = 0.250058
[e254 s0350/1030] loss = 0.219229
[e254 s0400/1030] loss = 0.200616
[e254 s0450/1030] loss = 0.182276
[e254 s0500/1030] loss = 0.168196
[e254 s0550/1030] loss = 0.158067
[e254 s0600/1030] loss = 0.149620
[e254 s0650/1030] loss = 0.141277
[e254 s0700/1030] loss = 0.134497
[e254 s0750/1030] loss = 0.128219
[e254 s0800/1030] loss = 0.122281
[e254 s0850/1030] loss = 0.118611
[e254 s0900/1030] loss = 0.114814
[e254 s0950/1030] loss = 0.112020
[e254 s1000/1030] loss = 0.109381
Epoch 254: train_loss = 0.107409  MAE/GAME0 = 11.976  RMSE = 33.283  GAME1 = 12.811  GAME2 = 13.601  GAME3 = 14.119  lr = 1.77e-05  time = 19.5s
[e255 s0001/1030] loss = 0.070859
[e255 s0050/1030] loss = 0.067842
[e255 s0100/1030] loss = 0.056140
[e255 s0150/1030] loss = 0.051350
[e255 s0200/1030] loss = 0.051773
[e255 s0250/1030] loss = 0.049063
[e255 s0300/1030] loss = 0.048060
[e255 s0350/1030] loss = 0.046810
[e255 s0400/1030] loss = 0.046719
[e255 s0450/1030] loss = 0.046661
[e255 s0500/1030] loss = 0.048724
[e255 s0550/1030] loss = 0.047694
[e255 s0600/1030] loss = 0.047064
[e255 s0650/1030] loss = 0.047318
[e255 s0700/1030] loss = 0.046704
[e255 s0750/1030] loss = 0.046811
[e255 s0800/1030] loss = 0.047955
[e255 s0850/1030] loss = 0.048110
[e255 s0900/1030] loss = 0.118227
[e255 s0950/1030] loss = 0.114314
[e255 s1000/1030] loss = 0.111447
Epoch 255: train_loss = 0.109527  MAE/GAME0 = 11.974  RMSE = 31.764  GAME1 = 12.837  GAME2 = 13.583  GAME3 = 14.075  lr = 1.75e-05  time = 19.6s
[e256 s0001/1030] loss = 0.978491
[e256 s0050/1030] loss = 0.065042
[e256 s0100/1030] loss = 0.063223
[e256 s0150/1030] loss = 0.058268
[e256 s0200/1030] loss = 0.059729
[e256 s0250/1030] loss = 0.055707
[e256 s0300/1030] loss = 0.247151
[e256 s0350/1030] loss = 0.218637
[e256 s0400/1030] loss = 0.200389
[e256 s0450/1030] loss = 0.184844
[e256 s0500/1030] loss = 0.171535
[e256 s0550/1030] loss = 0.159008
[e256 s0600/1030] loss = 0.148667
[e256 s0650/1030] loss = 0.139640
[e256 s0700/1030] loss = 0.132996
[e256 s0750/1030] loss = 0.127132
[e256 s0800/1030] loss = 0.124287
[e256 s0850/1030] loss = 0.119940
[e256 s0900/1030] loss = 0.116775
[e256 s0950/1030] loss = 0.112834
[e256 s1000/1030] loss = 0.109452
Epoch 256: train_loss = 0.107757  MAE/GAME0 = 11.109  RMSE = 32.044  GAME1 = 12.215  GAME2 = 13.139  GAME3 = 13.760  lr = 1.73e-05  time = 19.6s
[e257 s0001/1030] loss = 0.014096
[e257 s0050/1030] loss = 0.080111
[e257 s0100/1030] loss = 0.067075
[e257 s0150/1030] loss = 0.062239
[e257 s0200/1030] loss = 0.062519
[e257 s0250/1030] loss = 0.061590
[e257 s0300/1030] loss = 0.059408
[e257 s0350/1030] loss = 0.232907
[e257 s0400/1030] loss = 0.207942
[e257 s0450/1030] loss = 0.188434
[e257 s0500/1030] loss = 0.174189
[e257 s0550/1030] loss = 0.162524
[e257 s0600/1030] loss = 0.153972
[e257 s0650/1030] loss = 0.145611
[e257 s0700/1030] loss = 0.140794
[e257 s0750/1030] loss = 0.134420
[e257 s0800/1030] loss = 0.128855
[e257 s0850/1030] loss = 0.127141
[e257 s0900/1030] loss = 0.123032
[e257 s0950/1030] loss = 0.119974
[e257 s1000/1030] loss = 0.115649
Epoch 257: train_loss = 0.113626  MAE/GAME0 = 11.570  RMSE = 33.208  GAME1 = 12.436  GAME2 = 13.289  GAME3 = 13.840  lr = 1.71e-05  time = 19.5s
[e258 s0001/1030] loss = 0.003078
[e258 s0050/1030] loss = 0.050185
[e258 s0100/1030] loss = 0.049161
[e258 s0150/1030] loss = 0.049132
[e258 s0200/1030] loss = 0.049520
[e258 s0250/1030] loss = 0.050266
[e258 s0300/1030] loss = 0.050531
[e258 s0350/1030] loss = 0.050603
[e258 s0400/1030] loss = 0.048423
[e258 s0450/1030] loss = 0.048582
[e258 s0500/1030] loss = 0.046870
[e258 s0550/1030] loss = 0.046973
[e258 s0600/1030] loss = 0.047452
[e258 s0650/1030] loss = 0.047082
[e258 s0700/1030] loss = 0.137127
[e258 s0750/1030] loss = 0.130851
[e258 s0800/1030] loss = 0.127974
[e258 s0850/1030] loss = 0.122638
[e258 s0900/1030] loss = 0.119630
[e258 s0950/1030] loss = 0.115349
[e258 s1000/1030] loss = 0.113033
Epoch 258: train_loss = 0.111410  MAE/GAME0 = 11.388  RMSE = 32.021  GAME1 = 12.539  GAME2 = 13.456  GAME3 = 14.027  lr = 1.69e-05  time = 19.8s
[e259 s0001/1030] loss = 0.090891
[e259 s0050/1030] loss = 0.056941
[e259 s0100/1030] loss = 0.046725
[e259 s0150/1030] loss = 0.044291
[e259 s0200/1030] loss = 0.047231
[e259 s0250/1030] loss = 0.050262
[e259 s0300/1030] loss = 0.049864
[e259 s0350/1030] loss = 0.049423
[e259 s0400/1030] loss = 0.049077
[e259 s0450/1030] loss = 0.050036
[e259 s0500/1030] loss = 0.048402
[e259 s0550/1030] loss = 0.157942
[e259 s0600/1030] loss = 0.148779
[e259 s0650/1030] loss = 0.140831
[e259 s0700/1030] loss = 0.133177
[e259 s0750/1030] loss = 0.127606
[e259 s0800/1030] loss = 0.122052
[e259 s0850/1030] loss = 0.117796
[e259 s0900/1030] loss = 0.114129
[e259 s0950/1030] loss = 0.110264
[e259 s1000/1030] loss = 0.107001
Epoch 259: train_loss = 0.106075  MAE/GAME0 = 12.928  RMSE = 32.390  GAME1 = 13.487  GAME2 = 14.104  GAME3 = 14.500  lr = 1.67e-05  time = 20.2s
[e260 s0001/1030] loss = 0.025873
[e260 s0050/1030] loss = 0.056662
[e260 s0100/1030] loss = 0.051843
[e260 s0150/1030] loss = 0.053096
[e260 s0200/1030] loss = 0.052420
[e260 s0250/1030] loss = 0.049936
[e260 s0300/1030] loss = 0.048548
[e260 s0350/1030] loss = 0.046713
[e260 s0400/1030] loss = 0.057693
[e260 s0450/1030] loss = 0.056814
[e260 s0500/1030] loss = 0.055231
[e260 s0550/1030] loss = 0.053032
[e260 s0600/1030] loss = 0.053108
[e260 s0650/1030] loss = 0.052285
[e260 s0700/1030] loss = 0.050971
[e260 s0750/1030] loss = 0.049815
[e260 s0800/1030] loss = 0.049552
[e260 s0850/1030] loss = 0.049753
[e260 s0900/1030] loss = 0.049564
[e260 s0950/1030] loss = 0.049340
[e260 s1000/1030] loss = 0.049755
Epoch 260: train_loss = 0.109543  MAE/GAME0 = 10.864  RMSE = 29.951  GAME1 = 12.010  GAME2 = 12.909  GAME3 = 13.567  lr = 1.65e-05  time = 19.7s
[e261 s0001/1030] loss = 0.034247
[e261 s0050/1030] loss = 0.064550
[e261 s0100/1030] loss = 0.064290
[e261 s0150/1030] loss = 0.054394
[e261 s0200/1030] loss = 0.363799
[e261 s0250/1030] loss = 0.303563
[e261 s0300/1030] loss = 0.259727
[e261 s0350/1030] loss = 0.229593
[e261 s0400/1030] loss = 0.208217
[e261 s0450/1030] loss = 0.189427
[e261 s0500/1030] loss = 0.174514
[e261 s0550/1030] loss = 0.163946
[e261 s0600/1030] loss = 0.153340
[e261 s0650/1030] loss = 0.145713
[e261 s0700/1030] loss = 0.138086
[e261 s0750/1030] loss = 0.131334
[e261 s0800/1030] loss = 0.125552
[e261 s0850/1030] loss = 0.120062
[e261 s0900/1030] loss = 0.116520
[e261 s0950/1030] loss = 0.112198
[e261 s1000/1030] loss = 0.108632
Epoch 261: train_loss = 0.106679  MAE/GAME0 = 11.669  RMSE = 31.349  GAME1 = 12.596  GAME2 = 13.359  GAME3 = 13.870  lr = 1.63e-05  time = 19.8s
[e262 s0001/1030] loss = 0.053705
[e262 s0050/1030] loss = 0.036819
[e262 s0100/1030] loss = 0.038251
[e262 s0150/1030] loss = 0.040938
[e262 s0200/1030] loss = 0.045532
[e262 s0250/1030] loss = 0.051813
[e262 s0300/1030] loss = 0.053097
[e262 s0350/1030] loss = 0.051390
[e262 s0400/1030] loss = 0.052572
[e262 s0450/1030] loss = 0.180077
[e262 s0500/1030] loss = 0.166083
[e262 s0550/1030] loss = 0.154886
[e262 s0600/1030] loss = 0.145607
[e262 s0650/1030] loss = 0.138831
[e262 s0700/1030] loss = 0.132672
[e262 s0750/1030] loss = 0.127843
[e262 s0800/1030] loss = 0.122871
[e262 s0850/1030] loss = 0.119022
[e262 s0900/1030] loss = 0.114959
[e262 s0950/1030] loss = 0.110627
[e262 s1000/1030] loss = 0.106735
Epoch 262: train_loss = 0.104817  MAE/GAME0 = 12.456  RMSE = 33.423  GAME1 = 13.168  GAME2 = 13.859  GAME3 = 14.315  lr = 1.61e-05  time = 19.8s
[e263 s0001/1030] loss = 0.038387
[e263 s0050/1030] loss = 0.043908
[e263 s0100/1030] loss = 0.052220
[e263 s0150/1030] loss = 0.054801
[e263 s0200/1030] loss = 0.048853
[e263 s0250/1030] loss = 0.047853
[e263 s0300/1030] loss = 0.056215
[e263 s0350/1030] loss = 0.228888
[e263 s0400/1030] loss = 0.212052
[e263 s0450/1030] loss = 0.193850
[e263 s0500/1030] loss = 0.177739
[e263 s0550/1030] loss = 0.164552
[e263 s0600/1030] loss = 0.155394
[e263 s0650/1030] loss = 0.146602
[e263 s0700/1030] loss = 0.138787
[e263 s0750/1030] loss = 0.132422
[e263 s0800/1030] loss = 0.126454
[e263 s0850/1030] loss = 0.122149
[e263 s0900/1030] loss = 0.117074
[e263 s0950/1030] loss = 0.112914
[e263 s1000/1030] loss = 0.109735
Epoch 263: train_loss = 0.107721  MAE/GAME0 = 10.698  RMSE = 29.630  GAME1 = 11.706  GAME2 = 12.685  GAME3 = 13.278  lr = 1.59e-05  time = 20.7s
[e264 s0001/1030] loss = 0.023269
[e264 s0050/1030] loss = 1.263292
[e264 s0100/1030] loss = 0.654340
[e264 s0150/1030] loss = 0.449446
[e264 s0200/1030] loss = 0.351093
[e264 s0250/1030] loss = 0.288468
[e264 s0300/1030] loss = 0.246979
[e264 s0350/1030] loss = 0.218675
[e264 s0400/1030] loss = 0.196926
[e264 s0450/1030] loss = 0.180809
[e264 s0500/1030] loss = 0.166012
[e264 s0550/1030] loss = 0.158159
[e264 s0600/1030] loss = 0.149166
[e264 s0650/1030] loss = 0.140068
[e264 s0700/1030] loss = 0.133613
[e264 s0750/1030] loss = 0.128976
[e264 s0800/1030] loss = 0.122599
[e264 s0850/1030] loss = 0.117578
[e264 s0900/1030] loss = 0.113715
[e264 s0950/1030] loss = 0.109999
[e264 s1000/1030] loss = 0.107188
Epoch 264: train_loss = 0.105431  MAE/GAME0 = 11.564  RMSE = 31.510  GAME1 = 12.479  GAME2 = 13.306  GAME3 = 13.836  lr = 1.57e-05  time = 19.5s
[e265 s0001/1030] loss = 0.075337
[e265 s0050/1030] loss = 0.049780
[e265 s0100/1030] loss = 0.042314
[e265 s0150/1030] loss = 0.041134
[e265 s0200/1030] loss = 0.045766
[e265 s0250/1030] loss = 0.046974
[e265 s0300/1030] loss = 0.044934
[e265 s0350/1030] loss = 0.042047
[e265 s0400/1030] loss = 0.041880
[e265 s0450/1030] loss = 0.043909
[e265 s0500/1030] loss = 0.043804
[e265 s0550/1030] loss = 0.044394
[e265 s0600/1030] loss = 0.044291
[e265 s0650/1030] loss = 0.133714
[e265 s0700/1030] loss = 0.126886
[e265 s0750/1030] loss = 0.121570
[e265 s0800/1030] loss = 0.116394
[e265 s0850/1030] loss = 0.111777
[e265 s0900/1030] loss = 0.107524
[e265 s0950/1030] loss = 0.106127
[e265 s1000/1030] loss = 0.103253
Epoch 265: train_loss = 0.101199  MAE/GAME0 = 11.912  RMSE = 32.894  GAME1 = 12.744  GAME2 = 13.510  GAME3 = 14.039  lr = 1.55e-05  time = 19.7s
[e266 s0001/1030] loss = 0.002186
[e266 s0050/1030] loss = 0.028234
[e266 s0100/1030] loss = 0.039309
[e266 s0150/1030] loss = 0.047745
[e266 s0200/1030] loss = 0.046556
[e266 s0250/1030] loss = 0.044124
[e266 s0300/1030] loss = 0.044841
[e266 s0350/1030] loss = 0.044056
[e266 s0400/1030] loss = 0.046285
[e266 s0450/1030] loss = 0.045280
[e266 s0500/1030] loss = 0.044976
[e266 s0550/1030] loss = 0.043935
[e266 s0600/1030] loss = 0.044191
[e266 s0650/1030] loss = 0.045298
[e266 s0700/1030] loss = 0.045147
[e266 s0750/1030] loss = 0.124278
[e266 s0800/1030] loss = 0.119528
[e266 s0850/1030] loss = 0.114798
[e266 s0900/1030] loss = 0.110919
[e266 s0950/1030] loss = 0.108680
[e266 s1000/1030] loss = 0.105428
Epoch 266: train_loss = 0.102966  MAE/GAME0 = 11.451  RMSE = 32.381  GAME1 = 12.366  GAME2 = 13.262  GAME3 = 13.842  lr = 1.53e-05  time = 19.9s
[e267 s0001/1030] loss = 0.089642
[e267 s0050/1030] loss = 1.159485
[e267 s0100/1030] loss = 0.619326
[e267 s0150/1030] loss = 0.430971
[e267 s0200/1030] loss = 0.334837
[e267 s0250/1030] loss = 0.280118
[e267 s0300/1030] loss = 0.240385
[e267 s0350/1030] loss = 0.211327
[e267 s0400/1030] loss = 0.189195
[e267 s0450/1030] loss = 0.171591
[e267 s0500/1030] loss = 0.161168
[e267 s0550/1030] loss = 0.149405
[e267 s0600/1030] loss = 0.143891
[e267 s0650/1030] loss = 0.135661
[e267 s0700/1030] loss = 0.131543
[e267 s0750/1030] loss = 0.126841
[e267 s0800/1030] loss = 0.122058
[e267 s0850/1030] loss = 0.117386
[e267 s0900/1030] loss = 0.113434
[e267 s0950/1030] loss = 0.109190
[e267 s1000/1030] loss = 0.106077
Epoch 267: train_loss = 0.104074  MAE/GAME0 = 11.027  RMSE = 30.727  GAME1 = 12.058  GAME2 = 12.968  GAME3 = 13.569  lr = 1.51e-05  time = 19.7s
[e268 s0001/1030] loss = 0.016558
[e268 s0050/1030] loss = 0.037251
[e268 s0100/1030] loss = 0.047779
[e268 s0150/1030] loss = 0.043699
[e268 s0200/1030] loss = 0.045356
[e268 s0250/1030] loss = 0.043448
[e268 s0300/1030] loss = 0.041976
[e268 s0350/1030] loss = 0.045333
[e268 s0400/1030] loss = 0.043617
[e268 s0450/1030] loss = 0.042189
[e268 s0500/1030] loss = 0.041345
[e268 s0550/1030] loss = 0.041256
[e268 s0600/1030] loss = 0.043209
[e268 s0650/1030] loss = 0.043822
[e268 s0700/1030] loss = 0.043370
[e268 s0750/1030] loss = 0.043286
[e268 s0800/1030] loss = 0.123037
[e268 s0850/1030] loss = 0.118049
[e268 s0900/1030] loss = 0.114094
[e268 s0950/1030] loss = 0.110383
[e268 s1000/1030] loss = 0.106974
Epoch 268: train_loss = 0.105789  MAE/GAME0 = 11.294  RMSE = 33.409  GAME1 = 12.227  GAME2 = 13.188  GAME3 = 13.804  lr = 1.49e-05  time = 19.8s
[e269 s0001/1030] loss = 0.005485
[e269 s0050/1030] loss = 0.040982
[e269 s0100/1030] loss = 0.043955
[e269 s0150/1030] loss = 0.046440
[e269 s0200/1030] loss = 0.044890
[e269 s0250/1030] loss = 0.051995
[e269 s0300/1030] loss = 0.246329
[e269 s0350/1030] loss = 0.218007
[e269 s0400/1030] loss = 0.195092
[e269 s0450/1030] loss = 0.177244
[e269 s0500/1030] loss = 0.165809
[e269 s0550/1030] loss = 0.154205
[e269 s0600/1030] loss = 0.145525
[e269 s0650/1030] loss = 0.140972
[e269 s0700/1030] loss = 0.134029
[e269 s0750/1030] loss = 0.128495
[e269 s0800/1030] loss = 0.122533
[e269 s0850/1030] loss = 0.117236
[e269 s0900/1030] loss = 0.112719
[e269 s0950/1030] loss = 0.108213
[e269 s1000/1030] loss = 0.105291
Epoch 269: train_loss = 0.103186  MAE/GAME0 = 10.563  RMSE = 30.043  GAME1 = 11.718  GAME2 = 12.687  GAME3 = 13.344  lr = 1.47e-05  time = 19.9s
[e270 s0001/1030] loss = 0.006053
[e270 s0050/1030] loss = 0.038167
[e270 s0100/1030] loss = 0.044808
[e270 s0150/1030] loss = 0.039982
[e270 s0200/1030] loss = 0.040555
[e270 s0250/1030] loss = 0.042449
[e270 s0300/1030] loss = 0.041419
[e270 s0350/1030] loss = 0.040942
[e270 s0400/1030] loss = 0.041566
[e270 s0450/1030] loss = 0.042806
[e270 s0500/1030] loss = 0.042331
[e270 s0550/1030] loss = 0.043754
[e270 s0600/1030] loss = 0.043336
[e270 s0650/1030] loss = 0.044567
[e270 s0700/1030] loss = 0.044540
[e270 s0750/1030] loss = 0.046865
[e270 s0800/1030] loss = 0.046256
[e270 s0850/1030] loss = 0.045771
[e270 s0900/1030] loss = 0.046477
[e270 s0950/1030] loss = 0.106228
[e270 s1000/1030] loss = 0.102863
Epoch 270: train_loss = 0.101607  MAE/GAME0 = 11.454  RMSE = 31.882  GAME1 = 12.351  GAME2 = 13.136  GAME3 = 13.701  lr = 1.45e-05  time = 19.6s
[e271 s0001/1030] loss = 0.032219
[e271 s0050/1030] loss = 0.053940
[e271 s0100/1030] loss = 0.050274
[e271 s0150/1030] loss = 0.413172
[e271 s0200/1030] loss = 0.319458
[e271 s0250/1030] loss = 0.265344
[e271 s0300/1030] loss = 0.227716
[e271 s0350/1030] loss = 0.200668
[e271 s0400/1030] loss = 0.180287
[e271 s0450/1030] loss = 0.164881
[e271 s0500/1030] loss = 0.153796
[e271 s0550/1030] loss = 0.142824
[e271 s0600/1030] loss = 0.136086
[e271 s0650/1030] loss = 0.128810
[e271 s0700/1030] loss = 0.121948
[e271 s0750/1030] loss = 0.115096
[e271 s0800/1030] loss = 0.111498
[e271 s0850/1030] loss = 0.106703
[e271 s0900/1030] loss = 0.102691
[e271 s0950/1030] loss = 0.099164
[e271 s1000/1030] loss = 0.096380
Epoch 271: train_loss = 0.094900  MAE/GAME0 = 11.230  RMSE = 32.076  GAME1 = 12.058  GAME2 = 12.934  GAME3 = 13.515  lr = 1.43e-05  time = 19.8s
[e272 s0001/1030] loss = 0.273429
[e272 s0050/1030] loss = 0.043739
[e272 s0100/1030] loss = 0.092917
[e272 s0150/1030] loss = 0.071608
[e272 s0200/1030] loss = 0.066556
[e272 s0250/1030] loss = 0.063292
[e272 s0300/1030] loss = 0.250108
[e272 s0350/1030] loss = 0.219393
[e272 s0400/1030] loss = 0.195907
[e272 s0450/1030] loss = 0.178796
[e272 s0500/1030] loss = 0.164906
[e272 s0550/1030] loss = 0.152519
[e272 s0600/1030] loss = 0.143045
[e272 s0650/1030] loss = 0.135132
[e272 s0700/1030] loss = 0.128366
[e272 s0750/1030] loss = 0.122999
[e272 s0800/1030] loss = 0.117248
[e272 s0850/1030] loss = 0.112746
[e272 s0900/1030] loss = 0.108424
[e272 s0950/1030] loss = 0.104890
[e272 s1000/1030] loss = 0.103036
Epoch 272: train_loss = 0.100957  MAE/GAME0 = 11.127  RMSE = 31.747  GAME1 = 12.037  GAME2 = 12.890  GAME3 = 13.496  lr = 1.41e-05  time = 19.6s
[e273 s0001/1030] loss = 0.023601
[e273 s0050/1030] loss = 0.051155
[e273 s0100/1030] loss = 0.046364
[e273 s0150/1030] loss = 0.045924
[e273 s0200/1030] loss = 0.044963
[e273 s0250/1030] loss = 0.045058
[e273 s0300/1030] loss = 0.046078
[e273 s0350/1030] loss = 0.046494
[e273 s0400/1030] loss = 0.044805
[e273 s0450/1030] loss = 0.045304
[e273 s0500/1030] loss = 0.045967
[e273 s0550/1030] loss = 0.045488
[e273 s0600/1030] loss = 0.045349
[e273 s0650/1030] loss = 0.045154
[e273 s0700/1030] loss = 0.046087
[e273 s0750/1030] loss = 0.045235
[e273 s0800/1030] loss = 0.044263
[e273 s0850/1030] loss = 0.116577
[e273 s0900/1030] loss = 0.112401
[e273 s0950/1030] loss = 0.108560
[e273 s1000/1030] loss = 0.104946
Epoch 273: train_loss = 0.102648  MAE/GAME0 = 12.235  RMSE = 32.498  GAME1 = 13.038  GAME2 = 13.722  GAME3 = 14.186  lr = 1.39e-05  time = 19.7s
[e274 s0001/1030] loss = 0.008800
[e274 s0050/1030] loss = 0.043528
[e274 s0100/1030] loss = 0.036998
[e274 s0150/1030] loss = 0.036438
[e274 s0200/1030] loss = 0.035089
[e274 s0250/1030] loss = 0.036393
[e274 s0300/1030] loss = 0.040968
[e274 s0350/1030] loss = 0.040878
[e274 s0400/1030] loss = 0.040375
[e274 s0450/1030] loss = 0.040095
[e274 s0500/1030] loss = 0.040461
[e274 s0550/1030] loss = 0.039798
[e274 s0600/1030] loss = 0.040428
[e274 s0650/1030] loss = 0.041138
[e274 s0700/1030] loss = 0.041004
[e274 s0750/1030] loss = 0.040402
[e274 s0800/1030] loss = 0.040690
[e274 s0850/1030] loss = 0.040577
[e274 s0900/1030] loss = 0.039946
[e274 s0950/1030] loss = 0.039858
[e274 s1000/1030] loss = 0.097245
Epoch 274: train_loss = 0.095510  MAE/GAME0 = 10.516  RMSE = 31.075  GAME1 = 11.577  GAME2 = 12.571  GAME3 = 13.238  lr = 1.37e-05  time = 19.5s
[e275 s0001/1030] loss = 0.006455
[e275 s0050/1030] loss = 0.043596
[e275 s0100/1030] loss = 0.045124
[e275 s0150/1030] loss = 0.045083
[e275 s0200/1030] loss = 0.046881
[e275 s0250/1030] loss = 0.046513
[e275 s0300/1030] loss = 0.043272
[e275 s0350/1030] loss = 0.044454
[e275 s0400/1030] loss = 0.044670
[e275 s0450/1030] loss = 0.170712
[e275 s0500/1030] loss = 0.156835
[e275 s0550/1030] loss = 0.146397
[e275 s0600/1030] loss = 0.137759
[e275 s0650/1030] loss = 0.129715
[e275 s0700/1030] loss = 0.122491
[e275 s0750/1030] loss = 0.116518
[e275 s0800/1030] loss = 0.111228
[e275 s0850/1030] loss = 0.106187
[e275 s0900/1030] loss = 0.102304
[e275 s0950/1030] loss = 0.098798
[e275 s1000/1030] loss = 0.095708
Epoch 275: train_loss = 0.093929  MAE/GAME0 = 11.772  RMSE = 30.905  GAME1 = 12.598  GAME2 = 13.352  GAME3 = 13.827  lr = 1.35e-05  time = 19.9s
[e276 s0001/1030] loss = 0.009421
[e276 s0050/1030] loss = 0.057985
[e276 s0100/1030] loss = 0.049133
[e276 s0150/1030] loss = 0.052519
[e276 s0200/1030] loss = 0.049271
[e276 s0250/1030] loss = 0.046421
[e276 s0300/1030] loss = 0.045439
[e276 s0350/1030] loss = 0.046164
[e276 s0400/1030] loss = 0.044189
[e276 s0450/1030] loss = 0.044085
[e276 s0500/1030] loss = 0.043596
[e276 s0550/1030] loss = 0.043544
[e276 s0600/1030] loss = 0.042595
[e276 s0650/1030] loss = 0.041390
[e276 s0700/1030] loss = 0.040718
[e276 s0750/1030] loss = 0.039460
[e276 s0800/1030] loss = 0.109527
[e276 s0850/1030] loss = 0.105759
[e276 s0900/1030] loss = 0.101660
[e276 s0950/1030] loss = 0.098672
[e276 s1000/1030] loss = 0.095354
Epoch 276: train_loss = 0.093732  MAE/GAME0 = 11.442  RMSE = 31.176  GAME1 = 12.250  GAME2 = 13.016  GAME3 = 13.565  lr = 1.33e-05  time = 19.4s
[e277 s0001/1030] loss = 0.008473
[e277 s0050/1030] loss = 0.037493
[e277 s0100/1030] loss = 0.030543
[e277 s0150/1030] loss = 0.032341
[e277 s0200/1030] loss = 0.037323
[e277 s0250/1030] loss = 0.038604
[e277 s0300/1030] loss = 0.041570
[e277 s0350/1030] loss = 0.040487
[e277 s0400/1030] loss = 0.038682
[e277 s0450/1030] loss = 0.038647
[e277 s0500/1030] loss = 0.040182
[e277 s0550/1030] loss = 0.040608
[e277 s0600/1030] loss = 0.039842
[e277 s0650/1030] loss = 0.039272
[e277 s0700/1030] loss = 0.038792
[e277 s0750/1030] loss = 0.114435
[e277 s0800/1030] loss = 0.109267
[e277 s0850/1030] loss = 0.104648
[e277 s0900/1030] loss = 0.100611
[e277 s0950/1030] loss = 0.097241
[e277 s1000/1030] loss = 0.095599
Epoch 277: train_loss = 0.094020  MAE/GAME0 = 10.543  RMSE = 30.830  GAME1 = 11.652  GAME2 = 12.620  GAME3 = 13.293  lr = 1.31e-05  time = 19.8s
[e278 s0001/1030] loss = 0.074879
[e278 s0050/1030] loss = 0.031341
[e278 s0100/1030] loss = 0.030276
[e278 s0150/1030] loss = 0.035180
[e278 s0200/1030] loss = 0.035390
[e278 s0250/1030] loss = 0.268152
[e278 s0300/1030] loss = 0.231497
[e278 s0350/1030] loss = 0.202836
[e278 s0400/1030] loss = 0.189801
[e278 s0450/1030] loss = 0.171960
[e278 s0500/1030] loss = 0.158610
[e278 s0550/1030] loss = 0.148165
[e278 s0600/1030] loss = 0.138126
[e278 s0650/1030] loss = 0.130247
[e278 s0700/1030] loss = 0.123368
[e278 s0750/1030] loss = 0.120218
[e278 s0800/1030] loss = 0.115061
[e278 s0850/1030] loss = 0.109852
[e278 s0900/1030] loss = 0.105544
[e278 s0950/1030] loss = 0.102194
[e278 s1000/1030] loss = 0.099199
Epoch 278: train_loss = 0.097787  MAE/GAME0 = 10.282  RMSE = 29.999  GAME1 = 11.545  GAME2 = 12.588  GAME3 = 13.291  lr = 1.29e-05  time = 19.8s
[e279 s0001/1030] loss = 0.034557
[e279 s0050/1030] loss = 0.042410
[e279 s0100/1030] loss = 0.038882
[e279 s0150/1030] loss = 0.042900
[e279 s0200/1030] loss = 0.039378
[e279 s0250/1030] loss = 0.040512
[e279 s0300/1030] loss = 0.039344
[e279 s0350/1030] loss = 0.038025
[e279 s0400/1030] loss = 0.039956
[e279 s0450/1030] loss = 0.041340
[e279 s0500/1030] loss = 0.042781
[e279 s0550/1030] loss = 0.042772
[e279 s0600/1030] loss = 0.041531
[e279 s0650/1030] loss = 0.040686
[e279 s0700/1030] loss = 0.041372
[e279 s0750/1030] loss = 0.115341
[e279 s0800/1030] loss = 0.109705
[e279 s0850/1030] loss = 0.105215
[e279 s0900/1030] loss = 0.101721
[e279 s0950/1030] loss = 0.097750
[e279 s1000/1030] loss = 0.094681
Epoch 279: train_loss = 0.092833  MAE/GAME0 = 11.768  RMSE = 32.976  GAME1 = 12.529  GAME2 = 13.317  GAME3 = 13.850  lr = 1.27e-05  time = 19.5s
[e280 s0001/1030] loss = 0.005728
[e280 s0050/1030] loss = 0.044235
[e280 s0100/1030] loss = 0.032675
[e280 s0150/1030] loss = 0.040820
[e280 s0200/1030] loss = 0.041183
[e280 s0250/1030] loss = 0.038372
[e280 s0300/1030] loss = 0.037469
[e280 s0350/1030] loss = 0.037254
[e280 s0400/1030] loss = 0.036482
[e280 s0450/1030] loss = 0.035720
[e280 s0500/1030] loss = 0.037491
[e280 s0550/1030] loss = 0.037551
[e280 s0600/1030] loss = 0.038779
[e280 s0650/1030] loss = 0.037581
[e280 s0700/1030] loss = 0.037079
[e280 s0750/1030] loss = 0.111920
[e280 s0800/1030] loss = 0.107406
[e280 s0850/1030] loss = 0.103066
[e280 s0900/1030] loss = 0.099580
[e280 s0950/1030] loss = 0.096177
[e280 s1000/1030] loss = 0.092711
Epoch 280: train_loss = 0.091087  MAE/GAME0 = 11.166  RMSE = 31.630  GAME1 = 12.006  GAME2 = 12.888  GAME3 = 13.446  lr = 1.25e-05  time = 20.2s
[e281 s0001/1030] loss = 0.039526
[e281 s0050/1030] loss = 0.027633
[e281 s0100/1030] loss = 0.583692
[e281 s0150/1030] loss = 0.403920
[e281 s0200/1030] loss = 0.311600
[e281 s0250/1030] loss = 0.257458
[e281 s0300/1030] loss = 0.225404
[e281 s0350/1030] loss = 0.198830
[e281 s0400/1030] loss = 0.178670
[e281 s0450/1030] loss = 0.162128
[e281 s0500/1030] loss = 0.149010
[e281 s0550/1030] loss = 0.139358
[e281 s0600/1030] loss = 0.131574
[e281 s0650/1030] loss = 0.123968
[e281 s0700/1030] loss = 0.116583
[e281 s0750/1030] loss = 0.111678
[e281 s0800/1030] loss = 0.106806
[e281 s0850/1030] loss = 0.102054
[e281 s0900/1030] loss = 0.098085
[e281 s0950/1030] loss = 0.094899
[e281 s1000/1030] loss = 0.091735
Epoch 281: train_loss = 0.090318  MAE/GAME0 = 11.614  RMSE = 31.299  GAME1 = 12.366  GAME2 = 13.128  GAME3 = 13.677  lr = 1.23e-05  time = 19.6s
[e282 s0001/1030] loss = 0.030262
[e282 s0050/1030] loss = 0.036562
[e282 s0100/1030] loss = 0.031742
[e282 s0150/1030] loss = 0.031601
[e282 s0200/1030] loss = 0.040344
[e282 s0250/1030] loss = 0.039930
[e282 s0300/1030] loss = 0.039809
[e282 s0350/1030] loss = 0.040113
[e282 s0400/1030] loss = 0.041562
[e282 s0450/1030] loss = 0.162129
[e282 s0500/1030] loss = 0.148829
[e282 s0550/1030] loss = 0.137938
[e282 s0600/1030] loss = 0.128704
[e282 s0650/1030] loss = 0.121078
[e282 s0700/1030] loss = 0.114733
[e282 s0750/1030] loss = 0.110055
[e282 s0800/1030] loss = 0.104911
[e282 s0850/1030] loss = 0.100913
[e282 s0900/1030] loss = 0.097818
[e282 s0950/1030] loss = 0.094424
[e282 s1000/1030] loss = 0.091069
Epoch 282: train_loss = 0.089419  MAE/GAME0 = 10.846  RMSE = 30.776  GAME1 = 11.702  GAME2 = 12.617  GAME3 = 13.261  lr = 1.22e-05  time = 19.7s
[e283 s0001/1030] loss = 0.096405
[e283 s0050/1030] loss = 0.040399
[e283 s0100/1030] loss = 0.040672
[e283 s0150/1030] loss = 0.046397
[e283 s0200/1030] loss = 0.046295
[e283 s0250/1030] loss = 0.043786
[e283 s0300/1030] loss = 0.041607
[e283 s0350/1030] loss = 0.199203
[e283 s0400/1030] loss = 0.178077
[e283 s0450/1030] loss = 0.162443
[e283 s0500/1030] loss = 0.149182
[e283 s0550/1030] loss = 0.138511
[e283 s0600/1030] loss = 0.130599
[e283 s0650/1030] loss = 0.123051
[e283 s0700/1030] loss = 0.117293
[e283 s0750/1030] loss = 0.111003
[e283 s0800/1030] loss = 0.106587
[e283 s0850/1030] loss = 0.101824
[e283 s0900/1030] loss = 0.098714
[e283 s0950/1030] loss = 0.095878
[e283 s1000/1030] loss = 0.092918
Epoch 283: train_loss = 0.090900  MAE/GAME0 = 11.149  RMSE = 31.380  GAME1 = 12.044  GAME2 = 12.913  GAME3 = 13.503  lr = 1.20e-05  time = 20.4s
[e284 s0001/1030] loss = 0.051982
[e284 s0050/1030] loss = 0.034242
[e284 s0100/1030] loss = 0.043211
[e284 s0150/1030] loss = 0.044540
[e284 s0200/1030] loss = 0.041610
[e284 s0250/1030] loss = 0.040861
[e284 s0300/1030] loss = 0.039257
[e284 s0350/1030] loss = 0.037528
[e284 s0400/1030] loss = 0.038443
[e284 s0450/1030] loss = 0.038232
[e284 s0500/1030] loss = 0.036768
[e284 s0550/1030] loss = 0.036317
[e284 s0600/1030] loss = 0.036366
[e284 s0650/1030] loss = 0.036539
[e284 s0700/1030] loss = 0.037545
[e284 s0750/1030] loss = 0.110259
[e284 s0800/1030] loss = 0.105145
[e284 s0850/1030] loss = 0.101441
[e284 s0900/1030] loss = 0.097267
[e284 s0950/1030] loss = 0.094432
[e284 s1000/1030] loss = 0.091439
Epoch 284: train_loss = 0.089818  MAE/GAME0 = 10.548  RMSE = 30.733  GAME1 = 11.560  GAME2 = 12.555  GAME3 = 13.197  lr = 1.18e-05  time = 19.6s
[e285 s0001/1030] loss = 0.057085
[e285 s0050/1030] loss = 0.034742
[e285 s0100/1030] loss = 0.036299
[e285 s0150/1030] loss = 0.034763
[e285 s0200/1030] loss = 0.311955
[e285 s0250/1030] loss = 0.256670
[e285 s0300/1030] loss = 0.222113
[e285 s0350/1030] loss = 0.193651
[e285 s0400/1030] loss = 0.172986
[e285 s0450/1030] loss = 0.157517
[e285 s0500/1030] loss = 0.145647
[e285 s0550/1030] loss = 0.135479
[e285 s0600/1030] loss = 0.128531
[e285 s0650/1030] loss = 0.121235
[e285 s0700/1030] loss = 0.114390
[e285 s0750/1030] loss = 0.109797
[e285 s0800/1030] loss = 0.105259
[e285 s0850/1030] loss = 0.100735
[e285 s0900/1030] loss = 0.097301
[e285 s0950/1030] loss = 0.093902
[e285 s1000/1030] loss = 0.091211
Epoch 285: train_loss = 0.089185  MAE/GAME0 = 11.463  RMSE = 31.501  GAME1 = 12.272  GAME2 = 13.073  GAME3 = 13.613  lr = 1.16e-05  time = 19.7s
[e286 s0001/1030] loss = 0.001250
[e286 s0050/1030] loss = 0.027042
[e286 s0100/1030] loss = 0.028756
[e286 s0150/1030] loss = 0.025542
[e286 s0200/1030] loss = 0.030047
[e286 s0250/1030] loss = 0.031928
[e286 s0300/1030] loss = 0.034545
[e286 s0350/1030] loss = 0.034782
[e286 s0400/1030] loss = 0.034036
[e286 s0450/1030] loss = 0.034210
[e286 s0500/1030] loss = 0.033755
[e286 s0550/1030] loss = 0.033085
[e286 s0600/1030] loss = 0.034111
[e286 s0650/1030] loss = 0.034975
[e286 s0700/1030] loss = 0.034625
[e286 s0750/1030] loss = 0.034559
[e286 s0800/1030] loss = 0.034149
[e286 s0850/1030] loss = 0.033560
[e286 s0900/1030] loss = 0.033556
[e286 s0950/1030] loss = 0.033886
[e286 s1000/1030] loss = 0.092518
Epoch 286: train_loss = 0.090458  MAE/GAME0 = 11.180  RMSE = 31.143  GAME1 = 12.045  GAME2 = 12.957  GAME3 = 13.522  lr = 1.14e-05  time = 19.8s
[e287 s0001/1030] loss = 0.003161
[e287 s0050/1030] loss = 0.034081
[e287 s0100/1030] loss = 0.034926
[e287 s0150/1030] loss = 0.035339
[e287 s0200/1030] loss = 0.034951
[e287 s0250/1030] loss = 0.036090
[e287 s0300/1030] loss = 0.034872
[e287 s0350/1030] loss = 0.036424
[e287 s0400/1030] loss = 0.035878
[e287 s0450/1030] loss = 0.034375
[e287 s0500/1030] loss = 0.034706
[e287 s0550/1030] loss = 0.034196
[e287 s0600/1030] loss = 0.033558
[e287 s0650/1030] loss = 0.033320
[e287 s0700/1030] loss = 0.033447
[e287 s0750/1030] loss = 0.108663
[e287 s0800/1030] loss = 0.103711
[e287 s0850/1030] loss = 0.100141
[e287 s0900/1030] loss = 0.096125
[e287 s0950/1030] loss = 0.092882
[e287 s1000/1030] loss = 0.090283
Epoch 287: train_loss = 0.088486  MAE/GAME0 = 13.064  RMSE = 33.984  GAME1 = 13.684  GAME2 = 14.268  GAME3 = 14.675  lr = 1.12e-05  time = 19.6s
[e288 s0001/1030] loss = 0.123740
[e288 s0050/1030] loss = 0.043541
[e288 s0100/1030] loss = 0.039329
[e288 s0150/1030] loss = 0.034283
[e288 s0200/1030] loss = 0.032897
[e288 s0250/1030] loss = 0.255222
[e288 s0300/1030] loss = 0.222508
[e288 s0350/1030] loss = 0.193751
[e288 s0400/1030] loss = 0.173647
[e288 s0450/1030] loss = 0.157205
[e288 s0500/1030] loss = 0.145458
[e288 s0550/1030] loss = 0.134862
[e288 s0600/1030] loss = 0.125386
[e288 s0650/1030] loss = 0.118256
[e288 s0700/1030] loss = 0.112749
[e288 s0750/1030] loss = 0.108696
[e288 s0800/1030] loss = 0.103971
[e288 s0850/1030] loss = 0.099904
[e288 s0900/1030] loss = 0.095876
[e288 s0950/1030] loss = 0.092068
[e288 s1000/1030] loss = 0.089385
Epoch 288: train_loss = 0.087357  MAE/GAME0 = 11.665  RMSE = 32.204  GAME1 = 12.417  GAME2 = 13.245  GAME3 = 13.801  lr = 1.11e-05  time = 19.5s
[e289 s0001/1030] loss = 0.005207
[e289 s0050/1030] loss = 0.027088
[e289 s0100/1030] loss = 0.033020
[e289 s0150/1030] loss = 0.036525
[e289 s0200/1030] loss = 0.035712
[e289 s0250/1030] loss = 0.036268
[e289 s0300/1030] loss = 0.036981
[e289 s0350/1030] loss = 0.036238
[e289 s0400/1030] loss = 0.035123
[e289 s0450/1030] loss = 0.034371
[e289 s0500/1030] loss = 0.035073
[e289 s0550/1030] loss = 0.034979
[e289 s0600/1030] loss = 0.034847
[e289 s0650/1030] loss = 0.034192
[e289 s0700/1030] loss = 0.033514
[e289 s0750/1030] loss = 0.033194
[e289 s0800/1030] loss = 0.033627
[e289 s0850/1030] loss = 0.033479
[e289 s0900/1030] loss = 0.033038
[e289 s0950/1030] loss = 0.090221
[e289 s1000/1030] loss = 0.087251
Epoch 289: train_loss = 0.085403  MAE/GAME0 = 11.734  RMSE = 32.519  GAME1 = 12.529  GAME2 = 13.345  GAME3 = 13.875  lr = 1.09e-05  time = 19.6s
[e290 s0001/1030] loss = 0.042641
[e290 s0050/1030] loss = 1.099017
[e290 s0100/1030] loss = 0.565867
[e290 s0150/1030] loss = 0.388094
[e290 s0200/1030] loss = 0.301063
[e290 s0250/1030] loss = 0.244738
[e290 s0300/1030] loss = 0.210983
[e290 s0350/1030] loss = 0.187281
[e290 s0400/1030] loss = 0.167561
[e290 s0450/1030] loss = 0.152383
[e290 s0500/1030] loss = 0.141060
[e290 s0550/1030] loss = 0.131251
[e290 s0600/1030] loss = 0.121761
[e290 s0650/1030] loss = 0.115181
[e290 s0700/1030] loss = 0.110153
[e290 s0750/1030] loss = 0.105304
[e290 s0800/1030] loss = 0.100441
[e290 s0850/1030] loss = 0.096412
[e290 s0900/1030] loss = 0.092749
[e290 s0950/1030] loss = 0.089490
[e290 s1000/1030] loss = 0.086076
Epoch 290: train_loss = 0.084245  MAE/GAME0 = 11.355  RMSE = 32.065  GAME1 = 12.202  GAME2 = 13.075  GAME3 = 13.646  lr = 1.07e-05  time = 19.9s
[e291 s0001/1030] loss = 0.026051
[e291 s0050/1030] loss = 0.042410
[e291 s0100/1030] loss = 0.040065
[e291 s0150/1030] loss = 0.036468
[e291 s0200/1030] loss = 0.033360
[e291 s0250/1030] loss = 0.034359
[e291 s0300/1030] loss = 0.032288
[e291 s0350/1030] loss = 0.030953
[e291 s0400/1030] loss = 0.032922
[e291 s0450/1030] loss = 0.031323
[e291 s0500/1030] loss = 0.031901
[e291 s0550/1030] loss = 0.031172
[e291 s0600/1030] loss = 0.030852
[e291 s0650/1030] loss = 0.031809
[e291 s0700/1030] loss = 0.031401
[e291 s0750/1030] loss = 0.032266
[e291 s0800/1030] loss = 0.032666
[e291 s0850/1030] loss = 0.032834
[e291 s0900/1030] loss = 0.094625
[e291 s0950/1030] loss = 0.091026
[e291 s1000/1030] loss = 0.087649
Epoch 291: train_loss = 0.085881  MAE/GAME0 = 10.795  RMSE = 32.734  GAME1 = 11.892  GAME2 = 12.874  GAME3 = 13.526  lr = 1.05e-05  time = 19.6s
[e292 s0001/1030] loss = 0.006201
[e292 s0050/1030] loss = 0.034075
[e292 s0100/1030] loss = 0.028090
[e292 s0150/1030] loss = 0.027350
[e292 s0200/1030] loss = 0.028556
[e292 s0250/1030] loss = 0.031000
[e292 s0300/1030] loss = 0.029731
[e292 s0350/1030] loss = 0.029858
[e292 s0400/1030] loss = 0.029842
[e292 s0450/1030] loss = 0.029284
[e292 s0500/1030] loss = 0.032797
[e292 s0550/1030] loss = 0.033246
[e292 s0600/1030] loss = 0.033759
[e292 s0650/1030] loss = 0.115735
[e292 s0700/1030] loss = 0.110122
[e292 s0750/1030] loss = 0.105984
[e292 s0800/1030] loss = 0.100882
[e292 s0850/1030] loss = 0.096717
[e292 s0900/1030] loss = 0.092545
[e292 s0950/1030] loss = 0.089291
[e292 s1000/1030] loss = 0.086300
Epoch 292: train_loss = 0.084735  MAE/GAME0 = 10.720  RMSE = 31.503  GAME1 = 11.664  GAME2 = 12.624  GAME3 = 13.257  lr = 1.03e-05  time = 19.5s
[e293 s0001/1030] loss = 0.054498
[e293 s0050/1030] loss = 0.028402
[e293 s0100/1030] loss = 0.027755
[e293 s0150/1030] loss = 0.025541
[e293 s0200/1030] loss = 0.026805
[e293 s0250/1030] loss = 0.028022
[e293 s0300/1030] loss = 0.031581
[e293 s0350/1030] loss = 0.031556
[e293 s0400/1030] loss = 0.032078
[e293 s0450/1030] loss = 0.031206
[e293 s0500/1030] loss = 0.031276
[e293 s0550/1030] loss = 0.031591
[e293 s0600/1030] loss = 0.031431
[e293 s0650/1030] loss = 0.031671
[e293 s0700/1030] loss = 0.031165
[e293 s0750/1030] loss = 0.031284
[e293 s0800/1030] loss = 0.031810
[e293 s0850/1030] loss = 0.031333
[e293 s0900/1030] loss = 0.031040
[e293 s0950/1030] loss = 0.030885
[e293 s1000/1030] loss = 0.086310
Epoch 293: train_loss = 0.084561  MAE/GAME0 = 10.608  RMSE = 31.439  GAME1 = 11.636  GAME2 = 12.554  GAME3 = 13.204  lr = 1.02e-05  time = 19.8s
[e294 s0001/1030] loss = 0.011759
[e294 s0050/1030] loss = 0.027920
[e294 s0100/1030] loss = 0.027015
[e294 s0150/1030] loss = 0.025038
[e294 s0200/1030] loss = 0.026709
[e294 s0250/1030] loss = 0.027038
[e294 s0300/1030] loss = 0.029308
[e294 s0350/1030] loss = 0.029578
[e294 s0400/1030] loss = 0.030308
[e294 s0450/1030] loss = 0.029481
[e294 s0500/1030] loss = 0.028605
[e294 s0550/1030] loss = 0.028713
[e294 s0600/1030] loss = 0.031549
[e294 s0650/1030] loss = 0.031512
[e294 s0700/1030] loss = 0.106621
[e294 s0750/1030] loss = 0.101161
[e294 s0800/1030] loss = 0.097422
[e294 s0850/1030] loss = 0.093124
[e294 s0900/1030] loss = 0.089618
[e294 s0950/1030] loss = 0.086854
[e294 s1000/1030] loss = 0.084140
Epoch 294: train_loss = 0.082421  MAE/GAME0 = 11.329  RMSE = 32.458  GAME1 = 12.267  GAME2 = 13.161  GAME3 = 13.737  lr = 9.99e-06  time = 19.8s
[e295 s0001/1030] loss = 0.033545
[e295 s0050/1030] loss = 0.039959
[e295 s0100/1030] loss = 0.038399
[e295 s0150/1030] loss = 0.035474
[e295 s0200/1030] loss = 0.035569
[e295 s0250/1030] loss = 0.034967
[e295 s0300/1030] loss = 0.035050
[e295 s0350/1030] loss = 0.034802
[e295 s0400/1030] loss = 0.033960
[e295 s0450/1030] loss = 0.033089
[e295 s0500/1030] loss = 0.033816
[e295 s0550/1030] loss = 0.033946
[e295 s0600/1030] loss = 0.121795
[e295 s0650/1030] loss = 0.115914
[e295 s0700/1030] loss = 0.108794
[e295 s0750/1030] loss = 0.103431
[e295 s0800/1030] loss = 0.098518
[e295 s0850/1030] loss = 0.094342
[e295 s0900/1030] loss = 0.090321
[e295 s0950/1030] loss = 0.087138
[e295 s1000/1030] loss = 0.083843
Epoch 295: train_loss = 0.082678  MAE/GAME0 = 10.374  RMSE = 30.570  GAME1 = 11.481  GAME2 = 12.469  GAME3 = 13.150  lr = 9.82e-06  time = 20.2s
[e296 s0001/1030] loss = 0.005689
[e296 s0050/1030] loss = 0.032457
[e296 s0100/1030] loss = 0.030864
[e296 s0150/1030] loss = 0.030511
[e296 s0200/1030] loss = 0.028822
[e296 s0250/1030] loss = 0.245003
[e296 s0300/1030] loss = 0.208972
[e296 s0350/1030] loss = 0.182719
[e296 s0400/1030] loss = 0.163185
[e296 s0450/1030] loss = 0.148364
[e296 s0500/1030] loss = 0.136116
[e296 s0550/1030] loss = 0.127099
[e296 s0600/1030] loss = 0.119249
[e296 s0650/1030] loss = 0.112746
[e296 s0700/1030] loss = 0.107428
[e296 s0750/1030] loss = 0.102280
[e296 s0800/1030] loss = 0.097558
[e296 s0850/1030] loss = 0.093171
[e296 s0900/1030] loss = 0.089991
[e296 s0950/1030] loss = 0.086700
[e296 s1000/1030] loss = 0.083592
Epoch 296: train_loss = 0.081946  MAE/GAME0 = 11.069  RMSE = 31.360  GAME1 = 11.932  GAME2 = 12.859  GAME3 = 13.461  lr = 9.65e-06  time = 19.4s
[e297 s0001/1030] loss = 0.156055
[e297 s0050/1030] loss = 0.024763
[e297 s0100/1030] loss = 0.026073
[e297 s0150/1030] loss = 0.027731
[e297 s0200/1030] loss = 0.028729
[e297 s0250/1030] loss = 0.243567
[e297 s0300/1030] loss = 0.206422
[e297 s0350/1030] loss = 0.181151
[e297 s0400/1030] loss = 0.162680
[e297 s0450/1030] loss = 0.147588
[e297 s0500/1030] loss = 0.135757
[e297 s0550/1030] loss = 0.125650
[e297 s0600/1030] loss = 0.117636
[e297 s0650/1030] loss = 0.111528
[e297 s0700/1030] loss = 0.105133
[e297 s0750/1030] loss = 0.099798
[e297 s0800/1030] loss = 0.095472
[e297 s0850/1030] loss = 0.091568
[e297 s0900/1030] loss = 0.088058
[e297 s0950/1030] loss = 0.084896
[e297 s1000/1030] loss = 0.082103
Epoch 297: train_loss = 0.080232  MAE/GAME0 = 11.083  RMSE = 31.739  GAME1 = 11.917  GAME2 = 12.797  GAME3 = 13.386  lr = 9.48e-06  time = 19.5s
[e298 s0001/1030] loss = 0.063898
[e298 s0050/1030] loss = 0.033119
[e298 s0100/1030] loss = 0.032702
[e298 s0150/1030] loss = 0.028629
[e298 s0200/1030] loss = 0.027066
[e298 s0250/1030] loss = 0.027834
[e298 s0300/1030] loss = 0.214812
[e298 s0350/1030] loss = 0.188977
[e298 s0400/1030] loss = 0.168731
[e298 s0450/1030] loss = 0.153339
[e298 s0500/1030] loss = 0.140015
[e298 s0550/1030] loss = 0.129106
[e298 s0600/1030] loss = 0.121086
[e298 s0650/1030] loss = 0.114264
[e298 s0700/1030] loss = 0.108473
[e298 s0750/1030] loss = 0.103227
[e298 s0800/1030] loss = 0.098217
[e298 s0850/1030] loss = 0.094039
[e298 s0900/1030] loss = 0.089962
[e298 s0950/1030] loss = 0.086987
[e298 s1000/1030] loss = 0.084645
Epoch 298: train_loss = 0.082912  MAE/GAME0 = 11.518  RMSE = 31.789  GAME1 = 12.385  GAME2 = 13.179  GAME3 = 13.716  lr = 9.31e-06  time = 19.6s
[e299 s0001/1030] loss = 0.010154
[e299 s0050/1030] loss = 0.021299
[e299 s0100/1030] loss = 0.025250
[e299 s0150/1030] loss = 0.028328
[e299 s0200/1030] loss = 0.027204
[e299 s0250/1030] loss = 0.026985
[e299 s0300/1030] loss = 0.026694
[e299 s0350/1030] loss = 0.027120
[e299 s0400/1030] loss = 0.028579
[e299 s0450/1030] loss = 0.029456
[e299 s0500/1030] loss = 0.028414
[e299 s0550/1030] loss = 0.027837
[e299 s0600/1030] loss = 0.027518
[e299 s0650/1030] loss = 0.027058
[e299 s0700/1030] loss = 0.026865
[e299 s0750/1030] loss = 0.026724
[e299 s0800/1030] loss = 0.027656
[e299 s0850/1030] loss = 0.027685
[e299 s0900/1030] loss = 0.027338
[e299 s0950/1030] loss = 0.083563
[e299 s1000/1030] loss = 0.080784
Epoch 299: train_loss = 0.079357  MAE/GAME0 = 11.322  RMSE = 31.102  GAME1 = 12.122  GAME2 = 12.990  GAME3 = 13.549  lr = 9.14e-06  time = 19.4s
[e300 s0001/1030] loss = 0.010550
[e300 s0050/1030] loss = 0.052218
[e300 s0100/1030] loss = 0.037328
[e300 s0150/1030] loss = 0.031681
[e300 s0200/1030] loss = 0.030216
[e300 s0250/1030] loss = 0.031312
[e300 s0300/1030] loss = 0.030532
[e300 s0350/1030] loss = 0.029765
[e300 s0400/1030] loss = 0.029359
[e300 s0450/1030] loss = 0.028499
[e300 s0500/1030] loss = 0.027778
[e300 s0550/1030] loss = 0.027056
[e300 s0600/1030] loss = 0.114758
[e300 s0650/1030] loss = 0.109055
[e300 s0700/1030] loss = 0.102885
[e300 s0750/1030] loss = 0.097821
[e300 s0800/1030] loss = 0.092710
[e300 s0850/1030] loss = 0.089409
[e300 s0900/1030] loss = 0.086010
[e300 s0950/1030] loss = 0.083099
[e300 s1000/1030] loss = 0.080783
Epoch 300: train_loss = 0.079110  MAE/GAME0 = 13.531  RMSE = 33.401  GAME1 = 14.026  GAME2 = 14.530  GAME3 = 14.866  lr = 8.97e-06  time = 20.1s
[e301 s0001/1030] loss = 0.011803
[e301 s0050/1030] loss = 0.034690
[e301 s0100/1030] loss = 0.030547
[e301 s0150/1030] loss = 0.029520
[e301 s0200/1030] loss = 0.029378
[e301 s0250/1030] loss = 0.029374
[e301 s0300/1030] loss = 0.030619
[e301 s0350/1030] loss = 0.029421
[e301 s0400/1030] loss = 0.028152
[e301 s0450/1030] loss = 0.027949
[e301 s0500/1030] loss = 0.027981
[e301 s0550/1030] loss = 0.028240
[e301 s0600/1030] loss = 0.028029
[e301 s0650/1030] loss = 0.029512
[e301 s0700/1030] loss = 0.029333
[e301 s0750/1030] loss = 0.028706
[e301 s0800/1030] loss = 0.028184
[e301 s0850/1030] loss = 0.027471
[e301 s0900/1030] loss = 0.027416
[e301 s0950/1030] loss = 0.027410
[e301 s1000/1030] loss = 0.081088
Epoch 301: train_loss = 0.079310  MAE/GAME0 = 11.797  RMSE = 32.649  GAME1 = 12.560  GAME2 = 13.356  GAME3 = 13.882  lr = 8.80e-06  time = 19.6s
[e302 s0001/1030] loss = 0.001560
[e302 s0050/1030] loss = 0.018847
[e302 s0100/1030] loss = 0.027427
[e302 s0150/1030] loss = 0.026753
[e302 s0200/1030] loss = 0.026765
[e302 s0250/1030] loss = 0.026759
[e302 s0300/1030] loss = 0.026081
[e302 s0350/1030] loss = 0.026316
[e302 s0400/1030] loss = 0.157046
[e302 s0450/1030] loss = 0.142342
[e302 s0500/1030] loss = 0.131527
[e302 s0550/1030] loss = 0.121671
[e302 s0600/1030] loss = 0.113401
[e302 s0650/1030] loss = 0.106410
[e302 s0700/1030] loss = 0.100317
[e302 s0750/1030] loss = 0.095303
[e302 s0800/1030] loss = 0.090891
[e302 s0850/1030] loss = 0.086997
[e302 s0900/1030] loss = 0.083488
[e302 s0950/1030] loss = 0.080308
[e302 s1000/1030] loss = 0.077506
Epoch 302: train_loss = 0.076076  MAE/GAME0 = 10.771  RMSE = 32.003  GAME1 = 11.829  GAME2 = 12.804  GAME3 = 13.466  lr = 8.64e-06  time = 19.8s
[e303 s0001/1030] loss = 0.013867
[e303 s0050/1030] loss = 0.026847
[e303 s0100/1030] loss = 0.029271
[e303 s0150/1030] loss = 0.029871
[e303 s0200/1030] loss = 0.030875
[e303 s0250/1030] loss = 0.031109
[e303 s0300/1030] loss = 0.029300
[e303 s0350/1030] loss = 0.028023
[e303 s0400/1030] loss = 0.158463
[e303 s0450/1030] loss = 0.143216
[e303 s0500/1030] loss = 0.131230
[e303 s0550/1030] loss = 0.121684
[e303 s0600/1030] loss = 0.113751
[e303 s0650/1030] loss = 0.106785
[e303 s0700/1030] loss = 0.100782
[e303 s0750/1030] loss = 0.095862
[e303 s0800/1030] loss = 0.091363
[e303 s0850/1030] loss = 0.088218
[e303 s0900/1030] loss = 0.085823
[e303 s0950/1030] loss = 0.082749
[e303 s1000/1030] loss = 0.080317
Epoch 303: train_loss = 0.078469  MAE/GAME0 = 11.262  RMSE = 32.166  GAME1 = 12.152  GAME2 = 12.989  GAME3 = 13.547  lr = 8.48e-06  time = 19.8s
[e304 s0001/1030] loss = 0.078621
[e304 s0050/1030] loss = 0.032183
[e304 s0100/1030] loss = 0.035660
[e304 s0150/1030] loss = 0.032757
[e304 s0200/1030] loss = 0.030860
[e304 s0250/1030] loss = 0.030070
[e304 s0300/1030] loss = 0.201278
[e304 s0350/1030] loss = 0.175893
[e304 s0400/1030] loss = 0.156333
[e304 s0450/1030] loss = 0.141772
[e304 s0500/1030] loss = 0.130252
[e304 s0550/1030] loss = 0.121305
[e304 s0600/1030] loss = 0.113645
[e304 s0650/1030] loss = 0.106492
[e304 s0700/1030] loss = 0.100884
[e304 s0750/1030] loss = 0.095692
[e304 s0800/1030] loss = 0.091132
[e304 s0850/1030] loss = 0.087059
[e304 s0900/1030] loss = 0.084020
[e304 s0950/1030] loss = 0.080938
[e304 s1000/1030] loss = 0.078032
Epoch 304: train_loss = 0.076506  MAE/GAME0 = 11.872  RMSE = 33.234  GAME1 = 12.658  GAME2 = 13.462  GAME3 = 14.045  lr = 8.31e-06  time = 19.6s
[e305 s0001/1030] loss = 0.022879
[e305 s0050/1030] loss = 0.023265
[e305 s0100/1030] loss = 0.026537
[e305 s0150/1030] loss = 0.024508
[e305 s0200/1030] loss = 0.024009
[e305 s0250/1030] loss = 0.231819
[e305 s0300/1030] loss = 0.196998
[e305 s0350/1030] loss = 0.172940
[e305 s0400/1030] loss = 0.155457
[e305 s0450/1030] loss = 0.141114
[e305 s0500/1030] loss = 0.129199
[e305 s0550/1030] loss = 0.118888
[e305 s0600/1030] loss = 0.111029
[e305 s0650/1030] loss = 0.104435
[e305 s0700/1030] loss = 0.098865
[e305 s0750/1030] loss = 0.093856
[e305 s0800/1030] loss = 0.089350
[e305 s0850/1030] loss = 0.086199
[e305 s0900/1030] loss = 0.083184
[e305 s0950/1030] loss = 0.079794
[e305 s1000/1030] loss = 0.076879
Epoch 305: train_loss = 0.075184  MAE/GAME0 = 13.476  RMSE = 32.976  GAME1 = 13.972  GAME2 = 14.501  GAME3 = 14.847  lr = 8.15e-06  time = 19.6s
[e306 s0001/1030] loss = 0.032598
[e306 s0050/1030] loss = 0.024326
[e306 s0100/1030] loss = 0.027220
[e306 s0150/1030] loss = 0.028266
[e306 s0200/1030] loss = 0.030911
[e306 s0250/1030] loss = 0.029181
[e306 s0300/1030] loss = 0.027875
[e306 s0350/1030] loss = 0.028027
[e306 s0400/1030] loss = 0.027135
[e306 s0450/1030] loss = 0.027875
[e306 s0500/1030] loss = 0.028349
[e306 s0550/1030] loss = 0.027645
[e306 s0600/1030] loss = 0.027481
[e306 s0650/1030] loss = 0.026988
[e306 s0700/1030] loss = 0.026738
[e306 s0750/1030] loss = 0.026103
[e306 s0800/1030] loss = 0.025765
[e306 s0850/1030] loss = 0.089481
[e306 s0900/1030] loss = 0.085919
[e306 s0950/1030] loss = 0.082433
[e306 s1000/1030] loss = 0.079455
Epoch 306: train_loss = 0.077806  MAE/GAME0 = 12.382  RMSE = 32.064  GAME1 = 13.011  GAME2 = 13.700  GAME3 = 14.152  lr = 7.99e-06  time = 19.7s
[e307 s0001/1030] loss = 0.023846
[e307 s0050/1030] loss = 0.023481
[e307 s0100/1030] loss = 0.022831
[e307 s0150/1030] loss = 0.024326
[e307 s0200/1030] loss = 0.025654
[e307 s0250/1030] loss = 0.025596
[e307 s0300/1030] loss = 0.026410
[e307 s0350/1030] loss = 0.025531
[e307 s0400/1030] loss = 0.025224
[e307 s0450/1030] loss = 0.025225
[e307 s0500/1030] loss = 0.024867
[e307 s0550/1030] loss = 0.025053
[e307 s0600/1030] loss = 0.024921
[e307 s0650/1030] loss = 0.024434
[e307 s0700/1030] loss = 0.023943
[e307 s0750/1030] loss = 0.024531
[e307 s0800/1030] loss = 0.024726
[e307 s0850/1030] loss = 0.085842
[e307 s0900/1030] loss = 0.082610
[e307 s0950/1030] loss = 0.079564
[e307 s1000/1030] loss = 0.076436
Epoch 307: train_loss = 0.074746  MAE/GAME0 = 13.368  RMSE = 33.142  GAME1 = 13.943  GAME2 = 14.457  GAME3 = 14.809  lr = 7.83e-06  time = 19.6s
[e308 s0001/1030] loss = 0.030148
[e308 s0050/1030] loss = 0.027870
[e308 s0100/1030] loss = 0.027195
[e308 s0150/1030] loss = 0.028939
[e308 s0200/1030] loss = 0.028426
[e308 s0250/1030] loss = 0.027044
[e308 s0300/1030] loss = 0.026891
[e308 s0350/1030] loss = 0.026837
[e308 s0400/1030] loss = 0.027193
[e308 s0450/1030] loss = 0.026080
[e308 s0500/1030] loss = 0.024844
[e308 s0550/1030] loss = 0.024447
[e308 s0600/1030] loss = 0.112292
[e308 s0650/1030] loss = 0.105455
[e308 s0700/1030] loss = 0.100036
[e308 s0750/1030] loss = 0.095060
[e308 s0800/1030] loss = 0.090818
[e308 s0850/1030] loss = 0.087423
[e308 s0900/1030] loss = 0.084790
[e308 s0950/1030] loss = 0.081346
[e308 s1000/1030] loss = 0.078487
Epoch 308: train_loss = 0.076695  MAE/GAME0 = 12.787  RMSE = 32.176  GAME1 = 13.438  GAME2 = 14.023  GAME3 = 14.432  lr = 7.68e-06  time = 19.5s
[e309 s0001/1030] loss = 0.008023
[e309 s0050/1030] loss = 0.020920
[e309 s0100/1030] loss = 0.022523
[e309 s0150/1030] loss = 0.023966
[e309 s0200/1030] loss = 0.024418
[e309 s0250/1030] loss = 0.025992
[e309 s0300/1030] loss = 0.025349
[e309 s0350/1030] loss = 0.025220
[e309 s0400/1030] loss = 0.024896
[e309 s0450/1030] loss = 0.024685
[e309 s0500/1030] loss = 0.024419
[e309 s0550/1030] loss = 0.023867
[e309 s0600/1030] loss = 0.023071
[e309 s0650/1030] loss = 0.022700
[e309 s0700/1030] loss = 0.098607
[e309 s0750/1030] loss = 0.094004
[e309 s0800/1030] loss = 0.089871
[e309 s0850/1030] loss = 0.085832
[e309 s0900/1030] loss = 0.082650
[e309 s0950/1030] loss = 0.079629
[e309 s1000/1030] loss = 0.076760
Epoch 309: train_loss = 0.075204  MAE/GAME0 = 11.914  RMSE = 33.358  GAME1 = 12.754  GAME2 = 13.572  GAME3 = 14.107  lr = 7.52e-06  time = 19.8s
[e310 s0001/1030] loss = 0.020316
[e310 s0050/1030] loss = 0.023846
[e310 s0100/1030] loss = 0.026239
[e310 s0150/1030] loss = 0.023553
[e310 s0200/1030] loss = 0.025023
[e310 s0250/1030] loss = 0.025995
[e310 s0300/1030] loss = 0.197477
[e310 s0350/1030] loss = 0.172646
[e310 s0400/1030] loss = 0.155165
[e310 s0450/1030] loss = 0.140509
[e310 s0500/1030] loss = 0.128042
[e310 s0550/1030] loss = 0.118015
[e310 s0600/1030] loss = 0.109938
[e310 s0650/1030] loss = 0.103400
[e310 s0700/1030] loss = 0.097640
[e310 s0750/1030] loss = 0.092661
[e310 s0800/1030] loss = 0.088880
[e310 s0850/1030] loss = 0.084817
[e310 s0900/1030] loss = 0.081040
[e310 s0950/1030] loss = 0.077591
[e310 s1000/1030] loss = 0.074511
Epoch 310: train_loss = 0.073121  MAE/GAME0 = 11.802  RMSE = 30.713  GAME1 = 12.739  GAME2 = 13.503  GAME3 = 14.049  lr = 7.36e-06  time = 19.4s
[e311 s0001/1030] loss = 0.017897
[e311 s0050/1030] loss = 0.024053
[e311 s0100/1030] loss = 0.024095
[e311 s0150/1030] loss = 0.023679
[e311 s0200/1030] loss = 0.022504
[e311 s0250/1030] loss = 0.023325
[e311 s0300/1030] loss = 0.022350
[e311 s0350/1030] loss = 0.022422
[e311 s0400/1030] loss = 0.022858
[e311 s0450/1030] loss = 0.023360
[e311 s0500/1030] loss = 0.023446
[e311 s0550/1030] loss = 0.024135
[e311 s0600/1030] loss = 0.025661
[e311 s0650/1030] loss = 0.025330
[e311 s0700/1030] loss = 0.025196
[e311 s0750/1030] loss = 0.024712
[e311 s0800/1030] loss = 0.025061
[e311 s0850/1030] loss = 0.085793
[e311 s0900/1030] loss = 0.082538
[e311 s0950/1030] loss = 0.079413
[e311 s1000/1030] loss = 0.076342
Epoch 311: train_loss = 0.074791  MAE/GAME0 = 11.458  RMSE = 32.670  GAME1 = 12.341  GAME2 = 13.224  GAME3 = 13.768  lr = 7.21e-06  time = 19.9s
[e312 s0001/1030] loss = 0.006644
[e312 s0050/1030] loss = 0.020453
[e312 s0100/1030] loss = 0.020901
[e312 s0150/1030] loss = 0.021768
[e312 s0200/1030] loss = 0.025166
[e312 s0250/1030] loss = 0.024255
[e312 s0300/1030] loss = 0.023533
[e312 s0350/1030] loss = 0.023496
[e312 s0400/1030] loss = 0.022768
[e312 s0450/1030] loss = 0.022743
[e312 s0500/1030] loss = 0.023066
[e312 s0550/1030] loss = 0.023396
[e312 s0600/1030] loss = 0.023258
[e312 s0650/1030] loss = 0.023024
[e312 s0700/1030] loss = 0.023238
[e312 s0750/1030] loss = 0.023543
[e312 s0800/1030] loss = 0.023272
[e312 s0850/1030] loss = 0.023249
[e312 s0900/1030] loss = 0.023363
[e312 s0950/1030] loss = 0.023265
[e312 s1000/1030] loss = 0.074347
Epoch 312: train_loss = 0.072827  MAE/GAME0 = 10.709  RMSE = 31.214  GAME1 = 11.708  GAME2 = 12.692  GAME3 = 13.346  lr = 7.06e-06  time = 19.8s
[e313 s0001/1030] loss = 0.071650
[e313 s0050/1030] loss = 0.039323
[e313 s0100/1030] loss = 0.029248
[e313 s0150/1030] loss = 0.026250
[e313 s0200/1030] loss = 0.025770
[e313 s0250/1030] loss = 0.025338
[e313 s0300/1030] loss = 0.024879
[e313 s0350/1030] loss = 0.024904
[e313 s0400/1030] loss = 0.025116
[e313 s0450/1030] loss = 0.024508
[e313 s0500/1030] loss = 0.125707
[e313 s0550/1030] loss = 0.115862
[e313 s0600/1030] loss = 0.107794
[e313 s0650/1030] loss = 0.101152
[e313 s0700/1030] loss = 0.095482
[e313 s0750/1030] loss = 0.090430
[e313 s0800/1030] loss = 0.085893
[e313 s0850/1030] loss = 0.082243
[e313 s0900/1030] loss = 0.078622
[e313 s0950/1030] loss = 0.075708
[e313 s1000/1030] loss = 0.073324
Epoch 313: train_loss = 0.071663  MAE/GAME0 = 11.855  RMSE = 32.348  GAME1 = 12.608  GAME2 = 13.324  GAME3 = 13.847  lr = 6.91e-06  time = 19.8s
[e314 s0001/1030] loss = 0.080725
[e314 s0050/1030] loss = 0.023909
[e314 s0100/1030] loss = 0.031344
[e314 s0150/1030] loss = 0.363514
[e314 s0200/1030] loss = 0.277433
[e314 s0250/1030] loss = 0.227900
[e314 s0300/1030] loss = 0.193101
[e314 s0350/1030] loss = 0.168901
[e314 s0400/1030] loss = 0.150179
[e314 s0450/1030] loss = 0.136113
[e314 s0500/1030] loss = 0.124532
[e314 s0550/1030] loss = 0.114994
[e314 s0600/1030] loss = 0.107733
[e314 s0650/1030] loss = 0.101344
[e314 s0700/1030] loss = 0.095887
[e314 s0750/1030] loss = 0.090836
[e314 s0800/1030] loss = 0.086282
[e314 s0850/1030] loss = 0.082707
[e314 s0900/1030] loss = 0.079436
[e314 s0950/1030] loss = 0.076470
[e314 s1000/1030] loss = 0.073264
Epoch 314: train_loss = 0.071574  MAE/GAME0 = 11.725  RMSE = 33.337  GAME1 = 12.506  GAME2 = 13.361  GAME3 = 13.910  lr = 6.76e-06  time = 19.9s
[e315 s0001/1030] loss = 0.046175
[e315 s0050/1030] loss = 0.017137
[e315 s0100/1030] loss = 0.023774
[e315 s0150/1030] loss = 0.023460
[e315 s0200/1030] loss = 0.024175
[e315 s0250/1030] loss = 0.022634
[e315 s0300/1030] loss = 0.022145
[e315 s0350/1030] loss = 0.022198
[e315 s0400/1030] loss = 0.022419
[e315 s0450/1030] loss = 0.022255
[e315 s0500/1030] loss = 0.022482
[e315 s0550/1030] loss = 0.022509
[e315 s0600/1030] loss = 0.023513
[e315 s0650/1030] loss = 0.022981
[e315 s0700/1030] loss = 0.022677
[e315 s0750/1030] loss = 0.022245
[e315 s0800/1030] loss = 0.021826
[e315 s0850/1030] loss = 0.083478
[e315 s0900/1030] loss = 0.079678
[e315 s0950/1030] loss = 0.076803
[e315 s1000/1030] loss = 0.074144
Epoch 315: train_loss = 0.072747  MAE/GAME0 = 11.201  RMSE = 30.548  GAME1 = 12.037  GAME2 = 12.913  GAME3 = 13.455  lr = 6.61e-06  time = 19.3s
[e316 s0001/1030] loss = 0.021240
[e316 s0050/1030] loss = 0.030958
[e316 s0100/1030] loss = 0.024531
[e316 s0150/1030] loss = 0.023208
[e316 s0200/1030] loss = 0.021092
[e316 s0250/1030] loss = 0.022195
[e316 s0300/1030] loss = 0.024242
[e316 s0350/1030] loss = 0.024046
[e316 s0400/1030] loss = 0.024272
[e316 s0450/1030] loss = 0.024349
[e316 s0500/1030] loss = 0.023577
[e316 s0550/1030] loss = 0.023328
[e316 s0600/1030] loss = 0.022813
[e316 s0650/1030] loss = 0.022595
[e316 s0700/1030] loss = 0.022345
[e316 s0750/1030] loss = 0.022624
[e316 s0800/1030] loss = 0.022630
[e316 s0850/1030] loss = 0.022556
[e316 s0900/1030] loss = 0.078444
[e316 s0950/1030] loss = 0.075250
[e316 s1000/1030] loss = 0.072241
Epoch 316: train_loss = 0.070561  MAE/GAME0 = 11.578  RMSE = 30.827  GAME1 = 12.397  GAME2 = 13.115  GAME3 = 13.642  lr = 6.46e-06  time = 20.0s
[e317 s0001/1030] loss = 0.006033
[e317 s0050/1030] loss = 0.021705
[e317 s0100/1030] loss = 0.020282
[e317 s0150/1030] loss = 0.020600
[e317 s0200/1030] loss = 0.021711
[e317 s0250/1030] loss = 0.021627
[e317 s0300/1030] loss = 0.022288
[e317 s0350/1030] loss = 0.021413
[e317 s0400/1030] loss = 0.021276
[e317 s0450/1030] loss = 0.020551
[e317 s0500/1030] loss = 0.020450
[e317 s0550/1030] loss = 0.020844
[e317 s0600/1030] loss = 0.020475
[e317 s0650/1030] loss = 0.020216
[e317 s0700/1030] loss = 0.019653
[e317 s0750/1030] loss = 0.019970
[e317 s0800/1030] loss = 0.020197
[e317 s0850/1030] loss = 0.020112
[e317 s0900/1030] loss = 0.020063
[e317 s0950/1030] loss = 0.072899
[e317 s1000/1030] loss = 0.070562
Epoch 317: train_loss = 0.068955  MAE/GAME0 = 11.334  RMSE = 32.638  GAME1 = 12.215  GAME2 = 13.126  GAME3 = 13.722  lr = 6.32e-06  time = 19.7s
[e318 s0001/1030] loss = 0.001345
[e318 s0050/1030] loss = 0.022623
[e318 s0100/1030] loss = 0.020362
[e318 s0150/1030] loss = 0.019620
[e318 s0200/1030] loss = 0.020059
[e318 s0250/1030] loss = 0.019676
[e318 s0300/1030] loss = 0.019615
[e318 s0350/1030] loss = 0.020009
[e318 s0400/1030] loss = 0.021176
[e318 s0450/1030] loss = 0.021868
[e318 s0500/1030] loss = 0.022243
[e318 s0550/1030] loss = 0.022011
[e318 s0600/1030] loss = 0.021508
[e318 s0650/1030] loss = 0.021004
[e318 s0700/1030] loss = 0.021019
[e318 s0750/1030] loss = 0.020645
[e318 s0800/1030] loss = 0.020229
[e318 s0850/1030] loss = 0.081146
[e318 s0900/1030] loss = 0.077792
[e318 s0950/1030] loss = 0.074614
[e318 s1000/1030] loss = 0.071921
Epoch 318: train_loss = 0.070556  MAE/GAME0 = 10.756  RMSE = 29.219  GAME1 = 11.732  GAME2 = 12.567  GAME3 = 13.141  lr = 6.18e-06  time = 19.8s
[e319 s0001/1030] loss = 0.030701
[e319 s0050/1030] loss = 0.015826
[e319 s0100/1030] loss = 0.018284
[e319 s0150/1030] loss = 0.346530
[e319 s0200/1030] loss = 0.264572
[e319 s0250/1030] loss = 0.215045
[e319 s0300/1030] loss = 0.182991
[e319 s0350/1030] loss = 0.159805
[e319 s0400/1030] loss = 0.143278
[e319 s0450/1030] loss = 0.129192
[e319 s0500/1030] loss = 0.118507
[e319 s0550/1030] loss = 0.109736
[e319 s0600/1030] loss = 0.102149
[e319 s0650/1030] loss = 0.095915
[e319 s0700/1030] loss = 0.090506
[e319 s0750/1030] loss = 0.085787
[e319 s0800/1030] loss = 0.081787
[e319 s0850/1030] loss = 0.077731
[e319 s0900/1030] loss = 0.074478
[e319 s0950/1030] loss = 0.071567
[e319 s1000/1030] loss = 0.068931
Epoch 319: train_loss = 0.067758  MAE/GAME0 = 11.451  RMSE = 30.537  GAME1 = 12.171  GAME2 = 12.975  GAME3 = 13.514  lr = 6.03e-06  time = 19.9s
[e320 s0001/1030] loss = 0.007636
[e320 s0050/1030] loss = 0.020705
[e320 s0100/1030] loss = 0.021774
[e320 s0150/1030] loss = 0.022852
[e320 s0200/1030] loss = 0.020512
[e320 s0250/1030] loss = 0.021375
[e320 s0300/1030] loss = 0.019869
[e320 s0350/1030] loss = 0.020530
[e320 s0400/1030] loss = 0.019956
[e320 s0450/1030] loss = 0.020115
[e320 s0500/1030] loss = 0.020529
[e320 s0550/1030] loss = 0.020377
[e320 s0600/1030] loss = 0.020414
[e320 s0650/1030] loss = 0.020652
[e320 s0700/1030] loss = 0.020895
[e320 s0750/1030] loss = 0.020620
[e320 s0800/1030] loss = 0.083392
[e320 s0850/1030] loss = 0.080066
[e320 s0900/1030] loss = 0.076524
[e320 s0950/1030] loss = 0.073187
[e320 s1000/1030] loss = 0.070308
Epoch 320: train_loss = 0.068830  MAE/GAME0 = 10.669  RMSE = 30.928  GAME1 = 11.608  GAME2 = 12.555  GAME3 = 13.176  lr = 5.89e-06  time = 19.6s
[e321 s0001/1030] loss = 0.001700
[e321 s0050/1030] loss = 0.020125
[e321 s0100/1030] loss = 0.019804
[e321 s0150/1030] loss = 0.019454
[e321 s0200/1030] loss = 0.019202
[e321 s0250/1030] loss = 0.019246
[e321 s0300/1030] loss = 0.018656
[e321 s0350/1030] loss = 0.019940
[e321 s0400/1030] loss = 0.019507
[e321 s0450/1030] loss = 0.018904
[e321 s0500/1030] loss = 0.118966
[e321 s0550/1030] loss = 0.110903
[e321 s0600/1030] loss = 0.102897
[e321 s0650/1030] loss = 0.095964
[e321 s0700/1030] loss = 0.090327
[e321 s0750/1030] loss = 0.085417
[e321 s0800/1030] loss = 0.081015
[e321 s0850/1030] loss = 0.077827
[e321 s0900/1030] loss = 0.074576
[e321 s0950/1030] loss = 0.071548
[e321 s1000/1030] loss = 0.069294
Epoch 321: train_loss = 0.067982  MAE/GAME0 = 12.089  RMSE = 32.531  GAME1 = 12.758  GAME2 = 13.486  GAME3 = 13.979  lr = 5.75e-06  time = 19.8s
[e322 s0001/1030] loss = 0.006288
[e322 s0050/1030] loss = 0.016047
[e322 s0100/1030] loss = 0.017083
[e322 s0150/1030] loss = 0.015719
[e322 s0200/1030] loss = 0.016878
[e322 s0250/1030] loss = 0.017914
[e322 s0300/1030] loss = 0.019335
[e322 s0350/1030] loss = 0.020461
[e322 s0400/1030] loss = 0.020047
[e322 s0450/1030] loss = 0.020435
[e322 s0500/1030] loss = 0.020397
[e322 s0550/1030] loss = 0.020311
[e322 s0600/1030] loss = 0.020344
[e322 s0650/1030] loss = 0.020152
[e322 s0700/1030] loss = 0.020391
[e322 s0750/1030] loss = 0.019932
[e322 s0800/1030] loss = 0.019858
[e322 s0850/1030] loss = 0.019742
[e322 s0900/1030] loss = 0.076480
[e322 s0950/1030] loss = 0.073119
[e322 s1000/1030] loss = 0.070592
Epoch 322: train_loss = 0.069068  MAE/GAME0 = 11.249  RMSE = 31.421  GAME1 = 12.105  GAME2 = 12.984  GAME3 = 13.538  lr = 5.62e-06  time = 19.6s
[e323 s0001/1030] loss = 0.004770
[e323 s0050/1030] loss = 0.026424
[e323 s0100/1030] loss = 0.020210
[e323 s0150/1030] loss = 0.019061
[e323 s0200/1030] loss = 0.017730
[e323 s0250/1030] loss = 0.017667
[e323 s0300/1030] loss = 0.018520
[e323 s0350/1030] loss = 0.018123
[e323 s0400/1030] loss = 0.018593
[e323 s0450/1030] loss = 0.018192
[e323 s0500/1030] loss = 0.019056
[e323 s0550/1030] loss = 0.018730
[e323 s0600/1030] loss = 0.018976
[e323 s0650/1030] loss = 0.019116
[e323 s0700/1030] loss = 0.019231
[e323 s0750/1030] loss = 0.085388
[e323 s0800/1030] loss = 0.081180
[e323 s0850/1030] loss = 0.077505
[e323 s0900/1030] loss = 0.074089
[e323 s0950/1030] loss = 0.071147
[e323 s1000/1030] loss = 0.068299
Epoch 323: train_loss = 0.066854  MAE/GAME0 = 11.696  RMSE = 32.020  GAME1 = 12.433  GAME2 = 13.238  GAME3 = 13.751  lr = 5.48e-06  time = 20.3s
[e324 s0001/1030] loss = 0.025998
[e324 s0050/1030] loss = 0.026605
[e324 s0100/1030] loss = 0.024187
[e324 s0150/1030] loss = 0.022022
[e324 s0200/1030] loss = 0.266776
[e324 s0250/1030] loss = 0.217250
[e324 s0300/1030] loss = 0.184365
[e324 s0350/1030] loss = 0.160317
[e324 s0400/1030] loss = 0.142809
[e324 s0450/1030] loss = 0.128779
[e324 s0500/1030] loss = 0.118177
[e324 s0550/1030] loss = 0.109193
[e324 s0600/1030] loss = 0.101635
[e324 s0650/1030] loss = 0.095091
[e324 s0700/1030] loss = 0.089773
[e324 s0750/1030] loss = 0.084869
[e324 s0800/1030] loss = 0.080659
[e324 s0850/1030] loss = 0.076934
[e324 s0900/1030] loss = 0.073494
[e324 s0950/1030] loss = 0.070406
[e324 s1000/1030] loss = 0.067593
Epoch 324: train_loss = 0.066380  MAE/GAME0 = 10.977  RMSE = 30.762  GAME1 = 11.918  GAME2 = 12.782  GAME3 = 13.352  lr = 5.34e-06  time = 19.4s
[e325 s0001/1030] loss = 0.067048
[e325 s0050/1030] loss = 0.021016
[e325 s0100/1030] loss = 0.020597
[e325 s0150/1030] loss = 0.022137
[e325 s0200/1030] loss = 0.267397
[e325 s0250/1030] loss = 0.216439
[e325 s0300/1030] loss = 0.183038
[e325 s0350/1030] loss = 0.159571
[e325 s0400/1030] loss = 0.142229
[e325 s0450/1030] loss = 0.128148
[e325 s0500/1030] loss = 0.117131
[e325 s0550/1030] loss = 0.108166
[e325 s0600/1030] loss = 0.100289
[e325 s0650/1030] loss = 0.094213
[e325 s0700/1030] loss = 0.088544
[e325 s0750/1030] loss = 0.083529
[e325 s0800/1030] loss = 0.079392
[e325 s0850/1030] loss = 0.076104
[e325 s0900/1030] loss = 0.072722
[e325 s0950/1030] loss = 0.069872
[e325 s1000/1030] loss = 0.066940
Epoch 325: train_loss = 0.065546  MAE/GAME0 = 12.350  RMSE = 32.790  GAME1 = 12.979  GAME2 = 13.647  GAME3 = 14.119  lr = 5.21e-06  time = 19.5s
[e326 s0001/1030] loss = 0.009133
[e326 s0050/1030] loss = 0.019735
[e326 s0100/1030] loss = 0.020920
[e326 s0150/1030] loss = 0.021222
[e326 s0200/1030] loss = 0.019531
[e326 s0250/1030] loss = 0.019007
[e326 s0300/1030] loss = 0.019189
[e326 s0350/1030] loss = 0.018517
[e326 s0400/1030] loss = 0.018137
[e326 s0450/1030] loss = 0.017952
[e326 s0500/1030] loss = 0.017394
[e326 s0550/1030] loss = 0.017079
[e326 s0600/1030] loss = 0.017403
[e326 s0650/1030] loss = 0.017306
[e326 s0700/1030] loss = 0.017443
[e326 s0750/1030] loss = 0.017332
[e326 s0800/1030] loss = 0.079529
[e326 s0850/1030] loss = 0.076184
[e326 s0900/1030] loss = 0.072568
[e326 s0950/1030] loss = 0.069557
[e326 s1000/1030] loss = 0.067272
Epoch 326: train_loss = 0.065680  MAE/GAME0 = 11.463  RMSE = 30.986  GAME1 = 12.255  GAME2 = 13.054  GAME3 = 13.575  lr = 5.08e-06  time = 19.8s
[e327 s0001/1030] loss = 0.005004
[e327 s0050/1030] loss = 0.015654
[e327 s0100/1030] loss = 0.020484
[e327 s0150/1030] loss = 0.018144
[e327 s0200/1030] loss = 0.018046
[e327 s0250/1030] loss = 0.018516
[e327 s0300/1030] loss = 0.018960
[e327 s0350/1030] loss = 0.158132
[e327 s0400/1030] loss = 0.139941
[e327 s0450/1030] loss = 0.126348
[e327 s0500/1030] loss = 0.115017
[e327 s0550/1030] loss = 0.106155
[e327 s0600/1030] loss = 0.098263
[e327 s0650/1030] loss = 0.091792
[e327 s0700/1030] loss = 0.086074
[e327 s0750/1030] loss = 0.081743
[e327 s0800/1030] loss = 0.077821
[e327 s0850/1030] loss = 0.074557
[e327 s0900/1030] loss = 0.071244
[e327 s0950/1030] loss = 0.068542
[e327 s1000/1030] loss = 0.066152
Epoch 327: train_loss = 0.064703  MAE/GAME0 = 10.763  RMSE = 30.708  GAME1 = 11.713  GAME2 = 12.657  GAME3 = 13.270  lr = 4.95e-06  time = 19.6s
[e328 s0001/1030] loss = 0.022626
[e328 s0050/1030] loss = 0.026769
[e328 s0100/1030] loss = 0.021997
[e328 s0150/1030] loss = 0.021340
[e328 s0200/1030] loss = 0.020813
[e328 s0250/1030] loss = 0.019899
[e328 s0300/1030] loss = 0.019586
[e328 s0350/1030] loss = 0.019225
[e328 s0400/1030] loss = 0.018434
[e328 s0450/1030] loss = 0.018097
[e328 s0500/1030] loss = 0.018517
[e328 s0550/1030] loss = 0.018032
[e328 s0600/1030] loss = 0.018671
[e328 s0650/1030] loss = 0.018450
[e328 s0700/1030] loss = 0.018339
[e328 s0750/1030] loss = 0.018467
[e328 s0800/1030] loss = 0.018399
[e328 s0850/1030] loss = 0.075366
[e328 s0900/1030] loss = 0.072099
[e328 s0950/1030] loss = 0.068793
[e328 s1000/1030] loss = 0.066056
Epoch 328: train_loss = 0.064424  MAE/GAME0 = 12.134  RMSE = 33.498  GAME1 = 12.845  GAME2 = 13.579  GAME3 = 14.081  lr = 4.82e-06  time = 19.8s
[e329 s0001/1030] loss = 0.000927
[e329 s0050/1030] loss = 0.015895
[e329 s0100/1030] loss = 0.015937
[e329 s0150/1030] loss = 0.347000
[e329 s0200/1030] loss = 0.264608
[e329 s0250/1030] loss = 0.213779
[e329 s0300/1030] loss = 0.181865
[e329 s0350/1030] loss = 0.158105
[e329 s0400/1030] loss = 0.140186
[e329 s0450/1030] loss = 0.126712
[e329 s0500/1030] loss = 0.116026
[e329 s0550/1030] loss = 0.107240
[e329 s0600/1030] loss = 0.099360
[e329 s0650/1030] loss = 0.093009
[e329 s0700/1030] loss = 0.087628
[e329 s0750/1030] loss = 0.083281
[e329 s0800/1030] loss = 0.079402
[e329 s0850/1030] loss = 0.075696
[e329 s0900/1030] loss = 0.072223
[e329 s0950/1030] loss = 0.069130
[e329 s1000/1030] loss = 0.066475
Epoch 329: train_loss = 0.065131  MAE/GAME0 = 12.510  RMSE = 32.612  GAME1 = 13.164  GAME2 = 13.790  GAME3 = 14.236  lr = 4.69e-06  time = 19.3s
[e330 s0001/1030] loss = 0.018667
[e330 s0050/1030] loss = 0.018954
[e330 s0100/1030] loss = 0.016050
[e330 s0150/1030] loss = 0.016676
[e330 s0200/1030] loss = 0.016935
[e330 s0250/1030] loss = 0.016971
[e330 s0300/1030] loss = 0.018318
[e330 s0350/1030] loss = 0.017664
[e330 s0400/1030] loss = 0.017696
[e330 s0450/1030] loss = 0.017229
[e330 s0500/1030] loss = 0.016877
[e330 s0550/1030] loss = 0.016889
[e330 s0600/1030] loss = 0.017059
[e330 s0650/1030] loss = 0.017062
[e330 s0700/1030] loss = 0.017201
[e330 s0750/1030] loss = 0.016988
[e330 s0800/1030] loss = 0.016674
[e330 s0850/1030] loss = 0.016771
[e330 s0900/1030] loss = 0.016554
[e330 s0950/1030] loss = 0.016309
[e330 s1000/1030] loss = 0.016776
Epoch 330: train_loss = 0.065417  MAE/GAME0 = 11.140  RMSE = 31.529  GAME1 = 11.969  GAME2 = 12.831  GAME3 = 13.412  lr = 4.57e-06  time = 19.4s
[e331 s0001/1030] loss = 0.006126
[e331 s0050/1030] loss = 0.016985
[e331 s0100/1030] loss = 0.018152
[e331 s0150/1030] loss = 0.017629
[e331 s0200/1030] loss = 0.016363
[e331 s0250/1030] loss = 0.016496
[e331 s0300/1030] loss = 0.016363
[e331 s0350/1030] loss = 0.016473
[e331 s0400/1030] loss = 0.016301
[e331 s0450/1030] loss = 0.016264
[e331 s0500/1030] loss = 0.113198
[e331 s0550/1030] loss = 0.104233
[e331 s0600/1030] loss = 0.096789
[e331 s0650/1030] loss = 0.090783
[e331 s0700/1030] loss = 0.085476
[e331 s0750/1030] loss = 0.080901
[e331 s0800/1030] loss = 0.077124
[e331 s0850/1030] loss = 0.073406
[e331 s0900/1030] loss = 0.070257
[e331 s0950/1030] loss = 0.067291
[e331 s1000/1030] loss = 0.064961
Epoch 331: train_loss = 0.063772  MAE/GAME0 = 10.821  RMSE = 32.171  GAME1 = 11.823  GAME2 = 12.791  GAME3 = 13.415  lr = 4.44e-06  time = 19.6s
[e332 s0001/1030] loss = 0.005672
[e332 s0050/1030] loss = 0.024754
[e332 s0100/1030] loss = 0.018364
[e332 s0150/1030] loss = 0.017600
[e332 s0200/1030] loss = 0.016926
[e332 s0250/1030] loss = 0.016251
[e332 s0300/1030] loss = 0.016398
[e332 s0350/1030] loss = 0.016826
[e332 s0400/1030] loss = 0.139087
[e332 s0450/1030] loss = 0.125291
[e332 s0500/1030] loss = 0.114572
[e332 s0550/1030] loss = 0.105420
[e332 s0600/1030] loss = 0.097707
[e332 s0650/1030] loss = 0.091719
[e332 s0700/1030] loss = 0.086342
[e332 s0750/1030] loss = 0.081486
[e332 s0800/1030] loss = 0.077326
[e332 s0850/1030] loss = 0.073547
[e332 s0900/1030] loss = 0.070308
[e332 s0950/1030] loss = 0.067378
[e332 s1000/1030] loss = 0.064774
Epoch 332: train_loss = 0.063365  MAE/GAME0 = 12.532  RMSE = 33.402  GAME1 = 13.151  GAME2 = 13.808  GAME3 = 14.255  lr = 4.32e-06  time = 20.5s
[e333 s0001/1030] loss = 0.012777
[e333 s0050/1030] loss = 0.018579
[e333 s0100/1030] loss = 0.014713
[e333 s0150/1030] loss = 0.014537
[e333 s0200/1030] loss = 0.014599
[e333 s0250/1030] loss = 0.016174
[e333 s0300/1030] loss = 0.015508
[e333 s0350/1030] loss = 0.015888
[e333 s0400/1030] loss = 0.015914
[e333 s0450/1030] loss = 0.016010
[e333 s0500/1030] loss = 0.016418
[e333 s0550/1030] loss = 0.016681
[e333 s0600/1030] loss = 0.016366
[e333 s0650/1030] loss = 0.016029
[e333 s0700/1030] loss = 0.016208
[e333 s0750/1030] loss = 0.082126
[e333 s0800/1030] loss = 0.077965
[e333 s0850/1030] loss = 0.074215
[e333 s0900/1030] loss = 0.070782
[e333 s0950/1030] loss = 0.068409
[e333 s1000/1030] loss = 0.065898
Epoch 333: train_loss = 0.064270  MAE/GAME0 = 13.068  RMSE = 34.071  GAME1 = 13.679  GAME2 = 14.244  GAME3 = 14.646  lr = 4.20e-06  time = 19.8s
[e334 s0001/1030] loss = 0.014258
[e334 s0050/1030] loss = 0.014613
[e334 s0100/1030] loss = 0.016048
[e334 s0150/1030] loss = 0.014579
[e334 s0200/1030] loss = 0.014214
[e334 s0250/1030] loss = 0.015389
[e334 s0300/1030] loss = 0.015604
[e334 s0350/1030] loss = 0.016090
[e334 s0400/1030] loss = 0.015769
[e334 s0450/1030] loss = 0.015762
[e334 s0500/1030] loss = 0.015560
[e334 s0550/1030] loss = 0.015605
[e334 s0600/1030] loss = 0.015508
[e334 s0650/1030] loss = 0.015686
[e334 s0700/1030] loss = 0.015839
[e334 s0750/1030] loss = 0.016245
[e334 s0800/1030] loss = 0.015976
[e334 s0850/1030] loss = 0.073904
[e334 s0900/1030] loss = 0.070465
[e334 s0950/1030] loss = 0.067424
[e334 s1000/1030] loss = 0.064808
Epoch 334: train_loss = 0.063342  MAE/GAME0 = 11.032  RMSE = 31.515  GAME1 = 11.903  GAME2 = 12.806  GAME3 = 13.396  lr = 4.08e-06  time = 20.0s
[e335 s0001/1030] loss = 0.006385
[e335 s0050/1030] loss = 0.011014
[e335 s0100/1030] loss = 0.013630
[e335 s0150/1030] loss = 0.013700
[e335 s0200/1030] loss = 0.016228
[e335 s0250/1030] loss = 0.015284
[e335 s0300/1030] loss = 0.014637
[e335 s0350/1030] loss = 0.015013
[e335 s0400/1030] loss = 0.015380
[e335 s0450/1030] loss = 0.015640
[e335 s0500/1030] loss = 0.015846
[e335 s0550/1030] loss = 0.015602
[e335 s0600/1030] loss = 0.015440
[e335 s0650/1030] loss = 0.015334
[e335 s0700/1030] loss = 0.015764
[e335 s0750/1030] loss = 0.015481
[e335 s0800/1030] loss = 0.015262
[e335 s0850/1030] loss = 0.015169
[e335 s0900/1030] loss = 0.015039
[e335 s0950/1030] loss = 0.065851
[e335 s1000/1030] loss = 0.063469
Epoch 335: train_loss = 0.062130  MAE/GAME0 = 11.454  RMSE = 30.859  GAME1 = 12.197  GAME2 = 12.968  GAME3 = 13.502  lr = 3.96e-06  time = 19.9s
[e336 s0001/1030] loss = 0.034922
[e336 s0050/1030] loss = 0.012525
[e336 s0100/1030] loss = 0.013719
[e336 s0150/1030] loss = 0.014368
[e336 s0200/1030] loss = 0.014623
[e336 s0250/1030] loss = 0.014694
[e336 s0300/1030] loss = 0.015157
[e336 s0350/1030] loss = 0.015850
[e336 s0400/1030] loss = 0.015026
[e336 s0450/1030] loss = 0.014515
[e336 s0500/1030] loss = 0.014590
[e336 s0550/1030] loss = 0.014800
[e336 s0600/1030] loss = 0.014988
[e336 s0650/1030] loss = 0.014969
[e336 s0700/1030] loss = 0.014803
[e336 s0750/1030] loss = 0.015442
[e336 s0800/1030] loss = 0.015359
[e336 s0850/1030] loss = 0.015281
[e336 s0900/1030] loss = 0.068902
[e336 s0950/1030] loss = 0.066223
[e336 s1000/1030] loss = 0.063583
Epoch 336: train_loss = 0.062202  MAE/GAME0 = 11.309  RMSE = 31.404  GAME1 = 12.166  GAME2 = 12.970  GAME3 = 13.542  lr = 3.84e-06  time = 19.5s
[e337 s0001/1030] loss = 0.015995
[e337 s0050/1030] loss = 0.013641
[e337 s0100/1030] loss = 0.014417
[e337 s0150/1030] loss = 0.015412
[e337 s0200/1030] loss = 0.014521
[e337 s0250/1030] loss = 0.014719
[e337 s0300/1030] loss = 0.014269
[e337 s0350/1030] loss = 0.014186
[e337 s0400/1030] loss = 0.014469
[e337 s0450/1030] loss = 0.014903
[e337 s0500/1030] loss = 0.014901
[e337 s0550/1030] loss = 0.014668
[e337 s0600/1030] loss = 0.014840
[e337 s0650/1030] loss = 0.014548
[e337 s0700/1030] loss = 0.014601
[e337 s0750/1030] loss = 0.078460
[e337 s0800/1030] loss = 0.074234
[e337 s0850/1030] loss = 0.070593
[e337 s0900/1030] loss = 0.067447
[e337 s0950/1030] loss = 0.064824
[e337 s1000/1030] loss = 0.062309
Epoch 337: train_loss = 0.061079  MAE/GAME0 = 12.526  RMSE = 31.470  GAME1 = 13.196  GAME2 = 13.807  GAME3 = 14.220  lr = 3.73e-06  time = 19.5s
[e338 s0001/1030] loss = 0.005411
[e338 s0050/1030] loss = 0.013733
[e338 s0100/1030] loss = 0.016792
[e338 s0150/1030] loss = 0.015612
[e338 s0200/1030] loss = 0.253637
[e338 s0250/1030] loss = 0.204892
[e338 s0300/1030] loss = 0.173460
[e338 s0350/1030] loss = 0.150974
[e338 s0400/1030] loss = 0.134074
[e338 s0450/1030] loss = 0.120661
[e338 s0500/1030] loss = 0.110200
[e338 s0550/1030] loss = 0.101432
[e338 s0600/1030] loss = 0.093957
[e338 s0650/1030] loss = 0.087893
[e338 s0700/1030] loss = 0.082775
[e338 s0750/1030] loss = 0.077971
[e338 s0800/1030] loss = 0.073854
[e338 s0850/1030] loss = 0.070489
[e338 s0900/1030] loss = 0.067426
[e338 s0950/1030] loss = 0.064659
[e338 s1000/1030] loss = 0.062021
Epoch 338: train_loss = 0.060555  MAE/GAME0 = 12.622  RMSE = 33.495  GAME1 = 13.269  GAME2 = 13.909  GAME3 = 14.343  lr = 3.62e-06  time = 19.8s
[e339 s0001/1030] loss = 0.013321
[e339 s0050/1030] loss = 0.011990
[e339 s0100/1030] loss = 0.012715
[e339 s0150/1030] loss = 0.012055
[e339 s0200/1030] loss = 0.012810
[e339 s0250/1030] loss = 0.013387
[e339 s0300/1030] loss = 0.014155
[e339 s0350/1030] loss = 0.014014
[e339 s0400/1030] loss = 0.132436
[e339 s0450/1030] loss = 0.118920
[e339 s0500/1030] loss = 0.108628
[e339 s0550/1030] loss = 0.100302
[e339 s0600/1030] loss = 0.092877
[e339 s0650/1030] loss = 0.086920
[e339 s0700/1030] loss = 0.081738
[e339 s0750/1030] loss = 0.077365
[e339 s0800/1030] loss = 0.073477
[e339 s0850/1030] loss = 0.070003
[e339 s0900/1030] loss = 0.066847
[e339 s0950/1030] loss = 0.064192
[e339 s1000/1030] loss = 0.061713
Epoch 339: train_loss = 0.060309  MAE/GAME0 = 12.334  RMSE = 32.248  GAME1 = 13.053  GAME2 = 13.733  GAME3 = 14.194  lr = 3.51e-06  time = 19.9s
[e340 s0001/1030] loss = 0.001923
[e340 s0050/1030] loss = 0.011151
[e340 s0100/1030] loss = 0.011546
[e340 s0150/1030] loss = 0.011126
[e340 s0200/1030] loss = 0.011439
[e340 s0250/1030] loss = 0.012929
[e340 s0300/1030] loss = 0.012710
[e340 s0350/1030] loss = 0.013224
[e340 s0400/1030] loss = 0.014151
[e340 s0450/1030] loss = 0.014478
[e340 s0500/1030] loss = 0.014243
[e340 s0550/1030] loss = 0.014223
[e340 s0600/1030] loss = 0.014135
[e340 s0650/1030] loss = 0.013817
[e340 s0700/1030] loss = 0.013885
[e340 s0750/1030] loss = 0.013809
[e340 s0800/1030] loss = 0.013640
[e340 s0850/1030] loss = 0.013549
[e340 s0900/1030] loss = 0.067360
[e340 s0950/1030] loss = 0.064489
[e340 s1000/1030] loss = 0.062053
Epoch 340: train_loss = 0.060590  MAE/GAME0 = 10.824  RMSE = 32.398  GAME1 = 11.880  GAME2 = 12.871  GAME3 = 13.542  lr = 3.40e-06  time = 19.6s
[e341 s0001/1030] loss = 0.007310
[e341 s0050/1030] loss = 0.011666
[e341 s0100/1030] loss = 0.012366
[e341 s0150/1030] loss = 0.015065
[e341 s0200/1030] loss = 0.013923
[e341 s0250/1030] loss = 0.013450
[e341 s0300/1030] loss = 0.013412
[e341 s0350/1030] loss = 0.150242
[e341 s0400/1030] loss = 0.133336
[e341 s0450/1030] loss = 0.119784
[e341 s0500/1030] loss = 0.109330
[e341 s0550/1030] loss = 0.100516
[e341 s0600/1030] loss = 0.093427
[e341 s0650/1030] loss = 0.087127
[e341 s0700/1030] loss = 0.081663
[e341 s0750/1030] loss = 0.077314
[e341 s0800/1030] loss = 0.073289
[e341 s0850/1030] loss = 0.069929
[e341 s0900/1030] loss = 0.066661
[e341 s0950/1030] loss = 0.063745
[e341 s1000/1030] loss = 0.061157
Epoch 341: train_loss = 0.059648  MAE/GAME0 = 10.631  RMSE = 30.408  GAME1 = 11.558  GAME2 = 12.529  GAME3 = 13.145  lr = 3.29e-06  time = 19.5s
[e342 s0001/1030] loss = 0.008683
[e342 s0050/1030] loss = 0.008681
[e342 s0100/1030] loss = 0.011434
[e342 s0150/1030] loss = 0.011758
[e342 s0200/1030] loss = 0.011665
[e342 s0250/1030] loss = 0.012437
[e342 s0300/1030] loss = 0.012276
[e342 s0350/1030] loss = 0.012468
[e342 s0400/1030] loss = 0.012690
[e342 s0450/1030] loss = 0.012447
[e342 s0500/1030] loss = 0.108106
[e342 s0550/1030] loss = 0.099533
[e342 s0600/1030] loss = 0.092256
[e342 s0650/1030] loss = 0.086197
[e342 s0700/1030] loss = 0.080807
[e342 s0750/1030] loss = 0.076467
[e342 s0800/1030] loss = 0.072427
[e342 s0850/1030] loss = 0.068987
[e342 s0900/1030] loss = 0.066060
[e342 s0950/1030] loss = 0.063176
[e342 s1000/1030] loss = 0.060790
Epoch 342: train_loss = 0.059296  MAE/GAME0 = 11.007  RMSE = 32.157  GAME1 = 11.918  GAME2 = 12.859  GAME3 = 13.455  lr = 3.18e-06  time = 19.5s
[e343 s0001/1030] loss = 0.005182
[e343 s0050/1030] loss = 0.012523
[e343 s0100/1030] loss = 0.011870
[e343 s0150/1030] loss = 0.330666
[e343 s0200/1030] loss = 0.251935
[e343 s0250/1030] loss = 0.203313
[e343 s0300/1030] loss = 0.171422
[e343 s0350/1030] loss = 0.148500
[e343 s0400/1030] loss = 0.131489
[e343 s0450/1030] loss = 0.118205
[e343 s0500/1030] loss = 0.108347
[e343 s0550/1030] loss = 0.099341
[e343 s0600/1030] loss = 0.091998
[e343 s0650/1030] loss = 0.085903
[e343 s0700/1030] loss = 0.080474
[e343 s0750/1030] loss = 0.076334
[e343 s0800/1030] loss = 0.072096
[e343 s0850/1030] loss = 0.068982
[e343 s0900/1030] loss = 0.065863
[e343 s0950/1030] loss = 0.063040
[e343 s1000/1030] loss = 0.060447
Epoch 343: train_loss = 0.058965  MAE/GAME0 = 11.544  RMSE = 31.406  GAME1 = 12.212  GAME2 = 12.981  GAME3 = 13.502  lr = 3.08e-06  time = 19.8s
[e344 s0001/1030] loss = 0.009947
[e344 s0050/1030] loss = 0.019279
[e344 s0100/1030] loss = 0.015673
[e344 s0150/1030] loss = 0.014171
[e344 s0200/1030] loss = 0.252785
[e344 s0250/1030] loss = 0.204530
[e344 s0300/1030] loss = 0.172361
[e344 s0350/1030] loss = 0.149260
[e344 s0400/1030] loss = 0.132438
[e344 s0450/1030] loss = 0.118945
[e344 s0500/1030] loss = 0.108160
[e344 s0550/1030] loss = 0.099770
[e344 s0600/1030] loss = 0.092357
[e344 s0650/1030] loss = 0.086138
[e344 s0700/1030] loss = 0.080670
[e344 s0750/1030] loss = 0.076159
[e344 s0800/1030] loss = 0.072328
[e344 s0850/1030] loss = 0.068768
[e344 s0900/1030] loss = 0.066003
[e344 s0950/1030] loss = 0.063113
[e344 s1000/1030] loss = 0.060645
Epoch 344: train_loss = 0.059098  MAE/GAME0 = 11.728  RMSE = 32.496  GAME1 = 12.499  GAME2 = 13.285  GAME3 = 13.802  lr = 2.97e-06  time = 19.7s
[e345 s0001/1030] loss = 0.002304
[e345 s0050/1030] loss = 0.011026
[e345 s0100/1030] loss = 0.488418
[e345 s0150/1030] loss = 0.330731
[e345 s0200/1030] loss = 0.250388
[e345 s0250/1030] loss = 0.203123
[e345 s0300/1030] loss = 0.170871
[e345 s0350/1030] loss = 0.148112
[e345 s0400/1030] loss = 0.132284
[e345 s0450/1030] loss = 0.119039
[e345 s0500/1030] loss = 0.108797
[e345 s0550/1030] loss = 0.099868
[e345 s0600/1030] loss = 0.092534
[e345 s0650/1030] loss = 0.086403
[e345 s0700/1030] loss = 0.081171
[e345 s0750/1030] loss = 0.076476
[e345 s0800/1030] loss = 0.072318
[e345 s0850/1030] loss = 0.068675
[e345 s0900/1030] loss = 0.065662
[e345 s0950/1030] loss = 0.062767
[e345 s1000/1030] loss = 0.060040
Epoch 345: train_loss = 0.058590  MAE/GAME0 = 11.867  RMSE = 32.820  GAME1 = 12.590  GAME2 = 13.384  GAME3 = 13.877  lr = 2.87e-06  time = 19.5s
[e346 s0001/1030] loss = 0.017133
[e346 s0050/1030] loss = 0.013976
[e346 s0100/1030] loss = 0.012735
[e346 s0150/1030] loss = 0.012330
[e346 s0200/1030] loss = 0.011647
[e346 s0250/1030] loss = 0.012628
[e346 s0300/1030] loss = 0.013280
[e346 s0350/1030] loss = 0.012700
[e346 s0400/1030] loss = 0.012644
[e346 s0450/1030] loss = 0.012507
[e346 s0500/1030] loss = 0.107474
[e346 s0550/1030] loss = 0.099037
[e346 s0600/1030] loss = 0.091731
[e346 s0650/1030] loss = 0.085726
[e346 s0700/1030] loss = 0.080669
[e346 s0750/1030] loss = 0.075876
[e346 s0800/1030] loss = 0.071746
[e346 s0850/1030] loss = 0.068229
[e346 s0900/1030] loss = 0.065427
[e346 s0950/1030] loss = 0.062547
[e346 s1000/1030] loss = 0.059926
Epoch 346: train_loss = 0.058470  MAE/GAME0 = 12.946  RMSE = 33.931  GAME1 = 13.538  GAME2 = 14.150  GAME3 = 14.556  lr = 2.77e-06  time = 19.7s
[e347 s0001/1030] loss = 0.009751
[e347 s0050/1030] loss = 0.013068
[e347 s0100/1030] loss = 0.015851
[e347 s0150/1030] loss = 0.014801
[e347 s0200/1030] loss = 0.014998
[e347 s0250/1030] loss = 0.014030
[e347 s0300/1030] loss = 0.013487
[e347 s0350/1030] loss = 0.013747
[e347 s0400/1030] loss = 0.013579
[e347 s0450/1030] loss = 0.013722
[e347 s0500/1030] loss = 0.013606
[e347 s0550/1030] loss = 0.013685
[e347 s0600/1030] loss = 0.013234
[e347 s0650/1030] loss = 0.013200
[e347 s0700/1030] loss = 0.013433
[e347 s0750/1030] loss = 0.013226
[e347 s0800/1030] loss = 0.071922
[e347 s0850/1030] loss = 0.068432
[e347 s0900/1030] loss = 0.065181
[e347 s0950/1030] loss = 0.062280
[e347 s1000/1030] loss = 0.059638
Epoch 347: train_loss = 0.058142  MAE/GAME0 = 11.962  RMSE = 31.772  GAME1 = 12.730  GAME2 = 13.409  GAME3 = 13.889  lr = 2.67e-06  time = 19.6s
[e348 s0001/1030] loss = 0.004936
[e348 s0050/1030] loss = 0.007914
[e348 s0100/1030] loss = 0.009572
[e348 s0150/1030] loss = 0.320670
[e348 s0200/1030] loss = 0.242983
[e348 s0250/1030] loss = 0.196977
[e348 s0300/1030] loss = 0.166494
[e348 s0350/1030] loss = 0.144779
[e348 s0400/1030] loss = 0.128111
[e348 s0450/1030] loss = 0.115171
[e348 s0500/1030] loss = 0.104775
[e348 s0550/1030] loss = 0.096399
[e348 s0600/1030] loss = 0.089402
[e348 s0650/1030] loss = 0.083554
[e348 s0700/1030] loss = 0.078420
[e348 s0750/1030] loss = 0.074028
[e348 s0800/1030] loss = 0.070011
[e348 s0850/1030] loss = 0.066577
[e348 s0900/1030] loss = 0.063639
[e348 s0950/1030] loss = 0.060936
[e348 s1000/1030] loss = 0.058492
Epoch 348: train_loss = 0.057133  MAE/GAME0 = 11.277  RMSE = 33.363  GAME1 = 12.202  GAME2 = 13.157  GAME3 = 13.768  lr = 2.58e-06  time = 19.8s
[e349 s0001/1030] loss = 0.003664
[e349 s0050/1030] loss = 0.009758
[e349 s0100/1030] loss = 0.010174
[e349 s0150/1030] loss = 0.010762
[e349 s0200/1030] loss = 0.010375
[e349 s0250/1030] loss = 0.010234
[e349 s0300/1030] loss = 0.166768
[e349 s0350/1030] loss = 0.144024
[e349 s0400/1030] loss = 0.128331
[e349 s0450/1030] loss = 0.115036
[e349 s0500/1030] loss = 0.105054
[e349 s0550/1030] loss = 0.096240
[e349 s0600/1030] loss = 0.089555
[e349 s0650/1030] loss = 0.083584
[e349 s0700/1030] loss = 0.078590
[e349 s0750/1030] loss = 0.074136
[e349 s0800/1030] loss = 0.070575
[e349 s0850/1030] loss = 0.066951
[e349 s0900/1030] loss = 0.063995
[e349 s0950/1030] loss = 0.061219
[e349 s1000/1030] loss = 0.058712
Epoch 349: train_loss = 0.057326  MAE/GAME0 = 12.134  RMSE = 33.749  GAME1 = 13.079  GAME2 = 13.823  GAME3 = 14.356  lr = 2.48e-06  time = 19.9s
[e350 s0001/1030] loss = 0.031607
[e350 s0050/1030] loss = 0.009506
[e350 s0100/1030] loss = 0.011594
[e350 s0150/1030] loss = 0.012217
[e350 s0200/1030] loss = 0.011397
[e350 s0250/1030] loss = 0.011842
[e350 s0300/1030] loss = 0.012104
[e350 s0350/1030] loss = 0.011551
[e350 s0400/1030] loss = 0.010952
[e350 s0450/1030] loss = 0.011161
[e350 s0500/1030] loss = 0.104255
[e350 s0550/1030] loss = 0.095878
[e350 s0600/1030] loss = 0.088500
[e350 s0650/1030] loss = 0.082576
[e350 s0700/1030] loss = 0.077386
[e350 s0750/1030] loss = 0.073239
[e350 s0800/1030] loss = 0.069468
[e350 s0850/1030] loss = 0.066239
[e350 s0900/1030] loss = 0.063287
[e350 s0950/1030] loss = 0.060585
[e350 s1000/1030] loss = 0.058043
Epoch 350: train_loss = 0.056719  MAE/GAME0 = 13.385  RMSE = 32.703  GAME1 = 13.992  GAME2 = 14.543  GAME3 = 14.907  lr = 2.39e-06  time = 19.7s
[e351 s0001/1030] loss = 0.001569
[e351 s0050/1030] loss = 0.009375
[e351 s0100/1030] loss = 0.012474
[e351 s0150/1030] loss = 0.011667
[e351 s0200/1030] loss = 0.011497
[e351 s0250/1030] loss = 0.010764
[e351 s0300/1030] loss = 0.010692
[e351 s0350/1030] loss = 0.010699
[e351 s0400/1030] loss = 0.011288
[e351 s0450/1030] loss = 0.011305
[e351 s0500/1030] loss = 0.011320
[e351 s0550/1030] loss = 0.011228
[e351 s0600/1030] loss = 0.011510
[e351 s0650/1030] loss = 0.083056
[e351 s0700/1030] loss = 0.077756
[e351 s0750/1030] loss = 0.073338
[e351 s0800/1030] loss = 0.069380
[e351 s0850/1030] loss = 0.066005
[e351 s0900/1030] loss = 0.063184
[e351 s0950/1030] loss = 0.060339
[e351 s1000/1030] loss = 0.057797
Epoch 351: train_loss = 0.056444  MAE/GAME0 = 11.357  RMSE = 32.176  GAME1 = 12.135  GAME2 = 12.974  GAME3 = 13.544  lr = 2.30e-06  time = 19.4s
[e352 s0001/1030] loss = 0.014140
[e352 s0050/1030] loss = 0.014911
[e352 s0100/1030] loss = 0.013631
[e352 s0150/1030] loss = 0.012261
[e352 s0200/1030] loss = 0.012331
[e352 s0250/1030] loss = 0.012120
[e352 s0300/1030] loss = 0.169184
[e352 s0350/1030] loss = 0.146863
[e352 s0400/1030] loss = 0.129797
[e352 s0450/1030] loss = 0.116406
[e352 s0500/1030] loss = 0.105689
[e352 s0550/1030] loss = 0.097171
[e352 s0600/1030] loss = 0.090519
[e352 s0650/1030] loss = 0.084356
[e352 s0700/1030] loss = 0.079195
[e352 s0750/1030] loss = 0.074437
[e352 s0800/1030] loss = 0.070375
[e352 s0850/1030] loss = 0.066772
[e352 s0900/1030] loss = 0.063636
[e352 s0950/1030] loss = 0.060839
[e352 s1000/1030] loss = 0.058348
Epoch 352: train_loss = 0.057020  MAE/GAME0 = 10.834  RMSE = 31.353  GAME1 = 11.730  GAME2 = 12.678  GAME3 = 13.292  lr = 2.21e-06  time = 19.3s
[e353 s0001/1030] loss = 0.033558
[e353 s0050/1030] loss = 0.013194
[e353 s0100/1030] loss = 0.012360
[e353 s0150/1030] loss = 0.011558
[e353 s0200/1030] loss = 0.011088
[e353 s0250/1030] loss = 0.011080
[e353 s0300/1030] loss = 0.011461
[e353 s0350/1030] loss = 0.012149
[e353 s0400/1030] loss = 0.012081
[e353 s0450/1030] loss = 0.011649
[e353 s0500/1030] loss = 0.011557
[e353 s0550/1030] loss = 0.011686
[e353 s0600/1030] loss = 0.011454
[e353 s0650/1030] loss = 0.011549
[e353 s0700/1030] loss = 0.011247
[e353 s0750/1030] loss = 0.011281
[e353 s0800/1030] loss = 0.069494
[e353 s0850/1030] loss = 0.066080
[e353 s0900/1030] loss = 0.063110
[e353 s0950/1030] loss = 0.060229
[e353 s1000/1030] loss = 0.057790
Epoch 353: train_loss = 0.056446  MAE/GAME0 = 11.797  RMSE = 33.783  GAME1 = 12.590  GAME2 = 13.431  GAME3 = 13.988  lr = 2.12e-06  time = 19.7s
[e354 s0001/1030] loss = 0.028782
[e354 s0050/1030] loss = 0.008713
[e354 s0100/1030] loss = 0.012314
[e354 s0150/1030] loss = 0.013256
[e354 s0200/1030] loss = 0.012181
[e354 s0250/1030] loss = 0.011373
[e354 s0300/1030] loss = 0.165709
[e354 s0350/1030] loss = 0.143316
[e354 s0400/1030] loss = 0.126473
[e354 s0450/1030] loss = 0.114250
[e354 s0500/1030] loss = 0.104050
[e354 s0550/1030] loss = 0.095565
[e354 s0600/1030] loss = 0.088291
[e354 s0650/1030] loss = 0.082390
[e354 s0700/1030] loss = 0.077204
[e354 s0750/1030] loss = 0.072912
[e354 s0800/1030] loss = 0.069236
[e354 s0850/1030] loss = 0.065959
[e354 s0900/1030] loss = 0.062876
[e354 s0950/1030] loss = 0.060134
[e354 s1000/1030] loss = 0.057669
Epoch 354: train_loss = 0.056153  MAE/GAME0 = 12.643  RMSE = 35.601  GAME1 = 13.342  GAME2 = 14.136  GAME3 = 14.647  lr = 2.04e-06  time = 19.7s
[e355 s0001/1030] loss = 0.002758
[e355 s0050/1030] loss = 0.008915
[e355 s0100/1030] loss = 0.008618
[e355 s0150/1030] loss = 0.010912
[e355 s0200/1030] loss = 0.011065
[e355 s0250/1030] loss = 0.010985
[e355 s0300/1030] loss = 0.010621
[e355 s0350/1030] loss = 0.010577
[e355 s0400/1030] loss = 0.010677
[e355 s0450/1030] loss = 0.010762
[e355 s0500/1030] loss = 0.010861
[e355 s0550/1030] loss = 0.010545
[e355 s0600/1030] loss = 0.010351
[e355 s0650/1030] loss = 0.010354
[e355 s0700/1030] loss = 0.010246
[e355 s0750/1030] loss = 0.010045
[e355 s0800/1030] loss = 0.010158
[e355 s0850/1030] loss = 0.010498
[e355 s0900/1030] loss = 0.010503
[e355 s0950/1030] loss = 0.059404
[e355 s1000/1030] loss = 0.056891
Epoch 355: train_loss = 0.055720  MAE/GAME0 = 10.941  RMSE = 30.113  GAME1 = 11.966  GAME2 = 12.774  GAME3 = 13.345  lr = 1.95e-06  time = 19.6s
[e356 s0001/1030] loss = 0.015878
[e356 s0050/1030] loss = 0.009773
[e356 s0100/1030] loss = 0.011424
[e356 s0150/1030] loss = 0.011642
[e356 s0200/1030] loss = 0.011528
[e356 s0250/1030] loss = 0.010666
[e356 s0300/1030] loss = 0.011232
[e356 s0350/1030] loss = 0.011173
[e356 s0400/1030] loss = 0.010794
[e356 s0450/1030] loss = 0.010805
[e356 s0500/1030] loss = 0.011013
[e356 s0550/1030] loss = 0.010906
[e356 s0600/1030] loss = 0.087714
[e356 s0650/1030] loss = 0.081859
[e356 s0700/1030] loss = 0.076426
[e356 s0750/1030] loss = 0.071976
[e356 s0800/1030] loss = 0.068362
[e356 s0850/1030] loss = 0.064872
[e356 s0900/1030] loss = 0.061982
[e356 s0950/1030] loss = 0.059182
[e356 s1000/1030] loss = 0.056577
Epoch 356: train_loss = 0.055202  MAE/GAME0 = 11.469  RMSE = 31.670  GAME1 = 12.329  GAME2 = 13.133  GAME3 = 13.674  lr = 1.87e-06  time = 19.4s
[e357 s0001/1030] loss = 0.044715
[e357 s0050/1030] loss = 0.013264
[e357 s0100/1030] loss = 0.011791
[e357 s0150/1030] loss = 0.010430
[e357 s0200/1030] loss = 0.010315
[e357 s0250/1030] loss = 0.011601
[e357 s0300/1030] loss = 0.011454
[e357 s0350/1030] loss = 0.011482
[e357 s0400/1030] loss = 0.011816
[e357 s0450/1030] loss = 0.011425
[e357 s0500/1030] loss = 0.011357
[e357 s0550/1030] loss = 0.011586
[e357 s0600/1030] loss = 0.088123
[e357 s0650/1030] loss = 0.082159
[e357 s0700/1030] loss = 0.076888
[e357 s0750/1030] loss = 0.072322
[e357 s0800/1030] loss = 0.068219
[e357 s0850/1030] loss = 0.064813
[e357 s0900/1030] loss = 0.061916
[e357 s0950/1030] loss = 0.059039
[e357 s1000/1030] loss = 0.056691
Epoch 357: train_loss = 0.055356  MAE/GAME0 = 11.248  RMSE = 31.591  GAME1 = 12.131  GAME2 = 12.974  GAME3 = 13.543  lr = 1.79e-06  time = 19.7s
[e358 s0001/1030] loss = 0.002555
[e358 s0050/1030] loss = 0.007263
[e358 s0100/1030] loss = 0.469145
[e358 s0150/1030] loss = 0.316769
[e358 s0200/1030] loss = 0.240282
[e358 s0250/1030] loss = 0.194181
[e358 s0300/1030] loss = 0.164254
[e358 s0350/1030] loss = 0.142376
[e358 s0400/1030] loss = 0.125663
[e358 s0450/1030] loss = 0.112739
[e358 s0500/1030] loss = 0.102498
[e358 s0550/1030] loss = 0.094250
[e358 s0600/1030] loss = 0.087163
[e358 s0650/1030] loss = 0.081551
[e358 s0700/1030] loss = 0.076383
[e358 s0750/1030] loss = 0.071908
[e358 s0800/1030] loss = 0.067940
[e358 s0850/1030] loss = 0.064524
[e358 s0900/1030] loss = 0.061498
[e358 s0950/1030] loss = 0.058710
[e358 s1000/1030] loss = 0.056206
Epoch 358: train_loss = 0.054898  MAE/GAME0 = 11.649  RMSE = 33.341  GAME1 = 12.419  GAME2 = 13.243  GAME3 = 13.805  lr = 1.71e-06  time = 19.5s
[e359 s0001/1030] loss = 0.005968
[e359 s0050/1030] loss = 0.009919
[e359 s0100/1030] loss = 0.010598
[e359 s0150/1030] loss = 0.011050
[e359 s0200/1030] loss = 0.010611
[e359 s0250/1030] loss = 0.010413
[e359 s0300/1030] loss = 0.009816
[e359 s0350/1030] loss = 0.009715
[e359 s0400/1030] loss = 0.010062
[e359 s0450/1030] loss = 0.009917
[e359 s0500/1030] loss = 0.010073
[e359 s0550/1030] loss = 0.010162
[e359 s0600/1030] loss = 0.010156
[e359 s0650/1030] loss = 0.009969
[e359 s0700/1030] loss = 0.009845
[e359 s0750/1030] loss = 0.009700
[e359 s0800/1030] loss = 0.009816
[e359 s0850/1030] loss = 0.064449
[e359 s0900/1030] loss = 0.061465
[e359 s0950/1030] loss = 0.058675
[e359 s1000/1030] loss = 0.056165
Epoch 359: train_loss = 0.054861  MAE/GAME0 = 11.746  RMSE = 34.496  GAME1 = 12.588  GAME2 = 13.469  GAME3 = 14.058  lr = 1.63e-06  time = 19.9s
[e360 s0001/1030] loss = 0.013244
[e360 s0050/1030] loss = 0.012337
[e360 s0100/1030] loss = 0.010677
[e360 s0150/1030] loss = 0.011744
[e360 s0200/1030] loss = 0.011261
[e360 s0250/1030] loss = 0.010598
[e360 s0300/1030] loss = 0.010392
[e360 s0350/1030] loss = 0.142154
[e360 s0400/1030] loss = 0.125497
[e360 s0450/1030] loss = 0.112425
[e360 s0500/1030] loss = 0.101955
[e360 s0550/1030] loss = 0.093653
[e360 s0600/1030] loss = 0.086429
[e360 s0650/1030] loss = 0.080429
[e360 s0700/1030] loss = 0.075247
[e360 s0750/1030] loss = 0.070890
[e360 s0800/1030] loss = 0.067018
[e360 s0850/1030] loss = 0.063790
[e360 s0900/1030] loss = 0.060761
[e360 s0950/1030] loss = 0.058117
[e360 s1000/1030] loss = 0.055735
Epoch 360: train_loss = 0.054518  MAE/GAME0 = 11.694  RMSE = 32.268  GAME1 = 12.403  GAME2 = 13.175  GAME3 = 13.693  lr = 1.56e-06  time = 19.4s
[e361 s0001/1030] loss = 0.004333
[e361 s0050/1030] loss = 0.009597
[e361 s0100/1030] loss = 0.009173
[e361 s0150/1030] loss = 0.009331
[e361 s0200/1030] loss = 0.010019
[e361 s0250/1030] loss = 0.009652
[e361 s0300/1030] loss = 0.009985
[e361 s0350/1030] loss = 0.009833
[e361 s0400/1030] loss = 0.009883
[e361 s0450/1030] loss = 0.010045
[e361 s0500/1030] loss = 0.009979
[e361 s0550/1030] loss = 0.009659
[e361 s0600/1030] loss = 0.009691
[e361 s0650/1030] loss = 0.009743
[e361 s0700/1030] loss = 0.075676
[e361 s0750/1030] loss = 0.071205
[e361 s0800/1030] loss = 0.067290
[e361 s0850/1030] loss = 0.063901
[e361 s0900/1030] loss = 0.060890
[e361 s0950/1030] loss = 0.058115
[e361 s1000/1030] loss = 0.055707
Epoch 361: train_loss = 0.054454  MAE/GAME0 = 12.796  RMSE = 33.104  GAME1 = 13.390  GAME2 = 13.987  GAME3 = 14.382  lr = 1.48e-06  time = 19.9s
[e362 s0001/1030] loss = 0.005376
[e362 s0050/1030] loss = 0.009289
[e362 s0100/1030] loss = 0.468973
[e362 s0150/1030] loss = 0.316353
[e362 s0200/1030] loss = 0.239686
[e362 s0250/1030] loss = 0.193796
[e362 s0300/1030] loss = 0.163364
[e362 s0350/1030] loss = 0.142137
[e362 s0400/1030] loss = 0.125369
[e362 s0450/1030] loss = 0.112447
[e362 s0500/1030] loss = 0.102244
[e362 s0550/1030] loss = 0.093831
[e362 s0600/1030] loss = 0.086618
[e362 s0650/1030] loss = 0.080572
[e362 s0700/1030] loss = 0.075423
[e362 s0750/1030] loss = 0.071171
[e362 s0800/1030] loss = 0.067258
[e362 s0850/1030] loss = 0.063863
[e362 s0900/1030] loss = 0.060667
[e362 s0950/1030] loss = 0.058006
[e362 s1000/1030] loss = 0.055841
Epoch 362: train_loss = 0.054366  MAE/GAME0 = 12.102  RMSE = 33.087  GAME1 = 12.767  GAME2 = 13.484  GAME3 = 13.973  lr = 1.41e-06  time = 19.3s
[e363 s0001/1030] loss = 0.003055
[e363 s0050/1030] loss = 0.011497
[e363 s0100/1030] loss = 0.010955
[e363 s0150/1030] loss = 0.011586
[e363 s0200/1030] loss = 0.011310
[e363 s0250/1030] loss = 0.010986
[e363 s0300/1030] loss = 0.010559
[e363 s0350/1030] loss = 0.010541
[e363 s0400/1030] loss = 0.010141
[e363 s0450/1030] loss = 0.010033
[e363 s0500/1030] loss = 0.009883
[e363 s0550/1030] loss = 0.009631
[e363 s0600/1030] loss = 0.009495
[e363 s0650/1030] loss = 0.009457
[e363 s0700/1030] loss = 0.009537
[e363 s0750/1030] loss = 0.009459
[e363 s0800/1030] loss = 0.009546
[e363 s0850/1030] loss = 0.009348
[e363 s0900/1030] loss = 0.060499
[e363 s0950/1030] loss = 0.057806
[e363 s1000/1030] loss = 0.055312
Epoch 363: train_loss = 0.053924  MAE/GAME0 = 11.452  RMSE = 32.246  GAME1 = 12.339  GAME2 = 13.144  GAME3 = 13.684  lr = 1.34e-06  time = 19.9s
[e364 s0001/1030] loss = 0.008887
[e364 s0050/1030] loss = 0.008678
[e364 s0100/1030] loss = 0.008849
[e364 s0150/1030] loss = 0.009725
[e364 s0200/1030] loss = 0.009399
[e364 s0250/1030] loss = 0.009160
[e364 s0300/1030] loss = 0.009116
[e364 s0350/1030] loss = 0.009398
[e364 s0400/1030] loss = 0.009093
[e364 s0450/1030] loss = 0.009363
[e364 s0500/1030] loss = 0.009656
[e364 s0550/1030] loss = 0.009305
[e364 s0600/1030] loss = 0.009348
[e364 s0650/1030] loss = 0.009454
[e364 s0700/1030] loss = 0.009296
[e364 s0750/1030] loss = 0.009244
[e364 s0800/1030] loss = 0.009173
[e364 s0850/1030] loss = 0.009256
[e364 s0900/1030] loss = 0.009205
[e364 s0950/1030] loss = 0.009383
[e364 s1000/1030] loss = 0.055394
Epoch 364: train_loss = 0.053922  MAE/GAME0 = 12.563  RMSE = 33.020  GAME1 = 13.303  GAME2 = 13.948  GAME3 = 14.364  lr = 1.27e-06  time = 19.7s
[e365 s0001/1030] loss = 0.008365
[e365 s0050/1030] loss = 0.008316
[e365 s0100/1030] loss = 0.009330
[e365 s0150/1030] loss = 0.010158
[e365 s0200/1030] loss = 0.010091
[e365 s0250/1030] loss = 0.009474
[e365 s0300/1030] loss = 0.009227
[e365 s0350/1030] loss = 0.008877
[e365 s0400/1030] loss = 0.009127
[e365 s0450/1030] loss = 0.009199
[e365 s0500/1030] loss = 0.009205
[e365 s0550/1030] loss = 0.009129
[e365 s0600/1030] loss = 0.009021
[e365 s0650/1030] loss = 0.008915
[e365 s0700/1030] loss = 0.008823
[e365 s0750/1030] loss = 0.009064
[e365 s0800/1030] loss = 0.008976
[e365 s0850/1030] loss = 0.062836
[e365 s0900/1030] loss = 0.059938
[e365 s0950/1030] loss = 0.057307
[e365 s1000/1030] loss = 0.054828
Epoch 365: train_loss = 0.053530  MAE/GAME0 = 11.599  RMSE = 32.218  GAME1 = 12.317  GAME2 = 13.100  GAME3 = 13.656  lr = 1.21e-06  time = 19.7s
[e366 s0001/1030] loss = 0.005284
[e366 s0050/1030] loss = 0.009136
[e366 s0100/1030] loss = 0.007563
[e366 s0150/1030] loss = 0.007841
[e366 s0200/1030] loss = 0.007645
[e366 s0250/1030] loss = 0.007594
[e366 s0300/1030] loss = 0.160046
[e366 s0350/1030] loss = 0.139179
[e366 s0400/1030] loss = 0.122745
[e366 s0450/1030] loss = 0.110206
[e366 s0500/1030] loss = 0.100047
[e366 s0550/1030] loss = 0.091488
[e366 s0600/1030] loss = 0.084834
[e366 s0650/1030] loss = 0.079133
[e366 s0700/1030] loss = 0.073988
[e366 s0750/1030] loss = 0.069596
[e366 s0800/1030] loss = 0.066074
[e366 s0850/1030] loss = 0.062796
[e366 s0900/1030] loss = 0.059797
[e366 s0950/1030] loss = 0.057110
[e366 s1000/1030] loss = 0.054596
Epoch 366: train_loss = 0.053232  MAE/GAME0 = 13.216  RMSE = 33.062  GAME1 = 13.707  GAME2 = 14.241  GAME3 = 14.602  lr = 1.14e-06  time = 20.0s
[e367 s0001/1030] loss = 0.009467
[e367 s0050/1030] loss = 0.008520
[e367 s0100/1030] loss = 0.008792
[e367 s0150/1030] loss = 0.008912
[e367 s0200/1030] loss = 0.237730
[e367 s0250/1030] loss = 0.192157
[e367 s0300/1030] loss = 0.161935
[e367 s0350/1030] loss = 0.139897
[e367 s0400/1030] loss = 0.123554
[e367 s0450/1030] loss = 0.111011
[e367 s0500/1030] loss = 0.100854
[e367 s0550/1030] loss = 0.092346
[e367 s0600/1030] loss = 0.085224
[e367 s0650/1030] loss = 0.079346
[e367 s0700/1030] loss = 0.074208
[e367 s0750/1030] loss = 0.069821
[e367 s0800/1030] loss = 0.065836
[e367 s0850/1030] loss = 0.062511
[e367 s0900/1030] loss = 0.059571
[e367 s0950/1030] loss = 0.056825
[e367 s1000/1030] loss = 0.054558
Epoch 367: train_loss = 0.053210  MAE/GAME0 = 12.288  RMSE = 33.440  GAME1 = 12.928  GAME2 = 13.654  GAME3 = 14.127  lr = 1.08e-06  time = 19.6s
[e368 s0001/1030] loss = 0.009255
[e368 s0050/1030] loss = 0.007066
[e368 s0100/1030] loss = 0.008171
[e368 s0150/1030] loss = 0.008969
[e368 s0200/1030] loss = 0.009933
[e368 s0250/1030] loss = 0.009893
[e368 s0300/1030] loss = 0.009683
[e368 s0350/1030] loss = 0.009303
[e368 s0400/1030] loss = 0.009075
[e368 s0450/1030] loss = 0.008831
[e368 s0500/1030] loss = 0.008802
[e368 s0550/1030] loss = 0.092007
[e368 s0600/1030] loss = 0.084948
[e368 s0650/1030] loss = 0.079065
[e368 s0700/1030] loss = 0.073860
[e368 s0750/1030] loss = 0.069671
[e368 s0800/1030] loss = 0.065806
[e368 s0850/1030] loss = 0.062356
[e368 s0900/1030] loss = 0.059360
[e368 s0950/1030] loss = 0.056721
[e368 s1000/1030] loss = 0.054358
Epoch 368: train_loss = 0.053192  MAE/GAME0 = 12.003  RMSE = 31.158  GAME1 = 12.805  GAME2 = 13.502  GAME3 = 13.978  lr = 1.02e-06  time = 19.8s
[e369 s0001/1030] loss = 0.001672
[e369 s0050/1030] loss = 0.007449
[e369 s0100/1030] loss = 0.008018
[e369 s0150/1030] loss = 0.008555
[e369 s0200/1030] loss = 0.008568
[e369 s0250/1030] loss = 0.008513
[e369 s0300/1030] loss = 0.008319
[e369 s0350/1030] loss = 0.008015
[e369 s0400/1030] loss = 0.008105
[e369 s0450/1030] loss = 0.008490
[e369 s0500/1030] loss = 0.008377
[e369 s0550/1030] loss = 0.008365
[e369 s0600/1030] loss = 0.008318
[e369 s0650/1030] loss = 0.008446
[e369 s0700/1030] loss = 0.008661
[e369 s0750/1030] loss = 0.008543
[e369 s0800/1030] loss = 0.008451
[e369 s0850/1030] loss = 0.062296
[e369 s0900/1030] loss = 0.059200
[e369 s0950/1030] loss = 0.056470
[e369 s1000/1030] loss = 0.054071
Epoch 369: train_loss = 0.052783  MAE/GAME0 = 13.660  RMSE = 33.127  GAME1 = 14.134  GAME2 = 14.638  GAME3 = 14.964  lr = 9.58e-07  time = 19.5s
[e370 s0001/1030] loss = 0.010210
[e370 s0050/1030] loss = 0.007309
[e370 s0100/1030] loss = 0.008216
[e370 s0150/1030] loss = 0.008466
[e370 s0200/1030] loss = 0.008984
[e370 s0250/1030] loss = 0.008475
[e370 s0300/1030] loss = 0.008467
[e370 s0350/1030] loss = 0.008538
[e370 s0400/1030] loss = 0.008617
[e370 s0450/1030] loss = 0.008422
[e370 s0500/1030] loss = 0.008557
[e370 s0550/1030] loss = 0.008556
[e370 s0600/1030] loss = 0.008744
[e370 s0650/1030] loss = 0.008704
[e370 s0700/1030] loss = 0.008709
[e370 s0750/1030] loss = 0.008486
[e370 s0800/1030] loss = 0.008641
[e370 s0850/1030] loss = 0.008540
[e370 s0900/1030] loss = 0.059252
[e370 s0950/1030] loss = 0.056707
[e370 s1000/1030] loss = 0.054177
Epoch 370: train_loss = 0.052798  MAE/GAME0 = 11.089  RMSE = 33.000  GAME1 = 11.999  GAME2 = 12.928  GAME3 = 13.534  lr = 9.01e-07  time = 19.6s
[e371 s0001/1030] loss = 0.007763
[e371 s0050/1030] loss = 0.005746
[e371 s0100/1030] loss = 0.008110
[e371 s0150/1030] loss = 0.008691
[e371 s0200/1030] loss = 0.008355
[e371 s0250/1030] loss = 0.008865
[e371 s0300/1030] loss = 0.008639
[e371 s0350/1030] loss = 0.008577
[e371 s0400/1030] loss = 0.008574
[e371 s0450/1030] loss = 0.008597
[e371 s0500/1030] loss = 0.008499
[e371 s0550/1030] loss = 0.008533
[e371 s0600/1030] loss = 0.008503
[e371 s0650/1030] loss = 0.008661
[e371 s0700/1030] loss = 0.008518
[e371 s0750/1030] loss = 0.008460
[e371 s0800/1030] loss = 0.008486
[e371 s0850/1030] loss = 0.008409
[e371 s0900/1030] loss = 0.059220
[e371 s0950/1030] loss = 0.056532
[e371 s1000/1030] loss = 0.054240
Epoch 371: train_loss = 0.052860  MAE/GAME0 = 11.907  RMSE = 33.126  GAME1 = 12.622  GAME2 = 13.417  GAME3 = 13.939  lr = 8.45e-07  time = 19.7s
[e372 s0001/1030] loss = 0.008644
[e372 s0050/1030] loss = 0.007626
[e372 s0100/1030] loss = 0.008282
[e372 s0150/1030] loss = 0.007539
[e372 s0200/1030] loss = 0.008233
[e372 s0250/1030] loss = 0.008158
[e372 s0300/1030] loss = 0.007909
[e372 s0350/1030] loss = 0.007715
[e372 s0400/1030] loss = 0.007801
[e372 s0450/1030] loss = 0.007780
[e372 s0500/1030] loss = 0.098988
[e372 s0550/1030] loss = 0.090980
[e372 s0600/1030] loss = 0.084077
[e372 s0650/1030] loss = 0.078372
[e372 s0700/1030] loss = 0.073280
[e372 s0750/1030] loss = 0.068946
[e372 s0800/1030] loss = 0.065326
[e372 s0850/1030] loss = 0.061914
[e372 s0900/1030] loss = 0.058815
[e372 s0950/1030] loss = 0.056283
[e372 s1000/1030] loss = 0.053887
Epoch 372: train_loss = 0.052561  MAE/GAME0 = 11.735  RMSE = 32.871  GAME1 = 12.522  GAME2 = 13.327  GAME3 = 13.858  lr = 7.92e-07  time = 19.3s
[e373 s0001/1030] loss = 0.001163
[e373 s0050/1030] loss = 0.006026
[e373 s0100/1030] loss = 0.006467
[e373 s0150/1030] loss = 0.007204
[e373 s0200/1030] loss = 0.007453
[e373 s0250/1030] loss = 0.007299
[e373 s0300/1030] loss = 0.007370
[e373 s0350/1030] loss = 0.007713
[e373 s0400/1030] loss = 0.007711
[e373 s0450/1030] loss = 0.007698
[e373 s0500/1030] loss = 0.007906
[e373 s0550/1030] loss = 0.007883
[e373 s0600/1030] loss = 0.007973
[e373 s0650/1030] loss = 0.008002
[e373 s0700/1030] loss = 0.072716
[e373 s0750/1030] loss = 0.068419
[e373 s0800/1030] loss = 0.064546
[e373 s0850/1030] loss = 0.061252
[e373 s0900/1030] loss = 0.058410
[e373 s0950/1030] loss = 0.055733
[e373 s1000/1030] loss = 0.053352
Epoch 373: train_loss = 0.052080  MAE/GAME0 = 11.250  RMSE = 32.024  GAME1 = 12.097  GAME2 = 12.949  GAME3 = 13.541  lr = 7.40e-07  time = 19.4s
[e374 s0001/1030] loss = 0.006695
[e374 s0050/1030] loss = 0.007209
[e374 s0100/1030] loss = 0.008603
[e374 s0150/1030] loss = 0.007615
[e374 s0200/1030] loss = 0.007449
[e374 s0250/1030] loss = 0.007718
[e374 s0300/1030] loss = 0.008393
[e374 s0350/1030] loss = 0.008323
[e374 s0400/1030] loss = 0.008600
[e374 s0450/1030] loss = 0.008564
[e374 s0500/1030] loss = 0.008380
[e374 s0550/1030] loss = 0.091143
[e374 s0600/1030] loss = 0.084187
[e374 s0650/1030] loss = 0.078199
[e374 s0700/1030] loss = 0.073350
[e374 s0750/1030] loss = 0.068907
[e374 s0800/1030] loss = 0.065062
[e374 s0850/1030] loss = 0.061623
[e374 s0900/1030] loss = 0.058662
[e374 s0950/1030] loss = 0.055999
[e374 s1000/1030] loss = 0.053524
Epoch 374: train_loss = 0.052148  MAE/GAME0 = 12.128  RMSE = 33.462  GAME1 = 12.817  GAME2 = 13.552  GAME3 = 14.054  lr = 6.90e-07  time = 19.8s
[e375 s0001/1030] loss = 0.002444
[e375 s0050/1030] loss = 0.009691
[e375 s0100/1030] loss = 0.463179
[e375 s0150/1030] loss = 0.311554
[e375 s0200/1030] loss = 0.234999
[e375 s0250/1030] loss = 0.189831
[e375 s0300/1030] loss = 0.159318
[e375 s0350/1030] loss = 0.137817
[e375 s0400/1030] loss = 0.121577
[e375 s0450/1030] loss = 0.108828
[e375 s0500/1030] loss = 0.098616
[e375 s0550/1030] loss = 0.090333
[e375 s0600/1030] loss = 0.083565
[e375 s0650/1030] loss = 0.077687
[e375 s0700/1030] loss = 0.072671
[e375 s0750/1030] loss = 0.068386
[e375 s0800/1030] loss = 0.064791
[e375 s0850/1030] loss = 0.061455
[e375 s0900/1030] loss = 0.058450
[e375 s0950/1030] loss = 0.055681
[e375 s1000/1030] loss = 0.053269
Epoch 375: train_loss = 0.051939  MAE/GAME0 = 11.671  RMSE = 33.204  GAME1 = 12.451  GAME2 = 13.314  GAME3 = 13.867  lr = 6.42e-07  time = 19.8s
[e376 s0001/1030] loss = 0.007352
[e376 s0050/1030] loss = 0.007589
[e376 s0100/1030] loss = 0.008243
[e376 s0150/1030] loss = 0.008099
[e376 s0200/1030] loss = 0.008455
[e376 s0250/1030] loss = 0.008458
[e376 s0300/1030] loss = 0.008383
[e376 s0350/1030] loss = 0.008297
[e376 s0400/1030] loss = 0.008269
[e376 s0450/1030] loss = 0.007977
[e376 s0500/1030] loss = 0.008058
[e376 s0550/1030] loss = 0.007969
[e376 s0600/1030] loss = 0.007894
[e376 s0650/1030] loss = 0.007825
[e376 s0700/1030] loss = 0.072975
[e376 s0750/1030] loss = 0.068612
[e376 s0800/1030] loss = 0.064896
[e376 s0850/1030] loss = 0.061631
[e376 s0900/1030] loss = 0.058603
[e376 s0950/1030] loss = 0.055923
[e376 s1000/1030] loss = 0.053431
Epoch 376: train_loss = 0.052071  MAE/GAME0 = 11.890  RMSE = 32.303  GAME1 = 12.648  GAME2 = 13.349  GAME3 = 13.851  lr = 5.96e-07  time = 19.8s
[e377 s0001/1030] loss = 0.000517
[e377 s0050/1030] loss = 0.005833
[e377 s0100/1030] loss = 0.006220
[e377 s0150/1030] loss = 0.008265
[e377 s0200/1030] loss = 0.007931
[e377 s0250/1030] loss = 0.007629
[e377 s0300/1030] loss = 0.007650
[e377 s0350/1030] loss = 0.007438
[e377 s0400/1030] loss = 0.007312
[e377 s0450/1030] loss = 0.007459
[e377 s0500/1030] loss = 0.007447
[e377 s0550/1030] loss = 0.007378
[e377 s0600/1030] loss = 0.007274
[e377 s0650/1030] loss = 0.007266
[e377 s0700/1030] loss = 0.007476
[e377 s0750/1030] loss = 0.068141
[e377 s0800/1030] loss = 0.064431
[e377 s0850/1030] loss = 0.061180
[e377 s0900/1030] loss = 0.058229
[e377 s0950/1030] loss = 0.055458
[e377 s1000/1030] loss = 0.053046
Epoch 377: train_loss = 0.051866  MAE/GAME0 = 11.089  RMSE = 32.422  GAME1 = 11.986  GAME2 = 12.922  GAME3 = 13.547  lr = 5.51e-07  time = 20.2s
[e378 s0001/1030] loss = 0.004768
[e378 s0050/1030] loss = 0.005149
[e378 s0100/1030] loss = 0.006079
[e378 s0150/1030] loss = 0.007610
[e378 s0200/1030] loss = 0.007326
[e378 s0250/1030] loss = 0.007240
[e378 s0300/1030] loss = 0.158621
[e378 s0350/1030] loss = 0.137444
[e378 s0400/1030] loss = 0.121122
[e378 s0450/1030] loss = 0.108538
[e378 s0500/1030] loss = 0.098374
[e378 s0550/1030] loss = 0.090024
[e378 s0600/1030] loss = 0.083193
[e378 s0650/1030] loss = 0.077455
[e378 s0700/1030] loss = 0.072478
[e378 s0750/1030] loss = 0.068118
[e378 s0800/1030] loss = 0.064248
[e378 s0850/1030] loss = 0.060951
[e378 s0900/1030] loss = 0.058101
[e378 s0950/1030] loss = 0.055331
[e378 s1000/1030] loss = 0.053010
Epoch 378: train_loss = 0.051673  MAE/GAME0 = 11.438  RMSE = 32.753  GAME1 = 12.212  GAME2 = 13.080  GAME3 = 13.644  lr = 5.09e-07  time = 20.0s
[e379 s0001/1030] loss = 0.007908
[e379 s0050/1030] loss = 0.007049
[e379 s0100/1030] loss = 0.006874
[e379 s0150/1030] loss = 0.007249
[e379 s0200/1030] loss = 0.007061
[e379 s0250/1030] loss = 0.007381
[e379 s0300/1030] loss = 0.007332
[e379 s0350/1030] loss = 0.007506
[e379 s0400/1030] loss = 0.121109
[e379 s0450/1030] loss = 0.108432
[e379 s0500/1030] loss = 0.098353
[e379 s0550/1030] loss = 0.089951
[e379 s0600/1030] loss = 0.083025
[e379 s0650/1030] loss = 0.077191
[e379 s0700/1030] loss = 0.072346
[e379 s0750/1030] loss = 0.067904
[e379 s0800/1030] loss = 0.064214
[e379 s0850/1030] loss = 0.061104
[e379 s0900/1030] loss = 0.058083
[e379 s0950/1030] loss = 0.055397
[e379 s1000/1030] loss = 0.052966
Epoch 379: train_loss = 0.051667  MAE/GAME0 = 11.801  RMSE = 33.088  GAME1 = 12.542  GAME2 = 13.329  GAME3 = 13.857  lr = 4.68e-07  time = 19.7s
[e380 s0001/1030] loss = 0.014956
[e380 s0050/1030] loss = 0.006446
[e380 s0100/1030] loss = 0.007442
[e380 s0150/1030] loss = 0.007698
[e380 s0200/1030] loss = 0.007728
[e380 s0250/1030] loss = 0.007529
[e380 s0300/1030] loss = 0.007215
[e380 s0350/1030] loss = 0.007190
[e380 s0400/1030] loss = 0.007435
[e380 s0450/1030] loss = 0.007335
[e380 s0500/1030] loss = 0.007365
[e380 s0550/1030] loss = 0.007283
[e380 s0600/1030] loss = 0.007498
[e380 s0650/1030] loss = 0.007337
[e380 s0700/1030] loss = 0.007256
[e380 s0750/1030] loss = 0.007271
[e380 s0800/1030] loss = 0.007307
[e380 s0850/1030] loss = 0.060652
[e380 s0900/1030] loss = 0.057692
[e380 s0950/1030] loss = 0.055088
[e380 s1000/1030] loss = 0.052849
Epoch 380: train_loss = 0.051528  MAE/GAME0 = 12.287  RMSE = 32.234  GAME1 = 12.941  GAME2 = 13.593  GAME3 = 14.050  lr = 4.29e-07  time = 19.6s
[e381 s0001/1030] loss = 0.001568
[e381 s0050/1030] loss = 0.011562
[e381 s0100/1030] loss = 0.008645
[e381 s0150/1030] loss = 0.008964
[e381 s0200/1030] loss = 0.234770
[e381 s0250/1030] loss = 0.189288
[e381 s0300/1030] loss = 0.159254
[e381 s0350/1030] loss = 0.137712
[e381 s0400/1030] loss = 0.121151
[e381 s0450/1030] loss = 0.108358
[e381 s0500/1030] loss = 0.098207
[e381 s0550/1030] loss = 0.090021
[e381 s0600/1030] loss = 0.083122
[e381 s0650/1030] loss = 0.077174
[e381 s0700/1030] loss = 0.072320
[e381 s0750/1030] loss = 0.067888
[e381 s0800/1030] loss = 0.064169
[e381 s0850/1030] loss = 0.060808
[e381 s0900/1030] loss = 0.057836
[e381 s0950/1030] loss = 0.055180
[e381 s1000/1030] loss = 0.052876
Epoch 381: train_loss = 0.051471  MAE/GAME0 = 12.763  RMSE = 33.490  GAME1 = 13.406  GAME2 = 14.031  GAME3 = 14.459  lr = 3.92e-07  time = 19.4s
[e382 s0001/1030] loss = 0.001912
[e382 s0050/1030] loss = 0.011795
[e382 s0100/1030] loss = 0.009708
[e382 s0150/1030] loss = 0.009023
[e382 s0200/1030] loss = 0.008741
[e382 s0250/1030] loss = 0.008412
[e382 s0300/1030] loss = 0.008133
[e382 s0350/1030] loss = 0.008158
[e382 s0400/1030] loss = 0.007996
[e382 s0450/1030] loss = 0.007858
[e382 s0500/1030] loss = 0.098395
[e382 s0550/1030] loss = 0.090011
[e382 s0600/1030] loss = 0.083123
[e382 s0650/1030] loss = 0.077204
[e382 s0700/1030] loss = 0.072200
[e382 s0750/1030] loss = 0.067743
[e382 s0800/1030] loss = 0.063867
[e382 s0850/1030] loss = 0.060608
[e382 s0900/1030] loss = 0.057641
[e382 s0950/1030] loss = 0.054967
[e382 s1000/1030] loss = 0.052639
Epoch 382: train_loss = 0.051340  MAE/GAME0 = 10.897  RMSE = 31.774  GAME1 = 11.795  GAME2 = 12.735  GAME3 = 13.339  lr = 3.57e-07  time = 19.7s
[e383 s0001/1030] loss = 0.000808
[e383 s0050/1030] loss = 0.008857
[e383 s0100/1030] loss = 0.007658
[e383 s0150/1030] loss = 0.008240
[e383 s0200/1030] loss = 0.234411
[e383 s0250/1030] loss = 0.189201
[e383 s0300/1030] loss = 0.158833
[e383 s0350/1030] loss = 0.137155
[e383 s0400/1030] loss = 0.121095
[e383 s0450/1030] loss = 0.108256
[e383 s0500/1030] loss = 0.098048
[e383 s0550/1030] loss = 0.089894
[e383 s0600/1030] loss = 0.082956
[e383 s0650/1030] loss = 0.077026
[e383 s0700/1030] loss = 0.072007
[e383 s0750/1030] loss = 0.067790
[e383 s0800/1030] loss = 0.064006
[e383 s0850/1030] loss = 0.060734
[e383 s0900/1030] loss = 0.057641
[e383 s0950/1030] loss = 0.055076
[e383 s1000/1030] loss = 0.052634
Epoch 383: train_loss = 0.051336  MAE/GAME0 = 11.170  RMSE = 31.827  GAME1 = 12.027  GAME2 = 12.897  GAME3 = 13.473  lr = 3.24e-07  time = 19.7s
[e384 s0001/1030] loss = 0.019039
[e384 s0050/1030] loss = 0.910370
[e384 s0100/1030] loss = 0.459072
[e384 s0150/1030] loss = 0.308415
[e384 s0200/1030] loss = 0.232828
[e384 s0250/1030] loss = 0.187841
[e384 s0300/1030] loss = 0.158308
[e384 s0350/1030] loss = 0.136641
[e384 s0400/1030] loss = 0.120474
[e384 s0450/1030] loss = 0.108183
[e384 s0500/1030] loss = 0.098083
[e384 s0550/1030] loss = 0.089665
[e384 s0600/1030] loss = 0.082795
[e384 s0650/1030] loss = 0.076927
[e384 s0700/1030] loss = 0.071917
[e384 s0750/1030] loss = 0.067586
[e384 s0800/1030] loss = 0.063728
[e384 s0850/1030] loss = 0.060486
[e384 s0900/1030] loss = 0.057402
[e384 s0950/1030] loss = 0.054876
[e384 s1000/1030] loss = 0.052528
Epoch 384: train_loss = 0.051154  MAE/GAME0 = 12.500  RMSE = 34.691  GAME1 = 13.196  GAME2 = 13.922  GAME3 = 14.423  lr = 2.93e-07  time = 19.6s
[e385 s0001/1030] loss = 0.002545
[e385 s0050/1030] loss = 0.008136
[e385 s0100/1030] loss = 0.008846
[e385 s0150/1030] loss = 0.008115
[e385 s0200/1030] loss = 0.008085
[e385 s0250/1030] loss = 0.007600
[e385 s0300/1030] loss = 0.007313
[e385 s0350/1030] loss = 0.007477
[e385 s0400/1030] loss = 0.007455
[e385 s0450/1030] loss = 0.007303
[e385 s0500/1030] loss = 0.007225
[e385 s0550/1030] loss = 0.007304
[e385 s0600/1030] loss = 0.007237
[e385 s0650/1030] loss = 0.007074
[e385 s0700/1030] loss = 0.007141
[e385 s0750/1030] loss = 0.007218
[e385 s0800/1030] loss = 0.007192
[e385 s0850/1030] loss = 0.007191
[e385 s0900/1030] loss = 0.007305
[e385 s0950/1030] loss = 0.054828
[e385 s1000/1030] loss = 0.052374
Epoch 385: train_loss = 0.051056  MAE/GAME0 = 11.566  RMSE = 33.028  GAME1 = 12.373  GAME2 = 13.238  GAME3 = 13.793  lr = 2.64e-07  time = 19.7s
[e386 s0001/1030] loss = 0.003639
[e386 s0050/1030] loss = 0.006961
[e386 s0100/1030] loss = 0.006659
[e386 s0150/1030] loss = 0.007192
[e386 s0200/1030] loss = 0.006949
[e386 s0250/1030] loss = 0.006821
[e386 s0300/1030] loss = 0.157302
[e386 s0350/1030] loss = 0.136230
[e386 s0400/1030] loss = 0.120154
[e386 s0450/1030] loss = 0.107473
[e386 s0500/1030] loss = 0.097611
[e386 s0550/1030] loss = 0.089241
[e386 s0600/1030] loss = 0.082330
[e386 s0650/1030] loss = 0.076565
[e386 s0700/1030] loss = 0.071603
[e386 s0750/1030] loss = 0.067244
[e386 s0800/1030] loss = 0.063598
[e386 s0850/1030] loss = 0.060317
[e386 s0900/1030] loss = 0.057369
[e386 s0950/1030] loss = 0.054784
[e386 s1000/1030] loss = 0.052364
Epoch 386: train_loss = 0.051065  MAE/GAME0 = 11.391  RMSE = 31.173  GAME1 = 12.217  GAME2 = 13.038  GAME3 = 13.583  lr = 2.36e-07  time = 19.7s
[e387 s0001/1030] loss = 0.003345
[e387 s0050/1030] loss = 0.007438
[e387 s0100/1030] loss = 0.007131
[e387 s0150/1030] loss = 0.006595
[e387 s0200/1030] loss = 0.007064
[e387 s0250/1030] loss = 0.006989
[e387 s0300/1030] loss = 0.007231
[e387 s0350/1030] loss = 0.007100
[e387 s0400/1030] loss = 0.006906
[e387 s0450/1030] loss = 0.006736
[e387 s0500/1030] loss = 0.006612
[e387 s0550/1030] loss = 0.006679
[e387 s0600/1030] loss = 0.006782
[e387 s0650/1030] loss = 0.006794
[e387 s0700/1030] loss = 0.006980
[e387 s0750/1030] loss = 0.006995
[e387 s0800/1030] loss = 0.007025
[e387 s0850/1030] loss = 0.007021
[e387 s0900/1030] loss = 0.007063
[e387 s0950/1030] loss = 0.007117
[e387 s1000/1030] loss = 0.007027
Epoch 387: train_loss = 0.050983  MAE/GAME0 = 10.206  RMSE = 28.710  GAME1 = 11.350  GAME2 = 12.362  GAME3 = 13.031  lr = 2.11e-07  time = 19.5s
[e388 s0001/1030] loss = 0.001023
[e388 s0050/1030] loss = 0.008034
[e388 s0100/1030] loss = 0.006753
[e388 s0150/1030] loss = 0.006465
[e388 s0200/1030] loss = 0.006588
[e388 s0250/1030] loss = 0.006541
[e388 s0300/1030] loss = 0.006604
[e388 s0350/1030] loss = 0.007021
[e388 s0400/1030] loss = 0.120244
[e388 s0450/1030] loss = 0.107563
[e388 s0500/1030] loss = 0.097613
[e388 s0550/1030] loss = 0.089249
[e388 s0600/1030] loss = 0.082326
[e388 s0650/1030] loss = 0.076494
[e388 s0700/1030] loss = 0.071662
[e388 s0750/1030] loss = 0.067288
[e388 s0800/1030] loss = 0.063555
[e388 s0850/1030] loss = 0.060190
[e388 s0900/1030] loss = 0.057355
[e388 s0950/1030] loss = 0.054682
[e388 s1000/1030] loss = 0.052322
Epoch 388: train_loss = 0.050987  MAE/GAME0 = 12.221  RMSE = 32.567  GAME1 = 12.924  GAME2 = 13.594  GAME3 = 14.053  lr = 1.87e-07  time = 19.9s
[e389 s0001/1030] loss = 0.003859
[e389 s0050/1030] loss = 0.005496
[e389 s0100/1030] loss = 0.005749
[e389 s0150/1030] loss = 0.005919
[e389 s0200/1030] loss = 0.005877
[e389 s0250/1030] loss = 0.005922
[e389 s0300/1030] loss = 0.006137
[e389 s0350/1030] loss = 0.006539
[e389 s0400/1030] loss = 0.006726
[e389 s0450/1030] loss = 0.006693
[e389 s0500/1030] loss = 0.006528
[e389 s0550/1030] loss = 0.006731
[e389 s0600/1030] loss = 0.082272
[e389 s0650/1030] loss = 0.076524
[e389 s0700/1030] loss = 0.071723
[e389 s0750/1030] loss = 0.067344
[e389 s0800/1030] loss = 0.063505
[e389 s0850/1030] loss = 0.060226
[e389 s0900/1030] loss = 0.057295
[e389 s0950/1030] loss = 0.054589
[e389 s1000/1030] loss = 0.052268
Epoch 389: train_loss = 0.050893  MAE/GAME0 = 11.700  RMSE = 33.623  GAME1 = 12.506  GAME2 = 13.383  GAME3 = 13.947  lr = 1.65e-07  time = 19.6s
[e390 s0001/1030] loss = 0.004848
[e390 s0050/1030] loss = 0.005805
[e390 s0100/1030] loss = 0.007673
[e390 s0150/1030] loss = 0.007470
[e390 s0200/1030] loss = 0.007418
[e390 s0250/1030] loss = 0.007065
[e390 s0300/1030] loss = 0.007070
[e390 s0350/1030] loss = 0.007142
[e390 s0400/1030] loss = 0.120122
[e390 s0450/1030] loss = 0.107357
[e390 s0500/1030] loss = 0.097384
[e390 s0550/1030] loss = 0.089213
[e390 s0600/1030] loss = 0.082359
[e390 s0650/1030] loss = 0.076581
[e390 s0700/1030] loss = 0.071579
[e390 s0750/1030] loss = 0.067371
[e390 s0800/1030] loss = 0.063541
[e390 s0850/1030] loss = 0.060220
[e390 s0900/1030] loss = 0.057355
[e390 s0950/1030] loss = 0.054639
[e390 s1000/1030] loss = 0.052256
Epoch 390: train_loss = 0.050865  MAE/GAME0 = 11.894  RMSE = 33.534  GAME1 = 12.638  GAME2 = 13.445  GAME3 = 13.965  lr = 1.45e-07  time = 20.1s
[e391 s0001/1030] loss = 0.001714
[e391 s0050/1030] loss = 0.009202
[e391 s0100/1030] loss = 0.459998
[e391 s0150/1030] loss = 0.308991
[e391 s0200/1030] loss = 0.233981
[e391 s0250/1030] loss = 0.188835
[e391 s0300/1030] loss = 0.159065
[e391 s0350/1030] loss = 0.137381
[e391 s0400/1030] loss = 0.120939
[e391 s0450/1030] loss = 0.108143
[e391 s0500/1030] loss = 0.097944
[e391 s0550/1030] loss = 0.089546
[e391 s0600/1030] loss = 0.082779
[e391 s0650/1030] loss = 0.076798
[e391 s0700/1030] loss = 0.071865
[e391 s0750/1030] loss = 0.067527
[e391 s0800/1030] loss = 0.063692
[e391 s0850/1030] loss = 0.060334
[e391 s0900/1030] loss = 0.057429
[e391 s0950/1030] loss = 0.054610
[e391 s1000/1030] loss = 0.052149
Epoch 391: train_loss = 0.050823  MAE/GAME0 = 11.082  RMSE = 31.283  GAME1 = 11.961  GAME2 = 12.850  GAME3 = 13.442  lr = 1.27e-07  time = 19.8s
[e392 s0001/1030] loss = 0.002549
[e392 s0050/1030] loss = 0.007512
[e392 s0100/1030] loss = 0.006593
[e392 s0150/1030] loss = 0.006402
[e392 s0200/1030] loss = 0.006439
[e392 s0250/1030] loss = 0.006289
[e392 s0300/1030] loss = 0.006223
[e392 s0350/1030] loss = 0.006126
[e392 s0400/1030] loss = 0.006416
[e392 s0450/1030] loss = 0.006299
[e392 s0500/1030] loss = 0.006549
[e392 s0550/1030] loss = 0.006631
[e392 s0600/1030] loss = 0.006688
[e392 s0650/1030] loss = 0.076289
[e392 s0700/1030] loss = 0.071398
[e392 s0750/1030] loss = 0.067201
[e392 s0800/1030] loss = 0.063427
[e392 s0850/1030] loss = 0.060195
[e392 s0900/1030] loss = 0.057261
[e392 s0950/1030] loss = 0.054556
[e392 s1000/1030] loss = 0.052072
Epoch 392: train_loss = 0.050815  MAE/GAME0 = 10.920  RMSE = 31.642  GAME1 = 11.815  GAME2 = 12.751  GAME3 = 13.373  lr = 1.11e-07  time = 19.8s
[e393 s0001/1030] loss = 0.003325
[e393 s0050/1030] loss = 0.006695
[e393 s0100/1030] loss = 0.008579
[e393 s0150/1030] loss = 0.309155
[e393 s0200/1030] loss = 0.233283
[e393 s0250/1030] loss = 0.187704
[e393 s0300/1030] loss = 0.157823
[e393 s0350/1030] loss = 0.136036
[e393 s0400/1030] loss = 0.119745
[e393 s0450/1030] loss = 0.107298
[e393 s0500/1030] loss = 0.097139
[e393 s0550/1030] loss = 0.089062
[e393 s0600/1030] loss = 0.082430
[e393 s0650/1030] loss = 0.076667
[e393 s0700/1030] loss = 0.071587
[e393 s0750/1030] loss = 0.067207
[e393 s0800/1030] loss = 0.063420
[e393 s0850/1030] loss = 0.060178
[e393 s0900/1030] loss = 0.057249
[e393 s0950/1030] loss = 0.054511
[e393 s1000/1030] loss = 0.052033
Epoch 393: train_loss = 0.050727  MAE/GAME0 = 11.533  RMSE = 31.938  GAME1 = 12.302  GAME2 = 13.125  GAME3 = 13.651  lr = 9.66e-08  time = 19.7s
[e394 s0001/1030] loss = 0.004731
[e394 s0050/1030] loss = 0.006193
[e394 s0100/1030] loss = 0.006679
[e394 s0150/1030] loss = 0.006047
[e394 s0200/1030] loss = 0.231830
[e394 s0250/1030] loss = 0.187167
[e394 s0300/1030] loss = 0.156896
[e394 s0350/1030] loss = 0.135290
[e394 s0400/1030] loss = 0.119155
[e394 s0450/1030] loss = 0.106870
[e394 s0500/1030] loss = 0.096725
[e394 s0550/1030] loss = 0.088459
[e394 s0600/1030] loss = 0.081682
[e394 s0650/1030] loss = 0.075833
[e394 s0700/1030] loss = 0.070801
[e394 s0750/1030] loss = 0.066846
[e394 s0800/1030] loss = 0.063091
[e394 s0850/1030] loss = 0.059829
[e394 s0900/1030] loss = 0.056870
[e394 s0950/1030] loss = 0.054352
[e394 s1000/1030] loss = 0.051954
Epoch 394: train_loss = 0.050703  MAE/GAME0 = 10.857  RMSE = 31.189  GAME1 = 11.822  GAME2 = 12.737  GAME3 = 13.342  lr = 8.42e-08  time = 19.8s
[e395 s0001/1030] loss = 0.002861
[e395 s0050/1030] loss = 0.007276
[e395 s0100/1030] loss = 0.006297
[e395 s0150/1030] loss = 0.006394
[e395 s0200/1030] loss = 0.006669
[e395 s0250/1030] loss = 0.006366
[e395 s0300/1030] loss = 0.006212
[e395 s0350/1030] loss = 0.006293
[e395 s0400/1030] loss = 0.006386
[e395 s0450/1030] loss = 0.006267
[e395 s0500/1030] loss = 0.096453
[e395 s0550/1030] loss = 0.088371
[e395 s0600/1030] loss = 0.081655
[e395 s0650/1030] loss = 0.076083
[e395 s0700/1030] loss = 0.071147
[e395 s0750/1030] loss = 0.067015
[e395 s0800/1030] loss = 0.063313
[e395 s0850/1030] loss = 0.059979
[e395 s0900/1030] loss = 0.057002
[e395 s0950/1030] loss = 0.054259
[e395 s1000/1030] loss = 0.051987
Epoch 395: train_loss = 0.050696  MAE/GAME0 = 11.337  RMSE = 30.775  GAME1 = 12.329  GAME2 = 13.132  GAME3 = 13.681  lr = 7.38e-08  time = 19.7s
[e396 s0001/1030] loss = 0.005565
[e396 s0050/1030] loss = 0.005647
[e396 s0100/1030] loss = 0.006211
[e396 s0150/1030] loss = 0.005872
[e396 s0200/1030] loss = 0.006182
[e396 s0250/1030] loss = 0.006702
[e396 s0300/1030] loss = 0.006532
[e396 s0350/1030] loss = 0.006516
[e396 s0400/1030] loss = 0.006695
[e396 s0450/1030] loss = 0.006508
[e396 s0500/1030] loss = 0.006430
[e396 s0550/1030] loss = 0.088604
[e396 s0600/1030] loss = 0.081794
[e396 s0650/1030] loss = 0.076198
[e396 s0700/1030] loss = 0.071364
[e396 s0750/1030] loss = 0.067061
[e396 s0800/1030] loss = 0.063313
[e396 s0850/1030] loss = 0.059994
[e396 s0900/1030] loss = 0.057139
[e396 s0950/1030] loss = 0.054461
[e396 s1000/1030] loss = 0.052014
Epoch 396: train_loss = 0.050673  MAE/GAME0 = 12.193  RMSE = 32.279  GAME1 = 12.820  GAME2 = 13.487  GAME3 = 13.970  lr = 6.52e-08  time = 20.3s
[e397 s0001/1030] loss = 0.001298
[e397 s0050/1030] loss = 0.005770
[e397 s0100/1030] loss = 0.006329
[e397 s0150/1030] loss = 0.006247
[e397 s0200/1030] loss = 0.005917
[e397 s0250/1030] loss = 0.006121
[e397 s0300/1030] loss = 0.006817
[e397 s0350/1030] loss = 0.007094
[e397 s0400/1030] loss = 0.007206
[e397 s0450/1030] loss = 0.007207
[e397 s0500/1030] loss = 0.007076
[e397 s0550/1030] loss = 0.007017
[e397 s0600/1030] loss = 0.006941
[e397 s0650/1030] loss = 0.007114
[e397 s0700/1030] loss = 0.007057
[e397 s0750/1030] loss = 0.067221
[e397 s0800/1030] loss = 0.063331
[e397 s0850/1030] loss = 0.059902
[e397 s0900/1030] loss = 0.057166
[e397 s0950/1030] loss = 0.054428
[e397 s1000/1030] loss = 0.051963
Epoch 397: train_loss = 0.050652  MAE/GAME0 = 11.607  RMSE = 33.354  GAME1 = 12.428  GAME2 = 13.314  GAME3 = 13.882  lr = 5.86e-08  time = 19.7s
[e398 s0001/1030] loss = 0.006932
[e398 s0050/1030] loss = 0.004926
[e398 s0100/1030] loss = 0.005208
[e398 s0150/1030] loss = 0.005494
[e398 s0200/1030] loss = 0.006006
[e398 s0250/1030] loss = 0.005955
[e398 s0300/1030] loss = 0.006287
[e398 s0350/1030] loss = 0.006555
[e398 s0400/1030] loss = 0.006538
[e398 s0450/1030] loss = 0.006418
[e398 s0500/1030] loss = 0.006244
[e398 s0550/1030] loss = 0.006253
[e398 s0600/1030] loss = 0.006377
[e398 s0650/1030] loss = 0.075917
[e398 s0700/1030] loss = 0.070971
[e398 s0750/1030] loss = 0.066684
[e398 s0800/1030] loss = 0.062996
[e398 s0850/1030] loss = 0.059724
[e398 s0900/1030] loss = 0.057003
[e398 s0950/1030] loss = 0.054402
[e398 s1000/1030] loss = 0.051968
Epoch 398: train_loss = 0.050644  MAE/GAME0 = 11.570  RMSE = 32.548  GAME1 = 12.359  GAME2 = 13.197  GAME3 = 13.725  lr = 5.38e-08  time = 19.8s
[e399 s0001/1030] loss = 0.091324
[e399 s0050/1030] loss = 0.007251
[e399 s0100/1030] loss = 0.007540
[e399 s0150/1030] loss = 0.007190
[e399 s0200/1030] loss = 0.006855
[e399 s0250/1030] loss = 0.007302
[e399 s0300/1030] loss = 0.007208
[e399 s0350/1030] loss = 0.006799
[e399 s0400/1030] loss = 0.006594
[e399 s0450/1030] loss = 0.006442
[e399 s0500/1030] loss = 0.096959
[e399 s0550/1030] loss = 0.088714
[e399 s0600/1030] loss = 0.081721
[e399 s0650/1030] loss = 0.075920
[e399 s0700/1030] loss = 0.070939
[e399 s0750/1030] loss = 0.066683
[e399 s0800/1030] loss = 0.062982
[e399 s0850/1030] loss = 0.059707
[e399 s0900/1030] loss = 0.056844
[e399 s0950/1030] loss = 0.054242
[e399 s1000/1030] loss = 0.051874
Epoch 399: train_loss = 0.050614  MAE/GAME0 = 11.652  RMSE = 33.619  GAME1 = 12.531  GAME2 = 13.442  GAME3 = 14.027  lr = 5.09e-08  time = 19.8s
[e400 s0001/1030] loss = 0.003885
[e400 s0050/1030] loss = 0.009425
[e400 s0100/1030] loss = 0.007926
[e400 s0150/1030] loss = 0.007468
[e400 s0200/1030] loss = 0.007352
[e400 s0250/1030] loss = 0.007183
[e400 s0300/1030] loss = 0.006911
[e400 s0350/1030] loss = 0.006726
[e400 s0400/1030] loss = 0.006810
[e400 s0450/1030] loss = 0.006962
[e400 s0500/1030] loss = 0.006941
[e400 s0550/1030] loss = 0.006773
[e400 s0600/1030] loss = 0.006926
[e400 s0650/1030] loss = 0.007020
[e400 s0700/1030] loss = 0.006991
[e400 s0750/1030] loss = 0.006843
[e400 s0800/1030] loss = 0.006988
[e400 s0850/1030] loss = 0.006929
[e400 s0900/1030] loss = 0.006878
[e400 s0950/1030] loss = 0.006850
[e400 s1000/1030] loss = 0.006803
Epoch 400: train_loss = 0.050612  MAE/GAME0 = 10.975  RMSE = 31.624  GAME1 = 11.941  GAME2 = 12.841  GAME3 = 13.446  lr = 5.00e-08  time = 19.7s
[done] best_mae = 9.794  best_path = /scratch/users/ntu/kenneth0/FYP-SmartObjectCounter/outputs/train_t_e400/13018771.pbs101_20260301_125932/best.pth
