[log] /scratch/users/ntu/kenneth0/FYP-SmartObjectCounter/logs/train_rgbt_adaptive_fpn_e400_13053604.pbs101_20260304_193938.log
[job] name=train_rgbt_adaptive_fpn_e400 id=13053604.pbs101 host=x1000c1s4b0n0 time=Wed Mar  4 19:39:38 +08 2026
torch 2.6.0+cu118 cuda True
[init] warm-start rgb = outputs/train_rgb_e400/13018770.pbs101_20260301_125931/best.pth
[init] warm-start t = outputs/train_t_e400/13018771.pbs101_20260301_125932/best.pth
[init] device = cuda
[init] val_fullres = True (split=val, img=768x1024)
[init] train = 1030  val = 200  workers = 4
[init] warm-start rgb. from outputs/train_rgb_e400/13018770.pbs101_20260301_125931/best.pth (missing=0 unexpected=5)
[init] warm-start t. from outputs/train_t_e400/13018771.pbs101_20260301_125932/best.pth (missing=0 unexpected=5)
/scratch/users/ntu/kenneth0/FYP-SmartObjectCounter/scripts_v2/train_rgbt_adaptive_fpn.py:289: FutureWarning: `torch.cuda.amp.GradScaler(args...)` is deprecated. Please use `torch.amp.GradScaler('cuda', args...)` instead.
  scaler = GradScaler(enabled = bool(args.amp))
[e001 s0001/1030] loss = 108743.953125
[e001 s0050/1030] loss = 17252.339231
[e001 s0100/1030] loss = 8701.586684
[e001 s0150/1030] loss = 5802.284172
[e001 s0200/1030] loss = 4364.944764
[e001 s0250/1030] loss = 3497.939683
[e001 s0300/1030] loss = 2915.407751
[e001 s0350/1030] loss = 2500.825703
[e001 s0400/1030] loss = 2188.761806
[e001 s0450/1030] loss = 1946.798813
[e001 s0500/1030] loss = 1752.420246
[e001 s0550/1030] loss = 1593.870578
[e001 s0600/1030] loss = 1461.721348
[e001 s0650/1030] loss = 1350.206788
[e001 s0700/1030] loss = 1254.103395
[e001 s0750/1030] loss = 1170.815451
[e001 s0800/1030] loss = 1097.907687
[e001 s0850/1030] loss = 1034.643994
[e001 s0900/1030] loss = 977.404524
[e001 s0950/1030] loss = 926.395032
[e001 s1000/1030] loss = 880.284054
Epoch 001: train_loss = 854.784146  MAE/GAME0 = 703505512060675880841030353813504.000  RMSE = 908419314745634642809941290647552.000  GAME1 = 703505510778270050282164545650688.000  GAME2 = 703505513389549780297510901776384.000  GAME3 = 703505512905979481274696847065088.000  lr = 3.04e-06  time = 43.5s
[e002 s0001/1030] loss = 1.352047
[e002 s0050/1030] loss = 2.918256
[e002 s0100/1030] loss = 3.545696
[e002 s0150/1030] loss = 3.726753
[e002 s0200/1030] loss = 3.551983
[e002 s0250/1030] loss = 3.437447
[e002 s0300/1030] loss = 3.738333
[e002 s0350/1030] loss = 4.893260
[e002 s0400/1030] loss = 4.962094
[e002 s0450/1030] loss = 5.445869
[e002 s0500/1030] loss = 5.233318
[e002 s0550/1030] loss = 5.139840
[e002 s0600/1030] loss = 5.073798
[e002 s0650/1030] loss = 4.947594
[e002 s0700/1030] loss = 4.928025
[e002 s0750/1030] loss = 4.797106
[e002 s0800/1030] loss = 4.747026
[e002 s0850/1030] loss = 4.706759
[e002 s0900/1030] loss = 4.620514
[e002 s0950/1030] loss = 4.582874
[e002 s1000/1030] loss = 4.676166
Epoch 002: train_loss = 4.629053  MAE/GAME0 = 21624985299168772.000  RMSE = 36655359286010512.000  GAME1 = 21624985286921424.000  GAME2 = 21624985498314348.000  GAME3 = 21624985476839512.000  lr = 3.17e-06  time = 38.3s
[e003 s0001/1030] loss = 1.585050
[e003 s0050/1030] loss = 2.949060
[e003 s0100/1030] loss = 3.263509
[e003 s0150/1030] loss = 5.508385
[e003 s0200/1030] loss = 7.677855
[e003 s0250/1030] loss = 6.693478
[e003 s0300/1030] loss = 6.589845
[e003 s0350/1030] loss = 5.906963
[e003 s0400/1030] loss = 5.900769
[e003 s0450/1030] loss = 5.652208
[e003 s0500/1030] loss = 5.384045
[e003 s0550/1030] loss = 5.119124
[e003 s0600/1030] loss = 5.019788
[e003 s0650/1030] loss = 4.907654
[e003 s0700/1030] loss = 4.863479
[e003 s0750/1030] loss = 4.874299
[e003 s0800/1030] loss = 4.781010
[e003 s0850/1030] loss = 4.723895
[e003 s0900/1030] loss = 4.710059
[e003 s0950/1030] loss = 4.685966
[e003 s1000/1030] loss = 4.589074
Epoch 003: train_loss = 4.629053  MAE/GAME0 = 3891.640  RMSE = 26226.795  GAME1 = 3898.194  GAME2 = 3901.069  GAME3 = 3901.384  lr = 3.37e-06  time = 37.8s
[e004 s0001/1030] loss = 0.351566
[e004 s0050/1030] loss = 3.791834
[e004 s0100/1030] loss = 3.472015
[e004 s0150/1030] loss = 3.570301
[e004 s0200/1030] loss = 3.403159
[e004 s0250/1030] loss = 3.350875
[e004 s0300/1030] loss = 3.516151
[e004 s0350/1030] loss = 3.808519
[e004 s0400/1030] loss = 3.569540
[e004 s0450/1030] loss = 3.683691
[e004 s0500/1030] loss = 3.498163
[e004 s0550/1030] loss = 3.489930
[e004 s0600/1030] loss = 3.644818
[e004 s0650/1030] loss = 3.732143
[e004 s0700/1030] loss = 3.600811
[e004 s0750/1030] loss = 3.674633
[e004 s0800/1030] loss = 3.751889
[e004 s0850/1030] loss = 4.223767
[e004 s0900/1030] loss = 4.144985
[e004 s0950/1030] loss = 4.337128
[e004 s1000/1030] loss = 4.563368
Epoch 004: train_loss = 4.629053  MAE/GAME0 = 642.240  RMSE = 2005.613  GAME1 = 672.937  GAME2 = 686.947  GAME3 = 689.130  lr = 3.66e-06  time = 38.4s
[e005 s0001/1030] loss = 0.467377
[e005 s0050/1030] loss = 2.381993
[e005 s0100/1030] loss = 3.337475
[e005 s0150/1030] loss = 3.777477
[e005 s0200/1030] loss = 3.930043
[e005 s0250/1030] loss = 4.527481
[e005 s0300/1030] loss = 4.510635
[e005 s0350/1030] loss = 4.282277
[e005 s0400/1030] loss = 4.730811
[e005 s0450/1030] loss = 4.615697
[e005 s0500/1030] loss = 4.533022
[e005 s0550/1030] loss = 4.572760
[e005 s0600/1030] loss = 4.483604
[e005 s0650/1030] loss = 5.056902
[e005 s0700/1030] loss = 4.986151
[e005 s0750/1030] loss = 5.066231
[e005 s0800/1030] loss = 4.913168
[e005 s0850/1030] loss = 4.881632
[e005 s0900/1030] loss = 4.816940
[e005 s0950/1030] loss = 4.705130
[e005 s1000/1030] loss = 4.658874
Epoch 005: train_loss = 4.629053  MAE/GAME0 = 84.476  RMSE = 153.322  GAME1 = 104.772  GAME2 = 111.829  GAME3 = 112.457  lr = 4.03e-06  time = 38.3s
[e006 s0001/1030] loss = 1.008857
[e006 s0050/1030] loss = 1.902145
[e006 s0100/1030] loss = 2.447217
[e006 s0150/1030] loss = 3.390401
[e006 s0200/1030] loss = 3.281011
[e006 s0250/1030] loss = 3.170886
[e006 s0300/1030] loss = 3.282604
[e006 s0350/1030] loss = 3.333347
[e006 s0400/1030] loss = 4.700562
[e006 s0450/1030] loss = 4.606102
[e006 s0500/1030] loss = 4.861922
[e006 s0550/1030] loss = 4.687461
[e006 s0600/1030] loss = 4.496878
[e006 s0650/1030] loss = 4.783190
[e006 s0700/1030] loss = 4.715926
[e006 s0750/1030] loss = 4.780522
[e006 s0800/1030] loss = 4.753486
[e006 s0850/1030] loss = 4.647308
[e006 s0900/1030] loss = 4.632667
[e006 s0950/1030] loss = 4.782569
[e006 s1000/1030] loss = 4.759249
Epoch 006: train_loss = 4.885990  MAE/GAME0 = 229.973  RMSE = 450.710  GAME1 = 264.581  GAME2 = 276.935  GAME3 = 279.924  lr = 4.47e-06  time = 64.2s
[e007 s0001/1030] loss = 1.236869
[e007 s0050/1030] loss = 3.586988
[e007 s0100/1030] loss = 3.710951
[e007 s0150/1030] loss = 3.970596
[e007 s0200/1030] loss = 3.872443
[e007 s0250/1030] loss = 4.156378
[e007 s0300/1030] loss = 3.862704
[e007 s0350/1030] loss = 4.291204
[e007 s0400/1030] loss = 5.616894
[e007 s0450/1030] loss = 5.660173
[e007 s0500/1030] loss = 5.400754
[e007 s0550/1030] loss = 5.451764
[e007 s0600/1030] loss = 86.901902
[e007 s0650/1030] loss = 80.764944
[e007 s0700/1030] loss = 75.170030
[e007 s0750/1030] loss = 70.383534
[e007 s0800/1030] loss = 66.156417
[e007 s0850/1030] loss = 62.446258
[e007 s0900/1030] loss = 59.413026
[e007 s0950/1030] loss = 56.474801
[e007 s1000/1030] loss = 53.832837
Epoch 007: train_loss = 52.393013  MAE/GAME0 = 137.428  RMSE = 311.578  GAME1 = 153.708  GAME2 = 159.523  GAME3 = 160.150  lr = 4.99e-06  time = 62.7s
[e008 s0001/1030] loss = 15.040712
[e008 s0050/1030] loss = 2.706287
[e008 s0100/1030] loss = 3.660583
[e008 s0150/1030] loss = 4.992208
[e008 s0200/1030] loss = 4.493676
[e008 s0250/1030] loss = 4.384005
[e008 s0300/1030] loss = 4.234101
[e008 s0350/1030] loss = 4.456627
[e008 s0400/1030] loss = 4.281040
[e008 s0450/1030] loss = 5.467250
[e008 s0500/1030] loss = 5.342253
[e008 s0550/1030] loss = 5.056041
[e008 s0600/1030] loss = 5.265317
[e008 s0650/1030] loss = 5.536610
[e008 s0700/1030] loss = 5.453074
[e008 s0750/1030] loss = 5.287723
[e008 s0800/1030] loss = 5.175589
[e008 s0850/1030] loss = 5.088109
[e008 s0900/1030] loss = 5.046617
[e008 s0950/1030] loss = 4.894288
[e008 s1000/1030] loss = 4.844661
Epoch 008: train_loss = 4.783602  MAE/GAME0 = 325.059  RMSE = 1208.068  GAME1 = 339.714  GAME2 = 344.445  GAME3 = 344.585  lr = 5.58e-06  time = 62.9s
[e009 s0001/1030] loss = 1.534932
[e009 s0050/1030] loss = 8.389183
[e009 s0100/1030] loss = 6.372836
[e009 s0150/1030] loss = 6.686062
[e009 s0200/1030] loss = 7.947461
[e009 s0250/1030] loss = 6.818456
[e009 s0300/1030] loss = 6.629799
[e009 s0350/1030] loss = 6.360239
[e009 s0400/1030] loss = 6.095350
[e009 s0450/1030] loss = 5.716092
[e009 s0500/1030] loss = 5.490657
[e009 s0550/1030] loss = 5.302814
[e009 s0600/1030] loss = 5.092182
[e009 s0650/1030] loss = 5.087556
[e009 s0700/1030] loss = 4.927733
[e009 s0750/1030] loss = 4.901305
[e009 s0800/1030] loss = 4.796012
[e009 s0850/1030] loss = 4.747582
[e009 s0900/1030] loss = 4.700868
[e009 s0950/1030] loss = 4.583453
[e009 s1000/1030] loss = 4.533551
Epoch 009: train_loss = 4.629053  MAE/GAME0 = 7426.636  RMSE = 17239.743  GAME1 = 7468.587  GAME2 = 7491.747  GAME3 = 7495.415  lr = 6.23e-06  time = 62.3s
[e010 s0001/1030] loss = 1.079379
[e010 s0050/1030] loss = 4.038631
[e010 s0100/1030] loss = 3.750319
[e010 s0150/1030] loss = 4.554699
[e010 s0200/1030] loss = 4.172010
[e010 s0250/1030] loss = 4.770296
[e010 s0300/1030] loss = 5.192918
[e010 s0350/1030] loss = 4.957570
[e010 s0400/1030] loss = 4.892921
[e010 s0450/1030] loss = 5.645495
[e010 s0500/1030] loss = 5.399248
[e010 s0550/1030] loss = 5.211379
[e010 s0600/1030] loss = 5.044197
[e010 s0650/1030] loss = 4.972438
[e010 s0700/1030] loss = 4.820678
[e010 s0750/1030] loss = 4.731344
[e010 s0800/1030] loss = 4.751961
[e010 s0850/1030] loss = 4.680800
[e010 s0900/1030] loss = 4.625575
[e010 s0950/1030] loss = 4.743323
[e010 s1000/1030] loss = 4.697207
Epoch 010: train_loss = 4.629063  MAE/GAME0 = 61794.549  RMSE = 164388.279  GAME1 = 61832.610  GAME2 = 61877.152  GAME3 = 61893.873  lr = 6.95e-06  time = 61.8s
[e011 s0001/1030] loss = 4.604608
[e011 s0050/1030] loss = 4.194952
[e011 s0100/1030] loss = 5.212433
[e011 s0150/1030] loss = 4.744995
[e011 s0200/1030] loss = 4.910018
[e011 s0250/1030] loss = 4.526540
[e011 s0300/1030] loss = 4.260277
[e011 s0350/1030] loss = 4.142367
[e011 s0400/1030] loss = 4.159186
[e011 s0450/1030] loss = 4.105287
[e011 s0500/1030] loss = 4.067168
[e011 s0550/1030] loss = 3.969391
[e011 s0600/1030] loss = 3.865554
[e011 s0650/1030] loss = 3.993694
[e011 s0700/1030] loss = 3.956843
[e011 s0750/1030] loss = 4.139687
[e011 s0800/1030] loss = 4.133151
[e011 s0850/1030] loss = 4.082535
[e011 s0900/1030] loss = 4.268115
[e011 s0950/1030] loss = 4.678111
[e011 s1000/1030] loss = 4.648143
Epoch 011: train_loss = 4.629267  MAE/GAME0 = 399595.111  RMSE = 994563.853  GAME1 = 399602.685  GAME2 = 399652.442  GAME3 = 399688.532  lr = 7.73e-06  time = 62.2s
[e012 s0001/1030] loss = 1.059978
[e012 s0050/1030] loss = 2.841928
[e012 s0100/1030] loss = 2.938453
[e012 s0150/1030] loss = 3.590778
[e012 s0200/1030] loss = 3.306941
[e012 s0250/1030] loss = 4.322281
[e012 s0300/1030] loss = 4.086686
[e012 s0350/1030] loss = 3.989377
[e012 s0400/1030] loss = 3.769315
[e012 s0450/1030] loss = 3.783536
[e012 s0500/1030] loss = 3.762978
[e012 s0550/1030] loss = 3.890926
[e012 s0600/1030] loss = 3.943943
[e012 s0650/1030] loss = 4.871495
[e012 s0700/1030] loss = 4.889595
[e012 s0750/1030] loss = 4.767496
[e012 s0800/1030] loss = 4.758105
[e012 s0850/1030] loss = 4.832260
[e012 s0900/1030] loss = 4.752124
[e012 s0950/1030] loss = 4.645117
[e012 s1000/1030] loss = 4.566247
Epoch 012: train_loss = 4.629053  MAE/GAME0 = 1714534.918  RMSE = 4650800.043  GAME1 = 1714577.039  GAME2 = 1714631.426  GAME3 = 1714649.389  lr = 8.57e-06  time = 62.7s
[e013 s0001/1030] loss = 5.486562
[e013 s0050/1030] loss = 5.543947
[e013 s0100/1030] loss = 5.490736
[e013 s0150/1030] loss = 5.022231
[e013 s0200/1030] loss = 4.561935
[e013 s0250/1030] loss = 4.598534
[e013 s0300/1030] loss = 4.592421
[e013 s0350/1030] loss = 4.426378
[e013 s0400/1030] loss = 4.212544
[e013 s0450/1030] loss = 4.061201
[e013 s0500/1030] loss = 3.971224
[e013 s0550/1030] loss = 4.002446
[e013 s0600/1030] loss = 3.914124
[e013 s0650/1030] loss = 4.584104
[e013 s0700/1030] loss = 4.510906
[e013 s0750/1030] loss = 4.369449
[e013 s0800/1030] loss = 4.278210
[e013 s0850/1030] loss = 4.508421
[e013 s0900/1030] loss = 4.650218
[e013 s0950/1030] loss = 4.597401
[e013 s1000/1030] loss = 4.618665
Epoch 013: train_loss = 4.817713  MAE/GAME0 = 17476.732  RMSE = 37744.817  GAME1 = 17524.135  GAME2 = 17556.084  GAME3 = 17565.247  lr = 9.45e-06  time = 62.6s
[e014 s0001/1030] loss = 0.138794
[e014 s0050/1030] loss = 3.404155
[e014 s0100/1030] loss = 3.229348
[e014 s0150/1030] loss = 3.531865
[e014 s0200/1030] loss = 3.335383
[e014 s0250/1030] loss = 3.248416
[e014 s0300/1030] loss = 7.837980
[e014 s0350/1030] loss = 7.647604
[e014 s0400/1030] loss = 7.520013
[e014 s0450/1030] loss = 7.052014
[e014 s0500/1030] loss = 6.649662
[e014 s0550/1030] loss = 6.645668
[e014 s0600/1030] loss = 6.726887
[e014 s0650/1030] loss = 6.423094
[e014 s0700/1030] loss = 6.161390
[e014 s0750/1030] loss = 6.015294
[e014 s0800/1030] loss = 5.964896
[e014 s0850/1030] loss = 5.762575
[e014 s0900/1030] loss = 5.598349
[e014 s0950/1030] loss = 6.045705
[e014 s1000/1030] loss = 5.942950
Epoch 014: train_loss = 5.963530  MAE/GAME0 = 148.732  RMSE = 1087.614  GAME1 = 150.264  GAME2 = 150.609  GAME3 = 150.612  lr = 1.04e-05  time = 61.8s
[e015 s0001/1030] loss = 0.250243
[e015 s0050/1030] loss = 4.045468
[e015 s0100/1030] loss = 8.045486
[e015 s0150/1030] loss = 6.536724
[e015 s0200/1030] loss = 6.054594
[e015 s0250/1030] loss = 5.552482
[e015 s0300/1030] loss = 5.013199
[e015 s0350/1030] loss = 5.541208
[e015 s0400/1030] loss = 5.289369
[e015 s0450/1030] loss = 5.064428
[e015 s0500/1030] loss = 4.836869
[e015 s0550/1030] loss = 4.989414
[e015 s0600/1030] loss = 4.957470
[e015 s0650/1030] loss = 7.065051
[e015 s0700/1030] loss = 6.928508
[e015 s0750/1030] loss = 6.695445
[e015 s0800/1030] loss = 6.538460
[e015 s0850/1030] loss = 6.480717
[e015 s0900/1030] loss = 6.395638
[e015 s0950/1030] loss = 6.250285
[e015 s1000/1030] loss = 6.092084
Epoch 015: train_loss = 5.994710  MAE/GAME0 = 65.450  RMSE = 89.862  GAME1 = 65.450  GAME2 = 65.450  GAME3 = 65.450  lr = 1.13e-05  time = 62.8s
[e016 s0001/1030] loss = 0.196796
[e016 s0050/1030] loss = 2.275583
[e016 s0100/1030] loss = 2.714295
[e016 s0150/1030] loss = 3.585923
[e016 s0200/1030] loss = 4.524064
[e016 s0250/1030] loss = 4.483121
[e016 s0300/1030] loss = 4.357152
[e016 s0350/1030] loss = 4.676424
[e016 s0400/1030] loss = 4.690844
[e016 s0450/1030] loss = 4.472648
[e016 s0500/1030] loss = 4.504169
[e016 s0550/1030] loss = 5.370897
[e016 s0600/1030] loss = 5.138963
[e016 s0650/1030] loss = 4.889758
[e016 s0700/1030] loss = 4.761688
[e016 s0750/1030] loss = 4.889781
[e016 s0800/1030] loss = 4.754459
[e016 s0850/1030] loss = 4.678907
[e016 s0900/1030] loss = 6.015727
[e016 s0950/1030] loss = 5.867660
[e016 s1000/1030] loss = 5.930205
Epoch 016: train_loss = 5.836744  MAE/GAME0 = 65.450  RMSE = 89.862  GAME1 = 65.450  GAME2 = 65.450  GAME3 = 65.450  lr = 1.23e-05  time = 61.2s
[e017 s0001/1030] loss = 12.392693
[e017 s0050/1030] loss = 4.337408
[e017 s0100/1030] loss = 4.122062
[e017 s0150/1030] loss = 5.721240
[e017 s0200/1030] loss = 4.908089
[e017 s0250/1030] loss = 4.612037
[e017 s0300/1030] loss = 4.794285
[e017 s0350/1030] loss = 4.634871
[e017 s0400/1030] loss = 4.427955
[e017 s0450/1030] loss = 4.427221
[e017 s0500/1030] loss = 4.608722
[e017 s0550/1030] loss = 4.611942
[e017 s0600/1030] loss = 4.523561
[e017 s0650/1030] loss = 4.379584
[e017 s0700/1030] loss = 4.239437
[e017 s0750/1030] loss = 4.346717
[e017 s0800/1030] loss = 4.355156
[e017 s0850/1030] loss = 4.302361
[e017 s0900/1030] loss = 4.736002
[e017 s0950/1030] loss = 4.639632
[e017 s1000/1030] loss = 4.696969
Epoch 017: train_loss = 4.629059  MAE/GAME0 = 65.450  RMSE = 89.862  GAME1 = 65.450  GAME2 = 65.450  GAME3 = 65.450  lr = 1.33e-05  time = 59.8s
[e018 s0001/1030] loss = 0.246760
[e018 s0050/1030] loss = 4.369569
[e018 s0100/1030] loss = 4.597418
[e018 s0150/1030] loss = 4.504877
[e018 s0200/1030] loss = 4.563647
[e018 s0250/1030] loss = 4.320877
[e018 s0300/1030] loss = 4.687466
[e018 s0350/1030] loss = 4.550280
[e018 s0400/1030] loss = 4.688044
[e018 s0450/1030] loss = 4.460931
[e018 s0500/1030] loss = 4.315972
[e018 s0550/1030] loss = 4.352517
[e018 s0600/1030] loss = 4.256484
[e018 s0650/1030] loss = 4.329734
[e018 s0700/1030] loss = 4.590342
[e018 s0750/1030] loss = 4.478730
[e018 s0800/1030] loss = 4.448801
[e018 s0850/1030] loss = 4.391846
[e018 s0900/1030] loss = 4.316331
[e018 s0950/1030] loss = 4.275476
[e018 s1000/1030] loss = 4.224200
Epoch 018: train_loss = 4.628854  MAE/GAME0 = 65.450  RMSE = 89.862  GAME1 = 65.450  GAME2 = 65.450  GAME3 = 65.450  lr = 1.44e-05  time = 59.7s
[e019 s0001/1030] loss = 4.022519
[e019 s0050/1030] loss = 6.458715
[e019 s0100/1030] loss = 4.589473
[e019 s0150/1030] loss = 5.105013
[e019 s0200/1030] loss = 4.406159
[e019 s0250/1030] loss = 4.196288
[e019 s0300/1030] loss = 4.097748
[e019 s0350/1030] loss = 3.745397
[e019 s0400/1030] loss = 3.622916
[e019 s0450/1030] loss = 4.258956
[e019 s0500/1030] loss = 4.048424
[e019 s0550/1030] loss = 3.798110
[e019 s0600/1030] loss = 3.630912
[e019 s0650/1030] loss = 3.503869
[e019 s0700/1030] loss = 3.311113
[e019 s0750/1030] loss = 3.229630
[e019 s0800/1030] loss = 3.132061
[e019 s0850/1030] loss = 3.046065
[e019 s0900/1030] loss = 2.953584
[e019 s0950/1030] loss = 2.859996
[e019 s1000/1030] loss = 2.777969
Epoch 019: train_loss = 2.729235  MAE/GAME0 = 65.144  RMSE = 89.596  GAME1 = 65.173  GAME2 = 65.237  GAME3 = 65.282  lr = 1.54e-05  time = 59.6s
[e020 s0001/1030] loss = 0.762188
[e020 s0050/1030] loss = 1.086763
[e020 s0100/1030] loss = 1.588485
[e020 s0150/1030] loss = 1.556223
[e020 s0200/1030] loss = 1.395953
[e020 s0250/1030] loss = 1.601876
[e020 s0300/1030] loss = 1.521686
[e020 s0350/1030] loss = 1.602105
[e020 s0400/1030] loss = 1.743863
[e020 s0450/1030] loss = 1.912997
[e020 s0500/1030] loss = 1.863421
[e020 s0550/1030] loss = 1.972843
[e020 s0600/1030] loss = 1.896752
[e020 s0650/1030] loss = 1.828608
[e020 s0700/1030] loss = 1.809997
[e020 s0750/1030] loss = 1.803833
[e020 s0800/1030] loss = 1.747472
[e020 s0850/1030] loss = 1.711344
[e020 s0900/1030] loss = 1.688970
[e020 s0950/1030] loss = 1.642617
[e020 s1000/1030] loss = 1.660746
Epoch 020: train_loss = 1.938136  MAE/GAME0 = 55.719  RMSE = 81.919  GAME1 = 57.324  GAME2 = 59.831  GAME3 = 61.490  lr = 1.65e-05  time = 59.1s
[e021 s0001/1030] loss = 0.303614
[e021 s0050/1030] loss = 0.809768
[e021 s0100/1030] loss = 1.147704
[e021 s0150/1030] loss = 1.092768
[e021 s0200/1030] loss = 1.259600
[e021 s0250/1030] loss = 1.253255
[e021 s0300/1030] loss = 1.205380
[e021 s0350/1030] loss = 1.133613
[e021 s0400/1030] loss = 1.113773
[e021 s0450/1030] loss = 1.091563
[e021 s0500/1030] loss = 1.057777
[e021 s0550/1030] loss = 1.042004
[e021 s0600/1030] loss = 1.000869
[e021 s0650/1030] loss = 1.109832
[e021 s0700/1030] loss = 1.104065
[e021 s0750/1030] loss = 1.099396
[e021 s0800/1030] loss = 1.091157
[e021 s0850/1030] loss = 1.689710
[e021 s0900/1030] loss = 1.650051
[e021 s0950/1030] loss = 1.610068
[e021 s1000/1030] loss = 1.649806
Epoch 021: train_loss = 1.632549  MAE/GAME0 = 33.025  RMSE = 67.108  GAME1 = 36.419  GAME2 = 40.178  GAME3 = 43.976  lr = 1.76e-05  time = 58.9s
[e022 s0001/1030] loss = 0.319857
[e022 s0050/1030] loss = 0.930703
[e022 s0100/1030] loss = 0.904325
[e022 s0150/1030] loss = 0.840590
[e022 s0200/1030] loss = 0.905564
[e022 s0250/1030] loss = 0.855455
[e022 s0300/1030] loss = 0.907577
[e022 s0350/1030] loss = 1.837743
[e022 s0400/1030] loss = 1.739111
[e022 s0450/1030] loss = 1.610313
[e022 s0500/1030] loss = 1.654137
[e022 s0550/1030] loss = 1.565821
[e022 s0600/1030] loss = 1.516646
[e022 s0650/1030] loss = 1.464871
[e022 s0700/1030] loss = 1.414849
[e022 s0750/1030] loss = 1.364629
[e022 s0800/1030] loss = 1.320095
[e022 s0850/1030] loss = 1.312682
[e022 s0900/1030] loss = 1.285675
[e022 s0950/1030] loss = 1.260601
[e022 s1000/1030] loss = 1.260526
Epoch 022: train_loss = 1.255249  MAE/GAME0 = 55.915  RMSE = 82.580  GAME1 = 56.681  GAME2 = 58.023  GAME3 = 58.903  lr = 1.86e-05  time = 59.1s
[e023 s0001/1030] loss = 0.132971
[e023 s0050/1030] loss = 0.555658
[e023 s0100/1030] loss = 0.963229
[e023 s0150/1030] loss = 0.863024
[e023 s0200/1030] loss = 0.830005
[e023 s0250/1030] loss = 0.868826
[e023 s0300/1030] loss = 0.838503
[e023 s0350/1030] loss = 0.839256
[e023 s0400/1030] loss = 0.829223
[e023 s0450/1030] loss = 0.807753
[e023 s0500/1030] loss = 0.812785
[e023 s0550/1030] loss = 0.787515
[e023 s0600/1030] loss = 0.806807
[e023 s0650/1030] loss = 0.796671
[e023 s0700/1030] loss = 0.841409
[e023 s0750/1030] loss = 1.192657
[e023 s0800/1030] loss = 1.193650
[e023 s0850/1030] loss = 1.184484
[e023 s0900/1030] loss = 1.174944
[e023 s0950/1030] loss = 1.148582
[e023 s1000/1030] loss = 1.130118
Epoch 023: train_loss = 1.111739  MAE/GAME0 = 47.788  RMSE = 77.058  GAME1 = 51.828  GAME2 = 55.565  GAME3 = 57.741  lr = 1.97e-05  time = 59.2s
[e024 s0001/1030] loss = 0.316246
[e024 s0050/1030] loss = 0.631941
[e024 s0100/1030] loss = 0.711673
[e024 s0150/1030] loss = 0.692061
[e024 s0200/1030] loss = 0.707599
[e024 s0250/1030] loss = 0.716270
[e024 s0300/1030] loss = 0.841036
[e024 s0350/1030] loss = 0.802845
[e024 s0400/1030] loss = 0.771971
[e024 s0450/1030] loss = 0.750718
[e024 s0500/1030] loss = 0.732215
[e024 s0550/1030] loss = 0.758760
[e024 s0600/1030] loss = 0.752097
[e024 s0650/1030] loss = 0.735722
[e024 s0700/1030] loss = 0.725042
[e024 s0750/1030] loss = 0.732145
[e024 s0800/1030] loss = 1.012810
[e024 s0850/1030] loss = 0.987234
[e024 s0900/1030] loss = 0.978746
[e024 s0950/1030] loss = 0.997607
[e024 s1000/1030] loss = 0.970580
Epoch 024: train_loss = 0.962639  MAE/GAME0 = 51.967  RMSE = 80.766  GAME1 = 54.797  GAME2 = 58.177  GAME3 = 60.554  lr = 2.07e-05  time = 61.2s
[e025 s0001/1030] loss = 0.033043
[e025 s0050/1030] loss = 0.452174
[e025 s0100/1030] loss = 0.457955
[e025 s0150/1030] loss = 0.499650
[e025 s0200/1030] loss = 0.539653
[e025 s0250/1030] loss = 0.717579
[e025 s0300/1030] loss = 0.666165
[e025 s0350/1030] loss = 1.325591
[e025 s0400/1030] loss = 1.200051
[e025 s0450/1030] loss = 1.119729
[e025 s0500/1030] loss = 1.090712
[e025 s0550/1030] loss = 1.034544
[e025 s0600/1030] loss = 0.995577
[e025 s0650/1030] loss = 0.948083
[e025 s0700/1030] loss = 0.919777
[e025 s0750/1030] loss = 0.892436
[e025 s0800/1030] loss = 0.896148
[e025 s0850/1030] loss = 0.883535
[e025 s0900/1030] loss = 0.863217
[e025 s0950/1030] loss = 0.863658
[e025 s1000/1030] loss = 0.922690
Epoch 025: train_loss = 0.948563  MAE/GAME0 = 57.532  RMSE = 84.544  GAME1 = 59.359  GAME2 = 61.592  GAME3 = 63.169  lr = 2.17e-05  time = 65.2s
[e026 s0001/1030] loss = 0.085426
[e026 s0050/1030] loss = 0.567957
[e026 s0100/1030] loss = 0.535721
[e026 s0150/1030] loss = 0.524498
[e026 s0200/1030] loss = 0.576253
[e026 s0250/1030] loss = 0.533983
[e026 s0300/1030] loss = 1.048527
[e026 s0350/1030] loss = 0.996285
[e026 s0400/1030] loss = 0.973962
[e026 s0450/1030] loss = 0.931381
[e026 s0500/1030] loss = 0.898833
[e026 s0550/1030] loss = 0.864929
[e026 s0600/1030] loss = 0.845346
[e026 s0650/1030] loss = 0.861532
[e026 s0700/1030] loss = 0.836887
[e026 s0750/1030] loss = 0.883945
[e026 s0800/1030] loss = 0.858517
[e026 s0850/1030] loss = 0.837535
[e026 s0900/1030] loss = 0.820609
[e026 s0950/1030] loss = 0.818041
[e026 s1000/1030] loss = 0.798002
Epoch 026: train_loss = 0.812647  MAE/GAME0 = 35.957  RMSE = 69.070  GAME1 = 40.949  GAME2 = 45.882  GAME3 = 49.818  lr = 2.26e-05  time = 63.8s
[e027 s0001/1030] loss = 0.142561
[e027 s0050/1030] loss = 0.760166
[e027 s0100/1030] loss = 0.657158
[e027 s0150/1030] loss = 0.659710
[e027 s0200/1030] loss = 0.581233
[e027 s0250/1030] loss = 0.604525
[e027 s0300/1030] loss = 0.586674
[e027 s0350/1030] loss = 0.568685
[e027 s0400/1030] loss = 0.592947
[e027 s0450/1030] loss = 0.583819
[e027 s0500/1030] loss = 0.608285
[e027 s0550/1030] loss = 0.600840
[e027 s0600/1030] loss = 0.595278
[e027 s0650/1030] loss = 0.634039
[e027 s0700/1030] loss = 0.610652
[e027 s0750/1030] loss = 0.612214
[e027 s0800/1030] loss = 0.599838
[e027 s0850/1030] loss = 0.590231
[e027 s0900/1030] loss = 0.597315
[e027 s0950/1030] loss = 0.598755
[e027 s1000/1030] loss = 0.614383
Epoch 027: train_loss = 0.763774  MAE/GAME0 = 57.512  RMSE = 84.432  GAME1 = 59.490  GAME2 = 61.751  GAME3 = 63.140  lr = 2.36e-05  time = 62.2s
[e028 s0001/1030] loss = 0.140955
[e028 s0050/1030] loss = 0.754780
[e028 s0100/1030] loss = 0.617669
[e028 s0150/1030] loss = 0.614839
[e028 s0200/1030] loss = 0.580880
[e028 s0250/1030] loss = 0.598136
[e028 s0300/1030] loss = 0.585423
[e028 s0350/1030] loss = 0.562067
[e028 s0400/1030] loss = 0.594840
[e028 s0450/1030] loss = 0.570792
[e028 s0500/1030] loss = 0.567434
[e028 s0550/1030] loss = 0.565170
[e028 s0600/1030] loss = 0.560830
[e028 s0650/1030] loss = 0.544654
[e028 s0700/1030] loss = 0.786808
[e028 s0750/1030] loss = 0.773130
[e028 s0800/1030] loss = 0.771091
[e028 s0850/1030] loss = 0.751540
[e028 s0900/1030] loss = 0.736767
[e028 s0950/1030] loss = 0.724790
[e028 s1000/1030] loss = 0.715464
Epoch 028: train_loss = 0.710249  MAE/GAME0 = 62.986  RMSE = 88.073  GAME1 = 63.463  GAME2 = 64.128  GAME3 = 64.591  lr = 2.44e-05  time = 60.3s
[e029 s0001/1030] loss = 0.401771
[e029 s0050/1030] loss = 0.892640
[e029 s0100/1030] loss = 0.623931
[e029 s0150/1030] loss = 0.564135
[e029 s0200/1030] loss = 0.529709
[e029 s0250/1030] loss = 0.560928
[e029 s0300/1030] loss = 0.557088
[e029 s0350/1030] loss = 0.522808
[e029 s0400/1030] loss = 0.507853
[e029 s0450/1030] loss = 0.508410
[e029 s0500/1030] loss = 0.512880
[e029 s0550/1030] loss = 0.498943
[e029 s0600/1030] loss = 0.492314
[e029 s0650/1030] loss = 0.674606
[e029 s0700/1030] loss = 0.672071
[e029 s0750/1030] loss = 0.662440
[e029 s0800/1030] loss = 0.651178
[e029 s0850/1030] loss = 0.655895
[e029 s0900/1030] loss = 0.638535
[e029 s0950/1030] loss = 0.620228
[e029 s1000/1030] loss = 0.617526
Epoch 029: train_loss = 0.613202  MAE/GAME0 = 60.447  RMSE = 86.412  GAME1 = 62.053  GAME2 = 63.443  GAME3 = 64.320  lr = 2.53e-05  time = 62.8s
[e030 s0001/1030] loss = 0.216626
[e030 s0050/1030] loss = 0.578855
[e030 s0100/1030] loss = 0.571250
[e030 s0150/1030] loss = 0.525331
[e030 s0200/1030] loss = 0.500570
[e030 s0250/1030] loss = 0.486178
[e030 s0300/1030] loss = 0.509398
[e030 s0350/1030] loss = 0.477421
[e030 s0400/1030] loss = 0.501541
[e030 s0450/1030] loss = 0.481156
[e030 s0500/1030] loss = 0.469319
[e030 s0550/1030] loss = 0.452812
[e030 s0600/1030] loss = 0.451017
[e030 s0650/1030] loss = 0.441883
[e030 s0700/1030] loss = 0.433444
[e030 s0750/1030] loss = 0.711985
[e030 s0800/1030] loss = 0.725707
[e030 s0850/1030] loss = 0.705799
[e030 s0900/1030] loss = 0.697769
[e030 s0950/1030] loss = 0.717092
[e030 s1000/1030] loss = 0.739060
Epoch 030: train_loss = 0.736828  MAE/GAME0 = 49.853  RMSE = 78.422  GAME1 = 52.049  GAME2 = 54.496  GAME3 = 56.080  lr = 2.60e-05  time = 62.8s
[e031 s0001/1030] loss = 1.690923
[e031 s0050/1030] loss = 0.739758
[e031 s0100/1030] loss = 0.588424
[e031 s0150/1030] loss = 0.551014
[e031 s0200/1030] loss = 0.499938
[e031 s0250/1030] loss = 0.509581
[e031 s0300/1030] loss = 0.491950
[e031 s0350/1030] loss = 0.466790
[e031 s0400/1030] loss = 0.467048
[e031 s0450/1030] loss = 0.458986
[e031 s0500/1030] loss = 0.474959
[e031 s0550/1030] loss = 0.477261
[e031 s0600/1030] loss = 0.485120
[e031 s0650/1030] loss = 0.471293
[e031 s0700/1030] loss = 0.465930
[e031 s0750/1030] loss = 0.478113
[e031 s0800/1030] loss = 0.744604
[e031 s0850/1030] loss = 0.724066
[e031 s0900/1030] loss = 0.706634
[e031 s0950/1030] loss = 0.694058
[e031 s1000/1030] loss = 0.680803
Epoch 031: train_loss = 0.672986  MAE/GAME0 = 46.435  RMSE = 74.199  GAME1 = 51.616  GAME2 = 55.479  GAME3 = 58.012  lr = 2.68e-05  time = 62.0s
[e032 s0001/1030] loss = 0.221668
[e032 s0050/1030] loss = 0.411780
[e032 s0100/1030] loss = 0.421629
[e032 s0150/1030] loss = 0.392545
[e032 s0200/1030] loss = 1.156198
[e032 s0250/1030] loss = 1.020041
[e032 s0300/1030] loss = 0.908430
[e032 s0350/1030] loss = 0.822013
[e032 s0400/1030] loss = 0.767622
[e032 s0450/1030] loss = 0.727762
[e032 s0500/1030] loss = 0.685138
[e032 s0550/1030] loss = 0.642262
[e032 s0600/1030] loss = 0.638082
[e032 s0650/1030] loss = 0.614153
[e032 s0700/1030] loss = 0.602380
[e032 s0750/1030] loss = 0.619089
[e032 s0800/1030] loss = 0.602815
[e032 s0850/1030] loss = 0.587181
[e032 s0900/1030] loss = 0.576139
[e032 s0950/1030] loss = 0.573610
[e032 s1000/1030] loss = 0.557325
Epoch 032: train_loss = 0.554576  MAE/GAME0 = 53.635  RMSE = 82.293  GAME1 = 58.395  GAME2 = 62.131  GAME3 = 64.942  lr = 2.74e-05  time = 62.7s
[e033 s0001/1030] loss = 0.330293
[e033 s0050/1030] loss = 0.282869
[e033 s0100/1030] loss = 0.343960
[e033 s0150/1030] loss = 0.317097
[e033 s0200/1030] loss = 0.334182
[e033 s0250/1030] loss = 0.337728
[e033 s0300/1030] loss = 0.344539
[e033 s0350/1030] loss = 0.388701
[e033 s0400/1030] loss = 0.384380
[e033 s0450/1030] loss = 0.739899
[e033 s0500/1030] loss = 0.701679
[e033 s0550/1030] loss = 0.688022
[e033 s0600/1030] loss = 0.652672
[e033 s0650/1030] loss = 0.687058
[e033 s0700/1030] loss = 0.660198
[e033 s0750/1030] loss = 0.640102
[e033 s0800/1030] loss = 0.626904
[e033 s0850/1030] loss = 0.609082
[e033 s0900/1030] loss = 0.592096
[e033 s0950/1030] loss = 0.574752
[e033 s1000/1030] loss = 0.572576
Epoch 033: train_loss = 0.563183  MAE/GAME0 = 51.218  RMSE = 77.865  GAME1 = 58.831  GAME2 = 64.149  GAME3 = 67.488  lr = 2.80e-05  time = 59.8s
[e034 s0001/1030] loss = 0.051824
[e034 s0050/1030] loss = 0.225454
[e034 s0100/1030] loss = 0.315728
[e034 s0150/1030] loss = 0.293734
[e034 s0200/1030] loss = 0.295578
[e034 s0250/1030] loss = 0.285687
[e034 s0300/1030] loss = 0.292684
[e034 s0350/1030] loss = 0.966388
[e034 s0400/1030] loss = 0.881746
[e034 s0450/1030] loss = 0.814928
[e034 s0500/1030] loss = 0.786549
[e034 s0550/1030] loss = 0.796269
[e034 s0600/1030] loss = 0.782204
[e034 s0650/1030] loss = 0.745573
[e034 s0700/1030] loss = 0.760631
[e034 s0750/1030] loss = 0.736990
[e034 s0800/1030] loss = 0.717339
[e034 s0850/1030] loss = 0.685597
[e034 s0900/1030] loss = 0.678000
[e034 s0950/1030] loss = 0.658943
[e034 s1000/1030] loss = 0.646502
Epoch 034: train_loss = 0.638900  MAE/GAME0 = 55.883  RMSE = 82.341  GAME1 = 58.059  GAME2 = 60.502  GAME3 = 61.770  lr = 2.85e-05  time = 60.7s
[e035 s0001/1030] loss = 0.509949
[e035 s0050/1030] loss = 0.458416
[e035 s0100/1030] loss = 0.433061
[e035 s0150/1030] loss = 0.420006
[e035 s0200/1030] loss = 0.389326
[e035 s0250/1030] loss = 0.482890
[e035 s0300/1030] loss = 0.445704
[e035 s0350/1030] loss = 0.442911
[e035 s0400/1030] loss = 0.417684
[e035 s0450/1030] loss = 0.405249
[e035 s0500/1030] loss = 0.397298
[e035 s0550/1030] loss = 0.415520
[e035 s0600/1030] loss = 0.399470
[e035 s0650/1030] loss = 0.389068
[e035 s0700/1030] loss = 0.378208
[e035 s0750/1030] loss = 0.396045
[e035 s0800/1030] loss = 0.395221
[e035 s0850/1030] loss = 0.402164
[e035 s0900/1030] loss = 0.395196
[e035 s0950/1030] loss = 0.393290
[e035 s1000/1030] loss = 0.487644
Epoch 035: train_loss = 0.494743  MAE/GAME0 = 45.277  RMSE = 72.357  GAME1 = 51.915  GAME2 = 56.984  GAME3 = 60.554  lr = 2.90e-05  time = 62.5s
[e036 s0001/1030] loss = 0.017080
[e036 s0050/1030] loss = 0.356503
[e036 s0100/1030] loss = 0.315392
[e036 s0150/1030] loss = 0.336251
[e036 s0200/1030] loss = 0.346903
[e036 s0250/1030] loss = 0.846641
[e036 s0300/1030] loss = 0.740473
[e036 s0350/1030] loss = 0.676864
[e036 s0400/1030] loss = 0.625699
[e036 s0450/1030] loss = 0.592900
[e036 s0500/1030] loss = 0.570036
[e036 s0550/1030] loss = 0.595298
[e036 s0600/1030] loss = 0.571264
[e036 s0650/1030] loss = 0.574962
[e036 s0700/1030] loss = 0.558916
[e036 s0750/1030] loss = 0.540207
[e036 s0800/1030] loss = 0.521520
[e036 s0850/1030] loss = 0.508361
[e036 s0900/1030] loss = 0.512580
[e036 s0950/1030] loss = 0.498888
[e036 s1000/1030] loss = 0.500848
Epoch 036: train_loss = 0.494529  MAE/GAME0 = 60.111  RMSE = 86.296  GAME1 = 60.972  GAME2 = 61.622  GAME3 = 62.105  lr = 2.93e-05  time = 62.8s
[e037 s0001/1030] loss = 0.083004
[e037 s0050/1030] loss = 0.244465
[e037 s0100/1030] loss = 0.274307
[e037 s0150/1030] loss = 0.250826
[e037 s0200/1030] loss = 0.293445
[e037 s0250/1030] loss = 0.284110
[e037 s0300/1030] loss = 0.285371
[e037 s0350/1030] loss = 0.294595
[e037 s0400/1030] loss = 0.290752
[e037 s0450/1030] loss = 0.296932
[e037 s0500/1030] loss = 0.300897
[e037 s0550/1030] loss = 0.308000
[e037 s0600/1030] loss = 0.313276
[e037 s0650/1030] loss = 0.330198
[e037 s0700/1030] loss = 0.334440
[e037 s0750/1030] loss = 0.358256
[e037 s0800/1030] loss = 0.358310
[e037 s0850/1030] loss = 0.362602
[e037 s0900/1030] loss = 0.362919
[e037 s0950/1030] loss = 0.520702
[e037 s1000/1030] loss = 0.507493
Epoch 037: train_loss = 0.497170  MAE/GAME0 = 57.427  RMSE = 84.348  GAME1 = 58.693  GAME2 = 59.831  GAME3 = 60.549  lr = 2.96e-05  time = 64.0s
[e038 s0001/1030] loss = 0.006154
[e038 s0050/1030] loss = 0.428794
[e038 s0100/1030] loss = 0.520453
[e038 s0150/1030] loss = 0.950455
[e038 s0200/1030] loss = 0.898979
[e038 s0250/1030] loss = 0.759158
[e038 s0300/1030] loss = 0.682776
[e038 s0350/1030] loss = 0.677784
[e038 s0400/1030] loss = 0.625103
[e038 s0450/1030] loss = 0.585450
[e038 s0500/1030] loss = 0.575533
[e038 s0550/1030] loss = 0.545064
[e038 s0600/1030] loss = 0.525155
[e038 s0650/1030] loss = 0.506230
[e038 s0700/1030] loss = 0.491922
[e038 s0750/1030] loss = 0.478045
[e038 s0800/1030] loss = 0.462338
[e038 s0850/1030] loss = 0.465189
[e038 s0900/1030] loss = 0.457571
[e038 s0950/1030] loss = 0.450172
[e038 s1000/1030] loss = 0.444137
Epoch 038: train_loss = 0.438785  MAE/GAME0 = 58.020  RMSE = 84.397  GAME1 = 59.965  GAME2 = 61.416  GAME3 = 62.577  lr = 2.98e-05  time = 63.8s
[e039 s0001/1030] loss = 0.169207
[e039 s0050/1030] loss = 0.211575
[e039 s0100/1030] loss = 0.218547
[e039 s0150/1030] loss = 0.257407
[e039 s0200/1030] loss = 0.301215
[e039 s0250/1030] loss = 0.288367
[e039 s0300/1030] loss = 0.310672
[e039 s0350/1030] loss = 0.289877
[e039 s0400/1030] loss = 0.524090
[e039 s0450/1030] loss = 0.504426
[e039 s0500/1030] loss = 0.481599
[e039 s0550/1030] loss = 0.461762
[e039 s0600/1030] loss = 0.438151
[e039 s0650/1030] loss = 0.420858
[e039 s0700/1030] loss = 0.413128
[e039 s0750/1030] loss = 0.413953
[e039 s0800/1030] loss = 0.419170
[e039 s0850/1030] loss = 0.411711
[e039 s0900/1030] loss = 0.409029
[e039 s0950/1030] loss = 0.407874
[e039 s1000/1030] loss = 0.397632
Epoch 039: train_loss = 0.395606  MAE/GAME0 = 49.426  RMSE = 77.012  GAME1 = 52.771  GAME2 = 55.386  GAME3 = 57.526  lr = 3.00e-05  time = 63.0s
[e040 s0001/1030] loss = 0.188573
[e040 s0050/1030] loss = 0.221685
[e040 s0100/1030] loss = 1.236961
[e040 s0150/1030] loss = 0.902075
[e040 s0200/1030] loss = 0.779921
[e040 s0250/1030] loss = 0.698091
[e040 s0300/1030] loss = 0.613646
[e040 s0350/1030] loss = 0.589450
[e040 s0400/1030] loss = 0.540977
[e040 s0450/1030] loss = 0.503826
[e040 s0500/1030] loss = 0.474145
[e040 s0550/1030] loss = 0.452581
[e040 s0600/1030] loss = 0.432796
[e040 s0650/1030] loss = 0.411656
[e040 s0700/1030] loss = 0.399112
[e040 s0750/1030] loss = 0.411113
[e040 s0800/1030] loss = 0.408130
[e040 s0850/1030] loss = 0.408756
[e040 s0900/1030] loss = 0.403385
[e040 s0950/1030] loss = 0.399102
[e040 s1000/1030] loss = 0.390337
Epoch 040: train_loss = 0.389608  MAE/GAME0 = 45.938  RMSE = 75.650  GAME1 = 51.629  GAME2 = 56.044  GAME3 = 59.278  lr = 3.00e-05  time = 60.0s
[e041 s0001/1030] loss = 0.510555
[e041 s0050/1030] loss = 0.288277
[e041 s0100/1030] loss = 0.252756
[e041 s0150/1030] loss = 0.400487
[e041 s0200/1030] loss = 0.368420
[e041 s0250/1030] loss = 0.407273
[e041 s0300/1030] loss = 0.439797
[e041 s0350/1030] loss = 0.395716
[e041 s0400/1030] loss = 0.378517
[e041 s0450/1030] loss = 0.360248
[e041 s0500/1030] loss = 0.348003
[e041 s0550/1030] loss = 0.506312
[e041 s0600/1030] loss = 0.489483
[e041 s0650/1030] loss = 0.483047
[e041 s0700/1030] loss = 0.459622
[e041 s0750/1030] loss = 0.457201
[e041 s0800/1030] loss = 0.442508
[e041 s0850/1030] loss = 0.429836
[e041 s0900/1030] loss = 0.422826
[e041 s0950/1030] loss = 0.418407
[e041 s1000/1030] loss = 0.411690
Epoch 041: train_loss = 0.405768  MAE/GAME0 = 52.072  RMSE = 81.002  GAME1 = 59.200  GAME2 = 64.872  GAME3 = 68.064  lr = 3.00e-05  time = 59.4s
[e042 s0001/1030] loss = 0.313485
[e042 s0050/1030] loss = 0.192958
[e042 s0100/1030] loss = 0.182761
[e042 s0150/1030] loss = 0.184861
[e042 s0200/1030] loss = 0.207954
[e042 s0250/1030] loss = 0.207426
[e042 s0300/1030] loss = 0.212484
[e042 s0350/1030] loss = 0.255964
[e042 s0400/1030] loss = 0.257665
[e042 s0450/1030] loss = 0.267395
[e042 s0500/1030] loss = 0.266506
[e042 s0550/1030] loss = 0.270715
[e042 s0600/1030] loss = 0.267455
[e042 s0650/1030] loss = 0.267997
[e042 s0700/1030] loss = 0.277558
[e042 s0750/1030] loss = 0.272170
[e042 s0800/1030] loss = 0.272989
[e042 s0850/1030] loss = 0.267856
[e042 s0900/1030] loss = 0.266619
[e042 s0950/1030] loss = 0.267433
[e042 s1000/1030] loss = 0.391759
Epoch 042: train_loss = 0.394356  MAE/GAME0 = 52.247  RMSE = 80.199  GAME1 = 57.497  GAME2 = 61.422  GAME3 = 63.842  lr = 3.00e-05  time = 59.1s
[e043 s0001/1030] loss = 0.082579
[e043 s0050/1030] loss = 0.294816
[e043 s0100/1030] loss = 0.237488
[e043 s0150/1030] loss = 0.226435
[e043 s0200/1030] loss = 0.209181
[e043 s0250/1030] loss = 0.214417
[e043 s0300/1030] loss = 0.222162
[e043 s0350/1030] loss = 0.230001
[e043 s0400/1030] loss = 0.233307
[e043 s0450/1030] loss = 0.247942
[e043 s0500/1030] loss = 0.249390
[e043 s0550/1030] loss = 0.254845
[e043 s0600/1030] loss = 0.252841
[e043 s0650/1030] loss = 0.424072
[e043 s0700/1030] loss = 0.415302
[e043 s0750/1030] loss = 0.403136
[e043 s0800/1030] loss = 0.397124
[e043 s0850/1030] loss = 0.406308
[e043 s0900/1030] loss = 0.395172
[e043 s0950/1030] loss = 0.384470
[e043 s1000/1030] loss = 0.375043
Epoch 043: train_loss = 0.369925  MAE/GAME0 = 50.915  RMSE = 78.717  GAME1 = 54.214  GAME2 = 57.103  GAME3 = 59.013  lr = 3.00e-05  time = 59.4s
[e044 s0001/1030] loss = 0.189583
[e044 s0050/1030] loss = 0.831963
[e044 s0100/1030] loss = 0.571533
[e044 s0150/1030] loss = 0.453581
[e044 s0200/1030] loss = 0.399695
[e044 s0250/1030] loss = 0.366227
[e044 s0300/1030] loss = 0.373892
[e044 s0350/1030] loss = 0.338815
[e044 s0400/1030] loss = 0.318782
[e044 s0450/1030] loss = 0.301758
[e044 s0500/1030] loss = 0.288923
[e044 s0550/1030] loss = 0.283968
[e044 s0600/1030] loss = 0.280688
[e044 s0650/1030] loss = 0.273412
[e044 s0700/1030] loss = 0.268270
[e044 s0750/1030] loss = 0.261897
[e044 s0800/1030] loss = 0.427892
[e044 s0850/1030] loss = 0.429897
[e044 s0900/1030] loss = 0.415188
[e044 s0950/1030] loss = 0.404068
[e044 s1000/1030] loss = 0.394540
Epoch 044: train_loss = 0.388433  MAE/GAME0 = 57.294  RMSE = 83.834  GAME1 = 58.655  GAME2 = 59.621  GAME3 = 60.325  lr = 3.00e-05  time = 59.6s
[e045 s0001/1030] loss = 0.086111
[e045 s0050/1030] loss = 0.277450
[e045 s0100/1030] loss = 0.329834
[e045 s0150/1030] loss = 0.307385
[e045 s0200/1030] loss = 0.275181
[e045 s0250/1030] loss = 0.729328
[e045 s0300/1030] loss = 0.641130
[e045 s0350/1030] loss = 0.574044
[e045 s0400/1030] loss = 0.532745
[e045 s0450/1030] loss = 0.500266
[e045 s0500/1030] loss = 0.465235
[e045 s0550/1030] loss = 0.437827
[e045 s0600/1030] loss = 0.423725
[e045 s0650/1030] loss = 0.414789
[e045 s0700/1030] loss = 0.400676
[e045 s0750/1030] loss = 0.387440
[e045 s0800/1030] loss = 0.385970
[e045 s0850/1030] loss = 0.377758
[e045 s0900/1030] loss = 0.366974
[e045 s0950/1030] loss = 0.368321
[e045 s1000/1030] loss = 0.363244
Epoch 045: train_loss = 0.360069  MAE/GAME0 = 61.951  RMSE = 87.000  GAME1 = 62.839  GAME2 = 63.630  GAME3 = 64.051  lr = 3.00e-05  time = 59.2s
[e046 s0001/1030] loss = 0.238143
[e046 s0050/1030] loss = 0.270092
[e046 s0100/1030] loss = 0.250393
[e046 s0150/1030] loss = 0.256074
[e046 s0200/1030] loss = 0.260865
[e046 s0250/1030] loss = 0.257011
[e046 s0300/1030] loss = 0.235727
[e046 s0350/1030] loss = 0.247879
[e046 s0400/1030] loss = 0.240669
[e046 s0450/1030] loss = 0.236268
[e046 s0500/1030] loss = 0.229130
[e046 s0550/1030] loss = 0.221599
[e046 s0600/1030] loss = 0.219670
[e046 s0650/1030] loss = 0.218915
[e046 s0700/1030] loss = 0.218758
[e046 s0750/1030] loss = 0.307357
[e046 s0800/1030] loss = 0.300915
[e046 s0850/1030] loss = 0.310636
[e046 s0900/1030] loss = 0.302934
[e046 s0950/1030] loss = 0.297869
[e046 s1000/1030] loss = 0.296332
Epoch 046: train_loss = 0.300944  MAE/GAME0 = 60.742  RMSE = 85.715  GAME1 = 61.905  GAME2 = 62.921  GAME3 = 63.452  lr = 3.00e-05  time = 59.1s
[e047 s0001/1030] loss = 0.255198
[e047 s0050/1030] loss = 0.344838
[e047 s0100/1030] loss = 0.347804
[e047 s0150/1030] loss = 0.301418
[e047 s0200/1030] loss = 0.297386
[e047 s0250/1030] loss = 0.278246
[e047 s0300/1030] loss = 0.265649
[e047 s0350/1030] loss = 0.265341
[e047 s0400/1030] loss = 0.259224
[e047 s0450/1030] loss = 0.245859
[e047 s0500/1030] loss = 0.251907
[e047 s0550/1030] loss = 0.244610
[e047 s0600/1030] loss = 0.245477
[e047 s0650/1030] loss = 0.242341
[e047 s0700/1030] loss = 0.244875
[e047 s0750/1030] loss = 0.403306
[e047 s0800/1030] loss = 0.393137
[e047 s0850/1030] loss = 0.391618
[e047 s0900/1030] loss = 0.379075
[e047 s0950/1030] loss = 0.369202
[e047 s1000/1030] loss = 0.359677
Epoch 047: train_loss = 0.353142  MAE/GAME0 = 58.672  RMSE = 84.400  GAME1 = 59.551  GAME2 = 60.226  GAME3 = 60.655  lr = 3.00e-05  time = 58.9s
[e048 s0001/1030] loss = 0.082692
[e048 s0050/1030] loss = 0.175334
[e048 s0100/1030] loss = 0.222221
[e048 s0150/1030] loss = 0.203430
[e048 s0200/1030] loss = 0.239755
[e048 s0250/1030] loss = 0.223495
[e048 s0300/1030] loss = 0.231276
[e048 s0350/1030] loss = 0.226628
[e048 s0400/1030] loss = 0.234827
[e048 s0450/1030] loss = 0.223851
[e048 s0500/1030] loss = 0.366818
[e048 s0550/1030] loss = 0.349806
[e048 s0600/1030] loss = 0.342391
[e048 s0650/1030] loss = 0.334470
[e048 s0700/1030] loss = 0.325090
[e048 s0750/1030] loss = 0.315651
[e048 s0800/1030] loss = 0.314099
[e048 s0850/1030] loss = 0.311636
[e048 s0900/1030] loss = 0.311492
[e048 s0950/1030] loss = 0.307991
[e048 s1000/1030] loss = 0.306961
Epoch 048: train_loss = 0.305691  MAE/GAME0 = 58.244  RMSE = 84.389  GAME1 = 58.809  GAME2 = 59.441  GAME3 = 60.032  lr = 3.00e-05  time = 59.5s
[e049 s0001/1030] loss = 0.206451
[e049 s0050/1030] loss = 0.146292
[e049 s0100/1030] loss = 0.158328
[e049 s0150/1030] loss = 0.156734
[e049 s0200/1030] loss = 0.181701
[e049 s0250/1030] loss = 0.183094
[e049 s0300/1030] loss = 0.179924
[e049 s0350/1030] loss = 0.170646
[e049 s0400/1030] loss = 0.223065
[e049 s0450/1030] loss = 0.221115
[e049 s0500/1030] loss = 0.239993
[e049 s0550/1030] loss = 0.227273
[e049 s0600/1030] loss = 0.232767
[e049 s0650/1030] loss = 0.369659
[e049 s0700/1030] loss = 0.357037
[e049 s0750/1030] loss = 0.342116
[e049 s0800/1030] loss = 0.330402
[e049 s0850/1030] loss = 0.334221
[e049 s0900/1030] loss = 0.325055
[e049 s0950/1030] loss = 0.321375
[e049 s1000/1030] loss = 0.314997
Epoch 049: train_loss = 0.312231  MAE/GAME0 = 39.155  RMSE = 68.520  GAME1 = 43.184  GAME2 = 47.177  GAME3 = 49.881  lr = 3.00e-05  time = 59.0s
[e050 s0001/1030] loss = 0.091929
[e050 s0050/1030] loss = 0.446796
[e050 s0100/1030] loss = 0.306435
[e050 s0150/1030] loss = 0.248975
[e050 s0200/1030] loss = 0.215121
[e050 s0250/1030] loss = 0.542224
[e050 s0300/1030] loss = 0.491682
[e050 s0350/1030] loss = 0.443456
[e050 s0400/1030] loss = 0.409590
[e050 s0450/1030] loss = 0.377165
[e050 s0500/1030] loss = 0.352895
[e050 s0550/1030] loss = 0.334772
[e050 s0600/1030] loss = 0.319860
[e050 s0650/1030] loss = 0.314188
[e050 s0700/1030] loss = 0.308259
[e050 s0750/1030] loss = 0.299682
[e050 s0800/1030] loss = 0.299062
[e050 s0850/1030] loss = 0.291556
[e050 s0900/1030] loss = 0.295400
[e050 s0950/1030] loss = 0.295827
[e050 s1000/1030] loss = 0.297440
Epoch 050: train_loss = 0.293241  MAE/GAME0 = 55.552  RMSE = 82.834  GAME1 = 57.386  GAME2 = 58.826  GAME3 = 59.917  lr = 2.99e-05  time = 59.1s
[e051 s0001/1030] loss = 1.579112
[e051 s0050/1030] loss = 0.198921
[e051 s0100/1030] loss = 0.179205
[e051 s0150/1030] loss = 0.191378
[e051 s0200/1030] loss = 0.173573
[e051 s0250/1030] loss = 0.193436
[e051 s0300/1030] loss = 0.184691
[e051 s0350/1030] loss = 0.203965
[e051 s0400/1030] loss = 0.206862
[e051 s0450/1030] loss = 0.210284
[e051 s0500/1030] loss = 0.206194
[e051 s0550/1030] loss = 0.371238
[e051 s0600/1030] loss = 0.350389
[e051 s0650/1030] loss = 0.332110
[e051 s0700/1030] loss = 0.321266
[e051 s0750/1030] loss = 0.313290
[e051 s0800/1030] loss = 0.302893
[e051 s0850/1030] loss = 0.294276
[e051 s0900/1030] loss = 0.288497
[e051 s0950/1030] loss = 0.281639
[e051 s1000/1030] loss = 0.276453
Epoch 051: train_loss = 0.275225  MAE/GAME0 = 51.270  RMSE = 79.022  GAME1 = 52.057  GAME2 = 53.263  GAME3 = 54.278  lr = 2.99e-05  time = 59.0s
[e052 s0001/1030] loss = 0.073300
[e052 s0050/1030] loss = 0.202093
[e052 s0100/1030] loss = 0.201859
[e052 s0150/1030] loss = 0.263302
[e052 s0200/1030] loss = 0.228102
[e052 s0250/1030] loss = 0.220035
[e052 s0300/1030] loss = 0.204886
[e052 s0350/1030] loss = 0.200259
[e052 s0400/1030] loss = 0.196171
[e052 s0450/1030] loss = 0.190401
[e052 s0500/1030] loss = 0.190744
[e052 s0550/1030] loss = 0.196276
[e052 s0600/1030] loss = 0.390234
[e052 s0650/1030] loss = 0.380273
[e052 s0700/1030] loss = 0.377671
[e052 s0750/1030] loss = 0.360851
[e052 s0800/1030] loss = 0.365814
[e052 s0850/1030] loss = 0.352521
[e052 s0900/1030] loss = 0.344799
[e052 s0950/1030] loss = 0.334735
[e052 s1000/1030] loss = 0.326387
Epoch 052: train_loss = 0.319637  MAE/GAME0 = 52.029  RMSE = 79.021  GAME1 = 53.730  GAME2 = 55.021  GAME3 = 55.897  lr = 2.99e-05  time = 59.2s
[e053 s0001/1030] loss = 0.021255
[e053 s0050/1030] loss = 0.206745
[e053 s0100/1030] loss = 0.209302
[e053 s0150/1030] loss = 0.186477
[e053 s0200/1030] loss = 0.171780
[e053 s0250/1030] loss = 0.165741
[e053 s0300/1030] loss = 0.162587
[e053 s0350/1030] loss = 0.405884
[e053 s0400/1030] loss = 0.380233
[e053 s0450/1030] loss = 0.355707
[e053 s0500/1030] loss = 0.342971
[e053 s0550/1030] loss = 0.325657
[e053 s0600/1030] loss = 0.309463
[e053 s0650/1030] loss = 0.296568
[e053 s0700/1030] loss = 0.283782
[e053 s0750/1030] loss = 0.274379
[e053 s0800/1030] loss = 0.267816
[e053 s0850/1030] loss = 0.262788
[e053 s0900/1030] loss = 0.271331
[e053 s0950/1030] loss = 0.270314
[e053 s1000/1030] loss = 0.265351
Epoch 053: train_loss = 0.260461  MAE/GAME0 = 57.975  RMSE = 83.772  GAME1 = 60.489  GAME2 = 62.341  GAME3 = 63.484  lr = 2.99e-05  time = 59.7s
[e054 s0001/1030] loss = 0.034430
[e054 s0050/1030] loss = 0.137994
[e054 s0100/1030] loss = 0.164691
[e054 s0150/1030] loss = 0.173437
[e054 s0200/1030] loss = 0.165205
[e054 s0250/1030] loss = 0.162407
[e054 s0300/1030] loss = 0.157898
[e054 s0350/1030] loss = 0.171126
[e054 s0400/1030] loss = 0.459962
[e054 s0450/1030] loss = 0.431838
[e054 s0500/1030] loss = 0.408922
[e054 s0550/1030] loss = 0.394366
[e054 s0600/1030] loss = 0.372773
[e054 s0650/1030] loss = 0.354903
[e054 s0700/1030] loss = 0.339892
[e054 s0750/1030] loss = 0.325953
[e054 s0800/1030] loss = 0.313385
[e054 s0850/1030] loss = 0.309295
[e054 s0900/1030] loss = 0.300133
[e054 s0950/1030] loss = 0.290107
[e054 s1000/1030] loss = 0.289172
Epoch 054: train_loss = 0.284275  MAE/GAME0 = 56.687  RMSE = 83.644  GAME1 = 58.247  GAME2 = 59.403  GAME3 = 60.220  lr = 2.99e-05  time = 58.5s
[e055 s0001/1030] loss = 0.090570
[e055 s0050/1030] loss = 0.158401
[e055 s0100/1030] loss = 0.334095
[e055 s0150/1030] loss = 0.277588
[e055 s0200/1030] loss = 0.235686
[e055 s0250/1030] loss = 0.211191
[e055 s0300/1030] loss = 0.208352
[e055 s0350/1030] loss = 0.201646
[e055 s0400/1030] loss = 0.191158
[e055 s0450/1030] loss = 0.190771
[e055 s0500/1030] loss = 0.185970
[e055 s0550/1030] loss = 0.242417
[e055 s0600/1030] loss = 0.229577
[e055 s0650/1030] loss = 0.233316
[e055 s0700/1030] loss = 0.229900
[e055 s0750/1030] loss = 0.223621
[e055 s0800/1030] loss = 0.220335
[e055 s0850/1030] loss = 0.224114
[e055 s0900/1030] loss = 0.220465
[e055 s0950/1030] loss = 0.215595
[e055 s1000/1030] loss = 0.211133
Epoch 055: train_loss = 0.208572  MAE/GAME0 = 46.933  RMSE = 77.168  GAME1 = 49.148  GAME2 = 50.973  GAME3 = 52.414  lr = 2.99e-05  time = 58.6s
[e056 s0001/1030] loss = 0.031550
[e056 s0050/1030] loss = 2.003804
[e056 s0100/1030] loss = 1.130478
[e056 s0150/1030] loss = 0.825138
[e056 s0200/1030] loss = 0.651193
[e056 s0250/1030] loss = 0.575867
[e056 s0300/1030] loss = 0.496195
[e056 s0350/1030] loss = 0.450203
[e056 s0400/1030] loss = 0.408220
[e056 s0450/1030] loss = 0.379107
[e056 s0500/1030] loss = 0.361074
[e056 s0550/1030] loss = 0.341094
[e056 s0600/1030] loss = 0.322371
[e056 s0650/1030] loss = 0.311353
[e056 s0700/1030] loss = 0.303707
[e056 s0750/1030] loss = 0.302591
[e056 s0800/1030] loss = 0.296715
[e056 s0850/1030] loss = 0.293539
[e056 s0900/1030] loss = 0.284781
[e056 s0950/1030] loss = 0.277097
[e056 s1000/1030] loss = 0.269153
Epoch 056: train_loss = 0.265496  MAE/GAME0 = 57.050  RMSE = 83.869  GAME1 = 59.643  GAME2 = 61.216  GAME3 = 62.274  lr = 2.99e-05  time = 59.1s
[e057 s0001/1030] loss = 0.080339
[e057 s0050/1030] loss = 0.144015
[e057 s0100/1030] loss = 0.140478
[e057 s0150/1030] loss = 0.131527
[e057 s0200/1030] loss = 0.134218
[e057 s0250/1030] loss = 0.130527
[e057 s0300/1030] loss = 0.141870
[e057 s0350/1030] loss = 0.154249
[e057 s0400/1030] loss = 0.162243
[e057 s0450/1030] loss = 0.165071
[e057 s0500/1030] loss = 0.159233
[e057 s0550/1030] loss = 0.165157
[e057 s0600/1030] loss = 0.166395
[e057 s0650/1030] loss = 0.281351
[e057 s0700/1030] loss = 0.271260
[e057 s0750/1030] loss = 0.268076
[e057 s0800/1030] loss = 0.263104
[e057 s0850/1030] loss = 0.260116
[e057 s0900/1030] loss = 0.254541
[e057 s0950/1030] loss = 0.248179
[e057 s1000/1030] loss = 0.247250
Epoch 057: train_loss = 0.245030  MAE/GAME0 = 53.685  RMSE = 81.155  GAME1 = 55.008  GAME2 = 56.261  GAME3 = 57.049  lr = 2.98e-05  time = 58.7s
[e058 s0001/1030] loss = 0.004313
[e058 s0050/1030] loss = 0.259487
[e058 s0100/1030] loss = 0.214113
[e058 s0150/1030] loss = 0.167010
[e058 s0200/1030] loss = 0.504092
[e058 s0250/1030] loss = 0.427276
[e058 s0300/1030] loss = 0.468342
[e058 s0350/1030] loss = 0.431347
[e058 s0400/1030] loss = 0.393830
[e058 s0450/1030] loss = 0.367418
[e058 s0500/1030] loss = 0.343079
[e058 s0550/1030] loss = 0.330415
[e058 s0600/1030] loss = 0.315151
[e058 s0650/1030] loss = 0.301483
[e058 s0700/1030] loss = 0.287733
[e058 s0750/1030] loss = 0.277686
[e058 s0800/1030] loss = 0.269603
[e058 s0850/1030] loss = 0.264336
[e058 s0900/1030] loss = 0.263908
[e058 s0950/1030] loss = 0.256496
[e058 s1000/1030] loss = 0.252967
Epoch 058: train_loss = 0.256066  MAE/GAME0 = 47.036  RMSE = 76.382  GAME1 = 57.173  GAME2 = 64.224  GAME3 = 67.901  lr = 2.98e-05  time = 59.8s
[e059 s0001/1030] loss = 0.066256
[e059 s0050/1030] loss = 0.130605
[e059 s0100/1030] loss = 0.125691
[e059 s0150/1030] loss = 0.136657
[e059 s0200/1030] loss = 0.557993
[e059 s0250/1030] loss = 0.489688
[e059 s0300/1030] loss = 0.442459
[e059 s0350/1030] loss = 0.398184
[e059 s0400/1030] loss = 0.364715
[e059 s0450/1030] loss = 0.345593
[e059 s0500/1030] loss = 0.322440
[e059 s0550/1030] loss = 0.304758
[e059 s0600/1030] loss = 0.294796
[e059 s0650/1030] loss = 0.288639
[e059 s0700/1030] loss = 0.279671
[e059 s0750/1030] loss = 0.268257
[e059 s0800/1030] loss = 0.264065
[e059 s0850/1030] loss = 0.258687
[e059 s0900/1030] loss = 0.255986
[e059 s0950/1030] loss = 0.250608
[e059 s1000/1030] loss = 0.246770
Epoch 059: train_loss = 0.248852  MAE/GAME0 = 38.507  RMSE = 70.721  GAME1 = 45.484  GAME2 = 49.823  GAME3 = 53.204  lr = 2.98e-05  time = 59.0s
[e060 s0001/1030] loss = 0.144336
[e060 s0050/1030] loss = 0.183971
[e060 s0100/1030] loss = 0.126766
[e060 s0150/1030] loss = 0.129250
[e060 s0200/1030] loss = 0.161542
[e060 s0250/1030] loss = 0.189719
[e060 s0300/1030] loss = 0.214148
[e060 s0350/1030] loss = 0.218932
[e060 s0400/1030] loss = 0.457841
[e060 s0450/1030] loss = 0.425725
[e060 s0500/1030] loss = 0.391637
[e060 s0550/1030] loss = 0.372514
[e060 s0600/1030] loss = 0.350734
[e060 s0650/1030] loss = 0.339110
[e060 s0700/1030] loss = 0.322073
[e060 s0750/1030] loss = 0.307975
[e060 s0800/1030] loss = 0.297428
[e060 s0850/1030] loss = 0.290427
[e060 s0900/1030] loss = 0.284375
[e060 s0950/1030] loss = 0.277792
[e060 s1000/1030] loss = 0.272366
Epoch 060: train_loss = 0.269230  MAE/GAME0 = 45.458  RMSE = 75.124  GAME1 = 49.922  GAME2 = 52.735  GAME3 = 54.999  lr = 2.98e-05  time = 59.2s
[e061 s0001/1030] loss = 0.039413
[e061 s0050/1030] loss = 0.159272
[e061 s0100/1030] loss = 0.145844
[e061 s0150/1030] loss = 0.142503
[e061 s0200/1030] loss = 0.140351
[e061 s0250/1030] loss = 0.138864
[e061 s0300/1030] loss = 0.140970
[e061 s0350/1030] loss = 0.134517
[e061 s0400/1030] loss = 0.139043
[e061 s0450/1030] loss = 0.137561
[e061 s0500/1030] loss = 0.138508
[e061 s0550/1030] loss = 0.137309
[e061 s0600/1030] loss = 0.228776
[e061 s0650/1030] loss = 0.242316
[e061 s0700/1030] loss = 0.234008
[e061 s0750/1030] loss = 0.230383
[e061 s0800/1030] loss = 0.223609
[e061 s0850/1030] loss = 0.219599
[e061 s0900/1030] loss = 0.213772
[e061 s0950/1030] loss = 0.209088
[e061 s1000/1030] loss = 0.205866
Epoch 061: train_loss = 0.203072  MAE/GAME0 = 56.830  RMSE = 83.506  GAME1 = 59.185  GAME2 = 61.142  GAME3 = 62.263  lr = 2.97e-05  time = 59.2s
[e062 s0001/1030] loss = 0.043674
[e062 s0050/1030] loss = 0.176918
[e062 s0100/1030] loss = 0.158116
[e062 s0150/1030] loss = 0.153170
[e062 s0200/1030] loss = 0.157358
[e062 s0250/1030] loss = 0.148993
[e062 s0300/1030] loss = 0.142853
[e062 s0350/1030] loss = 0.134956
[e062 s0400/1030] loss = 0.129830
[e062 s0450/1030] loss = 0.133170
[e062 s0500/1030] loss = 0.129574
[e062 s0550/1030] loss = 0.130997
[e062 s0600/1030] loss = 0.131463
[e062 s0650/1030] loss = 0.132604
[e062 s0700/1030] loss = 0.286382
[e062 s0750/1030] loss = 0.278303
[e062 s0800/1030] loss = 0.270982
[e062 s0850/1030] loss = 0.282044
[e062 s0900/1030] loss = 0.275396
[e062 s0950/1030] loss = 0.269740
[e062 s1000/1030] loss = 0.263258
Epoch 062: train_loss = 0.260399  MAE/GAME0 = 56.370  RMSE = 83.145  GAME1 = 59.032  GAME2 = 61.009  GAME3 = 62.179  lr = 2.97e-05  time = 58.7s
[e063 s0001/1030] loss = 0.125632
[e063 s0050/1030] loss = 0.271881
[e063 s0100/1030] loss = 0.205084
[e063 s0150/1030] loss = 0.223806
[e063 s0200/1030] loss = 0.200851
[e063 s0250/1030] loss = 0.189136
[e063 s0300/1030] loss = 0.195218
[e063 s0350/1030] loss = 0.180053
[e063 s0400/1030] loss = 0.174253
[e063 s0450/1030] loss = 0.179913
[e063 s0500/1030] loss = 0.308124
[e063 s0550/1030] loss = 0.289458
[e063 s0600/1030] loss = 0.273550
[e063 s0650/1030] loss = 0.263797
[e063 s0700/1030] loss = 0.260987
[e063 s0750/1030] loss = 0.255548
[e063 s0800/1030] loss = 0.247473
[e063 s0850/1030] loss = 0.240007
[e063 s0900/1030] loss = 0.233730
[e063 s0950/1030] loss = 0.226672
[e063 s1000/1030] loss = 0.220458
Epoch 063: train_loss = 0.216908  MAE/GAME0 = 41.504  RMSE = 70.439  GAME1 = 48.326  GAME2 = 52.456  GAME3 = 55.573  lr = 2.97e-05  time = 58.3s
[e064 s0001/1030] loss = 0.055545
[e064 s0050/1030] loss = 0.167866
[e064 s0100/1030] loss = 0.238790
[e064 s0150/1030] loss = 0.194515
[e064 s0200/1030] loss = 0.172032
[e064 s0250/1030] loss = 0.212574
[e064 s0300/1030] loss = 0.195471
[e064 s0350/1030] loss = 0.191080
[e064 s0400/1030] loss = 0.187450
[e064 s0450/1030] loss = 0.182452
[e064 s0500/1030] loss = 0.178432
[e064 s0550/1030] loss = 0.170015
[e064 s0600/1030] loss = 0.167180
[e064 s0650/1030] loss = 0.169695
[e064 s0700/1030] loss = 0.234505
[e064 s0750/1030] loss = 0.231185
[e064 s0800/1030] loss = 0.223757
[e064 s0850/1030] loss = 0.216198
[e064 s0900/1030] loss = 0.217001
[e064 s0950/1030] loss = 0.211625
[e064 s1000/1030] loss = 0.204833
Epoch 064: train_loss = 0.202323  MAE/GAME0 = 53.063  RMSE = 80.711  GAME1 = 54.591  GAME2 = 56.063  GAME3 = 57.176  lr = 2.97e-05  time = 59.3s
[e065 s0001/1030] loss = 0.011974
[e065 s0050/1030] loss = 0.947789
[e065 s0100/1030] loss = 0.577760
[e065 s0150/1030] loss = 0.429018
[e065 s0200/1030] loss = 0.360439
[e065 s0250/1030] loss = 0.308051
[e065 s0300/1030] loss = 0.280728
[e065 s0350/1030] loss = 0.255299
[e065 s0400/1030] loss = 0.236454
[e065 s0450/1030] loss = 0.223861
[e065 s0500/1030] loss = 0.210475
[e065 s0550/1030] loss = 0.211453
[e065 s0600/1030] loss = 0.203705
[e065 s0650/1030] loss = 0.197889
[e065 s0700/1030] loss = 0.201195
[e065 s0750/1030] loss = 0.195493
[e065 s0800/1030] loss = 0.191758
[e065 s0850/1030] loss = 0.187095
[e065 s0900/1030] loss = 0.183706
[e065 s0950/1030] loss = 0.180475
[e065 s1000/1030] loss = 0.178196
Epoch 065: train_loss = 0.176333  MAE/GAME0 = 43.062  RMSE = 73.433  GAME1 = 47.329  GAME2 = 50.407  GAME3 = 53.223  lr = 2.96e-05  time = 59.2s
[e066 s0001/1030] loss = 0.063993
[e066 s0050/1030] loss = 0.155523
[e066 s0100/1030] loss = 0.136753
[e066 s0150/1030] loss = 0.128954
[e066 s0200/1030] loss = 0.119588
[e066 s0250/1030] loss = 0.116181
[e066 s0300/1030] loss = 0.137274
[e066 s0350/1030] loss = 0.311763
[e066 s0400/1030] loss = 0.286521
[e066 s0450/1030] loss = 0.268723
[e066 s0500/1030] loss = 0.261692
[e066 s0550/1030] loss = 0.250806
[e066 s0600/1030] loss = 0.241814
[e066 s0650/1030] loss = 0.231907
[e066 s0700/1030] loss = 0.224374
[e066 s0750/1030] loss = 0.233930
[e066 s0800/1030] loss = 0.226669
[e066 s0850/1030] loss = 0.217419
[e066 s0900/1030] loss = 0.215572
[e066 s0950/1030] loss = 0.209085
[e066 s1000/1030] loss = 0.204156
Epoch 066: train_loss = 0.200849  MAE/GAME0 = 48.671  RMSE = 76.832  GAME1 = 52.255  GAME2 = 54.691  GAME3 = 56.613  lr = 2.96e-05  time = 58.9s
[e067 s0001/1030] loss = 0.062223
[e067 s0050/1030] loss = 0.132914
[e067 s0100/1030] loss = 0.176176
[e067 s0150/1030] loss = 0.162094
[e067 s0200/1030] loss = 0.170375
[e067 s0250/1030] loss = 0.154523
[e067 s0300/1030] loss = 0.157005
[e067 s0350/1030] loss = 0.150507
[e067 s0400/1030] loss = 0.146442
[e067 s0450/1030] loss = 0.141806
[e067 s0500/1030] loss = 0.257826
[e067 s0550/1030] loss = 0.249825
[e067 s0600/1030] loss = 0.236999
[e067 s0650/1030] loss = 0.228195
[e067 s0700/1030] loss = 0.218804
[e067 s0750/1030] loss = 0.219645
[e067 s0800/1030] loss = 0.213956
[e067 s0850/1030] loss = 0.207556
[e067 s0900/1030] loss = 0.205995
[e067 s0950/1030] loss = 0.201159
[e067 s1000/1030] loss = 0.196267
Epoch 067: train_loss = 0.193258  MAE/GAME0 = 44.311  RMSE = 73.746  GAME1 = 50.775  GAME2 = 55.302  GAME3 = 58.385  lr = 2.96e-05  time = 59.3s
[e068 s0001/1030] loss = 0.232893
[e068 s0050/1030] loss = 0.417458
[e068 s0100/1030] loss = 0.252000
[e068 s0150/1030] loss = 0.254592
[e068 s0200/1030] loss = 0.224424
[e068 s0250/1030] loss = 0.211934
[e068 s0300/1030] loss = 0.204100
[e068 s0350/1030] loss = 0.183495
[e068 s0400/1030] loss = 0.182728
[e068 s0450/1030] loss = 0.175628
[e068 s0500/1030] loss = 0.178291
[e068 s0550/1030] loss = 0.171906
[e068 s0600/1030] loss = 0.164554
[e068 s0650/1030] loss = 0.161623
[e068 s0700/1030] loss = 0.157827
[e068 s0750/1030] loss = 0.154816
[e068 s0800/1030] loss = 0.211757
[e068 s0850/1030] loss = 0.205760
[e068 s0900/1030] loss = 0.204109
[e068 s0950/1030] loss = 0.197709
[e068 s1000/1030] loss = 0.192957
Epoch 068: train_loss = 0.189777  MAE/GAME0 = 55.243  RMSE = 81.968  GAME1 = 58.452  GAME2 = 61.241  GAME3 = 62.731  lr = 2.96e-05  time = 58.6s
[e069 s0001/1030] loss = 0.026729
[e069 s0050/1030] loss = 0.118487
[e069 s0100/1030] loss = 0.130186
[e069 s0150/1030] loss = 0.143855
[e069 s0200/1030] loss = 0.138072
[e069 s0250/1030] loss = 0.125848
[e069 s0300/1030] loss = 0.122768
[e069 s0350/1030] loss = 0.276258
[e069 s0400/1030] loss = 0.254774
[e069 s0450/1030] loss = 0.244634
[e069 s0500/1030] loss = 0.236446
[e069 s0550/1030] loss = 0.229208
[e069 s0600/1030] loss = 0.222878
[e069 s0650/1030] loss = 0.212005
[e069 s0700/1030] loss = 0.203983
[e069 s0750/1030] loss = 0.201048
[e069 s0800/1030] loss = 0.193710
[e069 s0850/1030] loss = 0.187878
[e069 s0900/1030] loss = 0.183193
[e069 s0950/1030] loss = 0.178716
[e069 s1000/1030] loss = 0.178385
Epoch 069: train_loss = 0.178514  MAE/GAME0 = 34.367  RMSE = 66.077  GAME1 = 40.503  GAME2 = 44.444  GAME3 = 47.659  lr = 2.95e-05  time = 59.1s
[e070 s0001/1030] loss = 0.012632
[e070 s0050/1030] loss = 0.166240
[e070 s0100/1030] loss = 0.128331
[e070 s0150/1030] loss = 0.114346
[e070 s0200/1030] loss = 0.135924
[e070 s0250/1030] loss = 0.134298
[e070 s0300/1030] loss = 0.146036
[e070 s0350/1030] loss = 0.140756
[e070 s0400/1030] loss = 0.136267
[e070 s0450/1030] loss = 0.288080
[e070 s0500/1030] loss = 0.271567
[e070 s0550/1030] loss = 0.258597
[e070 s0600/1030] loss = 0.250735
[e070 s0650/1030] loss = 0.245960
[e070 s0700/1030] loss = 0.235210
[e070 s0750/1030] loss = 0.225693
[e070 s0800/1030] loss = 0.216453
[e070 s0850/1030] loss = 0.209405
[e070 s0900/1030] loss = 0.203489
[e070 s0950/1030] loss = 0.198540
[e070 s1000/1030] loss = 0.193959
Epoch 070: train_loss = 0.191450  MAE/GAME0 = 40.201  RMSE = 71.310  GAME1 = 46.564  GAME2 = 51.167  GAME3 = 54.632  lr = 2.95e-05  time = 58.7s
[e071 s0001/1030] loss = 0.047873
[e071 s0050/1030] loss = 0.069424
[e071 s0100/1030] loss = 0.093916
[e071 s0150/1030] loss = 0.124167
[e071 s0200/1030] loss = 0.142481
[e071 s0250/1030] loss = 0.135883
[e071 s0300/1030] loss = 0.168497
[e071 s0350/1030] loss = 0.167350
[e071 s0400/1030] loss = 0.158415
[e071 s0450/1030] loss = 0.150729
[e071 s0500/1030] loss = 0.145973
[e071 s0550/1030] loss = 0.142765
[e071 s0600/1030] loss = 0.141380
[e071 s0650/1030] loss = 0.136648
[e071 s0700/1030] loss = 0.255967
[e071 s0750/1030] loss = 0.246614
[e071 s0800/1030] loss = 0.237260
[e071 s0850/1030] loss = 0.229458
[e071 s0900/1030] loss = 0.222171
[e071 s0950/1030] loss = 0.216018
[e071 s1000/1030] loss = 0.210815
Epoch 071: train_loss = 0.208051  MAE/GAME0 = 45.793  RMSE = 73.534  GAME1 = 49.526  GAME2 = 52.178  GAME3 = 54.180  lr = 2.95e-05  time = 59.4s
[e072 s0001/1030] loss = 0.028327
[e072 s0050/1030] loss = 0.094643
[e072 s0100/1030] loss = 0.245159
[e072 s0150/1030] loss = 0.220049
[e072 s0200/1030] loss = 0.184781
[e072 s0250/1030] loss = 0.177287
[e072 s0300/1030] loss = 0.176025
[e072 s0350/1030] loss = 0.168117
[e072 s0400/1030] loss = 0.162047
[e072 s0450/1030] loss = 0.299022
[e072 s0500/1030] loss = 0.275807
[e072 s0550/1030] loss = 0.261203
[e072 s0600/1030] loss = 0.245958
[e072 s0650/1030] loss = 0.240452
[e072 s0700/1030] loss = 0.231850
[e072 s0750/1030] loss = 0.225885
[e072 s0800/1030] loss = 0.217368
[e072 s0850/1030] loss = 0.209651
[e072 s0900/1030] loss = 0.202871
[e072 s0950/1030] loss = 0.195786
[e072 s1000/1030] loss = 0.191221
Epoch 072: train_loss = 0.188603  MAE/GAME0 = 41.838  RMSE = 71.043  GAME1 = 49.970  GAME2 = 56.545  GAME3 = 60.745  lr = 2.94e-05  time = 59.3s
[e073 s0001/1030] loss = 0.185109
[e073 s0050/1030] loss = 0.108922
[e073 s0100/1030] loss = 0.103109
[e073 s0150/1030] loss = 0.094410
[e073 s0200/1030] loss = 0.112272
[e073 s0250/1030] loss = 0.119000
[e073 s0300/1030] loss = 0.118369
[e073 s0350/1030] loss = 0.115796
[e073 s0400/1030] loss = 0.153011
[e073 s0450/1030] loss = 0.145196
[e073 s0500/1030] loss = 0.137913
[e073 s0550/1030] loss = 0.228283
[e073 s0600/1030] loss = 0.218072
[e073 s0650/1030] loss = 0.213747
[e073 s0700/1030] loss = 0.221151
[e073 s0750/1030] loss = 0.211171
[e073 s0800/1030] loss = 0.202829
[e073 s0850/1030] loss = 0.199887
[e073 s0900/1030] loss = 0.194509
[e073 s0950/1030] loss = 0.190037
[e073 s1000/1030] loss = 0.184360
Epoch 073: train_loss = 0.183828  MAE/GAME0 = 50.006  RMSE = 77.493  GAME1 = 54.722  GAME2 = 59.208  GAME3 = 62.094  lr = 2.94e-05  time = 58.9s
[e074 s0001/1030] loss = 0.005133
[e074 s0050/1030] loss = 0.136258
[e074 s0100/1030] loss = 0.128304
[e074 s0150/1030] loss = 0.118917
[e074 s0200/1030] loss = 0.115102
[e074 s0250/1030] loss = 0.116381
[e074 s0300/1030] loss = 0.113743
[e074 s0350/1030] loss = 0.249344
[e074 s0400/1030] loss = 0.228212
[e074 s0450/1030] loss = 0.212966
[e074 s0500/1030] loss = 0.201085
[e074 s0550/1030] loss = 0.193209
[e074 s0600/1030] loss = 0.185251
[e074 s0650/1030] loss = 0.177132
[e074 s0700/1030] loss = 0.174109
[e074 s0750/1030] loss = 0.181758
[e074 s0800/1030] loss = 0.176183
[e074 s0850/1030] loss = 0.170267
[e074 s0900/1030] loss = 0.165754
[e074 s0950/1030] loss = 0.161799
[e074 s1000/1030] loss = 0.161265
Epoch 074: train_loss = 0.160073  MAE/GAME0 = 30.546  RMSE = 61.261  GAME1 = 40.622  GAME2 = 48.371  GAME3 = 54.121  lr = 2.93e-05  time = 58.6s
[e075 s0001/1030] loss = 0.052774
[e075 s0050/1030] loss = 0.132436
[e075 s0100/1030] loss = 0.097325
[e075 s0150/1030] loss = 0.103527
[e075 s0200/1030] loss = 0.150483
[e075 s0250/1030] loss = 0.134322
[e075 s0300/1030] loss = 0.147717
[e075 s0350/1030] loss = 0.144888
[e075 s0400/1030] loss = 0.141478
[e075 s0450/1030] loss = 0.135608
[e075 s0500/1030] loss = 0.129710
[e075 s0550/1030] loss = 0.128389
[e075 s0600/1030] loss = 0.221783
[e075 s0650/1030] loss = 0.217975
[e075 s0700/1030] loss = 0.211937
[e075 s0750/1030] loss = 0.203835
[e075 s0800/1030] loss = 0.198601
[e075 s0850/1030] loss = 0.191155
[e075 s0900/1030] loss = 0.185372
[e075 s0950/1030] loss = 0.179965
[e075 s1000/1030] loss = 0.174266
Epoch 075: train_loss = 0.171344  MAE/GAME0 = 43.662  RMSE = 73.891  GAME1 = 51.063  GAME2 = 56.700  GAME3 = 60.815  lr = 2.93e-05  time = 58.7s
[e076 s0001/1030] loss = 0.094090
[e076 s0050/1030] loss = 0.129767
[e076 s0100/1030] loss = 0.109573
[e076 s0150/1030] loss = 0.637888
[e076 s0200/1030] loss = 0.497937
[e076 s0250/1030] loss = 0.421343
[e076 s0300/1030] loss = 0.367430
[e076 s0350/1030] loss = 0.344037
[e076 s0400/1030] loss = 0.311673
[e076 s0450/1030] loss = 0.287229
[e076 s0500/1030] loss = 0.276043
[e076 s0550/1030] loss = 0.260533
[e076 s0600/1030] loss = 0.254745
[e076 s0650/1030] loss = 0.243370
[e076 s0700/1030] loss = 0.231387
[e076 s0750/1030] loss = 0.223113
[e076 s0800/1030] loss = 0.223233
[e076 s0850/1030] loss = 0.217015
[e076 s0900/1030] loss = 0.209373
[e076 s0950/1030] loss = 0.202448
[e076 s1000/1030] loss = 0.195720
Epoch 076: train_loss = 0.194151  MAE/GAME0 = 44.796  RMSE = 73.842  GAME1 = 48.606  GAME2 = 52.058  GAME3 = 54.621  lr = 2.93e-05  time = 58.6s
[e077 s0001/1030] loss = 0.059335
[e077 s0050/1030] loss = 0.123303
[e077 s0100/1030] loss = 0.129059
[e077 s0150/1030] loss = 0.112856
[e077 s0200/1030] loss = 0.105306
[e077 s0250/1030] loss = 0.099891
[e077 s0300/1030] loss = 0.097918
[e077 s0350/1030] loss = 0.102335
[e077 s0400/1030] loss = 0.101874
[e077 s0450/1030] loss = 0.247145
[e077 s0500/1030] loss = 0.231672
[e077 s0550/1030] loss = 0.227118
[e077 s0600/1030] loss = 0.214618
[e077 s0650/1030] loss = 0.206631
[e077 s0700/1030] loss = 0.197204
[e077 s0750/1030] loss = 0.189708
[e077 s0800/1030] loss = 0.184031
[e077 s0850/1030] loss = 0.177812
[e077 s0900/1030] loss = 0.175220
[e077 s0950/1030] loss = 0.169418
[e077 s1000/1030] loss = 0.173082
Epoch 077: train_loss = 0.172040  MAE/GAME0 = 46.171  RMSE = 75.799  GAME1 = 49.753  GAME2 = 52.995  GAME3 = 55.181  lr = 2.92e-05  time = 59.0s
[e078 s0001/1030] loss = 0.092460
[e078 s0050/1030] loss = 0.075916
[e078 s0100/1030] loss = 0.106397
[e078 s0150/1030] loss = 0.669656
[e078 s0200/1030] loss = 0.518106
[e078 s0250/1030] loss = 0.432844
[e078 s0300/1030] loss = 0.378672
[e078 s0350/1030] loss = 0.349007
[e078 s0400/1030] loss = 0.315329
[e078 s0450/1030] loss = 0.290492
[e078 s0500/1030] loss = 0.274770
[e078 s0550/1030] loss = 0.257567
[e078 s0600/1030] loss = 0.246000
[e078 s0650/1030] loss = 0.232558
[e078 s0700/1030] loss = 0.225911
[e078 s0750/1030] loss = 0.215541
[e078 s0800/1030] loss = 0.206580
[e078 s0850/1030] loss = 0.198033
[e078 s0900/1030] loss = 0.193353
[e078 s0950/1030] loss = 0.188795
[e078 s1000/1030] loss = 0.188627
Epoch 078: train_loss = 0.186438  MAE/GAME0 = 34.867  RMSE = 66.853  GAME1 = 41.489  GAME2 = 45.990  GAME3 = 49.408  lr = 2.92e-05  time = 58.9s
[e079 s0001/1030] loss = 0.015147
[e079 s0050/1030] loss = 0.088558
[e079 s0100/1030] loss = 0.145727
[e079 s0150/1030] loss = 0.141749
[e079 s0200/1030] loss = 0.130284
[e079 s0250/1030] loss = 0.123896
[e079 s0300/1030] loss = 0.115706
[e079 s0350/1030] loss = 0.124738
[e079 s0400/1030] loss = 0.127767
[e079 s0450/1030] loss = 0.127008
[e079 s0500/1030] loss = 0.125691
[e079 s0550/1030] loss = 0.121737
[e079 s0600/1030] loss = 0.120843
[e079 s0650/1030] loss = 0.116563
[e079 s0700/1030] loss = 0.113328
[e079 s0750/1030] loss = 0.111914
[e079 s0800/1030] loss = 0.119867
[e079 s0850/1030] loss = 0.170556
[e079 s0900/1030] loss = 0.167026
[e079 s0950/1030] loss = 0.161333
[e079 s1000/1030] loss = 0.157287
Epoch 079: train_loss = 0.155414  MAE/GAME0 = 46.894  RMSE = 75.142  GAME1 = 50.834  GAME2 = 53.232  GAME3 = 55.332  lr = 2.91e-05  time = 58.8s
[e080 s0001/1030] loss = 0.017163
[e080 s0050/1030] loss = 0.102863
[e080 s0100/1030] loss = 0.121176
[e080 s0150/1030] loss = 0.111605
[e080 s0200/1030] loss = 0.115155
[e080 s0250/1030] loss = 0.109768
[e080 s0300/1030] loss = 0.115950
[e080 s0350/1030] loss = 0.107363
[e080 s0400/1030] loss = 0.106592
[e080 s0450/1030] loss = 0.105832
[e080 s0500/1030] loss = 0.103961
[e080 s0550/1030] loss = 0.101895
[e080 s0600/1030] loss = 0.102951
[e080 s0650/1030] loss = 0.099927
[e080 s0700/1030] loss = 0.183524
[e080 s0750/1030] loss = 0.182118
[e080 s0800/1030] loss = 0.188888
[e080 s0850/1030] loss = 0.182478
[e080 s0900/1030] loss = 0.179197
[e080 s0950/1030] loss = 0.174959
[e080 s1000/1030] loss = 0.169398
Epoch 080: train_loss = 0.166653  MAE/GAME0 = 51.689  RMSE = 78.030  GAME1 = 54.892  GAME2 = 57.403  GAME3 = 59.160  lr = 2.91e-05  time = 58.2s
[e081 s0001/1030] loss = 0.063667
[e081 s0050/1030] loss = 0.637729
[e081 s0100/1030] loss = 0.357153
[e081 s0150/1030] loss = 0.324368
[e081 s0200/1030] loss = 0.262559
[e081 s0250/1030] loss = 0.234393
[e081 s0300/1030] loss = 0.204504
[e081 s0350/1030] loss = 0.188405
[e081 s0400/1030] loss = 0.176781
[e081 s0450/1030] loss = 0.175324
[e081 s0500/1030] loss = 0.163688
[e081 s0550/1030] loss = 0.154057
[e081 s0600/1030] loss = 0.146817
[e081 s0650/1030] loss = 0.143491
[e081 s0700/1030] loss = 0.140994
[e081 s0750/1030] loss = 0.140456
[e081 s0800/1030] loss = 0.136197
[e081 s0850/1030] loss = 0.132123
[e081 s0900/1030] loss = 0.130212
[e081 s0950/1030] loss = 0.136027
[e081 s1000/1030] loss = 0.134717
Epoch 081: train_loss = 0.132461  MAE/GAME0 = 44.450  RMSE = 74.507  GAME1 = 52.532  GAME2 = 57.072  GAME3 = 60.434  lr = 2.91e-05  time = 58.6s
[e082 s0001/1030] loss = 0.029344
[e082 s0050/1030] loss = 0.138105
[e082 s0100/1030] loss = 0.124978
[e082 s0150/1030] loss = 0.209946
[e082 s0200/1030] loss = 0.182839
[e082 s0250/1030] loss = 0.167805
[e082 s0300/1030] loss = 0.156514
[e082 s0350/1030] loss = 0.142925
[e082 s0400/1030] loss = 0.141231
[e082 s0450/1030] loss = 0.149930
[e082 s0500/1030] loss = 0.147157
[e082 s0550/1030] loss = 0.141633
[e082 s0600/1030] loss = 0.232307
[e082 s0650/1030] loss = 0.225092
[e082 s0700/1030] loss = 0.216263
[e082 s0750/1030] loss = 0.210550
[e082 s0800/1030] loss = 0.203458
[e082 s0850/1030] loss = 0.195307
[e082 s0900/1030] loss = 0.191791
[e082 s0950/1030] loss = 0.185352
[e082 s1000/1030] loss = 0.178992
Epoch 082: train_loss = 0.175913  MAE/GAME0 = 39.325  RMSE = 70.528  GAME1 = 48.511  GAME2 = 53.856  GAME3 = 57.660  lr = 2.90e-05  time = 58.8s
[e083 s0001/1030] loss = 0.163258
[e083 s0050/1030] loss = 0.140396
[e083 s0100/1030] loss = 0.148211
[e083 s0150/1030] loss = 0.130064
[e083 s0200/1030] loss = 0.115311
[e083 s0250/1030] loss = 0.104480
[e083 s0300/1030] loss = 0.099939
[e083 s0350/1030] loss = 0.108622
[e083 s0400/1030] loss = 0.104562
[e083 s0450/1030] loss = 0.125587
[e083 s0500/1030] loss = 0.126833
[e083 s0550/1030] loss = 0.121879
[e083 s0600/1030] loss = 0.119720
[e083 s0650/1030] loss = 0.115614
[e083 s0700/1030] loss = 0.155272
[e083 s0750/1030] loss = 0.149441
[e083 s0800/1030] loss = 0.146783
[e083 s0850/1030] loss = 0.141366
[e083 s0900/1030] loss = 0.138042
[e083 s0950/1030] loss = 0.137526
[e083 s1000/1030] loss = 0.133113
Epoch 083: train_loss = 0.136308  MAE/GAME0 = 43.932  RMSE = 74.514  GAME1 = 50.582  GAME2 = 56.270  GAME3 = 59.479  lr = 2.90e-05  time = 59.0s
[e084 s0001/1030] loss = 0.038464
[e084 s0050/1030] loss = 0.152800
[e084 s0100/1030] loss = 0.128755
[e084 s0150/1030] loss = 0.134443
[e084 s0200/1030] loss = 0.130619
[e084 s0250/1030] loss = 0.123443
[e084 s0300/1030] loss = 0.118383
[e084 s0350/1030] loss = 0.118277
[e084 s0400/1030] loss = 0.115640
[e084 s0450/1030] loss = 0.112835
[e084 s0500/1030] loss = 0.108498
[e084 s0550/1030] loss = 0.103354
[e084 s0600/1030] loss = 0.104272
[e084 s0650/1030] loss = 0.101887
[e084 s0700/1030] loss = 0.101512
[e084 s0750/1030] loss = 0.100813
[e084 s0800/1030] loss = 0.141523
[e084 s0850/1030] loss = 0.143373
[e084 s0900/1030] loss = 0.144873
[e084 s0950/1030] loss = 0.141668
[e084 s1000/1030] loss = 0.140276
Epoch 084: train_loss = 0.137737  MAE/GAME0 = 58.737  RMSE = 83.823  GAME1 = 59.991  GAME2 = 61.309  GAME3 = 62.030  lr = 2.89e-05  time = 58.4s
[e085 s0001/1030] loss = 0.220768
[e085 s0050/1030] loss = 0.107745
[e085 s0100/1030] loss = 0.097122
[e085 s0150/1030] loss = 0.099213
[e085 s0200/1030] loss = 0.125269
[e085 s0250/1030] loss = 0.117264
[e085 s0300/1030] loss = 0.105500
[e085 s0350/1030] loss = 0.098590
[e085 s0400/1030] loss = 0.175121
[e085 s0450/1030] loss = 0.162853
[e085 s0500/1030] loss = 0.156940
[e085 s0550/1030] loss = 0.149742
[e085 s0600/1030] loss = 0.144264
[e085 s0650/1030] loss = 0.142328
[e085 s0700/1030] loss = 0.137353
[e085 s0750/1030] loss = 0.132564
[e085 s0800/1030] loss = 0.131591
[e085 s0850/1030] loss = 0.129395
[e085 s0900/1030] loss = 0.129553
[e085 s0950/1030] loss = 0.126761
[e085 s1000/1030] loss = 0.129108
Epoch 085: train_loss = 0.127256  MAE/GAME0 = 46.620  RMSE = 76.273  GAME1 = 54.442  GAME2 = 60.566  GAME3 = 63.931  lr = 2.89e-05  time = 59.1s
[e086 s0001/1030] loss = 0.100693
[e086 s0050/1030] loss = 0.895561
[e086 s0100/1030] loss = 0.513510
[e086 s0150/1030] loss = 0.381300
[e086 s0200/1030] loss = 0.300268
[e086 s0250/1030] loss = 0.253255
[e086 s0300/1030] loss = 0.223150
[e086 s0350/1030] loss = 0.204711
[e086 s0400/1030] loss = 0.186566
[e086 s0450/1030] loss = 0.185022
[e086 s0500/1030] loss = 0.193603
[e086 s0550/1030] loss = 0.186164
[e086 s0600/1030] loss = 0.177581
[e086 s0650/1030] loss = 0.178064
[e086 s0700/1030] loss = 0.170933
[e086 s0750/1030] loss = 0.163547
[e086 s0800/1030] loss = 0.162513
[e086 s0850/1030] loss = 0.161464
[e086 s0900/1030] loss = 0.157676
[e086 s0950/1030] loss = 0.153224
[e086 s1000/1030] loss = 0.150911
Epoch 086: train_loss = 0.148271  MAE/GAME0 = 56.359  RMSE = 83.538  GAME1 = 58.002  GAME2 = 60.014  GAME3 = 61.138  lr = 2.88e-05  time = 58.9s
[e087 s0001/1030] loss = 0.231959
[e087 s0050/1030] loss = 0.094067
[e087 s0100/1030] loss = 0.084510
[e087 s0150/1030] loss = 0.101237
[e087 s0200/1030] loss = 0.092349
[e087 s0250/1030] loss = 0.088756
[e087 s0300/1030] loss = 0.248387
[e087 s0350/1030] loss = 0.223925
[e087 s0400/1030] loss = 0.207871
[e087 s0450/1030] loss = 0.193360
[e087 s0500/1030] loss = 0.181287
[e087 s0550/1030] loss = 0.172601
[e087 s0600/1030] loss = 0.163796
[e087 s0650/1030] loss = 0.168315
[e087 s0700/1030] loss = 0.164338
[e087 s0750/1030] loss = 0.161605
[e087 s0800/1030] loss = 0.161157
[e087 s0850/1030] loss = 0.156864
[e087 s0900/1030] loss = 0.151328
[e087 s0950/1030] loss = 0.146419
[e087 s1000/1030] loss = 0.144284
Epoch 087: train_loss = 0.143996  MAE/GAME0 = 34.275  RMSE = 63.989  GAME1 = 43.449  GAME2 = 49.451  GAME3 = 54.337  lr = 2.88e-05  time = 59.5s
[e088 s0001/1030] loss = 0.000845
[e088 s0050/1030] loss = 0.134015
[e088 s0100/1030] loss = 0.203472
[e088 s0150/1030] loss = 0.155859
[e088 s0200/1030] loss = 0.135344
[e088 s0250/1030] loss = 0.119465
[e088 s0300/1030] loss = 0.115161
[e088 s0350/1030] loss = 0.110945
[e088 s0400/1030] loss = 0.106668
[e088 s0450/1030] loss = 0.102138
[e088 s0500/1030] loss = 0.099099
[e088 s0550/1030] loss = 0.098344
[e088 s0600/1030] loss = 0.097838
[e088 s0650/1030] loss = 0.138549
[e088 s0700/1030] loss = 0.147564
[e088 s0750/1030] loss = 0.141213
[e088 s0800/1030] loss = 0.136384
[e088 s0850/1030] loss = 0.133624
[e088 s0900/1030] loss = 0.130637
[e088 s0950/1030] loss = 0.129724
[e088 s1000/1030] loss = 0.129117
Epoch 088: train_loss = 0.126490  MAE/GAME0 = 41.978  RMSE = 72.794  GAME1 = 52.370  GAME2 = 59.834  GAME3 = 64.086  lr = 2.87e-05  time = 58.7s
[e089 s0001/1030] loss = 0.029997
[e089 s0050/1030] loss = 0.098667
[e089 s0100/1030] loss = 0.172030
[e089 s0150/1030] loss = 0.147723
[e089 s0200/1030] loss = 0.128106
[e089 s0250/1030] loss = 0.120621
[e089 s0300/1030] loss = 0.222917
[e089 s0350/1030] loss = 0.225552
[e089 s0400/1030] loss = 0.205479
[e089 s0450/1030] loss = 0.192528
[e089 s0500/1030] loss = 0.183493
[e089 s0550/1030] loss = 0.179941
[e089 s0600/1030] loss = 0.171604
[e089 s0650/1030] loss = 0.163211
[e089 s0700/1030] loss = 0.158337
[e089 s0750/1030] loss = 0.152558
[e089 s0800/1030] loss = 0.149956
[e089 s0850/1030] loss = 0.146299
[e089 s0900/1030] loss = 0.143152
[e089 s0950/1030] loss = 0.142720
[e089 s1000/1030] loss = 0.140060
Epoch 089: train_loss = 0.137877  MAE/GAME0 = 47.205  RMSE = 76.820  GAME1 = 53.728  GAME2 = 59.060  GAME3 = 61.466  lr = 2.87e-05  time = 59.2s
[e090 s0001/1030] loss = 0.021779
[e090 s0050/1030] loss = 0.045455
[e090 s0100/1030] loss = 0.061815
[e090 s0150/1030] loss = 0.069494
[e090 s0200/1030] loss = 0.077153
[e090 s0250/1030] loss = 0.078684
[e090 s0300/1030] loss = 0.076538
[e090 s0350/1030] loss = 0.080899
[e090 s0400/1030] loss = 0.080659
[e090 s0450/1030] loss = 0.085867
[e090 s0500/1030] loss = 0.083314
[e090 s0550/1030] loss = 0.090449
[e090 s0600/1030] loss = 0.090649
[e090 s0650/1030] loss = 0.093477
[e090 s0700/1030] loss = 0.101408
[e090 s0750/1030] loss = 0.099571
[e090 s0800/1030] loss = 0.108362
[e090 s0850/1030] loss = 0.108819
[e090 s0900/1030] loss = 0.105798
[e090 s0950/1030] loss = 0.103593
[e090 s1000/1030] loss = 0.103110
Epoch 090: train_loss = 0.102715  MAE/GAME0 = 43.154  RMSE = 72.275  GAME1 = 53.848  GAME2 = 60.911  GAME3 = 65.291  lr = 2.86e-05  time = 59.6s
[e091 s0001/1030] loss = 0.184846
[e091 s0050/1030] loss = 0.066359
[e091 s0100/1030] loss = 0.114424
[e091 s0150/1030] loss = 0.172256
[e091 s0200/1030] loss = 0.153840
[e091 s0250/1030] loss = 0.136657
[e091 s0300/1030] loss = 0.124133
[e091 s0350/1030] loss = 0.118301
[e091 s0400/1030] loss = 0.113831
[e091 s0450/1030] loss = 0.109492
[e091 s0500/1030] loss = 0.105452
[e091 s0550/1030] loss = 0.109291
[e091 s0600/1030] loss = 0.109119
[e091 s0650/1030] loss = 0.104615
[e091 s0700/1030] loss = 0.100956
[e091 s0750/1030] loss = 0.100582
[e091 s0800/1030] loss = 0.099746
[e091 s0850/1030] loss = 0.101243
[e091 s0900/1030] loss = 0.099811
[e091 s0950/1030] loss = 0.097764
[e091 s1000/1030] loss = 0.096358
Epoch 091: train_loss = 0.098474  MAE/GAME0 = 43.492  RMSE = 72.727  GAME1 = 49.321  GAME2 = 53.494  GAME3 = 56.671  lr = 2.85e-05  time = 58.9s
[e092 s0001/1030] loss = 0.052934
[e092 s0050/1030] loss = 0.055653
[e092 s0100/1030] loss = 0.071120
[e092 s0150/1030] loss = 0.159668
[e092 s0200/1030] loss = 0.149119
[e092 s0250/1030] loss = 0.139930
[e092 s0300/1030] loss = 0.127682
[e092 s0350/1030] loss = 0.121424
[e092 s0400/1030] loss = 0.116660
[e092 s0450/1030] loss = 0.115779
[e092 s0500/1030] loss = 0.120343
[e092 s0550/1030] loss = 0.116464
[e092 s0600/1030] loss = 0.114337
[e092 s0650/1030] loss = 0.112974
[e092 s0700/1030] loss = 0.110275
[e092 s0750/1030] loss = 0.108731
[e092 s0800/1030] loss = 0.106136
[e092 s0850/1030] loss = 0.104580
[e092 s0900/1030] loss = 0.108167
[e092 s0950/1030] loss = 0.105988
[e092 s1000/1030] loss = 0.106598
Epoch 092: train_loss = 0.105730  MAE/GAME0 = 48.885  RMSE = 78.538  GAME1 = 54.238  GAME2 = 60.654  GAME3 = 63.518  lr = 2.85e-05  time = 59.4s
[e093 s0001/1030] loss = 0.024155
[e093 s0050/1030] loss = 0.098945
[e093 s0100/1030] loss = 0.092338
[e093 s0150/1030] loss = 0.091719
[e093 s0200/1030] loss = 0.087547
[e093 s0250/1030] loss = 0.088899
[e093 s0300/1030] loss = 0.083647
[e093 s0350/1030] loss = 0.082752
[e093 s0400/1030] loss = 0.117042
[e093 s0450/1030] loss = 0.114211
[e093 s0500/1030] loss = 0.111498
[e093 s0550/1030] loss = 0.105787
[e093 s0600/1030] loss = 0.104342
[e093 s0650/1030] loss = 0.102402
[e093 s0700/1030] loss = 0.102303
[e093 s0750/1030] loss = 0.101302
[e093 s0800/1030] loss = 0.099723
[e093 s0850/1030] loss = 0.096720
[e093 s0900/1030] loss = 0.100436
[e093 s0950/1030] loss = 0.098861
[e093 s1000/1030] loss = 0.096785
Epoch 093: train_loss = 0.095853  MAE/GAME0 = 48.836  RMSE = 77.434  GAME1 = 52.664  GAME2 = 58.488  GAME3 = 60.545  lr = 2.84e-05  time = 58.3s
[e094 s0001/1030] loss = 0.017891
[e094 s0050/1030] loss = 0.077042
[e094 s0100/1030] loss = 0.126087
[e094 s0150/1030] loss = 0.105814
[e094 s0200/1030] loss = 0.093039
[e094 s0250/1030] loss = 0.185196
[e094 s0300/1030] loss = 0.165867
[e094 s0350/1030] loss = 0.156070
[e094 s0400/1030] loss = 0.147195
[e094 s0450/1030] loss = 0.137744
[e094 s0500/1030] loss = 0.128842
[e094 s0550/1030] loss = 0.127977
[e094 s0600/1030] loss = 0.124569
[e094 s0650/1030] loss = 0.126614
[e094 s0700/1030] loss = 0.122370
[e094 s0750/1030] loss = 0.119483
[e094 s0800/1030] loss = 0.120724
[e094 s0850/1030] loss = 0.120240
[e094 s0900/1030] loss = 0.116968
[e094 s0950/1030] loss = 0.113851
[e094 s1000/1030] loss = 0.111456
Epoch 094: train_loss = 0.109491  MAE/GAME0 = 42.149  RMSE = 73.193  GAME1 = 50.897  GAME2 = 57.832  GAME3 = 61.818  lr = 2.84e-05  time = 58.7s
[e095 s0001/1030] loss = 0.013829
[e095 s0050/1030] loss = 0.121298
[e095 s0100/1030] loss = 0.105692
[e095 s0150/1030] loss = 0.182396
[e095 s0200/1030] loss = 0.170929
[e095 s0250/1030] loss = 0.172555
[e095 s0300/1030] loss = 0.159289
[e095 s0350/1030] loss = 0.147756
[e095 s0400/1030] loss = 0.142833
[e095 s0450/1030] loss = 0.139072
[e095 s0500/1030] loss = 0.132769
[e095 s0550/1030] loss = 0.139152
[e095 s0600/1030] loss = 0.133339
[e095 s0650/1030] loss = 0.128642
[e095 s0700/1030] loss = 0.123748
[e095 s0750/1030] loss = 0.124673
[e095 s0800/1030] loss = 0.120011
[e095 s0850/1030] loss = 0.116632
[e095 s0900/1030] loss = 0.112962
[e095 s0950/1030] loss = 0.111871
[e095 s1000/1030] loss = 0.111988
Epoch 095: train_loss = 0.110160  MAE/GAME0 = 57.676  RMSE = 83.871  GAME1 = 59.943  GAME2 = 62.459  GAME3 = 63.821  lr = 2.83e-05  time = 58.5s
[e096 s0001/1030] loss = 0.033324
[e096 s0050/1030] loss = 0.109619
[e096 s0100/1030] loss = 0.092272
[e096 s0150/1030] loss = 0.088834
[e096 s0200/1030] loss = 0.083082
[e096 s0250/1030] loss = 0.082619
[e096 s0300/1030] loss = 0.163683
[e096 s0350/1030] loss = 0.150419
[e096 s0400/1030] loss = 0.140716
[e096 s0450/1030] loss = 0.130413
[e096 s0500/1030] loss = 0.123842
[e096 s0550/1030] loss = 0.122287
[e096 s0600/1030] loss = 0.117565
[e096 s0650/1030] loss = 0.114269
[e096 s0700/1030] loss = 0.110963
[e096 s0750/1030] loss = 0.108000
[e096 s0800/1030] loss = 0.106475
[e096 s0850/1030] loss = 0.103490
[e096 s0900/1030] loss = 0.103665
[e096 s0950/1030] loss = 0.101329
[e096 s1000/1030] loss = 0.103462
Epoch 096: train_loss = 0.102173  MAE/GAME0 = 59.115  RMSE = 85.609  GAME1 = 59.744  GAME2 = 60.727  GAME3 = 61.317  lr = 2.82e-05  time = 58.6s
[e097 s0001/1030] loss = 0.029747
[e097 s0050/1030] loss = 0.260495
[e097 s0100/1030] loss = 0.162584
[e097 s0150/1030] loss = 0.171262
[e097 s0200/1030] loss = 0.150460
[e097 s0250/1030] loss = 0.134979
[e097 s0300/1030] loss = 0.121588
[e097 s0350/1030] loss = 0.116037
[e097 s0400/1030] loss = 0.119410
[e097 s0450/1030] loss = 0.116270
[e097 s0500/1030] loss = 0.115226
[e097 s0550/1030] loss = 0.118529
[e097 s0600/1030] loss = 0.113657
[e097 s0650/1030] loss = 0.109955
[e097 s0700/1030] loss = 0.106911
[e097 s0750/1030] loss = 0.103875
[e097 s0800/1030] loss = 0.102310
[e097 s0850/1030] loss = 0.101308
[e097 s0900/1030] loss = 0.101462
[e097 s0950/1030] loss = 0.099258
[e097 s1000/1030] loss = 0.105614
Epoch 097: train_loss = 0.103841  MAE/GAME0 = 54.438  RMSE = 82.253  GAME1 = 58.795  GAME2 = 62.580  GAME3 = 64.582  lr = 2.82e-05  time = 59.3s
[e098 s0001/1030] loss = 0.104376
[e098 s0050/1030] loss = 0.168725
[e098 s0100/1030] loss = 0.111356
[e098 s0150/1030] loss = 0.106427
[e098 s0200/1030] loss = 0.101723
[e098 s0250/1030] loss = 0.109350
[e098 s0300/1030] loss = 0.103549
[e098 s0350/1030] loss = 0.102042
[e098 s0400/1030] loss = 0.099920
[e098 s0450/1030] loss = 0.094838
[e098 s0500/1030] loss = 0.098991
[e098 s0550/1030] loss = 0.097315
[e098 s0600/1030] loss = 0.158641
[e098 s0650/1030] loss = 0.150424
[e098 s0700/1030] loss = 0.143092
[e098 s0750/1030] loss = 0.139509
[e098 s0800/1030] loss = 0.134795
[e098 s0850/1030] loss = 0.130760
[e098 s0900/1030] loss = 0.127040
[e098 s0950/1030] loss = 0.123749
[e098 s1000/1030] loss = 0.121868
Epoch 098: train_loss = 0.122848  MAE/GAME0 = 49.083  RMSE = 78.647  GAME1 = 55.181  GAME2 = 60.801  GAME3 = 63.629  lr = 2.81e-05  time = 59.5s
[e099 s0001/1030] loss = 0.094649
[e099 s0050/1030] loss = 0.086912
[e099 s0100/1030] loss = 0.078884
[e099 s0150/1030] loss = 0.078504
[e099 s0200/1030] loss = 0.074930
[e099 s0250/1030] loss = 0.070011
[e099 s0300/1030] loss = 0.078511
[e099 s0350/1030] loss = 0.077494
[e099 s0400/1030] loss = 0.076105
[e099 s0450/1030] loss = 0.076575
[e099 s0500/1030] loss = 0.074845
[e099 s0550/1030] loss = 0.075343
[e099 s0600/1030] loss = 0.075486
[e099 s0650/1030] loss = 0.073775
[e099 s0700/1030] loss = 0.072071
[e099 s0750/1030] loss = 0.072641
[e099 s0800/1030] loss = 0.070486
[e099 s0850/1030] loss = 0.069915
[e099 s0900/1030] loss = 0.071090
[e099 s0950/1030] loss = 0.072494
[e099 s1000/1030] loss = 0.086523
Epoch 099: train_loss = 0.134025  MAE/GAME0 = 47.397  RMSE = 74.720  GAME1 = 54.950  GAME2 = 60.136  GAME3 = 63.496  lr = 2.81e-05  time = 59.7s
[e100 s0001/1030] loss = 0.017570
[e100 s0050/1030] loss = 0.070647
[e100 s0100/1030] loss = 0.091066
[e100 s0150/1030] loss = 0.087427
[e100 s0200/1030] loss = 0.083978
[e100 s0250/1030] loss = 0.082086
[e100 s0300/1030] loss = 0.081827
[e100 s0350/1030] loss = 0.082384
[e100 s0400/1030] loss = 0.083721
[e100 s0450/1030] loss = 0.090303
[e100 s0500/1030] loss = 0.088485
[e100 s0550/1030] loss = 0.085560
[e100 s0600/1030] loss = 0.082513
[e100 s0650/1030] loss = 0.082198
[e100 s0700/1030] loss = 0.081243
[e100 s0750/1030] loss = 0.079635
[e100 s0800/1030] loss = 0.102545
[e100 s0850/1030] loss = 0.103122
[e100 s0900/1030] loss = 0.102329
[e100 s0950/1030] loss = 0.102723
[e100 s1000/1030] loss = 0.100429
Epoch 100: train_loss = 0.099497  MAE/GAME0 = 41.116  RMSE = 72.563  GAME1 = 50.820  GAME2 = 58.189  GAME3 = 62.057  lr = 2.80e-05  time = 58.2s
[e101 s0001/1030] loss = 0.057715
[e101 s0050/1030] loss = 0.058757
[e101 s0100/1030] loss = 0.053636
[e101 s0150/1030] loss = 0.058847
[e101 s0200/1030] loss = 0.070172
[e101 s0250/1030] loss = 0.081119
[e101 s0300/1030] loss = 0.089405
[e101 s0350/1030] loss = 0.112486
[e101 s0400/1030] loss = 0.180168
[e101 s0450/1030] loss = 0.169723
[e101 s0500/1030] loss = 0.157837
[e101 s0550/1030] loss = 0.150706
[e101 s0600/1030] loss = 0.142203
[e101 s0650/1030] loss = 0.137346
[e101 s0700/1030] loss = 0.133265
[e101 s0750/1030] loss = 0.128211
[e101 s0800/1030] loss = 0.125335
[e101 s0850/1030] loss = 0.122945
[e101 s0900/1030] loss = 0.119888
[e101 s0950/1030] loss = 0.118190
[e101 s1000/1030] loss = 0.116168
Epoch 101: train_loss = 0.115173  MAE/GAME0 = 47.170  RMSE = 74.813  GAME1 = 50.233  GAME2 = 52.771  GAME3 = 54.542  lr = 2.79e-05  time = 58.5s
[e102 s0001/1030] loss = 0.085395
[e102 s0050/1030] loss = 0.077903
[e102 s0100/1030] loss = 0.134052
[e102 s0150/1030] loss = 0.113978
[e102 s0200/1030] loss = 0.109253
[e102 s0250/1030] loss = 0.105212
[e102 s0300/1030] loss = 0.100758
[e102 s0350/1030] loss = 0.094576
[e102 s0400/1030] loss = 0.103681
[e102 s0450/1030] loss = 0.100637
[e102 s0500/1030] loss = 0.099135
[e102 s0550/1030] loss = 0.095552
[e102 s0600/1030] loss = 0.097218
[e102 s0650/1030] loss = 0.093582
[e102 s0700/1030] loss = 0.092738
[e102 s0750/1030] loss = 0.091544
[e102 s0800/1030] loss = 0.091488
[e102 s0850/1030] loss = 0.092581
[e102 s0900/1030] loss = 0.095396
[e102 s0950/1030] loss = 0.094052
[e102 s1000/1030] loss = 0.092278
Epoch 102: train_loss = 0.091261  MAE/GAME0 = 53.593  RMSE = 80.992  GAME1 = 56.041  GAME2 = 58.338  GAME3 = 59.753  lr = 2.79e-05  time = 63.0s
[e103 s0001/1030] loss = 0.014680
[e103 s0050/1030] loss = 0.123466
[e103 s0100/1030] loss = 0.179249
[e103 s0150/1030] loss = 0.145075
[e103 s0200/1030] loss = 0.125549
[e103 s0250/1030] loss = 0.342457
[e103 s0300/1030] loss = 0.296882
[e103 s0350/1030] loss = 0.264378
[e103 s0400/1030] loss = 0.240301
[e103 s0450/1030] loss = 0.220791
[e103 s0500/1030] loss = 0.205872
[e103 s0550/1030] loss = 0.193485
[e103 s0600/1030] loss = 0.183212
[e103 s0650/1030] loss = 0.178792
[e103 s0700/1030] loss = 0.174615
[e103 s0750/1030] loss = 0.168863
[e103 s0800/1030] loss = 0.162643
[e103 s0850/1030] loss = 0.155209
[e103 s0900/1030] loss = 0.149261
[e103 s0950/1030] loss = 0.144786
[e103 s1000/1030] loss = 0.141478
Epoch 103: train_loss = 0.138739  MAE/GAME0 = 45.876  RMSE = 74.251  GAME1 = 50.069  GAME2 = 53.376  GAME3 = 55.579  lr = 2.78e-05  time = 65.4s
[e104 s0001/1030] loss = 0.028534
[e104 s0050/1030] loss = 0.901795
[e104 s0100/1030] loss = 0.509848
[e104 s0150/1030] loss = 0.361530
[e104 s0200/1030] loss = 0.293901
[e104 s0250/1030] loss = 0.255120
[e104 s0300/1030] loss = 0.224333
[e104 s0350/1030] loss = 0.205014
[e104 s0400/1030] loss = 0.186896
[e104 s0450/1030] loss = 0.203133
[e104 s0500/1030] loss = 0.188695
[e104 s0550/1030] loss = 0.178991
[e104 s0600/1030] loss = 0.168325
[e104 s0650/1030] loss = 0.160521
[e104 s0700/1030] loss = 0.154433
[e104 s0750/1030] loss = 0.150205
[e104 s0800/1030] loss = 0.148216
[e104 s0850/1030] loss = 0.142041
[e104 s0900/1030] loss = 0.139027
[e104 s0950/1030] loss = 0.134079
[e104 s1000/1030] loss = 0.129475
Epoch 104: train_loss = 0.127166  MAE/GAME0 = 40.750  RMSE = 71.760  GAME1 = 49.523  GAME2 = 54.713  GAME3 = 58.456  lr = 2.77e-05  time = 66.9s
[e105 s0001/1030] loss = 0.052530
[e105 s0050/1030] loss = 0.064223
[e105 s0100/1030] loss = 0.063500
[e105 s0150/1030] loss = 0.057416
[e105 s0200/1030] loss = 0.058861
[e105 s0250/1030] loss = 0.063021
[e105 s0300/1030] loss = 0.108379
[e105 s0350/1030] loss = 0.101408
[e105 s0400/1030] loss = 0.097473
[e105 s0450/1030] loss = 0.098878
[e105 s0500/1030] loss = 0.093635
[e105 s0550/1030] loss = 0.092539
[e105 s0600/1030] loss = 0.100145
[e105 s0650/1030] loss = 0.104609
[e105 s0700/1030] loss = 0.102393
[e105 s0750/1030] loss = 0.102342
[e105 s0800/1030] loss = 0.106994
[e105 s0850/1030] loss = 0.104119
[e105 s0900/1030] loss = 0.101653
[e105 s0950/1030] loss = 0.099397
[e105 s1000/1030] loss = 0.098456
Epoch 105: train_loss = 0.097602  MAE/GAME0 = 47.533  RMSE = 76.872  GAME1 = 50.068  GAME2 = 52.479  GAME3 = 54.064  lr = 2.77e-05  time = 66.7s
[e106 s0001/1030] loss = 0.024755
[e106 s0050/1030] loss = 0.120208
[e106 s0100/1030] loss = 0.147439
[e106 s0150/1030] loss = 0.117413
[e106 s0200/1030] loss = 0.114283
[e106 s0250/1030] loss = 0.105573
[e106 s0300/1030] loss = 0.096894
[e106 s0350/1030] loss = 0.095152
[e106 s0400/1030] loss = 0.093542
[e106 s0450/1030] loss = 0.095895
[e106 s0500/1030] loss = 0.107944
[e106 s0550/1030] loss = 0.104066
[e106 s0600/1030] loss = 0.100396
[e106 s0650/1030] loss = 0.095831
[e106 s0700/1030] loss = 0.130241
[e106 s0750/1030] loss = 0.125726
[e106 s0800/1030] loss = 0.122496
[e106 s0850/1030] loss = 0.124221
[e106 s0900/1030] loss = 0.120519
[e106 s0950/1030] loss = 0.116296
[e106 s1000/1030] loss = 0.113123
Epoch 106: train_loss = 0.111849  MAE/GAME0 = 55.104  RMSE = 82.518  GAME1 = 58.321  GAME2 = 60.977  GAME3 = 62.691  lr = 2.76e-05  time = 65.1s
[e107 s0001/1030] loss = 0.063902
[e107 s0050/1030] loss = 0.054561
[e107 s0100/1030] loss = 0.073878
[e107 s0150/1030] loss = 0.069901
[e107 s0200/1030] loss = 0.069148
[e107 s0250/1030] loss = 0.132377
[e107 s0300/1030] loss = 0.139940
[e107 s0350/1030] loss = 0.129719
[e107 s0400/1030] loss = 0.120768
[e107 s0450/1030] loss = 0.114440
[e107 s0500/1030] loss = 0.110146
[e107 s0550/1030] loss = 0.104801
[e107 s0600/1030] loss = 0.099662
[e107 s0650/1030] loss = 0.096648
[e107 s0700/1030] loss = 0.093713
[e107 s0750/1030] loss = 0.093095
[e107 s0800/1030] loss = 0.091486
[e107 s0850/1030] loss = 0.090777
[e107 s0900/1030] loss = 0.091139
[e107 s0950/1030] loss = 0.089029
[e107 s1000/1030] loss = 0.088029
Epoch 107: train_loss = 0.088312  MAE/GAME0 = 42.194  RMSE = 71.518  GAME1 = 50.577  GAME2 = 55.848  GAME3 = 59.571  lr = 2.75e-05  time = 61.3s
[e108 s0001/1030] loss = 0.070976
[e108 s0050/1030] loss = 0.054465
[e108 s0100/1030] loss = 0.054962
[e108 s0150/1030] loss = 0.061381
[e108 s0200/1030] loss = 0.062299
[e108 s0250/1030] loss = 0.066939
[e108 s0300/1030] loss = 0.064786
[e108 s0350/1030] loss = 0.064195
[e108 s0400/1030] loss = 0.066702
[e108 s0450/1030] loss = 0.096351
[e108 s0500/1030] loss = 0.094155
[e108 s0550/1030] loss = 0.090089
[e108 s0600/1030] loss = 0.088938
[e108 s0650/1030] loss = 0.085626
[e108 s0700/1030] loss = 0.086775
[e108 s0750/1030] loss = 0.084668
[e108 s0800/1030] loss = 0.085571
[e108 s0850/1030] loss = 0.083961
[e108 s0900/1030] loss = 0.082918
[e108 s0950/1030] loss = 0.086454
[e108 s1000/1030] loss = 0.084899
Epoch 108: train_loss = 0.083884  MAE/GAME0 = 47.719  RMSE = 76.282  GAME1 = 51.106  GAME2 = 53.728  GAME3 = 55.583  lr = 2.74e-05  time = 66.7s
[e109 s0001/1030] loss = 0.047307
[e109 s0050/1030] loss = 0.064519
[e109 s0100/1030] loss = 0.062276
[e109 s0150/1030] loss = 0.083821
[e109 s0200/1030] loss = 0.105326
[e109 s0250/1030] loss = 0.120621
[e109 s0300/1030] loss = 0.110115
[e109 s0350/1030] loss = 0.103106
[e109 s0400/1030] loss = 0.102160
[e109 s0450/1030] loss = 0.097905
[e109 s0500/1030] loss = 0.093923
[e109 s0550/1030] loss = 0.091301
[e109 s0600/1030] loss = 0.089797
[e109 s0650/1030] loss = 0.092153
[e109 s0700/1030] loss = 0.089673
[e109 s0750/1030] loss = 0.090002
[e109 s0800/1030] loss = 0.088670
[e109 s0850/1030] loss = 0.086863
[e109 s0900/1030] loss = 0.085363
[e109 s0950/1030] loss = 0.085212
[e109 s1000/1030] loss = 0.085378
Epoch 109: train_loss = 0.084289  MAE/GAME0 = 51.096  RMSE = 79.647  GAME1 = 54.883  GAME2 = 59.224  GAME3 = 61.422  lr = 2.74e-05  time = 67.3s
[e110 s0001/1030] loss = 0.010477
[e110 s0050/1030] loss = 0.060307
[e110 s0100/1030] loss = 0.060762
[e110 s0150/1030] loss = 0.061855
[e110 s0200/1030] loss = 0.060166
[e110 s0250/1030] loss = 0.074439
[e110 s0300/1030] loss = 0.093144
[e110 s0350/1030] loss = 0.091064
[e110 s0400/1030] loss = 0.085251
[e110 s0450/1030] loss = 0.097477
[e110 s0500/1030] loss = 0.134316
[e110 s0550/1030] loss = 0.128769
[e110 s0600/1030] loss = 0.121812
[e110 s0650/1030] loss = 0.116114
[e110 s0700/1030] loss = 0.112366
[e110 s0750/1030] loss = 0.109663
[e110 s0800/1030] loss = 0.109736
[e110 s0850/1030] loss = 0.106311
[e110 s0900/1030] loss = 0.105079
[e110 s0950/1030] loss = 0.104475
[e110 s1000/1030] loss = 0.101938
Epoch 110: train_loss = 0.100640  MAE/GAME0 = 50.126  RMSE = 78.188  GAME1 = 52.568  GAME2 = 54.822  GAME3 = 56.490  lr = 2.73e-05  time = 66.0s
[e111 s0001/1030] loss = 0.014399
[e111 s0050/1030] loss = 0.757488
[e111 s0100/1030] loss = 0.411306
[e111 s0150/1030] loss = 0.306281
[e111 s0200/1030] loss = 0.239111
[e111 s0250/1030] loss = 0.201877
[e111 s0300/1030] loss = 0.180438
[e111 s0350/1030] loss = 0.166533
[e111 s0400/1030] loss = 0.162815
[e111 s0450/1030] loss = 0.151725
[e111 s0500/1030] loss = 0.143133
[e111 s0550/1030] loss = 0.134964
[e111 s0600/1030] loss = 0.128160
[e111 s0650/1030] loss = 0.124084
[e111 s0700/1030] loss = 0.119393
[e111 s0750/1030] loss = 0.113836
[e111 s0800/1030] loss = 0.111304
[e111 s0850/1030] loss = 0.108283
[e111 s0900/1030] loss = 0.106769
[e111 s0950/1030] loss = 0.105369
[e111 s1000/1030] loss = 0.102589
Epoch 111: train_loss = 0.100810  MAE/GAME0 = 56.336  RMSE = 83.331  GAME1 = 57.603  GAME2 = 59.065  GAME3 = 60.044  lr = 2.72e-05  time = 60.5s
[e112 s0001/1030] loss = 0.114259
[e112 s0050/1030] loss = 0.069764
[e112 s0100/1030] loss = 0.069115
[e112 s0150/1030] loss = 0.071644
[e112 s0200/1030] loss = 0.118693
[e112 s0250/1030] loss = 0.108593
[e112 s0300/1030] loss = 0.100715
[e112 s0350/1030] loss = 0.094837
[e112 s0400/1030] loss = 0.093858
[e112 s0450/1030] loss = 0.096629
[e112 s0500/1030] loss = 0.095926
[e112 s0550/1030] loss = 0.093079
[e112 s0600/1030] loss = 0.094789
[e112 s0650/1030] loss = 0.092873
[e112 s0700/1030] loss = 0.111394
[e112 s0750/1030] loss = 0.112598
[e112 s0800/1030] loss = 0.116604
[e112 s0850/1030] loss = 0.114811
[e112 s0900/1030] loss = 0.111042
[e112 s0950/1030] loss = 0.107558
[e112 s1000/1030] loss = 0.104218
Epoch 112: train_loss = 0.101955  MAE/GAME0 = 43.308  RMSE = 73.704  GAME1 = 53.023  GAME2 = 61.460  GAME3 = 65.321  lr = 2.71e-05  time = 65.8s
[e113 s0001/1030] loss = 0.009000
[e113 s0050/1030] loss = 0.055940
[e113 s0100/1030] loss = 0.056929
[e113 s0150/1030] loss = 0.057543
[e113 s0200/1030] loss = 0.055369
[e113 s0250/1030] loss = 0.057393
[e113 s0300/1030] loss = 0.067241
[e113 s0350/1030] loss = 0.068182
[e113 s0400/1030] loss = 0.065876
[e113 s0450/1030] loss = 0.066428
[e113 s0500/1030] loss = 0.073236
[e113 s0550/1030] loss = 0.075817
[e113 s0600/1030] loss = 0.073463
[e113 s0650/1030] loss = 0.071390
[e113 s0700/1030] loss = 0.069711
[e113 s0750/1030] loss = 0.082352
[e113 s0800/1030] loss = 0.080358
[e113 s0850/1030] loss = 0.079191
[e113 s0900/1030] loss = 0.081158
[e113 s0950/1030] loss = 0.081166
[e113 s1000/1030] loss = 0.080260
Epoch 113: train_loss = 0.106892  MAE/GAME0 = 44.203  RMSE = 73.667  GAME1 = 50.133  GAME2 = 55.170  GAME3 = 58.084  lr = 2.71e-05  time = 66.5s
[e114 s0001/1030] loss = 0.208624
[e114 s0050/1030] loss = 0.091741
[e114 s0100/1030] loss = 0.079319
[e114 s0150/1030] loss = 0.069259
[e114 s0200/1030] loss = 0.064973
[e114 s0250/1030] loss = 0.065340
[e114 s0300/1030] loss = 0.065993
[e114 s0350/1030] loss = 0.065855
[e114 s0400/1030] loss = 0.067802
[e114 s0450/1030] loss = 0.071575
[e114 s0500/1030] loss = 0.073876
[e114 s0550/1030] loss = 0.071239
[e114 s0600/1030] loss = 0.070980
[e114 s0650/1030] loss = 0.070459
[e114 s0700/1030] loss = 0.070653
[e114 s0750/1030] loss = 0.073683
[e114 s0800/1030] loss = 0.075474
[e114 s0850/1030] loss = 0.072988
[e114 s0900/1030] loss = 0.094895
[e114 s0950/1030] loss = 0.093119
[e114 s1000/1030] loss = 0.090674
Epoch 114: train_loss = 0.090009  MAE/GAME0 = 45.391  RMSE = 75.141  GAME1 = 53.050  GAME2 = 58.491  GAME3 = 61.925  lr = 2.70e-05  time = 66.3s
[e115 s0001/1030] loss = 0.012575
[e115 s0050/1030] loss = 0.093056
[e115 s0100/1030] loss = 0.080270
[e115 s0150/1030] loss = 0.094175
[e115 s0200/1030] loss = 0.094064
[e115 s0250/1030] loss = 0.087671
[e115 s0300/1030] loss = 0.114437
[e115 s0350/1030] loss = 0.108523
[e115 s0400/1030] loss = 0.105214
[e115 s0450/1030] loss = 0.104186
[e115 s0500/1030] loss = 0.098713
[e115 s0550/1030] loss = 0.098382
[e115 s0600/1030] loss = 0.095030
[e115 s0650/1030] loss = 0.090792
[e115 s0700/1030] loss = 0.090556
[e115 s0750/1030] loss = 0.088302
[e115 s0800/1030] loss = 0.085040
[e115 s0850/1030] loss = 0.085543
[e115 s0900/1030] loss = 0.083397
[e115 s0950/1030] loss = 0.082482
[e115 s1000/1030] loss = 0.080815
Epoch 115: train_loss = 0.079568  MAE/GAME0 = 44.608  RMSE = 73.477  GAME1 = 50.774  GAME2 = 55.014  GAME3 = 58.251  lr = 2.69e-05  time = 62.8s
[e116 s0001/1030] loss = 0.625790
[e116 s0050/1030] loss = 0.158055
[e116 s0100/1030] loss = 0.121952
[e116 s0150/1030] loss = 0.102647
[e116 s0200/1030] loss = 0.093465
[e116 s0250/1030] loss = 0.087068
[e116 s0300/1030] loss = 0.081506
[e116 s0350/1030] loss = 0.077743
[e116 s0400/1030] loss = 0.073959
[e116 s0450/1030] loss = 0.080363
[e116 s0500/1030] loss = 0.081195
[e116 s0550/1030] loss = 0.099854
[e116 s0600/1030] loss = 0.095839
[e116 s0650/1030] loss = 0.091955
[e116 s0700/1030] loss = 0.088995
[e116 s0750/1030] loss = 0.086461
[e116 s0800/1030] loss = 0.084488
[e116 s0850/1030] loss = 0.085395
[e116 s0900/1030] loss = 0.083776
[e116 s0950/1030] loss = 0.082310
[e116 s1000/1030] loss = 0.081588
Epoch 116: train_loss = 0.080711  MAE/GAME0 = 47.320  RMSE = 76.404  GAME1 = 53.187  GAME2 = 56.964  GAME3 = 59.694  lr = 2.68e-05  time = 59.8s
[e117 s0001/1030] loss = 0.023312
[e117 s0050/1030] loss = 0.057985
[e117 s0100/1030] loss = 0.064879
[e117 s0150/1030] loss = 0.070873
[e117 s0200/1030] loss = 0.063412
[e117 s0250/1030] loss = 0.069143
[e117 s0300/1030] loss = 0.067357
[e117 s0350/1030] loss = 0.071013
[e117 s0400/1030] loss = 0.066293
[e117 s0450/1030] loss = 0.064788
[e117 s0500/1030] loss = 0.065517
[e117 s0550/1030] loss = 0.063277
[e117 s0600/1030] loss = 0.067158
[e117 s0650/1030] loss = 0.065944
[e117 s0700/1030] loss = 0.068307
[e117 s0750/1030] loss = 0.069599
[e117 s0800/1030] loss = 0.070158
[e117 s0850/1030] loss = 0.070138
[e117 s0900/1030] loss = 0.070559
[e117 s0950/1030] loss = 0.069590
[e117 s1000/1030] loss = 0.069423
Epoch 117: train_loss = 0.068702  MAE/GAME0 = 55.226  RMSE = 82.978  GAME1 = 58.434  GAME2 = 61.583  GAME3 = 63.144  lr = 2.67e-05  time = 59.4s
[e118 s0001/1030] loss = 0.004234
[e118 s0050/1030] loss = 0.054639
[e118 s0100/1030] loss = 0.073209
[e118 s0150/1030] loss = 0.074438
[e118 s0200/1030] loss = 0.073941
[e118 s0250/1030] loss = 0.073229
[e118 s0300/1030] loss = 0.069204
[e118 s0350/1030] loss = 0.071545
[e118 s0400/1030] loss = 0.067449
[e118 s0450/1030] loss = 0.069689
[e118 s0500/1030] loss = 0.069439
[e118 s0550/1030] loss = 0.102494
[e118 s0600/1030] loss = 0.097550
[e118 s0650/1030] loss = 0.095241
[e118 s0700/1030] loss = 0.092282
[e118 s0750/1030] loss = 0.090153
[e118 s0800/1030] loss = 0.088742
[e118 s0850/1030] loss = 0.085945
[e118 s0900/1030] loss = 0.084027
[e118 s0950/1030] loss = 0.082752
[e118 s1000/1030] loss = 0.089857
Epoch 118: train_loss = 0.088945  MAE/GAME0 = 53.606  RMSE = 81.016  GAME1 = 57.625  GAME2 = 60.556  GAME3 = 62.477  lr = 2.67e-05  time = 59.1s
[e119 s0001/1030] loss = 0.033670
[e119 s0050/1030] loss = 0.087857
[e119 s0100/1030] loss = 0.073411
[e119 s0150/1030] loss = 0.065774
[e119 s0200/1030] loss = 0.065495
[e119 s0250/1030] loss = 0.071940
[e119 s0300/1030] loss = 0.070435
[e119 s0350/1030] loss = 0.075368
[e119 s0400/1030] loss = 0.071914
[e119 s0450/1030] loss = 0.071799
[e119 s0500/1030] loss = 0.071939
[e119 s0550/1030] loss = 0.070672
[e119 s0600/1030] loss = 0.102897
[e119 s0650/1030] loss = 0.098333
[e119 s0700/1030] loss = 0.100283
[e119 s0750/1030] loss = 0.096657
[e119 s0800/1030] loss = 0.093414
[e119 s0850/1030] loss = 0.091072
[e119 s0900/1030] loss = 0.089162
[e119 s0950/1030] loss = 0.087198
[e119 s1000/1030] loss = 0.086357
Epoch 119: train_loss = 0.085593  MAE/GAME0 = 51.708  RMSE = 79.502  GAME1 = 55.591  GAME2 = 58.857  GAME3 = 60.941  lr = 2.66e-05  time = 59.1s
[e120 s0001/1030] loss = 0.033594
[e120 s0050/1030] loss = 0.043325
[e120 s0100/1030] loss = 0.043172
[e120 s0150/1030] loss = 0.050703
[e120 s0200/1030] loss = 0.052631
[e120 s0250/1030] loss = 0.088442
[e120 s0300/1030] loss = 0.085045
[e120 s0350/1030] loss = 0.099932
[e120 s0400/1030] loss = 0.094505
[e120 s0450/1030] loss = 0.089384
[e120 s0500/1030] loss = 0.086762
[e120 s0550/1030] loss = 0.086343
[e120 s0600/1030] loss = 0.084275
[e120 s0650/1030] loss = 0.082482
[e120 s0700/1030] loss = 0.079827
[e120 s0750/1030] loss = 0.076876
[e120 s0800/1030] loss = 0.074981
[e120 s0850/1030] loss = 0.075627
[e120 s0900/1030] loss = 0.075962
[e120 s0950/1030] loss = 0.075787
[e120 s1000/1030] loss = 0.075792
Epoch 120: train_loss = 0.075714  MAE/GAME0 = 57.671  RMSE = 84.766  GAME1 = 60.500  GAME2 = 62.804  GAME3 = 64.188  lr = 2.65e-05  time = 59.2s
[e121 s0001/1030] loss = 0.002984
[e121 s0050/1030] loss = 0.224526
[e121 s0100/1030] loss = 0.141468
[e121 s0150/1030] loss = 0.139722
[e121 s0200/1030] loss = 0.121588
[e121 s0250/1030] loss = 0.104233
[e121 s0300/1030] loss = 0.098420
[e121 s0350/1030] loss = 0.091263
[e121 s0400/1030] loss = 0.086933
[e121 s0450/1030] loss = 0.107680
[e121 s0500/1030] loss = 0.103977
[e121 s0550/1030] loss = 0.104602
[e121 s0600/1030] loss = 0.101459
[e121 s0650/1030] loss = 0.104567
[e121 s0700/1030] loss = 0.101450
[e121 s0750/1030] loss = 0.097562
[e121 s0800/1030] loss = 0.095802
[e121 s0850/1030] loss = 0.093157
[e121 s0900/1030] loss = 0.090940
[e121 s0950/1030] loss = 0.088674
[e121 s1000/1030] loss = 0.086577
Epoch 121: train_loss = 0.084702  MAE/GAME0 = 53.095  RMSE = 81.177  GAME1 = 55.830  GAME2 = 59.525  GAME3 = 61.254  lr = 2.64e-05  time = 59.5s
[e122 s0001/1030] loss = 0.009859
[e122 s0050/1030] loss = 0.056785
[e122 s0100/1030] loss = 0.056466
[e122 s0150/1030] loss = 0.056638
[e122 s0200/1030] loss = 0.066425
[e122 s0250/1030] loss = 0.062090
[e122 s0300/1030] loss = 0.060381
[e122 s0350/1030] loss = 0.062712
[e122 s0400/1030] loss = 0.070722
[e122 s0450/1030] loss = 0.069366
[e122 s0500/1030] loss = 0.084955
[e122 s0550/1030] loss = 0.085385
[e122 s0600/1030] loss = 0.084111
[e122 s0650/1030] loss = 0.084009
[e122 s0700/1030] loss = 0.081606
[e122 s0750/1030] loss = 0.079517
[e122 s0800/1030] loss = 0.077872
[e122 s0850/1030] loss = 0.076312
[e122 s0900/1030] loss = 0.092873
[e122 s0950/1030] loss = 0.089664
[e122 s1000/1030] loss = 0.088987
Epoch 122: train_loss = 0.087656  MAE/GAME0 = 52.755  RMSE = 81.017  GAME1 = 55.859  GAME2 = 59.580  GAME3 = 61.326  lr = 2.63e-05  time = 60.2s
[e123 s0001/1030] loss = 0.035186
[e123 s0050/1030] loss = 0.051147
[e123 s0100/1030] loss = 0.058930
[e123 s0150/1030] loss = 0.056025
[e123 s0200/1030] loss = 0.059578
[e123 s0250/1030] loss = 0.058554
[e123 s0300/1030] loss = 0.057520
[e123 s0350/1030] loss = 0.093049
[e123 s0400/1030] loss = 0.089605
[e123 s0450/1030] loss = 0.088369
[e123 s0500/1030] loss = 0.083672
[e123 s0550/1030] loss = 0.088323
[e123 s0600/1030] loss = 0.090766
[e123 s0650/1030] loss = 0.089134
[e123 s0700/1030] loss = 0.086536
[e123 s0750/1030] loss = 0.083723
[e123 s0800/1030] loss = 0.081298
[e123 s0850/1030] loss = 0.079322
[e123 s0900/1030] loss = 0.078816
[e123 s0950/1030] loss = 0.079655
[e123 s1000/1030] loss = 0.077576
Epoch 123: train_loss = 0.076868  MAE/GAME0 = 33.067  RMSE = 64.730  GAME1 = 42.575  GAME2 = 49.286  GAME3 = 54.025  lr = 2.62e-05  time = 59.2s
[e124 s0001/1030] loss = 0.057580
[e124 s0050/1030] loss = 0.040603
[e124 s0100/1030] loss = 0.051141
[e124 s0150/1030] loss = 0.063353
[e124 s0200/1030] loss = 0.058565
[e124 s0250/1030] loss = 0.067350
[e124 s0300/1030] loss = 0.069175
[e124 s0350/1030] loss = 0.067135
[e124 s0400/1030] loss = 0.063697
[e124 s0450/1030] loss = 0.061610
[e124 s0500/1030] loss = 0.060473
[e124 s0550/1030] loss = 0.060067
[e124 s0600/1030] loss = 0.061573
[e124 s0650/1030] loss = 0.065477
[e124 s0700/1030] loss = 0.063374
[e124 s0750/1030] loss = 0.066724
[e124 s0800/1030] loss = 0.067004
[e124 s0850/1030] loss = 0.067238
[e124 s0900/1030] loss = 0.074530
[e124 s0950/1030] loss = 0.073086
[e124 s1000/1030] loss = 0.071257
Epoch 124: train_loss = 0.070614  MAE/GAME0 = 48.953  RMSE = 77.917  GAME1 = 52.233  GAME2 = 55.826  GAME3 = 57.797  lr = 2.62e-05  time = 61.1s
[e125 s0001/1030] loss = 0.007240
[e125 s0050/1030] loss = 0.097791
[e125 s0100/1030] loss = 0.075334
[e125 s0150/1030] loss = 0.079165
[e125 s0200/1030] loss = 0.073943
[e125 s0250/1030] loss = 0.076790
[e125 s0300/1030] loss = 0.074908
[e125 s0350/1030] loss = 0.071701
[e125 s0400/1030] loss = 0.069636
[e125 s0450/1030] loss = 0.065629
[e125 s0500/1030] loss = 0.067275
[e125 s0550/1030] loss = 0.065190
[e125 s0600/1030] loss = 0.065084
[e125 s0650/1030] loss = 0.066717
[e125 s0700/1030] loss = 0.066505
[e125 s0750/1030] loss = 0.067183
[e125 s0800/1030] loss = 0.067903
[e125 s0850/1030] loss = 0.065813
[e125 s0900/1030] loss = 0.065116
[e125 s0950/1030] loss = 0.064217
[e125 s1000/1030] loss = 0.070707
Epoch 125: train_loss = 0.072824  MAE/GAME0 = 42.942  RMSE = 74.150  GAME1 = 54.604  GAME2 = 65.706  GAME3 = 70.141  lr = 2.61e-05  time = 63.4s
[e126 s0001/1030] loss = 0.010147
[e126 s0050/1030] loss = 0.084354
[e126 s0100/1030] loss = 0.087776
[e126 s0150/1030] loss = 0.089507
[e126 s0200/1030] loss = 0.089980
[e126 s0250/1030] loss = 0.084357
[e126 s0300/1030] loss = 0.080737
[e126 s0350/1030] loss = 0.077722
[e126 s0400/1030] loss = 0.076038
[e126 s0450/1030] loss = 0.072720
[e126 s0500/1030] loss = 0.070896
[e126 s0550/1030] loss = 0.094835
[e126 s0600/1030] loss = 0.090275
[e126 s0650/1030] loss = 0.088288
[e126 s0700/1030] loss = 0.086531
[e126 s0750/1030] loss = 0.083859
[e126 s0800/1030] loss = 0.082508
[e126 s0850/1030] loss = 0.080314
[e126 s0900/1030] loss = 0.079759
[e126 s0950/1030] loss = 0.077872
[e126 s1000/1030] loss = 0.076375
Epoch 126: train_loss = 0.075718  MAE/GAME0 = 49.524  RMSE = 78.962  GAME1 = 53.289  GAME2 = 57.846  GAME3 = 60.174  lr = 2.60e-05  time = 59.4s
[e127 s0001/1030] loss = 0.006225
[e127 s0050/1030] loss = 0.330092
[e127 s0100/1030] loss = 0.191353
[e127 s0150/1030] loss = 0.142804
[e127 s0200/1030] loss = 0.118047
[e127 s0250/1030] loss = 0.104524
[e127 s0300/1030] loss = 0.100547
[e127 s0350/1030] loss = 0.095156
[e127 s0400/1030] loss = 0.087444
[e127 s0450/1030] loss = 0.084607
[e127 s0500/1030] loss = 0.082334
[e127 s0550/1030] loss = 0.094668
[e127 s0600/1030] loss = 0.092193
[e127 s0650/1030] loss = 0.089619
[e127 s0700/1030] loss = 0.085461
[e127 s0750/1030] loss = 0.084279
[e127 s0800/1030] loss = 0.081297
[e127 s0850/1030] loss = 0.079354
[e127 s0900/1030] loss = 0.078181
[e127 s0950/1030] loss = 0.077311
[e127 s1000/1030] loss = 0.079997
Epoch 127: train_loss = 0.079347  MAE/GAME0 = 45.073  RMSE = 75.627  GAME1 = 50.275  GAME2 = 54.959  GAME3 = 57.834  lr = 2.59e-05  time = 58.7s
[e128 s0001/1030] loss = 0.101254
[e128 s0050/1030] loss = 0.074666
[e128 s0100/1030] loss = 0.062388
[e128 s0150/1030] loss = 0.068248
[e128 s0200/1030] loss = 0.064803
[e128 s0250/1030] loss = 0.069000
[e128 s0300/1030] loss = 0.072606
[e128 s0350/1030] loss = 0.069469
[e128 s0400/1030] loss = 0.068925
[e128 s0450/1030] loss = 0.067019
[e128 s0500/1030] loss = 0.066444
[e128 s0550/1030] loss = 0.063883
[e128 s0600/1030] loss = 0.064426
[e128 s0650/1030] loss = 0.064163
[e128 s0700/1030] loss = 0.065310
[e128 s0750/1030] loss = 0.064133
[e128 s0800/1030] loss = 0.063269
[e128 s0850/1030] loss = 0.061409
[e128 s0900/1030] loss = 0.064561
[e128 s0950/1030] loss = 0.064414
[e128 s1000/1030] loss = 0.063975
Epoch 128: train_loss = 0.065303  MAE/GAME0 = 46.381  RMSE = 76.195  GAME1 = 50.078  GAME2 = 53.330  GAME3 = 55.576  lr = 2.58e-05  time = 59.4s
[e129 s0001/1030] loss = 0.017496
[e129 s0050/1030] loss = 0.053981
[e129 s0100/1030] loss = 0.057098
[e129 s0150/1030] loss = 0.049931
[e129 s0200/1030] loss = 0.053472
[e129 s0250/1030] loss = 0.056503
[e129 s0300/1030] loss = 0.057572
[e129 s0350/1030] loss = 0.061089
[e129 s0400/1030] loss = 0.059292
[e129 s0450/1030] loss = 0.059263
[e129 s0500/1030] loss = 0.060131
[e129 s0550/1030] loss = 0.058742
[e129 s0600/1030] loss = 0.059292
[e129 s0650/1030] loss = 0.063160
[e129 s0700/1030] loss = 0.061544
[e129 s0750/1030] loss = 0.060792
[e129 s0800/1030] loss = 0.062217
[e129 s0850/1030] loss = 0.062357
[e129 s0900/1030] loss = 0.069375
[e129 s0950/1030] loss = 0.068673
[e129 s1000/1030] loss = 0.067940
Epoch 129: train_loss = 0.067544  MAE/GAME0 = 54.236  RMSE = 81.940  GAME1 = 55.794  GAME2 = 58.053  GAME3 = 59.163  lr = 2.57e-05  time = 59.0s
[e130 s0001/1030] loss = 0.159500
[e130 s0050/1030] loss = 0.078313
[e130 s0100/1030] loss = 0.069606
[e130 s0150/1030] loss = 0.074122
[e130 s0200/1030] loss = 0.075430
[e130 s0250/1030] loss = 0.069004
[e130 s0300/1030] loss = 0.064751
[e130 s0350/1030] loss = 0.061703
[e130 s0400/1030] loss = 0.061888
[e130 s0450/1030] loss = 0.060389
[e130 s0500/1030] loss = 0.061021
[e130 s0550/1030] loss = 0.058849
[e130 s0600/1030] loss = 0.060104
[e130 s0650/1030] loss = 0.059440
[e130 s0700/1030] loss = 0.057668
[e130 s0750/1030] loss = 0.059203
[e130 s0800/1030] loss = 0.059526
[e130 s0850/1030] loss = 0.059029
[e130 s0900/1030] loss = 0.073412
[e130 s0950/1030] loss = 0.080155
[e130 s1000/1030] loss = 0.079684
Epoch 130: train_loss = 0.078978  MAE/GAME0 = 59.001  RMSE = 85.521  GAME1 = 60.187  GAME2 = 61.707  GAME3 = 62.622  lr = 2.56e-05  time = 60.0s
[e131 s0001/1030] loss = 0.041197
[e131 s0050/1030] loss = 0.047170
[e131 s0100/1030] loss = 0.053211
[e131 s0150/1030] loss = 0.053431
[e131 s0200/1030] loss = 0.056078
[e131 s0250/1030] loss = 0.058250
[e131 s0300/1030] loss = 0.053763
[e131 s0350/1030] loss = 0.052842
[e131 s0400/1030] loss = 0.052555
[e131 s0450/1030] loss = 0.050811
[e131 s0500/1030] loss = 0.050727
[e131 s0550/1030] loss = 0.051875
[e131 s0600/1030] loss = 0.050941
[e131 s0650/1030] loss = 0.051311
[e131 s0700/1030] loss = 0.052277
[e131 s0750/1030] loss = 0.052060
[e131 s0800/1030] loss = 0.051733
[e131 s0850/1030] loss = 0.061485
[e131 s0900/1030] loss = 0.062914
[e131 s0950/1030] loss = 0.062669
[e131 s1000/1030] loss = 0.061670
Epoch 131: train_loss = 0.064642  MAE/GAME0 = 57.321  RMSE = 84.463  GAME1 = 59.175  GAME2 = 61.698  GAME3 = 62.966  lr = 2.55e-05  time = 58.9s
[e132 s0001/1030] loss = 0.172139
[e132 s0050/1030] loss = 0.096654
[e132 s0100/1030] loss = 0.090007
[e132 s0150/1030] loss = 0.080566
[e132 s0200/1030] loss = 0.086507
[e132 s0250/1030] loss = 0.077707
[e132 s0300/1030] loss = 0.078628
[e132 s0350/1030] loss = 0.074184
[e132 s0400/1030] loss = 0.073013
[e132 s0450/1030] loss = 0.069819
[e132 s0500/1030] loss = 0.070909
[e132 s0550/1030] loss = 0.068432
[e132 s0600/1030] loss = 0.066109
[e132 s0650/1030] loss = 0.063774
[e132 s0700/1030] loss = 0.062057
[e132 s0750/1030] loss = 0.060625
[e132 s0800/1030] loss = 0.061639
[e132 s0850/1030] loss = 0.062070
[e132 s0900/1030] loss = 0.060423
[e132 s0950/1030] loss = 0.059069
[e132 s1000/1030] loss = 0.061236
Epoch 132: train_loss = 0.061242  MAE/GAME0 = 45.378  RMSE = 76.089  GAME1 = 50.941  GAME2 = 55.856  GAME3 = 58.935  lr = 2.54e-05  time = 59.2s
[e133 s0001/1030] loss = 0.075573
[e133 s0050/1030] loss = 0.041826
[e133 s0100/1030] loss = 0.050625
[e133 s0150/1030] loss = 0.048726
[e133 s0200/1030] loss = 0.046538
[e133 s0250/1030] loss = 0.048850
[e133 s0300/1030] loss = 0.055039
[e133 s0350/1030] loss = 0.057325
[e133 s0400/1030] loss = 0.056218
[e133 s0450/1030] loss = 0.056023
[e133 s0500/1030] loss = 0.076705
[e133 s0550/1030] loss = 0.073365
[e133 s0600/1030] loss = 0.070977
[e133 s0650/1030] loss = 0.068094
[e133 s0700/1030] loss = 0.070499
[e133 s0750/1030] loss = 0.070160
[e133 s0800/1030] loss = 0.068970
[e133 s0850/1030] loss = 0.068141
[e133 s0900/1030] loss = 0.068441
[e133 s0950/1030] loss = 0.066897
[e133 s1000/1030] loss = 0.065690
Epoch 133: train_loss = 0.065487  MAE/GAME0 = 54.853  RMSE = 81.435  GAME1 = 56.597  GAME2 = 58.919  GAME3 = 60.237  lr = 2.53e-05  time = 59.2s
[e134 s0001/1030] loss = 0.014974
[e134 s0050/1030] loss = 0.053503
[e134 s0100/1030] loss = 0.059285
[e134 s0150/1030] loss = 0.054032
[e134 s0200/1030] loss = 0.053491
[e134 s0250/1030] loss = 0.110920
[e134 s0300/1030] loss = 0.099883
[e134 s0350/1030] loss = 0.098485
[e134 s0400/1030] loss = 0.093906
[e134 s0450/1030] loss = 0.094002
[e134 s0500/1030] loss = 0.089733
[e134 s0550/1030] loss = 0.089152
[e134 s0600/1030] loss = 0.084801
[e134 s0650/1030] loss = 0.080638
[e134 s0700/1030] loss = 0.077924
[e134 s0750/1030] loss = 0.074845
[e134 s0800/1030] loss = 0.072347
[e134 s0850/1030] loss = 0.072103
[e134 s0900/1030] loss = 0.070469
[e134 s0950/1030] loss = 0.069280
[e134 s1000/1030] loss = 0.068001
Epoch 134: train_loss = 0.067510  MAE/GAME0 = 40.561  RMSE = 72.184  GAME1 = 47.683  GAME2 = 53.418  GAME3 = 56.759  lr = 2.52e-05  time = 58.5s
[e135 s0001/1030] loss = 0.053130
[e135 s0050/1030] loss = 0.077195
[e135 s0100/1030] loss = 0.056254
[e135 s0150/1030] loss = 0.052269
[e135 s0200/1030] loss = 0.052472
[e135 s0250/1030] loss = 0.090567
[e135 s0300/1030] loss = 0.083628
[e135 s0350/1030] loss = 0.077205
[e135 s0400/1030] loss = 0.082794
[e135 s0450/1030] loss = 0.088337
[e135 s0500/1030] loss = 0.084914
[e135 s0550/1030] loss = 0.084590
[e135 s0600/1030] loss = 0.081324
[e135 s0650/1030] loss = 0.079484
[e135 s0700/1030] loss = 0.077351
[e135 s0750/1030] loss = 0.078900
[e135 s0800/1030] loss = 0.076278
[e135 s0850/1030] loss = 0.074284
[e135 s0900/1030] loss = 0.073113
[e135 s0950/1030] loss = 0.072769
[e135 s1000/1030] loss = 0.071127
Epoch 135: train_loss = 0.070538  MAE/GAME0 = 56.369  RMSE = 83.851  GAME1 = 59.140  GAME2 = 61.905  GAME3 = 63.605  lr = 2.51e-05  time = 59.3s
[e136 s0001/1030] loss = 0.031956
[e136 s0050/1030] loss = 0.065240
[e136 s0100/1030] loss = 0.054301
[e136 s0150/1030] loss = 0.054633
[e136 s0200/1030] loss = 0.055946
[e136 s0250/1030] loss = 0.052907
[e136 s0300/1030] loss = 0.051632
[e136 s0350/1030] loss = 0.052285
[e136 s0400/1030] loss = 0.051155
[e136 s0450/1030] loss = 0.050325
[e136 s0500/1030] loss = 0.095229
[e136 s0550/1030] loss = 0.091147
[e136 s0600/1030] loss = 0.087987
[e136 s0650/1030] loss = 0.087937
[e136 s0700/1030] loss = 0.085384
[e136 s0750/1030] loss = 0.083904
[e136 s0800/1030] loss = 0.081487
[e136 s0850/1030] loss = 0.080510
[e136 s0900/1030] loss = 0.078676
[e136 s0950/1030] loss = 0.076656
[e136 s1000/1030] loss = 0.075068
Epoch 136: train_loss = 0.074153  MAE/GAME0 = 47.146  RMSE = 76.805  GAME1 = 51.527  GAME2 = 55.068  GAME3 = 57.574  lr = 2.50e-05  time = 59.1s
[e137 s0001/1030] loss = 0.010634
[e137 s0050/1030] loss = 0.037376
[e137 s0100/1030] loss = 0.050822
[e137 s0150/1030] loss = 0.046301
[e137 s0200/1030] loss = 0.047903
[e137 s0250/1030] loss = 0.050948
[e137 s0300/1030] loss = 0.049813
[e137 s0350/1030] loss = 0.050844
[e137 s0400/1030] loss = 0.051872
[e137 s0450/1030] loss = 0.052232
[e137 s0500/1030] loss = 0.080997
[e137 s0550/1030] loss = 0.078344
[e137 s0600/1030] loss = 0.087143
[e137 s0650/1030] loss = 0.098927
[e137 s0700/1030] loss = 0.095714
[e137 s0750/1030] loss = 0.093307
[e137 s0800/1030] loss = 0.090773
[e137 s0850/1030] loss = 0.087572
[e137 s0900/1030] loss = 0.085021
[e137 s0950/1030] loss = 0.083534
[e137 s1000/1030] loss = 0.082382
Epoch 137: train_loss = 0.081600  MAE/GAME0 = 48.719  RMSE = 77.781  GAME1 = 51.256  GAME2 = 53.928  GAME3 = 55.839  lr = 2.49e-05  time = 58.5s
[e138 s0001/1030] loss = 0.016329
[e138 s0050/1030] loss = 0.061898
[e138 s0100/1030] loss = 0.052941
[e138 s0150/1030] loss = 0.050290
[e138 s0200/1030] loss = 0.049763
[e138 s0250/1030] loss = 0.052869
[e138 s0300/1030] loss = 0.059031
[e138 s0350/1030] loss = 0.056999
[e138 s0400/1030] loss = 0.055633
[e138 s0450/1030] loss = 0.074177
[e138 s0500/1030] loss = 0.072192
[e138 s0550/1030] loss = 0.069573
[e138 s0600/1030] loss = 0.072110
[e138 s0650/1030] loss = 0.071487
[e138 s0700/1030] loss = 0.069466
[e138 s0750/1030] loss = 0.069527
[e138 s0800/1030] loss = 0.067630
[e138 s0850/1030] loss = 0.066818
[e138 s0900/1030] loss = 0.073211
[e138 s0950/1030] loss = 0.071487
[e138 s1000/1030] loss = 0.070252
Epoch 138: train_loss = 0.069064  MAE/GAME0 = 59.216  RMSE = 84.841  GAME1 = 59.962  GAME2 = 60.704  GAME3 = 61.151  lr = 2.48e-05  time = 57.7s
[e139 s0001/1030] loss = 0.013444
[e139 s0050/1030] loss = 0.089920
[e139 s0100/1030] loss = 0.072475
[e139 s0150/1030] loss = 0.063199
[e139 s0200/1030] loss = 0.055098
[e139 s0250/1030] loss = 0.053404
[e139 s0300/1030] loss = 0.055477
[e139 s0350/1030] loss = 0.057150
[e139 s0400/1030] loss = 0.055867
[e139 s0450/1030] loss = 0.055699
[e139 s0500/1030] loss = 0.054110
[e139 s0550/1030] loss = 0.053964
[e139 s0600/1030] loss = 0.054160
[e139 s0650/1030] loss = 0.056971
[e139 s0700/1030] loss = 0.055661
[e139 s0750/1030] loss = 0.055540
[e139 s0800/1030] loss = 0.055748
[e139 s0850/1030] loss = 0.055895
[e139 s0900/1030] loss = 0.056679
[e139 s0950/1030] loss = 0.055587
[e139 s1000/1030] loss = 0.059772
Epoch 139: train_loss = 0.059477  MAE/GAME0 = 55.789  RMSE = 83.210  GAME1 = 57.498  GAME2 = 59.877  GAME3 = 61.177  lr = 2.47e-05  time = 58.9s
[e140 s0001/1030] loss = 0.012039
[e140 s0050/1030] loss = 0.117981
[e140 s0100/1030] loss = 0.084007
[e140 s0150/1030] loss = 0.073089
[e140 s0200/1030] loss = 0.074579
[e140 s0250/1030] loss = 0.068408
[e140 s0300/1030] loss = 0.071380
[e140 s0350/1030] loss = 0.068548
[e140 s0400/1030] loss = 0.066028
[e140 s0450/1030] loss = 0.064429
[e140 s0500/1030] loss = 0.065140
[e140 s0550/1030] loss = 0.062754
[e140 s0600/1030] loss = 0.060148
[e140 s0650/1030] loss = 0.058944
[e140 s0700/1030] loss = 0.057582
[e140 s0750/1030] loss = 0.056813
[e140 s0800/1030] loss = 0.057637
[e140 s0850/1030] loss = 0.056911
[e140 s0900/1030] loss = 0.055845
[e140 s0950/1030] loss = 0.056508
[e140 s1000/1030] loss = 0.055465
Epoch 140: train_loss = 0.055456  MAE/GAME0 = 54.977  RMSE = 82.564  GAME1 = 55.952  GAME2 = 57.440  GAME3 = 58.309  lr = 2.46e-05  time = 58.7s
[e141 s0001/1030] loss = 0.012149
[e141 s0050/1030] loss = 0.095831
[e141 s0100/1030] loss = 0.084417
[e141 s0150/1030] loss = 0.071197
[e141 s0200/1030] loss = 0.064447
[e141 s0250/1030] loss = 0.064945
[e141 s0300/1030] loss = 0.061607
[e141 s0350/1030] loss = 0.059286
[e141 s0400/1030] loss = 0.057656
[e141 s0450/1030] loss = 0.067520
[e141 s0500/1030] loss = 0.065354
[e141 s0550/1030] loss = 0.064751
[e141 s0600/1030] loss = 0.070314
[e141 s0650/1030] loss = 0.068357
[e141 s0700/1030] loss = 0.065719
[e141 s0750/1030] loss = 0.064579
[e141 s0800/1030] loss = 0.064270
[e141 s0850/1030] loss = 0.062776
[e141 s0900/1030] loss = 0.062115
[e141 s0950/1030] loss = 0.060770
[e141 s1000/1030] loss = 0.065180
Epoch 141: train_loss = 0.064287  MAE/GAME0 = 52.194  RMSE = 80.658  GAME1 = 55.526  GAME2 = 58.467  GAME3 = 60.360  lr = 2.45e-05  time = 59.1s
[e142 s0001/1030] loss = 0.018571
[e142 s0050/1030] loss = 0.158352
[e142 s0100/1030] loss = 0.133351
[e142 s0150/1030] loss = 0.103880
[e142 s0200/1030] loss = 0.107668
[e142 s0250/1030] loss = 0.096507
[e142 s0300/1030] loss = 0.093232
[e142 s0350/1030] loss = 0.085445
[e142 s0400/1030] loss = 0.081236
[e142 s0450/1030] loss = 0.077716
[e142 s0500/1030] loss = 0.073247
[e142 s0550/1030] loss = 0.070427
[e142 s0600/1030] loss = 0.067122
[e142 s0650/1030] loss = 0.064205
[e142 s0700/1030] loss = 0.062953
[e142 s0750/1030] loss = 0.061603
[e142 s0800/1030] loss = 0.060811
[e142 s0850/1030] loss = 0.058688
[e142 s0900/1030] loss = 0.058661
[e142 s0950/1030] loss = 0.057562
[e142 s1000/1030] loss = 0.057311
Epoch 142: train_loss = 0.056293  MAE/GAME0 = 47.189  RMSE = 77.506  GAME1 = 54.489  GAME2 = 62.284  GAME3 = 65.290  lr = 2.44e-05  time = 59.0s
[e143 s0001/1030] loss = 0.120353
[e143 s0050/1030] loss = 0.030633
[e143 s0100/1030] loss = 0.075020
[e143 s0150/1030] loss = 0.064876
[e143 s0200/1030] loss = 0.062104
[e143 s0250/1030] loss = 0.062166
[e143 s0300/1030] loss = 0.058763
[e143 s0350/1030] loss = 0.060758
[e143 s0400/1030] loss = 0.057941
[e143 s0450/1030] loss = 0.055541
[e143 s0500/1030] loss = 0.054608
[e143 s0550/1030] loss = 0.064075
[e143 s0600/1030] loss = 0.063004
[e143 s0650/1030] loss = 0.062123
[e143 s0700/1030] loss = 0.061805
[e143 s0750/1030] loss = 0.061072
[e143 s0800/1030] loss = 0.074587
[e143 s0850/1030] loss = 0.073403
[e143 s0900/1030] loss = 0.073216
[e143 s0950/1030] loss = 0.072197
[e143 s1000/1030] loss = 0.070552
Epoch 143: train_loss = 0.070066  MAE/GAME0 = 43.099  RMSE = 73.809  GAME1 = 49.248  GAME2 = 53.543  GAME3 = 56.649  lr = 2.43e-05  time = 59.0s
[e144 s0001/1030] loss = 0.002884
[e144 s0050/1030] loss = 0.039208
[e144 s0100/1030] loss = 0.041491
[e144 s0150/1030] loss = 0.039668
[e144 s0200/1030] loss = 0.041729
[e144 s0250/1030] loss = 0.045584
[e144 s0300/1030] loss = 0.045706
[e144 s0350/1030] loss = 0.046376
[e144 s0400/1030] loss = 0.061785
[e144 s0450/1030] loss = 0.061191
[e144 s0500/1030] loss = 0.112425
[e144 s0550/1030] loss = 0.106721
[e144 s0600/1030] loss = 0.102194
[e144 s0650/1030] loss = 0.098588
[e144 s0700/1030] loss = 0.095170
[e144 s0750/1030] loss = 0.093873
[e144 s0800/1030] loss = 0.091182
[e144 s0850/1030] loss = 0.088830
[e144 s0900/1030] loss = 0.085901
[e144 s0950/1030] loss = 0.083653
[e144 s1000/1030] loss = 0.081637
Epoch 144: train_loss = 0.080246  MAE/GAME0 = 52.114  RMSE = 81.040  GAME1 = 56.359  GAME2 = 59.225  GAME3 = 61.186  lr = 2.42e-05  time = 58.4s
[e145 s0001/1030] loss = 0.072854
[e145 s0050/1030] loss = 0.053769
[e145 s0100/1030] loss = 0.066896
[e145 s0150/1030] loss = 0.058833
[e145 s0200/1030] loss = 0.054147
[e145 s0250/1030] loss = 0.056900
[e145 s0300/1030] loss = 0.058376
[e145 s0350/1030] loss = 0.054466
[e145 s0400/1030] loss = 0.051741
[e145 s0450/1030] loss = 0.071661
[e145 s0500/1030] loss = 0.067047
[e145 s0550/1030] loss = 0.064073
[e145 s0600/1030] loss = 0.063052
[e145 s0650/1030] loss = 0.062186
[e145 s0700/1030] loss = 0.062417
[e145 s0750/1030] loss = 0.064557
[e145 s0800/1030] loss = 0.062459
[e145 s0850/1030] loss = 0.061750
[e145 s0900/1030] loss = 0.059724
[e145 s0950/1030] loss = 0.059113
[e145 s1000/1030] loss = 0.058661
Epoch 145: train_loss = 0.059058  MAE/GAME0 = 50.661  RMSE = 80.048  GAME1 = 57.003  GAME2 = 61.064  GAME3 = 63.685  lr = 2.41e-05  time = 58.3s
[e146 s0001/1030] loss = 0.313991
[e146 s0050/1030] loss = 0.040916
[e146 s0100/1030] loss = 0.045053
[e146 s0150/1030] loss = 0.135644
[e146 s0200/1030] loss = 0.112718
[e146 s0250/1030] loss = 0.100361
[e146 s0300/1030] loss = 0.091364
[e146 s0350/1030] loss = 0.086711
[e146 s0400/1030] loss = 0.083697
[e146 s0450/1030] loss = 0.079948
[e146 s0500/1030] loss = 0.075767
[e146 s0550/1030] loss = 0.072327
[e146 s0600/1030] loss = 0.070537
[e146 s0650/1030] loss = 0.067461
[e146 s0700/1030] loss = 0.068157
[e146 s0750/1030] loss = 0.066397
[e146 s0800/1030] loss = 0.064608
[e146 s0850/1030] loss = 0.064620
[e146 s0900/1030] loss = 0.073907
[e146 s0950/1030] loss = 0.072792
[e146 s1000/1030] loss = 0.071339
Epoch 146: train_loss = 0.070369  MAE/GAME0 = 50.602  RMSE = 79.782  GAME1 = 52.538  GAME2 = 54.624  GAME3 = 55.984  lr = 2.40e-05  time = 58.2s
[e147 s0001/1030] loss = 0.008853
[e147 s0050/1030] loss = 0.067306
[e147 s0100/1030] loss = 0.088941
[e147 s0150/1030] loss = 0.094067
[e147 s0200/1030] loss = 0.084550
[e147 s0250/1030] loss = 0.087338
[e147 s0300/1030] loss = 0.084193
[e147 s0350/1030] loss = 0.078049
[e147 s0400/1030] loss = 0.075750
[e147 s0450/1030] loss = 0.073566
[e147 s0500/1030] loss = 0.069690
[e147 s0550/1030] loss = 0.068339
[e147 s0600/1030] loss = 0.065255
[e147 s0650/1030] loss = 0.062834
[e147 s0700/1030] loss = 0.060604
[e147 s0750/1030] loss = 0.062763
[e147 s0800/1030] loss = 0.061130
[e147 s0850/1030] loss = 0.059218
[e147 s0900/1030] loss = 0.058183
[e147 s0950/1030] loss = 0.059197
[e147 s1000/1030] loss = 0.058045
Epoch 147: train_loss = 0.057496  MAE/GAME0 = 53.115  RMSE = 81.507  GAME1 = 55.855  GAME2 = 58.221  GAME3 = 59.567  lr = 2.39e-05  time = 58.6s
[e148 s0001/1030] loss = 0.014600
[e148 s0050/1030] loss = 0.028115
[e148 s0100/1030] loss = 0.029725
[e148 s0150/1030] loss = 0.036040
[e148 s0200/1030] loss = 0.040138
[e148 s0250/1030] loss = 0.043792
[e148 s0300/1030] loss = 0.048998
[e148 s0350/1030] loss = 0.064792
[e148 s0400/1030] loss = 0.066256
[e148 s0450/1030] loss = 0.064643
[e148 s0500/1030] loss = 0.062672
[e148 s0550/1030] loss = 0.060441
[e148 s0600/1030] loss = 0.058298
[e148 s0650/1030] loss = 0.056027
[e148 s0700/1030] loss = 0.054707
[e148 s0750/1030] loss = 0.062460
[e148 s0800/1030] loss = 0.061350
[e148 s0850/1030] loss = 0.060433
[e148 s0900/1030] loss = 0.063422
[e148 s0950/1030] loss = 0.061709
[e148 s1000/1030] loss = 0.061219
Epoch 148: train_loss = 0.060435  MAE/GAME0 = 50.168  RMSE = 79.201  GAME1 = 52.494  GAME2 = 54.969  GAME3 = 56.465  lr = 2.38e-05  time = 58.4s
[e149 s0001/1030] loss = 0.006608
[e149 s0050/1030] loss = 0.049075
[e149 s0100/1030] loss = 0.053946
[e149 s0150/1030] loss = 0.047415
[e149 s0200/1030] loss = 0.047483
[e149 s0250/1030] loss = 0.047471
[e149 s0300/1030] loss = 0.046684
[e149 s0350/1030] loss = 0.045784
[e149 s0400/1030] loss = 0.052141
[e149 s0450/1030] loss = 0.051867
[e149 s0500/1030] loss = 0.052409
[e149 s0550/1030] loss = 0.050588
[e149 s0600/1030] loss = 0.050100
[e149 s0650/1030] loss = 0.048740
[e149 s0700/1030] loss = 0.048523
[e149 s0750/1030] loss = 0.061079
[e149 s0800/1030] loss = 0.060793
[e149 s0850/1030] loss = 0.060489
[e149 s0900/1030] loss = 0.060073
[e149 s0950/1030] loss = 0.058926
[e149 s1000/1030] loss = 0.057649
Epoch 149: train_loss = 0.057270  MAE/GAME0 = 54.212  RMSE = 82.185  GAME1 = 56.189  GAME2 = 58.341  GAME3 = 59.581  lr = 2.37e-05  time = 59.1s
[e150 s0001/1030] loss = 0.335684
[e150 s0050/1030] loss = 0.049620
[e150 s0100/1030] loss = 0.047333
[e150 s0150/1030] loss = 0.049248
[e150 s0200/1030] loss = 0.044769
[e150 s0250/1030] loss = 0.042847
[e150 s0300/1030] loss = 0.043547
[e150 s0350/1030] loss = 0.043724
[e150 s0400/1030] loss = 0.043848
[e150 s0450/1030] loss = 0.048746
[e150 s0500/1030] loss = 0.053968
[e150 s0550/1030] loss = 0.054914
[e150 s0600/1030] loss = 0.059079
[e150 s0650/1030] loss = 0.057713
[e150 s0700/1030] loss = 0.056383
[e150 s0750/1030] loss = 0.056355
[e150 s0800/1030] loss = 0.055577
[e150 s0850/1030] loss = 0.054631
[e150 s0900/1030] loss = 0.055675
[e150 s0950/1030] loss = 0.055525
[e150 s1000/1030] loss = 0.056629
Epoch 150: train_loss = 0.056050  MAE/GAME0 = 59.679  RMSE = 86.302  GAME1 = 61.288  GAME2 = 62.490  GAME3 = 63.220  lr = 2.36e-05  time = 58.9s
[e151 s0001/1030] loss = 0.140748
[e151 s0050/1030] loss = 0.276625
[e151 s0100/1030] loss = 0.208870
[e151 s0150/1030] loss = 0.156149
[e151 s0200/1030] loss = 0.132625
[e151 s0250/1030] loss = 0.115342
[e151 s0300/1030] loss = 0.103272
[e151 s0350/1030] loss = 0.095502
[e151 s0400/1030] loss = 0.088644
[e151 s0450/1030] loss = 0.083569
[e151 s0500/1030] loss = 0.080768
[e151 s0550/1030] loss = 0.076847
[e151 s0600/1030] loss = 0.073395
[e151 s0650/1030] loss = 0.072428
[e151 s0700/1030] loss = 0.083178
[e151 s0750/1030] loss = 0.079868
[e151 s0800/1030] loss = 0.078094
[e151 s0850/1030] loss = 0.076499
[e151 s0900/1030] loss = 0.079221
[e151 s0950/1030] loss = 0.076937
[e151 s1000/1030] loss = 0.075238
Epoch 151: train_loss = 0.074063  MAE/GAME0 = 48.447  RMSE = 78.155  GAME1 = 51.631  GAME2 = 53.930  GAME3 = 55.614  lr = 2.35e-05  time = 57.9s
[e152 s0001/1030] loss = 0.159297
[e152 s0050/1030] loss = 0.065090
[e152 s0100/1030] loss = 0.052203
[e152 s0150/1030] loss = 0.046779
[e152 s0200/1030] loss = 0.049213
[e152 s0250/1030] loss = 0.046856
[e152 s0300/1030] loss = 0.047283
[e152 s0350/1030] loss = 0.044886
[e152 s0400/1030] loss = 0.044420
[e152 s0450/1030] loss = 0.043932
[e152 s0500/1030] loss = 0.044229
[e152 s0550/1030] loss = 0.043255
[e152 s0600/1030] loss = 0.048143
[e152 s0650/1030] loss = 0.049144
[e152 s0700/1030] loss = 0.048470
[e152 s0750/1030] loss = 0.047820
[e152 s0800/1030] loss = 0.047264
[e152 s0850/1030] loss = 0.047529
[e152 s0900/1030] loss = 0.052445
[e152 s0950/1030] loss = 0.054582
[e152 s1000/1030] loss = 0.053145
Epoch 152: train_loss = 0.052481  MAE/GAME0 = 52.094  RMSE = 80.565  GAME1 = 54.930  GAME2 = 57.087  GAME3 = 58.775  lr = 2.34e-05  time = 59.1s
[e153 s0001/1030] loss = 0.017829
[e153 s0050/1030] loss = 0.045842
[e153 s0100/1030] loss = 0.058064
[e153 s0150/1030] loss = 0.052259
[e153 s0200/1030] loss = 0.057571
[e153 s0250/1030] loss = 0.111122
[e153 s0300/1030] loss = 0.101559
[e153 s0350/1030] loss = 0.105299
[e153 s0400/1030] loss = 0.097518
[e153 s0450/1030] loss = 0.090781
[e153 s0500/1030] loss = 0.085141
[e153 s0550/1030] loss = 0.081638
[e153 s0600/1030] loss = 0.078024
[e153 s0650/1030] loss = 0.075726
[e153 s0700/1030] loss = 0.072775
[e153 s0750/1030] loss = 0.070715
[e153 s0800/1030] loss = 0.070852
[e153 s0850/1030] loss = 0.068351
[e153 s0900/1030] loss = 0.066989
[e153 s0950/1030] loss = 0.065031
[e153 s1000/1030] loss = 0.063406
Epoch 153: train_loss = 0.062682  MAE/GAME0 = 52.010  RMSE = 80.425  GAME1 = 52.948  GAME2 = 53.816  GAME3 = 54.602  lr = 2.33e-05  time = 59.2s
[e154 s0001/1030] loss = 0.014600
[e154 s0050/1030] loss = 0.043945
[e154 s0100/1030] loss = 0.041801
[e154 s0150/1030] loss = 0.044759
[e154 s0200/1030] loss = 0.046873
[e154 s0250/1030] loss = 0.047564
[e154 s0300/1030] loss = 0.053573
[e154 s0350/1030] loss = 0.051424
[e154 s0400/1030] loss = 0.050855
[e154 s0450/1030] loss = 0.053496
[e154 s0500/1030] loss = 0.051461
[e154 s0550/1030] loss = 0.051957
[e154 s0600/1030] loss = 0.054117
[e154 s0650/1030] loss = 0.070306
[e154 s0700/1030] loss = 0.070629
[e154 s0750/1030] loss = 0.068409
[e154 s0800/1030] loss = 0.065666
[e154 s0850/1030] loss = 0.064771
[e154 s0900/1030] loss = 0.063371
[e154 s0950/1030] loss = 0.061682
[e154 s1000/1030] loss = 0.060630
Epoch 154: train_loss = 0.059681  MAE/GAME0 = 48.549  RMSE = 78.065  GAME1 = 55.040  GAME2 = 59.195  GAME3 = 62.362  lr = 2.32e-05  time = 58.5s
[e155 s0001/1030] loss = 0.013120
[e155 s0050/1030] loss = 0.058309
[e155 s0100/1030] loss = 0.062510
[e155 s0150/1030] loss = 0.054394
[e155 s0200/1030] loss = 0.051362
[e155 s0250/1030] loss = 0.062829
[e155 s0300/1030] loss = 0.058843
[e155 s0350/1030] loss = 0.056095
[e155 s0400/1030] loss = 0.053927
[e155 s0450/1030] loss = 0.051660
[e155 s0500/1030] loss = 0.054067
[e155 s0550/1030] loss = 0.054339
[e155 s0600/1030] loss = 0.053141
[e155 s0650/1030] loss = 0.052062
[e155 s0700/1030] loss = 0.050731
[e155 s0750/1030] loss = 0.050151
[e155 s0800/1030] loss = 0.049368
[e155 s0850/1030] loss = 0.048611
[e155 s0900/1030] loss = 0.048492
[e155 s0950/1030] loss = 0.057087
[e155 s1000/1030] loss = 0.055877
Epoch 155: train_loss = 0.055159  MAE/GAME0 = 41.981  RMSE = 73.334  GAME1 = 50.733  GAME2 = 55.889  GAME3 = 59.201  lr = 2.31e-05  time = 58.7s
[e156 s0001/1030] loss = 0.013098
[e156 s0050/1030] loss = 0.037451
[e156 s0100/1030] loss = 0.048251
[e156 s0150/1030] loss = 0.046221
[e156 s0200/1030] loss = 0.043656
[e156 s0250/1030] loss = 0.045067
[e156 s0300/1030] loss = 0.051834
[e156 s0350/1030] loss = 0.050718
[e156 s0400/1030] loss = 0.049039
[e156 s0450/1030] loss = 0.047676
[e156 s0500/1030] loss = 0.046515
[e156 s0550/1030] loss = 0.046689
[e156 s0600/1030] loss = 0.046158
[e156 s0650/1030] loss = 0.045000
[e156 s0700/1030] loss = 0.045405
[e156 s0750/1030] loss = 0.044481
[e156 s0800/1030] loss = 0.044247
[e156 s0850/1030] loss = 0.043692
[e156 s0900/1030] loss = 0.052872
[e156 s0950/1030] loss = 0.055123
[e156 s1000/1030] loss = 0.054762
Epoch 156: train_loss = 0.054274  MAE/GAME0 = 53.327  RMSE = 82.015  GAME1 = 56.975  GAME2 = 59.568  GAME3 = 61.289  lr = 2.30e-05  time = 58.6s
[e157 s0001/1030] loss = 0.034399
[e157 s0050/1030] loss = 0.063403
[e157 s0100/1030] loss = 0.054925
[e157 s0150/1030] loss = 0.053252
[e157 s0200/1030] loss = 0.049866
[e157 s0250/1030] loss = 0.048200
[e157 s0300/1030] loss = 0.070817
[e157 s0350/1030] loss = 0.066485
[e157 s0400/1030] loss = 0.062715
[e157 s0450/1030] loss = 0.061801
[e157 s0500/1030] loss = 0.062856
[e157 s0550/1030] loss = 0.061144
[e157 s0600/1030] loss = 0.060351
[e157 s0650/1030] loss = 0.058086
[e157 s0700/1030] loss = 0.056381
[e157 s0750/1030] loss = 0.056749
[e157 s0800/1030] loss = 0.055855
[e157 s0850/1030] loss = 0.054938
[e157 s0900/1030] loss = 0.056191
[e157 s0950/1030] loss = 0.055156
[e157 s1000/1030] loss = 0.053627
Epoch 157: train_loss = 0.052867  MAE/GAME0 = 50.931  RMSE = 79.920  GAME1 = 53.670  GAME2 = 56.206  GAME3 = 57.868  lr = 2.28e-05  time = 58.9s
[e158 s0001/1030] loss = 0.025592
[e158 s0050/1030] loss = 0.034086
[e158 s0100/1030] loss = 0.037152
[e158 s0150/1030] loss = 0.034221
[e158 s0200/1030] loss = 0.035644
[e158 s0250/1030] loss = 0.038566
[e158 s0300/1030] loss = 0.037767
[e158 s0350/1030] loss = 0.039860
[e158 s0400/1030] loss = 0.071668
[e158 s0450/1030] loss = 0.068818
[e158 s0500/1030] loss = 0.067434
[e158 s0550/1030] loss = 0.069175
[e158 s0600/1030] loss = 0.071334
[e158 s0650/1030] loss = 0.068792
[e158 s0700/1030] loss = 0.066832
[e158 s0750/1030] loss = 0.065434
[e158 s0800/1030] loss = 0.065086
[e158 s0850/1030] loss = 0.063171
[e158 s0900/1030] loss = 0.063097
[e158 s0950/1030] loss = 0.061610
[e158 s1000/1030] loss = 0.060177
Epoch 158: train_loss = 0.059068  MAE/GAME0 = 47.951  RMSE = 77.225  GAME1 = 52.770  GAME2 = 57.228  GAME3 = 59.784  lr = 2.27e-05  time = 58.8s
[e159 s0001/1030] loss = 0.040734
[e159 s0050/1030] loss = 0.040119
[e159 s0100/1030] loss = 0.035169
[e159 s0150/1030] loss = 0.040607
[e159 s0200/1030] loss = 0.041762
[e159 s0250/1030] loss = 0.042836
[e159 s0300/1030] loss = 0.127115
[e159 s0350/1030] loss = 0.116438
[e159 s0400/1030] loss = 0.106545
[e159 s0450/1030] loss = 0.098450
[e159 s0500/1030] loss = 0.094346
[e159 s0550/1030] loss = 0.099015
[e159 s0600/1030] loss = 0.094821
[e159 s0650/1030] loss = 0.092292
[e159 s0700/1030] loss = 0.088516
[e159 s0750/1030] loss = 0.085218
[e159 s0800/1030] loss = 0.081429
[e159 s0850/1030] loss = 0.084566
[e159 s0900/1030] loss = 0.081524
[e159 s0950/1030] loss = 0.079488
[e159 s1000/1030] loss = 0.077874
Epoch 159: train_loss = 0.076370  MAE/GAME0 = 48.343  RMSE = 78.252  GAME1 = 52.926  GAME2 = 55.707  GAME3 = 57.964  lr = 2.26e-05  time = 58.6s
[e160 s0001/1030] loss = 0.010522
[e160 s0050/1030] loss = 0.034490
[e160 s0100/1030] loss = 0.038935
[e160 s0150/1030] loss = 0.041336
[e160 s0200/1030] loss = 0.038413
[e160 s0250/1030] loss = 0.042467
[e160 s0300/1030] loss = 0.042476
[e160 s0350/1030] loss = 0.041286
[e160 s0400/1030] loss = 0.044172
[e160 s0450/1030] loss = 0.054552
[e160 s0500/1030] loss = 0.054337
[e160 s0550/1030] loss = 0.067537
[e160 s0600/1030] loss = 0.065071
[e160 s0650/1030] loss = 0.064975
[e160 s0700/1030] loss = 0.064226
[e160 s0750/1030] loss = 0.061552
[e160 s0800/1030] loss = 0.059960
[e160 s0850/1030] loss = 0.058905
[e160 s0900/1030] loss = 0.058588
[e160 s0950/1030] loss = 0.056664
[e160 s1000/1030] loss = 0.057012
Epoch 160: train_loss = 0.056283  MAE/GAME0 = 51.478  RMSE = 80.209  GAME1 = 54.915  GAME2 = 57.941  GAME3 = 59.764  lr = 2.25e-05  time = 58.3s
[e161 s0001/1030] loss = 0.041854
[e161 s0050/1030] loss = 0.061354
[e161 s0100/1030] loss = 0.050424
[e161 s0150/1030] loss = 0.052419
[e161 s0200/1030] loss = 0.049906
[e161 s0250/1030] loss = 0.047725
[e161 s0300/1030] loss = 0.058671
[e161 s0350/1030] loss = 0.089497
[e161 s0400/1030] loss = 0.084285
[e161 s0450/1030] loss = 0.079909
[e161 s0500/1030] loss = 0.075019
[e161 s0550/1030] loss = 0.072258
[e161 s0600/1030] loss = 0.083060
[e161 s0650/1030] loss = 0.080466
[e161 s0700/1030] loss = 0.077850
[e161 s0750/1030] loss = 0.075025
[e161 s0800/1030] loss = 0.071950
[e161 s0850/1030] loss = 0.069977
[e161 s0900/1030] loss = 0.068448
[e161 s0950/1030] loss = 0.067301
[e161 s1000/1030] loss = 0.066139
Epoch 161: train_loss = 0.066279  MAE/GAME0 = 46.115  RMSE = 76.120  GAME1 = 50.351  GAME2 = 53.184  GAME3 = 55.471  lr = 2.24e-05  time = 58.4s
[e162 s0001/1030] loss = 0.004485
[e162 s0050/1030] loss = 0.055311
[e162 s0100/1030] loss = 0.059222
[e162 s0150/1030] loss = 0.056318
[e162 s0200/1030] loss = 0.050173
[e162 s0250/1030] loss = 0.052270
[e162 s0300/1030] loss = 0.050433
[e162 s0350/1030] loss = 0.047959
[e162 s0400/1030] loss = 0.046732
[e162 s0450/1030] loss = 0.046529
[e162 s0500/1030] loss = 0.044335
[e162 s0550/1030] loss = 0.043152
[e162 s0600/1030] loss = 0.042792
[e162 s0650/1030] loss = 0.041633
[e162 s0700/1030] loss = 0.041185
[e162 s0750/1030] loss = 0.041279
[e162 s0800/1030] loss = 0.045783
[e162 s0850/1030] loss = 0.044789
[e162 s0900/1030] loss = 0.045829
[e162 s0950/1030] loss = 0.045875
[e162 s1000/1030] loss = 0.045103
Epoch 162: train_loss = 0.046815  MAE/GAME0 = 45.600  RMSE = 74.707  GAME1 = 48.447  GAME2 = 50.776  GAME3 = 52.884  lr = 2.23e-05  time = 58.2s
[e163 s0001/1030] loss = 0.156674
[e163 s0050/1030] loss = 0.054546
[e163 s0100/1030] loss = 0.046307
[e163 s0150/1030] loss = 0.039502
[e163 s0200/1030] loss = 0.046771
[e163 s0250/1030] loss = 0.042870
[e163 s0300/1030] loss = 0.045917
[e163 s0350/1030] loss = 0.042710
[e163 s0400/1030] loss = 0.044337
[e163 s0450/1030] loss = 0.049211
[e163 s0500/1030] loss = 0.048462
[e163 s0550/1030] loss = 0.050352
[e163 s0600/1030] loss = 0.048690
[e163 s0650/1030] loss = 0.054519
[e163 s0700/1030] loss = 0.052984
[e163 s0750/1030] loss = 0.052702
[e163 s0800/1030] loss = 0.053768
[e163 s0850/1030] loss = 0.052900
[e163 s0900/1030] loss = 0.052244
[e163 s0950/1030] loss = 0.051572
[e163 s1000/1030] loss = 0.050080
Epoch 163: train_loss = 0.050299  MAE/GAME0 = 56.309  RMSE = 83.226  GAME1 = 57.631  GAME2 = 58.819  GAME3 = 59.725  lr = 2.22e-05  time = 58.4s
[e164 s0001/1030] loss = 0.009278
[e164 s0050/1030] loss = 0.032489
[e164 s0100/1030] loss = 0.033614
[e164 s0150/1030] loss = 0.033973
[e164 s0200/1030] loss = 0.037053
[e164 s0250/1030] loss = 0.037429
[e164 s0300/1030] loss = 0.039543
[e164 s0350/1030] loss = 0.042816
[e164 s0400/1030] loss = 0.040694
[e164 s0450/1030] loss = 0.048433
[e164 s0500/1030] loss = 0.046600
[e164 s0550/1030] loss = 0.045898
[e164 s0600/1030] loss = 0.045902
[e164 s0650/1030] loss = 0.045765
[e164 s0700/1030] loss = 0.045430
[e164 s0750/1030] loss = 0.044702
[e164 s0800/1030] loss = 0.044424
[e164 s0850/1030] loss = 0.046394
[e164 s0900/1030] loss = 0.045884
[e164 s0950/1030] loss = 0.046079
[e164 s1000/1030] loss = 0.048304
Epoch 164: train_loss = 0.048184  MAE/GAME0 = 55.114  RMSE = 82.101  GAME1 = 56.198  GAME2 = 57.400  GAME3 = 58.389  lr = 2.20e-05  time = 58.2s
[e165 s0001/1030] loss = 0.015937
[e165 s0050/1030] loss = 0.075777
[e165 s0100/1030] loss = 0.056576
[e165 s0150/1030] loss = 0.050913
[e165 s0200/1030] loss = 0.052034
[e165 s0250/1030] loss = 0.048921
[e165 s0300/1030] loss = 0.046700
[e165 s0350/1030] loss = 0.046573
[e165 s0400/1030] loss = 0.047900
[e165 s0450/1030] loss = 0.045782
[e165 s0500/1030] loss = 0.046669
[e165 s0550/1030] loss = 0.047117
[e165 s0600/1030] loss = 0.045499
[e165 s0650/1030] loss = 0.051479
[e165 s0700/1030] loss = 0.050016
[e165 s0750/1030] loss = 0.049854
[e165 s0800/1030] loss = 0.048797
[e165 s0850/1030] loss = 0.047227
[e165 s0900/1030] loss = 0.046682
[e165 s0950/1030] loss = 0.045930
[e165 s1000/1030] loss = 0.046958
Epoch 165: train_loss = 0.046883  MAE/GAME0 = 49.602  RMSE = 78.731  GAME1 = 51.843  GAME2 = 53.982  GAME3 = 55.358  lr = 2.19e-05  time = 58.5s
[e166 s0001/1030] loss = 0.015890
[e166 s0050/1030] loss = 0.116271
[e166 s0100/1030] loss = 0.071222
[e166 s0150/1030] loss = 0.059916
[e166 s0200/1030] loss = 0.059747
[e166 s0250/1030] loss = 0.058557
[e166 s0300/1030] loss = 0.058240
[e166 s0350/1030] loss = 0.058784
[e166 s0400/1030] loss = 0.057354
[e166 s0450/1030] loss = 0.055839
[e166 s0500/1030] loss = 0.052834
[e166 s0550/1030] loss = 0.051762
[e166 s0600/1030] loss = 0.050016
[e166 s0650/1030] loss = 0.049867
[e166 s0700/1030] loss = 0.048828
[e166 s0750/1030] loss = 0.048386
[e166 s0800/1030] loss = 0.049203
[e166 s0850/1030] loss = 0.048530
[e166 s0900/1030] loss = 0.048279
[e166 s0950/1030] loss = 0.047302
[e166 s1000/1030] loss = 0.046437
Epoch 166: train_loss = 0.046056  MAE/GAME0 = 53.320  RMSE = 81.322  GAME1 = 57.267  GAME2 = 59.934  GAME3 = 61.919  lr = 2.18e-05  time = 58.4s
[e167 s0001/1030] loss = 0.023987
[e167 s0050/1030] loss = 0.043581
[e167 s0100/1030] loss = 0.042277
[e167 s0150/1030] loss = 0.043964
[e167 s0200/1030] loss = 0.044578
[e167 s0250/1030] loss = 0.040881
[e167 s0300/1030] loss = 0.042118
[e167 s0350/1030] loss = 0.040742
[e167 s0400/1030] loss = 0.042191
[e167 s0450/1030] loss = 0.041961
[e167 s0500/1030] loss = 0.044746
[e167 s0550/1030] loss = 0.062340
[e167 s0600/1030] loss = 0.060111
[e167 s0650/1030] loss = 0.057901
[e167 s0700/1030] loss = 0.055572
[e167 s0750/1030] loss = 0.053778
[e167 s0800/1030] loss = 0.053361
[e167 s0850/1030] loss = 0.052528
[e167 s0900/1030] loss = 0.051016
[e167 s0950/1030] loss = 0.054346
[e167 s1000/1030] loss = 0.054983
Epoch 167: train_loss = 0.055261  MAE/GAME0 = 47.363  RMSE = 76.865  GAME1 = 50.309  GAME2 = 53.568  GAME3 = 55.769  lr = 2.17e-05  time = 58.8s
[e168 s0001/1030] loss = 0.038132
[e168 s0050/1030] loss = 0.039830
[e168 s0100/1030] loss = 0.043599
[e168 s0150/1030] loss = 0.093752
[e168 s0200/1030] loss = 0.101187
[e168 s0250/1030] loss = 0.087588
[e168 s0300/1030] loss = 0.079117
[e168 s0350/1030] loss = 0.071610
[e168 s0400/1030] loss = 0.066467
[e168 s0450/1030] loss = 0.069306
[e168 s0500/1030] loss = 0.076459
[e168 s0550/1030] loss = 0.073368
[e168 s0600/1030] loss = 0.070265
[e168 s0650/1030] loss = 0.067378
[e168 s0700/1030] loss = 0.064735
[e168 s0750/1030] loss = 0.064583
[e168 s0800/1030] loss = 0.063113
[e168 s0850/1030] loss = 0.061342
[e168 s0900/1030] loss = 0.060312
[e168 s0950/1030] loss = 0.059219
[e168 s1000/1030] loss = 0.058199
Epoch 168: train_loss = 0.057538  MAE/GAME0 = 61.728  RMSE = 87.493  GAME1 = 62.883  GAME2 = 63.714  GAME3 = 64.243  lr = 2.16e-05  time = 58.2s
[e169 s0001/1030] loss = 0.056051
[e169 s0050/1030] loss = 0.048093
[e169 s0100/1030] loss = 0.060525
[e169 s0150/1030] loss = 0.060553
[e169 s0200/1030] loss = 0.057661
[e169 s0250/1030] loss = 0.052220
[e169 s0300/1030] loss = 0.050455
[e169 s0350/1030] loss = 0.048299
[e169 s0400/1030] loss = 0.049672
[e169 s0450/1030] loss = 0.047751
[e169 s0500/1030] loss = 0.045141
[e169 s0550/1030] loss = 0.053790
[e169 s0600/1030] loss = 0.052920
[e169 s0650/1030] loss = 0.051826
[e169 s0700/1030] loss = 0.050728
[e169 s0750/1030] loss = 0.048857
[e169 s0800/1030] loss = 0.047530
[e169 s0850/1030] loss = 0.046691
[e169 s0900/1030] loss = 0.046034
[e169 s0950/1030] loss = 0.045446
[e169 s1000/1030] loss = 0.044673
Epoch 169: train_loss = 0.044128  MAE/GAME0 = 58.610  RMSE = 85.307  GAME1 = 59.117  GAME2 = 59.796  GAME3 = 60.173  lr = 2.15e-05  time = 58.9s
[e170 s0001/1030] loss = 0.060773
[e170 s0050/1030] loss = 0.057600
[e170 s0100/1030] loss = 0.051254
[e170 s0150/1030] loss = 0.048461
[e170 s0200/1030] loss = 0.052802
[e170 s0250/1030] loss = 0.053229
[e170 s0300/1030] loss = 0.052483
[e170 s0350/1030] loss = 0.049181
[e170 s0400/1030] loss = 0.047840
[e170 s0450/1030] loss = 0.048966
[e170 s0500/1030] loss = 0.046990
[e170 s0550/1030] loss = 0.046639
[e170 s0600/1030] loss = 0.045347
[e170 s0650/1030] loss = 0.044781
[e170 s0700/1030] loss = 0.043604
[e170 s0750/1030] loss = 0.042664
[e170 s0800/1030] loss = 0.060905
[e170 s0850/1030] loss = 0.059942
[e170 s0900/1030] loss = 0.059139
[e170 s0950/1030] loss = 0.057644
[e170 s1000/1030] loss = 0.056254
Epoch 170: train_loss = 0.055526  MAE/GAME0 = 50.560  RMSE = 79.186  GAME1 = 55.835  GAME2 = 59.380  GAME3 = 61.823  lr = 2.13e-05  time = 58.7s
[e171 s0001/1030] loss = 0.017402
[e171 s0050/1030] loss = 0.042621
[e171 s0100/1030] loss = 0.036560
[e171 s0150/1030] loss = 0.040683
[e171 s0200/1030] loss = 0.039796
[e171 s0250/1030] loss = 0.037312
[e171 s0300/1030] loss = 0.036952
[e171 s0350/1030] loss = 0.036462
[e171 s0400/1030] loss = 0.041455
[e171 s0450/1030] loss = 0.039693
[e171 s0500/1030] loss = 0.048021
[e171 s0550/1030] loss = 0.055167
[e171 s0600/1030] loss = 0.052853
[e171 s0650/1030] loss = 0.051123
[e171 s0700/1030] loss = 0.049784
[e171 s0750/1030] loss = 0.049843
[e171 s0800/1030] loss = 0.049276
[e171 s0850/1030] loss = 0.049384
[e171 s0900/1030] loss = 0.048445
[e171 s0950/1030] loss = 0.047406
[e171 s1000/1030] loss = 0.047163
Epoch 171: train_loss = 0.046986  MAE/GAME0 = 54.191  RMSE = 81.968  GAME1 = 55.697  GAME2 = 57.106  GAME3 = 58.045  lr = 2.12e-05  time = 60.8s
[e172 s0001/1030] loss = 0.024663
[e172 s0050/1030] loss = 0.039252
[e172 s0100/1030] loss = 0.091270
[e172 s0150/1030] loss = 0.079776
[e172 s0200/1030] loss = 0.069901
[e172 s0250/1030] loss = 0.064209
[e172 s0300/1030] loss = 0.062180
[e172 s0350/1030] loss = 0.059435
[e172 s0400/1030] loss = 0.054353
[e172 s0450/1030] loss = 0.052180
[e172 s0500/1030] loss = 0.050684
[e172 s0550/1030] loss = 0.048510
[e172 s0600/1030] loss = 0.048239
[e172 s0650/1030] loss = 0.047415
[e172 s0700/1030] loss = 0.046216
[e172 s0750/1030] loss = 0.046171
[e172 s0800/1030] loss = 0.045706
[e172 s0850/1030] loss = 0.044903
[e172 s0900/1030] loss = 0.046106
[e172 s0950/1030] loss = 0.045806
[e172 s1000/1030] loss = 0.045135
Epoch 172: train_loss = 0.044832  MAE/GAME0 = 47.190  RMSE = 76.892  GAME1 = 55.361  GAME2 = 60.117  GAME3 = 63.461  lr = 2.11e-05  time = 58.8s
[e173 s0001/1030] loss = 0.042253
[e173 s0050/1030] loss = 0.040367
[e173 s0100/1030] loss = 0.032829
[e173 s0150/1030] loss = 0.042284
[e173 s0200/1030] loss = 0.040087
[e173 s0250/1030] loss = 0.060859
[e173 s0300/1030] loss = 0.060422
[e173 s0350/1030] loss = 0.057336
[e173 s0400/1030] loss = 0.054419
[e173 s0450/1030] loss = 0.053281
[e173 s0500/1030] loss = 0.050767
[e173 s0550/1030] loss = 0.048787
[e173 s0600/1030] loss = 0.047734
[e173 s0650/1030] loss = 0.046587
[e173 s0700/1030] loss = 0.045520
[e173 s0750/1030] loss = 0.052730
[e173 s0800/1030] loss = 0.052107
[e173 s0850/1030] loss = 0.050504
[e173 s0900/1030] loss = 0.050174
[e173 s0950/1030] loss = 0.048922
[e173 s1000/1030] loss = 0.047747
Epoch 173: train_loss = 0.047363  MAE/GAME0 = 59.151  RMSE = 85.560  GAME1 = 59.558  GAME2 = 60.024  GAME3 = 60.298  lr = 2.10e-05  time = 65.6s
[e174 s0001/1030] loss = 0.012424
[e174 s0050/1030] loss = 0.036250
[e174 s0100/1030] loss = 0.036635
[e174 s0150/1030] loss = 0.033853
[e174 s0200/1030] loss = 0.034237
[e174 s0250/1030] loss = 0.034311
[e174 s0300/1030] loss = 0.033659
[e174 s0350/1030] loss = 0.033631
[e174 s0400/1030] loss = 0.035219
[e174 s0450/1030] loss = 0.036264
[e174 s0500/1030] loss = 0.044361
[e174 s0550/1030] loss = 0.042675
[e174 s0600/1030] loss = 0.042247
[e174 s0650/1030] loss = 0.045134
[e174 s0700/1030] loss = 0.044462
[e174 s0750/1030] loss = 0.044554
[e174 s0800/1030] loss = 0.045459
[e174 s0850/1030] loss = 0.045900
[e174 s0900/1030] loss = 0.044434
[e174 s0950/1030] loss = 0.043547
[e174 s1000/1030] loss = 0.042637
Epoch 174: train_loss = 0.042841  MAE/GAME0 = 44.958  RMSE = 75.832  GAME1 = 48.700  GAME2 = 51.368  GAME3 = 53.499  lr = 2.09e-05  time = 65.1s
[e175 s0001/1030] loss = 0.023881
[e175 s0050/1030] loss = 0.069874
[e175 s0100/1030] loss = 0.048414
[e175 s0150/1030] loss = 0.049021
[e175 s0200/1030] loss = 0.043323
[e175 s0250/1030] loss = 0.038829
[e175 s0300/1030] loss = 0.038727
[e175 s0350/1030] loss = 0.038961
[e175 s0400/1030] loss = 0.037979
[e175 s0450/1030] loss = 0.039249
[e175 s0500/1030] loss = 0.039036
[e175 s0550/1030] loss = 0.039213
[e175 s0600/1030] loss = 0.039009
[e175 s0650/1030] loss = 0.037556
[e175 s0700/1030] loss = 0.037633
[e175 s0750/1030] loss = 0.036593
[e175 s0800/1030] loss = 0.036677
[e175 s0850/1030] loss = 0.039181
[e175 s0900/1030] loss = 0.040352
[e175 s0950/1030] loss = 0.039972
[e175 s1000/1030] loss = 0.040014
Epoch 175: train_loss = 0.039695  MAE/GAME0 = 61.040  RMSE = 87.083  GAME1 = 62.103  GAME2 = 63.037  GAME3 = 63.627  lr = 2.07e-05  time = 63.9s
[e176 s0001/1030] loss = 0.009677
[e176 s0050/1030] loss = 0.050399
[e176 s0100/1030] loss = 0.041539
[e176 s0150/1030] loss = 0.043220
[e176 s0200/1030] loss = 0.039200
[e176 s0250/1030] loss = 0.035546
[e176 s0300/1030] loss = 0.035413
[e176 s0350/1030] loss = 0.034640
[e176 s0400/1030] loss = 0.037010
[e176 s0450/1030] loss = 0.037136
[e176 s0500/1030] loss = 0.036860
[e176 s0550/1030] loss = 0.036417
[e176 s0600/1030] loss = 0.035399
[e176 s0650/1030] loss = 0.035885
[e176 s0700/1030] loss = 0.035330
[e176 s0750/1030] loss = 0.035837
[e176 s0800/1030] loss = 0.035249
[e176 s0850/1030] loss = 0.035674
[e176 s0900/1030] loss = 0.036063
[e176 s0950/1030] loss = 0.035536
[e176 s1000/1030] loss = 0.038025
Epoch 176: train_loss = 0.037796  MAE/GAME0 = 57.561  RMSE = 84.384  GAME1 = 58.579  GAME2 = 59.699  GAME3 = 60.443  lr = 2.06e-05  time = 64.3s
[e177 s0001/1030] loss = 0.012303
[e177 s0050/1030] loss = 0.096393
[e177 s0100/1030] loss = 0.063338
[e177 s0150/1030] loss = 0.059159
[e177 s0200/1030] loss = 0.051145
[e177 s0250/1030] loss = 0.048749
[e177 s0300/1030] loss = 0.045893
[e177 s0350/1030] loss = 0.045760
[e177 s0400/1030] loss = 0.045281
[e177 s0450/1030] loss = 0.044922
[e177 s0500/1030] loss = 0.043458
[e177 s0550/1030] loss = 0.042370
[e177 s0600/1030] loss = 0.042119
[e177 s0650/1030] loss = 0.040785
[e177 s0700/1030] loss = 0.039833
[e177 s0750/1030] loss = 0.039682
[e177 s0800/1030] loss = 0.048321
[e177 s0850/1030] loss = 0.048350
[e177 s0900/1030] loss = 0.047141
[e177 s0950/1030] loss = 0.046127
[e177 s1000/1030] loss = 0.045577
Epoch 177: train_loss = 0.044941  MAE/GAME0 = 54.276  RMSE = 81.962  GAME1 = 55.367  GAME2 = 56.480  GAME3 = 57.321  lr = 2.05e-05  time = 61.1s
[e178 s0001/1030] loss = 0.002735
[e178 s0050/1030] loss = 0.036287
[e178 s0100/1030] loss = 0.039028
[e178 s0150/1030] loss = 0.035108
[e178 s0200/1030] loss = 0.034089
[e178 s0250/1030] loss = 0.035330
[e178 s0300/1030] loss = 0.037065
[e178 s0350/1030] loss = 0.035740
[e178 s0400/1030] loss = 0.036240
[e178 s0450/1030] loss = 0.036844
[e178 s0500/1030] loss = 0.053900
[e178 s0550/1030] loss = 0.052365
[e178 s0600/1030] loss = 0.051044
[e178 s0650/1030] loss = 0.050283
[e178 s0700/1030] loss = 0.049168
[e178 s0750/1030] loss = 0.055465
[e178 s0800/1030] loss = 0.058644
[e178 s0850/1030] loss = 0.056385
[e178 s0900/1030] loss = 0.054875
[e178 s0950/1030] loss = 0.054057
[e178 s1000/1030] loss = 0.053417
Epoch 178: train_loss = 0.053011  MAE/GAME0 = 56.631  RMSE = 83.608  GAME1 = 57.781  GAME2 = 58.945  GAME3 = 59.825  lr = 2.04e-05  time = 58.8s
[e179 s0001/1030] loss = 0.007432
[e179 s0050/1030] loss = 0.033162
[e179 s0100/1030] loss = 0.057016
[e179 s0150/1030] loss = 0.076674
[e179 s0200/1030] loss = 0.067311
[e179 s0250/1030] loss = 0.059757
[e179 s0300/1030] loss = 0.057475
[e179 s0350/1030] loss = 0.059360
[e179 s0400/1030] loss = 0.054967
[e179 s0450/1030] loss = 0.052819
[e179 s0500/1030] loss = 0.050903
[e179 s0550/1030] loss = 0.049110
[e179 s0600/1030] loss = 0.047865
[e179 s0650/1030] loss = 0.049654
[e179 s0700/1030] loss = 0.048271
[e179 s0750/1030] loss = 0.046521
[e179 s0800/1030] loss = 0.046810
[e179 s0850/1030] loss = 0.046193
[e179 s0900/1030] loss = 0.045128
[e179 s0950/1030] loss = 0.044268
[e179 s1000/1030] loss = 0.043487
Epoch 179: train_loss = 0.042980  MAE/GAME0 = 55.959  RMSE = 83.050  GAME1 = 56.891  GAME2 = 58.045  GAME3 = 58.856  lr = 2.03e-05  time = 58.7s
[e180 s0001/1030] loss = 0.070212
[e180 s0050/1030] loss = 0.028950
[e180 s0100/1030] loss = 0.032947
[e180 s0150/1030] loss = 0.036999
[e180 s0200/1030] loss = 0.035872
[e180 s0250/1030] loss = 0.033513
[e180 s0300/1030] loss = 0.035748
[e180 s0350/1030] loss = 0.035750
[e180 s0400/1030] loss = 0.035158
[e180 s0450/1030] loss = 0.036466
[e180 s0500/1030] loss = 0.035919
[e180 s0550/1030] loss = 0.035991
[e180 s0600/1030] loss = 0.035651
[e180 s0650/1030] loss = 0.043252
[e180 s0700/1030] loss = 0.043073
[e180 s0750/1030] loss = 0.041649
[e180 s0800/1030] loss = 0.041417
[e180 s0850/1030] loss = 0.041883
[e180 s0900/1030] loss = 0.041010
[e180 s0950/1030] loss = 0.040085
[e180 s1000/1030] loss = 0.039908
Epoch 180: train_loss = 0.039666  MAE/GAME0 = 45.019  RMSE = 75.371  GAME1 = 48.006  GAME2 = 50.468  GAME3 = 52.467  lr = 2.01e-05  time = 61.4s
[e181 s0001/1030] loss = 0.006459
[e181 s0050/1030] loss = 0.133368
[e181 s0100/1030] loss = 0.079920
[e181 s0150/1030] loss = 0.068430
[e181 s0200/1030] loss = 0.071661
[e181 s0250/1030] loss = 0.061792
[e181 s0300/1030] loss = 0.055156
[e181 s0350/1030] loss = 0.052554
[e181 s0400/1030] loss = 0.051646
[e181 s0450/1030] loss = 0.050070
[e181 s0500/1030] loss = 0.048445
[e181 s0550/1030] loss = 0.046897
[e181 s0600/1030] loss = 0.044986
[e181 s0650/1030] loss = 0.044225
[e181 s0700/1030] loss = 0.042775
[e181 s0750/1030] loss = 0.042862
[e181 s0800/1030] loss = 0.041808
[e181 s0850/1030] loss = 0.040997
[e181 s0900/1030] loss = 0.041399
[e181 s0950/1030] loss = 0.041760
[e181 s1000/1030] loss = 0.042153
Epoch 181: train_loss = 0.041622  MAE/GAME0 = 57.855  RMSE = 84.326  GAME1 = 58.668  GAME2 = 59.676  GAME3 = 60.299  lr = 2.00e-05  time = 63.6s
[e182 s0001/1030] loss = 0.015268
[e182 s0050/1030] loss = 0.042752
[e182 s0100/1030] loss = 0.039886
[e182 s0150/1030] loss = 0.037868
[e182 s0200/1030] loss = 0.034610
[e182 s0250/1030] loss = 0.032683
[e182 s0300/1030] loss = 0.032834
[e182 s0350/1030] loss = 0.038441
[e182 s0400/1030] loss = 0.037490
[e182 s0450/1030] loss = 0.053592
[e182 s0500/1030] loss = 0.051131
[e182 s0550/1030] loss = 0.049259
[e182 s0600/1030] loss = 0.048184
[e182 s0650/1030] loss = 0.046940
[e182 s0700/1030] loss = 0.047333
[e182 s0750/1030] loss = 0.045887
[e182 s0800/1030] loss = 0.045266
[e182 s0850/1030] loss = 0.045252
[e182 s0900/1030] loss = 0.044199
[e182 s0950/1030] loss = 0.043897
[e182 s1000/1030] loss = 0.042956
Epoch 182: train_loss = 0.042349  MAE/GAME0 = 39.907  RMSE = 72.182  GAME1 = 45.630  GAME2 = 49.628  GAME3 = 52.826  lr = 1.99e-05  time = 63.9s
[e183 s0001/1030] loss = 0.012207
[e183 s0050/1030] loss = 0.048183
[e183 s0100/1030] loss = 0.040474
[e183 s0150/1030] loss = 0.045152
[e183 s0200/1030] loss = 0.043466
[e183 s0250/1030] loss = 0.054010
[e183 s0300/1030] loss = 0.051694
[e183 s0350/1030] loss = 0.050317
[e183 s0400/1030] loss = 0.046585
[e183 s0450/1030] loss = 0.045073
[e183 s0500/1030] loss = 0.043436
[e183 s0550/1030] loss = 0.042068
[e183 s0600/1030] loss = 0.041516
[e183 s0650/1030] loss = 0.041259
[e183 s0700/1030] loss = 0.039717
[e183 s0750/1030] loss = 0.039176
[e183 s0800/1030] loss = 0.038585
[e183 s0850/1030] loss = 0.038025
[e183 s0900/1030] loss = 0.037588
[e183 s0950/1030] loss = 0.037489
[e183 s1000/1030] loss = 0.037344
Epoch 183: train_loss = 0.037509  MAE/GAME0 = 58.642  RMSE = 85.274  GAME1 = 59.928  GAME2 = 61.079  GAME3 = 61.803  lr = 1.98e-05  time = 62.7s
[e184 s0001/1030] loss = 0.127157
[e184 s0050/1030] loss = 0.033852
[e184 s0100/1030] loss = 0.042836
[e184 s0150/1030] loss = 0.036874
[e184 s0200/1030] loss = 0.035244
[e184 s0250/1030] loss = 0.046136
[e184 s0300/1030] loss = 0.059682
[e184 s0350/1030] loss = 0.055798
[e184 s0400/1030] loss = 0.055912
[e184 s0450/1030] loss = 0.052470
[e184 s0500/1030] loss = 0.050791
[e184 s0550/1030] loss = 0.049459
[e184 s0600/1030] loss = 0.047037
[e184 s0650/1030] loss = 0.045799
[e184 s0700/1030] loss = 0.044405
[e184 s0750/1030] loss = 0.043552
[e184 s0800/1030] loss = 0.042646
[e184 s0850/1030] loss = 0.042654
[e184 s0900/1030] loss = 0.041697
[e184 s0950/1030] loss = 0.040647
[e184 s1000/1030] loss = 0.040373
Epoch 184: train_loss = 0.040298  MAE/GAME0 = 52.247  RMSE = 80.384  GAME1 = 54.400  GAME2 = 56.192  GAME3 = 57.638  lr = 1.96e-05  time = 65.0s
[e185 s0001/1030] loss = 0.131591
[e185 s0050/1030] loss = 0.057622
[e185 s0100/1030] loss = 0.042307
[e185 s0150/1030] loss = 0.039202
[e185 s0200/1030] loss = 0.034970
[e185 s0250/1030] loss = 0.053166
[e185 s0300/1030] loss = 0.054206
[e185 s0350/1030] loss = 0.051200
[e185 s0400/1030] loss = 0.049011
[e185 s0450/1030] loss = 0.047768
[e185 s0500/1030] loss = 0.046295
[e185 s0550/1030] loss = 0.044655
[e185 s0600/1030] loss = 0.046971
[e185 s0650/1030] loss = 0.046122
[e185 s0700/1030] loss = 0.044562
[e185 s0750/1030] loss = 0.043576
[e185 s0800/1030] loss = 0.043264
[e185 s0850/1030] loss = 0.042486
[e185 s0900/1030] loss = 0.041613
[e185 s0950/1030] loss = 0.040750
[e185 s1000/1030] loss = 0.040750
Epoch 185: train_loss = 0.041111  MAE/GAME0 = 57.942  RMSE = 85.025  GAME1 = 59.736  GAME2 = 61.000  GAME3 = 61.760  lr = 1.95e-05  time = 65.0s
[e186 s0001/1030] loss = 0.001982
[e186 s0050/1030] loss = 0.027867
[e186 s0100/1030] loss = 0.031216
[e186 s0150/1030] loss = 0.029667
[e186 s0200/1030] loss = 0.029951
[e186 s0250/1030] loss = 0.030697
[e186 s0300/1030] loss = 0.037182
[e186 s0350/1030] loss = 0.047619
[e186 s0400/1030] loss = 0.046665
[e186 s0450/1030] loss = 0.045543
[e186 s0500/1030] loss = 0.044151
[e186 s0550/1030] loss = 0.043058
[e186 s0600/1030] loss = 0.041972
[e186 s0650/1030] loss = 0.041744
[e186 s0700/1030] loss = 0.040746
[e186 s0750/1030] loss = 0.040770
[e186 s0800/1030] loss = 0.039891
[e186 s0850/1030] loss = 0.040231
[e186 s0900/1030] loss = 0.039364
[e186 s0950/1030] loss = 0.039113
[e186 s1000/1030] loss = 0.038920
Epoch 186: train_loss = 0.038617  MAE/GAME0 = 57.700  RMSE = 84.431  GAME1 = 58.783  GAME2 = 59.858  GAME3 = 60.560  lr = 1.94e-05  time = 66.3s
[e187 s0001/1030] loss = 0.024513
[e187 s0050/1030] loss = 0.070417
[e187 s0100/1030] loss = 0.055946
[e187 s0150/1030] loss = 0.050271
[e187 s0200/1030] loss = 0.049287
[e187 s0250/1030] loss = 0.045810
[e187 s0300/1030] loss = 0.041913
[e187 s0350/1030] loss = 0.044311
[e187 s0400/1030] loss = 0.044740
[e187 s0450/1030] loss = 0.044346
[e187 s0500/1030] loss = 0.044441
[e187 s0550/1030] loss = 0.043353
[e187 s0600/1030] loss = 0.043042
[e187 s0650/1030] loss = 0.041560
[e187 s0700/1030] loss = 0.041217
[e187 s0750/1030] loss = 0.040423
[e187 s0800/1030] loss = 0.039557
[e187 s0850/1030] loss = 0.040940
[e187 s0900/1030] loss = 0.040716
[e187 s0950/1030] loss = 0.039765
[e187 s1000/1030] loss = 0.039457
Epoch 187: train_loss = 0.038866  MAE/GAME0 = 54.797  RMSE = 82.387  GAME1 = 55.248  GAME2 = 55.911  GAME3 = 56.463  lr = 1.93e-05  time = 64.9s
[e188 s0001/1030] loss = 0.002102
[e188 s0050/1030] loss = 0.028726
[e188 s0100/1030] loss = 0.032468
[e188 s0150/1030] loss = 0.030045
[e188 s0200/1030] loss = 0.030883
[e188 s0250/1030] loss = 0.030925
[e188 s0300/1030] loss = 0.032570
[e188 s0350/1030] loss = 0.031944
[e188 s0400/1030] loss = 0.031360
[e188 s0450/1030] loss = 0.033906
[e188 s0500/1030] loss = 0.034219
[e188 s0550/1030] loss = 0.034045
[e188 s0600/1030] loss = 0.034491
[e188 s0650/1030] loss = 0.034298
[e188 s0700/1030] loss = 0.033270
[e188 s0750/1030] loss = 0.032545
[e188 s0800/1030] loss = 0.036769
[e188 s0850/1030] loss = 0.036138
[e188 s0900/1030] loss = 0.036681
[e188 s0950/1030] loss = 0.035889
[e188 s1000/1030] loss = 0.036930
Epoch 188: train_loss = 0.036673  MAE/GAME0 = 58.835  RMSE = 85.144  GAME1 = 59.221  GAME2 = 59.869  GAME3 = 60.303  lr = 1.91e-05  time = 63.6s
[e189 s0001/1030] loss = 0.027507
[e189 s0050/1030] loss = 0.046211
[e189 s0100/1030] loss = 0.041851
[e189 s0150/1030] loss = 0.040698
[e189 s0200/1030] loss = 0.059441
[e189 s0250/1030] loss = 0.054545
[e189 s0300/1030] loss = 0.051203
[e189 s0350/1030] loss = 0.047524
[e189 s0400/1030] loss = 0.046630
[e189 s0450/1030] loss = 0.046034
[e189 s0500/1030] loss = 0.044185
[e189 s0550/1030] loss = 0.042940
[e189 s0600/1030] loss = 0.043316
[e189 s0650/1030] loss = 0.042449
[e189 s0700/1030] loss = 0.041285
[e189 s0750/1030] loss = 0.040378
[e189 s0800/1030] loss = 0.039715
[e189 s0850/1030] loss = 0.038846
[e189 s0900/1030] loss = 0.041465
[e189 s0950/1030] loss = 0.040300
[e189 s1000/1030] loss = 0.042335
Epoch 189: train_loss = 0.042297  MAE/GAME0 = 58.127  RMSE = 85.132  GAME1 = 59.046  GAME2 = 60.273  GAME3 = 60.911  lr = 1.90e-05  time = 63.2s
[e190 s0001/1030] loss = 0.023294
[e190 s0050/1030] loss = 0.090230
[e190 s0100/1030] loss = 0.076829
[e190 s0150/1030] loss = 0.065860
[e190 s0200/1030] loss = 0.058965
[e190 s0250/1030] loss = 0.053644
[e190 s0300/1030] loss = 0.048838
[e190 s0350/1030] loss = 0.045931
[e190 s0400/1030] loss = 0.042621
[e190 s0450/1030] loss = 0.041553
[e190 s0500/1030] loss = 0.044477
[e190 s0550/1030] loss = 0.042303
[e190 s0600/1030] loss = 0.044164
[e190 s0650/1030] loss = 0.043151
[e190 s0700/1030] loss = 0.042436
[e190 s0750/1030] loss = 0.041384
[e190 s0800/1030] loss = 0.040386
[e190 s0850/1030] loss = 0.041560
[e190 s0900/1030] loss = 0.040913
[e190 s0950/1030] loss = 0.040060
[e190 s1000/1030] loss = 0.039499
Epoch 190: train_loss = 0.038958  MAE/GAME0 = 58.615  RMSE = 85.065  GAME1 = 59.321  GAME2 = 60.016  GAME3 = 60.556  lr = 1.89e-05  time = 63.3s
[e191 s0001/1030] loss = 0.033481
[e191 s0050/1030] loss = 0.139269
[e191 s0100/1030] loss = 0.089134
[e191 s0150/1030] loss = 0.072191
[e191 s0200/1030] loss = 0.087178
[e191 s0250/1030] loss = 0.075142
[e191 s0300/1030] loss = 0.070018
[e191 s0350/1030] loss = 0.063813
[e191 s0400/1030] loss = 0.059137
[e191 s0450/1030] loss = 0.056249
[e191 s0500/1030] loss = 0.054373
[e191 s0550/1030] loss = 0.051751
[e191 s0600/1030] loss = 0.049734
[e191 s0650/1030] loss = 0.052262
[e191 s0700/1030] loss = 0.050604
[e191 s0750/1030] loss = 0.049934
[e191 s0800/1030] loss = 0.049748
[e191 s0850/1030] loss = 0.048398
[e191 s0900/1030] loss = 0.047018
[e191 s0950/1030] loss = 0.045671
[e191 s1000/1030] loss = 0.044154
Epoch 191: train_loss = 0.043412  MAE/GAME0 = 53.529  RMSE = 81.713  GAME1 = 54.668  GAME2 = 55.659  GAME3 = 56.476  lr = 1.88e-05  time = 63.7s
[e192 s0001/1030] loss = 0.003641
[e192 s0050/1030] loss = 0.038877
[e192 s0100/1030] loss = 0.036574
[e192 s0150/1030] loss = 0.035437
[e192 s0200/1030] loss = 0.035026
[e192 s0250/1030] loss = 0.035140
[e192 s0300/1030] loss = 0.033220
[e192 s0350/1030] loss = 0.036293
[e192 s0400/1030] loss = 0.035106
[e192 s0450/1030] loss = 0.034273
[e192 s0500/1030] loss = 0.034622
[e192 s0550/1030] loss = 0.033056
[e192 s0600/1030] loss = 0.032695
[e192 s0650/1030] loss = 0.033515
[e192 s0700/1030] loss = 0.032825
[e192 s0750/1030] loss = 0.032831
[e192 s0800/1030] loss = 0.032036
[e192 s0850/1030] loss = 0.031824
[e192 s0900/1030] loss = 0.033131
[e192 s0950/1030] loss = 0.033223
[e192 s1000/1030] loss = 0.033167
Epoch 192: train_loss = 0.033174  MAE/GAME0 = 56.706  RMSE = 83.638  GAME1 = 57.272  GAME2 = 58.000  GAME3 = 58.613  lr = 1.86e-05  time = 64.5s
[e193 s0001/1030] loss = 0.011735
[e193 s0050/1030] loss = 0.018986
[e193 s0100/1030] loss = 0.028520
[e193 s0150/1030] loss = 0.030654
[e193 s0200/1030] loss = 0.032192
[e193 s0250/1030] loss = 0.033911
[e193 s0300/1030] loss = 0.035528
[e193 s0350/1030] loss = 0.034207
[e193 s0400/1030] loss = 0.033580
[e193 s0450/1030] loss = 0.031802
[e193 s0500/1030] loss = 0.030733
[e193 s0550/1030] loss = 0.033491
[e193 s0600/1030] loss = 0.033328
[e193 s0650/1030] loss = 0.033310
[e193 s0700/1030] loss = 0.032770
[e193 s0750/1030] loss = 0.032544
[e193 s0800/1030] loss = 0.032469
[e193 s0850/1030] loss = 0.032343
[e193 s0900/1030] loss = 0.032636
[e193 s0950/1030] loss = 0.033233
[e193 s1000/1030] loss = 0.034029
Epoch 193: train_loss = 0.033791  MAE/GAME0 = 56.377  RMSE = 83.351  GAME1 = 56.755  GAME2 = 57.304  GAME3 = 57.755  lr = 1.85e-05  time = 64.1s
[e194 s0001/1030] loss = 0.037051
[e194 s0050/1030] loss = 0.048608
[e194 s0100/1030] loss = 0.034604
[e194 s0150/1030] loss = 0.033097
[e194 s0200/1030] loss = 0.033678
[e194 s0250/1030] loss = 0.033222
[e194 s0300/1030] loss = 0.037744
[e194 s0350/1030] loss = 0.036144
[e194 s0400/1030] loss = 0.035011
[e194 s0450/1030] loss = 0.042571
[e194 s0500/1030] loss = 0.041377
[e194 s0550/1030] loss = 0.040984
[e194 s0600/1030] loss = 0.040198
[e194 s0650/1030] loss = 0.039875
[e194 s0700/1030] loss = 0.040699
[e194 s0750/1030] loss = 0.039673
[e194 s0800/1030] loss = 0.038447
[e194 s0850/1030] loss = 0.037845
[e194 s0900/1030] loss = 0.037264
[e194 s0950/1030] loss = 0.036396
[e194 s1000/1030] loss = 0.036253
Epoch 194: train_loss = 0.036081  MAE/GAME0 = 53.266  RMSE = 80.989  GAME1 = 54.594  GAME2 = 56.140  GAME3 = 57.280  lr = 1.84e-05  time = 66.2s
[e195 s0001/1030] loss = 0.003877
[e195 s0050/1030] loss = 0.063295
[e195 s0100/1030] loss = 0.056868
[e195 s0150/1030] loss = 0.046095
[e195 s0200/1030] loss = 0.040550
[e195 s0250/1030] loss = 0.037403
[e195 s0300/1030] loss = 0.039140
[e195 s0350/1030] loss = 0.037894
[e195 s0400/1030] loss = 0.036444
[e195 s0450/1030] loss = 0.038823
[e195 s0500/1030] loss = 0.037185
[e195 s0550/1030] loss = 0.036434
[e195 s0600/1030] loss = 0.035358
[e195 s0650/1030] loss = 0.035227
[e195 s0700/1030] loss = 0.034414
[e195 s0750/1030] loss = 0.033749
[e195 s0800/1030] loss = 0.033145
[e195 s0850/1030] loss = 0.032459
[e195 s0900/1030] loss = 0.032170
[e195 s0950/1030] loss = 0.032310
[e195 s1000/1030] loss = 0.032102
Epoch 195: train_loss = 0.032980  MAE/GAME0 = 45.296  RMSE = 75.869  GAME1 = 48.117  GAME2 = 50.574  GAME3 = 52.677  lr = 1.83e-05  time = 65.4s
[e196 s0001/1030] loss = 0.018810
[e196 s0050/1030] loss = 0.030614
[e196 s0100/1030] loss = 0.032129
[e196 s0150/1030] loss = 0.032128
[e196 s0200/1030] loss = 0.030519
[e196 s0250/1030] loss = 0.044356
[e196 s0300/1030] loss = 0.041593
[e196 s0350/1030] loss = 0.041290
[e196 s0400/1030] loss = 0.041309
[e196 s0450/1030] loss = 0.041199
[e196 s0500/1030] loss = 0.039558
[e196 s0550/1030] loss = 0.038961
[e196 s0600/1030] loss = 0.037543
[e196 s0650/1030] loss = 0.037430
[e196 s0700/1030] loss = 0.037634
[e196 s0750/1030] loss = 0.036882
[e196 s0800/1030] loss = 0.038622
[e196 s0850/1030] loss = 0.037435
[e196 s0900/1030] loss = 0.038247
[e196 s0950/1030] loss = 0.037497
[e196 s1000/1030] loss = 0.037042
Epoch 196: train_loss = 0.036476  MAE/GAME0 = 50.084  RMSE = 78.651  GAME1 = 51.267  GAME2 = 52.505  GAME3 = 53.512  lr = 1.81e-05  time = 64.7s
[e197 s0001/1030] loss = 0.038668
[e197 s0050/1030] loss = 0.019413
[e197 s0100/1030] loss = 0.026916
[e197 s0150/1030] loss = 0.026699
[e197 s0200/1030] loss = 0.026941
[e197 s0250/1030] loss = 0.029940
[e197 s0300/1030] loss = 0.030119
[e197 s0350/1030] loss = 0.028963
[e197 s0400/1030] loss = 0.031424
[e197 s0450/1030] loss = 0.033307
[e197 s0500/1030] loss = 0.035883
[e197 s0550/1030] loss = 0.034971
[e197 s0600/1030] loss = 0.034854
[e197 s0650/1030] loss = 0.034308
[e197 s0700/1030] loss = 0.033988
[e197 s0750/1030] loss = 0.035672
[e197 s0800/1030] loss = 0.034816
[e197 s0850/1030] loss = 0.036293
[e197 s0900/1030] loss = 0.035632
[e197 s0950/1030] loss = 0.036694
[e197 s1000/1030] loss = 0.035882
Epoch 197: train_loss = 0.035806  MAE/GAME0 = 42.272  RMSE = 74.506  GAME1 = 51.564  GAME2 = 57.223  GAME3 = 61.358  lr = 1.80e-05  time = 66.8s
[e198 s0001/1030] loss = 0.012986
[e198 s0050/1030] loss = 0.054577
[e198 s0100/1030] loss = 0.043587
[e198 s0150/1030] loss = 0.035968
[e198 s0200/1030] loss = 0.032336
[e198 s0250/1030] loss = 0.030849
[e198 s0300/1030] loss = 0.029445
[e198 s0350/1030] loss = 0.028597
[e198 s0400/1030] loss = 0.028375
[e198 s0450/1030] loss = 0.031266
[e198 s0500/1030] loss = 0.030894
[e198 s0550/1030] loss = 0.030183
[e198 s0600/1030] loss = 0.029655
[e198 s0650/1030] loss = 0.030192
[e198 s0700/1030] loss = 0.029667
[e198 s0750/1030] loss = 0.029503
[e198 s0800/1030] loss = 0.031376
[e198 s0850/1030] loss = 0.036910
[e198 s0900/1030] loss = 0.036760
[e198 s0950/1030] loss = 0.036338
[e198 s1000/1030] loss = 0.035731
Epoch 198: train_loss = 0.035485  MAE/GAME0 = 52.226  RMSE = 80.790  GAME1 = 53.430  GAME2 = 54.617  GAME3 = 55.473  lr = 1.79e-05  time = 65.7s
[e199 s0001/1030] loss = 0.159230
[e199 s0050/1030] loss = 0.040534
[e199 s0100/1030] loss = 0.041361
[e199 s0150/1030] loss = 0.040332
[e199 s0200/1030] loss = 0.039954
[e199 s0250/1030] loss = 0.037534
[e199 s0300/1030] loss = 0.035280
[e199 s0350/1030] loss = 0.034067
[e199 s0400/1030] loss = 0.032437
[e199 s0450/1030] loss = 0.032941
[e199 s0500/1030] loss = 0.032181
[e199 s0550/1030] loss = 0.035930
[e199 s0600/1030] loss = 0.034830
[e199 s0650/1030] loss = 0.033960
[e199 s0700/1030] loss = 0.033004
[e199 s0750/1030] loss = 0.033040
[e199 s0800/1030] loss = 0.032944
[e199 s0850/1030] loss = 0.033460
[e199 s0900/1030] loss = 0.032959
[e199 s0950/1030] loss = 0.032786
[e199 s1000/1030] loss = 0.032529
Epoch 199: train_loss = 0.032295  MAE/GAME0 = 51.463  RMSE = 80.334  GAME1 = 55.098  GAME2 = 57.586  GAME3 = 59.654  lr = 1.77e-05  time = 64.9s
[e200 s0001/1030] loss = 0.000563
[e200 s0050/1030] loss = 0.212105
[e200 s0100/1030] loss = 0.122055
[e200 s0150/1030] loss = 0.095616
[e200 s0200/1030] loss = 0.078584
[e200 s0250/1030] loss = 0.067273
[e200 s0300/1030] loss = 0.061906
[e200 s0350/1030] loss = 0.057871
[e200 s0400/1030] loss = 0.053987
[e200 s0450/1030] loss = 0.053966
[e200 s0500/1030] loss = 0.050718
[e200 s0550/1030] loss = 0.047950
[e200 s0600/1030] loss = 0.045465
[e200 s0650/1030] loss = 0.043941
[e200 s0700/1030] loss = 0.042512
[e200 s0750/1030] loss = 0.042076
[e200 s0800/1030] loss = 0.041109
[e200 s0850/1030] loss = 0.040245
[e200 s0900/1030] loss = 0.039819
[e200 s0950/1030] loss = 0.038968
[e200 s1000/1030] loss = 0.038165
Epoch 200: train_loss = 0.037628  MAE/GAME0 = 56.276  RMSE = 84.047  GAME1 = 58.462  GAME2 = 60.342  GAME3 = 61.536  lr = 1.76e-05  time = 66.1s
[e201 s0001/1030] loss = 0.003134
[e201 s0050/1030] loss = 0.040054
[e201 s0100/1030] loss = 0.031506
[e201 s0150/1030] loss = 0.041773
[e201 s0200/1030] loss = 0.038189
[e201 s0250/1030] loss = 0.035324
[e201 s0300/1030] loss = 0.033291
[e201 s0350/1030] loss = 0.036198
[e201 s0400/1030] loss = 0.035572
[e201 s0450/1030] loss = 0.035488
[e201 s0500/1030] loss = 0.033992
[e201 s0550/1030] loss = 0.032678
[e201 s0600/1030] loss = 0.032247
[e201 s0650/1030] loss = 0.031398
[e201 s0700/1030] loss = 0.031266
[e201 s0750/1030] loss = 0.031267
[e201 s0800/1030] loss = 0.030440
[e201 s0850/1030] loss = 0.029910
[e201 s0900/1030] loss = 0.030965
[e201 s0950/1030] loss = 0.031072
[e201 s1000/1030] loss = 0.031128
Epoch 201: train_loss = 0.030898  MAE/GAME0 = 53.906  RMSE = 81.983  GAME1 = 55.056  GAME2 = 56.308  GAME3 = 57.074  lr = 1.75e-05  time = 63.0s
[e202 s0001/1030] loss = 0.015509
[e202 s0050/1030] loss = 0.023293
[e202 s0100/1030] loss = 0.023310
[e202 s0150/1030] loss = 0.022490
[e202 s0200/1030] loss = 0.026709
[e202 s0250/1030] loss = 0.034583
[e202 s0300/1030] loss = 0.032816
[e202 s0350/1030] loss = 0.031847
[e202 s0400/1030] loss = 0.031949
[e202 s0450/1030] loss = 0.030641
[e202 s0500/1030] loss = 0.030338
[e202 s0550/1030] loss = 0.029443
[e202 s0600/1030] loss = 0.030145
[e202 s0650/1030] loss = 0.029447
[e202 s0700/1030] loss = 0.029182
[e202 s0750/1030] loss = 0.029793
[e202 s0800/1030] loss = 0.029911
[e202 s0850/1030] loss = 0.031943
[e202 s0900/1030] loss = 0.031584
[e202 s0950/1030] loss = 0.031557
[e202 s1000/1030] loss = 0.032173
Epoch 202: train_loss = 0.031963  MAE/GAME0 = 57.698  RMSE = 84.734  GAME1 = 58.314  GAME2 = 59.197  GAME3 = 59.853  lr = 1.74e-05  time = 63.2s
[e203 s0001/1030] loss = 0.007105
[e203 s0050/1030] loss = 0.019752
[e203 s0100/1030] loss = 0.019978
[e203 s0150/1030] loss = 0.031700
[e203 s0200/1030] loss = 0.029484
[e203 s0250/1030] loss = 0.028057
[e203 s0300/1030] loss = 0.028101
[e203 s0350/1030] loss = 0.033363
[e203 s0400/1030] loss = 0.032598
[e203 s0450/1030] loss = 0.032856
[e203 s0500/1030] loss = 0.032408
[e203 s0550/1030] loss = 0.031743
[e203 s0600/1030] loss = 0.031196
[e203 s0650/1030] loss = 0.030212
[e203 s0700/1030] loss = 0.030677
[e203 s0750/1030] loss = 0.029922
[e203 s0800/1030] loss = 0.029637
[e203 s0850/1030] loss = 0.029830
[e203 s0900/1030] loss = 0.029459
[e203 s0950/1030] loss = 0.029271
[e203 s1000/1030] loss = 0.028738
Epoch 203: train_loss = 0.029004  MAE/GAME0 = 55.396  RMSE = 82.355  GAME1 = 56.608  GAME2 = 58.293  GAME3 = 59.497  lr = 1.72e-05  time = 64.1s
[e204 s0001/1030] loss = 0.035943
[e204 s0050/1030] loss = 0.027560
[e204 s0100/1030] loss = 0.028216
[e204 s0150/1030] loss = 0.026364
[e204 s0200/1030] loss = 0.026447
[e204 s0250/1030] loss = 0.025572
[e204 s0300/1030] loss = 0.041933
[e204 s0350/1030] loss = 0.040170
[e204 s0400/1030] loss = 0.037924
[e204 s0450/1030] loss = 0.036498
[e204 s0500/1030] loss = 0.041087
[e204 s0550/1030] loss = 0.040996
[e204 s0600/1030] loss = 0.039525
[e204 s0650/1030] loss = 0.038360
[e204 s0700/1030] loss = 0.037389
[e204 s0750/1030] loss = 0.036345
[e204 s0800/1030] loss = 0.036313
[e204 s0850/1030] loss = 0.035306
[e204 s0900/1030] loss = 0.034814
[e204 s0950/1030] loss = 0.034503
[e204 s1000/1030] loss = 0.033551
Epoch 204: train_loss = 0.033289  MAE/GAME0 = 47.097  RMSE = 77.296  GAME1 = 50.886  GAME2 = 54.595  GAME3 = 56.920  lr = 1.71e-05  time = 63.9s
[e205 s0001/1030] loss = 0.007969
[e205 s0050/1030] loss = 0.026708
[e205 s0100/1030] loss = 0.025943
[e205 s0150/1030] loss = 0.036613
[e205 s0200/1030] loss = 0.033507
[e205 s0250/1030] loss = 0.032411
[e205 s0300/1030] loss = 0.030841
[e205 s0350/1030] loss = 0.029249
[e205 s0400/1030] loss = 0.028730
[e205 s0450/1030] loss = 0.028819
[e205 s0500/1030] loss = 0.028845
[e205 s0550/1030] loss = 0.030083
[e205 s0600/1030] loss = 0.030114
[e205 s0650/1030] loss = 0.030310
[e205 s0700/1030] loss = 0.029977
[e205 s0750/1030] loss = 0.029776
[e205 s0800/1030] loss = 0.028954
[e205 s0850/1030] loss = 0.032618
[e205 s0900/1030] loss = 0.031867
[e205 s0950/1030] loss = 0.031003
[e205 s1000/1030] loss = 0.032291
Epoch 205: train_loss = 0.032291  MAE/GAME0 = 53.276  RMSE = 81.527  GAME1 = 53.892  GAME2 = 54.747  GAME3 = 55.480  lr = 1.70e-05  time = 64.2s
[e206 s0001/1030] loss = 0.034261
[e206 s0050/1030] loss = 0.022754
[e206 s0100/1030] loss = 0.023022
[e206 s0150/1030] loss = 0.024914
[e206 s0200/1030] loss = 0.024040
[e206 s0250/1030] loss = 0.025796
[e206 s0300/1030] loss = 0.026779
[e206 s0350/1030] loss = 0.027654
[e206 s0400/1030] loss = 0.028122
[e206 s0450/1030] loss = 0.028897
[e206 s0500/1030] loss = 0.027769
[e206 s0550/1030] loss = 0.027669
[e206 s0600/1030] loss = 0.027717
[e206 s0650/1030] loss = 0.026754
[e206 s0700/1030] loss = 0.028566
[e206 s0750/1030] loss = 0.028384
[e206 s0800/1030] loss = 0.030976
[e206 s0850/1030] loss = 0.030635
[e206 s0900/1030] loss = 0.033608
[e206 s0950/1030] loss = 0.032884
[e206 s1000/1030] loss = 0.032167
Epoch 206: train_loss = 0.032955  MAE/GAME0 = 51.966  RMSE = 80.305  GAME1 = 52.749  GAME2 = 53.603  GAME3 = 54.423  lr = 1.68e-05  time = 64.5s
[e207 s0001/1030] loss = 0.024973
[e207 s0050/1030] loss = 0.020852
[e207 s0100/1030] loss = 0.022313
[e207 s0150/1030] loss = 0.023767
[e207 s0200/1030] loss = 0.023371
[e207 s0250/1030] loss = 0.022754
[e207 s0300/1030] loss = 0.022017
[e207 s0350/1030] loss = 0.022927
[e207 s0400/1030] loss = 0.024491
[e207 s0450/1030] loss = 0.024402
[e207 s0500/1030] loss = 0.024847
[e207 s0550/1030] loss = 0.024294
[e207 s0600/1030] loss = 0.024757
[e207 s0650/1030] loss = 0.025946
[e207 s0700/1030] loss = 0.025977
[e207 s0750/1030] loss = 0.027438
[e207 s0800/1030] loss = 0.031086
[e207 s0850/1030] loss = 0.030461
[e207 s0900/1030] loss = 0.029687
[e207 s0950/1030] loss = 0.029674
[e207 s1000/1030] loss = 0.029864
Epoch 207: train_loss = 0.029625  MAE/GAME0 = 47.228  RMSE = 77.792  GAME1 = 53.005  GAME2 = 57.048  GAME3 = 60.010  lr = 1.67e-05  time = 63.9s
[e208 s0001/1030] loss = 0.010646
[e208 s0050/1030] loss = 0.047840
[e208 s0100/1030] loss = 0.040287
[e208 s0150/1030] loss = 0.042710
[e208 s0200/1030] loss = 0.037373
[e208 s0250/1030] loss = 0.036484
[e208 s0300/1030] loss = 0.033813
[e208 s0350/1030] loss = 0.036164
[e208 s0400/1030] loss = 0.049210
[e208 s0450/1030] loss = 0.046644
[e208 s0500/1030] loss = 0.044078
[e208 s0550/1030] loss = 0.045785
[e208 s0600/1030] loss = 0.043599
[e208 s0650/1030] loss = 0.042615
[e208 s0700/1030] loss = 0.041018
[e208 s0750/1030] loss = 0.039585
[e208 s0800/1030] loss = 0.038295
[e208 s0850/1030] loss = 0.037315
[e208 s0900/1030] loss = 0.037868
[e208 s0950/1030] loss = 0.038719
[e208 s1000/1030] loss = 0.037882
Epoch 208: train_loss = 0.037776  MAE/GAME0 = 52.955  RMSE = 81.098  GAME1 = 53.961  GAME2 = 55.027  GAME3 = 56.044  lr = 1.66e-05  time = 64.5s
[e209 s0001/1030] loss = 0.006766
[e209 s0050/1030] loss = 0.026462
[e209 s0100/1030] loss = 0.025329
[e209 s0150/1030] loss = 0.023911
[e209 s0200/1030] loss = 0.025043
[e209 s0250/1030] loss = 0.023703
[e209 s0300/1030] loss = 0.025946
[e209 s0350/1030] loss = 0.027280
[e209 s0400/1030] loss = 0.027448
[e209 s0450/1030] loss = 0.028684
[e209 s0500/1030] loss = 0.030582
[e209 s0550/1030] loss = 0.031054
[e209 s0600/1030] loss = 0.030087
[e209 s0650/1030] loss = 0.029081
[e209 s0700/1030] loss = 0.029169
[e209 s0750/1030] loss = 0.029136
[e209 s0800/1030] loss = 0.029909
[e209 s0850/1030] loss = 0.029658
[e209 s0900/1030] loss = 0.030580
[e209 s0950/1030] loss = 0.029931
[e209 s1000/1030] loss = 0.029561
Epoch 209: train_loss = 0.029777  MAE/GAME0 = 57.650  RMSE = 84.140  GAME1 = 58.817  GAME2 = 59.990  GAME3 = 60.847  lr = 1.65e-05  time = 63.2s
[e210 s0001/1030] loss = 0.000897
[e210 s0050/1030] loss = 0.023030
[e210 s0100/1030] loss = 0.024092
[e210 s0150/1030] loss = 0.039904
[e210 s0200/1030] loss = 0.039959
[e210 s0250/1030] loss = 0.036265
[e210 s0300/1030] loss = 0.035219
[e210 s0350/1030] loss = 0.034751
[e210 s0400/1030] loss = 0.033085
[e210 s0450/1030] loss = 0.038421
[e210 s0500/1030] loss = 0.052429
[e210 s0550/1030] loss = 0.049876
[e210 s0600/1030] loss = 0.048920
[e210 s0650/1030] loss = 0.046637
[e210 s0700/1030] loss = 0.047069
[e210 s0750/1030] loss = 0.045916
[e210 s0800/1030] loss = 0.044304
[e210 s0850/1030] loss = 0.042669
[e210 s0900/1030] loss = 0.041588
[e210 s0950/1030] loss = 0.040879
[e210 s1000/1030] loss = 0.039998
Epoch 210: train_loss = 0.039575  MAE/GAME0 = 54.319  RMSE = 81.925  GAME1 = 55.157  GAME2 = 55.910  GAME3 = 56.624  lr = 1.63e-05  time = 62.7s
[e211 s0001/1030] loss = 0.031643
[e211 s0050/1030] loss = 0.042002
[e211 s0100/1030] loss = 0.033294
[e211 s0150/1030] loss = 0.039475
[e211 s0200/1030] loss = 0.036524
[e211 s0250/1030] loss = 0.035888
[e211 s0300/1030] loss = 0.033838
[e211 s0350/1030] loss = 0.034117
[e211 s0400/1030] loss = 0.033429
[e211 s0450/1030] loss = 0.033050
[e211 s0500/1030] loss = 0.031999
[e211 s0550/1030] loss = 0.032707
[e211 s0600/1030] loss = 0.031728
[e211 s0650/1030] loss = 0.030610
[e211 s0700/1030] loss = 0.030287
[e211 s0750/1030] loss = 0.030275
[e211 s0800/1030] loss = 0.030046
[e211 s0850/1030] loss = 0.029979
[e211 s0900/1030] loss = 0.029516
[e211 s0950/1030] loss = 0.029170
[e211 s1000/1030] loss = 0.028792
Epoch 211: train_loss = 0.028893  MAE/GAME0 = 53.538  RMSE = 81.584  GAME1 = 55.246  GAME2 = 56.680  GAME3 = 57.900  lr = 1.62e-05  time = 63.4s
[e212 s0001/1030] loss = 0.018477
[e212 s0050/1030] loss = 0.028376
[e212 s0100/1030] loss = 0.032472
[e212 s0150/1030] loss = 0.030396
[e212 s0200/1030] loss = 0.028377
[e212 s0250/1030] loss = 0.026217
[e212 s0300/1030] loss = 0.024996
[e212 s0350/1030] loss = 0.023899
[e212 s0400/1030] loss = 0.022970
[e212 s0450/1030] loss = 0.022140
[e212 s0500/1030] loss = 0.022746
[e212 s0550/1030] loss = 0.022347
[e212 s0600/1030] loss = 0.043086
[e212 s0650/1030] loss = 0.041089
[e212 s0700/1030] loss = 0.040182
[e212 s0750/1030] loss = 0.038658
[e212 s0800/1030] loss = 0.038011
[e212 s0850/1030] loss = 0.037087
[e212 s0900/1030] loss = 0.036357
[e212 s0950/1030] loss = 0.035356
[e212 s1000/1030] loss = 0.034574
Epoch 212: train_loss = 0.034302  MAE/GAME0 = 54.305  RMSE = 82.564  GAME1 = 56.660  GAME2 = 58.832  GAME3 = 60.572  lr = 1.61e-05  time = 65.5s
[e213 s0001/1030] loss = 0.040160
[e213 s0050/1030] loss = 0.025540
[e213 s0100/1030] loss = 0.023512
[e213 s0150/1030] loss = 0.025049
[e213 s0200/1030] loss = 0.026635
[e213 s0250/1030] loss = 0.027946
[e213 s0300/1030] loss = 0.027869
[e213 s0350/1030] loss = 0.027124
[e213 s0400/1030] loss = 0.026033
[e213 s0450/1030] loss = 0.028028
[e213 s0500/1030] loss = 0.028253
[e213 s0550/1030] loss = 0.028103
[e213 s0600/1030] loss = 0.027855
[e213 s0650/1030] loss = 0.027049
[e213 s0700/1030] loss = 0.029141
[e213 s0750/1030] loss = 0.029498
[e213 s0800/1030] loss = 0.029012
[e213 s0850/1030] loss = 0.028578
[e213 s0900/1030] loss = 0.028268
[e213 s0950/1030] loss = 0.027812
[e213 s1000/1030] loss = 0.027797
Epoch 213: train_loss = 0.027481  MAE/GAME0 = 54.944  RMSE = 82.471  GAME1 = 55.553  GAME2 = 56.362  GAME3 = 56.941  lr = 1.59e-05  time = 61.8s
[e214 s0001/1030] loss = 0.005856
[e214 s0050/1030] loss = 0.018883
[e214 s0100/1030] loss = 0.021013
[e214 s0150/1030] loss = 0.032938
[e214 s0200/1030] loss = 0.031355
[e214 s0250/1030] loss = 0.032535
[e214 s0300/1030] loss = 0.030945
[e214 s0350/1030] loss = 0.029039
[e214 s0400/1030] loss = 0.028636
[e214 s0450/1030] loss = 0.028617
[e214 s0500/1030] loss = 0.028787
[e214 s0550/1030] loss = 0.031383
[e214 s0600/1030] loss = 0.030948
[e214 s0650/1030] loss = 0.031027
[e214 s0700/1030] loss = 0.030456
[e214 s0750/1030] loss = 0.030186
[e214 s0800/1030] loss = 0.029578
[e214 s0850/1030] loss = 0.029311
[e214 s0900/1030] loss = 0.028605
[e214 s0950/1030] loss = 0.028412
[e214 s1000/1030] loss = 0.027920
Epoch 214: train_loss = 0.027977  MAE/GAME0 = 53.549  RMSE = 81.480  GAME1 = 54.648  GAME2 = 55.896  GAME3 = 56.745  lr = 1.58e-05  time = 62.2s
[e215 s0001/1030] loss = 0.014338
[e215 s0050/1030] loss = 0.020949
[e215 s0100/1030] loss = 0.025296
[e215 s0150/1030] loss = 0.025073
[e215 s0200/1030] loss = 0.027054
[e215 s0250/1030] loss = 0.028381
[e215 s0300/1030] loss = 0.027664
[e215 s0350/1030] loss = 0.026728
[e215 s0400/1030] loss = 0.025590
[e215 s0450/1030] loss = 0.027723
[e215 s0500/1030] loss = 0.028303
[e215 s0550/1030] loss = 0.028322
[e215 s0600/1030] loss = 0.027626
[e215 s0650/1030] loss = 0.026845
[e215 s0700/1030] loss = 0.027105
[e215 s0750/1030] loss = 0.026545
[e215 s0800/1030] loss = 0.026194
[e215 s0850/1030] loss = 0.025964
[e215 s0900/1030] loss = 0.025930
[e215 s0950/1030] loss = 0.025826
[e215 s1000/1030] loss = 0.026003
Epoch 215: train_loss = 0.025751  MAE/GAME0 = 55.109  RMSE = 82.880  GAME1 = 55.834  GAME2 = 56.655  GAME3 = 57.331  lr = 1.57e-05  time = 62.1s
[e216 s0001/1030] loss = 0.015598
[e216 s0050/1030] loss = 0.019328
[e216 s0100/1030] loss = 0.020705
[e216 s0150/1030] loss = 0.046969
[e216 s0200/1030] loss = 0.041189
[e216 s0250/1030] loss = 0.039865
[e216 s0300/1030] loss = 0.036220
[e216 s0350/1030] loss = 0.033861
[e216 s0400/1030] loss = 0.032630
[e216 s0450/1030] loss = 0.031459
[e216 s0500/1030] loss = 0.031729
[e216 s0550/1030] loss = 0.030639
[e216 s0600/1030] loss = 0.029521
[e216 s0650/1030] loss = 0.029963
[e216 s0700/1030] loss = 0.030272
[e216 s0750/1030] loss = 0.029362
[e216 s0800/1030] loss = 0.028859
[e216 s0850/1030] loss = 0.028169
[e216 s0900/1030] loss = 0.027834
[e216 s0950/1030] loss = 0.030695
[e216 s1000/1030] loss = 0.032641
Epoch 216: train_loss = 0.032375  MAE/GAME0 = 55.789  RMSE = 83.351  GAME1 = 58.537  GAME2 = 60.696  GAME3 = 62.167  lr = 1.55e-05  time = 62.3s
[e217 s0001/1030] loss = 0.006566
[e217 s0050/1030] loss = 0.024205
[e217 s0100/1030] loss = 0.025518
[e217 s0150/1030] loss = 0.024898
[e217 s0200/1030] loss = 0.022778
[e217 s0250/1030] loss = 0.030372
[e217 s0300/1030] loss = 0.027470
[e217 s0350/1030] loss = 0.027199
[e217 s0400/1030] loss = 0.026618
[e217 s0450/1030] loss = 0.025615
[e217 s0500/1030] loss = 0.025948
[e217 s0550/1030] loss = 0.025966
[e217 s0600/1030] loss = 0.025113
[e217 s0650/1030] loss = 0.024816
[e217 s0700/1030] loss = 0.025434
[e217 s0750/1030] loss = 0.025527
[e217 s0800/1030] loss = 0.025122
[e217 s0850/1030] loss = 0.024847
[e217 s0900/1030] loss = 0.025678
[e217 s0950/1030] loss = 0.027222
[e217 s1000/1030] loss = 0.026720
Epoch 217: train_loss = 0.027107  MAE/GAME0 = 52.048  RMSE = 79.676  GAME1 = 53.295  GAME2 = 54.522  GAME3 = 55.549  lr = 1.54e-05  time = 61.9s
[e218 s0001/1030] loss = 0.005035
[e218 s0050/1030] loss = 0.027888
[e218 s0100/1030] loss = 0.028867
[e218 s0150/1030] loss = 0.029170
[e218 s0200/1030] loss = 0.027746
[e218 s0250/1030] loss = 0.027622
[e218 s0300/1030] loss = 0.031431
[e218 s0350/1030] loss = 0.029818
[e218 s0400/1030] loss = 0.028999
[e218 s0450/1030] loss = 0.027454
[e218 s0500/1030] loss = 0.026857
[e218 s0550/1030] loss = 0.026435
[e218 s0600/1030] loss = 0.025639
[e218 s0650/1030] loss = 0.027272
[e218 s0700/1030] loss = 0.026647
[e218 s0750/1030] loss = 0.027568
[e218 s0800/1030] loss = 0.027059
[e218 s0850/1030] loss = 0.026821
[e218 s0900/1030] loss = 0.027192
[e218 s0950/1030] loss = 0.026638
[e218 s1000/1030] loss = 0.026253
Epoch 218: train_loss = 0.026269  MAE/GAME0 = 56.543  RMSE = 83.186  GAME1 = 57.836  GAME2 = 59.087  GAME3 = 60.006  lr = 1.53e-05  time = 61.9s
[e219 s0001/1030] loss = 0.044712
[e219 s0050/1030] loss = 0.021177
[e219 s0100/1030] loss = 0.039311
[e219 s0150/1030] loss = 0.032418
[e219 s0200/1030] loss = 0.031454
[e219 s0250/1030] loss = 0.030665
[e219 s0300/1030] loss = 0.029026
[e219 s0350/1030] loss = 0.028114
[e219 s0400/1030] loss = 0.027255
[e219 s0450/1030] loss = 0.026709
[e219 s0500/1030] loss = 0.026114
[e219 s0550/1030] loss = 0.025012
[e219 s0600/1030] loss = 0.024759
[e219 s0650/1030] loss = 0.025243
[e219 s0700/1030] loss = 0.024686
[e219 s0750/1030] loss = 0.024580
[e219 s0800/1030] loss = 0.026663
[e219 s0850/1030] loss = 0.026448
[e219 s0900/1030] loss = 0.025606
[e219 s0950/1030] loss = 0.032758
[e219 s1000/1030] loss = 0.032018
Epoch 219: train_loss = 0.031841  MAE/GAME0 = 50.211  RMSE = 79.099  GAME1 = 51.184  GAME2 = 52.290  GAME3 = 53.201  lr = 1.51e-05  time = 61.2s
[e220 s0001/1030] loss = 0.014819
[e220 s0050/1030] loss = 0.018635
[e220 s0100/1030] loss = 0.020094
[e220 s0150/1030] loss = 0.020127
[e220 s0200/1030] loss = 0.028819
[e220 s0250/1030] loss = 0.027270
[e220 s0300/1030] loss = 0.025354
[e220 s0350/1030] loss = 0.025583
[e220 s0400/1030] loss = 0.024661
[e220 s0450/1030] loss = 0.025100
[e220 s0500/1030] loss = 0.024967
[e220 s0550/1030] loss = 0.023989
[e220 s0600/1030] loss = 0.025667
[e220 s0650/1030] loss = 0.025501
[e220 s0700/1030] loss = 0.024928
[e220 s0750/1030] loss = 0.024970
[e220 s0800/1030] loss = 0.024898
[e220 s0850/1030] loss = 0.024602
[e220 s0900/1030] loss = 0.024476
[e220 s0950/1030] loss = 0.024099
[e220 s1000/1030] loss = 0.023824
Epoch 220: train_loss = 0.023521  MAE/GAME0 = 57.988  RMSE = 84.592  GAME1 = 58.803  GAME2 = 59.694  GAME3 = 60.430  lr = 1.50e-05  time = 61.9s
[e221 s0001/1030] loss = 0.002301
[e221 s0050/1030] loss = 0.019922
[e221 s0100/1030] loss = 0.024932
[e221 s0150/1030] loss = 0.025211
[e221 s0200/1030] loss = 0.023905
[e221 s0250/1030] loss = 0.023065
[e221 s0300/1030] loss = 0.023145
[e221 s0350/1030] loss = 0.023391
[e221 s0400/1030] loss = 0.024325
[e221 s0450/1030] loss = 0.023716
[e221 s0500/1030] loss = 0.022657
[e221 s0550/1030] loss = 0.022803
[e221 s0600/1030] loss = 0.024110
[e221 s0650/1030] loss = 0.024281
[e221 s0700/1030] loss = 0.023836
[e221 s0750/1030] loss = 0.025151
[e221 s0800/1030] loss = 0.025035
[e221 s0850/1030] loss = 0.025122
[e221 s0900/1030] loss = 0.025333
[e221 s0950/1030] loss = 0.025905
[e221 s1000/1030] loss = 0.028272
Epoch 221: train_loss = 0.028281  MAE/GAME0 = 55.218  RMSE = 82.566  GAME1 = 56.085  GAME2 = 56.914  GAME3 = 57.465  lr = 1.49e-05  time = 61.3s
[e222 s0001/1030] loss = 0.010125
[e222 s0050/1030] loss = 0.023229
[e222 s0100/1030] loss = 0.022053
[e222 s0150/1030] loss = 0.047203
[e222 s0200/1030] loss = 0.041906
[e222 s0250/1030] loss = 0.037126
[e222 s0300/1030] loss = 0.034077
[e222 s0350/1030] loss = 0.032393
[e222 s0400/1030] loss = 0.032842
[e222 s0450/1030] loss = 0.031488
[e222 s0500/1030] loss = 0.030394
[e222 s0550/1030] loss = 0.030720
[e222 s0600/1030] loss = 0.030726
[e222 s0650/1030] loss = 0.030090
[e222 s0700/1030] loss = 0.029416
[e222 s0750/1030] loss = 0.030104
[e222 s0800/1030] loss = 0.029286
[e222 s0850/1030] loss = 0.028725
[e222 s0900/1030] loss = 0.028731
[e222 s0950/1030] loss = 0.028103
[e222 s1000/1030] loss = 0.028424
Epoch 222: train_loss = 0.028064  MAE/GAME0 = 54.077  RMSE = 82.198  GAME1 = 56.141  GAME2 = 57.960  GAME3 = 59.385  lr = 1.48e-05  time = 61.5s
[e223 s0001/1030] loss = 0.006835
[e223 s0050/1030] loss = 0.024488
[e223 s0100/1030] loss = 0.021477
[e223 s0150/1030] loss = 0.020821
[e223 s0200/1030] loss = 0.021507
[e223 s0250/1030] loss = 0.022157
[e223 s0300/1030] loss = 0.029843
[e223 s0350/1030] loss = 0.029692
[e223 s0400/1030] loss = 0.028486
[e223 s0450/1030] loss = 0.027637
[e223 s0500/1030] loss = 0.027129
[e223 s0550/1030] loss = 0.026717
[e223 s0600/1030] loss = 0.025806
[e223 s0650/1030] loss = 0.027760
[e223 s0700/1030] loss = 0.027595
[e223 s0750/1030] loss = 0.028038
[e223 s0800/1030] loss = 0.027581
[e223 s0850/1030] loss = 0.027468
[e223 s0900/1030] loss = 0.026816
[e223 s0950/1030] loss = 0.026121
[e223 s1000/1030] loss = 0.026451
Epoch 223: train_loss = 0.026310  MAE/GAME0 = 54.548  RMSE = 82.131  GAME1 = 55.688  GAME2 = 56.782  GAME3 = 57.692  lr = 1.46e-05  time = 61.6s
[e224 s0001/1030] loss = 0.006988
[e224 s0050/1030] loss = 0.025235
[e224 s0100/1030] loss = 0.025358
[e224 s0150/1030] loss = 0.054948
[e224 s0200/1030] loss = 0.045506
[e224 s0250/1030] loss = 0.044711
[e224 s0300/1030] loss = 0.039837
[e224 s0350/1030] loss = 0.036041
[e224 s0400/1030] loss = 0.033357
[e224 s0450/1030] loss = 0.033141
[e224 s0500/1030] loss = 0.032483
[e224 s0550/1030] loss = 0.030824
[e224 s0600/1030] loss = 0.029842
[e224 s0650/1030] loss = 0.029114
[e224 s0700/1030] loss = 0.028497
[e224 s0750/1030] loss = 0.028052
[e224 s0800/1030] loss = 0.027428
[e224 s0850/1030] loss = 0.026699
[e224 s0900/1030] loss = 0.027216
[e224 s0950/1030] loss = 0.026475
[e224 s1000/1030] loss = 0.026699
Epoch 224: train_loss = 0.026478  MAE/GAME0 = 52.922  RMSE = 80.573  GAME1 = 53.918  GAME2 = 54.956  GAME3 = 55.797  lr = 1.45e-05  time = 62.2s
[e225 s0001/1030] loss = 0.009617
[e225 s0050/1030] loss = 0.023654
[e225 s0100/1030] loss = 0.022067
[e225 s0150/1030] loss = 0.025170
[e225 s0200/1030] loss = 0.025223
[e225 s0250/1030] loss = 0.026001
[e225 s0300/1030] loss = 0.031896
[e225 s0350/1030] loss = 0.030213
[e225 s0400/1030] loss = 0.032685
[e225 s0450/1030] loss = 0.031788
[e225 s0500/1030] loss = 0.034462
[e225 s0550/1030] loss = 0.033657
[e225 s0600/1030] loss = 0.032104
[e225 s0650/1030] loss = 0.031277
[e225 s0700/1030] loss = 0.029953
[e225 s0750/1030] loss = 0.029218
[e225 s0800/1030] loss = 0.028412
[e225 s0850/1030] loss = 0.027391
[e225 s0900/1030] loss = 0.027125
[e225 s0950/1030] loss = 0.026799
[e225 s1000/1030] loss = 0.026161
Epoch 225: train_loss = 0.025971  MAE/GAME0 = 59.755  RMSE = 86.149  GAME1 = 60.645  GAME2 = 61.402  GAME3 = 61.888  lr = 1.44e-05  time = 62.3s
[e226 s0001/1030] loss = 0.039150
[e226 s0050/1030] loss = 0.018388
[e226 s0100/1030] loss = 0.019716
[e226 s0150/1030] loss = 0.021845
[e226 s0200/1030] loss = 0.021054
[e226 s0250/1030] loss = 0.020360
[e226 s0300/1030] loss = 0.021476
[e226 s0350/1030] loss = 0.021161
[e226 s0400/1030] loss = 0.020183
[e226 s0450/1030] loss = 0.019860
[e226 s0500/1030] loss = 0.020487
[e226 s0550/1030] loss = 0.021860
[e226 s0600/1030] loss = 0.021722
[e226 s0650/1030] loss = 0.021934
[e226 s0700/1030] loss = 0.021314
[e226 s0750/1030] loss = 0.021657
[e226 s0800/1030] loss = 0.021612
[e226 s0850/1030] loss = 0.021458
[e226 s0900/1030] loss = 0.021531
[e226 s0950/1030] loss = 0.022436
[e226 s1000/1030] loss = 0.022622
Epoch 226: train_loss = 0.022454  MAE/GAME0 = 60.844  RMSE = 86.740  GAME1 = 61.394  GAME2 = 61.881  GAME3 = 62.268  lr = 1.42e-05  time = 61.3s
[e227 s0001/1030] loss = 0.045213
[e227 s0050/1030] loss = 0.029240
[e227 s0100/1030] loss = 0.029151
[e227 s0150/1030] loss = 0.027660
[e227 s0200/1030] loss = 0.024970
[e227 s0250/1030] loss = 0.024561
[e227 s0300/1030] loss = 0.028801
[e227 s0350/1030] loss = 0.028738
[e227 s0400/1030] loss = 0.027614
[e227 s0450/1030] loss = 0.026727
[e227 s0500/1030] loss = 0.025746
[e227 s0550/1030] loss = 0.025100
[e227 s0600/1030] loss = 0.024047
[e227 s0650/1030] loss = 0.023928
[e227 s0700/1030] loss = 0.023802
[e227 s0750/1030] loss = 0.025068
[e227 s0800/1030] loss = 0.025240
[e227 s0850/1030] loss = 0.026737
[e227 s0900/1030] loss = 0.026105
[e227 s0950/1030] loss = 0.026198
[e227 s1000/1030] loss = 0.026108
Epoch 227: train_loss = 0.026226  MAE/GAME0 = 58.440  RMSE = 84.918  GAME1 = 58.758  GAME2 = 59.292  GAME3 = 59.640  lr = 1.41e-05  time = 61.4s
[e228 s0001/1030] loss = 0.007285
[e228 s0050/1030] loss = 0.020272
[e228 s0100/1030] loss = 0.023412
[e228 s0150/1030] loss = 0.020420
[e228 s0200/1030] loss = 0.022753
[e228 s0250/1030] loss = 0.025333
[e228 s0300/1030] loss = 0.025005
[e228 s0350/1030] loss = 0.023400
[e228 s0400/1030] loss = 0.023467
[e228 s0450/1030] loss = 0.022632
[e228 s0500/1030] loss = 0.022386
[e228 s0550/1030] loss = 0.022715
[e228 s0600/1030] loss = 0.022675
[e228 s0650/1030] loss = 0.022376
[e228 s0700/1030] loss = 0.022135
[e228 s0750/1030] loss = 0.021507
[e228 s0800/1030] loss = 0.024394
[e228 s0850/1030] loss = 0.023951
[e228 s0900/1030] loss = 0.023462
[e228 s0950/1030] loss = 0.024501
[e228 s1000/1030] loss = 0.024592
Epoch 228: train_loss = 0.024437  MAE/GAME0 = 58.074  RMSE = 84.539  GAME1 = 59.525  GAME2 = 60.813  GAME3 = 61.653  lr = 1.40e-05  time = 62.2s
[e229 s0001/1030] loss = 0.276067
[e229 s0050/1030] loss = 0.042250
[e229 s0100/1030] loss = 0.036331
[e229 s0150/1030] loss = 0.029253
[e229 s0200/1030] loss = 0.026749
[e229 s0250/1030] loss = 0.024329
[e229 s0300/1030] loss = 0.024693
[e229 s0350/1030] loss = 0.027822
[e229 s0400/1030] loss = 0.028416
[e229 s0450/1030] loss = 0.028058
[e229 s0500/1030] loss = 0.027890
[e229 s0550/1030] loss = 0.026651
[e229 s0600/1030] loss = 0.026162
[e229 s0650/1030] loss = 0.025913
[e229 s0700/1030] loss = 0.025230
[e229 s0750/1030] loss = 0.026429
[e229 s0800/1030] loss = 0.025713
[e229 s0850/1030] loss = 0.025208
[e229 s0900/1030] loss = 0.024826
[e229 s0950/1030] loss = 0.024236
[e229 s1000/1030] loss = 0.024021
Epoch 229: train_loss = 0.023717  MAE/GAME0 = 51.565  RMSE = 80.082  GAME1 = 52.998  GAME2 = 54.375  GAME3 = 55.625  lr = 1.38e-05  time = 61.5s
[e230 s0001/1030] loss = 0.030903
[e230 s0050/1030] loss = 0.018385
[e230 s0100/1030] loss = 0.021824
[e230 s0150/1030] loss = 0.024031
[e230 s0200/1030] loss = 0.022230
[e230 s0250/1030] loss = 0.021724
[e230 s0300/1030] loss = 0.019914
[e230 s0350/1030] loss = 0.019572
[e230 s0400/1030] loss = 0.019087
[e230 s0450/1030] loss = 0.019772
[e230 s0500/1030] loss = 0.020714
[e230 s0550/1030] loss = 0.020917
[e230 s0600/1030] loss = 0.020708
[e230 s0650/1030] loss = 0.020233
[e230 s0700/1030] loss = 0.020430
[e230 s0750/1030] loss = 0.020779
[e230 s0800/1030] loss = 0.020872
[e230 s0850/1030] loss = 0.020649
[e230 s0900/1030] loss = 0.020375
[e230 s0950/1030] loss = 0.020747
[e230 s1000/1030] loss = 0.021589
Epoch 230: train_loss = 0.021656  MAE/GAME0 = 48.379  RMSE = 77.930  GAME1 = 49.684  GAME2 = 50.986  GAME3 = 52.240  lr = 1.37e-05  time = 62.8s
[e231 s0001/1030] loss = 0.016580
[e231 s0050/1030] loss = 0.024320
[e231 s0100/1030] loss = 0.025225
[e231 s0150/1030] loss = 0.023978
[e231 s0200/1030] loss = 0.021737
[e231 s0250/1030] loss = 0.021524
[e231 s0300/1030] loss = 0.021523
[e231 s0350/1030] loss = 0.023000
[e231 s0400/1030] loss = 0.022502
[e231 s0450/1030] loss = 0.022216
[e231 s0500/1030] loss = 0.023607
[e231 s0550/1030] loss = 0.023473
[e231 s0600/1030] loss = 0.022780
[e231 s0650/1030] loss = 0.023606
[e231 s0700/1030] loss = 0.024022
[e231 s0750/1030] loss = 0.023763
[e231 s0800/1030] loss = 0.023159
[e231 s0850/1030] loss = 0.022519
[e231 s0900/1030] loss = 0.022213
[e231 s0950/1030] loss = 0.023233
[e231 s1000/1030] loss = 0.023180
Epoch 231: train_loss = 0.023322  MAE/GAME0 = 57.942  RMSE = 84.657  GAME1 = 58.750  GAME2 = 59.630  GAME3 = 60.338  lr = 1.36e-05  time = 62.9s
[e232 s0001/1030] loss = 0.005344
[e232 s0050/1030] loss = 0.024189
[e232 s0100/1030] loss = 0.020600
[e232 s0150/1030] loss = 0.019758
[e232 s0200/1030] loss = 0.019175
[e232 s0250/1030] loss = 0.017319
[e232 s0300/1030] loss = 0.017845
[e232 s0350/1030] loss = 0.026820
[e232 s0400/1030] loss = 0.026068
[e232 s0450/1030] loss = 0.024917
[e232 s0500/1030] loss = 0.024660
[e232 s0550/1030] loss = 0.024143
[e232 s0600/1030] loss = 0.024769
[e232 s0650/1030] loss = 0.031768
[e232 s0700/1030] loss = 0.030529
[e232 s0750/1030] loss = 0.030469
[e232 s0800/1030] loss = 0.030063
[e232 s0850/1030] loss = 0.029610
[e232 s0900/1030] loss = 0.029137
[e232 s0950/1030] loss = 0.028835
[e232 s1000/1030] loss = 0.028222
Epoch 232: train_loss = 0.027864  MAE/GAME0 = 58.559  RMSE = 85.128  GAME1 = 59.153  GAME2 = 59.946  GAME3 = 60.478  lr = 1.34e-05  time = 61.5s
[e233 s0001/1030] loss = 0.005397
[e233 s0050/1030] loss = 0.017848
[e233 s0100/1030] loss = 0.034160
[e233 s0150/1030] loss = 0.030515
[e233 s0200/1030] loss = 0.028542
[e233 s0250/1030] loss = 0.027931
[e233 s0300/1030] loss = 0.027336
[e233 s0350/1030] loss = 0.025812
[e233 s0400/1030] loss = 0.025038
[e233 s0450/1030] loss = 0.023587
[e233 s0500/1030] loss = 0.023386
[e233 s0550/1030] loss = 0.023490
[e233 s0600/1030] loss = 0.025344
[e233 s0650/1030] loss = 0.028657
[e233 s0700/1030] loss = 0.028986
[e233 s0750/1030] loss = 0.028465
[e233 s0800/1030] loss = 0.027743
[e233 s0850/1030] loss = 0.026897
[e233 s0900/1030] loss = 0.025949
[e233 s0950/1030] loss = 0.025741
[e233 s1000/1030] loss = 0.025495
Epoch 233: train_loss = 0.025300  MAE/GAME0 = 56.665  RMSE = 82.988  GAME1 = 57.490  GAME2 = 58.534  GAME3 = 59.382  lr = 1.33e-05  time = 62.4s
[e234 s0001/1030] loss = 0.032629
[e234 s0050/1030] loss = 0.017286
[e234 s0100/1030] loss = 0.018849
[e234 s0150/1030] loss = 0.021105
[e234 s0200/1030] loss = 0.020300
[e234 s0250/1030] loss = 0.018813
[e234 s0300/1030] loss = 0.019292
[e234 s0350/1030] loss = 0.018549
[e234 s0400/1030] loss = 0.017785
[e234 s0450/1030] loss = 0.017518
[e234 s0500/1030] loss = 0.017811
[e234 s0550/1030] loss = 0.018625
[e234 s0600/1030] loss = 0.018430
[e234 s0650/1030] loss = 0.019177
[e234 s0700/1030] loss = 0.020867
[e234 s0750/1030] loss = 0.021087
[e234 s0800/1030] loss = 0.020977
[e234 s0850/1030] loss = 0.021560
[e234 s0900/1030] loss = 0.021702
[e234 s0950/1030] loss = 0.021618
[e234 s1000/1030] loss = 0.021685
Epoch 234: train_loss = 0.021475  MAE/GAME0 = 59.430  RMSE = 85.738  GAME1 = 59.987  GAME2 = 60.624  GAME3 = 61.147  lr = 1.32e-05  time = 62.5s
[e235 s0001/1030] loss = 0.066659
[e235 s0050/1030] loss = 0.014562
[e235 s0100/1030] loss = 0.019563
[e235 s0150/1030] loss = 0.020510
[e235 s0200/1030] loss = 0.021109
[e235 s0250/1030] loss = 0.020716
[e235 s0300/1030] loss = 0.020416
[e235 s0350/1030] loss = 0.020284
[e235 s0400/1030] loss = 0.021049
[e235 s0450/1030] loss = 0.032045
[e235 s0500/1030] loss = 0.032098
[e235 s0550/1030] loss = 0.030474
[e235 s0600/1030] loss = 0.029624
[e235 s0650/1030] loss = 0.028266
[e235 s0700/1030] loss = 0.027632
[e235 s0750/1030] loss = 0.026692
[e235 s0800/1030] loss = 0.025936
[e235 s0850/1030] loss = 0.025353
[e235 s0900/1030] loss = 0.025100
[e235 s0950/1030] loss = 0.025430
[e235 s1000/1030] loss = 0.024985
Epoch 235: train_loss = 0.024726  MAE/GAME0 = 50.996  RMSE = 80.063  GAME1 = 52.778  GAME2 = 54.543  GAME3 = 56.085  lr = 1.31e-05  time = 62.3s
[e236 s0001/1030] loss = 0.004221
[e236 s0050/1030] loss = 0.017092
[e236 s0100/1030] loss = 0.021466
[e236 s0150/1030] loss = 0.020234
[e236 s0200/1030] loss = 0.018785
[e236 s0250/1030] loss = 0.018814
[e236 s0300/1030] loss = 0.018905
[e236 s0350/1030] loss = 0.018602
[e236 s0400/1030] loss = 0.018180
[e236 s0450/1030] loss = 0.017669
[e236 s0500/1030] loss = 0.017732
[e236 s0550/1030] loss = 0.017953
[e236 s0600/1030] loss = 0.020202
[e236 s0650/1030] loss = 0.021607
[e236 s0700/1030] loss = 0.020970
[e236 s0750/1030] loss = 0.024795
[e236 s0800/1030] loss = 0.024560
[e236 s0850/1030] loss = 0.024244
[e236 s0900/1030] loss = 0.023652
[e236 s0950/1030] loss = 0.023224
[e236 s1000/1030] loss = 0.023072
Epoch 236: train_loss = 0.023067  MAE/GAME0 = 53.833  RMSE = 81.649  GAME1 = 54.965  GAME2 = 56.126  GAME3 = 57.016  lr = 1.29e-05  time = 62.8s
[e237 s0001/1030] loss = 0.006366
[e237 s0050/1030] loss = 0.045539
[e237 s0100/1030] loss = 0.033536
[e237 s0150/1030] loss = 0.030773
[e237 s0200/1030] loss = 0.027761
[e237 s0250/1030] loss = 0.026886
[e237 s0300/1030] loss = 0.025347
[e237 s0350/1030] loss = 0.025682
[e237 s0400/1030] loss = 0.027655
[e237 s0450/1030] loss = 0.026300
[e237 s0500/1030] loss = 0.025418
[e237 s0550/1030] loss = 0.024260
[e237 s0600/1030] loss = 0.023659
[e237 s0650/1030] loss = 0.022962
[e237 s0700/1030] loss = 0.022815
[e237 s0750/1030] loss = 0.022447
[e237 s0800/1030] loss = 0.021832
[e237 s0850/1030] loss = 0.021737
[e237 s0900/1030] loss = 0.022138
[e237 s0950/1030] loss = 0.021841
[e237 s1000/1030] loss = 0.021818
Epoch 237: train_loss = 0.021723  MAE/GAME0 = 55.889  RMSE = 82.993  GAME1 = 56.383  GAME2 = 57.062  GAME3 = 57.607  lr = 1.28e-05  time = 63.3s
[e238 s0001/1030] loss = 0.026108
[e238 s0050/1030] loss = 0.027814
[e238 s0100/1030] loss = 0.044401
[e238 s0150/1030] loss = 0.036042
[e238 s0200/1030] loss = 0.034002
[e238 s0250/1030] loss = 0.032071
[e238 s0300/1030] loss = 0.029471
[e238 s0350/1030] loss = 0.027405
[e238 s0400/1030] loss = 0.026381
[e238 s0450/1030] loss = 0.025119
[e238 s0500/1030] loss = 0.024119
[e238 s0550/1030] loss = 0.023187
[e238 s0600/1030] loss = 0.022706
[e238 s0650/1030] loss = 0.022437
[e238 s0700/1030] loss = 0.022368
[e238 s0750/1030] loss = 0.021968
[e238 s0800/1030] loss = 0.021750
[e238 s0850/1030] loss = 0.021353
[e238 s0900/1030] loss = 0.024784
[e238 s0950/1030] loss = 0.024347
[e238 s1000/1030] loss = 0.023950
Epoch 238: train_loss = 0.023742  MAE/GAME0 = 57.446  RMSE = 84.007  GAME1 = 58.543  GAME2 = 59.432  GAME3 = 60.171  lr = 1.27e-05  time = 62.2s
[e239 s0001/1030] loss = 0.005933
[e239 s0050/1030] loss = 0.021651
[e239 s0100/1030] loss = 0.022550
[e239 s0150/1030] loss = 0.020055
[e239 s0200/1030] loss = 0.018678
[e239 s0250/1030] loss = 0.018673
[e239 s0300/1030] loss = 0.018282
[e239 s0350/1030] loss = 0.018657
[e239 s0400/1030] loss = 0.018788
[e239 s0450/1030] loss = 0.018919
[e239 s0500/1030] loss = 0.019270
[e239 s0550/1030] loss = 0.019364
[e239 s0600/1030] loss = 0.020901
[e239 s0650/1030] loss = 0.020624
[e239 s0700/1030] loss = 0.023390
[e239 s0750/1030] loss = 0.022870
[e239 s0800/1030] loss = 0.022336
[e239 s0850/1030] loss = 0.021982
[e239 s0900/1030] loss = 0.021710
[e239 s0950/1030] loss = 0.021599
[e239 s1000/1030] loss = 0.021352
Epoch 239: train_loss = 0.021064  MAE/GAME0 = 55.164  RMSE = 82.754  GAME1 = 56.862  GAME2 = 58.390  GAME3 = 59.400  lr = 1.25e-05  time = 62.2s
[e240 s0001/1030] loss = 0.006134
[e240 s0050/1030] loss = 0.018274
[e240 s0100/1030] loss = 0.015804
[e240 s0150/1030] loss = 0.015999
[e240 s0200/1030] loss = 0.016901
[e240 s0250/1030] loss = 0.016972
[e240 s0300/1030] loss = 0.017879
[e240 s0350/1030] loss = 0.019503
[e240 s0400/1030] loss = 0.019558
[e240 s0450/1030] loss = 0.019730
[e240 s0500/1030] loss = 0.019170
[e240 s0550/1030] loss = 0.018847
[e240 s0600/1030] loss = 0.020921
[e240 s0650/1030] loss = 0.020803
[e240 s0700/1030] loss = 0.020232
[e240 s0750/1030] loss = 0.019759
[e240 s0800/1030] loss = 0.019612
[e240 s0850/1030] loss = 0.019672
[e240 s0900/1030] loss = 0.020426
[e240 s0950/1030] loss = 0.022240
[e240 s1000/1030] loss = 0.022417
Epoch 240: train_loss = 0.022304  MAE/GAME0 = 54.817  RMSE = 82.316  GAME1 = 55.627  GAME2 = 56.475  GAME3 = 57.043  lr = 1.24e-05  time = 60.0s
[e241 s0001/1030] loss = 0.036164
[e241 s0050/1030] loss = 0.021893
[e241 s0100/1030] loss = 0.018110
[e241 s0150/1030] loss = 0.016424
[e241 s0200/1030] loss = 0.017322
[e241 s0250/1030] loss = 0.019015
[e241 s0300/1030] loss = 0.018833
[e241 s0350/1030] loss = 0.020391
[e241 s0400/1030] loss = 0.021594
[e241 s0450/1030] loss = 0.023679
[e241 s0500/1030] loss = 0.022790
[e241 s0550/1030] loss = 0.022087
[e241 s0600/1030] loss = 0.021777
[e241 s0650/1030] loss = 0.021419
[e241 s0700/1030] loss = 0.020949
[e241 s0750/1030] loss = 0.020675
[e241 s0800/1030] loss = 0.020698
[e241 s0850/1030] loss = 0.020679
[e241 s0900/1030] loss = 0.020406
[e241 s0950/1030] loss = 0.020147
[e241 s1000/1030] loss = 0.019879
Epoch 241: train_loss = 0.020295  MAE/GAME0 = 54.350  RMSE = 81.355  GAME1 = 55.747  GAME2 = 57.060  GAME3 = 58.250  lr = 1.23e-05  time = 58.9s
[e242 s0001/1030] loss = 0.012366
[e242 s0050/1030] loss = 0.028200
[e242 s0100/1030] loss = 0.023003
[e242 s0150/1030] loss = 0.022805
[e242 s0200/1030] loss = 0.021537
[e242 s0250/1030] loss = 0.019445
[e242 s0300/1030] loss = 0.018869
[e242 s0350/1030] loss = 0.020791
[e242 s0400/1030] loss = 0.019803
[e242 s0450/1030] loss = 0.024110
[e242 s0500/1030] loss = 0.023573
[e242 s0550/1030] loss = 0.022372
[e242 s0600/1030] loss = 0.021675
[e242 s0650/1030] loss = 0.022208
[e242 s0700/1030] loss = 0.023254
[e242 s0750/1030] loss = 0.022973
[e242 s0800/1030] loss = 0.022132
[e242 s0850/1030] loss = 0.021950
[e242 s0900/1030] loss = 0.022187
[e242 s0950/1030] loss = 0.021494
[e242 s1000/1030] loss = 0.021750
Epoch 242: train_loss = 0.021785  MAE/GAME0 = 56.455  RMSE = 83.407  GAME1 = 57.282  GAME2 = 58.186  GAME3 = 58.908  lr = 1.22e-05  time = 58.7s
[e243 s0001/1030] loss = 0.005836
[e243 s0050/1030] loss = 0.029803
[e243 s0100/1030] loss = 0.022862
[e243 s0150/1030] loss = 0.021378
[e243 s0200/1030] loss = 0.024468
[e243 s0250/1030] loss = 0.023585
[e243 s0300/1030] loss = 0.021947
[e243 s0350/1030] loss = 0.020871
[e243 s0400/1030] loss = 0.020009
[e243 s0450/1030] loss = 0.018915
[e243 s0500/1030] loss = 0.019292
[e243 s0550/1030] loss = 0.018788
[e243 s0600/1030] loss = 0.019881
[e243 s0650/1030] loss = 0.019388
[e243 s0700/1030] loss = 0.020052
[e243 s0750/1030] loss = 0.020109
[e243 s0800/1030] loss = 0.020210
[e243 s0850/1030] loss = 0.019941
[e243 s0900/1030] loss = 0.019693
[e243 s0950/1030] loss = 0.019286
[e243 s1000/1030] loss = 0.019274
Epoch 243: train_loss = 0.019456  MAE/GAME0 = 53.015  RMSE = 81.244  GAME1 = 53.920  GAME2 = 54.865  GAME3 = 55.739  lr = 1.20e-05  time = 58.8s
[e244 s0001/1030] loss = 0.003542
[e244 s0050/1030] loss = 0.018873
[e244 s0100/1030] loss = 0.026698
[e244 s0150/1030] loss = 0.023020
[e244 s0200/1030] loss = 0.025969
[e244 s0250/1030] loss = 0.023812
[e244 s0300/1030] loss = 0.022645
[e244 s0350/1030] loss = 0.021830
[e244 s0400/1030] loss = 0.020766
[e244 s0450/1030] loss = 0.020964
[e244 s0500/1030] loss = 0.020179
[e244 s0550/1030] loss = 0.022815
[e244 s0600/1030] loss = 0.021667
[e244 s0650/1030] loss = 0.021250
[e244 s0700/1030] loss = 0.020942
[e244 s0750/1030] loss = 0.020711
[e244 s0800/1030] loss = 0.020216
[e244 s0850/1030] loss = 0.019807
[e244 s0900/1030] loss = 0.025685
[e244 s0950/1030] loss = 0.024943
[e244 s1000/1030] loss = 0.024663
Epoch 244: train_loss = 0.024187  MAE/GAME0 = 57.683  RMSE = 84.468  GAME1 = 58.619  GAME2 = 59.495  GAME3 = 60.162  lr = 1.19e-05  time = 59.4s
[e245 s0001/1030] loss = 0.000687
[e245 s0050/1030] loss = 0.034317
[e245 s0100/1030] loss = 0.026061
[e245 s0150/1030] loss = 0.023402
[e245 s0200/1030] loss = 0.022701
[e245 s0250/1030] loss = 0.023332
[e245 s0300/1030] loss = 0.021484
[e245 s0350/1030] loss = 0.021983
[e245 s0400/1030] loss = 0.020913
[e245 s0450/1030] loss = 0.019845
[e245 s0500/1030] loss = 0.019032
[e245 s0550/1030] loss = 0.019726
[e245 s0600/1030] loss = 0.023408
[e245 s0650/1030] loss = 0.022976
[e245 s0700/1030] loss = 0.022682
[e245 s0750/1030] loss = 0.022127
[e245 s0800/1030] loss = 0.022068
[e245 s0850/1030] loss = 0.021848
[e245 s0900/1030] loss = 0.021497
[e245 s0950/1030] loss = 0.021034
[e245 s1000/1030] loss = 0.020915
Epoch 245: train_loss = 0.020657  MAE/GAME0 = 49.863  RMSE = 79.048  GAME1 = 51.647  GAME2 = 53.233  GAME3 = 54.653  lr = 1.18e-05  time = 58.6s
[e246 s0001/1030] loss = 0.002676
[e246 s0050/1030] loss = 0.015467
[e246 s0100/1030] loss = 0.016813
[e246 s0150/1030] loss = 0.019555
[e246 s0200/1030] loss = 0.017193
[e246 s0250/1030] loss = 0.017101
[e246 s0300/1030] loss = 0.017391
[e246 s0350/1030] loss = 0.017840
[e246 s0400/1030] loss = 0.017438
[e246 s0450/1030] loss = 0.017411
[e246 s0500/1030] loss = 0.017251
[e246 s0550/1030] loss = 0.016916
[e246 s0600/1030] loss = 0.017143
[e246 s0650/1030] loss = 0.017313
[e246 s0700/1030] loss = 0.018110
[e246 s0750/1030] loss = 0.018002
[e246 s0800/1030] loss = 0.017754
[e246 s0850/1030] loss = 0.018021
[e246 s0900/1030] loss = 0.017985
[e246 s0950/1030] loss = 0.018021
[e246 s1000/1030] loss = 0.018221
Epoch 246: train_loss = 0.018047  MAE/GAME0 = 59.798  RMSE = 86.089  GAME1 = 60.459  GAME2 = 61.023  GAME3 = 61.364  lr = 1.16e-05  time = 58.5s
[e247 s0001/1030] loss = 0.001713
[e247 s0050/1030] loss = 0.018009
[e247 s0100/1030] loss = 0.039339
[e247 s0150/1030] loss = 0.031541
[e247 s0200/1030] loss = 0.027615
[e247 s0250/1030] loss = 0.025669
[e247 s0300/1030] loss = 0.024214
[e247 s0350/1030] loss = 0.022420
[e247 s0400/1030] loss = 0.021119
[e247 s0450/1030] loss = 0.020314
[e247 s0500/1030] loss = 0.019542
[e247 s0550/1030] loss = 0.019915
[e247 s0600/1030] loss = 0.019842
[e247 s0650/1030] loss = 0.020112
[e247 s0700/1030] loss = 0.020128
[e247 s0750/1030] loss = 0.021224
[e247 s0800/1030] loss = 0.022049
[e247 s0850/1030] loss = 0.021279
[e247 s0900/1030] loss = 0.021232
[e247 s0950/1030] loss = 0.020881
[e247 s1000/1030] loss = 0.020736
Epoch 247: train_loss = 0.020601  MAE/GAME0 = 56.430  RMSE = 83.572  GAME1 = 57.191  GAME2 = 57.898  GAME3 = 58.441  lr = 1.15e-05  time = 59.2s
[e248 s0001/1030] loss = 0.005537
[e248 s0050/1030] loss = 0.021522
[e248 s0100/1030] loss = 0.022981
[e248 s0150/1030] loss = 0.022404
[e248 s0200/1030] loss = 0.020420
[e248 s0250/1030] loss = 0.019636
[e248 s0300/1030] loss = 0.018449
[e248 s0350/1030] loss = 0.018547
[e248 s0400/1030] loss = 0.017925
[e248 s0450/1030] loss = 0.017332
[e248 s0500/1030] loss = 0.019201
[e248 s0550/1030] loss = 0.018721
[e248 s0600/1030] loss = 0.018146
[e248 s0650/1030] loss = 0.017639
[e248 s0700/1030] loss = 0.017859
[e248 s0750/1030] loss = 0.017746
[e248 s0800/1030] loss = 0.017337
[e248 s0850/1030] loss = 0.017567
[e248 s0900/1030] loss = 0.017289
[e248 s0950/1030] loss = 0.017363
[e248 s1000/1030] loss = 0.016988
Epoch 248: train_loss = 0.016945  MAE/GAME0 = 52.488  RMSE = 81.124  GAME1 = 55.021  GAME2 = 56.705  GAME3 = 58.102  lr = 1.14e-05  time = 59.0s
[e249 s0001/1030] loss = 0.003892
[e249 s0050/1030] loss = 0.017309
[e249 s0100/1030] loss = 0.027475
[e249 s0150/1030] loss = 0.025616
[e249 s0200/1030] loss = 0.021913
[e249 s0250/1030] loss = 0.020345
[e249 s0300/1030] loss = 0.020116
[e249 s0350/1030] loss = 0.019805
[e249 s0400/1030] loss = 0.019549
[e249 s0450/1030] loss = 0.018653
[e249 s0500/1030] loss = 0.017774
[e249 s0550/1030] loss = 0.017676
[e249 s0600/1030] loss = 0.017305
[e249 s0650/1030] loss = 0.017103
[e249 s0700/1030] loss = 0.016692
[e249 s0750/1030] loss = 0.019909
[e249 s0800/1030] loss = 0.020567
[e249 s0850/1030] loss = 0.020163
[e249 s0900/1030] loss = 0.019898
[e249 s0950/1030] loss = 0.019858
[e249 s1000/1030] loss = 0.019582
Epoch 249: train_loss = 0.019275  MAE/GAME0 = 42.624  RMSE = 74.334  GAME1 = 46.820  GAME2 = 50.000  GAME3 = 53.033  lr = 1.13e-05  time = 57.9s
[e250 s0001/1030] loss = 0.006230
[e250 s0050/1030] loss = 0.012556
[e250 s0100/1030] loss = 0.012788
[e250 s0150/1030] loss = 0.012946
[e250 s0200/1030] loss = 0.013222
[e250 s0250/1030] loss = 0.014351
[e250 s0300/1030] loss = 0.019373
[e250 s0350/1030] loss = 0.018613
[e250 s0400/1030] loss = 0.019289
[e250 s0450/1030] loss = 0.019466
[e250 s0500/1030] loss = 0.019254
[e250 s0550/1030] loss = 0.020041
[e250 s0600/1030] loss = 0.019432
[e250 s0650/1030] loss = 0.018784
[e250 s0700/1030] loss = 0.018300
[e250 s0750/1030] loss = 0.018089
[e250 s0800/1030] loss = 0.017879
[e250 s0850/1030] loss = 0.021501
[e250 s0900/1030] loss = 0.021194
[e250 s0950/1030] loss = 0.020834
[e250 s1000/1030] loss = 0.020723
Epoch 250: train_loss = 0.020755  MAE/GAME0 = 46.792  RMSE = 77.040  GAME1 = 49.734  GAME2 = 52.156  GAME3 = 54.248  lr = 1.11e-05  time = 59.1s
[e251 s0001/1030] loss = 0.007109
[e251 s0050/1030] loss = 0.018107
[e251 s0100/1030] loss = 0.016280
[e251 s0150/1030] loss = 0.024197
[e251 s0200/1030] loss = 0.022285
[e251 s0250/1030] loss = 0.020798
[e251 s0300/1030] loss = 0.020453
[e251 s0350/1030] loss = 0.019955
[e251 s0400/1030] loss = 0.019347
[e251 s0450/1030] loss = 0.018823
[e251 s0500/1030] loss = 0.018584
[e251 s0550/1030] loss = 0.020057
[e251 s0600/1030] loss = 0.019358
[e251 s0650/1030] loss = 0.018861
[e251 s0700/1030] loss = 0.018641
[e251 s0750/1030] loss = 0.018185
[e251 s0800/1030] loss = 0.017957
[e251 s0850/1030] loss = 0.017570
[e251 s0900/1030] loss = 0.017555
[e251 s0950/1030] loss = 0.018978
[e251 s1000/1030] loss = 0.018584
Epoch 251: train_loss = 0.018355  MAE/GAME0 = 58.404  RMSE = 84.739  GAME1 = 59.037  GAME2 = 59.743  GAME3 = 60.233  lr = 1.10e-05  time = 59.0s
[e252 s0001/1030] loss = 0.005848
[e252 s0050/1030] loss = 0.023388
[e252 s0100/1030] loss = 0.021115
[e252 s0150/1030] loss = 0.019506
[e252 s0200/1030] loss = 0.018112
[e252 s0250/1030] loss = 0.016941
[e252 s0300/1030] loss = 0.016721
[e252 s0350/1030] loss = 0.016989
[e252 s0400/1030] loss = 0.016374
[e252 s0450/1030] loss = 0.016464
[e252 s0500/1030] loss = 0.016198
[e252 s0550/1030] loss = 0.016676
[e252 s0600/1030] loss = 0.019176
[e252 s0650/1030] loss = 0.018978
[e252 s0700/1030] loss = 0.018554
[e252 s0750/1030] loss = 0.020059
[e252 s0800/1030] loss = 0.021866
[e252 s0850/1030] loss = 0.021404
[e252 s0900/1030] loss = 0.021118
[e252 s0950/1030] loss = 0.021264
[e252 s1000/1030] loss = 0.020648
Epoch 252: train_loss = 0.020435  MAE/GAME0 = 56.380  RMSE = 83.789  GAME1 = 57.599  GAME2 = 58.599  GAME3 = 59.369  lr = 1.09e-05  time = 59.2s
[e253 s0001/1030] loss = 0.012548
[e253 s0050/1030] loss = 0.014112
[e253 s0100/1030] loss = 0.015281
[e253 s0150/1030] loss = 0.016307
[e253 s0200/1030] loss = 0.015792
[e253 s0250/1030] loss = 0.014766
[e253 s0300/1030] loss = 0.016981
[e253 s0350/1030] loss = 0.018591
[e253 s0400/1030] loss = 0.017909
[e253 s0450/1030] loss = 0.017380
[e253 s0500/1030] loss = 0.016634
[e253 s0550/1030] loss = 0.016742
[e253 s0600/1030] loss = 0.016354
[e253 s0650/1030] loss = 0.016521
[e253 s0700/1030] loss = 0.016833
[e253 s0750/1030] loss = 0.017700
[e253 s0800/1030] loss = 0.017438
[e253 s0850/1030] loss = 0.017153
[e253 s0900/1030] loss = 0.016848
[e253 s0950/1030] loss = 0.016631
[e253 s1000/1030] loss = 0.016419
Epoch 253: train_loss = 0.016374  MAE/GAME0 = 48.965  RMSE = 77.978  GAME1 = 50.568  GAME2 = 52.133  GAME3 = 53.536  lr = 1.08e-05  time = 58.2s
[e254 s0001/1030] loss = 0.019502
[e254 s0050/1030] loss = 0.012043
[e254 s0100/1030] loss = 0.014776
[e254 s0150/1030] loss = 0.018440
[e254 s0200/1030] loss = 0.021622
[e254 s0250/1030] loss = 0.024048
[e254 s0300/1030] loss = 0.022169
[e254 s0350/1030] loss = 0.020687
[e254 s0400/1030] loss = 0.024253
[e254 s0450/1030] loss = 0.022933
[e254 s0500/1030] loss = 0.022654
[e254 s0550/1030] loss = 0.022001
[e254 s0600/1030] loss = 0.021819
[e254 s0650/1030] loss = 0.020980
[e254 s0700/1030] loss = 0.020567
[e254 s0750/1030] loss = 0.020060
[e254 s0800/1030] loss = 0.019440
[e254 s0850/1030] loss = 0.019217
[e254 s0900/1030] loss = 0.019120
[e254 s0950/1030] loss = 0.019157
[e254 s1000/1030] loss = 0.018978
Epoch 254: train_loss = 0.018795  MAE/GAME0 = 55.292  RMSE = 82.986  GAME1 = 56.605  GAME2 = 57.699  GAME3 = 58.570  lr = 1.06e-05  time = 58.4s
[e255 s0001/1030] loss = 0.005227
[e255 s0050/1030] loss = 0.023637
[e255 s0100/1030] loss = 0.019320
[e255 s0150/1030] loss = 0.016661
[e255 s0200/1030] loss = 0.017103
[e255 s0250/1030] loss = 0.015864
[e255 s0300/1030] loss = 0.015392
[e255 s0350/1030] loss = 0.014717
[e255 s0400/1030] loss = 0.017666
[e255 s0450/1030] loss = 0.017245
[e255 s0500/1030] loss = 0.016950
[e255 s0550/1030] loss = 0.017093
[e255 s0600/1030] loss = 0.017087
[e255 s0650/1030] loss = 0.016774
[e255 s0700/1030] loss = 0.016667
[e255 s0750/1030] loss = 0.017336
[e255 s0800/1030] loss = 0.017264
[e255 s0850/1030] loss = 0.017038
[e255 s0900/1030] loss = 0.019466
[e255 s0950/1030] loss = 0.019181
[e255 s1000/1030] loss = 0.019020
Epoch 255: train_loss = 0.018821  MAE/GAME0 = 53.399  RMSE = 80.819  GAME1 = 54.123  GAME2 = 55.160  GAME3 = 55.916  lr = 1.05e-05  time = 58.9s
[e256 s0001/1030] loss = 0.037577
[e256 s0050/1030] loss = 0.020808
[e256 s0100/1030] loss = 0.019800
[e256 s0150/1030] loss = 0.017950
[e256 s0200/1030] loss = 0.017467
[e256 s0250/1030] loss = 0.015898
[e256 s0300/1030] loss = 0.017983
[e256 s0350/1030] loss = 0.017791
[e256 s0400/1030] loss = 0.018851
[e256 s0450/1030] loss = 0.018791
[e256 s0500/1030] loss = 0.018719
[e256 s0550/1030] loss = 0.018049
[e256 s0600/1030] loss = 0.017464
[e256 s0650/1030] loss = 0.016992
[e256 s0700/1030] loss = 0.016679
[e256 s0750/1030] loss = 0.016536
[e256 s0800/1030] loss = 0.018247
[e256 s0850/1030] loss = 0.017924
[e256 s0900/1030] loss = 0.017854
[e256 s0950/1030] loss = 0.017794
[e256 s1000/1030] loss = 0.017548
Epoch 256: train_loss = 0.017505  MAE/GAME0 = 50.768  RMSE = 79.440  GAME1 = 53.070  GAME2 = 55.352  GAME3 = 57.020  lr = 1.04e-05  time = 58.9s
[e257 s0001/1030] loss = 0.008905
[e257 s0050/1030] loss = 0.017008
[e257 s0100/1030] loss = 0.015271
[e257 s0150/1030] loss = 0.016142
[e257 s0200/1030] loss = 0.015218
[e257 s0250/1030] loss = 0.015567
[e257 s0300/1030] loss = 0.014970
[e257 s0350/1030] loss = 0.017871
[e257 s0400/1030] loss = 0.017072
[e257 s0450/1030] loss = 0.016230
[e257 s0500/1030] loss = 0.015939
[e257 s0550/1030] loss = 0.015884
[e257 s0600/1030] loss = 0.016434
[e257 s0650/1030] loss = 0.016212
[e257 s0700/1030] loss = 0.016147
[e257 s0750/1030] loss = 0.015930
[e257 s0800/1030] loss = 0.015721
[e257 s0850/1030] loss = 0.015886
[e257 s0900/1030] loss = 0.015528
[e257 s0950/1030] loss = 0.015928
[e257 s1000/1030] loss = 0.015745
Epoch 257: train_loss = 0.015694  MAE/GAME0 = 54.702  RMSE = 82.251  GAME1 = 55.475  GAME2 = 56.318  GAME3 = 57.122  lr = 1.03e-05  time = 59.3s
[e258 s0001/1030] loss = 0.002359
[e258 s0050/1030] loss = 0.023545
[e258 s0100/1030] loss = 0.019940
[e258 s0150/1030] loss = 0.016677
[e258 s0200/1030] loss = 0.016597
[e258 s0250/1030] loss = 0.015658
[e258 s0300/1030] loss = 0.015811
[e258 s0350/1030] loss = 0.015772
[e258 s0400/1030] loss = 0.015102
[e258 s0450/1030] loss = 0.014863
[e258 s0500/1030] loss = 0.014482
[e258 s0550/1030] loss = 0.014379
[e258 s0600/1030] loss = 0.014595
[e258 s0650/1030] loss = 0.014376
[e258 s0700/1030] loss = 0.016248
[e258 s0750/1030] loss = 0.016099
[e258 s0800/1030] loss = 0.017606
[e258 s0850/1030] loss = 0.017262
[e258 s0900/1030] loss = 0.018004
[e258 s0950/1030] loss = 0.017674
[e258 s1000/1030] loss = 0.018220
Epoch 258: train_loss = 0.018195  MAE/GAME0 = 49.000  RMSE = 77.806  GAME1 = 50.911  GAME2 = 52.732  GAME3 = 54.311  lr = 1.01e-05  time = 58.7s
[e259 s0001/1030] loss = 0.005246
[e259 s0050/1030] loss = 0.018399
[e259 s0100/1030] loss = 0.015049
[e259 s0150/1030] loss = 0.013846
[e259 s0200/1030] loss = 0.014327
[e259 s0250/1030] loss = 0.016643
[e259 s0300/1030] loss = 0.015912
[e259 s0350/1030] loss = 0.016291
[e259 s0400/1030] loss = 0.016661
[e259 s0450/1030] loss = 0.016521
[e259 s0500/1030] loss = 0.015958
[e259 s0550/1030] loss = 0.016503
[e259 s0600/1030] loss = 0.016220
[e259 s0650/1030] loss = 0.015855
[e259 s0700/1030] loss = 0.015544
[e259 s0750/1030] loss = 0.015641
[e259 s0800/1030] loss = 0.015295
[e259 s0850/1030] loss = 0.015486
[e259 s0900/1030] loss = 0.015885
[e259 s0950/1030] loss = 0.015635
[e259 s1000/1030] loss = 0.015410
Epoch 259: train_loss = 0.015725  MAE/GAME0 = 54.078  RMSE = 81.362  GAME1 = 55.687  GAME2 = 57.439  GAME3 = 58.796  lr = 1.00e-05  time = 59.9s
[e260 s0001/1030] loss = 0.001581
[e260 s0050/1030] loss = 0.018730
[e260 s0100/1030] loss = 0.017152
[e260 s0150/1030] loss = 0.016744
[e260 s0200/1030] loss = 0.018231
[e260 s0250/1030] loss = 0.016873
[e260 s0300/1030] loss = 0.018914
[e260 s0350/1030] loss = 0.017742
[e260 s0400/1030] loss = 0.017423
[e260 s0450/1030] loss = 0.018925
[e260 s0500/1030] loss = 0.018106
[e260 s0550/1030] loss = 0.017545
[e260 s0600/1030] loss = 0.018754
[e260 s0650/1030] loss = 0.018468
[e260 s0700/1030] loss = 0.017835
[e260 s0750/1030] loss = 0.017273
[e260 s0800/1030] loss = 0.017277
[e260 s0850/1030] loss = 0.017258
[e260 s0900/1030] loss = 0.017065
[e260 s0950/1030] loss = 0.016942
[e260 s1000/1030] loss = 0.016750
Epoch 260: train_loss = 0.017549  MAE/GAME0 = 56.353  RMSE = 82.866  GAME1 = 57.344  GAME2 = 58.354  GAME3 = 59.153  lr = 9.89e-06  time = 61.0s
[e261 s0001/1030] loss = 0.028427
[e261 s0050/1030] loss = 0.015511
[e261 s0100/1030] loss = 0.019257
[e261 s0150/1030] loss = 0.016412
[e261 s0200/1030] loss = 0.023629
[e261 s0250/1030] loss = 0.022104
[e261 s0300/1030] loss = 0.019950
[e261 s0350/1030] loss = 0.019850
[e261 s0400/1030] loss = 0.019549
[e261 s0450/1030] loss = 0.018725
[e261 s0500/1030] loss = 0.018054
[e261 s0550/1030] loss = 0.017590
[e261 s0600/1030] loss = 0.017143
[e261 s0650/1030] loss = 0.017397
[e261 s0700/1030] loss = 0.017296
[e261 s0750/1030] loss = 0.017089
[e261 s0800/1030] loss = 0.016700
[e261 s0850/1030] loss = 0.016256
[e261 s0900/1030] loss = 0.016603
[e261 s0950/1030] loss = 0.016287
[e261 s1000/1030] loss = 0.016265
Epoch 261: train_loss = 0.016076  MAE/GAME0 = 57.319  RMSE = 83.782  GAME1 = 58.530  GAME2 = 59.752  GAME3 = 60.631  lr = 9.77e-06  time = 60.7s
[e262 s0001/1030] loss = 0.014001
[e262 s0050/1030] loss = 0.013674
[e262 s0100/1030] loss = 0.012534
[e262 s0150/1030] loss = 0.011468
[e262 s0200/1030] loss = 0.014414
[e262 s0250/1030] loss = 0.016261
[e262 s0300/1030] loss = 0.016091
[e262 s0350/1030] loss = 0.015724
[e262 s0400/1030] loss = 0.017529
[e262 s0450/1030] loss = 0.018511
[e262 s0500/1030] loss = 0.017692
[e262 s0550/1030] loss = 0.017430
[e262 s0600/1030] loss = 0.016845
[e262 s0650/1030] loss = 0.017859
[e262 s0700/1030] loss = 0.017591
[e262 s0750/1030] loss = 0.017691
[e262 s0800/1030] loss = 0.017754
[e262 s0850/1030] loss = 0.017525
[e262 s0900/1030] loss = 0.017167
[e262 s0950/1030] loss = 0.016740
[e262 s1000/1030] loss = 0.016292
Epoch 262: train_loss = 0.016194  MAE/GAME0 = 54.272  RMSE = 82.197  GAME1 = 55.683  GAME2 = 56.908  GAME3 = 57.936  lr = 9.64e-06  time = 59.3s
[e263 s0001/1030] loss = 0.007752
[e263 s0050/1030] loss = 0.014582
[e263 s0100/1030] loss = 0.015979
[e263 s0150/1030] loss = 0.013967
[e263 s0200/1030] loss = 0.012985
[e263 s0250/1030] loss = 0.013270
[e263 s0300/1030] loss = 0.013046
[e263 s0350/1030] loss = 0.013840
[e263 s0400/1030] loss = 0.014520
[e263 s0450/1030] loss = 0.014076
[e263 s0500/1030] loss = 0.013524
[e263 s0550/1030] loss = 0.014679
[e263 s0600/1030] loss = 0.015485
[e263 s0650/1030] loss = 0.015462
[e263 s0700/1030] loss = 0.015370
[e263 s0750/1030] loss = 0.015506
[e263 s0800/1030] loss = 0.015150
[e263 s0850/1030] loss = 0.015262
[e263 s0900/1030] loss = 0.015055
[e263 s0950/1030] loss = 0.014943
[e263 s1000/1030] loss = 0.014862
Epoch 263: train_loss = 0.014940  MAE/GAME0 = 56.783  RMSE = 83.358  GAME1 = 57.406  GAME2 = 58.240  GAME3 = 58.934  lr = 9.52e-06  time = 58.0s
[e264 s0001/1030] loss = 0.014264
[e264 s0050/1030] loss = 0.027104
[e264 s0100/1030] loss = 0.019236
[e264 s0150/1030] loss = 0.018413
[e264 s0200/1030] loss = 0.017205
[e264 s0250/1030] loss = 0.016026
[e264 s0300/1030] loss = 0.015230
[e264 s0350/1030] loss = 0.016806
[e264 s0400/1030] loss = 0.016122
[e264 s0450/1030] loss = 0.016061
[e264 s0500/1030] loss = 0.016127
[e264 s0550/1030] loss = 0.016755
[e264 s0600/1030] loss = 0.016516
[e264 s0650/1030] loss = 0.015955
[e264 s0700/1030] loss = 0.016023
[e264 s0750/1030] loss = 0.016333
[e264 s0800/1030] loss = 0.016000
[e264 s0850/1030] loss = 0.015534
[e264 s0900/1030] loss = 0.015400
[e264 s0950/1030] loss = 0.015333
[e264 s1000/1030] loss = 0.015388
Epoch 264: train_loss = 0.015281  MAE/GAME0 = 53.916  RMSE = 81.433  GAME1 = 55.071  GAME2 = 56.573  GAME3 = 57.630  lr = 9.40e-06  time = 59.2s
[e265 s0001/1030] loss = 0.023302
[e265 s0050/1030] loss = 0.017474
[e265 s0100/1030] loss = 0.012846
[e265 s0150/1030] loss = 0.013453
[e265 s0200/1030] loss = 0.014485
[e265 s0250/1030] loss = 0.014784
[e265 s0300/1030] loss = 0.014055
[e265 s0350/1030] loss = 0.013038
[e265 s0400/1030] loss = 0.013416
[e265 s0450/1030] loss = 0.013559
[e265 s0500/1030] loss = 0.013958
[e265 s0550/1030] loss = 0.014500
[e265 s0600/1030] loss = 0.014097
[e265 s0650/1030] loss = 0.021140
[e265 s0700/1030] loss = 0.020243
[e265 s0750/1030] loss = 0.019930
[e265 s0800/1030] loss = 0.019297
[e265 s0850/1030] loss = 0.019044
[e265 s0900/1030] loss = 0.018474
[e265 s0950/1030] loss = 0.018865
[e265 s1000/1030] loss = 0.018664
Epoch 265: train_loss = 0.018385  MAE/GAME0 = 52.617  RMSE = 81.374  GAME1 = 56.534  GAME2 = 59.394  GAME3 = 61.514  lr = 9.28e-06  time = 59.0s
[e266 s0001/1030] loss = 0.000810
[e266 s0050/1030] loss = 0.010233
[e266 s0100/1030] loss = 0.011434
[e266 s0150/1030] loss = 0.011926
[e266 s0200/1030] loss = 0.011843
[e266 s0250/1030] loss = 0.012302
[e266 s0300/1030] loss = 0.012664
[e266 s0350/1030] loss = 0.012128
[e266 s0400/1030] loss = 0.012262
[e266 s0450/1030] loss = 0.012257
[e266 s0500/1030] loss = 0.012374
[e266 s0550/1030] loss = 0.012079
[e266 s0600/1030] loss = 0.012261
[e266 s0650/1030] loss = 0.012386
[e266 s0700/1030] loss = 0.012632
[e266 s0750/1030] loss = 0.013561
[e266 s0800/1030] loss = 0.013403
[e266 s0850/1030] loss = 0.013576
[e266 s0900/1030] loss = 0.013475
[e266 s0950/1030] loss = 0.013903
[e266 s1000/1030] loss = 0.013905
Epoch 266: train_loss = 0.013679  MAE/GAME0 = 51.866  RMSE = 80.565  GAME1 = 54.466  GAME2 = 56.658  GAME3 = 58.403  lr = 9.16e-06  time = 58.0s
[e267 s0001/1030] loss = 0.122879
[e267 s0050/1030] loss = 0.015214
[e267 s0100/1030] loss = 0.023122
[e267 s0150/1030] loss = 0.020087
[e267 s0200/1030] loss = 0.017784
[e267 s0250/1030] loss = 0.017242
[e267 s0300/1030] loss = 0.016580
[e267 s0350/1030] loss = 0.015678
[e267 s0400/1030] loss = 0.014956
[e267 s0450/1030] loss = 0.014627
[e267 s0500/1030] loss = 0.014711
[e267 s0550/1030] loss = 0.014192
[e267 s0600/1030] loss = 0.013890
[e267 s0650/1030] loss = 0.013586
[e267 s0700/1030] loss = 0.015006
[e267 s0750/1030] loss = 0.015393
[e267 s0800/1030] loss = 0.015166
[e267 s0850/1030] loss = 0.015114
[e267 s0900/1030] loss = 0.015004
[e267 s0950/1030] loss = 0.014621
[e267 s1000/1030] loss = 0.014319
Epoch 267: train_loss = 0.014188  MAE/GAME0 = 52.954  RMSE = 81.294  GAME1 = 54.407  GAME2 = 55.884  GAME3 = 57.146  lr = 9.04e-06  time = 63.2s
[e268 s0001/1030] loss = 0.004907
[e268 s0050/1030] loss = 0.011146
[e268 s0100/1030] loss = 0.017145
[e268 s0150/1030] loss = 0.016220
[e268 s0200/1030] loss = 0.015639
[e268 s0250/1030] loss = 0.014756
[e268 s0300/1030] loss = 0.014259
[e268 s0350/1030] loss = 0.016444
[e268 s0400/1030] loss = 0.015578
[e268 s0450/1030] loss = 0.015055
[e268 s0500/1030] loss = 0.014309
[e268 s0550/1030] loss = 0.014858
[e268 s0600/1030] loss = 0.015468
[e268 s0650/1030] loss = 0.015067
[e268 s0700/1030] loss = 0.014711
[e268 s0750/1030] loss = 0.014402
[e268 s0800/1030] loss = 0.014697
[e268 s0850/1030] loss = 0.015215
[e268 s0900/1030] loss = 0.015155
[e268 s0950/1030] loss = 0.015139
[e268 s1000/1030] loss = 0.014863
Epoch 268: train_loss = 0.014893  MAE/GAME0 = 51.117  RMSE = 80.073  GAME1 = 53.354  GAME2 = 55.341  GAME3 = 57.055  lr = 8.92e-06  time = 62.3s
[e269 s0001/1030] loss = 0.002896
[e269 s0050/1030] loss = 0.010884
[e269 s0100/1030] loss = 0.011734
[e269 s0150/1030] loss = 0.012565
[e269 s0200/1030] loss = 0.013341
[e269 s0250/1030] loss = 0.013619
[e269 s0300/1030] loss = 0.014393
[e269 s0350/1030] loss = 0.014755
[e269 s0400/1030] loss = 0.013754
[e269 s0450/1030] loss = 0.013163
[e269 s0500/1030] loss = 0.014032
[e269 s0550/1030] loss = 0.014262
[e269 s0600/1030] loss = 0.013883
[e269 s0650/1030] loss = 0.015472
[e269 s0700/1030] loss = 0.015271
[e269 s0750/1030] loss = 0.015348
[e269 s0800/1030] loss = 0.014944
[e269 s0850/1030] loss = 0.014570
[e269 s0900/1030] loss = 0.014343
[e269 s0950/1030] loss = 0.014083
[e269 s1000/1030] loss = 0.013980
Epoch 269: train_loss = 0.013964  MAE/GAME0 = 53.573  RMSE = 81.467  GAME1 = 55.213  GAME2 = 57.035  GAME3 = 58.416  lr = 8.80e-06  time = 62.4s
[e270 s0001/1030] loss = 0.007658
[e270 s0050/1030] loss = 0.017816
[e270 s0100/1030] loss = 0.014556
[e270 s0150/1030] loss = 0.012784
[e270 s0200/1030] loss = 0.012057
[e270 s0250/1030] loss = 0.013145
[e270 s0300/1030] loss = 0.013141
[e270 s0350/1030] loss = 0.012769
[e270 s0400/1030] loss = 0.013208
[e270 s0450/1030] loss = 0.013159
[e270 s0500/1030] loss = 0.013097
[e270 s0550/1030] loss = 0.013184
[e270 s0600/1030] loss = 0.012986
[e270 s0650/1030] loss = 0.013064
[e270 s0700/1030] loss = 0.013027
[e270 s0750/1030] loss = 0.013893
[e270 s0800/1030] loss = 0.013853
[e270 s0850/1030] loss = 0.013739
[e270 s0900/1030] loss = 0.014142
[e270 s0950/1030] loss = 0.014076
[e270 s1000/1030] loss = 0.014019
Epoch 270: train_loss = 0.013956  MAE/GAME0 = 56.164  RMSE = 83.223  GAME1 = 57.938  GAME2 = 59.689  GAME3 = 61.081  lr = 8.68e-06  time = 61.7s
[e271 s0001/1030] loss = 0.006389
[e271 s0050/1030] loss = 0.011140
[e271 s0100/1030] loss = 0.028628
[e271 s0150/1030] loss = 0.025706
[e271 s0200/1030] loss = 0.022454
[e271 s0250/1030] loss = 0.020240
[e271 s0300/1030] loss = 0.019356
[e271 s0350/1030] loss = 0.018239
[e271 s0400/1030] loss = 0.017068
[e271 s0450/1030] loss = 0.016362
[e271 s0500/1030] loss = 0.016284
[e271 s0550/1030] loss = 0.016206
[e271 s0600/1030] loss = 0.017657
[e271 s0650/1030] loss = 0.017130
[e271 s0700/1030] loss = 0.016492
[e271 s0750/1030] loss = 0.015893
[e271 s0800/1030] loss = 0.015797
[e271 s0850/1030] loss = 0.015508
[e271 s0900/1030] loss = 0.015397
[e271 s0950/1030] loss = 0.015245
[e271 s1000/1030] loss = 0.015242
Epoch 271: train_loss = 0.015101  MAE/GAME0 = 50.767  RMSE = 79.739  GAME1 = 54.374  GAME2 = 57.095  GAME3 = 59.430  lr = 8.56e-06  time = 62.9s
[e272 s0001/1030] loss = 0.021804
[e272 s0050/1030] loss = 0.009005
[e272 s0100/1030] loss = 0.016101
[e272 s0150/1030] loss = 0.014131
[e272 s0200/1030] loss = 0.014198
[e272 s0250/1030] loss = 0.014088
[e272 s0300/1030] loss = 0.014640
[e272 s0350/1030] loss = 0.014076
[e272 s0400/1030] loss = 0.013858
[e272 s0450/1030] loss = 0.013753
[e272 s0500/1030] loss = 0.013839
[e272 s0550/1030] loss = 0.013540
[e272 s0600/1030] loss = 0.013405
[e272 s0650/1030] loss = 0.013286
[e272 s0700/1030] loss = 0.013118
[e272 s0750/1030] loss = 0.013130
[e272 s0800/1030] loss = 0.012748
[e272 s0850/1030] loss = 0.012789
[e272 s0900/1030] loss = 0.012616
[e272 s0950/1030] loss = 0.012466
[e272 s1000/1030] loss = 0.012505
Epoch 272: train_loss = 0.012378  MAE/GAME0 = 51.263  RMSE = 80.068  GAME1 = 53.326  GAME2 = 55.156  GAME3 = 56.592  lr = 8.45e-06  time = 62.2s
[e273 s0001/1030] loss = 0.004858
[e273 s0050/1030] loss = 0.012549
[e273 s0100/1030] loss = 0.010766
[e273 s0150/1030] loss = 0.010489
[e273 s0200/1030] loss = 0.011061
[e273 s0250/1030] loss = 0.011376
[e273 s0300/1030] loss = 0.011887
[e273 s0350/1030] loss = 0.012191
[e273 s0400/1030] loss = 0.011953
[e273 s0450/1030] loss = 0.012042
[e273 s0500/1030] loss = 0.012508
[e273 s0550/1030] loss = 0.012351
[e273 s0600/1030] loss = 0.012624
[e273 s0650/1030] loss = 0.012359
[e273 s0700/1030] loss = 0.012464
[e273 s0750/1030] loss = 0.012176
[e273 s0800/1030] loss = 0.011957
[e273 s0850/1030] loss = 0.012917
[e273 s0900/1030] loss = 0.012808
[e273 s0950/1030] loss = 0.012891
[e273 s1000/1030] loss = 0.012725
Epoch 273: train_loss = 0.012562  MAE/GAME0 = 59.330  RMSE = 85.698  GAME1 = 59.832  GAME2 = 60.459  GAME3 = 60.866  lr = 8.33e-06  time = 62.9s
[e274 s0001/1030] loss = 0.003765
[e274 s0050/1030] loss = 0.013817
[e274 s0100/1030] loss = 0.012087
[e274 s0150/1030] loss = 0.011046
[e274 s0200/1030] loss = 0.010782
[e274 s0250/1030] loss = 0.010907
[e274 s0300/1030] loss = 0.013508
[e274 s0350/1030] loss = 0.013287
[e274 s0400/1030] loss = 0.013034
[e274 s0450/1030] loss = 0.013699
[e274 s0500/1030] loss = 0.013598
[e274 s0550/1030] loss = 0.013091
[e274 s0600/1030] loss = 0.013770
[e274 s0650/1030] loss = 0.014623
[e274 s0700/1030] loss = 0.014417
[e274 s0750/1030] loss = 0.013970
[e274 s0800/1030] loss = 0.013823
[e274 s0850/1030] loss = 0.013591
[e274 s0900/1030] loss = 0.013536
[e274 s0950/1030] loss = 0.013334
[e274 s1000/1030] loss = 0.015962
Epoch 274: train_loss = 0.015955  MAE/GAME0 = 51.265  RMSE = 79.923  GAME1 = 52.223  GAME2 = 53.359  GAME3 = 54.440  lr = 8.21e-06  time = 62.1s
[e275 s0001/1030] loss = 0.002516
[e275 s0050/1030] loss = 0.014804
[e275 s0100/1030] loss = 0.013721
[e275 s0150/1030] loss = 0.012656
[e275 s0200/1030] loss = 0.013215
[e275 s0250/1030] loss = 0.013103
[e275 s0300/1030] loss = 0.012105
[e275 s0350/1030] loss = 0.012170
[e275 s0400/1030] loss = 0.012687
[e275 s0450/1030] loss = 0.012825
[e275 s0500/1030] loss = 0.012568
[e275 s0550/1030] loss = 0.016175
[e275 s0600/1030] loss = 0.017079
[e275 s0650/1030] loss = 0.016430
[e275 s0700/1030] loss = 0.015939
[e275 s0750/1030] loss = 0.015436
[e275 s0800/1030] loss = 0.015080
[e275 s0850/1030] loss = 0.014675
[e275 s0900/1030] loss = 0.014376
[e275 s0950/1030] loss = 0.014202
[e275 s1000/1030] loss = 0.014023
Epoch 275: train_loss = 0.014030  MAE/GAME0 = 56.129  RMSE = 83.150  GAME1 = 56.915  GAME2 = 58.032  GAME3 = 58.755  lr = 8.10e-06  time = 61.7s
[e276 s0001/1030] loss = 0.004558
[e276 s0050/1030] loss = 0.026854
[e276 s0100/1030] loss = 0.022012
[e276 s0150/1030] loss = 0.020975
[e276 s0200/1030] loss = 0.018682
[e276 s0250/1030] loss = 0.017086
[e276 s0300/1030] loss = 0.015942
[e276 s0350/1030] loss = 0.014938
[e276 s0400/1030] loss = 0.014049
[e276 s0450/1030] loss = 0.013633
[e276 s0500/1030] loss = 0.013232
[e276 s0550/1030] loss = 0.013386
[e276 s0600/1030] loss = 0.013100
[e276 s0650/1030] loss = 0.012719
[e276 s0700/1030] loss = 0.012659
[e276 s0750/1030] loss = 0.012271
[e276 s0800/1030] loss = 0.012422
[e276 s0850/1030] loss = 0.012517
[e276 s0900/1030] loss = 0.012392
[e276 s0950/1030] loss = 0.012301
[e276 s1000/1030] loss = 0.012283
Epoch 276: train_loss = 0.012249  MAE/GAME0 = 55.305  RMSE = 82.967  GAME1 = 56.542  GAME2 = 57.818  GAME3 = 58.864  lr = 7.98e-06  time = 62.9s
[e277 s0001/1030] loss = 0.012126
[e277 s0050/1030] loss = 0.009756
[e277 s0100/1030] loss = 0.009373
[e277 s0150/1030] loss = 0.010279
[e277 s0200/1030] loss = 0.012809
[e277 s0250/1030] loss = 0.012725
[e277 s0300/1030] loss = 0.013181
[e277 s0350/1030] loss = 0.012781
[e277 s0400/1030] loss = 0.012121
[e277 s0450/1030] loss = 0.011803
[e277 s0500/1030] loss = 0.012122
[e277 s0550/1030] loss = 0.011985
[e277 s0600/1030] loss = 0.011966
[e277 s0650/1030] loss = 0.011727
[e277 s0700/1030] loss = 0.012288
[e277 s0750/1030] loss = 0.012365
[e277 s0800/1030] loss = 0.012502
[e277 s0850/1030] loss = 0.012329
[e277 s0900/1030] loss = 0.012099
[e277 s0950/1030] loss = 0.012333
[e277 s1000/1030] loss = 0.012398
Epoch 277: train_loss = 0.012370  MAE/GAME0 = 56.530  RMSE = 83.543  GAME1 = 57.799  GAME2 = 59.185  GAME3 = 60.351  lr = 7.86e-06  time = 62.3s
[e278 s0001/1030] loss = 0.045777
[e278 s0050/1030] loss = 0.011045
[e278 s0100/1030] loss = 0.010878
[e278 s0150/1030] loss = 0.011029
[e278 s0200/1030] loss = 0.010252
[e278 s0250/1030] loss = 0.013768
[e278 s0300/1030] loss = 0.013745
[e278 s0350/1030] loss = 0.012854
[e278 s0400/1030] loss = 0.014501
[e278 s0450/1030] loss = 0.013744
[e278 s0500/1030] loss = 0.013176
[e278 s0550/1030] loss = 0.013891
[e278 s0600/1030] loss = 0.013813
[e278 s0650/1030] loss = 0.013609
[e278 s0700/1030] loss = 0.013530
[e278 s0750/1030] loss = 0.013910
[e278 s0800/1030] loss = 0.013555
[e278 s0850/1030] loss = 0.013167
[e278 s0900/1030] loss = 0.012973
[e278 s0950/1030] loss = 0.012930
[e278 s1000/1030] loss = 0.012852
Epoch 278: train_loss = 0.012913  MAE/GAME0 = 51.150  RMSE = 79.822  GAME1 = 53.334  GAME2 = 55.253  GAME3 = 56.764  lr = 7.75e-06  time = 61.4s
[e279 s0001/1030] loss = 0.038426
[e279 s0050/1030] loss = 0.007921
[e279 s0100/1030] loss = 0.010911
[e279 s0150/1030] loss = 0.012225
[e279 s0200/1030] loss = 0.011145
[e279 s0250/1030] loss = 0.011424
[e279 s0300/1030] loss = 0.011416
[e279 s0350/1030] loss = 0.011287
[e279 s0400/1030] loss = 0.011479
[e279 s0450/1030] loss = 0.011478
[e279 s0500/1030] loss = 0.011894
[e279 s0550/1030] loss = 0.011721
[e279 s0600/1030] loss = 0.011420
[e279 s0650/1030] loss = 0.011185
[e279 s0700/1030] loss = 0.011743
[e279 s0750/1030] loss = 0.011720
[e279 s0800/1030] loss = 0.011440
[e279 s0850/1030] loss = 0.011273
[e279 s0900/1030] loss = 0.011478
[e279 s0950/1030] loss = 0.011329
[e279 s1000/1030] loss = 0.011354
Epoch 279: train_loss = 0.011382  MAE/GAME0 = 54.171  RMSE = 82.241  GAME1 = 56.213  GAME2 = 58.072  GAME3 = 59.625  lr = 7.64e-06  time = 63.2s
[e280 s0001/1030] loss = 0.002327
[e280 s0050/1030] loss = 0.015626
[e280 s0100/1030] loss = 0.011575
[e280 s0150/1030] loss = 0.014717
[e280 s0200/1030] loss = 0.013806
[e280 s0250/1030] loss = 0.012716
[e280 s0300/1030] loss = 0.012482
[e280 s0350/1030] loss = 0.011951
[e280 s0400/1030] loss = 0.011958
[e280 s0450/1030] loss = 0.011732
[e280 s0500/1030] loss = 0.012179
[e280 s0550/1030] loss = 0.012333
[e280 s0600/1030] loss = 0.012322
[e280 s0650/1030] loss = 0.011878
[e280 s0700/1030] loss = 0.011899
[e280 s0750/1030] loss = 0.013305
[e280 s0800/1030] loss = 0.013122
[e280 s0850/1030] loss = 0.013014
[e280 s0900/1030] loss = 0.012971
[e280 s0950/1030] loss = 0.012830
[e280 s1000/1030] loss = 0.012542
Epoch 280: train_loss = 0.012401  MAE/GAME0 = 52.904  RMSE = 81.238  GAME1 = 55.024  GAME2 = 56.861  GAME3 = 58.320  lr = 7.52e-06  time = 62.0s
[e281 s0001/1030] loss = 0.021686
[e281 s0050/1030] loss = 0.007996
[e281 s0100/1030] loss = 0.011742
[e281 s0150/1030] loss = 0.020264
[e281 s0200/1030] loss = 0.017611
[e281 s0250/1030] loss = 0.016331
[e281 s0300/1030] loss = 0.016010
[e281 s0350/1030] loss = 0.015133
[e281 s0400/1030] loss = 0.014576
[e281 s0450/1030] loss = 0.013857
[e281 s0500/1030] loss = 0.013370
[e281 s0550/1030] loss = 0.013393
[e281 s0600/1030] loss = 0.013804
[e281 s0650/1030] loss = 0.013576
[e281 s0700/1030] loss = 0.013108
[e281 s0750/1030] loss = 0.013417
[e281 s0800/1030] loss = 0.013343
[e281 s0850/1030] loss = 0.013181
[e281 s0900/1030] loss = 0.012908
[e281 s0950/1030] loss = 0.012812
[e281 s1000/1030] loss = 0.012629
Epoch 281: train_loss = 0.012528  MAE/GAME0 = 56.462  RMSE = 83.590  GAME1 = 57.583  GAME2 = 58.930  GAME3 = 59.779  lr = 7.41e-06  time = 62.2s
[e282 s0001/1030] loss = 0.012313
[e282 s0050/1030] loss = 0.010151
[e282 s0100/1030] loss = 0.009294
[e282 s0150/1030] loss = 0.009566
[e282 s0200/1030] loss = 0.013576
[e282 s0250/1030] loss = 0.014211
[e282 s0300/1030] loss = 0.013771
[e282 s0350/1030] loss = 0.014095
[e282 s0400/1030] loss = 0.013568
[e282 s0450/1030] loss = 0.018527
[e282 s0500/1030] loss = 0.017668
[e282 s0550/1030] loss = 0.016945
[e282 s0600/1030] loss = 0.016308
[e282 s0650/1030] loss = 0.015633
[e282 s0700/1030] loss = 0.015091
[e282 s0750/1030] loss = 0.014902
[e282 s0800/1030] loss = 0.014504
[e282 s0850/1030] loss = 0.014454
[e282 s0900/1030] loss = 0.014276
[e282 s0950/1030] loss = 0.013974
[e282 s1000/1030] loss = 0.013686
Epoch 282: train_loss = 0.013750  MAE/GAME0 = 50.422  RMSE = 79.578  GAME1 = 53.381  GAME2 = 55.792  GAME3 = 57.806  lr = 7.30e-06  time = 62.0s
[e283 s0001/1030] loss = 0.029474
[e283 s0050/1030] loss = 0.008356
[e283 s0100/1030] loss = 0.008200
[e283 s0150/1030] loss = 0.010144
[e283 s0200/1030] loss = 0.010905
[e283 s0250/1030] loss = 0.010105
[e283 s0300/1030] loss = 0.010715
[e283 s0350/1030] loss = 0.010624
[e283 s0400/1030] loss = 0.010327
[e283 s0450/1030] loss = 0.010720
[e283 s0500/1030] loss = 0.010343
[e283 s0550/1030] loss = 0.010296
[e283 s0600/1030] loss = 0.010395
[e283 s0650/1030] loss = 0.010263
[e283 s0700/1030] loss = 0.010413
[e283 s0750/1030] loss = 0.010233
[e283 s0800/1030] loss = 0.010469
[e283 s0850/1030] loss = 0.010347
[e283 s0900/1030] loss = 0.010725
[e283 s0950/1030] loss = 0.010963
[e283 s1000/1030] loss = 0.010789
Epoch 283: train_loss = 0.010779  MAE/GAME0 = 56.288  RMSE = 83.434  GAME1 = 57.305  GAME2 = 58.432  GAME3 = 59.227  lr = 7.19e-06  time = 62.9s
[e284 s0001/1030] loss = 0.049421
[e284 s0050/1030] loss = 0.011594
[e284 s0100/1030] loss = 0.012552
[e284 s0150/1030] loss = 0.024585
[e284 s0200/1030] loss = 0.020918
[e284 s0250/1030] loss = 0.018262
[e284 s0300/1030] loss = 0.017200
[e284 s0350/1030] loss = 0.015958
[e284 s0400/1030] loss = 0.016163
[e284 s0450/1030] loss = 0.015508
[e284 s0500/1030] loss = 0.014595
[e284 s0550/1030] loss = 0.013967
[e284 s0600/1030] loss = 0.014805
[e284 s0650/1030] loss = 0.014626
[e284 s0700/1030] loss = 0.014737
[e284 s0750/1030] loss = 0.014482
[e284 s0800/1030] loss = 0.013947
[e284 s0850/1030] loss = 0.013754
[e284 s0900/1030] loss = 0.013440
[e284 s0950/1030] loss = 0.014384
[e284 s1000/1030] loss = 0.014127
Epoch 284: train_loss = 0.014007  MAE/GAME0 = 55.256  RMSE = 82.447  GAME1 = 56.858  GAME2 = 58.381  GAME3 = 59.472  lr = 7.07e-06  time = 63.2s
[e285 s0001/1030] loss = 0.009464
[e285 s0050/1030] loss = 0.009562
[e285 s0100/1030] loss = 0.009512
[e285 s0150/1030] loss = 0.009146
[e285 s0200/1030] loss = 0.010806
[e285 s0250/1030] loss = 0.010579
[e285 s0300/1030] loss = 0.011453
[e285 s0350/1030] loss = 0.010913
[e285 s0400/1030] loss = 0.010431
[e285 s0450/1030] loss = 0.010479
[e285 s0500/1030] loss = 0.010279
[e285 s0550/1030] loss = 0.010361
[e285 s0600/1030] loss = 0.010968
[e285 s0650/1030] loss = 0.010840
[e285 s0700/1030] loss = 0.010616
[e285 s0750/1030] loss = 0.010809
[e285 s0800/1030] loss = 0.011180
[e285 s0850/1030] loss = 0.011220
[e285 s0900/1030] loss = 0.011443
[e285 s0950/1030] loss = 0.011322
[e285 s1000/1030] loss = 0.011336
Epoch 285: train_loss = 0.011193  MAE/GAME0 = 54.934  RMSE = 82.670  GAME1 = 55.944  GAME2 = 56.938  GAME3 = 57.796  lr = 6.96e-06  time = 63.4s
[e286 s0001/1030] loss = 0.000124
[e286 s0050/1030] loss = 0.008158
[e286 s0100/1030] loss = 0.008401
[e286 s0150/1030] loss = 0.007463
[e286 s0200/1030] loss = 0.010111
[e286 s0250/1030] loss = 0.011593
[e286 s0300/1030] loss = 0.012137
[e286 s0350/1030] loss = 0.011726
[e286 s0400/1030] loss = 0.011689
[e286 s0450/1030] loss = 0.012247
[e286 s0500/1030] loss = 0.011806
[e286 s0550/1030] loss = 0.011767
[e286 s0600/1030] loss = 0.011451
[e286 s0650/1030] loss = 0.011998
[e286 s0700/1030] loss = 0.011748
[e286 s0750/1030] loss = 0.011749
[e286 s0800/1030] loss = 0.011570
[e286 s0850/1030] loss = 0.011377
[e286 s0900/1030] loss = 0.011475
[e286 s0950/1030] loss = 0.011567
[e286 s1000/1030] loss = 0.012641
Epoch 286: train_loss = 0.012453  MAE/GAME0 = 51.165  RMSE = 79.936  GAME1 = 53.040  GAME2 = 54.853  GAME3 = 56.184  lr = 6.85e-06  time = 62.5s
[e287 s0001/1030] loss = 0.001883
[e287 s0050/1030] loss = 0.009947
[e287 s0100/1030] loss = 0.010247
[e287 s0150/1030] loss = 0.010677
[e287 s0200/1030] loss = 0.010486
[e287 s0250/1030] loss = 0.011073
[e287 s0300/1030] loss = 0.010340
[e287 s0350/1030] loss = 0.010984
[e287 s0400/1030] loss = 0.010931
[e287 s0450/1030] loss = 0.010600
[e287 s0500/1030] loss = 0.010810
[e287 s0550/1030] loss = 0.010542
[e287 s0600/1030] loss = 0.011128
[e287 s0650/1030] loss = 0.010981
[e287 s0700/1030] loss = 0.010885
[e287 s0750/1030] loss = 0.010908
[e287 s0800/1030] loss = 0.010709
[e287 s0850/1030] loss = 0.010634
[e287 s0900/1030] loss = 0.010491
[e287 s0950/1030] loss = 0.010727
[e287 s1000/1030] loss = 0.010811
Epoch 287: train_loss = 0.010678  MAE/GAME0 = 55.227  RMSE = 82.467  GAME1 = 56.276  GAME2 = 57.371  GAME3 = 58.278  lr = 6.74e-06  time = 63.0s
[e288 s0001/1030] loss = 0.146861
[e288 s0050/1030] loss = 0.011501
[e288 s0100/1030] loss = 0.010846
[e288 s0150/1030] loss = 0.009876
[e288 s0200/1030] loss = 0.009408
[e288 s0250/1030] loss = 0.013005
[e288 s0300/1030] loss = 0.013488
[e288 s0350/1030] loss = 0.013040
[e288 s0400/1030] loss = 0.012384
[e288 s0450/1030] loss = 0.011679
[e288 s0500/1030] loss = 0.011189
[e288 s0550/1030] loss = 0.010930
[e288 s0600/1030] loss = 0.010503
[e288 s0650/1030] loss = 0.010352
[e288 s0700/1030] loss = 0.010588
[e288 s0750/1030] loss = 0.010743
[e288 s0800/1030] loss = 0.010567
[e288 s0850/1030] loss = 0.010347
[e288 s0900/1030] loss = 0.010315
[e288 s0950/1030] loss = 0.010255
[e288 s1000/1030] loss = 0.010221
Epoch 288: train_loss = 0.010054  MAE/GAME0 = 51.427  RMSE = 80.221  GAME1 = 52.948  GAME2 = 54.406  GAME3 = 55.627  lr = 6.64e-06  time = 63.6s
[e289 s0001/1030] loss = 0.001009
[e289 s0050/1030] loss = 0.011438
[e289 s0100/1030] loss = 0.011364
[e289 s0150/1030] loss = 0.012390
[e289 s0200/1030] loss = 0.011076
[e289 s0250/1030] loss = 0.011330
[e289 s0300/1030] loss = 0.011197
[e289 s0350/1030] loss = 0.010939
[e289 s0400/1030] loss = 0.010323
[e289 s0450/1030] loss = 0.010404
[e289 s0500/1030] loss = 0.011507
[e289 s0550/1030] loss = 0.011092
[e289 s0600/1030] loss = 0.010922
[e289 s0650/1030] loss = 0.010599
[e289 s0700/1030] loss = 0.010210
[e289 s0750/1030] loss = 0.010005
[e289 s0800/1030] loss = 0.010241
[e289 s0850/1030] loss = 0.010192
[e289 s0900/1030] loss = 0.010006
[e289 s0950/1030] loss = 0.011002
[e289 s1000/1030] loss = 0.011103
Epoch 289: train_loss = 0.011043  MAE/GAME0 = 51.338  RMSE = 80.150  GAME1 = 53.467  GAME2 = 55.425  GAME3 = 56.832  lr = 6.53e-06  time = 62.3s
[e290 s0001/1030] loss = 0.011045
[e290 s0050/1030] loss = 0.011056
[e290 s0100/1030] loss = 0.009705
[e290 s0150/1030] loss = 0.008937
[e290 s0200/1030] loss = 0.009180
[e290 s0250/1030] loss = 0.009039
[e290 s0300/1030] loss = 0.010547
[e290 s0350/1030] loss = 0.010631
[e290 s0400/1030] loss = 0.010856
[e290 s0450/1030] loss = 0.010868
[e290 s0500/1030] loss = 0.010881
[e290 s0550/1030] loss = 0.010720
[e290 s0600/1030] loss = 0.010210
[e290 s0650/1030] loss = 0.010207
[e290 s0700/1030] loss = 0.010045
[e290 s0750/1030] loss = 0.010190
[e290 s0800/1030] loss = 0.010067
[e290 s0850/1030] loss = 0.009885
[e290 s0900/1030] loss = 0.010325
[e290 s0950/1030] loss = 0.010269
[e290 s1000/1030] loss = 0.010085
Epoch 290: train_loss = 0.009946  MAE/GAME0 = 54.047  RMSE = 81.961  GAME1 = 55.549  GAME2 = 56.974  GAME3 = 58.120  lr = 6.42e-06  time = 64.7s
[e291 s0001/1030] loss = 0.005618
[e291 s0050/1030] loss = 0.011055
[e291 s0100/1030] loss = 0.011019
[e291 s0150/1030] loss = 0.009835
[e291 s0200/1030] loss = 0.008924
[e291 s0250/1030] loss = 0.009610
[e291 s0300/1030] loss = 0.009364
[e291 s0350/1030] loss = 0.008984
[e291 s0400/1030] loss = 0.009867
[e291 s0450/1030] loss = 0.009410
[e291 s0500/1030] loss = 0.009451
[e291 s0550/1030] loss = 0.009489
[e291 s0600/1030] loss = 0.009531
[e291 s0650/1030] loss = 0.010482
[e291 s0700/1030] loss = 0.010272
[e291 s0750/1030] loss = 0.010620
[e291 s0800/1030] loss = 0.010546
[e291 s0850/1030] loss = 0.010404
[e291 s0900/1030] loss = 0.010515
[e291 s0950/1030] loss = 0.010319
[e291 s1000/1030] loss = 0.010167
Epoch 291: train_loss = 0.010233  MAE/GAME0 = 55.225  RMSE = 82.650  GAME1 = 56.389  GAME2 = 57.576  GAME3 = 58.472  lr = 6.31e-06  time = 63.3s
[e292 s0001/1030] loss = 0.001478
[e292 s0050/1030] loss = 0.008433
[e292 s0100/1030] loss = 0.008711
[e292 s0150/1030] loss = 0.008339
[e292 s0200/1030] loss = 0.008678
[e292 s0250/1030] loss = 0.008676
[e292 s0300/1030] loss = 0.008505
[e292 s0350/1030] loss = 0.008637
[e292 s0400/1030] loss = 0.008648
[e292 s0450/1030] loss = 0.008703
[e292 s0500/1030] loss = 0.011005
[e292 s0550/1030] loss = 0.010661
[e292 s0600/1030] loss = 0.010658
[e292 s0650/1030] loss = 0.010806
[e292 s0700/1030] loss = 0.010643
[e292 s0750/1030] loss = 0.010583
[e292 s0800/1030] loss = 0.010264
[e292 s0850/1030] loss = 0.010217
[e292 s0900/1030] loss = 0.010001
[e292 s0950/1030] loss = 0.010657
[e292 s1000/1030] loss = 0.010420
Epoch 292: train_loss = 0.010588  MAE/GAME0 = 53.826  RMSE = 81.938  GAME1 = 55.885  GAME2 = 57.609  GAME3 = 59.103  lr = 6.21e-06  time = 63.1s
[e293 s0001/1030] loss = 0.012745
[e293 s0050/1030] loss = 0.007632
[e293 s0100/1030] loss = 0.006863
[e293 s0150/1030] loss = 0.007123
[e293 s0200/1030] loss = 0.007755
[e293 s0250/1030] loss = 0.008115
[e293 s0300/1030] loss = 0.009131
[e293 s0350/1030] loss = 0.009116
[e293 s0400/1030] loss = 0.009985
[e293 s0450/1030] loss = 0.009640
[e293 s0500/1030] loss = 0.009790
[e293 s0550/1030] loss = 0.009627
[e293 s0600/1030] loss = 0.009506
[e293 s0650/1030] loss = 0.009484
[e293 s0700/1030] loss = 0.009498
[e293 s0750/1030] loss = 0.009376
[e293 s0800/1030] loss = 0.009164
[e293 s0850/1030] loss = 0.009091
[e293 s0900/1030] loss = 0.009047
[e293 s0950/1030] loss = 0.009049
[e293 s1000/1030] loss = 0.009160
Epoch 293: train_loss = 0.009096  MAE/GAME0 = 50.515  RMSE = 79.519  GAME1 = 52.963  GAME2 = 54.796  GAME3 = 56.467  lr = 6.10e-06  time = 62.4s
[e294 s0001/1030] loss = 0.002976
[e294 s0050/1030] loss = 0.007799
[e294 s0100/1030] loss = 0.007525
[e294 s0150/1030] loss = 0.006653
[e294 s0200/1030] loss = 0.007493
[e294 s0250/1030] loss = 0.007608
[e294 s0300/1030] loss = 0.008811
[e294 s0350/1030] loss = 0.008699
[e294 s0400/1030] loss = 0.009007
[e294 s0450/1030] loss = 0.008988
[e294 s0500/1030] loss = 0.008717
[e294 s0550/1030] loss = 0.008859
[e294 s0600/1030] loss = 0.009775
[e294 s0650/1030] loss = 0.009933
[e294 s0700/1030] loss = 0.011083
[e294 s0750/1030] loss = 0.010977
[e294 s0800/1030] loss = 0.011063
[e294 s0850/1030] loss = 0.010702
[e294 s0900/1030] loss = 0.010444
[e294 s0950/1030] loss = 0.010304
[e294 s1000/1030] loss = 0.010217
Epoch 294: train_loss = 0.010170  MAE/GAME0 = 54.900  RMSE = 82.655  GAME1 = 56.543  GAME2 = 58.078  GAME3 = 59.294  lr = 6.00e-06  time = 63.1s
[e295 s0001/1030] loss = 0.004941
[e295 s0050/1030] loss = 0.008845
[e295 s0100/1030] loss = 0.012645
[e295 s0150/1030] loss = 0.010819
[e295 s0200/1030] loss = 0.009815
[e295 s0250/1030] loss = 0.009915
[e295 s0300/1030] loss = 0.009586
[e295 s0350/1030] loss = 0.009332
[e295 s0400/1030] loss = 0.009228
[e295 s0450/1030] loss = 0.008999
[e295 s0500/1030] loss = 0.009973
[e295 s0550/1030] loss = 0.009806
[e295 s0600/1030] loss = 0.010331
[e295 s0650/1030] loss = 0.010296
[e295 s0700/1030] loss = 0.009939
[e295 s0750/1030] loss = 0.010061
[e295 s0800/1030] loss = 0.009972
[e295 s0850/1030] loss = 0.009824
[e295 s0900/1030] loss = 0.009625
[e295 s0950/1030] loss = 0.009628
[e295 s1000/1030] loss = 0.009414
Epoch 295: train_loss = 0.009405  MAE/GAME0 = 52.678  RMSE = 80.674  GAME1 = 54.572  GAME2 = 56.244  GAME3 = 57.758  lr = 5.89e-06  time = 63.3s
[e296 s0001/1030] loss = 0.001342
[e296 s0050/1030] loss = 0.006874
[e296 s0100/1030] loss = 0.008760
[e296 s0150/1030] loss = 0.008214
[e296 s0200/1030] loss = 0.008166
[e296 s0250/1030] loss = 0.009986
[e296 s0300/1030] loss = 0.009826
[e296 s0350/1030] loss = 0.009577
[e296 s0400/1030] loss = 0.009267
[e296 s0450/1030] loss = 0.009192
[e296 s0500/1030] loss = 0.009112
[e296 s0550/1030] loss = 0.008872
[e296 s0600/1030] loss = 0.008893
[e296 s0650/1030] loss = 0.008730
[e296 s0700/1030] loss = 0.009399
[e296 s0750/1030] loss = 0.009144
[e296 s0800/1030] loss = 0.009169
[e296 s0850/1030] loss = 0.009040
[e296 s0900/1030] loss = 0.009161
[e296 s0950/1030] loss = 0.009073
[e296 s1000/1030] loss = 0.009196
Epoch 296: train_loss = 0.009124  MAE/GAME0 = 56.034  RMSE = 83.351  GAME1 = 57.034  GAME2 = 58.140  GAME3 = 59.083  lr = 5.79e-06  time = 62.0s
[e297 s0001/1030] loss = 0.007813
[e297 s0050/1030] loss = 0.004667
[e297 s0100/1030] loss = 0.006640
[e297 s0150/1030] loss = 0.006736
[e297 s0200/1030] loss = 0.008012
[e297 s0250/1030] loss = 0.012076
[e297 s0300/1030] loss = 0.011219
[e297 s0350/1030] loss = 0.010947
[e297 s0400/1030] loss = 0.010727
[e297 s0450/1030] loss = 0.010314
[e297 s0500/1030] loss = 0.009977
[e297 s0550/1030] loss = 0.010201
[e297 s0600/1030] loss = 0.010236
[e297 s0650/1030] loss = 0.010287
[e297 s0700/1030] loss = 0.009881
[e297 s0750/1030] loss = 0.009648
[e297 s0800/1030] loss = 0.009818
[e297 s0850/1030] loss = 0.009912
[e297 s0900/1030] loss = 0.009849
[e297 s0950/1030] loss = 0.009908
[e297 s1000/1030] loss = 0.009886
Epoch 297: train_loss = 0.009768  MAE/GAME0 = 48.568  RMSE = 78.111  GAME1 = 51.374  GAME2 = 53.952  GAME3 = 55.699  lr = 5.69e-06  time = 64.6s
[e298 s0001/1030] loss = 0.011465
[e298 s0050/1030] loss = 0.007212
[e298 s0100/1030] loss = 0.008769
[e298 s0150/1030] loss = 0.007744
[e298 s0200/1030] loss = 0.007431
[e298 s0250/1030] loss = 0.007529
[e298 s0300/1030] loss = 0.010552
[e298 s0350/1030] loss = 0.012477
[e298 s0400/1030] loss = 0.012041
[e298 s0450/1030] loss = 0.011558
[e298 s0500/1030] loss = 0.011046
[e298 s0550/1030] loss = 0.010575
[e298 s0600/1030] loss = 0.010538
[e298 s0650/1030] loss = 0.010313
[e298 s0700/1030] loss = 0.010356
[e298 s0750/1030] loss = 0.010248
[e298 s0800/1030] loss = 0.010070
[e298 s0850/1030] loss = 0.009968
[e298 s0900/1030] loss = 0.009766
[e298 s0950/1030] loss = 0.009632
[e298 s1000/1030] loss = 0.009519
Epoch 298: train_loss = 0.009660  MAE/GAME0 = 54.638  RMSE = 82.037  GAME1 = 55.536  GAME2 = 56.698  GAME3 = 57.634  lr = 5.58e-06  time = 63.1s
[e299 s0001/1030] loss = 0.001648
[e299 s0050/1030] loss = 0.006663
[e299 s0100/1030] loss = 0.007686
[e299 s0150/1030] loss = 0.009147
[e299 s0200/1030] loss = 0.008557
[e299 s0250/1030] loss = 0.008173
[e299 s0300/1030] loss = 0.007971
[e299 s0350/1030] loss = 0.008326
[e299 s0400/1030] loss = 0.010128
[e299 s0450/1030] loss = 0.010323
[e299 s0500/1030] loss = 0.009919
[e299 s0550/1030] loss = 0.009550
[e299 s0600/1030] loss = 0.009297
[e299 s0650/1030] loss = 0.009154
[e299 s0700/1030] loss = 0.008889
[e299 s0750/1030] loss = 0.008847
[e299 s0800/1030] loss = 0.008853
[e299 s0850/1030] loss = 0.008748
[e299 s0900/1030] loss = 0.008629
[e299 s0950/1030] loss = 0.009229
[e299 s1000/1030] loss = 0.009151
Epoch 299: train_loss = 0.009122  MAE/GAME0 = 56.511  RMSE = 83.884  GAME1 = 58.004  GAME2 = 59.385  GAME3 = 60.222  lr = 5.48e-06  time = 63.3s
[e300 s0001/1030] loss = 0.002385
[e300 s0050/1030] loss = 0.011307
[e300 s0100/1030] loss = 0.008626
[e300 s0150/1030] loss = 0.007872
[e300 s0200/1030] loss = 0.007720
[e300 s0250/1030] loss = 0.008265
[e300 s0300/1030] loss = 0.008092
[e300 s0350/1030] loss = 0.008171
[e300 s0400/1030] loss = 0.008139
[e300 s0450/1030] loss = 0.007875
[e300 s0500/1030] loss = 0.007958
[e300 s0550/1030] loss = 0.007740
[e300 s0600/1030] loss = 0.007909
[e300 s0650/1030] loss = 0.008413
[e300 s0700/1030] loss = 0.008244
[e300 s0750/1030] loss = 0.008162
[e300 s0800/1030] loss = 0.008020
[e300 s0850/1030] loss = 0.008260
[e300 s0900/1030] loss = 0.008127
[e300 s0950/1030] loss = 0.008319
[e300 s1000/1030] loss = 0.008519
Epoch 300: train_loss = 0.008405  MAE/GAME0 = 54.418  RMSE = 81.938  GAME1 = 55.060  GAME2 = 55.732  GAME3 = 56.317  lr = 5.38e-06  time = 62.9s
[e301 s0001/1030] loss = 0.022169
[e301 s0050/1030] loss = 0.010904
[e301 s0100/1030] loss = 0.008727
[e301 s0150/1030] loss = 0.008479
[e301 s0200/1030] loss = 0.009500
[e301 s0250/1030] loss = 0.009166
[e301 s0300/1030] loss = 0.009275
[e301 s0350/1030] loss = 0.008998
[e301 s0400/1030] loss = 0.008700
[e301 s0450/1030] loss = 0.008572
[e301 s0500/1030] loss = 0.008529
[e301 s0550/1030] loss = 0.008735
[e301 s0600/1030] loss = 0.008652
[e301 s0650/1030] loss = 0.009144
[e301 s0700/1030] loss = 0.009046
[e301 s0750/1030] loss = 0.008752
[e301 s0800/1030] loss = 0.008548
[e301 s0850/1030] loss = 0.008302
[e301 s0900/1030] loss = 0.008216
[e301 s0950/1030] loss = 0.008113
[e301 s1000/1030] loss = 0.008179
Epoch 301: train_loss = 0.008152  MAE/GAME0 = 55.327  RMSE = 82.977  GAME1 = 56.342  GAME2 = 57.517  GAME3 = 58.466  lr = 5.28e-06  time = 62.5s
[e302 s0001/1030] loss = 0.001105
[e302 s0050/1030] loss = 0.005338
[e302 s0100/1030] loss = 0.007083
[e302 s0150/1030] loss = 0.007333
[e302 s0200/1030] loss = 0.007350
[e302 s0250/1030] loss = 0.007591
[e302 s0300/1030] loss = 0.007554
[e302 s0350/1030] loss = 0.007645
[e302 s0400/1030] loss = 0.008800
[e302 s0450/1030] loss = 0.008728
[e302 s0500/1030] loss = 0.008607
[e302 s0550/1030] loss = 0.008503
[e302 s0600/1030] loss = 0.008311
[e302 s0650/1030] loss = 0.008199
[e302 s0700/1030] loss = 0.007970
[e302 s0750/1030] loss = 0.008000
[e302 s0800/1030] loss = 0.007896
[e302 s0850/1030] loss = 0.007819
[e302 s0900/1030] loss = 0.007746
[e302 s0950/1030] loss = 0.007788
[e302 s1000/1030] loss = 0.007774
Epoch 302: train_loss = 0.007749  MAE/GAME0 = 50.721  RMSE = 79.628  GAME1 = 51.999  GAME2 = 53.236  GAME3 = 54.565  lr = 5.18e-06  time = 62.4s
[e303 s0001/1030] loss = 0.008766
[e303 s0050/1030] loss = 0.006516
[e303 s0100/1030] loss = 0.005625
[e303 s0150/1030] loss = 0.007471
[e303 s0200/1030] loss = 0.009591
[e303 s0250/1030] loss = 0.009581
[e303 s0300/1030] loss = 0.009080
[e303 s0350/1030] loss = 0.008534
[e303 s0400/1030] loss = 0.008954
[e303 s0450/1030] loss = 0.008454
[e303 s0500/1030] loss = 0.008308
[e303 s0550/1030] loss = 0.008138
[e303 s0600/1030] loss = 0.008325
[e303 s0650/1030] loss = 0.008036
[e303 s0700/1030] loss = 0.007892
[e303 s0750/1030] loss = 0.007780
[e303 s0800/1030] loss = 0.007706
[e303 s0850/1030] loss = 0.007756
[e303 s0900/1030] loss = 0.007662
[e303 s0950/1030] loss = 0.007645
[e303 s1000/1030] loss = 0.007704
Epoch 303: train_loss = 0.007739  MAE/GAME0 = 55.393  RMSE = 82.911  GAME1 = 56.250  GAME2 = 57.135  GAME3 = 57.895  lr = 5.09e-06  time = 64.0s
[e304 s0001/1030] loss = 0.012590
[e304 s0050/1030] loss = 0.010617
[e304 s0100/1030] loss = 0.011687
[e304 s0150/1030] loss = 0.010103
[e304 s0200/1030] loss = 0.009915
[e304 s0250/1030] loss = 0.009114
[e304 s0300/1030] loss = 0.009966
[e304 s0350/1030] loss = 0.009258
[e304 s0400/1030] loss = 0.008830
[e304 s0450/1030] loss = 0.009000
[e304 s0500/1030] loss = 0.008969
[e304 s0550/1030] loss = 0.008781
[e304 s0600/1030] loss = 0.008489
[e304 s0650/1030] loss = 0.008265
[e304 s0700/1030] loss = 0.008242
[e304 s0750/1030] loss = 0.008082
[e304 s0800/1030] loss = 0.007988
[e304 s0850/1030] loss = 0.008048
[e304 s0900/1030] loss = 0.008164
[e304 s0950/1030] loss = 0.008122
[e304 s1000/1030] loss = 0.008006
Epoch 304: train_loss = 0.007962  MAE/GAME0 = 50.752  RMSE = 79.662  GAME1 = 54.765  GAME2 = 57.745  GAME3 = 60.134  lr = 4.99e-06  time = 62.1s
[e305 s0001/1030] loss = 0.009031
[e305 s0050/1030] loss = 0.005778
[e305 s0100/1030] loss = 0.007737
[e305 s0150/1030] loss = 0.007425
[e305 s0200/1030] loss = 0.007335
[e305 s0250/1030] loss = 0.007799
[e305 s0300/1030] loss = 0.007318
[e305 s0350/1030] loss = 0.007389
[e305 s0400/1030] loss = 0.010846
[e305 s0450/1030] loss = 0.010490
[e305 s0500/1030] loss = 0.010277
[e305 s0550/1030] loss = 0.009862
[e305 s0600/1030] loss = 0.009519
[e305 s0650/1030] loss = 0.009343
[e305 s0700/1030] loss = 0.009130
[e305 s0750/1030] loss = 0.008953
[e305 s0800/1030] loss = 0.008669
[e305 s0850/1030] loss = 0.008537
[e305 s0900/1030] loss = 0.008648
[e305 s0950/1030] loss = 0.008437
[e305 s1000/1030] loss = 0.008405
Epoch 305: train_loss = 0.008297  MAE/GAME0 = 56.511  RMSE = 83.792  GAME1 = 57.933  GAME2 = 59.353  GAME3 = 60.193  lr = 4.89e-06  time = 61.1s
[e306 s0001/1030] loss = 0.004791
[e306 s0050/1030] loss = 0.006266
[e306 s0100/1030] loss = 0.008315
[e306 s0150/1030] loss = 0.008839
[e306 s0200/1030] loss = 0.009121
[e306 s0250/1030] loss = 0.008554
[e306 s0300/1030] loss = 0.007962
[e306 s0350/1030] loss = 0.007817
[e306 s0400/1030] loss = 0.007682
[e306 s0450/1030] loss = 0.007678
[e306 s0500/1030] loss = 0.007985
[e306 s0550/1030] loss = 0.007944
[e306 s0600/1030] loss = 0.007736
[e306 s0650/1030] loss = 0.007639
[e306 s0700/1030] loss = 0.007553
[e306 s0750/1030] loss = 0.007333
[e306 s0800/1030] loss = 0.007212
[e306 s0850/1030] loss = 0.007365
[e306 s0900/1030] loss = 0.007370
[e306 s0950/1030] loss = 0.007325
[e306 s1000/1030] loss = 0.007401
Epoch 306: train_loss = 0.007428  MAE/GAME0 = 54.263  RMSE = 82.362  GAME1 = 55.859  GAME2 = 57.195  GAME3 = 58.242  lr = 4.80e-06  time = 62.1s
[e307 s0001/1030] loss = 0.006464
[e307 s0050/1030] loss = 0.007290
[e307 s0100/1030] loss = 0.006269
[e307 s0150/1030] loss = 0.007109
[e307 s0200/1030] loss = 0.009713
[e307 s0250/1030] loss = 0.009364
[e307 s0300/1030] loss = 0.009691
[e307 s0350/1030] loss = 0.009287
[e307 s0400/1030] loss = 0.009014
[e307 s0450/1030] loss = 0.008642
[e307 s0500/1030] loss = 0.008352
[e307 s0550/1030] loss = 0.008183
[e307 s0600/1030] loss = 0.008093
[e307 s0650/1030] loss = 0.007958
[e307 s0700/1030] loss = 0.007709
[e307 s0750/1030] loss = 0.007859
[e307 s0800/1030] loss = 0.007683
[e307 s0850/1030] loss = 0.007801
[e307 s0900/1030] loss = 0.007706
[e307 s0950/1030] loss = 0.007688
[e307 s1000/1030] loss = 0.007589
Epoch 307: train_loss = 0.007615  MAE/GAME0 = 54.098  RMSE = 81.529  GAME1 = 54.909  GAME2 = 56.065  GAME3 = 56.855  lr = 4.70e-06  time = 61.8s
[e308 s0001/1030] loss = 0.014686
[e308 s0050/1030] loss = 0.007935
[e308 s0100/1030] loss = 0.008389
[e308 s0150/1030] loss = 0.007762
[e308 s0200/1030] loss = 0.007269
[e308 s0250/1030] loss = 0.007319
[e308 s0300/1030] loss = 0.007341
[e308 s0350/1030] loss = 0.007337
[e308 s0400/1030] loss = 0.007215
[e308 s0450/1030] loss = 0.006948
[e308 s0500/1030] loss = 0.006609
[e308 s0550/1030] loss = 0.006445
[e308 s0600/1030] loss = 0.006536
[e308 s0650/1030] loss = 0.006399
[e308 s0700/1030] loss = 0.006550
[e308 s0750/1030] loss = 0.006468
[e308 s0800/1030] loss = 0.006495
[e308 s0850/1030] loss = 0.006697
[e308 s0900/1030] loss = 0.007388
[e308 s0950/1030] loss = 0.007280
[e308 s1000/1030] loss = 0.007313
Epoch 308: train_loss = 0.007250  MAE/GAME0 = 54.378  RMSE = 81.737  GAME1 = 55.942  GAME2 = 57.361  GAME3 = 58.373  lr = 4.61e-06  time = 63.5s
[e309 s0001/1030] loss = 0.003786
[e309 s0050/1030] loss = 0.006626
[e309 s0100/1030] loss = 0.006594
[e309 s0150/1030] loss = 0.006464
[e309 s0200/1030] loss = 0.006152
[e309 s0250/1030] loss = 0.006847
[e309 s0300/1030] loss = 0.006909
[e309 s0350/1030] loss = 0.006828
[e309 s0400/1030] loss = 0.006565
[e309 s0450/1030] loss = 0.006406
[e309 s0500/1030] loss = 0.006404
[e309 s0550/1030] loss = 0.006380
[e309 s0600/1030] loss = 0.006153
[e309 s0650/1030] loss = 0.006040
[e309 s0700/1030] loss = 0.006438
[e309 s0750/1030] loss = 0.007082
[e309 s0800/1030] loss = 0.006980
[e309 s0850/1030] loss = 0.007028
[e309 s0900/1030] loss = 0.007237
[e309 s0950/1030] loss = 0.007273
[e309 s1000/1030] loss = 0.007275
Epoch 309: train_loss = 0.007186  MAE/GAME0 = 47.052  RMSE = 77.456  GAME1 = 50.858  GAME2 = 54.182  GAME3 = 56.697  lr = 4.51e-06  time = 63.7s
[e310 s0001/1030] loss = 0.003033
[e310 s0050/1030] loss = 0.006170
[e310 s0100/1030] loss = 0.007531
[e310 s0150/1030] loss = 0.006606
[e310 s0200/1030] loss = 0.006246
[e310 s0250/1030] loss = 0.006791
[e310 s0300/1030] loss = 0.007908
[e310 s0350/1030] loss = 0.007643
[e310 s0400/1030] loss = 0.008319
[e310 s0450/1030] loss = 0.008176
[e310 s0500/1030] loss = 0.007801
[e310 s0550/1030] loss = 0.007676
[e310 s0600/1030] loss = 0.007528
[e310 s0650/1030] loss = 0.007514
[e310 s0700/1030] loss = 0.007582
[e310 s0750/1030] loss = 0.007415
[e310 s0800/1030] loss = 0.007579
[e310 s0850/1030] loss = 0.007452
[e310 s0900/1030] loss = 0.007350
[e310 s0950/1030] loss = 0.007214
[e310 s1000/1030] loss = 0.007130
Epoch 310: train_loss = 0.007266  MAE/GAME0 = 55.426  RMSE = 82.406  GAME1 = 56.850  GAME2 = 58.464  GAME3 = 59.656  lr = 4.42e-06  time = 62.2s
[e311 s0001/1030] loss = 0.002151
[e311 s0050/1030] loss = 0.005910
[e311 s0100/1030] loss = 0.006094
[e311 s0150/1030] loss = 0.006594
[e311 s0200/1030] loss = 0.006334
[e311 s0250/1030] loss = 0.006532
[e311 s0300/1030] loss = 0.006323
[e311 s0350/1030] loss = 0.006104
[e311 s0400/1030] loss = 0.006920
[e311 s0450/1030] loss = 0.006824
[e311 s0500/1030] loss = 0.006920
[e311 s0550/1030] loss = 0.007082
[e311 s0600/1030] loss = 0.007505
[e311 s0650/1030] loss = 0.007263
[e311 s0700/1030] loss = 0.007139
[e311 s0750/1030] loss = 0.007051
[e311 s0800/1030] loss = 0.007062
[e311 s0850/1030] loss = 0.007110
[e311 s0900/1030] loss = 0.007168
[e311 s0950/1030] loss = 0.007030
[e311 s1000/1030] loss = 0.006866
Epoch 311: train_loss = 0.006854  MAE/GAME0 = 53.587  RMSE = 81.712  GAME1 = 55.669  GAME2 = 57.705  GAME3 = 59.147  lr = 4.33e-06  time = 61.8s
[e312 s0001/1030] loss = 0.001657
[e312 s0050/1030] loss = 0.005489
[e312 s0100/1030] loss = 0.005770
[e312 s0150/1030] loss = 0.005493
[e312 s0200/1030] loss = 0.006043
[e312 s0250/1030] loss = 0.006030
[e312 s0300/1030] loss = 0.005807
[e312 s0350/1030] loss = 0.005867
[e312 s0400/1030] loss = 0.005791
[e312 s0450/1030] loss = 0.005972
[e312 s0500/1030] loss = 0.006057
[e312 s0550/1030] loss = 0.006253
[e312 s0600/1030] loss = 0.006436
[e312 s0650/1030] loss = 0.006339
[e312 s0700/1030] loss = 0.006254
[e312 s0750/1030] loss = 0.006990
[e312 s0800/1030] loss = 0.006865
[e312 s0850/1030] loss = 0.006775
[e312 s0900/1030] loss = 0.006748
[e312 s0950/1030] loss = 0.006740
[e312 s1000/1030] loss = 0.006842
Epoch 312: train_loss = 0.006778  MAE/GAME0 = 50.760  RMSE = 79.415  GAME1 = 52.911  GAME2 = 54.786  GAME3 = 56.261  lr = 4.24e-06  time = 61.8s
[e313 s0001/1030] loss = 0.039840
[e313 s0050/1030] loss = 0.014940
[e313 s0100/1030] loss = 0.009505
[e313 s0150/1030] loss = 0.007846
[e313 s0200/1030] loss = 0.007352
[e313 s0250/1030] loss = 0.007709
[e313 s0300/1030] loss = 0.007130
[e313 s0350/1030] loss = 0.006785
[e313 s0400/1030] loss = 0.006601
[e313 s0450/1030] loss = 0.006699
[e313 s0500/1030] loss = 0.006860
[e313 s0550/1030] loss = 0.006653
[e313 s0600/1030] loss = 0.006503
[e313 s0650/1030] loss = 0.006425
[e313 s0700/1030] loss = 0.006370
[e313 s0750/1030] loss = 0.006296
[e313 s0800/1030] loss = 0.006238
[e313 s0850/1030] loss = 0.006257
[e313 s0900/1030] loss = 0.006150
[e313 s0950/1030] loss = 0.006263
[e313 s1000/1030] loss = 0.006332
Epoch 313: train_loss = 0.006302  MAE/GAME0 = 53.828  RMSE = 81.904  GAME1 = 55.898  GAME2 = 57.728  GAME3 = 59.288  lr = 4.15e-06  time = 62.1s
[e314 s0001/1030] loss = 0.004580
[e314 s0050/1030] loss = 0.005947
[e314 s0100/1030] loss = 0.008017
[e314 s0150/1030] loss = 0.007940
[e314 s0200/1030] loss = 0.007247
[e314 s0250/1030] loss = 0.007142
[e314 s0300/1030] loss = 0.006685
[e314 s0350/1030] loss = 0.007870
[e314 s0400/1030] loss = 0.007333
[e314 s0450/1030] loss = 0.007351
[e314 s0500/1030] loss = 0.007008
[e314 s0550/1030] loss = 0.007031
[e314 s0600/1030] loss = 0.007216
[e314 s0650/1030] loss = 0.007210
[e314 s0700/1030] loss = 0.007100
[e314 s0750/1030] loss = 0.006996
[e314 s0800/1030] loss = 0.006934
[e314 s0850/1030] loss = 0.006990
[e314 s0900/1030] loss = 0.006875
[e314 s0950/1030] loss = 0.006793
[e314 s1000/1030] loss = 0.006719
Epoch 314: train_loss = 0.006677  MAE/GAME0 = 52.462  RMSE = 80.936  GAME1 = 54.631  GAME2 = 56.383  GAME3 = 57.867  lr = 4.06e-06  time = 63.4s
[e315 s0001/1030] loss = 0.010559
[e315 s0050/1030] loss = 0.004355
[e315 s0100/1030] loss = 0.005862
[e315 s0150/1030] loss = 0.006627
[e315 s0200/1030] loss = 0.006828
[e315 s0250/1030] loss = 0.006303
[e315 s0300/1030] loss = 0.006242
[e315 s0350/1030] loss = 0.006586
[e315 s0400/1030] loss = 0.006676
[e315 s0450/1030] loss = 0.006500
[e315 s0500/1030] loss = 0.006920
[e315 s0550/1030] loss = 0.006715
[e315 s0600/1030] loss = 0.007320
[e315 s0650/1030] loss = 0.007140
[e315 s0700/1030] loss = 0.006970
[e315 s0750/1030] loss = 0.006811
[e315 s0800/1030] loss = 0.006659
[e315 s0850/1030] loss = 0.006816
[e315 s0900/1030] loss = 0.006628
[e315 s0950/1030] loss = 0.006585
[e315 s1000/1030] loss = 0.006497
Epoch 315: train_loss = 0.006533  MAE/GAME0 = 52.778  RMSE = 81.119  GAME1 = 54.365  GAME2 = 55.716  GAME3 = 56.824  lr = 3.97e-06  time = 63.5s
[e316 s0001/1030] loss = 0.002604
[e316 s0050/1030] loss = 0.012560
[e316 s0100/1030] loss = 0.008716
[e316 s0150/1030] loss = 0.007494
[e316 s0200/1030] loss = 0.006548
[e316 s0250/1030] loss = 0.006427
[e316 s0300/1030] loss = 0.008532
[e316 s0350/1030] loss = 0.008221
[e316 s0400/1030] loss = 0.007999
[e316 s0450/1030] loss = 0.008266
[e316 s0500/1030] loss = 0.008048
[e316 s0550/1030] loss = 0.007757
[e316 s0600/1030] loss = 0.007585
[e316 s0650/1030] loss = 0.007488
[e316 s0700/1030] loss = 0.007286
[e316 s0750/1030] loss = 0.007245
[e316 s0800/1030] loss = 0.007029
[e316 s0850/1030] loss = 0.007077
[e316 s0900/1030] loss = 0.007054
[e316 s0950/1030] loss = 0.006898
[e316 s1000/1030] loss = 0.006745
Epoch 316: train_loss = 0.006659  MAE/GAME0 = 54.458  RMSE = 81.948  GAME1 = 56.408  GAME2 = 58.141  GAME3 = 59.399  lr = 3.88e-06  time = 62.3s
[e317 s0001/1030] loss = 0.001562
[e317 s0050/1030] loss = 0.005925
[e317 s0100/1030] loss = 0.005652
[e317 s0150/1030] loss = 0.005246
[e317 s0200/1030] loss = 0.005878
[e317 s0250/1030] loss = 0.005930
[e317 s0300/1030] loss = 0.005949
[e317 s0350/1030] loss = 0.005621
[e317 s0400/1030] loss = 0.005893
[e317 s0450/1030] loss = 0.005814
[e317 s0500/1030] loss = 0.005716
[e317 s0550/1030] loss = 0.005610
[e317 s0600/1030] loss = 0.005491
[e317 s0650/1030] loss = 0.005409
[e317 s0700/1030] loss = 0.005323
[e317 s0750/1030] loss = 0.005341
[e317 s0800/1030] loss = 0.005433
[e317 s0850/1030] loss = 0.005499
[e317 s0900/1030] loss = 0.005468
[e317 s0950/1030] loss = 0.006072
[e317 s1000/1030] loss = 0.006383
Epoch 317: train_loss = 0.006317  MAE/GAME0 = 53.777  RMSE = 81.993  GAME1 = 55.868  GAME2 = 57.774  GAME3 = 59.166  lr = 3.79e-06  time = 61.7s
[e318 s0001/1030] loss = 0.000670
[e318 s0050/1030] loss = 0.005007
[e318 s0100/1030] loss = 0.005078
[e318 s0150/1030] loss = 0.005124
[e318 s0200/1030] loss = 0.005551
[e318 s0250/1030] loss = 0.005593
[e318 s0300/1030] loss = 0.005387
[e318 s0350/1030] loss = 0.005417
[e318 s0400/1030] loss = 0.005463
[e318 s0450/1030] loss = 0.005806
[e318 s0500/1030] loss = 0.005790
[e318 s0550/1030] loss = 0.005805
[e318 s0600/1030] loss = 0.005622
[e318 s0650/1030] loss = 0.005492
[e318 s0700/1030] loss = 0.005573
[e318 s0750/1030] loss = 0.005462
[e318 s0800/1030] loss = 0.005370
[e318 s0850/1030] loss = 0.005763
[e318 s0900/1030] loss = 0.005724
[e318 s0950/1030] loss = 0.005661
[e318 s1000/1030] loss = 0.005671
Epoch 318: train_loss = 0.005794  MAE/GAME0 = 55.683  RMSE = 82.835  GAME1 = 56.959  GAME2 = 58.468  GAME3 = 59.511  lr = 3.71e-06  time = 61.6s
[e319 s0001/1030] loss = 0.004635
[e319 s0050/1030] loss = 0.004776
[e319 s0100/1030] loss = 0.004401
[e319 s0150/1030] loss = 0.005299
[e319 s0200/1030] loss = 0.005792
[e319 s0250/1030] loss = 0.005991
[e319 s0300/1030] loss = 0.005994
[e319 s0350/1030] loss = 0.006091
[e319 s0400/1030] loss = 0.006358
[e319 s0450/1030] loss = 0.006261
[e319 s0500/1030] loss = 0.006109
[e319 s0550/1030] loss = 0.006098
[e319 s0600/1030] loss = 0.006108
[e319 s0650/1030] loss = 0.006003
[e319 s0700/1030] loss = 0.005957
[e319 s0750/1030] loss = 0.005920
[e319 s0800/1030] loss = 0.005944
[e319 s0850/1030] loss = 0.005801
[e319 s0900/1030] loss = 0.005683
[e319 s0950/1030] loss = 0.005683
[e319 s1000/1030] loss = 0.005616
Epoch 319: train_loss = 0.005747  MAE/GAME0 = 54.237  RMSE = 82.287  GAME1 = 55.646  GAME2 = 56.979  GAME3 = 57.915  lr = 3.62e-06  time = 62.4s
[e320 s0001/1030] loss = 0.001638
[e320 s0050/1030] loss = 0.004797
[e320 s0100/1030] loss = 0.004720
[e320 s0150/1030] loss = 0.004942
[e320 s0200/1030] loss = 0.004664
[e320 s0250/1030] loss = 0.005163
[e320 s0300/1030] loss = 0.004905
[e320 s0350/1030] loss = 0.005405
[e320 s0400/1030] loss = 0.005152
[e320 s0450/1030] loss = 0.005012
[e320 s0500/1030] loss = 0.005339
[e320 s0550/1030] loss = 0.005353
[e320 s0600/1030] loss = 0.005399
[e320 s0650/1030] loss = 0.005567
[e320 s0700/1030] loss = 0.005713
[e320 s0750/1030] loss = 0.005582
[e320 s0800/1030] loss = 0.006594
[e320 s0850/1030] loss = 0.006631
[e320 s0900/1030] loss = 0.006550
[e320 s0950/1030] loss = 0.006369
[e320 s1000/1030] loss = 0.006198
Epoch 320: train_loss = 0.006164  MAE/GAME0 = 53.265  RMSE = 81.425  GAME1 = 54.927  GAME2 = 56.823  GAME3 = 58.040  lr = 3.54e-06  time = 62.8s
[e321 s0001/1030] loss = 0.000962
[e321 s0050/1030] loss = 0.004467
[e321 s0100/1030] loss = 0.005469
[e321 s0150/1030] loss = 0.005206
[e321 s0200/1030] loss = 0.005014
[e321 s0250/1030] loss = 0.005195
[e321 s0300/1030] loss = 0.004950
[e321 s0350/1030] loss = 0.005271
[e321 s0400/1030] loss = 0.005112
[e321 s0450/1030] loss = 0.005065
[e321 s0500/1030] loss = 0.005716
[e321 s0550/1030] loss = 0.006000
[e321 s0600/1030] loss = 0.005828
[e321 s0650/1030] loss = 0.005665
[e321 s0700/1030] loss = 0.005700
[e321 s0750/1030] loss = 0.005614
[e321 s0800/1030] loss = 0.005530
[e321 s0850/1030] loss = 0.005536
[e321 s0900/1030] loss = 0.005674
[e321 s0950/1030] loss = 0.005745
[e321 s1000/1030] loss = 0.005700
Epoch 321: train_loss = 0.005661  MAE/GAME0 = 56.851  RMSE = 83.951  GAME1 = 58.059  GAME2 = 59.177  GAME3 = 59.883  lr = 3.45e-06  time = 59.4s
[e322 s0001/1030] loss = 0.000824
[e322 s0050/1030] loss = 0.004002
[e322 s0100/1030] loss = 0.004269
[e322 s0150/1030] loss = 0.004136
[e322 s0200/1030] loss = 0.004190
[e322 s0250/1030] loss = 0.004394
[e322 s0300/1030] loss = 0.004576
[e322 s0350/1030] loss = 0.004904
[e322 s0400/1030] loss = 0.004722
[e322 s0450/1030] loss = 0.005214
[e322 s0500/1030] loss = 0.005308
[e322 s0550/1030] loss = 0.005443
[e322 s0600/1030] loss = 0.005442
[e322 s0650/1030] loss = 0.005355
[e322 s0700/1030] loss = 0.005369
[e322 s0750/1030] loss = 0.005210
[e322 s0800/1030] loss = 0.005209
[e322 s0850/1030] loss = 0.005221
[e322 s0900/1030] loss = 0.005405
[e322 s0950/1030] loss = 0.005265
[e322 s1000/1030] loss = 0.005692
Epoch 322: train_loss = 0.005688  MAE/GAME0 = 51.019  RMSE = 79.895  GAME1 = 53.472  GAME2 = 55.816  GAME3 = 57.312  lr = 3.37e-06  time = 59.0s
[e323 s0001/1030] loss = 0.001186
[e323 s0050/1030] loss = 0.006779
[e323 s0100/1030] loss = 0.005300
[e323 s0150/1030] loss = 0.005386
[e323 s0200/1030] loss = 0.005302
[e323 s0250/1030] loss = 0.005007
[e323 s0300/1030] loss = 0.005530
[e323 s0350/1030] loss = 0.005542
[e323 s0400/1030] loss = 0.005422
[e323 s0450/1030] loss = 0.005273
[e323 s0500/1030] loss = 0.005659
[e323 s0550/1030] loss = 0.005490
[e323 s0600/1030] loss = 0.005552
[e323 s0650/1030] loss = 0.005505
[e323 s0700/1030] loss = 0.005844
[e323 s0750/1030] loss = 0.005992
[e323 s0800/1030] loss = 0.005950
[e323 s0850/1030] loss = 0.005840
[e323 s0900/1030] loss = 0.005706
[e323 s0950/1030] loss = 0.005676
[e323 s1000/1030] loss = 0.005550
Epoch 323: train_loss = 0.005520  MAE/GAME0 = 50.548  RMSE = 79.646  GAME1 = 53.368  GAME2 = 55.800  GAME3 = 57.471  lr = 3.29e-06  time = 59.6s
[e324 s0001/1030] loss = 0.005657
[e324 s0050/1030] loss = 0.006533
[e324 s0100/1030] loss = 0.005782
[e324 s0150/1030] loss = 0.005379
[e324 s0200/1030] loss = 0.005424
[e324 s0250/1030] loss = 0.005698
[e324 s0300/1030] loss = 0.005430
[e324 s0350/1030] loss = 0.005450
[e324 s0400/1030] loss = 0.005334
[e324 s0450/1030] loss = 0.005199
[e324 s0500/1030] loss = 0.005226
[e324 s0550/1030] loss = 0.005275
[e324 s0600/1030] loss = 0.005263
[e324 s0650/1030] loss = 0.005193
[e324 s0700/1030] loss = 0.005346
[e324 s0750/1030] loss = 0.005333
[e324 s0800/1030] loss = 0.005393
[e324 s0850/1030] loss = 0.005313
[e324 s0900/1030] loss = 0.005186
[e324 s0950/1030] loss = 0.005119
[e324 s1000/1030] loss = 0.005046
Epoch 324: train_loss = 0.005191  MAE/GAME0 = 54.956  RMSE = 82.335  GAME1 = 57.165  GAME2 = 59.285  GAME3 = 60.729  lr = 3.21e-06  time = 60.3s
[e325 s0001/1030] loss = 0.011567
[e325 s0050/1030] loss = 0.006598
[e325 s0100/1030] loss = 0.005956
[e325 s0150/1030] loss = 0.006216
[e325 s0200/1030] loss = 0.006706
[e325 s0250/1030] loss = 0.006108
[e325 s0300/1030] loss = 0.005715
[e325 s0350/1030] loss = 0.005466
[e325 s0400/1030] loss = 0.005372
[e325 s0450/1030] loss = 0.005386
[e325 s0500/1030] loss = 0.005224
[e325 s0550/1030] loss = 0.005080
[e325 s0600/1030] loss = 0.004908
[e325 s0650/1030] loss = 0.005032
[e325 s0700/1030] loss = 0.005256
[e325 s0750/1030] loss = 0.005150
[e325 s0800/1030] loss = 0.005239
[e325 s0850/1030] loss = 0.005307
[e325 s0900/1030] loss = 0.005258
[e325 s0950/1030] loss = 0.005229
[e325 s1000/1030] loss = 0.005116
Epoch 325: train_loss = 0.005078  MAE/GAME0 = 56.026  RMSE = 83.568  GAME1 = 57.881  GAME2 = 59.472  GAME3 = 60.608  lr = 3.13e-06  time = 60.1s
[e326 s0001/1030] loss = 0.002044
[e326 s0050/1030] loss = 0.004528
[e326 s0100/1030] loss = 0.005978
[e326 s0150/1030] loss = 0.006041
[e326 s0200/1030] loss = 0.005567
[e326 s0250/1030] loss = 0.005477
[e326 s0300/1030] loss = 0.005721
[e326 s0350/1030] loss = 0.005619
[e326 s0400/1030] loss = 0.005409
[e326 s0450/1030] loss = 0.005168
[e326 s0500/1030] loss = 0.004952
[e326 s0550/1030] loss = 0.004833
[e326 s0600/1030] loss = 0.004985
[e326 s0650/1030] loss = 0.005036
[e326 s0700/1030] loss = 0.005225
[e326 s0750/1030] loss = 0.005205
[e326 s0800/1030] loss = 0.005406
[e326 s0850/1030] loss = 0.005372
[e326 s0900/1030] loss = 0.005239
[e326 s0950/1030] loss = 0.005182
[e326 s1000/1030] loss = 0.005210
Epoch 326: train_loss = 0.005219  MAE/GAME0 = 48.543  RMSE = 78.091  GAME1 = 51.685  GAME2 = 54.484  GAME3 = 56.362  lr = 3.05e-06  time = 59.3s
[e327 s0001/1030] loss = 0.000703
[e327 s0050/1030] loss = 0.003946
[e327 s0100/1030] loss = 0.004440
[e327 s0150/1030] loss = 0.003998
[e327 s0200/1030] loss = 0.003990
[e327 s0250/1030] loss = 0.003943
[e327 s0300/1030] loss = 0.004937
[e327 s0350/1030] loss = 0.005209
[e327 s0400/1030] loss = 0.005018
[e327 s0450/1030] loss = 0.004957
[e327 s0500/1030] loss = 0.004834
[e327 s0550/1030] loss = 0.004927
[e327 s0600/1030] loss = 0.004883
[e327 s0650/1030] loss = 0.004752
[e327 s0700/1030] loss = 0.004694
[e327 s0750/1030] loss = 0.004824
[e327 s0800/1030] loss = 0.004768
[e327 s0850/1030] loss = 0.004857
[e327 s0900/1030] loss = 0.004829
[e327 s0950/1030] loss = 0.004805
[e327 s1000/1030] loss = 0.004808
Epoch 327: train_loss = 0.004751  MAE/GAME0 = 52.019  RMSE = 80.584  GAME1 = 54.214  GAME2 = 56.364  GAME3 = 57.733  lr = 2.97e-06  time = 58.0s
[e328 s0001/1030] loss = 0.005457
[e328 s0050/1030] loss = 0.008195
[e328 s0100/1030] loss = 0.006279
[e328 s0150/1030] loss = 0.006169
[e328 s0200/1030] loss = 0.005605
[e328 s0250/1030] loss = 0.005243
[e328 s0300/1030] loss = 0.005292
[e328 s0350/1030] loss = 0.005248
[e328 s0400/1030] loss = 0.005067
[e328 s0450/1030] loss = 0.004943
[e328 s0500/1030] loss = 0.005164
[e328 s0550/1030] loss = 0.005044
[e328 s0600/1030] loss = 0.004999
[e328 s0650/1030] loss = 0.004894
[e328 s0700/1030] loss = 0.005073
[e328 s0750/1030] loss = 0.005029
[e328 s0800/1030] loss = 0.004939
[e328 s0850/1030] loss = 0.005138
[e328 s0900/1030] loss = 0.005058
[e328 s0950/1030] loss = 0.004935
[e328 s1000/1030] loss = 0.004841
Epoch 328: train_loss = 0.004785  MAE/GAME0 = 52.245  RMSE = 80.894  GAME1 = 54.610  GAME2 = 56.756  GAME3 = 58.286  lr = 2.89e-06  time = 58.1s
[e329 s0001/1030] loss = 0.000520
[e329 s0050/1030] loss = 0.003327
[e329 s0100/1030] loss = 0.003933
[e329 s0150/1030] loss = 0.005975
[e329 s0200/1030] loss = 0.005542
[e329 s0250/1030] loss = 0.004982
[e329 s0300/1030] loss = 0.005525
[e329 s0350/1030] loss = 0.005205
[e329 s0400/1030] loss = 0.004983
[e329 s0450/1030] loss = 0.004964
[e329 s0500/1030] loss = 0.004981
[e329 s0550/1030] loss = 0.005099
[e329 s0600/1030] loss = 0.004990
[e329 s0650/1030] loss = 0.004857
[e329 s0700/1030] loss = 0.004782
[e329 s0750/1030] loss = 0.004822
[e329 s0800/1030] loss = 0.004843
[e329 s0850/1030] loss = 0.004861
[e329 s0900/1030] loss = 0.004931
[e329 s0950/1030] loss = 0.004816
[e329 s1000/1030] loss = 0.004762
Epoch 329: train_loss = 0.004777  MAE/GAME0 = 52.676  RMSE = 80.166  GAME1 = 54.491  GAME2 = 56.532  GAME3 = 57.964  lr = 2.82e-06  time = 58.6s
[e330 s0001/1030] loss = 0.003642
[e330 s0050/1030] loss = 0.005125
[e330 s0100/1030] loss = 0.004659
[e330 s0150/1030] loss = 0.004821
[e330 s0200/1030] loss = 0.004444
[e330 s0250/1030] loss = 0.004463
[e330 s0300/1030] loss = 0.004688
[e330 s0350/1030] loss = 0.004424
[e330 s0400/1030] loss = 0.004298
[e330 s0450/1030] loss = 0.004189
[e330 s0500/1030] loss = 0.004060
[e330 s0550/1030] loss = 0.004131
[e330 s0600/1030] loss = 0.004219
[e330 s0650/1030] loss = 0.004297
[e330 s0700/1030] loss = 0.004417
[e330 s0750/1030] loss = 0.004336
[e330 s0800/1030] loss = 0.004259
[e330 s0850/1030] loss = 0.004273
[e330 s0900/1030] loss = 0.004248
[e330 s0950/1030] loss = 0.004195
[e330 s1000/1030] loss = 0.004241
Epoch 330: train_loss = 0.004328  MAE/GAME0 = 52.747  RMSE = 81.282  GAME1 = 54.743  GAME2 = 56.668  GAME3 = 58.055  lr = 2.74e-06  time = 58.7s
[e331 s0001/1030] loss = 0.001247
[e331 s0050/1030] loss = 0.003832
[e331 s0100/1030] loss = 0.004731
[e331 s0150/1030] loss = 0.004224
[e331 s0200/1030] loss = 0.003912
[e331 s0250/1030] loss = 0.003979
[e331 s0300/1030] loss = 0.003958
[e331 s0350/1030] loss = 0.004069
[e331 s0400/1030] loss = 0.003994
[e331 s0450/1030] loss = 0.003979
[e331 s0500/1030] loss = 0.004785
[e331 s0550/1030] loss = 0.004676
[e331 s0600/1030] loss = 0.004708
[e331 s0650/1030] loss = 0.004871
[e331 s0700/1030] loss = 0.004829
[e331 s0750/1030] loss = 0.004881
[e331 s0800/1030] loss = 0.004841
[e331 s0850/1030] loss = 0.004757
[e331 s0900/1030] loss = 0.004787
[e331 s0950/1030] loss = 0.004689
[e331 s1000/1030] loss = 0.004630
Epoch 331: train_loss = 0.004695  MAE/GAME0 = 52.698  RMSE = 80.930  GAME1 = 53.771  GAME2 = 54.855  GAME3 = 55.944  lr = 2.67e-06  time = 59.4s
[e332 s0001/1030] loss = 0.001663
[e332 s0050/1030] loss = 0.007598
[e332 s0100/1030] loss = 0.005214
[e332 s0150/1030] loss = 0.004982
[e332 s0200/1030] loss = 0.004622
[e332 s0250/1030] loss = 0.004417
[e332 s0300/1030] loss = 0.004368
[e332 s0350/1030] loss = 0.004262
[e332 s0400/1030] loss = 0.004545
[e332 s0450/1030] loss = 0.004436
[e332 s0500/1030] loss = 0.004710
[e332 s0550/1030] loss = 0.004571
[e332 s0600/1030] loss = 0.004514
[e332 s0650/1030] loss = 0.004614
[e332 s0700/1030] loss = 0.004652
[e332 s0750/1030] loss = 0.004587
[e332 s0800/1030] loss = 0.004592
[e332 s0850/1030] loss = 0.004538
[e332 s0900/1030] loss = 0.004539
[e332 s0950/1030] loss = 0.004483
[e332 s1000/1030] loss = 0.004441
Epoch 332: train_loss = 0.004455  MAE/GAME0 = 54.795  RMSE = 82.629  GAME1 = 56.847  GAME2 = 58.759  GAME3 = 60.263  lr = 2.59e-06  time = 58.8s
[e333 s0001/1030] loss = 0.005527
[e333 s0050/1030] loss = 0.005315
[e333 s0100/1030] loss = 0.003958
[e333 s0150/1030] loss = 0.004333
[e333 s0200/1030] loss = 0.004125
[e333 s0250/1030] loss = 0.005169
[e333 s0300/1030] loss = 0.004783
[e333 s0350/1030] loss = 0.004718
[e333 s0400/1030] loss = 0.004573
[e333 s0450/1030] loss = 0.004609
[e333 s0500/1030] loss = 0.004550
[e333 s0550/1030] loss = 0.004592
[e333 s0600/1030] loss = 0.004463
[e333 s0650/1030] loss = 0.004362
[e333 s0700/1030] loss = 0.004300
[e333 s0750/1030] loss = 0.004452
[e333 s0800/1030] loss = 0.004396
[e333 s0850/1030] loss = 0.004378
[e333 s0900/1030] loss = 0.004259
[e333 s0950/1030] loss = 0.004396
[e333 s1000/1030] loss = 0.004378
Epoch 333: train_loss = 0.004323  MAE/GAME0 = 56.149  RMSE = 83.173  GAME1 = 57.245  GAME2 = 58.720  GAME3 = 59.670  lr = 2.52e-06  time = 59.0s
[e334 s0001/1030] loss = 0.001159
[e334 s0050/1030] loss = 0.003816
[e334 s0100/1030] loss = 0.004169
[e334 s0150/1030] loss = 0.004043
[e334 s0200/1030] loss = 0.003866
[e334 s0250/1030] loss = 0.003863
[e334 s0300/1030] loss = 0.003922
[e334 s0350/1030] loss = 0.004195
[e334 s0400/1030] loss = 0.003983
[e334 s0450/1030] loss = 0.003924
[e334 s0500/1030] loss = 0.003822
[e334 s0550/1030] loss = 0.003884
[e334 s0600/1030] loss = 0.003837
[e334 s0650/1030] loss = 0.003915
[e334 s0700/1030] loss = 0.003912
[e334 s0750/1030] loss = 0.004240
[e334 s0800/1030] loss = 0.004179
[e334 s0850/1030] loss = 0.004542
[e334 s0900/1030] loss = 0.004499
[e334 s0950/1030] loss = 0.004394
[e334 s1000/1030] loss = 0.004375
Epoch 334: train_loss = 0.004350  MAE/GAME0 = 53.542  RMSE = 81.687  GAME1 = 55.244  GAME2 = 57.131  GAME3 = 58.324  lr = 2.45e-06  time = 58.4s
[e335 s0001/1030] loss = 0.005311
[e335 s0050/1030] loss = 0.003333
[e335 s0100/1030] loss = 0.003729
[e335 s0150/1030] loss = 0.003720
[e335 s0200/1030] loss = 0.004829
[e335 s0250/1030] loss = 0.004424
[e335 s0300/1030] loss = 0.004156
[e335 s0350/1030] loss = 0.004099
[e335 s0400/1030] loss = 0.004137
[e335 s0450/1030] loss = 0.004212
[e335 s0500/1030] loss = 0.004234
[e335 s0550/1030] loss = 0.004148
[e335 s0600/1030] loss = 0.004072
[e335 s0650/1030] loss = 0.004049
[e335 s0700/1030] loss = 0.004190
[e335 s0750/1030] loss = 0.004167
[e335 s0800/1030] loss = 0.004111
[e335 s0850/1030] loss = 0.004064
[e335 s0900/1030] loss = 0.003971
[e335 s0950/1030] loss = 0.004046
[e335 s1000/1030] loss = 0.004081
Epoch 335: train_loss = 0.004112  MAE/GAME0 = 55.007  RMSE = 82.693  GAME1 = 56.535  GAME2 = 58.209  GAME3 = 59.266  lr = 2.38e-06  time = 59.1s
[e336 s0001/1030] loss = 0.002321
[e336 s0050/1030] loss = 0.002723
[e336 s0100/1030] loss = 0.003497
[e336 s0150/1030] loss = 0.004187
[e336 s0200/1030] loss = 0.004034
[e336 s0250/1030] loss = 0.003917
[e336 s0300/1030] loss = 0.003933
[e336 s0350/1030] loss = 0.004058
[e336 s0400/1030] loss = 0.003860
[e336 s0450/1030] loss = 0.003725
[e336 s0500/1030] loss = 0.003678
[e336 s0550/1030] loss = 0.004080
[e336 s0600/1030] loss = 0.004029
[e336 s0650/1030] loss = 0.004027
[e336 s0700/1030] loss = 0.003960
[e336 s0750/1030] loss = 0.004069
[e336 s0800/1030] loss = 0.003999
[e336 s0850/1030] loss = 0.003961
[e336 s0900/1030] loss = 0.004244
[e336 s0950/1030] loss = 0.004258
[e336 s1000/1030] loss = 0.004180
Epoch 336: train_loss = 0.004167  MAE/GAME0 = 53.573  RMSE = 81.619  GAME1 = 55.239  GAME2 = 56.751  GAME3 = 57.823  lr = 2.31e-06  time = 58.3s
[e337 s0001/1030] loss = 0.004953
[e337 s0050/1030] loss = 0.003299
[e337 s0100/1030] loss = 0.004315
[e337 s0150/1030] loss = 0.004376
[e337 s0200/1030] loss = 0.004232
[e337 s0250/1030] loss = 0.004429
[e337 s0300/1030] loss = 0.004280
[e337 s0350/1030] loss = 0.004212
[e337 s0400/1030] loss = 0.004262
[e337 s0450/1030] loss = 0.004662
[e337 s0500/1030] loss = 0.004569
[e337 s0550/1030] loss = 0.004400
[e337 s0600/1030] loss = 0.004349
[e337 s0650/1030] loss = 0.004308
[e337 s0700/1030] loss = 0.004409
[e337 s0750/1030] loss = 0.004428
[e337 s0800/1030] loss = 0.004267
[e337 s0850/1030] loss = 0.004176
[e337 s0900/1030] loss = 0.004134
[e337 s0950/1030] loss = 0.004174
[e337 s1000/1030] loss = 0.004144
Epoch 337: train_loss = 0.004210  MAE/GAME0 = 55.300  RMSE = 82.403  GAME1 = 56.688  GAME2 = 57.995  GAME3 = 58.941  lr = 2.24e-06  time = 58.2s
[e338 s0001/1030] loss = 0.004046
[e338 s0050/1030] loss = 0.003504
[e338 s0100/1030] loss = 0.006498
[e338 s0150/1030] loss = 0.005262
[e338 s0200/1030] loss = 0.005373
[e338 s0250/1030] loss = 0.004778
[e338 s0300/1030] loss = 0.004930
[e338 s0350/1030] loss = 0.005157
[e338 s0400/1030] loss = 0.004962
[e338 s0450/1030] loss = 0.004742
[e338 s0500/1030] loss = 0.004581
[e338 s0550/1030] loss = 0.004447
[e338 s0600/1030] loss = 0.004345
[e338 s0650/1030] loss = 0.004339
[e338 s0700/1030] loss = 0.004289
[e338 s0750/1030] loss = 0.004133
[e338 s0800/1030] loss = 0.004149
[e338 s0850/1030] loss = 0.004149
[e338 s0900/1030] loss = 0.004112
[e338 s0950/1030] loss = 0.004053
[e338 s1000/1030] loss = 0.003981
Epoch 338: train_loss = 0.003955  MAE/GAME0 = 53.507  RMSE = 81.707  GAME1 = 55.928  GAME2 = 58.170  GAME3 = 59.639  lr = 2.17e-06  time = 58.3s
[e339 s0001/1030] loss = 0.001278
[e339 s0050/1030] loss = 0.002790
[e339 s0100/1030] loss = 0.002585
[e339 s0150/1030] loss = 0.002637
[e339 s0200/1030] loss = 0.002950
[e339 s0250/1030] loss = 0.003144
[e339 s0300/1030] loss = 0.003468
[e339 s0350/1030] loss = 0.003685
[e339 s0400/1030] loss = 0.003945
[e339 s0450/1030] loss = 0.003791
[e339 s0500/1030] loss = 0.003801
[e339 s0550/1030] loss = 0.003833
[e339 s0600/1030] loss = 0.003763
[e339 s0650/1030] loss = 0.003688
[e339 s0700/1030] loss = 0.003848
[e339 s0750/1030] loss = 0.003877
[e339 s0800/1030] loss = 0.003798
[e339 s0850/1030] loss = 0.003739
[e339 s0900/1030] loss = 0.003692
[e339 s0950/1030] loss = 0.003767
[e339 s1000/1030] loss = 0.003769
Epoch 339: train_loss = 0.003724  MAE/GAME0 = 53.513  RMSE = 80.977  GAME1 = 55.083  GAME2 = 56.992  GAME3 = 58.328  lr = 2.10e-06  time = 58.3s
[e340 s0001/1030] loss = 0.000361
[e340 s0050/1030] loss = 0.002909
[e340 s0100/1030] loss = 0.002772
[e340 s0150/1030] loss = 0.002879
[e340 s0200/1030] loss = 0.002771
[e340 s0250/1030] loss = 0.003074
[e340 s0300/1030] loss = 0.002959
[e340 s0350/1030] loss = 0.003493
[e340 s0400/1030] loss = 0.003786
[e340 s0450/1030] loss = 0.003829
[e340 s0500/1030] loss = 0.003694
[e340 s0550/1030] loss = 0.003686
[e340 s0600/1030] loss = 0.003654
[e340 s0650/1030] loss = 0.003555
[e340 s0700/1030] loss = 0.003531
[e340 s0750/1030] loss = 0.003463
[e340 s0800/1030] loss = 0.003405
[e340 s0850/1030] loss = 0.003360
[e340 s0900/1030] loss = 0.003559
[e340 s0950/1030] loss = 0.003554
[e340 s1000/1030] loss = 0.003580
Epoch 340: train_loss = 0.003556  MAE/GAME0 = 46.014  RMSE = 76.619  GAME1 = 52.049  GAME2 = 55.477  GAME3 = 58.373  lr = 2.04e-06  time = 58.4s
[e341 s0001/1030] loss = 0.003719
[e341 s0050/1030] loss = 0.002119
[e341 s0100/1030] loss = 0.003035
[e341 s0150/1030] loss = 0.004255
[e341 s0200/1030] loss = 0.003889
[e341 s0250/1030] loss = 0.003786
[e341 s0300/1030] loss = 0.003783
[e341 s0350/1030] loss = 0.004065
[e341 s0400/1030] loss = 0.003948
[e341 s0450/1030] loss = 0.003793
[e341 s0500/1030] loss = 0.003745
[e341 s0550/1030] loss = 0.003637
[e341 s0600/1030] loss = 0.003805
[e341 s0650/1030] loss = 0.003706
[e341 s0700/1030] loss = 0.003650
[e341 s0750/1030] loss = 0.003642
[e341 s0800/1030] loss = 0.003604
[e341 s0850/1030] loss = 0.003690
[e341 s0900/1030] loss = 0.003704
[e341 s0950/1030] loss = 0.003675
[e341 s1000/1030] loss = 0.003815
Epoch 341: train_loss = 0.003766  MAE/GAME0 = 51.939  RMSE = 80.334  GAME1 = 53.541  GAME2 = 55.057  GAME3 = 56.123  lr = 1.97e-06  time = 58.4s
[e342 s0001/1030] loss = 0.002425
[e342 s0050/1030] loss = 0.002154
[e342 s0100/1030] loss = 0.002707
[e342 s0150/1030] loss = 0.003185
[e342 s0200/1030] loss = 0.003014
[e342 s0250/1030] loss = 0.003070
[e342 s0300/1030] loss = 0.003034
[e342 s0350/1030] loss = 0.003039
[e342 s0400/1030] loss = 0.003165
[e342 s0450/1030] loss = 0.003197
[e342 s0500/1030] loss = 0.003569
[e342 s0550/1030] loss = 0.003674
[e342 s0600/1030] loss = 0.003601
[e342 s0650/1030] loss = 0.003545
[e342 s0700/1030] loss = 0.003653
[e342 s0750/1030] loss = 0.003626
[e342 s0800/1030] loss = 0.003546
[e342 s0850/1030] loss = 0.003525
[e342 s0900/1030] loss = 0.003537
[e342 s0950/1030] loss = 0.003461
[e342 s1000/1030] loss = 0.003512
Epoch 342: train_loss = 0.003469  MAE/GAME0 = 50.805  RMSE = 79.845  GAME1 = 53.926  GAME2 = 56.558  GAME3 = 58.335  lr = 1.91e-06  time = 59.5s
[e343 s0001/1030] loss = 0.001233
[e343 s0050/1030] loss = 0.002720
[e343 s0100/1030] loss = 0.002490
[e343 s0150/1030] loss = 0.003858
[e343 s0200/1030] loss = 0.004474
[e343 s0250/1030] loss = 0.004023
[e343 s0300/1030] loss = 0.004010
[e343 s0350/1030] loss = 0.003918
[e343 s0400/1030] loss = 0.003895
[e343 s0450/1030] loss = 0.003769
[e343 s0500/1030] loss = 0.003867
[e343 s0550/1030] loss = 0.003717
[e343 s0600/1030] loss = 0.003615
[e343 s0650/1030] loss = 0.003560
[e343 s0700/1030] loss = 0.003475
[e343 s0750/1030] loss = 0.003507
[e343 s0800/1030] loss = 0.003428
[e343 s0850/1030] loss = 0.003610
[e343 s0900/1030] loss = 0.003580
[e343 s0950/1030] loss = 0.003571
[e343 s1000/1030] loss = 0.003508
Epoch 343: train_loss = 0.003463  MAE/GAME0 = 51.250  RMSE = 80.102  GAME1 = 54.409  GAME2 = 57.078  GAME3 = 58.741  lr = 1.85e-06  time = 58.2s
[e344 s0001/1030] loss = 0.001222
[e344 s0050/1030] loss = 0.004998
[e344 s0100/1030] loss = 0.004276
[e344 s0150/1030] loss = 0.003842
[e344 s0200/1030] loss = 0.003988
[e344 s0250/1030] loss = 0.003653
[e344 s0300/1030] loss = 0.003519
[e344 s0350/1030] loss = 0.003385
[e344 s0400/1030] loss = 0.003387
[e344 s0450/1030] loss = 0.003317
[e344 s0500/1030] loss = 0.003231
[e344 s0550/1030] loss = 0.003490
[e344 s0600/1030] loss = 0.003365
[e344 s0650/1030] loss = 0.003384
[e344 s0700/1030] loss = 0.003279
[e344 s0750/1030] loss = 0.003297
[e344 s0800/1030] loss = 0.003356
[e344 s0850/1030] loss = 0.003378
[e344 s0900/1030] loss = 0.003462
[e344 s0950/1030] loss = 0.003409
[e344 s1000/1030] loss = 0.003433
Epoch 344: train_loss = 0.003390  MAE/GAME0 = 54.754  RMSE = 82.399  GAME1 = 56.451  GAME2 = 58.297  GAME3 = 59.669  lr = 1.78e-06  time = 58.2s
[e345 s0001/1030] loss = 0.000234
[e345 s0050/1030] loss = 0.002490
[e345 s0100/1030] loss = 0.005266
[e345 s0150/1030] loss = 0.005726
[e345 s0200/1030] loss = 0.004991
[e345 s0250/1030] loss = 0.004756
[e345 s0300/1030] loss = 0.004358
[e345 s0350/1030] loss = 0.004173
[e345 s0400/1030] loss = 0.004356
[e345 s0450/1030] loss = 0.004254
[e345 s0500/1030] loss = 0.004196
[e345 s0550/1030] loss = 0.004013
[e345 s0600/1030] loss = 0.004051
[e345 s0650/1030] loss = 0.003975
[e345 s0700/1030] loss = 0.003898
[e345 s0750/1030] loss = 0.003809
[e345 s0800/1030] loss = 0.003724
[e345 s0850/1030] loss = 0.003671
[e345 s0900/1030] loss = 0.003680
[e345 s0950/1030] loss = 0.003639
[e345 s1000/1030] loss = 0.003541
Epoch 345: train_loss = 0.003502  MAE/GAME0 = 51.340  RMSE = 80.070  GAME1 = 54.163  GAME2 = 56.646  GAME3 = 58.374  lr = 1.72e-06  time = 58.1s
[e346 s0001/1030] loss = 0.003376
[e346 s0050/1030] loss = 0.004281
[e346 s0100/1030] loss = 0.003320
[e346 s0150/1030] loss = 0.003339
[e346 s0200/1030] loss = 0.003121
[e346 s0250/1030] loss = 0.003369
[e346 s0300/1030] loss = 0.003802
[e346 s0350/1030] loss = 0.003557
[e346 s0400/1030] loss = 0.003483
[e346 s0450/1030] loss = 0.003404
[e346 s0500/1030] loss = 0.003689
[e346 s0550/1030] loss = 0.003650
[e346 s0600/1030] loss = 0.003644
[e346 s0650/1030] loss = 0.003630
[e346 s0700/1030] loss = 0.003702
[e346 s0750/1030] loss = 0.003595
[e346 s0800/1030] loss = 0.003496
[e346 s0850/1030] loss = 0.003472
[e346 s0900/1030] loss = 0.003479
[e346 s0950/1030] loss = 0.003424
[e346 s1000/1030] loss = 0.003404
Epoch 346: train_loss = 0.003367  MAE/GAME0 = 54.566  RMSE = 82.415  GAME1 = 55.915  GAME2 = 57.292  GAME3 = 58.298  lr = 1.66e-06  time = 58.7s
[e347 s0001/1030] loss = 0.002276
[e347 s0050/1030] loss = 0.003090
[e347 s0100/1030] loss = 0.003894
[e347 s0150/1030] loss = 0.003952
[e347 s0200/1030] loss = 0.003726
[e347 s0250/1030] loss = 0.003514
[e347 s0300/1030] loss = 0.003330
[e347 s0350/1030] loss = 0.003447
[e347 s0400/1030] loss = 0.003374
[e347 s0450/1030] loss = 0.003312
[e347 s0500/1030] loss = 0.003441
[e347 s0550/1030] loss = 0.003462
[e347 s0600/1030] loss = 0.003374
[e347 s0650/1030] loss = 0.003307
[e347 s0700/1030] loss = 0.003420
[e347 s0750/1030] loss = 0.003344
[e347 s0800/1030] loss = 0.003343
[e347 s0850/1030] loss = 0.003328
[e347 s0900/1030] loss = 0.003266
[e347 s0950/1030] loss = 0.003212
[e347 s1000/1030] loss = 0.003195
Epoch 347: train_loss = 0.003167  MAE/GAME0 = 53.621  RMSE = 81.607  GAME1 = 55.154  GAME2 = 56.661  GAME3 = 57.704  lr = 1.60e-06  time = 58.7s
[e348 s0001/1030] loss = 0.001528
[e348 s0050/1030] loss = 0.001830
[e348 s0100/1030] loss = 0.002518
[e348 s0150/1030] loss = 0.003564
[e348 s0200/1030] loss = 0.003501
[e348 s0250/1030] loss = 0.003346
[e348 s0300/1030] loss = 0.003834
[e348 s0350/1030] loss = 0.003796
[e348 s0400/1030] loss = 0.003718
[e348 s0450/1030] loss = 0.003561
[e348 s0500/1030] loss = 0.003600
[e348 s0550/1030] loss = 0.003502
[e348 s0600/1030] loss = 0.003434
[e348 s0650/1030] loss = 0.003484
[e348 s0700/1030] loss = 0.003436
[e348 s0750/1030] loss = 0.003470
[e348 s0800/1030] loss = 0.003380
[e348 s0850/1030] loss = 0.003383
[e348 s0900/1030] loss = 0.003356
[e348 s0950/1030] loss = 0.003318
[e348 s1000/1030] loss = 0.003279
Epoch 348: train_loss = 0.003259  MAE/GAME0 = 50.008  RMSE = 79.174  GAME1 = 52.492  GAME2 = 54.523  GAME3 = 56.401  lr = 1.55e-06  time = 58.7s
[e349 s0001/1030] loss = 0.000590
[e349 s0050/1030] loss = 0.002341
[e349 s0100/1030] loss = 0.002266
[e349 s0150/1030] loss = 0.002271
[e349 s0200/1030] loss = 0.002117
[e349 s0250/1030] loss = 0.002140
[e349 s0300/1030] loss = 0.002374
[e349 s0350/1030] loss = 0.002317
[e349 s0400/1030] loss = 0.002810
[e349 s0450/1030] loss = 0.002866
[e349 s0500/1030] loss = 0.003105
[e349 s0550/1030] loss = 0.002993
[e349 s0600/1030] loss = 0.002991
[e349 s0650/1030] loss = 0.002969
[e349 s0700/1030] loss = 0.002975
[e349 s0750/1030] loss = 0.003018
[e349 s0800/1030] loss = 0.003142
[e349 s0850/1030] loss = 0.003096
[e349 s0900/1030] loss = 0.003083
[e349 s0950/1030] loss = 0.003031
[e349 s1000/1030] loss = 0.003031
Epoch 349: train_loss = 0.003031  MAE/GAME0 = 48.162  RMSE = 76.935  GAME1 = 50.858  GAME2 = 53.186  GAME3 = 55.028  lr = 1.49e-06  time = 58.2s
[e350 s0001/1030] loss = 0.004924
[e350 s0050/1030] loss = 0.002171
[e350 s0100/1030] loss = 0.002638
[e350 s0150/1030] loss = 0.002827
[e350 s0200/1030] loss = 0.002601
[e350 s0250/1030] loss = 0.003022
[e350 s0300/1030] loss = 0.003270
[e350 s0350/1030] loss = 0.003136
[e350 s0400/1030] loss = 0.002970
[e350 s0450/1030] loss = 0.002967
[e350 s0500/1030] loss = 0.003098
[e350 s0550/1030] loss = 0.003166
[e350 s0600/1030] loss = 0.003056
[e350 s0650/1030] loss = 0.003066
[e350 s0700/1030] loss = 0.002978
[e350 s0750/1030] loss = 0.002950
[e350 s0800/1030] loss = 0.002948
[e350 s0850/1030] loss = 0.002976
[e350 s0900/1030] loss = 0.002954
[e350 s0950/1030] loss = 0.002998
[e350 s1000/1030] loss = 0.002977
Epoch 350: train_loss = 0.002973  MAE/GAME0 = 58.933  RMSE = 85.014  GAME1 = 59.476  GAME2 = 60.284  GAME3 = 60.903  lr = 1.43e-06  time = 58.8s
[e351 s0001/1030] loss = 0.000595
[e351 s0050/1030] loss = 0.002071
[e351 s0100/1030] loss = 0.002389
[e351 s0150/1030] loss = 0.002552
[e351 s0200/1030] loss = 0.002474
[e351 s0250/1030] loss = 0.002437
[e351 s0300/1030] loss = 0.002483
[e351 s0350/1030] loss = 0.002470
[e351 s0400/1030] loss = 0.002609
[e351 s0450/1030] loss = 0.002673
[e351 s0500/1030] loss = 0.002749
[e351 s0550/1030] loss = 0.002731
[e351 s0600/1030] loss = 0.003089
[e351 s0650/1030] loss = 0.003142
[e351 s0700/1030] loss = 0.003060
[e351 s0750/1030] loss = 0.003047
[e351 s0800/1030] loss = 0.003025
[e351 s0850/1030] loss = 0.003088
[e351 s0900/1030] loss = 0.003196
[e351 s0950/1030] loss = 0.003146
[e351 s1000/1030] loss = 0.003132
Epoch 351: train_loss = 0.003124  MAE/GAME0 = 55.722  RMSE = 83.155  GAME1 = 57.675  GAME2 = 59.553  GAME3 = 60.731  lr = 1.38e-06  time = 57.9s
[e352 s0001/1030] loss = 0.003026
[e352 s0050/1030] loss = 0.005283
[e352 s0100/1030] loss = 0.003886
[e352 s0150/1030] loss = 0.003547
[e352 s0200/1030] loss = 0.003325
[e352 s0250/1030] loss = 0.003256
[e352 s0300/1030] loss = 0.003734
[e352 s0350/1030] loss = 0.003585
[e352 s0400/1030] loss = 0.003438
[e352 s0450/1030] loss = 0.003259
[e352 s0500/1030] loss = 0.003226
[e352 s0550/1030] loss = 0.003138
[e352 s0600/1030] loss = 0.003290
[e352 s0650/1030] loss = 0.003189
[e352 s0700/1030] loss = 0.003111
[e352 s0750/1030] loss = 0.003007
[e352 s0800/1030] loss = 0.002986
[e352 s0850/1030] loss = 0.002955
[e352 s0900/1030] loss = 0.002903
[e352 s0950/1030] loss = 0.002868
[e352 s1000/1030] loss = 0.002855
Epoch 352: train_loss = 0.002843  MAE/GAME0 = 53.724  RMSE = 81.811  GAME1 = 55.989  GAME2 = 58.167  GAME3 = 59.520  lr = 1.33e-06  time = 57.4s
[e353 s0001/1030] loss = 0.007756
[e353 s0050/1030] loss = 0.002530
[e353 s0100/1030] loss = 0.002430
[e353 s0150/1030] loss = 0.002256
[e353 s0200/1030] loss = 0.002181
[e353 s0250/1030] loss = 0.002093
[e353 s0300/1030] loss = 0.002220
[e353 s0350/1030] loss = 0.002639
[e353 s0400/1030] loss = 0.003029
[e353 s0450/1030] loss = 0.002945
[e353 s0500/1030] loss = 0.002866
[e353 s0550/1030] loss = 0.002980
[e353 s0600/1030] loss = 0.002883
[e353 s0650/1030] loss = 0.002992
[e353 s0700/1030] loss = 0.002924
[e353 s0750/1030] loss = 0.002904
[e353 s0800/1030] loss = 0.003001
[e353 s0850/1030] loss = 0.002992
[e353 s0900/1030] loss = 0.003002
[e353 s0950/1030] loss = 0.002927
[e353 s1000/1030] loss = 0.002896
Epoch 353: train_loss = 0.002872  MAE/GAME0 = 53.596  RMSE = 81.584  GAME1 = 54.663  GAME2 = 55.810  GAME3 = 56.877  lr = 1.27e-06  time = 59.2s
[e354 s0001/1030] loss = 0.002432
[e354 s0050/1030] loss = 0.002240
[e354 s0100/1030] loss = 0.003369
[e354 s0150/1030] loss = 0.003715
[e354 s0200/1030] loss = 0.003245
[e354 s0250/1030] loss = 0.003140
[e354 s0300/1030] loss = 0.003129
[e354 s0350/1030] loss = 0.002941
[e354 s0400/1030] loss = 0.002796
[e354 s0450/1030] loss = 0.002888
[e354 s0500/1030] loss = 0.002778
[e354 s0550/1030] loss = 0.002782
[e354 s0600/1030] loss = 0.002719
[e354 s0650/1030] loss = 0.002735
[e354 s0700/1030] loss = 0.002677
[e354 s0750/1030] loss = 0.002721
[e354 s0800/1030] loss = 0.002791
[e354 s0850/1030] loss = 0.002881
[e354 s0900/1030] loss = 0.002847
[e354 s0950/1030] loss = 0.002812
[e354 s1000/1030] loss = 0.002808
Epoch 354: train_loss = 0.002768  MAE/GAME0 = 51.548  RMSE = 80.310  GAME1 = 54.109  GAME2 = 56.046  GAME3 = 57.676  lr = 1.22e-06  time = 58.9s
[e355 s0001/1030] loss = 0.001142
[e355 s0050/1030] loss = 0.001661
[e355 s0100/1030] loss = 0.001726
[e355 s0150/1030] loss = 0.003015
[e355 s0200/1030] loss = 0.003016
[e355 s0250/1030] loss = 0.003004
[e355 s0300/1030] loss = 0.002793
[e355 s0350/1030] loss = 0.002714
[e355 s0400/1030] loss = 0.002640
[e355 s0450/1030] loss = 0.002595
[e355 s0500/1030] loss = 0.002581
[e355 s0550/1030] loss = 0.002475
[e355 s0600/1030] loss = 0.002434
[e355 s0650/1030] loss = 0.002464
[e355 s0700/1030] loss = 0.002459
[e355 s0750/1030] loss = 0.002432
[e355 s0800/1030] loss = 0.002411
[e355 s0850/1030] loss = 0.002560
[e355 s0900/1030] loss = 0.002527
[e355 s0950/1030] loss = 0.002619
[e355 s1000/1030] loss = 0.002605
Epoch 355: train_loss = 0.002682  MAE/GAME0 = 53.041  RMSE = 80.813  GAME1 = 55.118  GAME2 = 57.034  GAME3 = 58.342  lr = 1.17e-06  time = 58.8s
[e356 s0001/1030] loss = 0.003992
[e356 s0050/1030] loss = 0.002144
[e356 s0100/1030] loss = 0.002799
[e356 s0150/1030] loss = 0.003083
[e356 s0200/1030] loss = 0.003448
[e356 s0250/1030] loss = 0.003026
[e356 s0300/1030] loss = 0.003045
[e356 s0350/1030] loss = 0.002954
[e356 s0400/1030] loss = 0.002782
[e356 s0450/1030] loss = 0.002720
[e356 s0500/1030] loss = 0.002734
[e356 s0550/1030] loss = 0.002669
[e356 s0600/1030] loss = 0.002869
[e356 s0650/1030] loss = 0.002878
[e356 s0700/1030] loss = 0.002757
[e356 s0750/1030] loss = 0.002706
[e356 s0800/1030] loss = 0.002794
[e356 s0850/1030] loss = 0.002749
[e356 s0900/1030] loss = 0.002766
[e356 s0950/1030] loss = 0.002731
[e356 s1000/1030] loss = 0.002669
Epoch 356: train_loss = 0.002709  MAE/GAME0 = 49.607  RMSE = 78.562  GAME1 = 52.661  GAME2 = 55.333  GAME3 = 57.231  lr = 1.12e-06  time = 58.5s
[e357 s0001/1030] loss = 0.007459
[e357 s0050/1030] loss = 0.004211
[e357 s0100/1030] loss = 0.003080
[e357 s0150/1030] loss = 0.002652
[e357 s0200/1030] loss = 0.002754
[e357 s0250/1030] loss = 0.002736
[e357 s0300/1030] loss = 0.002890
[e357 s0350/1030] loss = 0.002765
[e357 s0400/1030] loss = 0.002938
[e357 s0450/1030] loss = 0.002818
[e357 s0500/1030] loss = 0.002747
[e357 s0550/1030] loss = 0.002899
[e357 s0600/1030] loss = 0.002951
[e357 s0650/1030] loss = 0.002876
[e357 s0700/1030] loss = 0.002824
[e357 s0750/1030] loss = 0.002772
[e357 s0800/1030] loss = 0.002695
[e357 s0850/1030] loss = 0.002704
[e357 s0900/1030] loss = 0.002691
[e357 s0950/1030] loss = 0.002628
[e357 s1000/1030] loss = 0.002623
Epoch 357: train_loss = 0.002601  MAE/GAME0 = 51.511  RMSE = 80.046  GAME1 = 53.727  GAME2 = 55.850  GAME3 = 57.279  lr = 1.07e-06  time = 59.2s
[e358 s0001/1030] loss = 0.000352
[e358 s0050/1030] loss = 0.001771
[e358 s0100/1030] loss = 0.003226
[e358 s0150/1030] loss = 0.003038
[e358 s0200/1030] loss = 0.002817
[e358 s0250/1030] loss = 0.002907
[e358 s0300/1030] loss = 0.002869
[e358 s0350/1030] loss = 0.003149
[e358 s0400/1030] loss = 0.002973
[e358 s0450/1030] loss = 0.002939
[e358 s0500/1030] loss = 0.002920
[e358 s0550/1030] loss = 0.002918
[e358 s0600/1030] loss = 0.002882
[e358 s0650/1030] loss = 0.002879
[e358 s0700/1030] loss = 0.002827
[e358 s0750/1030] loss = 0.002778
[e358 s0800/1030] loss = 0.002704
[e358 s0850/1030] loss = 0.002673
[e358 s0900/1030] loss = 0.002703
[e358 s0950/1030] loss = 0.002670
[e358 s1000/1030] loss = 0.002638
Epoch 358: train_loss = 0.002619  MAE/GAME0 = 56.160  RMSE = 83.528  GAME1 = 57.818  GAME2 = 59.440  GAME3 = 60.493  lr = 1.03e-06  time = 58.7s
[e359 s0001/1030] loss = 0.001373
[e359 s0050/1030] loss = 0.002123
[e359 s0100/1030] loss = 0.002046
[e359 s0150/1030] loss = 0.002340
[e359 s0200/1030] loss = 0.002192
[e359 s0250/1030] loss = 0.002383
[e359 s0300/1030] loss = 0.002245
[e359 s0350/1030] loss = 0.002283
[e359 s0400/1030] loss = 0.002321
[e359 s0450/1030] loss = 0.002322
[e359 s0500/1030] loss = 0.002332
[e359 s0550/1030] loss = 0.002365
[e359 s0600/1030] loss = 0.002336
[e359 s0650/1030] loss = 0.002282
[e359 s0700/1030] loss = 0.002253
[e359 s0750/1030] loss = 0.002206
[e359 s0800/1030] loss = 0.002346
[e359 s0850/1030] loss = 0.002574
[e359 s0900/1030] loss = 0.002559
[e359 s0950/1030] loss = 0.002609
[e359 s1000/1030] loss = 0.002591
Epoch 359: train_loss = 0.002580  MAE/GAME0 = 46.451  RMSE = 76.999  GAME1 = 51.756  GAME2 = 54.981  GAME3 = 57.740  lr = 9.79e-07  time = 58.4s
[e360 s0001/1030] loss = 0.001777
[e360 s0050/1030] loss = 0.003832
[e360 s0100/1030] loss = 0.003090
[e360 s0150/1030] loss = 0.003377
[e360 s0200/1030] loss = 0.002952
[e360 s0250/1030] loss = 0.002753
[e360 s0300/1030] loss = 0.002625
[e360 s0350/1030] loss = 0.002784
[e360 s0400/1030] loss = 0.002757
[e360 s0450/1030] loss = 0.002639
[e360 s0500/1030] loss = 0.002519
[e360 s0550/1030] loss = 0.002502
[e360 s0600/1030] loss = 0.002448
[e360 s0650/1030] loss = 0.002399
[e360 s0700/1030] loss = 0.002376
[e360 s0750/1030] loss = 0.002371
[e360 s0800/1030] loss = 0.002349
[e360 s0850/1030] loss = 0.002385
[e360 s0900/1030] loss = 0.002401
[e360 s0950/1030] loss = 0.002450
[e360 s1000/1030] loss = 0.002449
Epoch 360: train_loss = 0.002458  MAE/GAME0 = 54.166  RMSE = 81.939  GAME1 = 55.575  GAME2 = 57.282  GAME3 = 58.428  lr = 9.34e-07  time = 58.4s
[e361 s0001/1030] loss = 0.000600
[e361 s0050/1030] loss = 0.001972
[e361 s0100/1030] loss = 0.002125
[e361 s0150/1030] loss = 0.002146
[e361 s0200/1030] loss = 0.002258
[e361 s0250/1030] loss = 0.002116
[e361 s0300/1030] loss = 0.002219
[e361 s0350/1030] loss = 0.002188
[e361 s0400/1030] loss = 0.002331
[e361 s0450/1030] loss = 0.002396
[e361 s0500/1030] loss = 0.002374
[e361 s0550/1030] loss = 0.002279
[e361 s0600/1030] loss = 0.002288
[e361 s0650/1030] loss = 0.002271
[e361 s0700/1030] loss = 0.002334
[e361 s0750/1030] loss = 0.002325
[e361 s0800/1030] loss = 0.002303
[e361 s0850/1030] loss = 0.002340
[e361 s0900/1030] loss = 0.002318
[e361 s0950/1030] loss = 0.002289
[e361 s1000/1030] loss = 0.002261
Epoch 361: train_loss = 0.002361  MAE/GAME0 = 54.114  RMSE = 82.161  GAME1 = 55.420  GAME2 = 56.858  GAME3 = 57.799  lr = 8.89e-07  time = 58.5s
[e362 s0001/1030] loss = 0.000528
[e362 s0050/1030] loss = 0.001893
[e362 s0100/1030] loss = 0.002304
[e362 s0150/1030] loss = 0.002925
[e362 s0200/1030] loss = 0.003011
[e362 s0250/1030] loss = 0.002916
[e362 s0300/1030] loss = 0.002797
[e362 s0350/1030] loss = 0.002992
[e362 s0400/1030] loss = 0.002840
[e362 s0450/1030] loss = 0.002702
[e362 s0500/1030] loss = 0.002719
[e362 s0550/1030] loss = 0.002670
[e362 s0600/1030] loss = 0.002570
[e362 s0650/1030] loss = 0.002494
[e362 s0700/1030] loss = 0.002431
[e362 s0750/1030] loss = 0.002525
[e362 s0800/1030] loss = 0.002472
[e362 s0850/1030] loss = 0.002432
[e362 s0900/1030] loss = 0.002398
[e362 s0950/1030] loss = 0.002357
[e362 s1000/1030] loss = 0.002401
Epoch 362: train_loss = 0.002390  MAE/GAME0 = 57.641  RMSE = 84.536  GAME1 = 58.844  GAME2 = 60.319  GAME3 = 61.224  lr = 8.46e-07  time = 59.3s
[e363 s0001/1030] loss = 0.000999
[e363 s0050/1030] loss = 0.003337
[e363 s0100/1030] loss = 0.002855
[e363 s0150/1030] loss = 0.003150
[e363 s0200/1030] loss = 0.002869
[e363 s0250/1030] loss = 0.002699
[e363 s0300/1030] loss = 0.002535
[e363 s0350/1030] loss = 0.002494
[e363 s0400/1030] loss = 0.002362
[e363 s0450/1030] loss = 0.002285
[e363 s0500/1030] loss = 0.002208
[e363 s0550/1030] loss = 0.002149
[e363 s0600/1030] loss = 0.002119
[e363 s0650/1030] loss = 0.002125
[e363 s0700/1030] loss = 0.002130
[e363 s0750/1030] loss = 0.002194
[e363 s0800/1030] loss = 0.002274
[e363 s0850/1030] loss = 0.002208
[e363 s0900/1030] loss = 0.002316
[e363 s0950/1030] loss = 0.002284
[e363 s1000/1030] loss = 0.002285
Epoch 363: train_loss = 0.002265  MAE/GAME0 = 53.094  RMSE = 80.975  GAME1 = 55.158  GAME2 = 57.250  GAME3 = 58.717  lr = 8.04e-07  time = 58.5s
[e364 s0001/1030] loss = 0.001864
[e364 s0050/1030] loss = 0.001823
[e364 s0100/1030] loss = 0.002119
[e364 s0150/1030] loss = 0.002129
[e364 s0200/1030] loss = 0.001951
[e364 s0250/1030] loss = 0.001998
[e364 s0300/1030] loss = 0.001980
[e364 s0350/1030] loss = 0.002053
[e364 s0400/1030] loss = 0.001972
[e364 s0450/1030] loss = 0.002261
[e364 s0500/1030] loss = 0.002335
[e364 s0550/1030] loss = 0.002226
[e364 s0600/1030] loss = 0.002225
[e364 s0650/1030] loss = 0.002186
[e364 s0700/1030] loss = 0.002131
[e364 s0750/1030] loss = 0.002126
[e364 s0800/1030] loss = 0.002095
[e364 s0850/1030] loss = 0.002093
[e364 s0900/1030] loss = 0.002095
[e364 s0950/1030] loss = 0.002203
[e364 s1000/1030] loss = 0.002370
Epoch 364: train_loss = 0.002334  MAE/GAME0 = 52.468  RMSE = 80.597  GAME1 = 53.787  GAME2 = 55.043  GAME3 = 55.977  lr = 7.63e-07  time = 58.5s
[e365 s0001/1030] loss = 0.001276
[e365 s0050/1030] loss = 0.001425
[e365 s0100/1030] loss = 0.002102
[e365 s0150/1030] loss = 0.002331
[e365 s0200/1030] loss = 0.002344
[e365 s0250/1030] loss = 0.002170
[e365 s0300/1030] loss = 0.002077
[e365 s0350/1030] loss = 0.001985
[e365 s0400/1030] loss = 0.001994
[e365 s0450/1030] loss = 0.002001
[e365 s0500/1030] loss = 0.001983
[e365 s0550/1030] loss = 0.001967
[e365 s0600/1030] loss = 0.001953
[e365 s0650/1030] loss = 0.001922
[e365 s0700/1030] loss = 0.001891
[e365 s0750/1030] loss = 0.002105
[e365 s0800/1030] loss = 0.002101
[e365 s0850/1030] loss = 0.002136
[e365 s0900/1030] loss = 0.002185
[e365 s0950/1030] loss = 0.002172
[e365 s1000/1030] loss = 0.002164
Epoch 365: train_loss = 0.002175  MAE/GAME0 = 52.819  RMSE = 81.165  GAME1 = 55.327  GAME2 = 57.638  GAME3 = 59.408  lr = 7.24e-07  time = 59.1s
[e366 s0001/1030] loss = 0.000741
[e366 s0050/1030] loss = 0.002290
[e366 s0100/1030] loss = 0.001828
[e366 s0150/1030] loss = 0.001749
[e366 s0200/1030] loss = 0.001673
[e366 s0250/1030] loss = 0.001656
[e366 s0300/1030] loss = 0.001860
[e366 s0350/1030] loss = 0.002043
[e366 s0400/1030] loss = 0.001964
[e366 s0450/1030] loss = 0.001965
[e366 s0500/1030] loss = 0.002007
[e366 s0550/1030] loss = 0.001928
[e366 s0600/1030] loss = 0.001984
[e366 s0650/1030] loss = 0.002080
[e366 s0700/1030] loss = 0.002070
[e366 s0750/1030] loss = 0.002053
[e366 s0800/1030] loss = 0.002227
[e366 s0850/1030] loss = 0.002204
[e366 s0900/1030] loss = 0.002222
[e366 s0950/1030] loss = 0.002226
[e366 s1000/1030] loss = 0.002204
Epoch 366: train_loss = 0.002209  MAE/GAME0 = 56.707  RMSE = 84.051  GAME1 = 58.346  GAME2 = 59.842  GAME3 = 60.761  lr = 6.85e-07  time = 58.2s
[e367 s0001/1030] loss = 0.002124
[e367 s0050/1030] loss = 0.002808
[e367 s0100/1030] loss = 0.002382
[e367 s0150/1030] loss = 0.002319
[e367 s0200/1030] loss = 0.002818
[e367 s0250/1030] loss = 0.003032
[e367 s0300/1030] loss = 0.003061
[e367 s0350/1030] loss = 0.002838
[e367 s0400/1030] loss = 0.002803
[e367 s0450/1030] loss = 0.002846
[e367 s0500/1030] loss = 0.002793
[e367 s0550/1030] loss = 0.002675
[e367 s0600/1030] loss = 0.002574
[e367 s0650/1030] loss = 0.002538
[e367 s0700/1030] loss = 0.002454
[e367 s0750/1030] loss = 0.002396
[e367 s0800/1030] loss = 0.002321
[e367 s0850/1030] loss = 0.002269
[e367 s0900/1030] loss = 0.002228
[e367 s0950/1030] loss = 0.002210
[e367 s1000/1030] loss = 0.002198
Epoch 367: train_loss = 0.002195  MAE/GAME0 = 53.803  RMSE = 81.823  GAME1 = 55.767  GAME2 = 57.649  GAME3 = 58.793  lr = 6.47e-07  time = 58.9s
[e368 s0001/1030] loss = 0.001183
[e368 s0050/1030] loss = 0.001662
[e368 s0100/1030] loss = 0.001812
[e368 s0150/1030] loss = 0.001833
[e368 s0200/1030] loss = 0.002555
[e368 s0250/1030] loss = 0.002534
[e368 s0300/1030] loss = 0.002381
[e368 s0350/1030] loss = 0.002282
[e368 s0400/1030] loss = 0.002233
[e368 s0450/1030] loss = 0.002139
[e368 s0500/1030] loss = 0.002120
[e368 s0550/1030] loss = 0.002201
[e368 s0600/1030] loss = 0.002131
[e368 s0650/1030] loss = 0.002097
[e368 s0700/1030] loss = 0.002023
[e368 s0750/1030] loss = 0.002030
[e368 s0800/1030] loss = 0.001998
[e368 s0850/1030] loss = 0.001985
[e368 s0900/1030] loss = 0.002006
[e368 s0950/1030] loss = 0.002044
[e368 s1000/1030] loss = 0.002069
Epoch 368: train_loss = 0.002096  MAE/GAME0 = 55.627  RMSE = 82.604  GAME1 = 57.208  GAME2 = 58.695  GAME3 = 59.694  lr = 6.10e-07  time = 58.9s
[e369 s0001/1030] loss = 0.000436
[e369 s0050/1030] loss = 0.001449
[e369 s0100/1030] loss = 0.001616
[e369 s0150/1030] loss = 0.001696
[e369 s0200/1030] loss = 0.001736
[e369 s0250/1030] loss = 0.001790
[e369 s0300/1030] loss = 0.001840
[e369 s0350/1030] loss = 0.001737
[e369 s0400/1030] loss = 0.001951
[e369 s0450/1030] loss = 0.002170
[e369 s0500/1030] loss = 0.002099
[e369 s0550/1030] loss = 0.002049
[e369 s0600/1030] loss = 0.002037
[e369 s0650/1030] loss = 0.002042
[e369 s0700/1030] loss = 0.002069
[e369 s0750/1030] loss = 0.002086
[e369 s0800/1030] loss = 0.002043
[e369 s0850/1030] loss = 0.002170
[e369 s0900/1030] loss = 0.002155
[e369 s0950/1030] loss = 0.002119
[e369 s1000/1030] loss = 0.002116
Epoch 369: train_loss = 0.002121  MAE/GAME0 = 56.631  RMSE = 84.052  GAME1 = 58.273  GAME2 = 59.434  GAME3 = 60.251  lr = 5.75e-07  time = 59.2s
[e370 s0001/1030] loss = 0.002615
[e370 s0050/1030] loss = 0.002026
[e370 s0100/1030] loss = 0.001886
[e370 s0150/1030] loss = 0.001899
[e370 s0200/1030] loss = 0.002092
[e370 s0250/1030] loss = 0.002015
[e370 s0300/1030] loss = 0.001954
[e370 s0350/1030] loss = 0.001887
[e370 s0400/1030] loss = 0.001833
[e370 s0450/1030] loss = 0.001802
[e370 s0500/1030] loss = 0.001939
[e370 s0550/1030] loss = 0.001892
[e370 s0600/1030] loss = 0.001923
[e370 s0650/1030] loss = 0.001904
[e370 s0700/1030] loss = 0.001900
[e370 s0750/1030] loss = 0.001841
[e370 s0800/1030] loss = 0.001954
[e370 s0850/1030] loss = 0.001935
[e370 s0900/1030] loss = 0.001961
[e370 s0950/1030] loss = 0.002043
[e370 s1000/1030] loss = 0.002039
Epoch 370: train_loss = 0.002019  MAE/GAME0 = 51.219  RMSE = 80.214  GAME1 = 55.255  GAME2 = 57.604  GAME3 = 59.500  lr = 5.41e-07  time = 58.7s
[e371 s0001/1030] loss = 0.000939
[e371 s0050/1030] loss = 0.001060
[e371 s0100/1030] loss = 0.001593
[e371 s0150/1030] loss = 0.001663
[e371 s0200/1030] loss = 0.001717
[e371 s0250/1030] loss = 0.001998
[e371 s0300/1030] loss = 0.001886
[e371 s0350/1030] loss = 0.001825
[e371 s0400/1030] loss = 0.001874
[e371 s0450/1030] loss = 0.001849
[e371 s0500/1030] loss = 0.001811
[e371 s0550/1030] loss = 0.001914
[e371 s0600/1030] loss = 0.001897
[e371 s0650/1030] loss = 0.001952
[e371 s0700/1030] loss = 0.001944
[e371 s0750/1030] loss = 0.001913
[e371 s0800/1030] loss = 0.001897
[e371 s0850/1030] loss = 0.001887
[e371 s0900/1030] loss = 0.001941
[e371 s0950/1030] loss = 0.001954
[e371 s1000/1030] loss = 0.002017
Epoch 371: train_loss = 0.001995  MAE/GAME0 = 51.558  RMSE = 80.163  GAME1 = 53.760  GAME2 = 55.825  GAME3 = 57.246  lr = 5.07e-07  time = 58.6s
[e372 s0001/1030] loss = 0.002086
[e372 s0050/1030] loss = 0.001518
[e372 s0100/1030] loss = 0.001661
[e372 s0150/1030] loss = 0.001459
[e372 s0200/1030] loss = 0.002119
[e372 s0250/1030] loss = 0.002003
[e372 s0300/1030] loss = 0.001977
[e372 s0350/1030] loss = 0.001851
[e372 s0400/1030] loss = 0.001834
[e372 s0450/1030] loss = 0.001798
[e372 s0500/1030] loss = 0.001864
[e372 s0550/1030] loss = 0.001839
[e372 s0600/1030] loss = 0.001840
[e372 s0650/1030] loss = 0.001847
[e372 s0700/1030] loss = 0.001805
[e372 s0750/1030] loss = 0.001774
[e372 s0800/1030] loss = 0.001916
[e372 s0850/1030] loss = 0.001896
[e372 s0900/1030] loss = 0.001878
[e372 s0950/1030] loss = 0.001980
[e372 s1000/1030] loss = 0.001951
Epoch 372: train_loss = 0.001931  MAE/GAME0 = 51.832  RMSE = 80.620  GAME1 = 54.602  GAME2 = 57.104  GAME3 = 58.924  lr = 4.75e-07  time = 58.3s
[e373 s0001/1030] loss = 0.000143
[e373 s0050/1030] loss = 0.001006
[e373 s0100/1030] loss = 0.001576
[e373 s0150/1030] loss = 0.001592
[e373 s0200/1030] loss = 0.001609
[e373 s0250/1030] loss = 0.001520
[e373 s0300/1030] loss = 0.001499
[e373 s0350/1030] loss = 0.001576
[e373 s0400/1030] loss = 0.001609
[e373 s0450/1030] loss = 0.001610
[e373 s0500/1030] loss = 0.001686
[e373 s0550/1030] loss = 0.001660
[e373 s0600/1030] loss = 0.001822
[e373 s0650/1030] loss = 0.001800
[e373 s0700/1030] loss = 0.001835
[e373 s0750/1030] loss = 0.001928
[e373 s0800/1030] loss = 0.001898
[e373 s0850/1030] loss = 0.001879
[e373 s0900/1030] loss = 0.001957
[e373 s0950/1030] loss = 0.001958
[e373 s1000/1030] loss = 0.001928
Epoch 373: train_loss = 0.001913  MAE/GAME0 = 51.482  RMSE = 80.246  GAME1 = 54.079  GAME2 = 56.250  GAME3 = 57.983  lr = 4.44e-07  time = 58.9s
[e374 s0001/1030] loss = 0.000959
[e374 s0050/1030] loss = 0.001161
[e374 s0100/1030] loss = 0.002158
[e374 s0150/1030] loss = 0.001835
[e374 s0200/1030] loss = 0.001817
[e374 s0250/1030] loss = 0.001840
[e374 s0300/1030] loss = 0.002076
[e374 s0350/1030] loss = 0.002082
[e374 s0400/1030] loss = 0.002142
[e374 s0450/1030] loss = 0.002060
[e374 s0500/1030] loss = 0.001967
[e374 s0550/1030] loss = 0.002062
[e374 s0600/1030] loss = 0.002026
[e374 s0650/1030] loss = 0.001959
[e374 s0700/1030] loss = 0.002051
[e374 s0750/1030] loss = 0.002037
[e374 s0800/1030] loss = 0.001998
[e374 s0850/1030] loss = 0.001978
[e374 s0900/1030] loss = 0.001967
[e374 s0950/1030] loss = 0.001933
[e374 s1000/1030] loss = 0.001914
Epoch 374: train_loss = 0.001887  MAE/GAME0 = 55.635  RMSE = 83.082  GAME1 = 57.094  GAME2 = 58.490  GAME3 = 59.571  lr = 4.14e-07  time = 58.9s
[e375 s0001/1030] loss = 0.000433
[e375 s0050/1030] loss = 0.001905
[e375 s0100/1030] loss = 0.002415
[e375 s0150/1030] loss = 0.002350
[e375 s0200/1030] loss = 0.002023
[e375 s0250/1030] loss = 0.002310
[e375 s0300/1030] loss = 0.002169
[e375 s0350/1030] loss = 0.002139
[e375 s0400/1030] loss = 0.002052
[e375 s0450/1030] loss = 0.002035
[e375 s0500/1030] loss = 0.001938
[e375 s0550/1030] loss = 0.001923
[e375 s0600/1030] loss = 0.001880
[e375 s0650/1030] loss = 0.001888
[e375 s0700/1030] loss = 0.001871
[e375 s0750/1030] loss = 0.001845
[e375 s0800/1030] loss = 0.001942
[e375 s0850/1030] loss = 0.001978
[e375 s0900/1030] loss = 0.001944
[e375 s0950/1030] loss = 0.001899
[e375 s1000/1030] loss = 0.001872
Epoch 375: train_loss = 0.001868  MAE/GAME0 = 49.855  RMSE = 79.082  GAME1 = 53.094  GAME2 = 55.445  GAME3 = 57.297  lr = 3.85e-07  time = 58.5s
[e376 s0001/1030] loss = 0.001087
[e376 s0050/1030] loss = 0.002582
[e376 s0100/1030] loss = 0.002148
[e376 s0150/1030] loss = 0.001925
[e376 s0200/1030] loss = 0.002234
[e376 s0250/1030] loss = 0.002100
[e376 s0300/1030] loss = 0.002195
[e376 s0350/1030] loss = 0.002121
[e376 s0400/1030] loss = 0.002042
[e376 s0450/1030] loss = 0.001942
[e376 s0500/1030] loss = 0.001966
[e376 s0550/1030] loss = 0.001927
[e376 s0600/1030] loss = 0.001872
[e376 s0650/1030] loss = 0.001819
[e376 s0700/1030] loss = 0.001892
[e376 s0750/1030] loss = 0.001859
[e376 s0800/1030] loss = 0.001843
[e376 s0850/1030] loss = 0.001967
[e376 s0900/1030] loss = 0.001923
[e376 s0950/1030] loss = 0.001916
[e376 s1000/1030] loss = 0.001872
Epoch 376: train_loss = 0.001849  MAE/GAME0 = 57.295  RMSE = 83.767  GAME1 = 58.198  GAME2 = 59.411  GAME3 = 60.289  lr = 3.57e-07  time = 58.3s
[e377 s0001/1030] loss = 0.000062
[e377 s0050/1030] loss = 0.001369
[e377 s0100/1030] loss = 0.001302
[e377 s0150/1030] loss = 0.002024
[e377 s0200/1030] loss = 0.001896
[e377 s0250/1030] loss = 0.001768
[e377 s0300/1030] loss = 0.001717
[e377 s0350/1030] loss = 0.001630
[e377 s0400/1030] loss = 0.001549
[e377 s0450/1030] loss = 0.001548
[e377 s0500/1030] loss = 0.001579
[e377 s0550/1030] loss = 0.001548
[e377 s0600/1030] loss = 0.001512
[e377 s0650/1030] loss = 0.001511
[e377 s0700/1030] loss = 0.001741
[e377 s0750/1030] loss = 0.001775
[e377 s0800/1030] loss = 0.001826
[e377 s0850/1030] loss = 0.001888
[e377 s0900/1030] loss = 0.001860
[e377 s0950/1030] loss = 0.001809
[e377 s1000/1030] loss = 0.001797
Epoch 377: train_loss = 0.001808  MAE/GAME0 = 55.066  RMSE = 82.556  GAME1 = 56.989  GAME2 = 58.677  GAME3 = 60.093  lr = 3.31e-07  time = 59.0s
[e378 s0001/1030] loss = 0.000972
[e378 s0050/1030] loss = 0.000901
[e378 s0100/1030] loss = 0.001510
[e378 s0150/1030] loss = 0.001767
[e378 s0200/1030] loss = 0.001697
[e378 s0250/1030] loss = 0.001636
[e378 s0300/1030] loss = 0.002066
[e378 s0350/1030] loss = 0.002074
[e378 s0400/1030] loss = 0.001985
[e378 s0450/1030] loss = 0.001980
[e378 s0500/1030] loss = 0.001895
[e378 s0550/1030] loss = 0.001827
[e378 s0600/1030] loss = 0.001860
[e378 s0650/1030] loss = 0.001836
[e378 s0700/1030] loss = 0.001807
[e378 s0750/1030] loss = 0.001772
[e378 s0800/1030] loss = 0.001734
[e378 s0850/1030] loss = 0.001702
[e378 s0900/1030] loss = 0.001773
[e378 s0950/1030] loss = 0.001727
[e378 s1000/1030] loss = 0.001768
Epoch 378: train_loss = 0.001755  MAE/GAME0 = 52.331  RMSE = 80.767  GAME1 = 53.944  GAME2 = 55.367  GAME3 = 56.512  lr = 3.05e-07  time = 58.1s
[e379 s0001/1030] loss = 0.001161
[e379 s0050/1030] loss = 0.001607
[e379 s0100/1030] loss = 0.001350
[e379 s0150/1030] loss = 0.001342
[e379 s0200/1030] loss = 0.001317
[e379 s0250/1030] loss = 0.001488
[e379 s0300/1030] loss = 0.001430
[e379 s0350/1030] loss = 0.001674
[e379 s0400/1030] loss = 0.001854
[e379 s0450/1030] loss = 0.001782
[e379 s0500/1030] loss = 0.001735
[e379 s0550/1030] loss = 0.001672
[e379 s0600/1030] loss = 0.001664
[e379 s0650/1030] loss = 0.001619
[e379 s0700/1030] loss = 0.001730
[e379 s0750/1030] loss = 0.001703
[e379 s0800/1030] loss = 0.001720
[e379 s0850/1030] loss = 0.001864
[e379 s0900/1030] loss = 0.001838
[e379 s0950/1030] loss = 0.001804
[e379 s1000/1030] loss = 0.001767
Epoch 379: train_loss = 0.001755  MAE/GAME0 = 51.652  RMSE = 80.304  GAME1 = 54.766  GAME2 = 57.094  GAME3 = 58.947  lr = 2.81e-07  time = 58.7s
[e380 s0001/1030] loss = 0.001787
[e380 s0050/1030] loss = 0.001095
[e380 s0100/1030] loss = 0.001199
[e380 s0150/1030] loss = 0.001890
[e380 s0200/1030] loss = 0.001794
[e380 s0250/1030] loss = 0.001664
[e380 s0300/1030] loss = 0.001586
[e380 s0350/1030] loss = 0.001520
[e380 s0400/1030] loss = 0.001516
[e380 s0450/1030] loss = 0.001538
[e380 s0500/1030] loss = 0.001584
[e380 s0550/1030] loss = 0.001532
[e380 s0600/1030] loss = 0.001656
[e380 s0650/1030] loss = 0.001604
[e380 s0700/1030] loss = 0.001567
[e380 s0750/1030] loss = 0.001539
[e380 s0800/1030] loss = 0.001538
[e380 s0850/1030] loss = 0.001655
[e380 s0900/1030] loss = 0.001663
[e380 s0950/1030] loss = 0.001692
[e380 s1000/1030] loss = 0.001704
Epoch 380: train_loss = 0.001704  MAE/GAME0 = 55.016  RMSE = 82.374  GAME1 = 56.062  GAME2 = 57.552  GAME3 = 58.487  lr = 2.58e-07  time = 58.3s
[e381 s0001/1030] loss = 0.000279
[e381 s0050/1030] loss = 0.003333
[e381 s0100/1030] loss = 0.002308
[e381 s0150/1030] loss = 0.002189
[e381 s0200/1030] loss = 0.002204
[e381 s0250/1030] loss = 0.001982
[e381 s0300/1030] loss = 0.002066
[e381 s0350/1030] loss = 0.001964
[e381 s0400/1030] loss = 0.001850
[e381 s0450/1030] loss = 0.001805
[e381 s0500/1030] loss = 0.001743
[e381 s0550/1030] loss = 0.001732
[e381 s0600/1030] loss = 0.001709
[e381 s0650/1030] loss = 0.001649
[e381 s0700/1030] loss = 0.001730
[e381 s0750/1030] loss = 0.001727
[e381 s0800/1030] loss = 0.001747
[e381 s0850/1030] loss = 0.001710
[e381 s0900/1030] loss = 0.001720
[e381 s0950/1030] loss = 0.001707
[e381 s1000/1030] loss = 0.001725
Epoch 381: train_loss = 0.001697  MAE/GAME0 = 52.956  RMSE = 80.750  GAME1 = 54.258  GAME2 = 55.786  GAME3 = 56.866  lr = 2.35e-07  time = 59.3s
[e382 s0001/1030] loss = 0.000321
[e382 s0050/1030] loss = 0.003382
[e382 s0100/1030] loss = 0.002358
[e382 s0150/1030] loss = 0.002419
[e382 s0200/1030] loss = 0.002181
[e382 s0250/1030] loss = 0.001980
[e382 s0300/1030] loss = 0.001833
[e382 s0350/1030] loss = 0.001770
[e382 s0400/1030] loss = 0.001688
[e382 s0450/1030] loss = 0.001672
[e382 s0500/1030] loss = 0.001917
[e382 s0550/1030] loss = 0.001842
[e382 s0600/1030] loss = 0.001790
[e382 s0650/1030] loss = 0.001730
[e382 s0700/1030] loss = 0.001704
[e382 s0750/1030] loss = 0.001684
[e382 s0800/1030] loss = 0.001653
[e382 s0850/1030] loss = 0.001648
[e382 s0900/1030] loss = 0.001641
[e382 s0950/1030] loss = 0.001643
[e382 s1000/1030] loss = 0.001652
Epoch 382: train_loss = 0.001670  MAE/GAME0 = 49.334  RMSE = 78.843  GAME1 = 51.651  GAME2 = 54.008  GAME3 = 55.644  lr = 2.14e-07  time = 58.2s
[e383 s0001/1030] loss = 0.000225
[e383 s0050/1030] loss = 0.001810
[e383 s0100/1030] loss = 0.001500
[e383 s0150/1030] loss = 0.001822
[e383 s0200/1030] loss = 0.002003
[e383 s0250/1030] loss = 0.002017
[e383 s0300/1030] loss = 0.002074
[e383 s0350/1030] loss = 0.001944
[e383 s0400/1030] loss = 0.002133
[e383 s0450/1030] loss = 0.002025
[e383 s0500/1030] loss = 0.001916
[e383 s0550/1030] loss = 0.001971
[e383 s0600/1030] loss = 0.001891
[e383 s0650/1030] loss = 0.001826
[e383 s0700/1030] loss = 0.001772
[e383 s0750/1030] loss = 0.001763
[e383 s0800/1030] loss = 0.001774
[e383 s0850/1030] loss = 0.001750
[e383 s0900/1030] loss = 0.001696
[e383 s0950/1030] loss = 0.001686
[e383 s1000/1030] loss = 0.001648
Epoch 383: train_loss = 0.001642  MAE/GAME0 = 53.280  RMSE = 81.238  GAME1 = 55.137  GAME2 = 56.910  GAME3 = 58.346  lr = 1.95e-07  time = 58.5s
[e384 s0001/1030] loss = 0.004869
[e384 s0050/1030] loss = 0.002086
[e384 s0100/1030] loss = 0.001980
[e384 s0150/1030] loss = 0.001724
[e384 s0200/1030] loss = 0.001522
[e384 s0250/1030] loss = 0.001472
[e384 s0300/1030] loss = 0.001797
[e384 s0350/1030] loss = 0.001784
[e384 s0400/1030] loss = 0.001734
[e384 s0450/1030] loss = 0.001917
[e384 s0500/1030] loss = 0.001857
[e384 s0550/1030] loss = 0.001829
[e384 s0600/1030] loss = 0.001782
[e384 s0650/1030] loss = 0.001742
[e384 s0700/1030] loss = 0.001695
[e384 s0750/1030] loss = 0.001676
[e384 s0800/1030] loss = 0.001627
[e384 s0850/1030] loss = 0.001651
[e384 s0900/1030] loss = 0.001600
[e384 s0950/1030] loss = 0.001591
[e384 s1000/1030] loss = 0.001644
Epoch 384: train_loss = 0.001625  MAE/GAME0 = 51.753  RMSE = 80.065  GAME1 = 54.439  GAME2 = 56.588  GAME3 = 58.274  lr = 1.76e-07  time = 58.5s
[e385 s0001/1030] loss = 0.000634
[e385 s0050/1030] loss = 0.001518
[e385 s0100/1030] loss = 0.002313
[e385 s0150/1030] loss = 0.002065
[e385 s0200/1030] loss = 0.002140
[e385 s0250/1030] loss = 0.001880
[e385 s0300/1030] loss = 0.001740
[e385 s0350/1030] loss = 0.001888
[e385 s0400/1030] loss = 0.001809
[e385 s0450/1030] loss = 0.001753
[e385 s0500/1030] loss = 0.001737
[e385 s0550/1030] loss = 0.001696
[e385 s0600/1030] loss = 0.001679
[e385 s0650/1030] loss = 0.001615
[e385 s0700/1030] loss = 0.001601
[e385 s0750/1030] loss = 0.001594
[e385 s0800/1030] loss = 0.001618
[e385 s0850/1030] loss = 0.001581
[e385 s0900/1030] loss = 0.001629
[e385 s0950/1030] loss = 0.001655
[e385 s1000/1030] loss = 0.001630
Epoch 385: train_loss = 0.001614  MAE/GAME0 = 51.210  RMSE = 80.032  GAME1 = 54.152  GAME2 = 56.522  GAME3 = 58.362  lr = 1.58e-07  time = 59.1s
[e386 s0001/1030] loss = 0.000767
[e386 s0050/1030] loss = 0.001074
[e386 s0100/1030] loss = 0.001210
[e386 s0150/1030] loss = 0.001526
[e386 s0200/1030] loss = 0.001483
[e386 s0250/1030] loss = 0.001398
[e386 s0300/1030] loss = 0.001569
[e386 s0350/1030] loss = 0.001666
[e386 s0400/1030] loss = 0.001635
[e386 s0450/1030] loss = 0.001559
[e386 s0500/1030] loss = 0.001664
[e386 s0550/1030] loss = 0.001596
[e386 s0600/1030] loss = 0.001541
[e386 s0650/1030] loss = 0.001593
[e386 s0700/1030] loss = 0.001555
[e386 s0750/1030] loss = 0.001614
[e386 s0800/1030] loss = 0.001602
[e386 s0850/1030] loss = 0.001582
[e386 s0900/1030] loss = 0.001590
[e386 s0950/1030] loss = 0.001606
[e386 s1000/1030] loss = 0.001597
Epoch 386: train_loss = 0.001585  MAE/GAME0 = 54.568  RMSE = 82.154  GAME1 = 55.506  GAME2 = 56.413  GAME3 = 57.168  lr = 1.42e-07  time = 58.5s
[e387 s0001/1030] loss = 0.000412
[e387 s0050/1030] loss = 0.001442
[e387 s0100/1030] loss = 0.001235
[e387 s0150/1030] loss = 0.001371
[e387 s0200/1030] loss = 0.001488
[e387 s0250/1030] loss = 0.001469
[e387 s0300/1030] loss = 0.001746
[e387 s0350/1030] loss = 0.001632
[e387 s0400/1030] loss = 0.001532
[e387 s0450/1030] loss = 0.001446
[e387 s0500/1030] loss = 0.001385
[e387 s0550/1030] loss = 0.001506
[e387 s0600/1030] loss = 0.001496
[e387 s0650/1030] loss = 0.001551
[e387 s0700/1030] loss = 0.001548
[e387 s0750/1030] loss = 0.001525
[e387 s0800/1030] loss = 0.001559
[e387 s0850/1030] loss = 0.001562
[e387 s0900/1030] loss = 0.001555
[e387 s0950/1030] loss = 0.001553
[e387 s1000/1030] loss = 0.001527
Epoch 387: train_loss = 0.001582  MAE/GAME0 = 53.380  RMSE = 81.169  GAME1 = 54.627  GAME2 = 56.150  GAME3 = 57.300  lr = 1.26e-07  time = 59.5s
[e388 s0001/1030] loss = 0.000198
[e388 s0050/1030] loss = 0.003259
[e388 s0100/1030] loss = 0.002015
[e388 s0150/1030] loss = 0.001658
[e388 s0200/1030] loss = 0.001613
[e388 s0250/1030] loss = 0.001597
[e388 s0300/1030] loss = 0.001503
[e388 s0350/1030] loss = 0.001501
[e388 s0400/1030] loss = 0.001694
[e388 s0450/1030] loss = 0.001644
[e388 s0500/1030] loss = 0.001744
[e388 s0550/1030] loss = 0.001717
[e388 s0600/1030] loss = 0.001663
[e388 s0650/1030] loss = 0.001604
[e388 s0700/1030] loss = 0.001588
[e388 s0750/1030] loss = 0.001580
[e388 s0800/1030] loss = 0.001650
[e388 s0850/1030] loss = 0.001614
[e388 s0900/1030] loss = 0.001597
[e388 s0950/1030] loss = 0.001588
[e388 s1000/1030] loss = 0.001591
Epoch 388: train_loss = 0.001574  MAE/GAME0 = 52.183  RMSE = 80.622  GAME1 = 54.671  GAME2 = 56.764  GAME3 = 58.177  lr = 1.12e-07  time = 59.0s
[e389 s0001/1030] loss = 0.000429
[e389 s0050/1030] loss = 0.000926
[e389 s0100/1030] loss = 0.000934
[e389 s0150/1030] loss = 0.000966
[e389 s0200/1030] loss = 0.000937
[e389 s0250/1030] loss = 0.001053
[e389 s0300/1030] loss = 0.001251
[e389 s0350/1030] loss = 0.001336
[e389 s0400/1030] loss = 0.001398
[e389 s0450/1030] loss = 0.001378
[e389 s0500/1030] loss = 0.001373
[e389 s0550/1030] loss = 0.001507
[e389 s0600/1030] loss = 0.001703
[e389 s0650/1030] loss = 0.001699
[e389 s0700/1030] loss = 0.001690
[e389 s0750/1030] loss = 0.001640
[e389 s0800/1030] loss = 0.001602
[e389 s0850/1030] loss = 0.001635
[e389 s0900/1030] loss = 0.001628
[e389 s0950/1030] loss = 0.001594
[e389 s1000/1030] loss = 0.001571
Epoch 389: train_loss = 0.001550  MAE/GAME0 = 50.668  RMSE = 79.700  GAME1 = 53.825  GAME2 = 56.148  GAME3 = 57.960  lr = 9.90e-08  time = 58.1s
[e390 s0001/1030] loss = 0.000985
[e390 s0050/1030] loss = 0.001147
[e390 s0100/1030] loss = 0.001847
[e390 s0150/1030] loss = 0.001788
[e390 s0200/1030] loss = 0.001802
[e390 s0250/1030] loss = 0.001745
[e390 s0300/1030] loss = 0.001685
[e390 s0350/1030] loss = 0.001883
[e390 s0400/1030] loss = 0.001926
[e390 s0450/1030] loss = 0.001804
[e390 s0500/1030] loss = 0.001715
[e390 s0550/1030] loss = 0.001680
[e390 s0600/1030] loss = 0.001631
[e390 s0650/1030] loss = 0.001622
[e390 s0700/1030] loss = 0.001578
[e390 s0750/1030] loss = 0.001657
[e390 s0800/1030] loss = 0.001605
[e390 s0850/1030] loss = 0.001590
[e390 s0900/1030] loss = 0.001606
[e390 s0950/1030] loss = 0.001582
[e390 s1000/1030] loss = 0.001559
Epoch 390: train_loss = 0.001537  MAE/GAME0 = 49.575  RMSE = 79.080  GAME1 = 53.542  GAME2 = 56.252  GAME3 = 58.297  lr = 8.70e-08  time = 58.0s
[e391 s0001/1030] loss = 0.000509
[e391 s0050/1030] loss = 0.003929
[e391 s0100/1030] loss = 0.003069
[e391 s0150/1030] loss = 0.002641
[e391 s0200/1030] loss = 0.002606
[e391 s0250/1030] loss = 0.002352
[e391 s0300/1030] loss = 0.002271
[e391 s0350/1030] loss = 0.002175
[e391 s0400/1030] loss = 0.002057
[e391 s0450/1030] loss = 0.001946
[e391 s0500/1030] loss = 0.001858
[e391 s0550/1030] loss = 0.001823
[e391 s0600/1030] loss = 0.001779
[e391 s0650/1030] loss = 0.001766
[e391 s0700/1030] loss = 0.001752
[e391 s0750/1030] loss = 0.001724
[e391 s0800/1030] loss = 0.001704
[e391 s0850/1030] loss = 0.001662
[e391 s0900/1030] loss = 0.001646
[e391 s0950/1030] loss = 0.001592
[e391 s1000/1030] loss = 0.001551
Epoch 391: train_loss = 0.001534  MAE/GAME0 = 52.600  RMSE = 80.972  GAME1 = 54.762  GAME2 = 56.776  GAME3 = 58.131  lr = 7.62e-08  time = 58.5s
[e392 s0001/1030] loss = 0.000525
[e392 s0050/1030] loss = 0.001648
[e392 s0100/1030] loss = 0.001249
[e392 s0150/1030] loss = 0.001154
[e392 s0200/1030] loss = 0.001153
[e392 s0250/1030] loss = 0.001105
[e392 s0300/1030] loss = 0.001132
[e392 s0350/1030] loss = 0.001102
[e392 s0400/1030] loss = 0.001200
[e392 s0450/1030] loss = 0.001190
[e392 s0500/1030] loss = 0.001288
[e392 s0550/1030] loss = 0.001432
[e392 s0600/1030] loss = 0.001409
[e392 s0650/1030] loss = 0.001590
[e392 s0700/1030] loss = 0.001590
[e392 s0750/1030] loss = 0.001566
[e392 s0800/1030] loss = 0.001568
[e392 s0850/1030] loss = 0.001549
[e392 s0900/1030] loss = 0.001584
[e392 s0950/1030] loss = 0.001546
[e392 s1000/1030] loss = 0.001508
Epoch 392: train_loss = 0.001518  MAE/GAME0 = 52.646  RMSE = 80.947  GAME1 = 54.270  GAME2 = 56.058  GAME3 = 57.317  lr = 6.65e-08  time = 58.8s
[e393 s0001/1030] loss = 0.000678
[e393 s0050/1030] loss = 0.001252
[e393 s0100/1030] loss = 0.002741
[e393 s0150/1030] loss = 0.002585
[e393 s0200/1030] loss = 0.002140
[e393 s0250/1030] loss = 0.001975
[e393 s0300/1030] loss = 0.001855
[e393 s0350/1030] loss = 0.001762
[e393 s0400/1030] loss = 0.001647
[e393 s0450/1030] loss = 0.001654
[e393 s0500/1030] loss = 0.001610
[e393 s0550/1030] loss = 0.001686
[e393 s0600/1030] loss = 0.001785
[e393 s0650/1030] loss = 0.001732
[e393 s0700/1030] loss = 0.001671
[e393 s0750/1030] loss = 0.001626
[e393 s0800/1030] loss = 0.001590
[e393 s0850/1030] loss = 0.001598
[e393 s0900/1030] loss = 0.001603
[e393 s0950/1030] loss = 0.001569
[e393 s1000/1030] loss = 0.001530
Epoch 393: train_loss = 0.001512  MAE/GAME0 = 51.708  RMSE = 80.296  GAME1 = 54.636  GAME2 = 57.179  GAME3 = 58.996  lr = 5.79e-08  time = 58.8s
[e394 s0001/1030] loss = 0.000709
[e394 s0050/1030] loss = 0.000904
[e394 s0100/1030] loss = 0.000950
[e394 s0150/1030] loss = 0.000866
[e394 s0200/1030] loss = 0.001201
[e394 s0250/1030] loss = 0.001257
[e394 s0300/1030] loss = 0.001332
[e394 s0350/1030] loss = 0.001313
[e394 s0400/1030] loss = 0.001337
[e394 s0450/1030] loss = 0.001343
[e394 s0500/1030] loss = 0.001288
[e394 s0550/1030] loss = 0.001277
[e394 s0600/1030] loss = 0.001315
[e394 s0650/1030] loss = 0.001293
[e394 s0700/1030] loss = 0.001269
[e394 s0750/1030] loss = 0.001470
[e394 s0800/1030] loss = 0.001472
[e394 s0850/1030] loss = 0.001459
[e394 s0900/1030] loss = 0.001443
[e394 s0950/1030] loss = 0.001450
[e394 s1000/1030] loss = 0.001423
Epoch 394: train_loss = 0.001502  MAE/GAME0 = 51.016  RMSE = 79.815  GAME1 = 52.756  GAME2 = 54.433  GAME3 = 55.725  lr = 5.05e-08  time = 57.9s
[e395 s0001/1030] loss = 0.000638
[e395 s0050/1030] loss = 0.001290
[e395 s0100/1030] loss = 0.001106
[e395 s0150/1030] loss = 0.001133
[e395 s0200/1030] loss = 0.001171
[e395 s0250/1030] loss = 0.001082
[e395 s0300/1030] loss = 0.001011
[e395 s0350/1030] loss = 0.001016
[e395 s0400/1030] loss = 0.001027
[e395 s0450/1030] loss = 0.001004
[e395 s0500/1030] loss = 0.001105
[e395 s0550/1030] loss = 0.001157
[e395 s0600/1030] loss = 0.001262
[e395 s0650/1030] loss = 0.001330
[e395 s0700/1030] loss = 0.001417
[e395 s0750/1030] loss = 0.001547
[e395 s0800/1030] loss = 0.001573
[e395 s0850/1030] loss = 0.001574
[e395 s0900/1030] loss = 0.001541
[e395 s0950/1030] loss = 0.001499
[e395 s1000/1030] loss = 0.001509
Epoch 395: train_loss = 0.001500  MAE/GAME0 = 53.555  RMSE = 81.205  GAME1 = 55.758  GAME2 = 57.737  GAME3 = 59.140  lr = 4.43e-08  time = 58.1s
[e396 s0001/1030] loss = 0.000617
[e396 s0050/1030] loss = 0.000789
[e396 s0100/1030] loss = 0.001062
[e396 s0150/1030] loss = 0.000961
[e396 s0200/1030] loss = 0.001057
[e396 s0250/1030] loss = 0.001082
[e396 s0300/1030] loss = 0.001112
[e396 s0350/1030] loss = 0.001128
[e396 s0400/1030] loss = 0.001131
[e396 s0450/1030] loss = 0.001095
[e396 s0500/1030] loss = 0.001078
[e396 s0550/1030] loss = 0.001260
[e396 s0600/1030] loss = 0.001256
[e396 s0650/1030] loss = 0.001406
[e396 s0700/1030] loss = 0.001524
[e396 s0750/1030] loss = 0.001536
[e396 s0800/1030] loss = 0.001592
[e396 s0850/1030] loss = 0.001588
[e396 s0900/1030] loss = 0.001573
[e396 s0950/1030] loss = 0.001542
[e396 s1000/1030] loss = 0.001507
Epoch 396: train_loss = 0.001487  MAE/GAME0 = 54.742  RMSE = 82.658  GAME1 = 57.936  GAME2 = 60.636  GAME3 = 62.069  lr = 3.91e-08  time = 58.4s
[e397 s0001/1030] loss = 0.000175
[e397 s0050/1030] loss = 0.001358
[e397 s0100/1030] loss = 0.001211
[e397 s0150/1030] loss = 0.001096
[e397 s0200/1030] loss = 0.001014
[e397 s0250/1030] loss = 0.001312
[e397 s0300/1030] loss = 0.001649
[e397 s0350/1030] loss = 0.001696
[e397 s0400/1030] loss = 0.001636
[e397 s0450/1030] loss = 0.001622
[e397 s0500/1030] loss = 0.001548
[e397 s0550/1030] loss = 0.001526
[e397 s0600/1030] loss = 0.001517
[e397 s0650/1030] loss = 0.001595
[e397 s0700/1030] loss = 0.001550
[e397 s0750/1030] loss = 0.001633
[e397 s0800/1030] loss = 0.001577
[e397 s0850/1030] loss = 0.001549
[e397 s0900/1030] loss = 0.001562
[e397 s0950/1030] loss = 0.001523
[e397 s1000/1030] loss = 0.001494
Epoch 397: train_loss = 0.001484  MAE/GAME0 = 49.645  RMSE = 79.180  GAME1 = 52.818  GAME2 = 55.181  GAME3 = 57.292  lr = 3.51e-08  time = 58.2s
[e398 s0001/1030] loss = 0.001122
[e398 s0050/1030] loss = 0.001119
[e398 s0100/1030] loss = 0.001178
[e398 s0150/1030] loss = 0.001228
[e398 s0200/1030] loss = 0.001663
[e398 s0250/1030] loss = 0.001538
[e398 s0300/1030] loss = 0.001537
[e398 s0350/1030] loss = 0.001548
[e398 s0400/1030] loss = 0.001478
[e398 s0450/1030] loss = 0.001402
[e398 s0500/1030] loss = 0.001389
[e398 s0550/1030] loss = 0.001363
[e398 s0600/1030] loss = 0.001357
[e398 s0650/1030] loss = 0.001523
[e398 s0700/1030] loss = 0.001497
[e398 s0750/1030] loss = 0.001484
[e398 s0800/1030] loss = 0.001475
[e398 s0850/1030] loss = 0.001455
[e398 s0900/1030] loss = 0.001556
[e398 s0950/1030] loss = 0.001535
[e398 s1000/1030] loss = 0.001495
Epoch 398: train_loss = 0.001478  MAE/GAME0 = 53.316  RMSE = 81.294  GAME1 = 54.723  GAME2 = 56.162  GAME3 = 57.207  lr = 3.23e-08  time = 58.8s
[e399 s0001/1030] loss = 0.071976
[e399 s0050/1030] loss = 0.002229
[e399 s0100/1030] loss = 0.002505
[e399 s0150/1030] loss = 0.002164
[e399 s0200/1030] loss = 0.001833
[e399 s0250/1030] loss = 0.001759
[e399 s0300/1030] loss = 0.001635
[e399 s0350/1030] loss = 0.001596
[e399 s0400/1030] loss = 0.001505
[e399 s0450/1030] loss = 0.001472
[e399 s0500/1030] loss = 0.001574
[e399 s0550/1030] loss = 0.001535
[e399 s0600/1030] loss = 0.001460
[e399 s0650/1030] loss = 0.001464
[e399 s0700/1030] loss = 0.001433
[e399 s0750/1030] loss = 0.001443
[e399 s0800/1030] loss = 0.001460
[e399 s0850/1030] loss = 0.001449
[e399 s0900/1030] loss = 0.001432
[e399 s0950/1030] loss = 0.001414
[e399 s1000/1030] loss = 0.001420
Epoch 399: train_loss = 0.001477  MAE/GAME0 = 48.253  RMSE = 78.089  GAME1 = 52.023  GAME2 = 54.766  GAME3 = 57.159  lr = 3.06e-08  time = 58.9s
[e400 s0001/1030] loss = 0.000664
[e400 s0050/1030] loss = 0.001625
[e400 s0100/1030] loss = 0.001439
[e400 s0150/1030] loss = 0.001292
[e400 s0200/1030] loss = 0.001167
[e400 s0250/1030] loss = 0.001129
[e400 s0300/1030] loss = 0.001095
[e400 s0350/1030] loss = 0.001066
[e400 s0400/1030] loss = 0.001222
[e400 s0450/1030] loss = 0.001372
[e400 s0500/1030] loss = 0.001397
[e400 s0550/1030] loss = 0.001349
[e400 s0600/1030] loss = 0.001401
[e400 s0650/1030] loss = 0.001414
[e400 s0700/1030] loss = 0.001380
[e400 s0750/1030] loss = 0.001334
[e400 s0800/1030] loss = 0.001508
[e400 s0850/1030] loss = 0.001471
[e400 s0900/1030] loss = 0.001469
[e400 s0950/1030] loss = 0.001478
[e400 s1000/1030] loss = 0.001439
Epoch 400: train_loss = 0.001476  MAE/GAME0 = 54.991  RMSE = 82.386  GAME1 = 56.228  GAME2 = 57.724  GAME3 = 58.819  lr = 3.00e-08  time = 58.2s
[done] best_mae = 30.546  best_path = /scratch/users/ntu/kenneth0/FYP-SmartObjectCounter/outputs/train_rgbt_adaptive_fpn_e400/13053604.pbs101_20260304_193938/best.pth
