[log] /scratch/users/ntu/kenneth0/FYP-SmartObjectCounter/logs/train_rgbt_base_e400_12849239.pbs101_20260209_130538.log
[job] name=train_rgbt_base_e400 id=12849239.pbs101 host=x1000c0s4b0n0 time=Mon Feb  9 13:05:38 +08 2026
torch 2.6.0+cu118 cuda True
[init] device = cuda
[init] train = 1030  val = 200  workers = 4
/scratch/users/ntu/kenneth0/FYP-SmartObjectCounter/scripts/train_rgbt.py:404: FutureWarning: `torch.cuda.amp.GradScaler(args...)` is deprecated. Please use `torch.amp.GradScaler('cuda', args...)` instead.
  scaler = GradScaler(enabled = bool(args.amp))
[e001 s0001/1030] loss = 5072832.000000
[e001 s0050/1030] loss = 269814.757958
[e001 s0100/1030] loss = 135613.624382
[e001 s0150/1030] loss = 90757.453171
[e001 s0200/1030] loss = 68264.106455
[e001 s0250/1030] loss = 54712.995900
[e001 s0300/1030] loss = 45660.928923
[e001 s0350/1030] loss = 39186.021161
[e001 s0400/1030] loss = 34318.689974
[e001 s0450/1030] loss = 30532.686322
[e001 s0500/1030] loss = 27496.356214
[e001 s0550/1030] loss = 25008.146219
[e001 s0600/1030] loss = 22933.714715
[e001 s0650/1030] loss = 21178.583229
[e001 s0700/1030] loss = 19671.721519
[e001 s0750/1030] loss = 18365.907007
[e001 s0800/1030] loss = 17222.427245
[e001 s0850/1030] loss = 16212.925578
[e001 s0900/1030] loss = 15314.999889
[e001 s0950/1030] loss = 14511.285528
[e001 s1000/1030] loss = 13787.710926
Epoch 001: train_loss = 13387.421386  MAE/GAME0 = 18.110  RMSE = 38.091  GAME1 = 23.069  GAME2 = 29.303  GAME3 = 31.528  lr = 1.00e-05  time = 41.2s
[e002 s0001/1030] loss = 8.160645
[e002 s0050/1030] loss = 39.259466
[e002 s0100/1030] loss = 34.858589
[e002 s0150/1030] loss = 33.563178
[e002 s0200/1030] loss = 30.085070
[e002 s0250/1030] loss = 27.943874
[e002 s0300/1030] loss = 28.250628
[e002 s0350/1030] loss = 26.637740
[e002 s0400/1030] loss = 26.316058
[e002 s0450/1030] loss = 25.411362
[e002 s0500/1030] loss = 24.681213
[e002 s0550/1030] loss = 23.631165
[e002 s0600/1030] loss = 22.674122
[e002 s0650/1030] loss = 22.143589
[e002 s0700/1030] loss = 21.371224
[e002 s0750/1030] loss = 20.841089
[e002 s0800/1030] loss = 20.292332
[e002 s0850/1030] loss = 19.585554
[e002 s0900/1030] loss = 18.899988
[e002 s0950/1030] loss = 18.426440
[e002 s1000/1030] loss = 17.956785
Epoch 002: train_loss = 17.789788  MAE/GAME0 = 21.277  RMSE = 40.752  GAME1 = 22.702  GAME2 = 24.352  GAME3 = 25.146  lr = 1.00e-05  time = 7.5s
[e003 s0001/1030] loss = 8.362333
[e003 s0050/1030] loss = 7.260430
[e003 s0100/1030] loss = 6.431588
[e003 s0150/1030] loss = 6.561551
[e003 s0200/1030] loss = 9.298181
[e003 s0250/1030] loss = 8.596626
[e003 s0300/1030] loss = 9.446078
[e003 s0350/1030] loss = 8.772831
[e003 s0400/1030] loss = 9.113722
[e003 s0450/1030] loss = 8.720932
[e003 s0500/1030] loss = 8.464675
[e003 s0550/1030] loss = 8.742563
[e003 s0600/1030] loss = 8.400254
[e003 s0650/1030] loss = 8.637371
[e003 s0700/1030] loss = 8.382630
[e003 s0750/1030] loss = 8.143634
[e003 s0800/1030] loss = 7.999315
[e003 s0850/1030] loss = 7.856832
[e003 s0900/1030] loss = 7.827588
[e003 s0950/1030] loss = 7.704368
[e003 s1000/1030] loss = 7.582605
Epoch 003: train_loss = 7.510445  MAE/GAME0 = 22.333  RMSE = 41.529  GAME1 = 22.926  GAME2 = 23.712  GAME3 = 24.025  lr = 1.00e-05  time = 7.5s
[e004 s0001/1030] loss = 0.876786
[e004 s0050/1030] loss = 4.222667
[e004 s0100/1030] loss = 4.003288
[e004 s0150/1030] loss = 4.470663
[e004 s0200/1030] loss = 4.683416
[e004 s0250/1030] loss = 4.216540
[e004 s0300/1030] loss = 4.278853
[e004 s0350/1030] loss = 4.559895
[e004 s0400/1030] loss = 4.544959
[e004 s0450/1030] loss = 4.656293
[e004 s0500/1030] loss = 4.459634
[e004 s0550/1030] loss = 4.341779
[e004 s0600/1030] loss = 4.403797
[e004 s0650/1030] loss = 4.477358
[e004 s0700/1030] loss = 4.313207
[e004 s0750/1030] loss = 4.308594
[e004 s0800/1030] loss = 4.384409
[e004 s0850/1030] loss = 4.525047
[e004 s0900/1030] loss = 4.478829
[e004 s0950/1030] loss = 4.742373
[e004 s1000/1030] loss = 4.768802
Epoch 004: train_loss = 4.882438  MAE/GAME0 = 22.721  RMSE = 41.840  GAME1 = 23.035  GAME2 = 23.529  GAME3 = 23.689  lr = 1.00e-05  time = 7.4s
[e005 s0001/1030] loss = 0.290312
[e005 s0050/1030] loss = 2.882088
[e005 s0100/1030] loss = 3.060130
[e005 s0150/1030] loss = 3.660283
[e005 s0200/1030] loss = 3.585485
[e005 s0250/1030] loss = 4.134683
[e005 s0300/1030] loss = 3.872122
[e005 s0350/1030] loss = 3.650651
[e005 s0400/1030] loss = 4.267702
[e005 s0450/1030] loss = 4.159288
[e005 s0500/1030] loss = 4.068927
[e005 s0550/1030] loss = 4.060537
[e005 s0600/1030] loss = 3.884178
[e005 s0650/1030] loss = 4.086556
[e005 s0700/1030] loss = 4.060169
[e005 s0750/1030] loss = 4.011706
[e005 s0800/1030] loss = 3.860282
[e005 s0850/1030] loss = 3.818212
[e005 s0900/1030] loss = 3.764075
[e005 s0950/1030] loss = 3.677563
[e005 s1000/1030] loss = 3.799879
Epoch 005: train_loss = 3.746348  MAE/GAME0 = 22.975  RMSE = 42.035  GAME1 = 23.128  GAME2 = 23.390  GAME3 = 23.473  lr = 1.00e-05  time = 7.5s
[e006 s0001/1030] loss = 0.116766
[e006 s0050/1030] loss = 4.722196
[e006 s0100/1030] loss = 4.000267
[e006 s0150/1030] loss = 3.636345
[e006 s0200/1030] loss = 3.517384
[e006 s0250/1030] loss = 3.225056
[e006 s0300/1030] loss = 3.110215
[e006 s0350/1030] loss = 3.040155
[e006 s0400/1030] loss = 4.188407
[e006 s0450/1030] loss = 4.016133
[e006 s0500/1030] loss = 3.904278
[e006 s0550/1030] loss = 3.824511
[e006 s0600/1030] loss = 3.694053
[e006 s0650/1030] loss = 4.089908
[e006 s0700/1030] loss = 4.090647
[e006 s0750/1030] loss = 4.174334
[e006 s0800/1030] loss = 4.232389
[e006 s0850/1030] loss = 4.111654
[e006 s0900/1030] loss = 4.081424
[e006 s0950/1030] loss = 4.213291
[e006 s1000/1030] loss = 4.219251
Epoch 006: train_loss = 4.218241  MAE/GAME0 = 23.086  RMSE = 42.114  GAME1 = 23.172  GAME2 = 23.321  GAME3 = 23.381  lr = 1.00e-05  time = 7.5s
[e007 s0001/1030] loss = 10.226208
[e007 s0050/1030] loss = 4.085106
[e007 s0100/1030] loss = 3.917160
[e007 s0150/1030] loss = 3.490863
[e007 s0200/1030] loss = 3.349439
[e007 s0250/1030] loss = 3.527357
[e007 s0300/1030] loss = 3.499391
[e007 s0350/1030] loss = 4.162191
[e007 s0400/1030] loss = 4.631039
[e007 s0450/1030] loss = 4.855196
[e007 s0500/1030] loss = 4.651692
[e007 s0550/1030] loss = 4.589343
[e007 s0600/1030] loss = 4.409552
[e007 s0650/1030] loss = 4.268547
[e007 s0700/1030] loss = 4.115209
[e007 s0750/1030] loss = 4.003993
[e007 s0800/1030] loss = 3.891468
[e007 s0850/1030] loss = 3.838888
[e007 s0900/1030] loss = 3.829019
[e007 s0950/1030] loss = 3.860198
[e007 s1000/1030] loss = 3.831377
Epoch 007: train_loss = 3.804123  MAE/GAME0 = 23.147  RMSE = 42.161  GAME1 = 23.208  GAME2 = 23.297  GAME3 = 23.334  lr = 1.00e-05  time = 7.6s
[e008 s0001/1030] loss = 6.657015
[e008 s0050/1030] loss = 2.206223
[e008 s0100/1030] loss = 3.086531
[e008 s0150/1030] loss = 3.614301
[e008 s0200/1030] loss = 3.530443
[e008 s0250/1030] loss = 3.450091
[e008 s0300/1030] loss = 3.438023
[e008 s0350/1030] loss = 3.301261
[e008 s0400/1030] loss = 3.261522
[e008 s0450/1030] loss = 3.843633
[e008 s0500/1030] loss = 3.692980
[e008 s0550/1030] loss = 3.601230
[e008 s0600/1030] loss = 3.606457
[e008 s0650/1030] loss = 3.743129
[e008 s0700/1030] loss = 3.851784
[e008 s0750/1030] loss = 3.748524
[e008 s0800/1030] loss = 3.700584
[e008 s0850/1030] loss = 3.603260
[e008 s0900/1030] loss = 3.607719
[e008 s0950/1030] loss = 3.556760
[e008 s1000/1030] loss = 3.452570
Epoch 008: train_loss = 3.465810  MAE/GAME0 = 23.197  RMSE = 42.208  GAME1 = 23.224  GAME2 = 23.272  GAME3 = 23.287  lr = 1.00e-05  time = 7.7s
[e009 s0001/1030] loss = 1.763159
[e009 s0050/1030] loss = 4.259628
[e009 s0100/1030] loss = 5.092973
[e009 s0150/1030] loss = 5.312368
[e009 s0200/1030] loss = 5.642217
[e009 s0250/1030] loss = 4.742727
[e009 s0300/1030] loss = 4.523446
[e009 s0350/1030] loss = 4.152610
[e009 s0400/1030] loss = 4.092784
[e009 s0450/1030] loss = 3.987852
[e009 s0500/1030] loss = 3.868926
[e009 s0550/1030] loss = 3.799549
[e009 s0600/1030] loss = 3.674989
[e009 s0650/1030] loss = 3.528481
[e009 s0700/1030] loss = 3.412097
[e009 s0750/1030] loss = 3.429102
[e009 s0800/1030] loss = 3.342705
[e009 s0850/1030] loss = 3.360928
[e009 s0900/1030] loss = 3.299983
[e009 s0950/1030] loss = 3.228010
[e009 s1000/1030] loss = 3.230945
Epoch 009: train_loss = 3.266973  MAE/GAME0 = 23.216  RMSE = 42.224  GAME1 = 23.236  GAME2 = 23.263  GAME3 = 23.272  lr = 1.00e-05  time = 7.7s
[e010 s0001/1030] loss = 0.450607
[e010 s0050/1030] loss = 3.904669
[e010 s0100/1030] loss = 3.356784
[e010 s0150/1030] loss = 3.699469
[e010 s0200/1030] loss = 3.353580
[e010 s0250/1030] loss = 3.875350
[e010 s0300/1030] loss = 3.700372
[e010 s0350/1030] loss = 3.521110
[e010 s0400/1030] loss = 3.570067
[e010 s0450/1030] loss = 3.997474
[e010 s0500/1030] loss = 3.853012
[e010 s0550/1030] loss = 3.709172
[e010 s0600/1030] loss = 3.589700
[e010 s0650/1030] loss = 3.621477
[e010 s0700/1030] loss = 3.582017
[e010 s0750/1030] loss = 3.441324
[e010 s0800/1030] loss = 3.404616
[e010 s0850/1030] loss = 3.392443
[e010 s0900/1030] loss = 3.427515
[e010 s0950/1030] loss = 3.510379
[e010 s1000/1030] loss = 3.438361
Epoch 010: train_loss = 3.436469  MAE/GAME0 = 23.224  RMSE = 42.230  GAME1 = 23.237  GAME2 = 23.259  GAME3 = 23.265  lr = 1.00e-05  time = 7.6s
[e011 s0001/1030] loss = 1.040566
[e011 s0050/1030] loss = 2.236809
[e011 s0100/1030] loss = 3.135610
[e011 s0150/1030] loss = 3.227736
[e011 s0200/1030] loss = 3.841860
[e011 s0250/1030] loss = 3.340080
[e011 s0300/1030] loss = 3.087393
[e011 s0350/1030] loss = 3.055008
[e011 s0400/1030] loss = 3.192464
[e011 s0450/1030] loss = 3.031212
[e011 s0500/1030] loss = 2.980808
[e011 s0550/1030] loss = 2.988120
[e011 s0600/1030] loss = 2.882676
[e011 s0650/1030] loss = 2.922368
[e011 s0700/1030] loss = 2.952630
[e011 s0750/1030] loss = 2.952554
[e011 s0800/1030] loss = 2.945013
[e011 s0850/1030] loss = 2.941962
[e011 s0900/1030] loss = 3.149844
[e011 s0950/1030] loss = 3.589516
[e011 s1000/1030] loss = 3.524923
Epoch 011: train_loss = 3.479809  MAE/GAME0 = 23.229  RMSE = 42.234  GAME1 = 23.239  GAME2 = 23.257  GAME3 = 23.260  lr = 1.00e-05  time = 7.5s
[e012 s0001/1030] loss = 0.000005
[e012 s0050/1030] loss = 1.760976
[e012 s0100/1030] loss = 1.968095
[e012 s0150/1030] loss = 2.732650
[e012 s0200/1030] loss = 2.708350
[e012 s0250/1030] loss = 2.996844
[e012 s0300/1030] loss = 2.941330
[e012 s0350/1030] loss = 2.880732
[e012 s0400/1030] loss = 2.762775
[e012 s0450/1030] loss = 2.920816
[e012 s0500/1030] loss = 2.841022
[e012 s0550/1030] loss = 3.026404
[e012 s0600/1030] loss = 3.146100
[e012 s0650/1030] loss = 3.472317
[e012 s0700/1030] loss = 3.580350
[e012 s0750/1030] loss = 3.508634
[e012 s0800/1030] loss = 3.493864
[e012 s0850/1030] loss = 3.602261
[e012 s0900/1030] loss = 3.534481
[e012 s0950/1030] loss = 3.484786
[e012 s1000/1030] loss = 3.495245
Epoch 012: train_loss = 3.493657  MAE/GAME0 = 23.237  RMSE = 42.240  GAME1 = 23.244  GAME2 = 23.252  GAME3 = 23.253  lr = 1.00e-05  time = 7.5s
[e013 s0001/1030] loss = 11.850728
[e013 s0050/1030] loss = 4.169551
[e013 s0100/1030] loss = 2.790913
[e013 s0150/1030] loss = 2.388521
[e013 s0200/1030] loss = 2.386572
[e013 s0250/1030] loss = 2.902364
[e013 s0300/1030] loss = 3.058234
[e013 s0350/1030] loss = 3.150391
[e013 s0400/1030] loss = 3.063336
[e013 s0450/1030] loss = 2.981592
[e013 s0500/1030] loss = 2.940697
[e013 s0550/1030] loss = 2.874157
[e013 s0600/1030] loss = 2.835405
[e013 s0650/1030] loss = 3.186257
[e013 s0700/1030] loss = 3.153568
[e013 s0750/1030] loss = 3.106686
[e013 s0800/1030] loss = 3.062495
[e013 s0850/1030] loss = 3.048015
[e013 s0900/1030] loss = 3.102036
[e013 s0950/1030] loss = 3.141922
[e013 s1000/1030] loss = 3.072033
Epoch 013: train_loss = 3.325476  MAE/GAME0 = 23.238  RMSE = 42.241  GAME1 = 23.244  GAME2 = 23.251  GAME3 = 23.252  lr = 1.00e-05  time = 7.6s
[e014 s0001/1030] loss = 0.784047
[e014 s0050/1030] loss = 1.768520
[e014 s0100/1030] loss = 2.411810
[e014 s0150/1030] loss = 2.594713
[e014 s0200/1030] loss = 2.213081
[e014 s0250/1030] loss = 2.195112
[e014 s0300/1030] loss = 2.219317
[e014 s0350/1030] loss = 2.817493
[e014 s0400/1030] loss = 3.333299
[e014 s0450/1030] loss = 3.260751
[e014 s0500/1030] loss = 3.147802
[e014 s0550/1030] loss = 3.384446
[e014 s0600/1030] loss = 3.581883
[e014 s0650/1030] loss = 3.553602
[e014 s0700/1030] loss = 3.553791
[e014 s0750/1030] loss = 3.537809
[e014 s0800/1030] loss = 3.659557
[e014 s0850/1030] loss = 3.560941
[e014 s0900/1030] loss = 3.470016
[e014 s0950/1030] loss = 3.707672
[e014 s1000/1030] loss = 3.692342
Epoch 014: train_loss = 3.736597  MAE/GAME0 = 23.239  RMSE = 42.241  GAME1 = 23.244  GAME2 = 23.251  GAME3 = 23.252  lr = 1.00e-05  time = 7.5s
[e015 s0001/1030] loss = 0.050640
[e015 s0050/1030] loss = 2.525532
[e015 s0100/1030] loss = 4.278443
[e015 s0150/1030] loss = 3.943190
[e015 s0200/1030] loss = 3.699931
[e015 s0250/1030] loss = 3.659324
[e015 s0300/1030] loss = 3.405196
[e015 s0350/1030] loss = 3.477867
[e015 s0400/1030] loss = 3.375537
[e015 s0450/1030] loss = 3.320787
[e015 s0500/1030] loss = 3.367604
[e015 s0550/1030] loss = 3.454881
[e015 s0600/1030] loss = 3.358931
[e015 s0650/1030] loss = 3.275547
[e015 s0700/1030] loss = 3.311127
[e015 s0750/1030] loss = 3.370890
[e015 s0800/1030] loss = 3.342820
[e015 s0850/1030] loss = 3.556578
[e015 s0900/1030] loss = 3.614333
[e015 s0950/1030] loss = 3.648691
[e015 s1000/1030] loss = 3.574868
Epoch 015: train_loss = 3.592903  MAE/GAME0 = 23.239  RMSE = 42.241  GAME1 = 23.244  GAME2 = 23.250  GAME3 = 23.251  lr = 1.00e-05  time = 7.5s
[e016 s0001/1030] loss = 0.231776
[e016 s0050/1030] loss = 2.216726
[e016 s0100/1030] loss = 2.107247
[e016 s0150/1030] loss = 3.394692
[e016 s0200/1030] loss = 4.101305
[e016 s0250/1030] loss = 3.904536
[e016 s0300/1030] loss = 3.647586
[e016 s0350/1030] loss = 3.945987
[e016 s0400/1030] loss = 4.002220
[e016 s0450/1030] loss = 4.003591
[e016 s0500/1030] loss = 3.942751
[e016 s0550/1030] loss = 3.872787
[e016 s0600/1030] loss = 3.758164
[e016 s0650/1030] loss = 3.605715
[e016 s0700/1030] loss = 3.697638
[e016 s0750/1030] loss = 3.643937
[e016 s0800/1030] loss = 3.517390
[e016 s0850/1030] loss = 3.460421
[e016 s0900/1030] loss = 3.428325
[e016 s0950/1030] loss = 3.479433
[e016 s1000/1030] loss = 3.428415
Epoch 016: train_loss = 3.383366  MAE/GAME0 = 23.237  RMSE = 42.242  GAME1 = 23.244  GAME2 = 23.251  GAME3 = 23.252  lr = 1.00e-05  time = 7.6s
[e017 s0001/1030] loss = 4.258623
[e017 s0050/1030] loss = 2.844075
[e017 s0100/1030] loss = 3.351666
[e017 s0150/1030] loss = 3.829280
[e017 s0200/1030] loss = 3.307293
[e017 s0250/1030] loss = 3.040317
[e017 s0300/1030] loss = 3.045433
[e017 s0350/1030] loss = 2.967811
[e017 s0400/1030] loss = 3.002420
[e017 s0450/1030] loss = 3.046112
[e017 s0500/1030] loss = 3.380641
[e017 s0550/1030] loss = 3.285258
[e017 s0600/1030] loss = 3.215583
[e017 s0650/1030] loss = 3.192342
[e017 s0700/1030] loss = 3.136429
[e017 s0750/1030] loss = 3.144853
[e017 s0800/1030] loss = 3.185994
[e017 s0850/1030] loss = 3.120327
[e017 s0900/1030] loss = 3.303867
[e017 s0950/1030] loss = 3.274647
[e017 s1000/1030] loss = 3.253600
Epoch 017: train_loss = 3.200390  MAE/GAME0 = 23.240  RMSE = 42.244  GAME1 = 23.244  GAME2 = 23.249  GAME3 = 23.249  lr = 1.00e-05  time = 7.6s
[e018 s0001/1030] loss = 0.067609
[e018 s0050/1030] loss = 3.206412
[e018 s0100/1030] loss = 3.479636
[e018 s0150/1030] loss = 3.136233
[e018 s0200/1030] loss = 3.254420
[e018 s0250/1030] loss = 3.292481
[e018 s0300/1030] loss = 3.975381
[e018 s0350/1030] loss = 3.729316
[e018 s0400/1030] loss = 3.572394
[e018 s0450/1030] loss = 3.533641
[e018 s0500/1030] loss = 3.468308
[e018 s0550/1030] loss = 3.535169
[e018 s0600/1030] loss = 3.408814
[e018 s0650/1030] loss = 3.343290
[e018 s0700/1030] loss = 3.403250
[e018 s0750/1030] loss = 3.264437
[e018 s0800/1030] loss = 3.230955
[e018 s0850/1030] loss = 3.208076
[e018 s0900/1030] loss = 3.129501
[e018 s0950/1030] loss = 3.099226
[e018 s1000/1030] loss = 3.165534
Epoch 018: train_loss = 3.404977  MAE/GAME0 = 23.242  RMSE = 42.245  GAME1 = 23.245  GAME2 = 23.247  GAME3 = 23.248  lr = 1.00e-05  time = 7.5s
[e019 s0001/1030] loss = 3.607590
[e019 s0050/1030] loss = 2.567885
[e019 s0100/1030] loss = 2.910147
[e019 s0150/1030] loss = 3.453187
[e019 s0200/1030] loss = 3.124311
[e019 s0250/1030] loss = 3.860920
[e019 s0300/1030] loss = 3.639746
[e019 s0350/1030] loss = 3.525880
[e019 s0400/1030] loss = 3.650581
[e019 s0450/1030] loss = 3.770959
[e019 s0500/1030] loss = 3.587789
[e019 s0550/1030] loss = 3.428763
[e019 s0600/1030] loss = 3.308039
[e019 s0650/1030] loss = 3.188630
[e019 s0700/1030] loss = 3.103747
[e019 s0750/1030] loss = 3.201053
[e019 s0800/1030] loss = 3.145381
[e019 s0850/1030] loss = 3.154991
[e019 s0900/1030] loss = 3.188857
[e019 s0950/1030] loss = 3.176882
[e019 s1000/1030] loss = 3.117294
Epoch 019: train_loss = 3.074305  MAE/GAME0 = 23.244  RMSE = 42.247  GAME1 = 23.245  GAME2 = 23.245  GAME3 = 23.246  lr = 1.00e-05  time = 7.6s
[e020 s0001/1030] loss = 2.408193
[e020 s0050/1030] loss = 3.105156
[e020 s0100/1030] loss = 3.560023
[e020 s0150/1030] loss = 3.189801
[e020 s0200/1030] loss = 2.934196
[e020 s0250/1030] loss = 3.654686
[e020 s0300/1030] loss = 3.435264
[e020 s0350/1030] loss = 3.597133
[e020 s0400/1030] loss = 3.525378
[e020 s0450/1030] loss = 3.596884
[e020 s0500/1030] loss = 3.375363
[e020 s0550/1030] loss = 3.646628
[e020 s0600/1030] loss = 3.614271
[e020 s0650/1030] loss = 3.571909
[e020 s0700/1030] loss = 3.448513
[e020 s0750/1030] loss = 3.446423
[e020 s0800/1030] loss = 3.439564
[e020 s0850/1030] loss = 3.389776
[e020 s0900/1030] loss = 3.326804
[e020 s0950/1030] loss = 3.266346
[e020 s1000/1030] loss = 3.246881
Epoch 020: train_loss = 3.325863  MAE/GAME0 = 23.244  RMSE = 42.247  GAME1 = 23.245  GAME2 = 23.245  GAME3 = 23.246  lr = 1.00e-05  time = 7.6s
[e021 s0001/1030] loss = 0.845309
[e021 s0050/1030] loss = 2.444069
[e021 s0100/1030] loss = 2.929801
[e021 s0150/1030] loss = 2.848954
[e021 s0200/1030] loss = 3.035268
[e021 s0250/1030] loss = 3.300923
[e021 s0300/1030] loss = 3.291754
[e021 s0350/1030] loss = 3.031780
[e021 s0400/1030] loss = 3.140207
[e021 s0450/1030] loss = 3.242539
[e021 s0500/1030] loss = 3.170744
[e021 s0550/1030] loss = 3.141474
[e021 s0600/1030] loss = 3.029888
[e021 s0650/1030] loss = 3.065395
[e021 s0700/1030] loss = 3.080222
[e021 s0750/1030] loss = 2.978753
[e021 s0800/1030] loss = 2.978997
[e021 s0850/1030] loss = 3.574376
[e021 s0900/1030] loss = 3.552604
[e021 s0950/1030] loss = 3.466295
[e021 s1000/1030] loss = 3.758811
Epoch 021: train_loss = 3.707840  MAE/GAME0 = 23.244  RMSE = 42.247  GAME1 = 23.245  GAME2 = 23.245  GAME3 = 23.246  lr = 1.00e-05  time = 7.6s
[e022 s0001/1030] loss = 6.384503
[e022 s0050/1030] loss = 1.458683
[e022 s0100/1030] loss = 1.883349
[e022 s0150/1030] loss = 2.311567
[e022 s0200/1030] loss = 2.700158
[e022 s0250/1030] loss = 2.784756
[e022 s0300/1030] loss = 2.905656
[e022 s0350/1030] loss = 3.480688
[e022 s0400/1030] loss = 3.635336
[e022 s0450/1030] loss = 3.609837
[e022 s0500/1030] loss = 3.944701
[e022 s0550/1030] loss = 3.964299
[e022 s0600/1030] loss = 4.131658
[e022 s0650/1030] loss = 3.961400
[e022 s0700/1030] loss = 3.855779
[e022 s0750/1030] loss = 3.715008
[e022 s0800/1030] loss = 3.634307
[e022 s0850/1030] loss = 3.569006
[e022 s0900/1030] loss = 3.521010
[e022 s0950/1030] loss = 3.441505
[e022 s1000/1030] loss = 3.410535
Epoch 022: train_loss = 3.372410  MAE/GAME0 = 23.244  RMSE = 42.247  GAME1 = 23.245  GAME2 = 23.245  GAME3 = 23.246  lr = 1.00e-05  time = 7.5s
[e023 s0001/1030] loss = 1.677038
[e023 s0050/1030] loss = 2.132690
[e023 s0100/1030] loss = 2.924933
[e023 s0150/1030] loss = 2.915103
[e023 s0200/1030] loss = 2.965447
[e023 s0250/1030] loss = 2.990478
[e023 s0300/1030] loss = 2.972056
[e023 s0350/1030] loss = 2.936129
[e023 s0400/1030] loss = 2.928162
[e023 s0450/1030] loss = 2.939633
[e023 s0500/1030] loss = 2.874323
[e023 s0550/1030] loss = 2.907234
[e023 s0600/1030] loss = 3.158005
[e023 s0650/1030] loss = 3.098852
[e023 s0700/1030] loss = 3.316963
[e023 s0750/1030] loss = 3.427825
[e023 s0800/1030] loss = 3.428919
[e023 s0850/1030] loss = 3.430140
[e023 s0900/1030] loss = 3.412556
[e023 s0950/1030] loss = 3.399829
[e023 s1000/1030] loss = 3.416161
Epoch 023: train_loss = 3.414800  MAE/GAME0 = 23.244  RMSE = 42.247  GAME1 = 23.245  GAME2 = 23.245  GAME3 = 23.245  lr = 1.00e-05  time = 7.5s
[e024 s0001/1030] loss = 4.027430
[e024 s0050/1030] loss = 3.598325
[e024 s0100/1030] loss = 3.570735
[e024 s0150/1030] loss = 3.215268
[e024 s0200/1030] loss = 3.137376
[e024 s0250/1030] loss = 3.015105
[e024 s0300/1030] loss = 3.394513
[e024 s0350/1030] loss = 3.257248
[e024 s0400/1030] loss = 3.307446
[e024 s0450/1030] loss = 3.286699
[e024 s0500/1030] loss = 3.169549
[e024 s0550/1030] loss = 3.064632
[e024 s0600/1030] loss = 2.998846
[e024 s0650/1030] loss = 2.975369
[e024 s0700/1030] loss = 2.907208
[e024 s0750/1030] loss = 2.943175
[e024 s0800/1030] loss = 3.138446
[e024 s0850/1030] loss = 3.100370
[e024 s0900/1030] loss = 3.119658
[e024 s0950/1030] loss = 3.127758
[e024 s1000/1030] loss = 3.050430
Epoch 024: train_loss = 3.025114  MAE/GAME0 = 23.245  RMSE = 42.247  GAME1 = 23.245  GAME2 = 23.245  GAME3 = 23.245  lr = 1.00e-05  time = 7.6s
[e025 s0001/1030] loss = 0.120265
[e025 s0050/1030] loss = 1.854999
[e025 s0100/1030] loss = 2.250831
[e025 s0150/1030] loss = 2.452523
[e025 s0200/1030] loss = 2.383068
[e025 s0250/1030] loss = 3.037260
[e025 s0300/1030] loss = 3.017563
[e025 s0350/1030] loss = 3.520070
[e025 s0400/1030] loss = 3.295032
[e025 s0450/1030] loss = 3.170617
[e025 s0500/1030] loss = 3.041954
[e025 s0550/1030] loss = 2.921377
[e025 s0600/1030] loss = 2.980807
[e025 s0650/1030] loss = 2.868646
[e025 s0700/1030] loss = 2.828194
[e025 s0750/1030] loss = 2.781673
[e025 s0800/1030] loss = 2.760497
[e025 s0850/1030] loss = 2.780335
[e025 s0900/1030] loss = 2.751723
[e025 s0950/1030] loss = 2.724414
[e025 s1000/1030] loss = 2.778545
Epoch 025: train_loss = 3.098189  MAE/GAME0 = 23.245  RMSE = 42.247  GAME1 = 23.245  GAME2 = 23.245  GAME3 = 23.245  lr = 1.00e-05  time = 7.5s
[e026 s0001/1030] loss = 0.247515
[e026 s0050/1030] loss = 3.456943
[e026 s0100/1030] loss = 3.147692
[e026 s0150/1030] loss = 2.975898
[e026 s0200/1030] loss = 2.889956
[e026 s0250/1030] loss = 2.964241
[e026 s0300/1030] loss = 3.879976
[e026 s0350/1030] loss = 3.606157
[e026 s0400/1030] loss = 3.617990
[e026 s0450/1030] loss = 3.659392
[e026 s0500/1030] loss = 3.650224
[e026 s0550/1030] loss = 3.543295
[e026 s0600/1030] loss = 3.395237
[e026 s0650/1030] loss = 3.448208
[e026 s0700/1030] loss = 3.423519
[e026 s0750/1030] loss = 3.617679
[e026 s0800/1030] loss = 3.497403
[e026 s0850/1030] loss = 3.438846
[e026 s0900/1030] loss = 3.391639
[e026 s0950/1030] loss = 3.335554
[e026 s1000/1030] loss = 3.253623
Epoch 026: train_loss = 3.325223  MAE/GAME0 = 23.245  RMSE = 42.247  GAME1 = 23.245  GAME2 = 23.245  GAME3 = 23.245  lr = 1.00e-05  time = 7.5s
[e027 s0001/1030] loss = 1.599529
[e027 s0050/1030] loss = 3.981313
[e027 s0100/1030] loss = 3.209767
[e027 s0150/1030] loss = 3.023375
[e027 s0200/1030] loss = 2.765074
[e027 s0250/1030] loss = 2.878669
[e027 s0300/1030] loss = 3.125721
[e027 s0350/1030] loss = 3.162429
[e027 s0400/1030] loss = 3.211358
[e027 s0450/1030] loss = 3.087577
[e027 s0500/1030] loss = 3.253975
[e027 s0550/1030] loss = 3.238624
[e027 s0600/1030] loss = 3.222176
[e027 s0650/1030] loss = 3.441018
[e027 s0700/1030] loss = 3.447886
[e027 s0750/1030] loss = 3.403812
[e027 s0800/1030] loss = 3.379177
[e027 s0850/1030] loss = 3.253164
[e027 s0900/1030] loss = 3.259001
[e027 s0950/1030] loss = 3.419541
[e027 s1000/1030] loss = 3.388237
Epoch 027: train_loss = 3.648220  MAE/GAME0 = 23.245  RMSE = 42.248  GAME1 = 23.245  GAME2 = 23.245  GAME3 = 23.245  lr = 1.00e-05  time = 7.6s
[e028 s0001/1030] loss = 0.536331
[e028 s0050/1030] loss = 5.029423
[e028 s0100/1030] loss = 3.881661
[e028 s0150/1030] loss = 3.152297
[e028 s0200/1030] loss = 3.222428
[e028 s0250/1030] loss = 3.103810
[e028 s0300/1030] loss = 3.072016
[e028 s0350/1030] loss = 3.223441
[e028 s0400/1030] loss = 3.216677
[e028 s0450/1030] loss = 3.111052
[e028 s0500/1030] loss = 3.111667
[e028 s0550/1030] loss = 3.009010
[e028 s0600/1030] loss = 2.976159
[e028 s0650/1030] loss = 2.907215
[e028 s0700/1030] loss = 3.549666
[e028 s0750/1030] loss = 3.483704
[e028 s0800/1030] loss = 3.552610
[e028 s0850/1030] loss = 3.494370
[e028 s0900/1030] loss = 3.444530
[e028 s0950/1030] loss = 3.414902
[e028 s1000/1030] loss = 3.379228
Epoch 028: train_loss = 3.382226  MAE/GAME0 = 23.245  RMSE = 42.248  GAME1 = 23.245  GAME2 = 23.245  GAME3 = 23.245  lr = 1.00e-05  time = 7.5s
[e029 s0001/1030] loss = 1.117643
[e029 s0050/1030] loss = 4.615600
[e029 s0100/1030] loss = 3.532140
[e029 s0150/1030] loss = 3.302279
[e029 s0200/1030] loss = 3.275541
[e029 s0250/1030] loss = 3.833121
[e029 s0300/1030] loss = 3.641880
[e029 s0350/1030] loss = 3.411677
[e029 s0400/1030] loss = 3.338322
[e029 s0450/1030] loss = 3.289965
[e029 s0500/1030] loss = 3.244619
[e029 s0550/1030] loss = 3.135259
[e029 s0600/1030] loss = 3.005370
[e029 s0650/1030] loss = 4.111646
[e029 s0700/1030] loss = 4.185145
[e029 s0750/1030] loss = 4.070606
[e029 s0800/1030] loss = 4.019046
[e029 s0850/1030] loss = 3.905285
[e029 s0900/1030] loss = 3.828584
[e029 s0950/1030] loss = 3.747275
[e029 s1000/1030] loss = 3.725932
Epoch 029: train_loss = 3.707773  MAE/GAME0 = 23.245  RMSE = 42.248  GAME1 = 23.245  GAME2 = 23.245  GAME3 = 23.245  lr = 1.00e-05  time = 7.5s
[e030 s0001/1030] loss = 2.173678
[e030 s0050/1030] loss = 4.247185
[e030 s0100/1030] loss = 3.607093
[e030 s0150/1030] loss = 3.918820
[e030 s0200/1030] loss = 3.835509
[e030 s0250/1030] loss = 4.377667
[e030 s0300/1030] loss = 4.255671
[e030 s0350/1030] loss = 4.125752
[e030 s0400/1030] loss = 4.023481
[e030 s0450/1030] loss = 3.774002
[e030 s0500/1030] loss = 3.600660
[e030 s0550/1030] loss = 3.497207
[e030 s0600/1030] loss = 3.427005
[e030 s0650/1030] loss = 3.249693
[e030 s0700/1030] loss = 3.200281
[e030 s0750/1030] loss = 3.509577
[e030 s0800/1030] loss = 3.795090
[e030 s0850/1030] loss = 3.790502
[e030 s0900/1030] loss = 3.687942
[e030 s0950/1030] loss = 3.680148
[e030 s1000/1030] loss = 3.633374
Epoch 030: train_loss = 3.704856  MAE/GAME0 = 23.245  RMSE = 42.248  GAME1 = 23.245  GAME2 = 23.245  GAME3 = 23.245  lr = 1.00e-05  time = 7.5s
[e031 s0001/1030] loss = 1.294066
[e031 s0050/1030] loss = 3.124295
[e031 s0100/1030] loss = 2.924519
[e031 s0150/1030] loss = 2.479804
[e031 s0200/1030] loss = 2.702967
[e031 s0250/1030] loss = 2.572438
[e031 s0300/1030] loss = 2.567689
[e031 s0350/1030] loss = 2.716019
[e031 s0400/1030] loss = 2.702112
[e031 s0450/1030] loss = 2.773040
[e031 s0500/1030] loss = 2.731516
[e031 s0550/1030] loss = 2.824378
[e031 s0600/1030] loss = 2.827992
[e031 s0650/1030] loss = 2.781972
[e031 s0700/1030] loss = 2.730842
[e031 s0750/1030] loss = 2.977840
[e031 s0800/1030] loss = 3.616079
[e031 s0850/1030] loss = 3.591901
[e031 s0900/1030] loss = 3.692724
[e031 s0950/1030] loss = 3.677498
[e031 s1000/1030] loss = 3.618308
Epoch 031: train_loss = 3.586813  MAE/GAME0 = 23.244  RMSE = 42.247  GAME1 = 23.246  GAME2 = 23.246  GAME3 = 23.246  lr = 1.00e-05  time = 7.7s
[e032 s0001/1030] loss = 7.219456
[e032 s0050/1030] loss = 3.482806
[e032 s0100/1030] loss = 4.351542
[e032 s0150/1030] loss = 3.682263
[e032 s0200/1030] loss = 3.663604
[e032 s0250/1030] loss = 3.561041
[e032 s0300/1030] loss = 3.425606
[e032 s0350/1030] loss = 3.483588
[e032 s0400/1030] loss = 3.515918
[e032 s0450/1030] loss = 3.765966
[e032 s0500/1030] loss = 3.640751
[e032 s0550/1030] loss = 3.454407
[e032 s0600/1030] loss = 3.437027
[e032 s0650/1030] loss = 3.405138
[e032 s0700/1030] loss = 3.404606
[e032 s0750/1030] loss = 3.663349
[e032 s0800/1030] loss = 3.559596
[e032 s0850/1030] loss = 3.519328
[e032 s0900/1030] loss = 3.461915
[e032 s0950/1030] loss = 3.536757
[e032 s1000/1030] loss = 3.461261
Epoch 032: train_loss = 3.412964  MAE/GAME0 = 23.245  RMSE = 42.248  GAME1 = 23.245  GAME2 = 23.245  GAME3 = 23.245  lr = 1.00e-05  time = 7.5s
[e033 s0001/1030] loss = 3.741660
[e033 s0050/1030] loss = 2.326365
[e033 s0100/1030] loss = 2.531200
[e033 s0150/1030] loss = 2.305330
[e033 s0200/1030] loss = 2.267362
[e033 s0250/1030] loss = 2.326875
[e033 s0300/1030] loss = 2.270685
[e033 s0350/1030] loss = 2.302710
[e033 s0400/1030] loss = 2.566175
[e033 s0450/1030] loss = 3.557108
[e033 s0500/1030] loss = 3.448268
[e033 s0550/1030] loss = 3.554387
[e033 s0600/1030] loss = 3.396253
[e033 s0650/1030] loss = 3.410770
[e033 s0700/1030] loss = 3.282609
[e033 s0750/1030] loss = 3.333781
[e033 s0800/1030] loss = 3.270903
[e033 s0850/1030] loss = 3.210187
[e033 s0900/1030] loss = 3.220732
[e033 s0950/1030] loss = 3.124529
[e033 s1000/1030] loss = 3.268195
Epoch 033: train_loss = 3.227933  MAE/GAME0 = 23.245  RMSE = 42.248  GAME1 = 23.245  GAME2 = 23.245  GAME3 = 23.245  lr = 1.00e-05  time = 7.5s
[e034 s0001/1030] loss = 0.050042
[e034 s0050/1030] loss = 2.135056
[e034 s0100/1030] loss = 3.194365
[e034 s0150/1030] loss = 2.818793
[e034 s0200/1030] loss = 2.811264
[e034 s0250/1030] loss = 2.771032
[e034 s0300/1030] loss = 2.839201
[e034 s0350/1030] loss = 3.216938
[e034 s0400/1030] loss = 3.132714
[e034 s0450/1030] loss = 3.028289
[e034 s0500/1030] loss = 3.143723
[e034 s0550/1030] loss = 3.385444
[e034 s0600/1030] loss = 3.450994
[e034 s0650/1030] loss = 3.310752
[e034 s0700/1030] loss = 3.388495
[e034 s0750/1030] loss = 3.444577
[e034 s0800/1030] loss = 3.383830
[e034 s0850/1030] loss = 3.325746
[e034 s0900/1030] loss = 3.342565
[e034 s0950/1030] loss = 3.269978
[e034 s1000/1030] loss = 3.243236
Epoch 034: train_loss = 3.232490  MAE/GAME0 = 23.245  RMSE = 42.248  GAME1 = 23.245  GAME2 = 23.245  GAME3 = 23.245  lr = 1.00e-05  time = 7.5s
[e035 s0001/1030] loss = 5.208903
[e035 s0050/1030] loss = 3.698664
[e035 s0100/1030] loss = 3.611464
[e035 s0150/1030] loss = 3.098473
[e035 s0200/1030] loss = 3.108925
[e035 s0250/1030] loss = 3.492751
[e035 s0300/1030] loss = 3.248328
[e035 s0350/1030] loss = 3.920297
[e035 s0400/1030] loss = 3.663020
[e035 s0450/1030] loss = 3.596373
[e035 s0500/1030] loss = 3.513450
[e035 s0550/1030] loss = 3.438205
[e035 s0600/1030] loss = 3.304059
[e035 s0650/1030] loss = 3.299998
[e035 s0700/1030] loss = 3.256101
[e035 s0750/1030] loss = 3.190595
[e035 s0800/1030] loss = 3.138009
[e035 s0850/1030] loss = 3.103726
[e035 s0900/1030] loss = 3.113088
[e035 s0950/1030] loss = 3.134775
[e035 s1000/1030] loss = 3.290129
Epoch 035: train_loss = 3.300765  MAE/GAME0 = 23.245  RMSE = 42.248  GAME1 = 23.245  GAME2 = 23.245  GAME3 = 23.245  lr = 1.00e-05  time = 7.5s
[e036 s0001/1030] loss = 0.142811
[e036 s0050/1030] loss = 7.103274
[e036 s0100/1030] loss = 4.964670
[e036 s0150/1030] loss = 4.254730
[e036 s0200/1030] loss = 3.831112
[e036 s0250/1030] loss = 4.626695
[e036 s0300/1030] loss = 4.211982
[e036 s0350/1030] loss = 3.939153
[e036 s0400/1030] loss = 3.725637
[e036 s0450/1030] loss = 3.704950
[e036 s0500/1030] loss = 3.695294
[e036 s0550/1030] loss = 3.867784
[e036 s0600/1030] loss = 3.777336
[e036 s0650/1030] loss = 3.707408
[e036 s0700/1030] loss = 3.652584
[e036 s0750/1030] loss = 3.663535
[e036 s0800/1030] loss = 3.583482
[e036 s0850/1030] loss = 3.514941
[e036 s0900/1030] loss = 3.531490
[e036 s0950/1030] loss = 3.438832
[e036 s1000/1030] loss = 3.376472
Epoch 036: train_loss = 3.345832  MAE/GAME0 = 23.245  RMSE = 42.248  GAME1 = 23.245  GAME2 = 23.245  GAME3 = 23.245  lr = 1.00e-05  time = 7.9s
[e037 s0001/1030] loss = 0.375565
[e037 s0050/1030] loss = 1.312364
[e037 s0100/1030] loss = 2.351372
[e037 s0150/1030] loss = 2.250875
[e037 s0200/1030] loss = 2.610169
[e037 s0250/1030] loss = 2.647876
[e037 s0300/1030] loss = 2.584479
[e037 s0350/1030] loss = 2.662979
[e037 s0400/1030] loss = 2.804064
[e037 s0450/1030] loss = 2.631188
[e037 s0500/1030] loss = 2.570442
[e037 s0550/1030] loss = 2.694513
[e037 s0600/1030] loss = 2.760077
[e037 s0650/1030] loss = 2.763286
[e037 s0700/1030] loss = 2.863575
[e037 s0750/1030] loss = 3.120581
[e037 s0800/1030] loss = 3.113017
[e037 s0850/1030] loss = 3.118158
[e037 s0900/1030] loss = 3.143225
[e037 s0950/1030] loss = 3.387986
[e037 s1000/1030] loss = 3.347628
Epoch 037: train_loss = 3.282609  MAE/GAME0 = 23.245  RMSE = 42.248  GAME1 = 23.245  GAME2 = 23.245  GAME3 = 23.245  lr = 1.00e-05  time = 7.6s
[e038 s0001/1030] loss = 0.041822
[e038 s0050/1030] loss = 5.202803
[e038 s0100/1030] loss = 5.004705
[e038 s0150/1030] loss = 6.333924
[e038 s0200/1030] loss = 5.648298
[e038 s0250/1030] loss = 5.169904
[e038 s0300/1030] loss = 4.558652
[e038 s0350/1030] loss = 4.462168
[e038 s0400/1030] loss = 4.488959
[e038 s0450/1030] loss = 4.406163
[e038 s0500/1030] loss = 4.306650
[e038 s0550/1030] loss = 4.132669
[e038 s0600/1030] loss = 4.037407
[e038 s0650/1030] loss = 3.879844
[e038 s0700/1030] loss = 3.816241
[e038 s0750/1030] loss = 3.723858
[e038 s0800/1030] loss = 3.595819
[e038 s0850/1030] loss = 3.630131
[e038 s0900/1030] loss = 3.599205
[e038 s0950/1030] loss = 3.562900
[e038 s1000/1030] loss = 3.533880
Epoch 038: train_loss = 3.484555  MAE/GAME0 = 23.245  RMSE = 42.248  GAME1 = 23.245  GAME2 = 23.245  GAME3 = 23.245  lr = 1.00e-05  time = 7.5s
[e039 s0001/1030] loss = 0.092299
[e039 s0050/1030] loss = 2.100444
[e039 s0100/1030] loss = 2.991347
[e039 s0150/1030] loss = 3.020154
[e039 s0200/1030] loss = 3.326266
[e039 s0250/1030] loss = 3.038906
[e039 s0300/1030] loss = 3.244856
[e039 s0350/1030] loss = 3.171429
[e039 s0400/1030] loss = 3.958568
[e039 s0450/1030] loss = 3.704928
[e039 s0500/1030] loss = 3.608096
[e039 s0550/1030] loss = 3.469163
[e039 s0600/1030] loss = 3.312588
[e039 s0650/1030] loss = 3.276326
[e039 s0700/1030] loss = 3.238213
[e039 s0750/1030] loss = 3.204020
[e039 s0800/1030] loss = 3.419340
[e039 s0850/1030] loss = 3.355639
[e039 s0900/1030] loss = 3.330660
[e039 s0950/1030] loss = 3.488444
[e039 s1000/1030] loss = 3.389585
Epoch 039: train_loss = 3.369877  MAE/GAME0 = 23.245  RMSE = 42.248  GAME1 = 23.245  GAME2 = 23.245  GAME3 = 23.245  lr = 1.00e-05  time = 7.8s
[e040 s0001/1030] loss = 0.032703
[e040 s0050/1030] loss = 2.650317
[e040 s0100/1030] loss = 4.535043
[e040 s0150/1030] loss = 3.888501
[e040 s0200/1030] loss = 4.614432
[e040 s0250/1030] loss = 4.482832
[e040 s0300/1030] loss = 4.244255
[e040 s0350/1030] loss = 3.978005
[e040 s0400/1030] loss = 4.078605
[e040 s0450/1030] loss = 4.030022
[e040 s0500/1030] loss = 3.821676
[e040 s0550/1030] loss = 3.661630
[e040 s0600/1030] loss = 3.545261
[e040 s0650/1030] loss = 3.419073
[e040 s0700/1030] loss = 3.347314
[e040 s0750/1030] loss = 3.435010
[e040 s0800/1030] loss = 3.354384
[e040 s0850/1030] loss = 3.293050
[e040 s0900/1030] loss = 3.256006
[e040 s0950/1030] loss = 3.250091
[e040 s1000/1030] loss = 3.207114
Epoch 040: train_loss = 3.344626  MAE/GAME0 = 23.245  RMSE = 42.248  GAME1 = 23.245  GAME2 = 23.245  GAME3 = 23.245  lr = 1.00e-05  time = 7.5s
[e041 s0001/1030] loss = 1.217784
[e041 s0050/1030] loss = 3.103461
[e041 s0100/1030] loss = 2.984059
[e041 s0150/1030] loss = 4.601818
[e041 s0200/1030] loss = 4.366843
[e041 s0250/1030] loss = 4.133794
[e041 s0300/1030] loss = 4.402411
[e041 s0350/1030] loss = 4.192185
[e041 s0400/1030] loss = 3.984840
[e041 s0450/1030] loss = 3.851950
[e041 s0500/1030] loss = 3.786194
[e041 s0550/1030] loss = 4.504254
[e041 s0600/1030] loss = 4.280328
[e041 s0650/1030] loss = 4.176164
[e041 s0700/1030] loss = 4.113717
[e041 s0750/1030] loss = 4.037058
[e041 s0800/1030] loss = 3.950217
[e041 s0850/1030] loss = 3.847204
[e041 s0900/1030] loss = 3.819592
[e041 s0950/1030] loss = 3.804797
[e041 s1000/1030] loss = 3.702946
Epoch 041: train_loss = 3.671821  MAE/GAME0 = 23.245  RMSE = 42.248  GAME1 = 23.245  GAME2 = 23.245  GAME3 = 23.245  lr = 1.00e-05  time = 7.5s
[e042 s0001/1030] loss = 0.231507
[e042 s0050/1030] loss = 3.440849
[e042 s0100/1030] loss = 3.152247
[e042 s0150/1030] loss = 2.728545
[e042 s0200/1030] loss = 2.544258
[e042 s0250/1030] loss = 2.392702
[e042 s0300/1030] loss = 3.024774
[e042 s0350/1030] loss = 3.533811
[e042 s0400/1030] loss = 3.427458
[e042 s0450/1030] loss = 3.432260
[e042 s0500/1030] loss = 3.350606
[e042 s0550/1030] loss = 3.299107
[e042 s0600/1030] loss = 3.305556
[e042 s0650/1030] loss = 3.260162
[e042 s0700/1030] loss = 3.206539
[e042 s0750/1030] loss = 3.182226
[e042 s0800/1030] loss = 3.185129
[e042 s0850/1030] loss = 3.102022
[e042 s0900/1030] loss = 3.017303
[e042 s0950/1030] loss = 3.021710
[e042 s1000/1030] loss = 2.991555
Epoch 042: train_loss = 3.010365  MAE/GAME0 = 23.245  RMSE = 42.248  GAME1 = 23.245  GAME2 = 23.245  GAME3 = 23.245  lr = 1.00e-05  time = 7.7s
[e043 s0001/1030] loss = 0.339774
[e043 s0050/1030] loss = 5.218421
[e043 s0100/1030] loss = 3.735118
[e043 s0150/1030] loss = 3.498925
[e043 s0200/1030] loss = 3.133562
[e043 s0250/1030] loss = 2.943601
[e043 s0300/1030] loss = 3.020302
[e043 s0350/1030] loss = 3.225567
[e043 s0400/1030] loss = 3.135615
[e043 s0450/1030] loss = 3.152137
[e043 s0500/1030] loss = 3.016744
[e043 s0550/1030] loss = 3.315746
[e043 s0600/1030] loss = 3.278642
[e043 s0650/1030] loss = 3.445739
[e043 s0700/1030] loss = 3.459623
[e043 s0750/1030] loss = 3.454361
[e043 s0800/1030] loss = 3.437748
[e043 s0850/1030] loss = 3.548757
[e043 s0900/1030] loss = 3.440566
[e043 s0950/1030] loss = 3.401386
[e043 s1000/1030] loss = 3.473724
Epoch 043: train_loss = 3.435164  MAE/GAME0 = 23.245  RMSE = 42.248  GAME1 = 23.245  GAME2 = 23.245  GAME3 = 23.245  lr = 1.00e-05  time = 7.7s
[e044 s0001/1030] loss = 2.593605
[e044 s0050/1030] loss = 5.034775
[e044 s0100/1030] loss = 5.664111
[e044 s0150/1030] loss = 4.665982
[e044 s0200/1030] loss = 4.194633
[e044 s0250/1030] loss = 3.785204
[e044 s0300/1030] loss = 4.262448
[e044 s0350/1030] loss = 4.015243
[e044 s0400/1030] loss = 3.906188
[e044 s0450/1030] loss = 3.766059
[e044 s0500/1030] loss = 3.651339
[e044 s0550/1030] loss = 3.666530
[e044 s0600/1030] loss = 3.629973
[e044 s0650/1030] loss = 3.474192
[e044 s0700/1030] loss = 3.571224
[e044 s0750/1030] loss = 3.422594
[e044 s0800/1030] loss = 3.658719
[e044 s0850/1030] loss = 3.550346
[e044 s0900/1030] loss = 3.501024
[e044 s0950/1030] loss = 3.575995
[e044 s1000/1030] loss = 3.542662
Epoch 044: train_loss = 3.569019  MAE/GAME0 = 23.245  RMSE = 42.248  GAME1 = 23.245  GAME2 = 23.245  GAME3 = 23.245  lr = 1.00e-05  time = 7.7s
[e045 s0001/1030] loss = 0.086151
[e045 s0050/1030] loss = 3.575174
[e045 s0100/1030] loss = 3.831535
[e045 s0150/1030] loss = 3.529873
[e045 s0200/1030] loss = 3.513352
[e045 s0250/1030] loss = 4.104212
[e045 s0300/1030] loss = 3.791837
[e045 s0350/1030] loss = 3.620258
[e045 s0400/1030] loss = 3.600185
[e045 s0450/1030] loss = 3.533362
[e045 s0500/1030] loss = 3.354878
[e045 s0550/1030] loss = 3.301276
[e045 s0600/1030] loss = 3.335870
[e045 s0650/1030] loss = 3.385012
[e045 s0700/1030] loss = 3.273601
[e045 s0750/1030] loss = 3.167172
[e045 s0800/1030] loss = 3.164617
[e045 s0850/1030] loss = 3.162727
[e045 s0900/1030] loss = 3.093519
[e045 s0950/1030] loss = 3.174943
[e045 s1000/1030] loss = 3.173906
Epoch 045: train_loss = 3.176763  MAE/GAME0 = 23.245  RMSE = 42.248  GAME1 = 23.245  GAME2 = 23.245  GAME3 = 23.245  lr = 1.00e-05  time = 7.5s
[e046 s0001/1030] loss = 10.130891
[e046 s0050/1030] loss = 3.371348
[e046 s0100/1030] loss = 3.400850
[e046 s0150/1030] loss = 3.308097
[e046 s0200/1030] loss = 3.092755
[e046 s0250/1030] loss = 3.594910
[e046 s0300/1030] loss = 3.271965
[e046 s0350/1030] loss = 3.325167
[e046 s0400/1030] loss = 3.239250
[e046 s0450/1030] loss = 3.261317
[e046 s0500/1030] loss = 3.135201
[e046 s0550/1030] loss = 3.056911
[e046 s0600/1030] loss = 3.220358
[e046 s0650/1030] loss = 3.279016
[e046 s0700/1030] loss = 3.398730
[e046 s0750/1030] loss = 3.645738
[e046 s0800/1030] loss = 3.785874
[e046 s0850/1030] loss = 3.950302
[e046 s0900/1030] loss = 3.921578
[e046 s0950/1030] loss = 3.856659
[e046 s1000/1030] loss = 3.811261
Epoch 046: train_loss = 3.791928  MAE/GAME0 = 23.245  RMSE = 42.248  GAME1 = 23.245  GAME2 = 23.245  GAME3 = 23.245  lr = 1.00e-05  time = 7.5s
[e047 s0001/1030] loss = 20.660812
[e047 s0050/1030] loss = 3.734553
[e047 s0100/1030] loss = 3.223320
[e047 s0150/1030] loss = 2.869157
[e047 s0200/1030] loss = 3.421891
[e047 s0250/1030] loss = 3.359197
[e047 s0300/1030] loss = 3.116475
[e047 s0350/1030] loss = 3.330587
[e047 s0400/1030] loss = 3.293528
[e047 s0450/1030] loss = 3.098343
[e047 s0500/1030] loss = 3.105605
[e047 s0550/1030] loss = 3.218417
[e047 s0600/1030] loss = 3.167190
[e047 s0650/1030] loss = 3.099094
[e047 s0700/1030] loss = 3.101809
[e047 s0750/1030] loss = 3.268806
[e047 s0800/1030] loss = 3.289264
[e047 s0850/1030] loss = 3.410142
[e047 s0900/1030] loss = 3.326267
[e047 s0950/1030] loss = 3.292531
[e047 s1000/1030] loss = 3.258262
Epoch 047: train_loss = 3.227899  MAE/GAME0 = 23.245  RMSE = 42.248  GAME1 = 23.245  GAME2 = 23.245  GAME3 = 23.245  lr = 1.00e-05  time = 7.5s
[e048 s0001/1030] loss = 2.026964
[e048 s0050/1030] loss = 1.844705
[e048 s0100/1030] loss = 2.058469
[e048 s0150/1030] loss = 2.231919
[e048 s0200/1030] loss = 2.188196
[e048 s0250/1030] loss = 2.151045
[e048 s0300/1030] loss = 2.277197
[e048 s0350/1030] loss = 2.444522
[e048 s0400/1030] loss = 2.744560
[e048 s0450/1030] loss = 2.673659
[e048 s0500/1030] loss = 3.516663
[e048 s0550/1030] loss = 3.430752
[e048 s0600/1030] loss = 3.478929
[e048 s0650/1030] loss = 3.461752
[e048 s0700/1030] loss = 3.437521
[e048 s0750/1030] loss = 3.422999
[e048 s0800/1030] loss = 3.328312
[e048 s0850/1030] loss = 3.270641
[e048 s0900/1030] loss = 3.227522
[e048 s0950/1030] loss = 3.156581
[e048 s1000/1030] loss = 3.355412
Epoch 048: train_loss = 3.359143  MAE/GAME0 = 23.245  RMSE = 42.248  GAME1 = 23.245  GAME2 = 23.245  GAME3 = 23.245  lr = 1.00e-05  time = 7.7s
[e049 s0001/1030] loss = 3.662727
[e049 s0050/1030] loss = 2.022876
[e049 s0100/1030] loss = 3.216129
[e049 s0150/1030] loss = 2.697198
[e049 s0200/1030] loss = 2.818962
[e049 s0250/1030] loss = 2.638964
[e049 s0300/1030] loss = 2.679427
[e049 s0350/1030] loss = 2.528385
[e049 s0400/1030] loss = 3.077776
[e049 s0450/1030] loss = 3.065135
[e049 s0500/1030] loss = 3.048321
[e049 s0550/1030] loss = 2.987193
[e049 s0600/1030] loss = 2.963663
[e049 s0650/1030] loss = 3.330516
[e049 s0700/1030] loss = 3.262209
[e049 s0750/1030] loss = 3.205601
[e049 s0800/1030] loss = 3.097738
[e049 s0850/1030] loss = 3.242701
[e049 s0900/1030] loss = 3.156406
[e049 s0950/1030] loss = 3.141924
[e049 s1000/1030] loss = 3.153673
Epoch 049: train_loss = 3.109935  MAE/GAME0 = 23.245  RMSE = 42.248  GAME1 = 23.245  GAME2 = 23.245  GAME3 = 23.245  lr = 1.00e-05  time = 7.5s
[e050 s0001/1030] loss = 0.762748
[e050 s0050/1030] loss = 4.276330
[e050 s0100/1030] loss = 3.903032
[e050 s0150/1030] loss = 3.476122
[e050 s0200/1030] loss = 3.803310
[e050 s0250/1030] loss = 4.460786
[e050 s0300/1030] loss = 4.225228
[e050 s0350/1030] loss = 4.117528
[e050 s0400/1030] loss = 3.868118
[e050 s0450/1030] loss = 3.624052
[e050 s0500/1030] loss = 3.573256
[e050 s0550/1030] loss = 3.643842
[e050 s0600/1030] loss = 3.546340
[e050 s0650/1030] loss = 3.450325
[e050 s0700/1030] loss = 3.486256
[e050 s0750/1030] loss = 3.476624
[e050 s0800/1030] loss = 3.554352
[e050 s0850/1030] loss = 3.529067
[e050 s0900/1030] loss = 3.524121
[e050 s0950/1030] loss = 3.713232
[e050 s1000/1030] loss = 3.666594
Epoch 050: train_loss = 3.611524  MAE/GAME0 = 23.245  RMSE = 42.248  GAME1 = 23.245  GAME2 = 23.245  GAME3 = 23.245  lr = 1.00e-05  time = 7.6s
[e051 s0001/1030] loss = 4.714591
[e051 s0050/1030] loss = 3.377986
[e051 s0100/1030] loss = 2.721150
[e051 s0150/1030] loss = 2.558036
[e051 s0200/1030] loss = 2.447515
[e051 s0250/1030] loss = 3.377044
[e051 s0300/1030] loss = 3.172456
[e051 s0350/1030] loss = 3.338512
[e051 s0400/1030] loss = 3.292134
[e051 s0450/1030] loss = 3.152612
[e051 s0500/1030] loss = 3.121144
[e051 s0550/1030] loss = 3.597766
[e051 s0600/1030] loss = 3.439826
[e051 s0650/1030] loss = 3.395857
[e051 s0700/1030] loss = 3.414606
[e051 s0750/1030] loss = 3.396643
[e051 s0800/1030] loss = 3.357014
[e051 s0850/1030] loss = 3.284816
[e051 s0900/1030] loss = 3.318589
[e051 s0950/1030] loss = 3.234323
[e051 s1000/1030] loss = 3.174365
Epoch 051: train_loss = 3.197132  MAE/GAME0 = 23.245  RMSE = 42.248  GAME1 = 23.245  GAME2 = 23.245  GAME3 = 23.245  lr = 1.00e-05  time = 7.5s
[e052 s0001/1030] loss = 0.000000
[e052 s0050/1030] loss = 3.169461
[e052 s0100/1030] loss = 2.787166
[e052 s0150/1030] loss = 4.247212
[e052 s0200/1030] loss = 3.726797
[e052 s0250/1030] loss = 3.794188
[e052 s0300/1030] loss = 3.684811
[e052 s0350/1030] loss = 3.506015
[e052 s0400/1030] loss = 3.422211
[e052 s0450/1030] loss = 3.326967
[e052 s0500/1030] loss = 3.330926
[e052 s0550/1030] loss = 3.284795
[e052 s0600/1030] loss = 3.923371
[e052 s0650/1030] loss = 3.901553
[e052 s0700/1030] loss = 3.896032
[e052 s0750/1030] loss = 3.782032
[e052 s0800/1030] loss = 3.891167
[e052 s0850/1030] loss = 3.860942
[e052 s0900/1030] loss = 3.897207
[e052 s0950/1030] loss = 3.811155
[e052 s1000/1030] loss = 3.780457
Epoch 052: train_loss = 3.729406  MAE/GAME0 = 23.245  RMSE = 42.248  GAME1 = 23.245  GAME2 = 23.245  GAME3 = 23.245  lr = 1.00e-05  time = 7.5s
[e053 s0001/1030] loss = 0.106012
[e053 s0050/1030] loss = 5.693034
[e053 s0100/1030] loss = 3.959825
[e053 s0150/1030] loss = 3.488483
[e053 s0200/1030] loss = 3.110146
[e053 s0250/1030] loss = 2.917065
[e053 s0300/1030] loss = 2.916971
[e053 s0350/1030] loss = 3.503752
[e053 s0400/1030] loss = 3.558934
[e053 s0450/1030] loss = 3.370977
[e053 s0500/1030] loss = 3.607170
[e053 s0550/1030] loss = 3.549365
[e053 s0600/1030] loss = 3.410366
[e053 s0650/1030] loss = 3.283994
[e053 s0700/1030] loss = 3.205538
[e053 s0750/1030] loss = 3.220031
[e053 s0800/1030] loss = 3.327525
[e053 s0850/1030] loss = 3.315923
[e053 s0900/1030] loss = 3.514688
[e053 s0950/1030] loss = 3.593974
[e053 s1000/1030] loss = 3.575051
Epoch 053: train_loss = 3.514711  MAE/GAME0 = 23.245  RMSE = 42.248  GAME1 = 23.245  GAME2 = 23.245  GAME3 = 23.245  lr = 1.00e-05  time = 7.6s
[e054 s0001/1030] loss = 0.582709
[e054 s0050/1030] loss = 2.847541
[e054 s0100/1030] loss = 2.656541
[e054 s0150/1030] loss = 3.269437
[e054 s0200/1030] loss = 3.249843
[e054 s0250/1030] loss = 3.369395
[e054 s0300/1030] loss = 3.148244
[e054 s0350/1030] loss = 3.118488
[e054 s0400/1030] loss = 3.586664
[e054 s0450/1030] loss = 3.474182
[e054 s0500/1030] loss = 3.396076
[e054 s0550/1030] loss = 3.249350
[e054 s0600/1030] loss = 3.182634
[e054 s0650/1030] loss = 3.141866
[e054 s0700/1030] loss = 3.074304
[e054 s0750/1030] loss = 3.023058
[e054 s0800/1030] loss = 2.971288
[e054 s0850/1030] loss = 3.090891
[e054 s0900/1030] loss = 3.060926
[e054 s0950/1030] loss = 3.020644
[e054 s1000/1030] loss = 3.065659
Epoch 054: train_loss = 3.009629  MAE/GAME0 = 23.245  RMSE = 42.248  GAME1 = 23.245  GAME2 = 23.245  GAME3 = 23.245  lr = 1.00e-05  time = 7.6s
[e055 s0001/1030] loss = 0.269980
[e055 s0050/1030] loss = 3.420755
[e055 s0100/1030] loss = 3.750428
[e055 s0150/1030] loss = 3.472656
[e055 s0200/1030] loss = 3.340850
[e055 s0250/1030] loss = 3.227716
[e055 s0300/1030] loss = 3.690263
[e055 s0350/1030] loss = 3.586791
[e055 s0400/1030] loss = 3.355438
[e055 s0450/1030] loss = 3.585160
[e055 s0500/1030] loss = 3.654527
[e055 s0550/1030] loss = 4.017964
[e055 s0600/1030] loss = 3.815025
[e055 s0650/1030] loss = 3.696896
[e055 s0700/1030] loss = 3.815550
[e055 s0750/1030] loss = 3.704095
[e055 s0800/1030] loss = 3.685813
[e055 s0850/1030] loss = 3.660950
[e055 s0900/1030] loss = 3.598998
[e055 s0950/1030] loss = 3.590597
[e055 s1000/1030] loss = 3.510152
Epoch 055: train_loss = 3.461461  MAE/GAME0 = 23.245  RMSE = 42.248  GAME1 = 23.245  GAME2 = 23.245  GAME3 = 23.245  lr = 1.00e-05  time = 7.6s
[e056 s0001/1030] loss = 0.295271
[e056 s0050/1030] loss = 10.146609
[e056 s0100/1030] loss = 7.068541
[e056 s0150/1030] loss = 6.618521
[e056 s0200/1030] loss = 5.392094
[e056 s0250/1030] loss = 5.606217
[e056 s0300/1030] loss = 4.945304
[e056 s0350/1030] loss = 4.466118
[e056 s0400/1030] loss = 4.158039
[e056 s0450/1030] loss = 3.969821
[e056 s0500/1030] loss = 3.891946
[e056 s0550/1030] loss = 3.745146
[e056 s0600/1030] loss = 3.678758
[e056 s0650/1030] loss = 3.583815
[e056 s0700/1030] loss = 3.644122
[e056 s0750/1030] loss = 3.816129
[e056 s0800/1030] loss = 3.762277
[e056 s0850/1030] loss = 3.868585
[e056 s0900/1030] loss = 3.850608
[e056 s0950/1030] loss = 3.778506
[e056 s1000/1030] loss = 3.718015
Epoch 056: train_loss = 3.679966  MAE/GAME0 = 23.245  RMSE = 42.248  GAME1 = 23.245  GAME2 = 23.245  GAME3 = 23.245  lr = 1.00e-05  time = 7.7s
[e057 s0001/1030] loss = 0.593865
[e057 s0050/1030] loss = 2.358967
[e057 s0100/1030] loss = 2.299071
[e057 s0150/1030] loss = 2.303277
[e057 s0200/1030] loss = 2.320179
[e057 s0250/1030] loss = 2.420579
[e057 s0300/1030] loss = 2.487975
[e057 s0350/1030] loss = 2.696142
[e057 s0400/1030] loss = 2.888595
[e057 s0450/1030] loss = 2.868398
[e057 s0500/1030] loss = 2.779600
[e057 s0550/1030] loss = 2.894732
[e057 s0600/1030] loss = 2.887101
[e057 s0650/1030] loss = 3.188295
[e057 s0700/1030] loss = 3.124006
[e057 s0750/1030] loss = 3.176739
[e057 s0800/1030] loss = 3.170891
[e057 s0850/1030] loss = 3.114760
[e057 s0900/1030] loss = 3.149734
[e057 s0950/1030] loss = 3.124850
[e057 s1000/1030] loss = 3.222909
Epoch 057: train_loss = 3.402278  MAE/GAME0 = 23.245  RMSE = 42.248  GAME1 = 23.245  GAME2 = 23.245  GAME3 = 23.245  lr = 1.00e-05  time = 7.5s
[e058 s0001/1030] loss = 0.032634
[e058 s0050/1030] loss = 4.845565
[e058 s0100/1030] loss = 3.571107
[e058 s0150/1030] loss = 3.006094
[e058 s0200/1030] loss = 3.639254
[e058 s0250/1030] loss = 3.353017
[e058 s0300/1030] loss = 3.802909
[e058 s0350/1030] loss = 3.855465
[e058 s0400/1030] loss = 3.721199
[e058 s0450/1030] loss = 3.638156
[e058 s0500/1030] loss = 3.444111
[e058 s0550/1030] loss = 3.426900
[e058 s0600/1030] loss = 3.384733
[e058 s0650/1030] loss = 3.283555
[e058 s0700/1030] loss = 3.230487
[e058 s0750/1030] loss = 3.172783
[e058 s0800/1030] loss = 3.093387
[e058 s0850/1030] loss = 3.088943
[e058 s0900/1030] loss = 3.419472
[e058 s0950/1030] loss = 3.372112
[e058 s1000/1030] loss = 3.422188
Epoch 058: train_loss = 3.436004  MAE/GAME0 = 23.245  RMSE = 42.248  GAME1 = 23.245  GAME2 = 23.245  GAME3 = 23.245  lr = 1.00e-05  time = 7.6s
[e059 s0001/1030] loss = 1.206813
[e059 s0050/1030] loss = 1.507779
[e059 s0100/1030] loss = 2.337206
[e059 s0150/1030] loss = 2.582353
[e059 s0200/1030] loss = 3.327444
[e059 s0250/1030] loss = 3.434987
[e059 s0300/1030] loss = 3.668861
[e059 s0350/1030] loss = 3.488140
[e059 s0400/1030] loss = 3.486760
[e059 s0450/1030] loss = 3.397425
[e059 s0500/1030] loss = 3.355335
[e059 s0550/1030] loss = 3.265110
[e059 s0600/1030] loss = 3.126648
[e059 s0650/1030] loss = 3.377451
[e059 s0700/1030] loss = 3.355136
[e059 s0750/1030] loss = 3.244758
[e059 s0800/1030] loss = 3.315029
[e059 s0850/1030] loss = 3.389279
[e059 s0900/1030] loss = 3.512266
[e059 s0950/1030] loss = 3.526650
[e059 s1000/1030] loss = 3.581107
Epoch 059: train_loss = 3.579664  MAE/GAME0 = 23.245  RMSE = 42.248  GAME1 = 23.245  GAME2 = 23.245  GAME3 = 23.245  lr = 1.00e-05  time = 7.6s
[e060 s0001/1030] loss = 1.529783
[e060 s0050/1030] loss = 5.562955
[e060 s0100/1030] loss = 3.419410
[e060 s0150/1030] loss = 3.325512
[e060 s0200/1030] loss = 4.280694
[e060 s0250/1030] loss = 3.907833
[e060 s0300/1030] loss = 4.136832
[e060 s0350/1030] loss = 3.956634
[e060 s0400/1030] loss = 4.542860
[e060 s0450/1030] loss = 4.275811
[e060 s0500/1030] loss = 4.116913
[e060 s0550/1030] loss = 4.006056
[e060 s0600/1030] loss = 3.946539
[e060 s0650/1030] loss = 3.845884
[e060 s0700/1030] loss = 3.676006
[e060 s0750/1030] loss = 3.600427
[e060 s0800/1030] loss = 3.506496
[e060 s0850/1030] loss = 3.440573
[e060 s0900/1030] loss = 3.369604
[e060 s0950/1030] loss = 3.355995
[e060 s1000/1030] loss = 3.324832
Epoch 060: train_loss = 3.299200  MAE/GAME0 = 23.244  RMSE = 42.247  GAME1 = 23.245  GAME2 = 23.245  GAME3 = 23.246  lr = 1.00e-05  time = 7.6s
[e061 s0001/1030] loss = 2.189897
[e061 s0050/1030] loss = 3.735721
[e061 s0100/1030] loss = 3.849730
[e061 s0150/1030] loss = 3.489891
[e061 s0200/1030] loss = 3.252696
[e061 s0250/1030] loss = 3.079342
[e061 s0300/1030] loss = 3.005482
[e061 s0350/1030] loss = 2.846712
[e061 s0400/1030] loss = 2.916431
[e061 s0450/1030] loss = 2.876053
[e061 s0500/1030] loss = 2.840147
[e061 s0550/1030] loss = 2.818068
[e061 s0600/1030] loss = 3.450552
[e061 s0650/1030] loss = 3.457223
[e061 s0700/1030] loss = 3.352690
[e061 s0750/1030] loss = 3.651560
[e061 s0800/1030] loss = 3.584272
[e061 s0850/1030] loss = 3.599970
[e061 s0900/1030] loss = 3.538843
[e061 s0950/1030] loss = 3.511436
[e061 s1000/1030] loss = 3.533947
Epoch 061: train_loss = 3.537820  MAE/GAME0 = 22.029  RMSE = 41.580  GAME1 = 22.348  GAME2 = 23.064  GAME3 = 23.392  lr = 1.00e-05  time = 7.6s
[e062 s0001/1030] loss = 0.979718
[e062 s0050/1030] loss = 3.449304
[e062 s0100/1030] loss = 5.230449
[e062 s0150/1030] loss = 4.246450
[e062 s0200/1030] loss = 3.884484
[e062 s0250/1030] loss = 3.495965
[e062 s0300/1030] loss = 3.211016
[e062 s0350/1030] loss = 2.939264
[e062 s0400/1030] loss = 2.905145
[e062 s0450/1030] loss = 2.858213
[e062 s0500/1030] loss = 2.772564
[e062 s0550/1030] loss = 2.852606
[e062 s0600/1030] loss = 2.731850
[e062 s0650/1030] loss = 2.726868
[e062 s0700/1030] loss = 3.171274
[e062 s0750/1030] loss = 3.293985
[e062 s0800/1030] loss = 3.307061
[e062 s0850/1030] loss = 3.503369
[e062 s0900/1030] loss = 3.592641
[e062 s0950/1030] loss = 3.529963
[e062 s1000/1030] loss = 3.525253
Epoch 062: train_loss = 3.528048  MAE/GAME0 = 23.245  RMSE = 42.248  GAME1 = 23.245  GAME2 = 23.245  GAME3 = 23.245  lr = 1.00e-05  time = 7.5s
[e063 s0001/1030] loss = 0.000000
[e063 s0050/1030] loss = 6.092378
[e063 s0100/1030] loss = 3.868316
[e063 s0150/1030] loss = 4.516289
[e063 s0200/1030] loss = 4.288591
[e063 s0250/1030] loss = 3.944697
[e063 s0300/1030] loss = 3.593184
[e063 s0350/1030] loss = 3.303578
[e063 s0400/1030] loss = 3.210241
[e063 s0450/1030] loss = 3.469063
[e063 s0500/1030] loss = 4.276515
[e063 s0550/1030] loss = 4.013999
[e063 s0600/1030] loss = 3.860750
[e063 s0650/1030] loss = 3.824212
[e063 s0700/1030] loss = 3.892530
[e063 s0750/1030] loss = 3.949254
[e063 s0800/1030] loss = 3.966671
[e063 s0850/1030] loss = 3.854112
[e063 s0900/1030] loss = 3.733669
[e063 s0950/1030] loss = 3.676122
[e063 s1000/1030] loss = 3.613932
Epoch 063: train_loss = 3.639033  MAE/GAME0 = 23.245  RMSE = 42.248  GAME1 = 23.245  GAME2 = 23.245  GAME3 = 23.245  lr = 1.00e-05  time = 7.6s
[e064 s0001/1030] loss = 6.584577
[e064 s0050/1030] loss = 2.148976
[e064 s0100/1030] loss = 2.398170
[e064 s0150/1030] loss = 2.502742
[e064 s0200/1030] loss = 2.434369
[e064 s0250/1030] loss = 2.567951
[e064 s0300/1030] loss = 2.562287
[e064 s0350/1030] loss = 2.637661
[e064 s0400/1030] loss = 2.559873
[e064 s0450/1030] loss = 2.746840
[e064 s0500/1030] loss = 2.675442
[e064 s0550/1030] loss = 2.660166
[e064 s0600/1030] loss = 2.732630
[e064 s0650/1030] loss = 2.810175
[e064 s0700/1030] loss = 3.342726
[e064 s0750/1030] loss = 3.321322
[e064 s0800/1030] loss = 3.230936
[e064 s0850/1030] loss = 3.143956
[e064 s0900/1030] loss = 3.190801
[e064 s0950/1030] loss = 3.207254
[e064 s1000/1030] loss = 3.148546
Epoch 064: train_loss = 3.105750  MAE/GAME0 = 23.245  RMSE = 42.248  GAME1 = 23.245  GAME2 = 23.245  GAME3 = 23.245  lr = 1.00e-05  time = 7.6s
[e065 s0001/1030] loss = 0.032987
[e065 s0050/1030] loss = 7.323161
[e065 s0100/1030] loss = 5.723922
[e065 s0150/1030] loss = 4.490764
[e065 s0200/1030] loss = 3.887074
[e065 s0250/1030] loss = 3.592232
[e065 s0300/1030] loss = 3.537200
[e065 s0350/1030] loss = 3.578233
[e065 s0400/1030] loss = 3.352232
[e065 s0450/1030] loss = 3.317370
[e065 s0500/1030] loss = 3.347054
[e065 s0550/1030] loss = 3.522317
[e065 s0600/1030] loss = 3.576792
[e065 s0650/1030] loss = 3.551524
[e065 s0700/1030] loss = 3.487991
[e065 s0750/1030] loss = 3.525594
[e065 s0800/1030] loss = 3.491420
[e065 s0850/1030] loss = 3.431205
[e065 s0900/1030] loss = 3.375235
[e065 s0950/1030] loss = 3.382946
[e065 s1000/1030] loss = 3.338065
Epoch 065: train_loss = 3.319581  MAE/GAME0 = 23.245  RMSE = 42.248  GAME1 = 23.245  GAME2 = 23.245  GAME3 = 23.245  lr = 1.00e-05  time = 7.5s
[e066 s0001/1030] loss = 0.840460
[e066 s0050/1030] loss = 2.395138
[e066 s0100/1030] loss = 2.461104
[e066 s0150/1030] loss = 2.639123
[e066 s0200/1030] loss = 2.562158
[e066 s0250/1030] loss = 2.478709
[e066 s0300/1030] loss = 2.449463
[e066 s0350/1030] loss = 3.811424
[e066 s0400/1030] loss = 3.653159
[e066 s0450/1030] loss = 3.406340
[e066 s0500/1030] loss = 3.674205
[e066 s0550/1030] loss = 3.664375
[e066 s0600/1030] loss = 3.779165
[e066 s0650/1030] loss = 3.696264
[e066 s0700/1030] loss = 3.695840
[e066 s0750/1030] loss = 3.788016
[e066 s0800/1030] loss = 3.666056
[e066 s0850/1030] loss = 3.585222
[e066 s0900/1030] loss = 3.571731
[e066 s0950/1030] loss = 3.467292
[e066 s1000/1030] loss = 3.452045
Epoch 066: train_loss = 3.403829  MAE/GAME0 = 23.245  RMSE = 42.248  GAME1 = 23.245  GAME2 = 23.245  GAME3 = 23.245  lr = 1.00e-05  time = 7.6s
[e067 s0001/1030] loss = 0.032714
[e067 s0050/1030] loss = 1.950014
[e067 s0100/1030] loss = 3.100224
[e067 s0150/1030] loss = 2.903184
[e067 s0200/1030] loss = 3.084080
[e067 s0250/1030] loss = 2.777862
[e067 s0300/1030] loss = 3.030805
[e067 s0350/1030] loss = 3.004069
[e067 s0400/1030] loss = 3.018301
[e067 s0450/1030] loss = 2.915780
[e067 s0500/1030] loss = 3.314350
[e067 s0550/1030] loss = 3.310541
[e067 s0600/1030] loss = 3.239048
[e067 s0650/1030] loss = 3.252144
[e067 s0700/1030] loss = 3.264362
[e067 s0750/1030] loss = 3.348324
[e067 s0800/1030] loss = 3.335825
[e067 s0850/1030] loss = 3.327554
[e067 s0900/1030] loss = 3.368766
[e067 s0950/1030] loss = 3.323060
[e067 s1000/1030] loss = 3.294251
Epoch 067: train_loss = 3.236258  MAE/GAME0 = 23.245  RMSE = 42.248  GAME1 = 23.245  GAME2 = 23.245  GAME3 = 23.245  lr = 1.00e-05  time = 7.6s
[e068 s0001/1030] loss = 3.366451
[e068 s0050/1030] loss = 7.693520
[e068 s0100/1030] loss = 4.915758
[e068 s0150/1030] loss = 4.222098
[e068 s0200/1030] loss = 3.787009
[e068 s0250/1030] loss = 3.569246
[e068 s0300/1030] loss = 3.430991
[e068 s0350/1030] loss = 3.166839
[e068 s0400/1030] loss = 2.989020
[e068 s0450/1030] loss = 2.935694
[e068 s0500/1030] loss = 2.963897
[e068 s0550/1030] loss = 2.928476
[e068 s0600/1030] loss = 2.857108
[e068 s0650/1030] loss = 2.829857
[e068 s0700/1030] loss = 2.991889
[e068 s0750/1030] loss = 2.963231
[e068 s0800/1030] loss = 3.301897
[e068 s0850/1030] loss = 3.316051
[e068 s0900/1030] loss = 3.320255
[e068 s0950/1030] loss = 3.335172
[e068 s1000/1030] loss = 3.246599
Epoch 068: train_loss = 3.220829  MAE/GAME0 = 23.245  RMSE = 42.248  GAME1 = 23.245  GAME2 = 23.245  GAME3 = 23.245  lr = 1.00e-05  time = 7.7s
[e069 s0001/1030] loss = 1.809394
[e069 s0050/1030] loss = 3.440766
[e069 s0100/1030] loss = 3.089949
[e069 s0150/1030] loss = 3.306638
[e069 s0200/1030] loss = 3.932298
[e069 s0250/1030] loss = 3.487960
[e069 s0300/1030] loss = 3.359796
[e069 s0350/1030] loss = 4.383238
[e069 s0400/1030] loss = 4.087193
[e069 s0450/1030] loss = 3.954593
[e069 s0500/1030] loss = 3.929613
[e069 s0550/1030] loss = 4.027858
[e069 s0600/1030] loss = 4.118059
[e069 s0650/1030] loss = 4.084958
[e069 s0700/1030] loss = 3.991849
[e069 s0750/1030] loss = 3.980790
[e069 s0800/1030] loss = 3.889008
[e069 s0850/1030] loss = 3.758327
[e069 s0900/1030] loss = 3.768886
[e069 s0950/1030] loss = 3.723973
[e069 s1000/1030] loss = 3.659422
Epoch 069: train_loss = 3.621137  MAE/GAME0 = 23.245  RMSE = 42.248  GAME1 = 23.245  GAME2 = 23.245  GAME3 = 23.245  lr = 1.00e-05  time = 7.5s
[e070 s0001/1030] loss = 0.449415
[e070 s0050/1030] loss = 1.899916
[e070 s0100/1030] loss = 1.820269
[e070 s0150/1030] loss = 1.841153
[e070 s0200/1030] loss = 2.103483
[e070 s0250/1030] loss = 2.299178
[e070 s0300/1030] loss = 2.365948
[e070 s0350/1030] loss = 2.520138
[e070 s0400/1030] loss = 2.644877
[e070 s0450/1030] loss = 3.157580
[e070 s0500/1030] loss = 3.443353
[e070 s0550/1030] loss = 3.528614
[e070 s0600/1030] loss = 3.368973
[e070 s0650/1030] loss = 3.400559
[e070 s0700/1030] loss = 3.390170
[e070 s0750/1030] loss = 3.405249
[e070 s0800/1030] loss = 3.293576
[e070 s0850/1030] loss = 3.223341
[e070 s0900/1030] loss = 3.236646
[e070 s0950/1030] loss = 3.311425
[e070 s1000/1030] loss = 3.314564
Epoch 070: train_loss = 3.312617  MAE/GAME0 = 23.245  RMSE = 42.248  GAME1 = 23.245  GAME2 = 23.245  GAME3 = 23.245  lr = 1.00e-05  time = 7.6s
[e071 s0001/1030] loss = 0.000000
[e071 s0050/1030] loss = 2.138158
[e071 s0100/1030] loss = 3.089019
[e071 s0150/1030] loss = 3.147186
[e071 s0200/1030] loss = 3.026352
[e071 s0250/1030] loss = 2.933783
[e071 s0300/1030] loss = 3.582880
[e071 s0350/1030] loss = 3.675418
[e071 s0400/1030] loss = 3.547835
[e071 s0450/1030] loss = 3.510220
[e071 s0500/1030] loss = 3.366785
[e071 s0550/1030] loss = 3.285394
[e071 s0600/1030] loss = 3.138981
[e071 s0650/1030] loss = 3.148965
[e071 s0700/1030] loss = 3.648828
[e071 s0750/1030] loss = 3.581657
[e071 s0800/1030] loss = 3.525977
[e071 s0850/1030] loss = 3.521594
[e071 s0900/1030] loss = 3.468751
[e071 s0950/1030] loss = 3.397461
[e071 s1000/1030] loss = 3.382480
Epoch 071: train_loss = 3.355735  MAE/GAME0 = 23.245  RMSE = 42.248  GAME1 = 23.245  GAME2 = 23.245  GAME3 = 23.245  lr = 1.00e-05  time = 7.6s
[e072 s0001/1030] loss = 0.380479
[e072 s0050/1030] loss = 2.620547
[e072 s0100/1030] loss = 4.867240
[e072 s0150/1030] loss = 4.624373
[e072 s0200/1030] loss = 3.935073
[e072 s0250/1030] loss = 3.647903
[e072 s0300/1030] loss = 3.407567
[e072 s0350/1030] loss = 3.264533
[e072 s0400/1030] loss = 3.303819
[e072 s0450/1030] loss = 4.072990
[e072 s0500/1030] loss = 3.816449
[e072 s0550/1030] loss = 3.745537
[e072 s0600/1030] loss = 3.601879
[e072 s0650/1030] loss = 3.500824
[e072 s0700/1030] loss = 3.601488
[e072 s0750/1030] loss = 3.521459
[e072 s0800/1030] loss = 3.454762
[e072 s0850/1030] loss = 3.431987
[e072 s0900/1030] loss = 3.399051
[e072 s0950/1030] loss = 3.326527
[e072 s1000/1030] loss = 3.276331
Epoch 072: train_loss = 3.239289  MAE/GAME0 = 23.245  RMSE = 42.248  GAME1 = 23.245  GAME2 = 23.245  GAME3 = 23.245  lr = 1.00e-05  time = 7.5s
[e073 s0001/1030] loss = 4.615590
[e073 s0050/1030] loss = 2.192240
[e073 s0100/1030] loss = 2.148346
[e073 s0150/1030] loss = 2.163065
[e073 s0200/1030] loss = 2.463853
[e073 s0250/1030] loss = 2.542828
[e073 s0300/1030] loss = 2.631006
[e073 s0350/1030] loss = 2.562703
[e073 s0400/1030] loss = 2.961289
[e073 s0450/1030] loss = 2.998557
[e073 s0500/1030] loss = 2.915093
[e073 s0550/1030] loss = 3.268845
[e073 s0600/1030] loss = 3.247439
[e073 s0650/1030] loss = 3.224883
[e073 s0700/1030] loss = 3.452808
[e073 s0750/1030] loss = 3.385399
[e073 s0800/1030] loss = 3.386271
[e073 s0850/1030] loss = 3.356929
[e073 s0900/1030] loss = 3.309529
[e073 s0950/1030] loss = 3.232049
[e073 s1000/1030] loss = 3.167439
Epoch 073: train_loss = 3.146378  MAE/GAME0 = 23.245  RMSE = 42.248  GAME1 = 23.245  GAME2 = 23.245  GAME3 = 23.245  lr = 1.00e-05  time = 7.5s
[e074 s0001/1030] loss = 0.301489
[e074 s0050/1030] loss = 2.945010
[e074 s0100/1030] loss = 2.965402
[e074 s0150/1030] loss = 3.013739
[e074 s0200/1030] loss = 2.878916
[e074 s0250/1030] loss = 2.791356
[e074 s0300/1030] loss = 2.726131
[e074 s0350/1030] loss = 2.868510
[e074 s0400/1030] loss = 2.708760
[e074 s0450/1030] loss = 2.669096
[e074 s0500/1030] loss = 2.834604
[e074 s0550/1030] loss = 2.844259
[e074 s0600/1030] loss = 2.942730
[e074 s0650/1030] loss = 2.918532
[e074 s0700/1030] loss = 2.924986
[e074 s0750/1030] loss = 3.160439
[e074 s0800/1030] loss = 3.156245
[e074 s0850/1030] loss = 3.050371
[e074 s0900/1030] loss = 2.970239
[e074 s0950/1030] loss = 2.960988
[e074 s1000/1030] loss = 3.008721
Epoch 074: train_loss = 3.020703  MAE/GAME0 = 23.245  RMSE = 42.248  GAME1 = 23.245  GAME2 = 23.245  GAME3 = 23.245  lr = 1.00e-05  time = 7.6s
[e075 s0001/1030] loss = 11.372145
[e075 s0050/1030] loss = 2.669227
[e075 s0100/1030] loss = 2.105221
[e075 s0150/1030] loss = 2.431926
[e075 s0200/1030] loss = 3.088150
[e075 s0250/1030] loss = 2.823933
[e075 s0300/1030] loss = 2.806697
[e075 s0350/1030] loss = 2.727792
[e075 s0400/1030] loss = 2.855549
[e075 s0450/1030] loss = 2.696993
[e075 s0500/1030] loss = 2.679552
[e075 s0550/1030] loss = 2.755248
[e075 s0600/1030] loss = 3.444890
[e075 s0650/1030] loss = 3.403878
[e075 s0700/1030] loss = 3.528757
[e075 s0750/1030] loss = 3.442786
[e075 s0800/1030] loss = 3.365667
[e075 s0850/1030] loss = 3.288355
[e075 s0900/1030] loss = 3.232734
[e075 s0950/1030] loss = 3.269675
[e075 s1000/1030] loss = 3.193656
Epoch 075: train_loss = 3.186940  MAE/GAME0 = 23.245  RMSE = 42.248  GAME1 = 23.245  GAME2 = 23.245  GAME3 = 23.245  lr = 1.00e-05  time = 7.4s
[e076 s0001/1030] loss = 1.342065
[e076 s0050/1030] loss = 4.562940
[e076 s0100/1030] loss = 3.892426
[e076 s0150/1030] loss = 4.894635
[e076 s0200/1030] loss = 4.314692
[e076 s0250/1030] loss = 3.937019
[e076 s0300/1030] loss = 3.582672
[e076 s0350/1030] loss = 3.480371
[e076 s0400/1030] loss = 3.408825
[e076 s0450/1030] loss = 3.272741
[e076 s0500/1030] loss = 3.337767
[e076 s0550/1030] loss = 3.512345
[e076 s0600/1030] loss = 3.508826
[e076 s0650/1030] loss = 3.437821
[e076 s0700/1030] loss = 3.341279
[e076 s0750/1030] loss = 3.316150
[e076 s0800/1030] loss = 3.645712
[e076 s0850/1030] loss = 3.676932
[e076 s0900/1030] loss = 3.643590
[e076 s0950/1030] loss = 3.543059
[e076 s1000/1030] loss = 3.478356
Epoch 076: train_loss = 3.589236  MAE/GAME0 = 23.245  RMSE = 42.248  GAME1 = 23.245  GAME2 = 23.245  GAME3 = 23.245  lr = 1.00e-05  time = 7.5s
[e077 s0001/1030] loss = 0.609496
[e077 s0050/1030] loss = 4.533068
[e077 s0100/1030] loss = 3.506790
[e077 s0150/1030] loss = 2.956651
[e077 s0200/1030] loss = 2.832738
[e077 s0250/1030] loss = 2.644179
[e077 s0300/1030] loss = 2.587961
[e077 s0350/1030] loss = 2.714674
[e077 s0400/1030] loss = 2.683824
[e077 s0450/1030] loss = 3.283972
[e077 s0500/1030] loss = 3.317937
[e077 s0550/1030] loss = 3.345440
[e077 s0600/1030] loss = 3.233338
[e077 s0650/1030] loss = 3.265471
[e077 s0700/1030] loss = 3.253104
[e077 s0750/1030] loss = 3.273158
[e077 s0800/1030] loss = 3.372220
[e077 s0850/1030] loss = 3.301354
[e077 s0900/1030] loss = 3.243159
[e077 s0950/1030] loss = 3.187254
[e077 s1000/1030] loss = 3.343757
Epoch 077: train_loss = 3.372415  MAE/GAME0 = 23.245  RMSE = 42.248  GAME1 = 23.245  GAME2 = 23.245  GAME3 = 23.245  lr = 1.00e-05  time = 7.5s
[e078 s0001/1030] loss = 0.000000
[e078 s0050/1030] loss = 2.350423
[e078 s0100/1030] loss = 2.653417
[e078 s0150/1030] loss = 3.682860
[e078 s0200/1030] loss = 3.103247
[e078 s0250/1030] loss = 2.852939
[e078 s0300/1030] loss = 3.003347
[e078 s0350/1030] loss = 3.194379
[e078 s0400/1030] loss = 3.055723
[e078 s0450/1030] loss = 2.902138
[e078 s0500/1030] loss = 2.882217
[e078 s0550/1030] loss = 2.842968
[e078 s0600/1030] loss = 2.794511
[e078 s0650/1030] loss = 2.784942
[e078 s0700/1030] loss = 2.806185
[e078 s0750/1030] loss = 2.845747
[e078 s0800/1030] loss = 2.852761
[e078 s0850/1030] loss = 2.824966
[e078 s0900/1030] loss = 2.788962
[e078 s0950/1030] loss = 2.882339
[e078 s1000/1030] loss = 2.932048
Epoch 078: train_loss = 2.960206  MAE/GAME0 = 23.245  RMSE = 42.248  GAME1 = 23.245  GAME2 = 23.245  GAME3 = 23.245  lr = 1.00e-05  time = 7.5s
[e079 s0001/1030] loss = 2.336501
[e079 s0050/1030] loss = 2.986539
[e079 s0100/1030] loss = 3.473062
[e079 s0150/1030] loss = 3.084870
[e079 s0200/1030] loss = 2.990464
[e079 s0250/1030] loss = 3.059125
[e079 s0300/1030] loss = 3.149855
[e079 s0350/1030] loss = 3.357677
[e079 s0400/1030] loss = 3.596670
[e079 s0450/1030] loss = 3.569338
[e079 s0500/1030] loss = 3.596977
[e079 s0550/1030] loss = 3.497209
[e079 s0600/1030] loss = 3.500024
[e079 s0650/1030] loss = 3.365770
[e079 s0700/1030] loss = 3.299467
[e079 s0750/1030] loss = 3.262465
[e079 s0800/1030] loss = 3.506622
[e079 s0850/1030] loss = 4.030128
[e079 s0900/1030] loss = 4.046663
[e079 s0950/1030] loss = 3.921002
[e079 s1000/1030] loss = 3.819862
Epoch 079: train_loss = 3.758914  MAE/GAME0 = 23.245  RMSE = 42.248  GAME1 = 23.245  GAME2 = 23.245  GAME3 = 23.245  lr = 1.00e-05  time = 7.6s
[e080 s0001/1030] loss = 0.850440
[e080 s0050/1030] loss = 4.632195
[e080 s0100/1030] loss = 5.460177
[e080 s0150/1030] loss = 4.434275
[e080 s0200/1030] loss = 3.986220
[e080 s0250/1030] loss = 3.709018
[e080 s0300/1030] loss = 4.254869
[e080 s0350/1030] loss = 3.868311
[e080 s0400/1030] loss = 3.870031
[e080 s0450/1030] loss = 3.663595
[e080 s0500/1030] loss = 3.593301
[e080 s0550/1030] loss = 3.663272
[e080 s0600/1030] loss = 3.664851
[e080 s0650/1030] loss = 3.568019
[e080 s0700/1030] loss = 3.715955
[e080 s0750/1030] loss = 3.622810
[e080 s0800/1030] loss = 3.701337
[e080 s0850/1030] loss = 3.592861
[e080 s0900/1030] loss = 3.565523
[e080 s0950/1030] loss = 3.497109
[e080 s1000/1030] loss = 3.471267
Epoch 080: train_loss = 3.524025  MAE/GAME0 = 15.610  RMSE = 36.832  GAME1 = 19.679  GAME2 = 25.650  GAME3 = 28.080  lr = 1.00e-05  time = 7.6s
[e081 s0001/1030] loss = 0.714372
[e081 s0050/1030] loss = 4.501142
[e081 s0100/1030] loss = 3.440256
[e081 s0150/1030] loss = 4.310970
[e081 s0200/1030] loss = 3.855176
[e081 s0250/1030] loss = 3.521352
[e081 s0300/1030] loss = 3.247732
[e081 s0350/1030] loss = 3.408247
[e081 s0400/1030] loss = 3.352089
[e081 s0450/1030] loss = 3.251936
[e081 s0500/1030] loss = 3.530143
[e081 s0550/1030] loss = 3.390134
[e081 s0600/1030] loss = 3.285656
[e081 s0650/1030] loss = 3.341157
[e081 s0700/1030] loss = 3.264249
[e081 s0750/1030] loss = 3.155211
[e081 s0800/1030] loss = 3.156503
[e081 s0850/1030] loss = 3.106051
[e081 s0900/1030] loss = 3.083699
[e081 s0950/1030] loss = 3.063681
[e081 s1000/1030] loss = 3.035710
Epoch 081: train_loss = 3.001283  MAE/GAME0 = 18.233  RMSE = 39.062  GAME1 = 19.551  GAME2 = 21.266  GAME3 = 22.205  lr = 1.00e-05  time = 7.6s
[e082 s0001/1030] loss = 1.047712
[e082 s0050/1030] loss = 4.205312
[e082 s0100/1030] loss = 4.808436
[e082 s0150/1030] loss = 4.026364
[e082 s0200/1030] loss = 3.531412
[e082 s0250/1030] loss = 3.367296
[e082 s0300/1030] loss = 3.600143
[e082 s0350/1030] loss = 3.323215
[e082 s0400/1030] loss = 3.365484
[e082 s0450/1030] loss = 3.622915
[e082 s0500/1030] loss = 3.534979
[e082 s0550/1030] loss = 3.600733
[e082 s0600/1030] loss = 3.864935
[e082 s0650/1030] loss = 3.827044
[e082 s0700/1030] loss = 3.717645
[e082 s0750/1030] loss = 3.635888
[e082 s0800/1030] loss = 3.566842
[e082 s0850/1030] loss = 3.430604
[e082 s0900/1030] loss = 3.350319
[e082 s0950/1030] loss = 3.278928
[e082 s1000/1030] loss = 3.185637
Epoch 082: train_loss = 3.169051  MAE/GAME0 = 19.005  RMSE = 34.299  GAME1 = 22.474  GAME2 = 25.412  GAME3 = 27.239  lr = 1.00e-05  time = 7.6s
[e083 s0001/1030] loss = 0.958602
[e083 s0050/1030] loss = 2.846094
[e083 s0100/1030] loss = 2.656742
[e083 s0150/1030] loss = 2.350145
[e083 s0200/1030] loss = 2.259169
[e083 s0250/1030] loss = 2.141072
[e083 s0300/1030] loss = 2.101925
[e083 s0350/1030] loss = 2.194540
[e083 s0400/1030] loss = 2.210622
[e083 s0450/1030] loss = 2.205608
[e083 s0500/1030] loss = 2.261158
[e083 s0550/1030] loss = 2.159415
[e083 s0600/1030] loss = 2.281420
[e083 s0650/1030] loss = 2.207686
[e083 s0700/1030] loss = 2.537437
[e083 s0750/1030] loss = 2.510608
[e083 s0800/1030] loss = 2.449553
[e083 s0850/1030] loss = 2.405230
[e083 s0900/1030] loss = 2.376691
[e083 s0950/1030] loss = 2.390884
[e083 s1000/1030] loss = 2.368511
Epoch 083: train_loss = 2.466920  MAE/GAME0 = 37.834  RMSE = 46.942  GAME1 = 40.292  GAME2 = 42.545  GAME3 = 44.184  lr = 1.00e-05  time = 7.6s
[e084 s0001/1030] loss = 7.747302
[e084 s0050/1030] loss = 3.747026
[e084 s0100/1030] loss = 3.427062
[e084 s0150/1030] loss = 2.951813
[e084 s0200/1030] loss = 2.656310
[e084 s0250/1030] loss = 2.795785
[e084 s0300/1030] loss = 2.634757
[e084 s0350/1030] loss = 2.519519
[e084 s0400/1030] loss = 2.697667
[e084 s0450/1030] loss = 2.559962
[e084 s0500/1030] loss = 2.439922
[e084 s0550/1030] loss = 2.425438
[e084 s0600/1030] loss = 2.338655
[e084 s0650/1030] loss = 2.256361
[e084 s0700/1030] loss = 2.226636
[e084 s0750/1030] loss = 2.171829
[e084 s0800/1030] loss = 2.184825
[e084 s0850/1030] loss = 2.239081
[e084 s0900/1030] loss = 2.274330
[e084 s0950/1030] loss = 2.242990
[e084 s1000/1030] loss = 2.194495
Epoch 084: train_loss = 2.180316  MAE/GAME0 = 15.848  RMSE = 33.733  GAME1 = 18.807  GAME2 = 21.522  GAME3 = 23.150  lr = 1.00e-05  time = 7.6s
[e085 s0001/1030] loss = 1.672693
[e085 s0050/1030] loss = 1.845789
[e085 s0100/1030] loss = 2.434038
[e085 s0150/1030] loss = 3.556907
[e085 s0200/1030] loss = 4.185768
[e085 s0250/1030] loss = 3.877621
[e085 s0300/1030] loss = 3.479364
[e085 s0350/1030] loss = 3.231259
[e085 s0400/1030] loss = 3.352372
[e085 s0450/1030] loss = 3.114991
[e085 s0500/1030] loss = 3.101386
[e085 s0550/1030] loss = 2.971122
[e085 s0600/1030] loss = 2.875070
[e085 s0650/1030] loss = 2.772390
[e085 s0700/1030] loss = 2.743599
[e085 s0750/1030] loss = 2.658043
[e085 s0800/1030] loss = 2.599823
[e085 s0850/1030] loss = 2.628882
[e085 s0900/1030] loss = 2.629728
[e085 s0950/1030] loss = 2.601447
[e085 s1000/1030] loss = 2.578101
Epoch 085: train_loss = 2.541883  MAE/GAME0 = 16.542  RMSE = 37.283  GAME1 = 18.088  GAME2 = 19.867  GAME3 = 20.782  lr = 1.00e-05  time = 7.6s
[e086 s0001/1030] loss = 0.810519
[e086 s0050/1030] loss = 4.246603
[e086 s0100/1030] loss = 3.622056
[e086 s0150/1030] loss = 2.968318
[e086 s0200/1030] loss = 2.619021
[e086 s0250/1030] loss = 2.321977
[e086 s0300/1030] loss = 2.140628
[e086 s0350/1030] loss = 2.248970
[e086 s0400/1030] loss = 2.259043
[e086 s0450/1030] loss = 2.312015
[e086 s0500/1030] loss = 2.573909
[e086 s0550/1030] loss = 2.572852
[e086 s0600/1030] loss = 2.461095
[e086 s0650/1030] loss = 2.430919
[e086 s0700/1030] loss = 2.493844
[e086 s0750/1030] loss = 2.431471
[e086 s0800/1030] loss = 2.573739
[e086 s0850/1030] loss = 2.538684
[e086 s0900/1030] loss = 2.479998
[e086 s0950/1030] loss = 2.446880
[e086 s1000/1030] loss = 2.411580
Epoch 086: train_loss = 2.381091  MAE/GAME0 = 16.031  RMSE = 33.073  GAME1 = 18.738  GAME2 = 21.278  GAME3 = 22.829  lr = 1.00e-05  time = 7.7s
[e087 s0001/1030] loss = 3.338784
[e087 s0050/1030] loss = 2.544402
[e087 s0100/1030] loss = 1.991239
[e087 s0150/1030] loss = 2.122305
[e087 s0200/1030] loss = 2.002847
[e087 s0250/1030] loss = 1.903113
[e087 s0300/1030] loss = 2.381429
[e087 s0350/1030] loss = 2.318943
[e087 s0400/1030] loss = 2.273323
[e087 s0450/1030] loss = 2.191792
[e087 s0500/1030] loss = 2.137019
[e087 s0550/1030] loss = 2.134847
[e087 s0600/1030] loss = 2.091229
[e087 s0650/1030] loss = 2.399297
[e087 s0700/1030] loss = 2.394300
[e087 s0750/1030] loss = 2.387658
[e087 s0800/1030] loss = 2.421795
[e087 s0850/1030] loss = 2.429232
[e087 s0900/1030] loss = 2.390257
[e087 s0950/1030] loss = 2.326348
[e087 s1000/1030] loss = 2.341945
Epoch 087: train_loss = 2.365665  MAE/GAME0 = 18.193  RMSE = 33.456  GAME1 = 20.742  GAME2 = 23.202  GAME3 = 24.662  lr = 1.00e-05  time = 7.7s
[e088 s0001/1030] loss = 0.893724
[e088 s0050/1030] loss = 2.306543
[e088 s0100/1030] loss = 4.507546
[e088 s0150/1030] loss = 3.665585
[e088 s0200/1030] loss = 3.350883
[e088 s0250/1030] loss = 2.930724
[e088 s0300/1030] loss = 2.675866
[e088 s0350/1030] loss = 2.892370
[e088 s0400/1030] loss = 2.779844
[e088 s0450/1030] loss = 2.610933
[e088 s0500/1030] loss = 2.845206
[e088 s0550/1030] loss = 2.699719
[e088 s0600/1030] loss = 2.594250
[e088 s0650/1030] loss = 3.171588
[e088 s0700/1030] loss = 3.293320
[e088 s0750/1030] loss = 3.125265
[e088 s0800/1030] loss = 3.028876
[e088 s0850/1030] loss = 2.958995
[e088 s0900/1030] loss = 2.878288
[e088 s0950/1030] loss = 2.878792
[e088 s1000/1030] loss = 2.878490
Epoch 088: train_loss = 2.841169  MAE/GAME0 = 14.453  RMSE = 34.328  GAME1 = 16.466  GAME2 = 18.457  GAME3 = 19.432  lr = 1.00e-05  time = 7.7s
[e089 s0001/1030] loss = 0.142166
[e089 s0050/1030] loss = 0.861593
[e089 s0100/1030] loss = 2.749895
[e089 s0150/1030] loss = 2.183859
[e089 s0200/1030] loss = 2.127274
[e089 s0250/1030] loss = 1.895248
[e089 s0300/1030] loss = 2.172844
[e089 s0350/1030] loss = 2.086328
[e089 s0400/1030] loss = 1.994150
[e089 s0450/1030] loss = 1.979708
[e089 s0500/1030] loss = 2.013101
[e089 s0550/1030] loss = 2.011496
[e089 s0600/1030] loss = 1.929127
[e089 s0650/1030] loss = 1.936304
[e089 s0700/1030] loss = 2.090282
[e089 s0750/1030] loss = 2.056544
[e089 s0800/1030] loss = 2.155604
[e089 s0850/1030] loss = 2.128394
[e089 s0900/1030] loss = 2.091180
[e089 s0950/1030] loss = 2.071390
[e089 s1000/1030] loss = 2.040063
Epoch 089: train_loss = 2.030282  MAE/GAME0 = 15.351  RMSE = 33.215  GAME1 = 18.048  GAME2 = 20.683  GAME3 = 22.131  lr = 1.00e-05  time = 7.5s
[e090 s0001/1030] loss = 0.398571
[e090 s0050/1030] loss = 0.892405
[e090 s0100/1030] loss = 1.515224
[e090 s0150/1030] loss = 1.639057
[e090 s0200/1030] loss = 1.485832
[e090 s0250/1030] loss = 1.663791
[e090 s0300/1030] loss = 1.581803
[e090 s0350/1030] loss = 1.596747
[e090 s0400/1030] loss = 1.626483
[e090 s0450/1030] loss = 1.714007
[e090 s0500/1030] loss = 1.637076
[e090 s0550/1030] loss = 1.790405
[e090 s0600/1030] loss = 1.748800
[e090 s0650/1030] loss = 1.898683
[e090 s0700/1030] loss = 2.232337
[e090 s0750/1030] loss = 2.254812
[e090 s0800/1030] loss = 2.328875
[e090 s0850/1030] loss = 2.303049
[e090 s0900/1030] loss = 2.247595
[e090 s0950/1030] loss = 2.194467
[e090 s1000/1030] loss = 2.201065
Epoch 090: train_loss = 2.193410  MAE/GAME0 = 14.418  RMSE = 32.469  GAME1 = 16.563  GAME2 = 18.924  GAME3 = 20.237  lr = 1.00e-05  time = 7.6s
[e091 s0001/1030] loss = 0.263172
[e091 s0050/1030] loss = 1.818111
[e091 s0100/1030] loss = 1.622332
[e091 s0150/1030] loss = 1.814375
[e091 s0200/1030] loss = 1.774446
[e091 s0250/1030] loss = 1.689742
[e091 s0300/1030] loss = 1.618610
[e091 s0350/1030] loss = 1.547561
[e091 s0400/1030] loss = 1.672326
[e091 s0450/1030] loss = 1.671943
[e091 s0500/1030] loss = 1.631543
[e091 s0550/1030] loss = 1.662803
[e091 s0600/1030] loss = 1.616496
[e091 s0650/1030] loss = 1.554491
[e091 s0700/1030] loss = 1.541166
[e091 s0750/1030] loss = 1.858124
[e091 s0800/1030] loss = 1.855282
[e091 s0850/1030] loss = 1.808734
[e091 s0900/1030] loss = 1.775216
[e091 s0950/1030] loss = 1.744697
[e091 s1000/1030] loss = 1.760439
Epoch 091: train_loss = 1.776213  MAE/GAME0 = 18.540  RMSE = 33.653  GAME1 = 20.675  GAME2 = 23.166  GAME3 = 24.525  lr = 1.00e-05  time = 7.6s
[e092 s0001/1030] loss = 2.144852
[e092 s0050/1030] loss = 2.803993
[e092 s0100/1030] loss = 2.169380
[e092 s0150/1030] loss = 2.557411
[e092 s0200/1030] loss = 2.442160
[e092 s0250/1030] loss = 2.197064
[e092 s0300/1030] loss = 2.096201
[e092 s0350/1030] loss = 1.940929
[e092 s0400/1030] loss = 1.833988
[e092 s0450/1030] loss = 1.906795
[e092 s0500/1030] loss = 1.916058
[e092 s0550/1030] loss = 1.870144
[e092 s0600/1030] loss = 1.840747
[e092 s0650/1030] loss = 1.806859
[e092 s0700/1030] loss = 1.847846
[e092 s0750/1030] loss = 1.851125
[e092 s0800/1030] loss = 1.830753
[e092 s0850/1030] loss = 1.823231
[e092 s0900/1030] loss = 1.900406
[e092 s0950/1030] loss = 1.898798
[e092 s1000/1030] loss = 2.040095
Epoch 092: train_loss = 2.090403  MAE/GAME0 = 14.364  RMSE = 34.505  GAME1 = 16.250  GAME2 = 18.352  GAME3 = 19.431  lr = 1.00e-05  time = 7.5s
[e093 s0001/1030] loss = 0.052383
[e093 s0050/1030] loss = 2.086441
[e093 s0100/1030] loss = 1.605688
[e093 s0150/1030] loss = 1.657033
[e093 s0200/1030] loss = 1.577903
[e093 s0250/1030] loss = 1.560693
[e093 s0300/1030] loss = 1.458968
[e093 s0350/1030] loss = 1.442460
[e093 s0400/1030] loss = 1.767245
[e093 s0450/1030] loss = 1.808038
[e093 s0500/1030] loss = 1.856408
[e093 s0550/1030] loss = 1.759525
[e093 s0600/1030] loss = 1.750429
[e093 s0650/1030] loss = 1.855222
[e093 s0700/1030] loss = 1.848717
[e093 s0750/1030] loss = 1.930380
[e093 s0800/1030] loss = 1.871691
[e093 s0850/1030] loss = 1.861198
[e093 s0900/1030] loss = 2.350383
[e093 s0950/1030] loss = 2.342014
[e093 s1000/1030] loss = 2.299965
Epoch 093: train_loss = 2.282161  MAE/GAME0 = 14.486  RMSE = 31.354  GAME1 = 16.819  GAME2 = 19.300  GAME3 = 20.549  lr = 1.00e-05  time = 7.7s
[e094 s0001/1030] loss = 5.781964
[e094 s0050/1030] loss = 1.506374
[e094 s0100/1030] loss = 2.121799
[e094 s0150/1030] loss = 2.052036
[e094 s0200/1030] loss = 1.901134
[e094 s0250/1030] loss = 3.175193
[e094 s0300/1030] loss = 3.009264
[e094 s0350/1030] loss = 2.807411
[e094 s0400/1030] loss = 2.728630
[e094 s0450/1030] loss = 2.616308
[e094 s0500/1030] loss = 2.489185
[e094 s0550/1030] loss = 2.563823
[e094 s0600/1030] loss = 2.483241
[e094 s0650/1030] loss = 2.422658
[e094 s0700/1030] loss = 2.318172
[e094 s0750/1030] loss = 2.311546
[e094 s0800/1030] loss = 2.318514
[e094 s0850/1030] loss = 2.389894
[e094 s0900/1030] loss = 2.357290
[e094 s0950/1030] loss = 2.326204
[e094 s1000/1030] loss = 2.257044
Epoch 094: train_loss = 2.231553  MAE/GAME0 = 13.782  RMSE = 32.013  GAME1 = 15.887  GAME2 = 18.127  GAME3 = 19.334  lr = 1.00e-05  time = 7.6s
[e095 s0001/1030] loss = 0.682995
[e095 s0050/1030] loss = 2.465341
[e095 s0100/1030] loss = 1.870532
[e095 s0150/1030] loss = 1.675708
[e095 s0200/1030] loss = 1.670581
[e095 s0250/1030] loss = 1.728356
[e095 s0300/1030] loss = 1.718123
[e095 s0350/1030] loss = 1.600550
[e095 s0400/1030] loss = 1.618057
[e095 s0450/1030] loss = 1.594330
[e095 s0500/1030] loss = 1.554650
[e095 s0550/1030] loss = 2.169391
[e095 s0600/1030] loss = 2.112425
[e095 s0650/1030] loss = 2.093815
[e095 s0700/1030] loss = 2.076936
[e095 s0750/1030] loss = 2.032684
[e095 s0800/1030] loss = 1.958704
[e095 s0850/1030] loss = 1.932893
[e095 s0900/1030] loss = 1.892202
[e095 s0950/1030] loss = 1.882098
[e095 s1000/1030] loss = 1.947254
Epoch 095: train_loss = 1.927972  MAE/GAME0 = 13.220  RMSE = 32.621  GAME1 = 14.949  GAME2 = 16.898  GAME3 = 17.826  lr = 1.00e-05  time = 7.6s
[e096 s0001/1030] loss = 0.199489
[e096 s0050/1030] loss = 2.195090
[e096 s0100/1030] loss = 2.108355
[e096 s0150/1030] loss = 2.099834
[e096 s0200/1030] loss = 1.886721
[e096 s0250/1030] loss = 1.789196
[e096 s0300/1030] loss = 2.792431
[e096 s0350/1030] loss = 2.609419
[e096 s0400/1030] loss = 2.472067
[e096 s0450/1030] loss = 2.320361
[e096 s0500/1030] loss = 2.292589
[e096 s0550/1030] loss = 2.235733
[e096 s0600/1030] loss = 2.183414
[e096 s0650/1030] loss = 2.090478
[e096 s0700/1030] loss = 2.049778
[e096 s0750/1030] loss = 1.988271
[e096 s0800/1030] loss = 2.062489
[e096 s0850/1030] loss = 2.046121
[e096 s0900/1030] loss = 2.145333
[e096 s0950/1030] loss = 2.127946
[e096 s1000/1030] loss = 2.180107
Epoch 096: train_loss = 2.147318  MAE/GAME0 = 13.667  RMSE = 32.550  GAME1 = 15.348  GAME2 = 17.250  GAME3 = 18.307  lr = 1.00e-05  time = 7.6s
[e097 s0001/1030] loss = 1.392869
[e097 s0050/1030] loss = 1.261008
[e097 s0100/1030] loss = 1.232078
[e097 s0150/1030] loss = 2.191130
[e097 s0200/1030] loss = 1.905537
[e097 s0250/1030] loss = 1.772185
[e097 s0300/1030] loss = 1.694439
[e097 s0350/1030] loss = 1.702991
[e097 s0400/1030] loss = 1.694668
[e097 s0450/1030] loss = 1.619690
[e097 s0500/1030] loss = 1.661222
[e097 s0550/1030] loss = 1.836128
[e097 s0600/1030] loss = 1.797480
[e097 s0650/1030] loss = 1.751974
[e097 s0700/1030] loss = 1.699217
[e097 s0750/1030] loss = 1.658170
[e097 s0800/1030] loss = 1.668675
[e097 s0850/1030] loss = 1.635967
[e097 s0900/1030] loss = 1.623622
[e097 s0950/1030] loss = 1.599458
[e097 s1000/1030] loss = 1.927288
Epoch 097: train_loss = 1.936800  MAE/GAME0 = 15.597  RMSE = 32.461  GAME1 = 16.470  GAME2 = 17.468  GAME3 = 18.086  lr = 1.00e-05  time = 7.5s
[e098 s0001/1030] loss = 1.590147
[e098 s0050/1030] loss = 2.284417
[e098 s0100/1030] loss = 1.701284
[e098 s0150/1030] loss = 1.643823
[e098 s0200/1030] loss = 1.781591
[e098 s0250/1030] loss = 2.153160
[e098 s0300/1030] loss = 1.968721
[e098 s0350/1030] loss = 1.989727
[e098 s0400/1030] loss = 1.914488
[e098 s0450/1030] loss = 1.832890
[e098 s0500/1030] loss = 1.766363
[e098 s0550/1030] loss = 1.679468
[e098 s0600/1030] loss = 1.837943
[e098 s0650/1030] loss = 1.770455
[e098 s0700/1030] loss = 1.736551
[e098 s0750/1030] loss = 1.855890
[e098 s0800/1030] loss = 1.816415
[e098 s0850/1030] loss = 1.973498
[e098 s0900/1030] loss = 1.904260
[e098 s0950/1030] loss = 1.905704
[e098 s1000/1030] loss = 1.861615
Epoch 098: train_loss = 1.852097  MAE/GAME0 = 13.022  RMSE = 31.893  GAME1 = 15.089  GAME2 = 17.154  GAME3 = 18.081  lr = 1.00e-05  time = 7.5s
[e099 s0001/1030] loss = 0.597689
[e099 s0050/1030] loss = 2.406681
[e099 s0100/1030] loss = 2.021942
[e099 s0150/1030] loss = 1.770510
[e099 s0200/1030] loss = 2.176061
[e099 s0250/1030] loss = 1.988178
[e099 s0300/1030] loss = 2.133919
[e099 s0350/1030] loss = 2.090602
[e099 s0400/1030] loss = 2.011160
[e099 s0450/1030] loss = 1.995361
[e099 s0500/1030] loss = 1.947574
[e099 s0550/1030] loss = 1.974820
[e099 s0600/1030] loss = 1.969801
[e099 s0650/1030] loss = 1.912390
[e099 s0700/1030] loss = 1.833097
[e099 s0750/1030] loss = 1.796649
[e099 s0800/1030] loss = 1.755973
[e099 s0850/1030] loss = 1.731247
[e099 s0900/1030] loss = 1.731207
[e099 s0950/1030] loss = 1.872955
[e099 s1000/1030] loss = 1.895099
Epoch 099: train_loss = 1.990538  MAE/GAME0 = 21.720  RMSE = 33.718  GAME1 = 23.124  GAME2 = 24.713  GAME3 = 25.991  lr = 1.00e-05  time = 7.5s
[e100 s0001/1030] loss = 1.234587
[e100 s0050/1030] loss = 2.101322
[e100 s0100/1030] loss = 2.070443
[e100 s0150/1030] loss = 2.144726
[e100 s0200/1030] loss = 2.007510
[e100 s0250/1030] loss = 1.926542
[e100 s0300/1030] loss = 1.754135
[e100 s0350/1030] loss = 1.744662
[e100 s0400/1030] loss = 1.740961
[e100 s0450/1030] loss = 1.914088
[e100 s0500/1030] loss = 1.855894
[e100 s0550/1030] loss = 1.827749
[e100 s0600/1030] loss = 1.766716
[e100 s0650/1030] loss = 1.719344
[e100 s0700/1030] loss = 1.666599
[e100 s0750/1030] loss = 1.632200
[e100 s0800/1030] loss = 2.056439
[e100 s0850/1030] loss = 2.047779
[e100 s0900/1030] loss = 2.037623
[e100 s0950/1030] loss = 2.014279
[e100 s1000/1030] loss = 2.036800
Epoch 100: train_loss = 2.004476  MAE/GAME0 = 13.302  RMSE = 31.850  GAME1 = 15.538  GAME2 = 17.655  GAME3 = 18.743  lr = 1.00e-05  time = 7.6s
[e101 s0001/1030] loss = 0.722253
[e101 s0050/1030] loss = 1.094500
[e101 s0100/1030] loss = 1.099406
[e101 s0150/1030] loss = 1.031551
[e101 s0200/1030] loss = 1.293557
[e101 s0250/1030] loss = 1.469141
[e101 s0300/1030] loss = 1.517116
[e101 s0350/1030] loss = 1.613234
[e101 s0400/1030] loss = 1.596314
[e101 s0450/1030] loss = 1.539779
[e101 s0500/1030] loss = 1.622319
[e101 s0550/1030] loss = 1.602120
[e101 s0600/1030] loss = 1.581987
[e101 s0650/1030] loss = 1.594405
[e101 s0700/1030] loss = 1.580499
[e101 s0750/1030] loss = 1.573415
[e101 s0800/1030] loss = 1.583912
[e101 s0850/1030] loss = 1.619073
[e101 s0900/1030] loss = 1.606340
[e101 s0950/1030] loss = 1.619246
[e101 s1000/1030] loss = 1.613744
Epoch 101: train_loss = 1.611270  MAE/GAME0 = 13.939  RMSE = 33.588  GAME1 = 15.397  GAME2 = 17.048  GAME3 = 17.787  lr = 1.00e-05  time = 7.6s
[e102 s0001/1030] loss = 0.044655
[e102 s0050/1030] loss = 1.789158
[e102 s0100/1030] loss = 2.217971
[e102 s0150/1030] loss = 1.883212
[e102 s0200/1030] loss = 1.983741
[e102 s0250/1030] loss = 1.872233
[e102 s0300/1030] loss = 1.845624
[e102 s0350/1030] loss = 1.762788
[e102 s0400/1030] loss = 2.222513
[e102 s0450/1030] loss = 2.092810
[e102 s0500/1030] loss = 2.043992
[e102 s0550/1030] loss = 2.004608
[e102 s0600/1030] loss = 1.956934
[e102 s0650/1030] loss = 1.894661
[e102 s0700/1030] loss = 1.940800
[e102 s0750/1030] loss = 1.904220
[e102 s0800/1030] loss = 1.860996
[e102 s0850/1030] loss = 1.897876
[e102 s0900/1030] loss = 1.871950
[e102 s0950/1030] loss = 1.844564
[e102 s1000/1030] loss = 1.858578
Epoch 102: train_loss = 1.825218  MAE/GAME0 = 15.098  RMSE = 31.684  GAME1 = 17.039  GAME2 = 19.111  GAME3 = 20.230  lr = 1.00e-05  time = 7.6s
[e103 s0001/1030] loss = 0.943758
[e103 s0050/1030] loss = 3.120847
[e103 s0100/1030] loss = 3.479371
[e103 s0150/1030] loss = 2.650630
[e103 s0200/1030] loss = 2.328489
[e103 s0250/1030] loss = 3.107319
[e103 s0300/1030] loss = 2.832953
[e103 s0350/1030] loss = 2.750637
[e103 s0400/1030] loss = 2.605642
[e103 s0450/1030] loss = 2.516594
[e103 s0500/1030] loss = 2.529228
[e103 s0550/1030] loss = 2.464258
[e103 s0600/1030] loss = 2.374737
[e103 s0650/1030] loss = 2.401736
[e103 s0700/1030] loss = 2.319717
[e103 s0750/1030] loss = 2.244094
[e103 s0800/1030] loss = 2.171621
[e103 s0850/1030] loss = 2.090089
[e103 s0900/1030] loss = 2.028571
[e103 s0950/1030] loss = 1.990790
[e103 s1000/1030] loss = 1.945121
Epoch 103: train_loss = 1.921316  MAE/GAME0 = 13.680  RMSE = 30.632  GAME1 = 15.412  GAME2 = 17.444  GAME3 = 18.561  lr = 1.00e-05  time = 7.6s
[e104 s0001/1030] loss = 0.329223
[e104 s0050/1030] loss = 6.148187
[e104 s0100/1030] loss = 4.559461
[e104 s0150/1030] loss = 3.559025
[e104 s0200/1030] loss = 3.074111
[e104 s0250/1030] loss = 2.711867
[e104 s0300/1030] loss = 2.395429
[e104 s0350/1030] loss = 2.295873
[e104 s0400/1030] loss = 2.180247
[e104 s0450/1030] loss = 2.386785
[e104 s0500/1030] loss = 2.258916
[e104 s0550/1030] loss = 2.211254
[e104 s0600/1030] loss = 2.190747
[e104 s0650/1030] loss = 2.112728
[e104 s0700/1030] loss = 2.080410
[e104 s0750/1030] loss = 1.991582
[e104 s0800/1030] loss = 2.001230
[e104 s0850/1030] loss = 1.970316
[e104 s0900/1030] loss = 1.948622
[e104 s0950/1030] loss = 1.909992
[e104 s1000/1030] loss = 1.883686
Epoch 104: train_loss = 1.856929  MAE/GAME0 = 15.261  RMSE = 30.583  GAME1 = 17.032  GAME2 = 19.063  GAME3 = 20.196  lr = 1.00e-05  time = 7.5s
[e105 s0001/1030] loss = 0.387004
[e105 s0050/1030] loss = 0.806321
[e105 s0100/1030] loss = 0.919871
[e105 s0150/1030] loss = 0.862003
[e105 s0200/1030] loss = 1.067604
[e105 s0250/1030] loss = 1.170876
[e105 s0300/1030] loss = 1.181881
[e105 s0350/1030] loss = 1.169727
[e105 s0400/1030] loss = 1.147668
[e105 s0450/1030] loss = 1.276893
[e105 s0500/1030] loss = 1.233387
[e105 s0550/1030] loss = 1.294662
[e105 s0600/1030] loss = 1.395514
[e105 s0650/1030] loss = 1.486452
[e105 s0700/1030] loss = 1.511491
[e105 s0750/1030] loss = 1.540917
[e105 s0800/1030] loss = 1.512542
[e105 s0850/1030] loss = 1.482617
[e105 s0900/1030] loss = 1.483266
[e105 s0950/1030] loss = 1.516633
[e105 s1000/1030] loss = 1.579290
Epoch 105: train_loss = 1.561724  MAE/GAME0 = 12.486  RMSE = 31.068  GAME1 = 13.997  GAME2 = 15.865  GAME3 = 16.793  lr = 1.00e-05  time = 7.6s
[e106 s0001/1030] loss = 0.716367
[e106 s0050/1030] loss = 1.187475
[e106 s0100/1030] loss = 0.948778
[e106 s0150/1030] loss = 1.028862
[e106 s0200/1030] loss = 1.214753
[e106 s0250/1030] loss = 1.169535
[e106 s0300/1030] loss = 1.216033
[e106 s0350/1030] loss = 1.361843
[e106 s0400/1030] loss = 1.530301
[e106 s0450/1030] loss = 1.494330
[e106 s0500/1030] loss = 2.316713
[e106 s0550/1030] loss = 2.349792
[e106 s0600/1030] loss = 2.312609
[e106 s0650/1030] loss = 2.248872
[e106 s0700/1030] loss = 2.338268
[e106 s0750/1030] loss = 2.285541
[e106 s0800/1030] loss = 2.226329
[e106 s0850/1030] loss = 2.306629
[e106 s0900/1030] loss = 2.259978
[e106 s0950/1030] loss = 2.183184
[e106 s1000/1030] loss = 2.138524
Epoch 106: train_loss = 2.113690  MAE/GAME0 = 13.053  RMSE = 30.548  GAME1 = 15.012  GAME2 = 17.148  GAME3 = 18.220  lr = 1.00e-05  time = 7.6s
[e107 s0001/1030] loss = 1.416508
[e107 s0050/1030] loss = 3.233955
[e107 s0100/1030] loss = 2.100166
[e107 s0150/1030] loss = 1.870511
[e107 s0200/1030] loss = 1.763453
[e107 s0250/1030] loss = 3.087598
[e107 s0300/1030] loss = 3.313734
[e107 s0350/1030] loss = 3.072065
[e107 s0400/1030] loss = 2.831172
[e107 s0450/1030] loss = 2.849925
[e107 s0500/1030] loss = 2.788883
[e107 s0550/1030] loss = 2.658052
[e107 s0600/1030] loss = 2.546464
[e107 s0650/1030] loss = 2.428720
[e107 s0700/1030] loss = 2.335274
[e107 s0750/1030] loss = 2.273987
[e107 s0800/1030] loss = 2.204645
[e107 s0850/1030] loss = 2.164323
[e107 s0900/1030] loss = 2.107309
[e107 s0950/1030] loss = 2.036603
[e107 s1000/1030] loss = 2.028586
Epoch 107: train_loss = 2.035113  MAE/GAME0 = 17.810  RMSE = 30.491  GAME1 = 19.193  GAME2 = 20.934  GAME3 = 22.098  lr = 1.00e-05  time = 7.8s
[e108 s0001/1030] loss = 5.405647
[e108 s0050/1030] loss = 1.731199
[e108 s0100/1030] loss = 1.508249
[e108 s0150/1030] loss = 1.553275
[e108 s0200/1030] loss = 1.411306
[e108 s0250/1030] loss = 1.409502
[e108 s0300/1030] loss = 1.351891
[e108 s0350/1030] loss = 1.335561
[e108 s0400/1030] loss = 1.364051
[e108 s0450/1030] loss = 1.964429
[e108 s0500/1030] loss = 1.917852
[e108 s0550/1030] loss = 1.829966
[e108 s0600/1030] loss = 1.925752
[e108 s0650/1030] loss = 1.905548
[e108 s0700/1030] loss = 1.871396
[e108 s0750/1030] loss = 1.846225
[e108 s0800/1030] loss = 1.820564
[e108 s0850/1030] loss = 1.770242
[e108 s0900/1030] loss = 1.747671
[e108 s0950/1030] loss = 1.891086
[e108 s1000/1030] loss = 1.903907
Epoch 108: train_loss = 1.887342  MAE/GAME0 = 12.770  RMSE = 29.234  GAME1 = 14.557  GAME2 = 16.498  GAME3 = 17.561  lr = 1.00e-05  time = 7.6s
[e109 s0001/1030] loss = 1.794347
[e109 s0050/1030] loss = 1.278246
[e109 s0100/1030] loss = 1.197247
[e109 s0150/1030] loss = 1.733180
[e109 s0200/1030] loss = 2.565499
[e109 s0250/1030] loss = 2.500402
[e109 s0300/1030] loss = 2.248917
[e109 s0350/1030] loss = 2.178080
[e109 s0400/1030] loss = 2.147952
[e109 s0450/1030] loss = 2.027430
[e109 s0500/1030] loss = 1.998966
[e109 s0550/1030] loss = 2.003791
[e109 s0600/1030] loss = 1.986639
[e109 s0650/1030] loss = 1.921333
[e109 s0700/1030] loss = 1.826151
[e109 s0750/1030] loss = 1.792031
[e109 s0800/1030] loss = 1.890573
[e109 s0850/1030] loss = 1.865143
[e109 s0900/1030] loss = 1.869697
[e109 s0950/1030] loss = 1.880203
[e109 s1000/1030] loss = 1.856971
Epoch 109: train_loss = 1.827986  MAE/GAME0 = 12.444  RMSE = 30.867  GAME1 = 14.198  GAME2 = 16.203  GAME3 = 17.192  lr = 1.00e-05  time = 7.5s
[e110 s0001/1030] loss = 0.406728
[e110 s0050/1030] loss = 1.664048
[e110 s0100/1030] loss = 1.470992
[e110 s0150/1030] loss = 1.287408
[e110 s0200/1030] loss = 1.324018
[e110 s0250/1030] loss = 1.906777
[e110 s0300/1030] loss = 1.833321
[e110 s0350/1030] loss = 1.850850
[e110 s0400/1030] loss = 1.736816
[e110 s0450/1030] loss = 1.867232
[e110 s0500/1030] loss = 1.802304
[e110 s0550/1030] loss = 1.720661
[e110 s0600/1030] loss = 1.692613
[e110 s0650/1030] loss = 1.657175
[e110 s0700/1030] loss = 1.696909
[e110 s0750/1030] loss = 1.690878
[e110 s0800/1030] loss = 1.715763
[e110 s0850/1030] loss = 1.661925
[e110 s0900/1030] loss = 1.648115
[e110 s0950/1030] loss = 1.657920
[e110 s1000/1030] loss = 1.653907
Epoch 110: train_loss = 1.718823  MAE/GAME0 = 19.317  RMSE = 31.777  GAME1 = 20.687  GAME2 = 22.255  GAME3 = 23.408  lr = 1.00e-05  time = 7.5s
[e111 s0001/1030] loss = 0.384413
[e111 s0050/1030] loss = 6.134134
[e111 s0100/1030] loss = 3.486928
[e111 s0150/1030] loss = 2.690189
[e111 s0200/1030] loss = 2.274432
[e111 s0250/1030] loss = 2.176465
[e111 s0300/1030] loss = 2.094230
[e111 s0350/1030] loss = 1.984709
[e111 s0400/1030] loss = 2.187324
[e111 s0450/1030] loss = 2.106488
[e111 s0500/1030] loss = 2.048312
[e111 s0550/1030] loss = 1.985551
[e111 s0600/1030] loss = 1.957357
[e111 s0650/1030] loss = 1.901718
[e111 s0700/1030] loss = 1.905768
[e111 s0750/1030] loss = 1.848060
[e111 s0800/1030] loss = 1.803310
[e111 s0850/1030] loss = 1.742643
[e111 s0900/1030] loss = 1.753835
[e111 s0950/1030] loss = 1.738658
[e111 s1000/1030] loss = 1.722460
Epoch 111: train_loss = 1.716363  MAE/GAME0 = 12.974  RMSE = 30.566  GAME1 = 14.578  GAME2 = 16.692  GAME3 = 17.829  lr = 1.00e-05  time = 7.5s
[e112 s0001/1030] loss = 1.516812
[e112 s0050/1030] loss = 3.195959
[e112 s0100/1030] loss = 2.310827
[e112 s0150/1030] loss = 1.892404
[e112 s0200/1030] loss = 3.580837
[e112 s0250/1030] loss = 3.188184
[e112 s0300/1030] loss = 2.888025
[e112 s0350/1030] loss = 2.626771
[e112 s0400/1030] loss = 2.505066
[e112 s0450/1030] loss = 2.454816
[e112 s0500/1030] loss = 2.351682
[e112 s0550/1030] loss = 2.295723
[e112 s0600/1030] loss = 2.168693
[e112 s0650/1030] loss = 2.116021
[e112 s0700/1030] loss = 2.137832
[e112 s0750/1030] loss = 2.299487
[e112 s0800/1030] loss = 2.375842
[e112 s0850/1030] loss = 2.331340
[e112 s0900/1030] loss = 2.248632
[e112 s0950/1030] loss = 2.178113
[e112 s1000/1030] loss = 2.139399
Epoch 112: train_loss = 2.096983  MAE/GAME0 = 12.064  RMSE = 30.182  GAME1 = 13.584  GAME2 = 15.376  GAME3 = 16.212  lr = 1.00e-05  time = 7.5s
[e113 s0001/1030] loss = 0.064494
[e113 s0050/1030] loss = 1.027726
[e113 s0100/1030] loss = 0.858746
[e113 s0150/1030] loss = 0.895299
[e113 s0200/1030] loss = 1.081109
[e113 s0250/1030] loss = 1.339613
[e113 s0300/1030] loss = 1.335007
[e113 s0350/1030] loss = 1.247074
[e113 s0400/1030] loss = 1.321521
[e113 s0450/1030] loss = 1.298590
[e113 s0500/1030] loss = 1.282829
[e113 s0550/1030] loss = 1.382650
[e113 s0600/1030] loss = 1.344011
[e113 s0650/1030] loss = 1.309359
[e113 s0700/1030] loss = 1.339655
[e113 s0750/1030] loss = 1.425134
[e113 s0800/1030] loss = 1.440256
[e113 s0850/1030] loss = 1.415358
[e113 s0900/1030] loss = 1.444548
[e113 s0950/1030] loss = 1.430525
[e113 s1000/1030] loss = 1.424318
Epoch 113: train_loss = 1.603917  MAE/GAME0 = 13.234  RMSE = 27.360  GAME1 = 14.163  GAME2 = 15.630  GAME3 = 16.389  lr = 1.00e-05  time = 7.5s
[e114 s0001/1030] loss = 0.007638
[e114 s0050/1030] loss = 2.178102
[e114 s0100/1030] loss = 1.837139
[e114 s0150/1030] loss = 1.542368
[e114 s0200/1030] loss = 1.563954
[e114 s0250/1030] loss = 1.500617
[e114 s0300/1030] loss = 1.383055
[e114 s0350/1030] loss = 1.367425
[e114 s0400/1030] loss = 1.373267
[e114 s0450/1030] loss = 1.415163
[e114 s0500/1030] loss = 1.444339
[e114 s0550/1030] loss = 1.385862
[e114 s0600/1030] loss = 1.410537
[e114 s0650/1030] loss = 1.368585
[e114 s0700/1030] loss = 1.329546
[e114 s0750/1030] loss = 1.394311
[e114 s0800/1030] loss = 1.477037
[e114 s0850/1030] loss = 1.433101
[e114 s0900/1030] loss = 1.778138
[e114 s0950/1030] loss = 1.751065
[e114 s1000/1030] loss = 1.719615
Epoch 114: train_loss = 1.704373  MAE/GAME0 = 12.283  RMSE = 28.803  GAME1 = 14.274  GAME2 = 16.059  GAME3 = 16.950  lr = 1.00e-05  time = 7.5s
[e115 s0001/1030] loss = 0.123038
[e115 s0050/1030] loss = 1.705576
[e115 s0100/1030] loss = 1.332022
[e115 s0150/1030] loss = 2.031403
[e115 s0200/1030] loss = 1.971498
[e115 s0250/1030] loss = 1.823155
[e115 s0300/1030] loss = 1.745512
[e115 s0350/1030] loss = 1.750738
[e115 s0400/1030] loss = 1.921996
[e115 s0450/1030] loss = 1.856787
[e115 s0500/1030] loss = 1.791929
[e115 s0550/1030] loss = 1.749908
[e115 s0600/1030] loss = 1.816962
[e115 s0650/1030] loss = 1.789504
[e115 s0700/1030] loss = 1.783642
[e115 s0750/1030] loss = 1.746668
[e115 s0800/1030] loss = 1.716580
[e115 s0850/1030] loss = 1.740683
[e115 s0900/1030] loss = 1.698718
[e115 s0950/1030] loss = 1.683909
[e115 s1000/1030] loss = 1.671299
Epoch 115: train_loss = 1.665177  MAE/GAME0 = 11.609  RMSE = 28.350  GAME1 = 13.011  GAME2 = 14.783  GAME3 = 15.560  lr = 1.00e-05  time = 7.6s
[e116 s0001/1030] loss = 17.704260
[e116 s0050/1030] loss = 2.089116
[e116 s0100/1030] loss = 1.588449
[e116 s0150/1030] loss = 1.722927
[e116 s0200/1030] loss = 1.663443
[e116 s0250/1030] loss = 1.604227
[e116 s0300/1030] loss = 1.513224
[e116 s0350/1030] loss = 1.449976
[e116 s0400/1030] loss = 1.415118
[e116 s0450/1030] loss = 1.507666
[e116 s0500/1030] loss = 1.471351
[e116 s0550/1030] loss = 1.772686
[e116 s0600/1030] loss = 1.750820
[e116 s0650/1030] loss = 1.719111
[e116 s0700/1030] loss = 1.678900
[e116 s0750/1030] loss = 1.611694
[e116 s0800/1030] loss = 1.648969
[e116 s0850/1030] loss = 1.651825
[e116 s0900/1030] loss = 1.630626
[e116 s0950/1030] loss = 1.602056
[e116 s1000/1030] loss = 1.563281
Epoch 116: train_loss = 1.552590  MAE/GAME0 = 12.013  RMSE = 29.922  GAME1 = 13.915  GAME2 = 15.944  GAME3 = 16.960  lr = 1.00e-05  time = 7.6s
[e117 s0001/1030] loss = 0.255456
[e117 s0050/1030] loss = 1.096507
[e117 s0100/1030] loss = 1.021795
[e117 s0150/1030] loss = 1.081315
[e117 s0200/1030] loss = 1.040162
[e117 s0250/1030] loss = 1.005517
[e117 s0300/1030] loss = 1.004170
[e117 s0350/1030] loss = 0.963887
[e117 s0400/1030] loss = 0.972671
[e117 s0450/1030] loss = 0.973440
[e117 s0500/1030] loss = 1.048680
[e117 s0550/1030] loss = 1.053164
[e117 s0600/1030] loss = 1.238019
[e117 s0650/1030] loss = 1.203623
[e117 s0700/1030] loss = 1.433989
[e117 s0750/1030] loss = 1.599636
[e117 s0800/1030] loss = 1.579733
[e117 s0850/1030] loss = 1.563337
[e117 s0900/1030] loss = 1.539673
[e117 s0950/1030] loss = 1.505252
[e117 s1000/1030] loss = 1.545166
Epoch 117: train_loss = 1.551113  MAE/GAME0 = 13.955  RMSE = 28.269  GAME1 = 15.376  GAME2 = 17.432  GAME3 = 18.638  lr = 1.00e-05  time = 7.5s
[e118 s0001/1030] loss = 0.291134
[e118 s0050/1030] loss = 1.458045
[e118 s0100/1030] loss = 1.449897
[e118 s0150/1030] loss = 1.401570
[e118 s0200/1030] loss = 1.807603
[e118 s0250/1030] loss = 1.686906
[e118 s0300/1030] loss = 1.680291
[e118 s0350/1030] loss = 1.699147
[e118 s0400/1030] loss = 1.567358
[e118 s0450/1030] loss = 1.615705
[e118 s0500/1030] loss = 1.602688
[e118 s0550/1030] loss = 1.898242
[e118 s0600/1030] loss = 1.809421
[e118 s0650/1030] loss = 1.788255
[e118 s0700/1030] loss = 1.781706
[e118 s0750/1030] loss = 1.715092
[e118 s0800/1030] loss = 1.699063
[e118 s0850/1030] loss = 1.664602
[e118 s0900/1030] loss = 1.635873
[e118 s0950/1030] loss = 1.620100
[e118 s1000/1030] loss = 1.652919
Epoch 118: train_loss = 1.631961  MAE/GAME0 = 11.965  RMSE = 27.888  GAME1 = 13.061  GAME2 = 14.626  GAME3 = 15.461  lr = 1.00e-05  time = 7.6s
[e119 s0001/1030] loss = 0.107497
[e119 s0050/1030] loss = 1.449716
[e119 s0100/1030] loss = 1.372674
[e119 s0150/1030] loss = 1.323091
[e119 s0200/1030] loss = 1.407117
[e119 s0250/1030] loss = 1.287006
[e119 s0300/1030] loss = 1.368547
[e119 s0350/1030] loss = 1.721099
[e119 s0400/1030] loss = 1.619037
[e119 s0450/1030] loss = 1.628487
[e119 s0500/1030] loss = 1.811808
[e119 s0550/1030] loss = 1.780421
[e119 s0600/1030] loss = 2.462778
[e119 s0650/1030] loss = 2.365009
[e119 s0700/1030] loss = 2.348146
[e119 s0750/1030] loss = 2.250642
[e119 s0800/1030] loss = 2.173764
[e119 s0850/1030] loss = 2.116410
[e119 s0900/1030] loss = 2.060336
[e119 s0950/1030] loss = 1.986067
[e119 s1000/1030] loss = 1.987938
Epoch 119: train_loss = 1.990029  MAE/GAME0 = 11.625  RMSE = 27.282  GAME1 = 13.025  GAME2 = 14.644  GAME3 = 15.451  lr = 1.00e-05  time = 7.5s
[e120 s0001/1030] loss = 0.249035
[e120 s0050/1030] loss = 1.420561
[e120 s0100/1030] loss = 1.322672
[e120 s0150/1030] loss = 1.241164
[e120 s0200/1030] loss = 1.440928
[e120 s0250/1030] loss = 1.809326
[e120 s0300/1030] loss = 1.749205
[e120 s0350/1030] loss = 1.705931
[e120 s0400/1030] loss = 1.651866
[e120 s0450/1030] loss = 1.610642
[e120 s0500/1030] loss = 1.646357
[e120 s0550/1030] loss = 1.656843
[e120 s0600/1030] loss = 1.610244
[e120 s0650/1030] loss = 1.623646
[e120 s0700/1030] loss = 1.609416
[e120 s0750/1030] loss = 1.586615
[e120 s0800/1030] loss = 1.606409
[e120 s0850/1030] loss = 1.582860
[e120 s0900/1030] loss = 1.560728
[e120 s0950/1030] loss = 1.548969
[e120 s1000/1030] loss = 1.536096
Epoch 120: train_loss = 1.527329  MAE/GAME0 = 13.213  RMSE = 26.499  GAME1 = 14.434  GAME2 = 16.253  GAME3 = 17.353  lr = 1.00e-05  time = 7.6s
[e121 s0001/1030] loss = 0.121944
[e121 s0050/1030] loss = 2.082299
[e121 s0100/1030] loss = 1.936426
[e121 s0150/1030] loss = 1.538031
[e121 s0200/1030] loss = 1.314586
[e121 s0250/1030] loss = 1.336685
[e121 s0300/1030] loss = 1.245257
[e121 s0350/1030] loss = 1.214946
[e121 s0400/1030] loss = 1.175000
[e121 s0450/1030] loss = 1.776862
[e121 s0500/1030] loss = 1.727401
[e121 s0550/1030] loss = 1.714760
[e121 s0600/1030] loss = 1.712483
[e121 s0650/1030] loss = 1.683137
[e121 s0700/1030] loss = 1.713430
[e121 s0750/1030] loss = 1.668072
[e121 s0800/1030] loss = 1.659560
[e121 s0850/1030] loss = 1.666355
[e121 s0900/1030] loss = 1.657899
[e121 s0950/1030] loss = 1.626803
[e121 s1000/1030] loss = 1.592442
Epoch 121: train_loss = 1.568013  MAE/GAME0 = 11.296  RMSE = 27.541  GAME1 = 12.919  GAME2 = 14.767  GAME3 = 15.687  lr = 1.00e-05  time = 7.5s
[e122 s0001/1030] loss = 1.549109
[e122 s0050/1030] loss = 1.327829
[e122 s0100/1030] loss = 1.180893
[e122 s0150/1030] loss = 1.325252
[e122 s0200/1030] loss = 1.313571
[e122 s0250/1030] loss = 1.210569
[e122 s0300/1030] loss = 1.169802
[e122 s0350/1030] loss = 1.257387
[e122 s0400/1030] loss = 1.374050
[e122 s0450/1030] loss = 1.363637
[e122 s0500/1030] loss = 1.384220
[e122 s0550/1030] loss = 1.487430
[e122 s0600/1030] loss = 1.468808
[e122 s0650/1030] loss = 1.497203
[e122 s0700/1030] loss = 1.434766
[e122 s0750/1030] loss = 1.391025
[e122 s0800/1030] loss = 1.392398
[e122 s0850/1030] loss = 1.385073
[e122 s0900/1030] loss = 1.719961
[e122 s0950/1030] loss = 1.668793
[e122 s1000/1030] loss = 1.673032
Epoch 122: train_loss = 1.645406  MAE/GAME0 = 12.288  RMSE = 26.409  GAME1 = 13.259  GAME2 = 14.616  GAME3 = 15.261  lr = 1.00e-05  time = 7.6s
[e123 s0001/1030] loss = 0.205236
[e123 s0050/1030] loss = 0.952256
[e123 s0100/1030] loss = 0.871378
[e123 s0150/1030] loss = 1.231910
[e123 s0200/1030] loss = 1.150826
[e123 s0250/1030] loss = 1.274929
[e123 s0300/1030] loss = 1.203328
[e123 s0350/1030] loss = 1.211913
[e123 s0400/1030] loss = 1.205897
[e123 s0450/1030] loss = 1.205875
[e123 s0500/1030] loss = 1.171014
[e123 s0550/1030] loss = 1.331256
[e123 s0600/1030] loss = 1.460669
[e123 s0650/1030] loss = 1.420894
[e123 s0700/1030] loss = 1.415313
[e123 s0750/1030] loss = 1.376898
[e123 s0800/1030] loss = 1.383343
[e123 s0850/1030] loss = 1.370001
[e123 s0900/1030] loss = 1.359800
[e123 s0950/1030] loss = 1.399100
[e123 s1000/1030] loss = 1.373664
Epoch 123: train_loss = 1.364098  MAE/GAME0 = 11.583  RMSE = 26.729  GAME1 = 13.160  GAME2 = 14.887  GAME3 = 15.862  lr = 1.00e-05  time = 7.5s
[e124 s0001/1030] loss = 0.316196
[e124 s0050/1030] loss = 1.276248
[e124 s0100/1030] loss = 1.371526
[e124 s0150/1030] loss = 1.209388
[e124 s0200/1030] loss = 1.203364
[e124 s0250/1030] loss = 1.227661
[e124 s0300/1030] loss = 1.520770
[e124 s0350/1030] loss = 1.474396
[e124 s0400/1030] loss = 1.508140
[e124 s0450/1030] loss = 1.443214
[e124 s0500/1030] loss = 1.498341
[e124 s0550/1030] loss = 1.429809
[e124 s0600/1030] loss = 1.486898
[e124 s0650/1030] loss = 1.434529
[e124 s0700/1030] loss = 1.432024
[e124 s0750/1030] loss = 1.495171
[e124 s0800/1030] loss = 1.480330
[e124 s0850/1030] loss = 1.448277
[e124 s0900/1030] loss = 1.552730
[e124 s0950/1030] loss = 1.534532
[e124 s1000/1030] loss = 1.492881
Epoch 124: train_loss = 1.553166  MAE/GAME0 = 15.238  RMSE = 26.301  GAME1 = 16.498  GAME2 = 18.181  GAME3 = 19.299  lr = 1.00e-05  time = 7.6s
[e125 s0001/1030] loss = 0.546101
[e125 s0050/1030] loss = 2.360029
[e125 s0100/1030] loss = 1.949985
[e125 s0150/1030] loss = 1.792153
[e125 s0200/1030] loss = 2.101633
[e125 s0250/1030] loss = 2.141794
[e125 s0300/1030] loss = 2.015465
[e125 s0350/1030] loss = 1.938681
[e125 s0400/1030] loss = 1.778262
[e125 s0450/1030] loss = 1.705148
[e125 s0500/1030] loss = 1.662305
[e125 s0550/1030] loss = 1.580345
[e125 s0600/1030] loss = 1.634534
[e125 s0650/1030] loss = 1.725678
[e125 s0700/1030] loss = 1.716356
[e125 s0750/1030] loss = 1.687510
[e125 s0800/1030] loss = 1.674144
[e125 s0850/1030] loss = 1.621792
[e125 s0900/1030] loss = 1.613086
[e125 s0950/1030] loss = 1.579583
[e125 s1000/1030] loss = 1.738153
Epoch 125: train_loss = 1.714264  MAE/GAME0 = 12.962  RMSE = 26.532  GAME1 = 13.841  GAME2 = 15.088  GAME3 = 15.719  lr = 1.00e-05  time = 7.8s
[e126 s0001/1030] loss = 0.092566
[e126 s0050/1030] loss = 1.391258
[e126 s0100/1030] loss = 1.793193
[e126 s0150/1030] loss = 3.304734
[e126 s0200/1030] loss = 2.921176
[e126 s0250/1030] loss = 2.772658
[e126 s0300/1030] loss = 2.601104
[e126 s0350/1030] loss = 2.312723
[e126 s0400/1030] loss = 2.182742
[e126 s0450/1030] loss = 2.149056
[e126 s0500/1030] loss = 2.044030
[e126 s0550/1030] loss = 1.990645
[e126 s0600/1030] loss = 1.884559
[e126 s0650/1030] loss = 1.829274
[e126 s0700/1030] loss = 1.814221
[e126 s0750/1030] loss = 1.748132
[e126 s0800/1030] loss = 1.724439
[e126 s0850/1030] loss = 1.671097
[e126 s0900/1030] loss = 1.660913
[e126 s0950/1030] loss = 1.599712
[e126 s1000/1030] loss = 1.571521
Epoch 126: train_loss = 1.602080  MAE/GAME0 = 12.178  RMSE = 25.402  GAME1 = 13.560  GAME2 = 15.481  GAME3 = 16.567  lr = 1.00e-05  time = 7.5s
[e127 s0001/1030] loss = 0.508848
[e127 s0050/1030] loss = 1.001233
[e127 s0100/1030] loss = 1.065830
[e127 s0150/1030] loss = 1.270523
[e127 s0200/1030] loss = 1.168185
[e127 s0250/1030] loss = 1.250546
[e127 s0300/1030] loss = 1.376208
[e127 s0350/1030] loss = 1.308879
[e127 s0400/1030] loss = 1.260051
[e127 s0450/1030] loss = 1.276756
[e127 s0500/1030] loss = 1.233547
[e127 s0550/1030] loss = 1.302438
[e127 s0600/1030] loss = 1.369236
[e127 s0650/1030] loss = 1.372364
[e127 s0700/1030] loss = 1.323788
[e127 s0750/1030] loss = 1.332067
[e127 s0800/1030] loss = 1.287040
[e127 s0850/1030] loss = 1.261448
[e127 s0900/1030] loss = 1.234382
[e127 s0950/1030] loss = 1.255671
[e127 s1000/1030] loss = 1.250573
Epoch 127: train_loss = 1.264255  MAE/GAME0 = 11.631  RMSE = 28.798  GAME1 = 13.145  GAME2 = 14.904  GAME3 = 15.953  lr = 1.00e-05  time = 7.6s
[e128 s0001/1030] loss = 2.910728
[e128 s0050/1030] loss = 1.225924
[e128 s0100/1030] loss = 1.454533
[e128 s0150/1030] loss = 1.399951
[e128 s0200/1030] loss = 1.288185
[e128 s0250/1030] loss = 1.254384
[e128 s0300/1030] loss = 1.181979
[e128 s0350/1030] loss = 1.203661
[e128 s0400/1030] loss = 1.273363
[e128 s0450/1030] loss = 1.346271
[e128 s0500/1030] loss = 1.621572
[e128 s0550/1030] loss = 1.579003
[e128 s0600/1030] loss = 1.540229
[e128 s0650/1030] loss = 1.510115
[e128 s0700/1030] loss = 1.477122
[e128 s0750/1030] loss = 1.467803
[e128 s0800/1030] loss = 1.501530
[e128 s0850/1030] loss = 1.464608
[e128 s0900/1030] loss = 1.607565
[e128 s0950/1030] loss = 1.605847
[e128 s1000/1030] loss = 1.596363
Epoch 128: train_loss = 1.612611  MAE/GAME0 = 11.720  RMSE = 25.193  GAME1 = 13.503  GAME2 = 15.295  GAME3 = 16.225  lr = 1.00e-05  time = 7.6s
[e129 s0001/1030] loss = 0.348344
[e129 s0050/1030] loss = 1.062423
[e129 s0100/1030] loss = 1.572843
[e129 s0150/1030] loss = 1.374814
[e129 s0200/1030] loss = 1.729421
[e129 s0250/1030] loss = 1.655584
[e129 s0300/1030] loss = 1.578403
[e129 s0350/1030] loss = 1.566257
[e129 s0400/1030] loss = 1.442270
[e129 s0450/1030] loss = 1.727333
[e129 s0500/1030] loss = 1.715644
[e129 s0550/1030] loss = 1.650243
[e129 s0600/1030] loss = 1.620628
[e129 s0650/1030] loss = 1.688287
[e129 s0700/1030] loss = 1.642009
[e129 s0750/1030] loss = 1.594919
[e129 s0800/1030] loss = 1.598338
[e129 s0850/1030] loss = 1.618189
[e129 s0900/1030] loss = 1.940240
[e129 s0950/1030] loss = 1.927199
[e129 s1000/1030] loss = 1.878945
Epoch 129: train_loss = 1.876742  MAE/GAME0 = 11.707  RMSE = 24.669  GAME1 = 13.157  GAME2 = 14.698  GAME3 = 15.582  lr = 1.00e-05  time = 7.5s
[e130 s0001/1030] loss = 0.725776
[e130 s0050/1030] loss = 0.485020
[e130 s0100/1030] loss = 0.993297
[e130 s0150/1030] loss = 1.027030
[e130 s0200/1030] loss = 1.092535
[e130 s0250/1030] loss = 1.127500
[e130 s0300/1030] loss = 1.204793
[e130 s0350/1030] loss = 1.133402
[e130 s0400/1030] loss = 1.198328
[e130 s0450/1030] loss = 1.167677
[e130 s0500/1030] loss = 1.160302
[e130 s0550/1030] loss = 1.137047
[e130 s0600/1030] loss = 1.147855
[e130 s0650/1030] loss = 1.121432
[e130 s0700/1030] loss = 1.096572
[e130 s0750/1030] loss = 1.157959
[e130 s0800/1030] loss = 1.157356
[e130 s0850/1030] loss = 1.157254
[e130 s0900/1030] loss = 1.195187
[e130 s0950/1030] loss = 1.257852
[e130 s1000/1030] loss = 1.246000
Epoch 130: train_loss = 1.233300  MAE/GAME0 = 11.035  RMSE = 25.618  GAME1 = 12.461  GAME2 = 14.118  GAME3 = 15.084  lr = 1.00e-05  time = 7.6s
[e131 s0001/1030] loss = 0.074381
[e131 s0050/1030] loss = 0.914714
[e131 s0100/1030] loss = 0.900739
[e131 s0150/1030] loss = 0.977759
[e131 s0200/1030] loss = 0.995669
[e131 s0250/1030] loss = 1.019728
[e131 s0300/1030] loss = 0.919075
[e131 s0350/1030] loss = 0.923254
[e131 s0400/1030] loss = 0.928601
[e131 s0450/1030] loss = 1.015483
[e131 s0500/1030] loss = 1.056246
[e131 s0550/1030] loss = 1.105921
[e131 s0600/1030] loss = 1.094081
[e131 s0650/1030] loss = 1.144663
[e131 s0700/1030] loss = 1.196943
[e131 s0750/1030] loss = 1.191842
[e131 s0800/1030] loss = 1.170174
[e131 s0850/1030] loss = 1.167139
[e131 s0900/1030] loss = 1.225732
[e131 s0950/1030] loss = 1.218066
[e131 s1000/1030] loss = 1.229776
Epoch 131: train_loss = 1.309236  MAE/GAME0 = 21.781  RMSE = 30.273  GAME1 = 22.577  GAME2 = 24.034  GAME3 = 25.059  lr = 1.00e-05  time = 7.5s
[e132 s0001/1030] loss = 2.852531
[e132 s0050/1030] loss = 1.688180
[e132 s0100/1030] loss = 2.944668
[e132 s0150/1030] loss = 2.465104
[e132 s0200/1030] loss = 2.220247
[e132 s0250/1030] loss = 1.969428
[e132 s0300/1030] loss = 1.833343
[e132 s0350/1030] loss = 1.771321
[e132 s0400/1030] loss = 1.767635
[e132 s0450/1030] loss = 1.695930
[e132 s0500/1030] loss = 1.707714
[e132 s0550/1030] loss = 1.666279
[e132 s0600/1030] loss = 1.619841
[e132 s0650/1030] loss = 1.586845
[e132 s0700/1030] loss = 1.572513
[e132 s0750/1030] loss = 1.553033
[e132 s0800/1030] loss = 1.552065
[e132 s0850/1030] loss = 1.558470
[e132 s0900/1030] loss = 1.530375
[e132 s0950/1030] loss = 1.506485
[e132 s1000/1030] loss = 1.539000
Epoch 132: train_loss = 1.538111  MAE/GAME0 = 11.398  RMSE = 23.892  GAME1 = 12.558  GAME2 = 13.925  GAME3 = 14.729  lr = 1.00e-05  time = 7.5s
[e133 s0001/1030] loss = 0.567220
[e133 s0050/1030] loss = 0.695478
[e133 s0100/1030] loss = 1.152850
[e133 s0150/1030] loss = 1.165170
[e133 s0200/1030] loss = 1.238915
[e133 s0250/1030] loss = 1.166236
[e133 s0300/1030] loss = 1.137675
[e133 s0350/1030] loss = 1.100291
[e133 s0400/1030] loss = 1.084842
[e133 s0450/1030] loss = 1.090050
[e133 s0500/1030] loss = 1.169012
[e133 s0550/1030] loss = 1.178338
[e133 s0600/1030] loss = 1.199222
[e133 s0650/1030] loss = 1.170908
[e133 s0700/1030] loss = 1.184328
[e133 s0750/1030] loss = 1.357793
[e133 s0800/1030] loss = 1.366855
[e133 s0850/1030] loss = 1.378946
[e133 s0900/1030] loss = 1.339408
[e133 s0950/1030] loss = 1.404331
[e133 s1000/1030] loss = 1.403119
Epoch 133: train_loss = 1.424942  MAE/GAME0 = 12.962  RMSE = 26.371  GAME1 = 14.322  GAME2 = 16.082  GAME3 = 16.952  lr = 1.00e-05  time = 7.5s
[e134 s0001/1030] loss = 0.154786
[e134 s0050/1030] loss = 0.645686
[e134 s0100/1030] loss = 0.929331
[e134 s0150/1030] loss = 0.999224
[e134 s0200/1030] loss = 1.050051
[e134 s0250/1030] loss = 1.444203
[e134 s0300/1030] loss = 1.421075
[e134 s0350/1030] loss = 1.395135
[e134 s0400/1030] loss = 1.348419
[e134 s0450/1030] loss = 1.381043
[e134 s0500/1030] loss = 1.386907
[e134 s0550/1030] loss = 1.418065
[e134 s0600/1030] loss = 1.410758
[e134 s0650/1030] loss = 1.376164
[e134 s0700/1030] loss = 1.378047
[e134 s0750/1030] loss = 1.366916
[e134 s0800/1030] loss = 1.349507
[e134 s0850/1030] loss = 1.382957
[e134 s0900/1030] loss = 1.362253
[e134 s0950/1030] loss = 1.371237
[e134 s1000/1030] loss = 1.331143
Epoch 134: train_loss = 1.335513  MAE/GAME0 = 10.853  RMSE = 25.248  GAME1 = 12.195  GAME2 = 13.676  GAME3 = 14.576  lr = 1.00e-05  time = 7.5s
[e135 s0001/1030] loss = 0.631635
[e135 s0050/1030] loss = 1.054662
[e135 s0100/1030] loss = 0.897499
[e135 s0150/1030] loss = 0.989657
[e135 s0200/1030] loss = 1.137639
[e135 s0250/1030] loss = 1.495897
[e135 s0300/1030] loss = 1.480889
[e135 s0350/1030] loss = 1.423468
[e135 s0400/1030] loss = 1.392784
[e135 s0450/1030] loss = 1.423706
[e135 s0500/1030] loss = 1.387676
[e135 s0550/1030] loss = 1.375508
[e135 s0600/1030] loss = 1.378427
[e135 s0650/1030] loss = 1.442551
[e135 s0700/1030] loss = 1.417843
[e135 s0750/1030] loss = 1.399155
[e135 s0800/1030] loss = 1.352282
[e135 s0850/1030] loss = 1.323138
[e135 s0900/1030] loss = 1.380073
[e135 s0950/1030] loss = 1.367395
[e135 s1000/1030] loss = 1.336828
Epoch 135: train_loss = 1.336043  MAE/GAME0 = 11.126  RMSE = 25.587  GAME1 = 12.313  GAME2 = 13.743  GAME3 = 14.491  lr = 1.00e-05  time = 7.6s
[e136 s0001/1030] loss = 0.050856
[e136 s0050/1030] loss = 1.331352
[e136 s0100/1030] loss = 1.268821
[e136 s0150/1030] loss = 1.083556
[e136 s0200/1030] loss = 1.192539
[e136 s0250/1030] loss = 1.258415
[e136 s0300/1030] loss = 1.246771
[e136 s0350/1030] loss = 1.302695
[e136 s0400/1030] loss = 1.220500
[e136 s0450/1030] loss = 1.207782
[e136 s0500/1030] loss = 1.847194
[e136 s0550/1030] loss = 1.785189
[e136 s0600/1030] loss = 1.716360
[e136 s0650/1030] loss = 1.699737
[e136 s0700/1030] loss = 1.676984
[e136 s0750/1030] loss = 1.663527
[e136 s0800/1030] loss = 1.639211
[e136 s0850/1030] loss = 1.636276
[e136 s0900/1030] loss = 1.586864
[e136 s0950/1030] loss = 1.553764
[e136 s1000/1030] loss = 1.526832
Epoch 136: train_loss = 1.518530  MAE/GAME0 = 11.283  RMSE = 25.418  GAME1 = 12.794  GAME2 = 14.453  GAME3 = 15.367  lr = 1.00e-05  time = 7.7s
[e137 s0001/1030] loss = 0.565744
[e137 s0050/1030] loss = 0.703028
[e137 s0100/1030] loss = 1.239796
[e137 s0150/1030] loss = 1.044068
[e137 s0200/1030] loss = 1.020020
[e137 s0250/1030] loss = 1.063829
[e137 s0300/1030] loss = 1.064627
[e137 s0350/1030] loss = 1.069397
[e137 s0400/1030] loss = 1.000192
[e137 s0450/1030] loss = 1.021238
[e137 s0500/1030] loss = 1.252801
[e137 s0550/1030] loss = 1.241175
[e137 s0600/1030] loss = 1.427866
[e137 s0650/1030] loss = 1.420523
[e137 s0700/1030] loss = 1.436599
[e137 s0750/1030] loss = 1.502257
[e137 s0800/1030] loss = 1.455095
[e137 s0850/1030] loss = 1.403865
[e137 s0900/1030] loss = 1.365840
[e137 s0950/1030] loss = 1.354364
[e137 s1000/1030] loss = 1.404650
Epoch 137: train_loss = 1.412509  MAE/GAME0 = 11.123  RMSE = 23.264  GAME1 = 12.488  GAME2 = 14.175  GAME3 = 15.206  lr = 1.00e-05  time = 7.5s
[e138 s0001/1030] loss = 1.214148
[e138 s0050/1030] loss = 1.083841
[e138 s0100/1030] loss = 0.921275
[e138 s0150/1030] loss = 0.921287
[e138 s0200/1030] loss = 0.954863
[e138 s0250/1030] loss = 1.071606
[e138 s0300/1030] loss = 1.184774
[e138 s0350/1030] loss = 1.154379
[e138 s0400/1030] loss = 1.165939
[e138 s0450/1030] loss = 1.394198
[e138 s0500/1030] loss = 1.336095
[e138 s0550/1030] loss = 1.319352
[e138 s0600/1030] loss = 1.417642
[e138 s0650/1030] loss = 1.400607
[e138 s0700/1030] loss = 1.343936
[e138 s0750/1030] loss = 1.354881
[e138 s0800/1030] loss = 1.322702
[e138 s0850/1030] loss = 1.295409
[e138 s0900/1030] loss = 1.574608
[e138 s0950/1030] loss = 1.557724
[e138 s1000/1030] loss = 1.546663
Epoch 138: train_loss = 1.535521  MAE/GAME0 = 11.267  RMSE = 24.040  GAME1 = 12.503  GAME2 = 14.091  GAME3 = 14.924  lr = 1.00e-05  time = 7.6s
[e139 s0001/1030] loss = 0.040232
[e139 s0050/1030] loss = 4.563753
[e139 s0100/1030] loss = 2.734947
[e139 s0150/1030] loss = 2.262753
[e139 s0200/1030] loss = 1.848774
[e139 s0250/1030] loss = 1.593132
[e139 s0300/1030] loss = 1.585615
[e139 s0350/1030] loss = 1.538579
[e139 s0400/1030] loss = 1.532158
[e139 s0450/1030] loss = 1.474534
[e139 s0500/1030] loss = 1.418229
[e139 s0550/1030] loss = 1.374343
[e139 s0600/1030] loss = 1.321168
[e139 s0650/1030] loss = 1.376455
[e139 s0700/1030] loss = 1.392488
[e139 s0750/1030] loss = 1.387337
[e139 s0800/1030] loss = 1.459992
[e139 s0850/1030] loss = 1.449105
[e139 s0900/1030] loss = 1.427571
[e139 s0950/1030] loss = 1.407478
[e139 s1000/1030] loss = 1.413682
Epoch 139: train_loss = 1.411718  MAE/GAME0 = 10.319  RMSE = 21.893  GAME1 = 11.767  GAME2 = 13.444  GAME3 = 14.396  lr = 1.00e-05  time = 7.5s
[e140 s0001/1030] loss = 0.158136
[e140 s0050/1030] loss = 0.793147
[e140 s0100/1030] loss = 1.008102
[e140 s0150/1030] loss = 1.253987
[e140 s0200/1030] loss = 1.111893
[e140 s0250/1030] loss = 1.022958
[e140 s0300/1030] loss = 1.068635
[e140 s0350/1030] loss = 1.095272
[e140 s0400/1030] loss = 1.096564
[e140 s0450/1030] loss = 1.040125
[e140 s0500/1030] loss = 1.193385
[e140 s0550/1030] loss = 1.142189
[e140 s0600/1030] loss = 1.161931
[e140 s0650/1030] loss = 1.128334
[e140 s0700/1030] loss = 1.089349
[e140 s0750/1030] loss = 1.163207
[e140 s0800/1030] loss = 1.349874
[e140 s0850/1030] loss = 1.380657
[e140 s0900/1030] loss = 1.344080
[e140 s0950/1030] loss = 1.332341
[e140 s1000/1030] loss = 1.332345
Epoch 140: train_loss = 1.333373  MAE/GAME0 = 16.189  RMSE = 24.336  GAME1 = 17.168  GAME2 = 18.834  GAME3 = 19.965  lr = 1.00e-05  time = 7.5s
[e141 s0001/1030] loss = 0.306234
[e141 s0050/1030] loss = 1.583398
[e141 s0100/1030] loss = 1.588855
[e141 s0150/1030] loss = 1.345815
[e141 s0200/1030] loss = 1.219994
[e141 s0250/1030] loss = 1.179362
[e141 s0300/1030] loss = 1.380267
[e141 s0350/1030] loss = 1.406434
[e141 s0400/1030] loss = 1.369014
[e141 s0450/1030] loss = 1.417248
[e141 s0500/1030] loss = 1.422419
[e141 s0550/1030] loss = 1.385316
[e141 s0600/1030] loss = 1.467285
[e141 s0650/1030] loss = 1.476678
[e141 s0700/1030] loss = 1.436317
[e141 s0750/1030] loss = 1.433138
[e141 s0800/1030] loss = 1.418246
[e141 s0850/1030] loss = 1.407103
[e141 s0900/1030] loss = 1.384556
[e141 s0950/1030] loss = 1.348818
[e141 s1000/1030] loss = 1.377139
Epoch 141: train_loss = 1.384951  MAE/GAME0 = 10.794  RMSE = 19.866  GAME1 = 12.022  GAME2 = 13.484  GAME3 = 14.235  lr = 1.00e-05  time = 7.5s
[e142 s0001/1030] loss = 0.305674
[e142 s0050/1030] loss = 1.368903
[e142 s0100/1030] loss = 1.538809
[e142 s0150/1030] loss = 1.403596
[e142 s0200/1030] loss = 2.059983
[e142 s0250/1030] loss = 1.844290
[e142 s0300/1030] loss = 1.970270
[e142 s0350/1030] loss = 1.786961
[e142 s0400/1030] loss = 1.637082
[e142 s0450/1030] loss = 1.516923
[e142 s0500/1030] loss = 1.461337
[e142 s0550/1030] loss = 1.428378
[e142 s0600/1030] loss = 1.415752
[e142 s0650/1030] loss = 1.349393
[e142 s0700/1030] loss = 1.317640
[e142 s0750/1030] loss = 1.338481
[e142 s0800/1030] loss = 1.311449
[e142 s0850/1030] loss = 1.324725
[e142 s0900/1030] loss = 1.317945
[e142 s0950/1030] loss = 1.301393
[e142 s1000/1030] loss = 1.326937
Epoch 142: train_loss = 1.300852  MAE/GAME0 = 10.137  RMSE = 20.110  GAME1 = 11.502  GAME2 = 13.145  GAME3 = 14.135  lr = 1.00e-05  time = 7.5s
[e143 s0001/1030] loss = 0.052659
[e143 s0050/1030] loss = 0.793883
[e143 s0100/1030] loss = 0.882475
[e143 s0150/1030] loss = 0.895579
[e143 s0200/1030] loss = 1.009345
[e143 s0250/1030] loss = 1.047850
[e143 s0300/1030] loss = 0.960001
[e143 s0350/1030] loss = 0.955779
[e143 s0400/1030] loss = 0.977218
[e143 s0450/1030] loss = 1.039481
[e143 s0500/1030] loss = 1.037126
[e143 s0550/1030] loss = 1.061133
[e143 s0600/1030] loss = 1.100562
[e143 s0650/1030] loss = 1.129669
[e143 s0700/1030] loss = 1.100479
[e143 s0750/1030] loss = 1.140830
[e143 s0800/1030] loss = 1.320293
[e143 s0850/1030] loss = 1.302136
[e143 s0900/1030] loss = 1.303807
[e143 s0950/1030] loss = 1.281514
[e143 s1000/1030] loss = 1.276314
Epoch 143: train_loss = 1.292932  MAE/GAME0 = 10.179  RMSE = 20.002  GAME1 = 11.558  GAME2 = 13.081  GAME3 = 14.005  lr = 1.00e-05  time = 7.5s
[e144 s0001/1030] loss = 0.074351
[e144 s0050/1030] loss = 0.512965
[e144 s0100/1030] loss = 0.616122
[e144 s0150/1030] loss = 0.789345
[e144 s0200/1030] loss = 0.783866
[e144 s0250/1030] loss = 0.927485
[e144 s0300/1030] loss = 0.997944
[e144 s0350/1030] loss = 1.097458
[e144 s0400/1030] loss = 1.076332
[e144 s0450/1030] loss = 1.184195
[e144 s0500/1030] loss = 1.250945
[e144 s0550/1030] loss = 1.325948
[e144 s0600/1030] loss = 1.330489
[e144 s0650/1030] loss = 1.334483
[e144 s0700/1030] loss = 1.303315
[e144 s0750/1030] loss = 1.320324
[e144 s0800/1030] loss = 1.322077
[e144 s0850/1030] loss = 1.326750
[e144 s0900/1030] loss = 1.316432
[e144 s0950/1030] loss = 1.297959
[e144 s1000/1030] loss = 1.323569
Epoch 144: train_loss = 1.300583  MAE/GAME0 = 10.912  RMSE = 25.966  GAME1 = 12.343  GAME2 = 14.035  GAME3 = 14.909  lr = 1.00e-05  time = 7.5s
[e145 s0001/1030] loss = 5.799462
[e145 s0050/1030] loss = 1.635713
[e145 s0100/1030] loss = 1.313785
[e145 s0150/1030] loss = 1.304438
[e145 s0200/1030] loss = 1.164045
[e145 s0250/1030] loss = 1.277556
[e145 s0300/1030] loss = 1.283507
[e145 s0350/1030] loss = 1.220866
[e145 s0400/1030] loss = 1.173500
[e145 s0450/1030] loss = 1.150648
[e145 s0500/1030] loss = 1.112158
[e145 s0550/1030] loss = 1.106157
[e145 s0600/1030] loss = 1.088307
[e145 s0650/1030] loss = 1.057789
[e145 s0700/1030] loss = 1.214474
[e145 s0750/1030] loss = 1.295793
[e145 s0800/1030] loss = 1.276883
[e145 s0850/1030] loss = 1.250645
[e145 s0900/1030] loss = 1.247543
[e145 s0950/1030] loss = 1.248581
[e145 s1000/1030] loss = 1.261619
Epoch 145: train_loss = 1.245353  MAE/GAME0 = 10.608  RMSE = 22.858  GAME1 = 12.030  GAME2 = 13.714  GAME3 = 14.702  lr = 1.00e-05  time = 7.7s
[e146 s0001/1030] loss = 7.277667
[e146 s0050/1030] loss = 1.239431
[e146 s0100/1030] loss = 1.004982
[e146 s0150/1030] loss = 0.936836
[e146 s0200/1030] loss = 0.904290
[e146 s0250/1030] loss = 0.860644
[e146 s0300/1030] loss = 0.963533
[e146 s0350/1030] loss = 1.143346
[e146 s0400/1030] loss = 1.244649
[e146 s0450/1030] loss = 1.233639
[e146 s0500/1030] loss = 1.196929
[e146 s0550/1030] loss = 1.208988
[e146 s0600/1030] loss = 1.199886
[e146 s0650/1030] loss = 1.170315
[e146 s0700/1030] loss = 1.157316
[e146 s0750/1030] loss = 1.180648
[e146 s0800/1030] loss = 1.159166
[e146 s0850/1030] loss = 1.287137
[e146 s0900/1030] loss = 1.312566
[e146 s0950/1030] loss = 1.371270
[e146 s1000/1030] loss = 1.379703
Epoch 146: train_loss = 1.395708  MAE/GAME0 = 9.910  RMSE = 20.483  GAME1 = 11.243  GAME2 = 12.698  GAME3 = 13.551  lr = 1.00e-05  time = 7.5s
[e147 s0001/1030] loss = 0.013295
[e147 s0050/1030] loss = 1.131579
[e147 s0100/1030] loss = 1.144605
[e147 s0150/1030] loss = 1.199501
[e147 s0200/1030] loss = 1.444122
[e147 s0250/1030] loss = 1.423919
[e147 s0300/1030] loss = 1.432571
[e147 s0350/1030] loss = 1.461461
[e147 s0400/1030] loss = 1.535845
[e147 s0450/1030] loss = 1.506679
[e147 s0500/1030] loss = 1.470842
[e147 s0550/1030] loss = 1.431850
[e147 s0600/1030] loss = 1.411686
[e147 s0650/1030] loss = 1.392804
[e147 s0700/1030] loss = 1.366827
[e147 s0750/1030] loss = 1.515837
[e147 s0800/1030] loss = 1.459938
[e147 s0850/1030] loss = 1.436843
[e147 s0900/1030] loss = 1.418696
[e147 s0950/1030] loss = 1.376542
[e147 s1000/1030] loss = 1.379706
Epoch 147: train_loss = 1.365722  MAE/GAME0 = 11.062  RMSE = 27.765  GAME1 = 12.902  GAME2 = 14.779  GAME3 = 15.698  lr = 1.00e-05  time = 7.5s
[e148 s0001/1030] loss = 0.311594
[e148 s0050/1030] loss = 0.897001
[e148 s0100/1030] loss = 1.120547
[e148 s0150/1030] loss = 0.974595
[e148 s0200/1030] loss = 1.315801
[e148 s0250/1030] loss = 1.313130
[e148 s0300/1030] loss = 1.296467
[e148 s0350/1030] loss = 1.354993
[e148 s0400/1030] loss = 1.395433
[e148 s0450/1030] loss = 1.395800
[e148 s0500/1030] loss = 1.364263
[e148 s0550/1030] loss = 1.323372
[e148 s0600/1030] loss = 1.337584
[e148 s0650/1030] loss = 1.289733
[e148 s0700/1030] loss = 1.275887
[e148 s0750/1030] loss = 1.546551
[e148 s0800/1030] loss = 1.528924
[e148 s0850/1030] loss = 1.530370
[e148 s0900/1030] loss = 1.644929
[e148 s0950/1030] loss = 1.653474
[e148 s1000/1030] loss = 1.628861
Epoch 148: train_loss = 1.612182  MAE/GAME0 = 11.770  RMSE = 25.000  GAME1 = 13.425  GAME2 = 15.235  GAME3 = 16.206  lr = 1.00e-05  time = 7.4s
[e149 s0001/1030] loss = 0.728763
[e149 s0050/1030] loss = 1.401449
[e149 s0100/1030] loss = 1.453398
[e149 s0150/1030] loss = 1.144908
[e149 s0200/1030] loss = 1.186874
[e149 s0250/1030] loss = 1.113009
[e149 s0300/1030] loss = 1.107066
[e149 s0350/1030] loss = 1.229293
[e149 s0400/1030] loss = 1.185219
[e149 s0450/1030] loss = 1.144728
[e149 s0500/1030] loss = 1.180678
[e149 s0550/1030] loss = 1.145781
[e149 s0600/1030] loss = 1.152172
[e149 s0650/1030] loss = 1.157956
[e149 s0700/1030] loss = 1.136338
[e149 s0750/1030] loss = 1.283664
[e149 s0800/1030] loss = 1.332254
[e149 s0850/1030] loss = 1.340977
[e149 s0900/1030] loss = 1.322838
[e149 s0950/1030] loss = 1.294398
[e149 s1000/1030] loss = 1.274081
Epoch 149: train_loss = 1.278036  MAE/GAME0 = 11.360  RMSE = 18.197  GAME1 = 12.474  GAME2 = 14.092  GAME3 = 15.099  lr = 1.00e-05  time = 7.8s
[e150 s0001/1030] loss = 2.959882
[e150 s0050/1030] loss = 1.794229
[e150 s0100/1030] loss = 1.338122
[e150 s0150/1030] loss = 1.515583
[e150 s0200/1030] loss = 1.287327
[e150 s0250/1030] loss = 1.223862
[e150 s0300/1030] loss = 1.183375
[e150 s0350/1030] loss = 1.152508
[e150 s0400/1030] loss = 1.219836
[e150 s0450/1030] loss = 1.234391
[e150 s0500/1030] loss = 1.356920
[e150 s0550/1030] loss = 1.407646
[e150 s0600/1030] loss = 1.545053
[e150 s0650/1030] loss = 1.488889
[e150 s0700/1030] loss = 1.469546
[e150 s0750/1030] loss = 1.590628
[e150 s0800/1030] loss = 1.529415
[e150 s0850/1030] loss = 1.541043
[e150 s0900/1030] loss = 1.600872
[e150 s0950/1030] loss = 1.612071
[e150 s1000/1030] loss = 1.596043
Epoch 150: train_loss = 1.568447  MAE/GAME0 = 10.545  RMSE = 22.201  GAME1 = 11.880  GAME2 = 13.504  GAME3 = 14.487  lr = 1.00e-05  time = 7.6s
[e151 s0001/1030] loss = 1.508662
[e151 s0050/1030] loss = 0.961924
[e151 s0100/1030] loss = 1.539348
[e151 s0150/1030] loss = 1.449200
[e151 s0200/1030] loss = 1.322251
[e151 s0250/1030] loss = 1.296739
[e151 s0300/1030] loss = 1.272975
[e151 s0350/1030] loss = 1.206944
[e151 s0400/1030] loss = 1.263487
[e151 s0450/1030] loss = 1.201624
[e151 s0500/1030] loss = 1.157993
[e151 s0550/1030] loss = 1.104684
[e151 s0600/1030] loss = 1.132630
[e151 s0650/1030] loss = 1.133350
[e151 s0700/1030] loss = 1.222213
[e151 s0750/1030] loss = 1.188722
[e151 s0800/1030] loss = 1.192314
[e151 s0850/1030] loss = 1.208029
[e151 s0900/1030] loss = 1.193066
[e151 s0950/1030] loss = 1.168308
[e151 s1000/1030] loss = 1.160782
Epoch 151: train_loss = 1.145736  MAE/GAME0 = 9.652  RMSE = 17.387  GAME1 = 11.109  GAME2 = 12.640  GAME3 = 13.605  lr = 1.00e-05  time = 7.6s
[e152 s0001/1030] loss = 1.052257
[e152 s0050/1030] loss = 2.016961
[e152 s0100/1030] loss = 1.525388
[e152 s0150/1030] loss = 1.240013
[e152 s0200/1030] loss = 1.326548
[e152 s0250/1030] loss = 1.221748
[e152 s0300/1030] loss = 1.177830
[e152 s0350/1030] loss = 1.222311
[e152 s0400/1030] loss = 1.182421
[e152 s0450/1030] loss = 1.245165
[e152 s0500/1030] loss = 1.256405
[e152 s0550/1030] loss = 1.209637
[e152 s0600/1030] loss = 1.194485
[e152 s0650/1030] loss = 1.165973
[e152 s0700/1030] loss = 1.142250
[e152 s0750/1030] loss = 1.199548
[e152 s0800/1030] loss = 1.234539
[e152 s0850/1030] loss = 1.255157
[e152 s0900/1030] loss = 1.261838
[e152 s0950/1030] loss = 1.244720
[e152 s1000/1030] loss = 1.225150
Epoch 152: train_loss = 1.218585  MAE/GAME0 = 10.624  RMSE = 26.693  GAME1 = 12.133  GAME2 = 13.704  GAME3 = 14.621  lr = 1.00e-05  time = 7.5s
[e153 s0001/1030] loss = 0.092548
[e153 s0050/1030] loss = 0.501139
[e153 s0100/1030] loss = 0.852655
[e153 s0150/1030] loss = 0.910719
[e153 s0200/1030] loss = 0.934354
[e153 s0250/1030] loss = 1.872167
[e153 s0300/1030] loss = 2.071836
[e153 s0350/1030] loss = 2.391776
[e153 s0400/1030] loss = 2.251523
[e153 s0450/1030] loss = 2.100335
[e153 s0500/1030] loss = 1.972700
[e153 s0550/1030] loss = 1.872456
[e153 s0600/1030] loss = 1.760696
[e153 s0650/1030] loss = 1.688099
[e153 s0700/1030] loss = 1.629648
[e153 s0750/1030] loss = 1.607643
[e153 s0800/1030] loss = 1.582173
[e153 s0850/1030] loss = 1.528489
[e153 s0900/1030] loss = 1.569334
[e153 s0950/1030] loss = 1.554094
[e153 s1000/1030] loss = 1.554891
Epoch 153: train_loss = 1.575940  MAE/GAME0 = 10.633  RMSE = 26.692  GAME1 = 12.320  GAME2 = 13.960  GAME3 = 14.833  lr = 1.00e-05  time = 7.5s
[e154 s0001/1030] loss = 0.398886
[e154 s0050/1030] loss = 0.661175
[e154 s0100/1030] loss = 0.696966
[e154 s0150/1030] loss = 1.100169
[e154 s0200/1030] loss = 1.012037
[e154 s0250/1030] loss = 0.954086
[e154 s0300/1030] loss = 0.981415
[e154 s0350/1030] loss = 0.953027
[e154 s0400/1030] loss = 0.951862
[e154 s0450/1030] loss = 1.148775
[e154 s0500/1030] loss = 1.167916
[e154 s0550/1030] loss = 1.197540
[e154 s0600/1030] loss = 1.205755
[e154 s0650/1030] loss = 1.478369
[e154 s0700/1030] loss = 1.460302
[e154 s0750/1030] loss = 1.447760
[e154 s0800/1030] loss = 1.438567
[e154 s0850/1030] loss = 1.448221
[e154 s0900/1030] loss = 1.420460
[e154 s0950/1030] loss = 1.382659
[e154 s1000/1030] loss = 1.379819
Epoch 154: train_loss = 1.371859  MAE/GAME0 = 10.204  RMSE = 22.335  GAME1 = 11.471  GAME2 = 12.987  GAME3 = 13.907  lr = 1.00e-05  time = 7.5s
[e155 s0001/1030] loss = 1.927940
[e155 s0050/1030] loss = 1.026393
[e155 s0100/1030] loss = 1.121246
[e155 s0150/1030] loss = 1.060978
[e155 s0200/1030] loss = 1.049161
[e155 s0250/1030] loss = 1.649333
[e155 s0300/1030] loss = 1.555290
[e155 s0350/1030] loss = 1.491770
[e155 s0400/1030] loss = 1.402089
[e155 s0450/1030] loss = 1.379124
[e155 s0500/1030] loss = 1.341781
[e155 s0550/1030] loss = 1.319669
[e155 s0600/1030] loss = 1.269529
[e155 s0650/1030] loss = 1.255600
[e155 s0700/1030] loss = 1.287729
[e155 s0750/1030] loss = 1.309635
[e155 s0800/1030] loss = 1.293424
[e155 s0850/1030] loss = 1.272483
[e155 s0900/1030] loss = 1.278594
[e155 s0950/1030] loss = 1.294837
[e155 s1000/1030] loss = 1.310117
Epoch 155: train_loss = 1.301577  MAE/GAME0 = 10.098  RMSE = 15.705  GAME1 = 11.620  GAME2 = 13.351  GAME3 = 14.479  lr = 1.00e-05  time = 7.6s
[e156 s0001/1030] loss = 0.377664
[e156 s0050/1030] loss = 1.332353
[e156 s0100/1030] loss = 1.132438
[e156 s0150/1030] loss = 1.117953
[e156 s0200/1030] loss = 1.028578
[e156 s0250/1030] loss = 1.071393
[e156 s0300/1030] loss = 1.044575
[e156 s0350/1030] loss = 1.053186
[e156 s0400/1030] loss = 1.032401
[e156 s0450/1030] loss = 1.019433
[e156 s0500/1030] loss = 1.011778
[e156 s0550/1030] loss = 0.998978
[e156 s0600/1030] loss = 1.020970
[e156 s0650/1030] loss = 0.988318
[e156 s0700/1030] loss = 0.967299
[e156 s0750/1030] loss = 0.946748
[e156 s0800/1030] loss = 0.960381
[e156 s0850/1030] loss = 0.960667
[e156 s0900/1030] loss = 1.126692
[e156 s0950/1030] loss = 1.122868
[e156 s1000/1030] loss = 1.133300
Epoch 156: train_loss = 1.137735  MAE/GAME0 = 8.931  RMSE = 14.314  GAME1 = 10.339  GAME2 = 11.738  GAME3 = 12.795  lr = 1.00e-05  time = 7.5s
[e157 s0001/1030] loss = 3.955980
[e157 s0050/1030] loss = 2.158070
[e157 s0100/1030] loss = 2.091045
[e157 s0150/1030] loss = 1.847365
[e157 s0200/1030] loss = 1.659700
[e157 s0250/1030] loss = 1.548697
[e157 s0300/1030] loss = 1.964951
[e157 s0350/1030] loss = 1.864928
[e157 s0400/1030] loss = 1.753411
[e157 s0450/1030] loss = 1.637455
[e157 s0500/1030] loss = 1.630724
[e157 s0550/1030] loss = 1.583217
[e157 s0600/1030] loss = 1.649167
[e157 s0650/1030] loss = 1.590739
[e157 s0700/1030] loss = 1.538534
[e157 s0750/1030] loss = 1.493132
[e157 s0800/1030] loss = 1.465718
[e157 s0850/1030] loss = 1.459071
[e157 s0900/1030] loss = 1.498984
[e157 s0950/1030] loss = 1.511035
[e157 s1000/1030] loss = 1.508702
Epoch 157: train_loss = 1.503524  MAE/GAME0 = 10.249  RMSE = 18.359  GAME1 = 11.876  GAME2 = 13.602  GAME3 = 14.642  lr = 1.00e-05  time = 7.6s
[e158 s0001/1030] loss = 0.597601
[e158 s0050/1030] loss = 0.734014
[e158 s0100/1030] loss = 0.832926
[e158 s0150/1030] loss = 0.800124
[e158 s0200/1030] loss = 1.008082
[e158 s0250/1030] loss = 0.975058
[e158 s0300/1030] loss = 0.997283
[e158 s0350/1030] loss = 1.144310
[e158 s0400/1030] loss = 1.396593
[e158 s0450/1030] loss = 1.350095
[e158 s0500/1030] loss = 1.462045
[e158 s0550/1030] loss = 1.400466
[e158 s0600/1030] loss = 1.532422
[e158 s0650/1030] loss = 1.601582
[e158 s0700/1030] loss = 1.617718
[e158 s0750/1030] loss = 1.559649
[e158 s0800/1030] loss = 1.647690
[e158 s0850/1030] loss = 1.625662
[e158 s0900/1030] loss = 1.602354
[e158 s0950/1030] loss = 1.597497
[e158 s1000/1030] loss = 1.549918
Epoch 158: train_loss = 1.515042  MAE/GAME0 = 9.972  RMSE = 18.532  GAME1 = 11.117  GAME2 = 12.289  GAME3 = 12.984  lr = 1.00e-05  time = 7.5s
[e159 s0001/1030] loss = 1.641477
[e159 s0050/1030] loss = 0.883421
[e159 s0100/1030] loss = 0.681682
[e159 s0150/1030] loss = 0.796001
[e159 s0200/1030] loss = 0.931986
[e159 s0250/1030] loss = 0.957904
[e159 s0300/1030] loss = 1.022633
[e159 s0350/1030] loss = 1.071141
[e159 s0400/1030] loss = 1.099767
[e159 s0450/1030] loss = 1.064864
[e159 s0500/1030] loss = 1.088670
[e159 s0550/1030] loss = 1.244384
[e159 s0600/1030] loss = 1.249083
[e159 s0650/1030] loss = 1.230613
[e159 s0700/1030] loss = 1.227117
[e159 s0750/1030] loss = 1.208067
[e159 s0800/1030] loss = 1.177683
[e159 s0850/1030] loss = 1.176901
[e159 s0900/1030] loss = 1.146459
[e159 s0950/1030] loss = 1.129797
[e159 s1000/1030] loss = 1.166592
Epoch 159: train_loss = 1.153075  MAE/GAME0 = 9.602  RMSE = 15.457  GAME1 = 10.990  GAME2 = 12.600  GAME3 = 13.492  lr = 1.00e-05  time = 7.5s
[e160 s0001/1030] loss = 0.032250
[e160 s0050/1030] loss = 1.283743
[e160 s0100/1030] loss = 1.042100
[e160 s0150/1030] loss = 1.128004
[e160 s0200/1030] loss = 1.179515
[e160 s0250/1030] loss = 1.689567
[e160 s0300/1030] loss = 1.579589
[e160 s0350/1030] loss = 1.530981
[e160 s0400/1030] loss = 1.429332
[e160 s0450/1030] loss = 1.396012
[e160 s0500/1030] loss = 1.360267
[e160 s0550/1030] loss = 1.464046
[e160 s0600/1030] loss = 1.425719
[e160 s0650/1030] loss = 1.427156
[e160 s0700/1030] loss = 1.415690
[e160 s0750/1030] loss = 1.370765
[e160 s0800/1030] loss = 1.337391
[e160 s0850/1030] loss = 1.333357
[e160 s0900/1030] loss = 1.312462
[e160 s0950/1030] loss = 1.276853
[e160 s1000/1030] loss = 1.297555
Epoch 160: train_loss = 1.275633  MAE/GAME0 = 10.283  RMSE = 22.943  GAME1 = 11.912  GAME2 = 13.607  GAME3 = 14.569  lr = 1.00e-05  time = 7.5s
[e161 s0001/1030] loss = 0.331448
[e161 s0050/1030] loss = 0.690898
[e161 s0100/1030] loss = 0.657805
[e161 s0150/1030] loss = 0.833991
[e161 s0200/1030] loss = 0.817093
[e161 s0250/1030] loss = 0.799229
[e161 s0300/1030] loss = 1.094921
[e161 s0350/1030] loss = 1.054254
[e161 s0400/1030] loss = 1.102944
[e161 s0450/1030] loss = 1.094583
[e161 s0500/1030] loss = 1.054083
[e161 s0550/1030] loss = 1.092691
[e161 s0600/1030] loss = 1.246427
[e161 s0650/1030] loss = 1.222021
[e161 s0700/1030] loss = 1.223044
[e161 s0750/1030] loss = 1.273777
[e161 s0800/1030] loss = 1.244611
[e161 s0850/1030] loss = 1.236990
[e161 s0900/1030] loss = 1.235289
[e161 s0950/1030] loss = 1.225037
[e161 s1000/1030] loss = 1.238534
Epoch 161: train_loss = 1.243455  MAE/GAME0 = 10.415  RMSE = 18.590  GAME1 = 11.714  GAME2 = 13.276  GAME3 = 14.262  lr = 1.00e-05  time = 7.6s
[e162 s0001/1030] loss = 0.029740
[e162 s0050/1030] loss = 1.289432
[e162 s0100/1030] loss = 1.623920
[e162 s0150/1030] loss = 1.457271
[e162 s0200/1030] loss = 1.271066
[e162 s0250/1030] loss = 1.254684
[e162 s0300/1030] loss = 1.179670
[e162 s0350/1030] loss = 1.190888
[e162 s0400/1030] loss = 1.116453
[e162 s0450/1030] loss = 1.084343
[e162 s0500/1030] loss = 1.025770
[e162 s0550/1030] loss = 0.995755
[e162 s0600/1030] loss = 1.008531
[e162 s0650/1030] loss = 1.003580
[e162 s0700/1030] loss = 0.972211
[e162 s0750/1030] loss = 0.979526
[e162 s0800/1030] loss = 0.954867
[e162 s0850/1030] loss = 0.964490
[e162 s0900/1030] loss = 1.064808
[e162 s0950/1030] loss = 1.075252
[e162 s1000/1030] loss = 1.062369
Epoch 162: train_loss = 1.064823  MAE/GAME0 = 10.191  RMSE = 22.398  GAME1 = 11.389  GAME2 = 12.724  GAME3 = 13.550  lr = 1.00e-05  time = 7.6s
[e163 s0001/1030] loss = 0.544971
[e163 s0050/1030] loss = 1.250811
[e163 s0100/1030] loss = 0.980575
[e163 s0150/1030] loss = 1.123626
[e163 s0200/1030] loss = 1.307414
[e163 s0250/1030] loss = 1.174070
[e163 s0300/1030] loss = 1.138575
[e163 s0350/1030] loss = 1.058488
[e163 s0400/1030] loss = 1.055359
[e163 s0450/1030] loss = 1.156048
[e163 s0500/1030] loss = 1.182627
[e163 s0550/1030] loss = 1.187272
[e163 s0600/1030] loss = 1.213235
[e163 s0650/1030] loss = 1.348556
[e163 s0700/1030] loss = 1.326913
[e163 s0750/1030] loss = 1.351296
[e163 s0800/1030] loss = 1.380467
[e163 s0850/1030] loss = 1.415258
[e163 s0900/1030] loss = 1.382525
[e163 s0950/1030] loss = 1.350471
[e163 s1000/1030] loss = 1.311310
Epoch 163: train_loss = 1.324331  MAE/GAME0 = 13.719  RMSE = 17.274  GAME1 = 14.922  GAME2 = 16.431  GAME3 = 17.491  lr = 1.00e-05  time = 7.6s
[e164 s0001/1030] loss = 1.421504
[e164 s0050/1030] loss = 0.687976
[e164 s0100/1030] loss = 0.742902
[e164 s0150/1030] loss = 0.776479
[e164 s0200/1030] loss = 1.098561
[e164 s0250/1030] loss = 1.125269
[e164 s0300/1030] loss = 1.084216
[e164 s0350/1030] loss = 1.155182
[e164 s0400/1030] loss = 1.097984
[e164 s0450/1030] loss = 1.284767
[e164 s0500/1030] loss = 1.250112
[e164 s0550/1030] loss = 1.239969
[e164 s0600/1030] loss = 1.225686
[e164 s0650/1030] loss = 1.202543
[e164 s0700/1030] loss = 1.193216
[e164 s0750/1030] loss = 1.155226
[e164 s0800/1030] loss = 1.150539
[e164 s0850/1030] loss = 1.187007
[e164 s0900/1030] loss = 1.169039
[e164 s0950/1030] loss = 1.139085
[e164 s1000/1030] loss = 1.121227
Epoch 164: train_loss = 1.123575  MAE/GAME0 = 10.795  RMSE = 16.123  GAME1 = 12.230  GAME2 = 13.849  GAME3 = 14.888  lr = 1.00e-05  time = 7.7s
[e165 s0001/1030] loss = 0.468405
[e165 s0050/1030] loss = 2.199591
[e165 s0100/1030] loss = 1.798260
[e165 s0150/1030] loss = 1.809127
[e165 s0200/1030] loss = 1.843063
[e165 s0250/1030] loss = 1.588458
[e165 s0300/1030] loss = 1.636302
[e165 s0350/1030] loss = 1.591941
[e165 s0400/1030] loss = 1.560251
[e165 s0450/1030] loss = 1.496344
[e165 s0500/1030] loss = 1.506566
[e165 s0550/1030] loss = 1.484600
[e165 s0600/1030] loss = 1.424169
[e165 s0650/1030] loss = 1.434193
[e165 s0700/1030] loss = 1.397901
[e165 s0750/1030] loss = 1.382925
[e165 s0800/1030] loss = 1.382091
[e165 s0850/1030] loss = 1.355824
[e165 s0900/1030] loss = 1.348065
[e165 s0950/1030] loss = 1.351976
[e165 s1000/1030] loss = 1.367699
Epoch 165: train_loss = 1.347505  MAE/GAME0 = 9.668  RMSE = 20.121  GAME1 = 10.993  GAME2 = 12.416  GAME3 = 13.285  lr = 1.00e-05  time = 7.6s
[e166 s0001/1030] loss = 0.067930
[e166 s0050/1030] loss = 1.234584
[e166 s0100/1030] loss = 1.227292
[e166 s0150/1030] loss = 1.114067
[e166 s0200/1030] loss = 1.175726
[e166 s0250/1030] loss = 1.158901
[e166 s0300/1030] loss = 1.245433
[e166 s0350/1030] loss = 1.470503
[e166 s0400/1030] loss = 1.391620
[e166 s0450/1030] loss = 1.341338
[e166 s0500/1030] loss = 1.328846
[e166 s0550/1030] loss = 1.319975
[e166 s0600/1030] loss = 1.385707
[e166 s0650/1030] loss = 1.360557
[e166 s0700/1030] loss = 1.351475
[e166 s0750/1030] loss = 1.333546
[e166 s0800/1030] loss = 1.332370
[e166 s0850/1030] loss = 1.301659
[e166 s0900/1030] loss = 1.287020
[e166 s0950/1030] loss = 1.251747
[e166 s1000/1030] loss = 1.233405
Epoch 166: train_loss = 1.221066  MAE/GAME0 = 10.035  RMSE = 22.557  GAME1 = 11.222  GAME2 = 12.592  GAME3 = 13.385  lr = 1.00e-05  time = 7.5s
[e167 s0001/1030] loss = 0.339845
[e167 s0050/1030] loss = 1.149909
[e167 s0100/1030] loss = 1.122407
[e167 s0150/1030] loss = 0.999320
[e167 s0200/1030] loss = 1.161411
[e167 s0250/1030] loss = 1.159207
[e167 s0300/1030] loss = 1.130950
[e167 s0350/1030] loss = 1.072474
[e167 s0400/1030] loss = 1.200649
[e167 s0450/1030] loss = 1.132978
[e167 s0500/1030] loss = 1.117237
[e167 s0550/1030] loss = 1.366814
[e167 s0600/1030] loss = 1.402822
[e167 s0650/1030] loss = 1.345207
[e167 s0700/1030] loss = 1.312619
[e167 s0750/1030] loss = 1.269413
[e167 s0800/1030] loss = 1.270397
[e167 s0850/1030] loss = 1.276751
[e167 s0900/1030] loss = 1.226424
[e167 s0950/1030] loss = 1.210204
[e167 s1000/1030] loss = 1.235795
Epoch 167: train_loss = 1.226372  MAE/GAME0 = 9.975  RMSE = 22.395  GAME1 = 11.371  GAME2 = 12.831  GAME3 = 13.654  lr = 1.00e-05  time = 7.8s
[e168 s0001/1030] loss = 0.954880
[e168 s0050/1030] loss = 0.868477
[e168 s0100/1030] loss = 0.883915
[e168 s0150/1030] loss = 1.143348
[e168 s0200/1030] loss = 1.537440
[e168 s0250/1030] loss = 1.444191
[e168 s0300/1030] loss = 1.423149
[e168 s0350/1030] loss = 1.427035
[e168 s0400/1030] loss = 1.350403
[e168 s0450/1030] loss = 1.337218
[e168 s0500/1030] loss = 1.447354
[e168 s0550/1030] loss = 1.408540
[e168 s0600/1030] loss = 1.340492
[e168 s0650/1030] loss = 1.315216
[e168 s0700/1030] loss = 1.288408
[e168 s0750/1030] loss = 1.248036
[e168 s0800/1030] loss = 1.219590
[e168 s0850/1030] loss = 1.194112
[e168 s0900/1030] loss = 1.185383
[e168 s0950/1030] loss = 1.245043
[e168 s1000/1030] loss = 1.237730
Epoch 168: train_loss = 1.227459  MAE/GAME0 = 10.247  RMSE = 24.101  GAME1 = 11.515  GAME2 = 12.900  GAME3 = 13.725  lr = 1.00e-05  time = 7.5s
[e169 s0001/1030] loss = 0.214195
[e169 s0050/1030] loss = 1.127902
[e169 s0100/1030] loss = 1.062185
[e169 s0150/1030] loss = 1.314565
[e169 s0200/1030] loss = 1.209952
[e169 s0250/1030] loss = 1.141999
[e169 s0300/1030] loss = 1.195278
[e169 s0350/1030] loss = 1.162980
[e169 s0400/1030] loss = 1.264051
[e169 s0450/1030] loss = 1.207935
[e169 s0500/1030] loss = 1.138612
[e169 s0550/1030] loss = 1.292997
[e169 s0600/1030] loss = 1.282167
[e169 s0650/1030] loss = 1.235608
[e169 s0700/1030] loss = 1.250116
[e169 s0750/1030] loss = 1.266866
[e169 s0800/1030] loss = 1.237465
[e169 s0850/1030] loss = 1.206649
[e169 s0900/1030] loss = 1.180955
[e169 s0950/1030] loss = 1.169696
[e169 s1000/1030] loss = 1.169952
Epoch 169: train_loss = 1.161054  MAE/GAME0 = 9.390  RMSE = 18.959  GAME1 = 10.536  GAME2 = 11.853  GAME3 = 12.685  lr = 1.00e-05  time = 7.6s
[e170 s0001/1030] loss = 0.030726
[e170 s0050/1030] loss = 1.160904
[e170 s0100/1030] loss = 1.061200
[e170 s0150/1030] loss = 0.950983
[e170 s0200/1030] loss = 1.117714
[e170 s0250/1030] loss = 1.085083
[e170 s0300/1030] loss = 1.081008
[e170 s0350/1030] loss = 1.047336
[e170 s0400/1030] loss = 1.054536
[e170 s0450/1030] loss = 1.121027
[e170 s0500/1030] loss = 1.137711
[e170 s0550/1030] loss = 1.213180
[e170 s0600/1030] loss = 1.198498
[e170 s0650/1030] loss = 1.210753
[e170 s0700/1030] loss = 1.182390
[e170 s0750/1030] loss = 1.147826
[e170 s0800/1030] loss = 1.194899
[e170 s0850/1030] loss = 1.192936
[e170 s0900/1030] loss = 1.213406
[e170 s0950/1030] loss = 1.208403
[e170 s1000/1030] loss = 1.193290
Epoch 170: train_loss = 1.236162  MAE/GAME0 = 10.643  RMSE = 26.529  GAME1 = 12.274  GAME2 = 13.901  GAME3 = 14.849  lr = 1.00e-05  time = 7.6s
[e171 s0001/1030] loss = 0.911264
[e171 s0050/1030] loss = 1.250797
[e171 s0100/1030] loss = 1.053399
[e171 s0150/1030] loss = 1.013680
[e171 s0200/1030] loss = 1.044733
[e171 s0250/1030] loss = 0.932325
[e171 s0300/1030] loss = 0.917285
[e171 s0350/1030] loss = 0.958978
[e171 s0400/1030] loss = 0.945024
[e171 s0450/1030] loss = 0.922550
[e171 s0500/1030] loss = 0.923815
[e171 s0550/1030] loss = 1.037472
[e171 s0600/1030] loss = 1.022722
[e171 s0650/1030] loss = 1.059469
[e171 s0700/1030] loss = 1.018821
[e171 s0750/1030] loss = 1.014180
[e171 s0800/1030] loss = 1.015398
[e171 s0850/1030] loss = 1.007475
[e171 s0900/1030] loss = 0.992307
[e171 s0950/1030] loss = 1.060502
[e171 s1000/1030] loss = 1.048560
Epoch 171: train_loss = 1.049597  MAE/GAME0 = 11.262  RMSE = 24.985  GAME1 = 12.631  GAME2 = 14.149  GAME3 = 15.113  lr = 1.00e-05  time = 7.7s
[e172 s0001/1030] loss = 0.546720
[e172 s0050/1030] loss = 0.736485
[e172 s0100/1030] loss = 1.488509
[e172 s0150/1030] loss = 1.285803
[e172 s0200/1030] loss = 1.631693
[e172 s0250/1030] loss = 1.427201
[e172 s0300/1030] loss = 1.317603
[e172 s0350/1030] loss = 1.259173
[e172 s0400/1030] loss = 1.184259
[e172 s0450/1030] loss = 1.137519
[e172 s0500/1030] loss = 1.078095
[e172 s0550/1030] loss = 1.080494
[e172 s0600/1030] loss = 1.075236
[e172 s0650/1030] loss = 1.048833
[e172 s0700/1030] loss = 1.030651
[e172 s0750/1030] loss = 1.024042
[e172 s0800/1030] loss = 1.006564
[e172 s0850/1030] loss = 0.986938
[e172 s0900/1030] loss = 1.081085
[e172 s0950/1030] loss = 1.093277
[e172 s1000/1030] loss = 1.085804
Epoch 172: train_loss = 1.079096  MAE/GAME0 = 9.641  RMSE = 13.835  GAME1 = 10.998  GAME2 = 12.584  GAME3 = 13.643  lr = 1.00e-05  time = 7.5s
[e173 s0001/1030] loss = 0.116289
[e173 s0050/1030] loss = 0.984881
[e173 s0100/1030] loss = 0.961713
[e173 s0150/1030] loss = 0.898358
[e173 s0200/1030] loss = 0.872025
[e173 s0250/1030] loss = 0.988690
[e173 s0300/1030] loss = 1.032066
[e173 s0350/1030] loss = 1.007417
[e173 s0400/1030] loss = 1.031392
[e173 s0450/1030] loss = 1.106509
[e173 s0500/1030] loss = 1.109974
[e173 s0550/1030] loss = 1.117863
[e173 s0600/1030] loss = 1.115806
[e173 s0650/1030] loss = 1.109079
[e173 s0700/1030] loss = 1.128895
[e173 s0750/1030] loss = 1.150236
[e173 s0800/1030] loss = 1.142730
[e173 s0850/1030] loss = 1.172361
[e173 s0900/1030] loss = 1.191905
[e173 s0950/1030] loss = 1.170054
[e173 s1000/1030] loss = 1.144141
Epoch 173: train_loss = 1.124188  MAE/GAME0 = 8.992  RMSE = 17.110  GAME1 = 10.441  GAME2 = 11.905  GAME3 = 12.931  lr = 1.00e-05  time = 7.6s
[e174 s0001/1030] loss = 0.114072
[e174 s0050/1030] loss = 0.802606
[e174 s0100/1030] loss = 1.037510
[e174 s0150/1030] loss = 1.058369
[e174 s0200/1030] loss = 1.097609
[e174 s0250/1030] loss = 1.179382
[e174 s0300/1030] loss = 1.111417
[e174 s0350/1030] loss = 1.110241
[e174 s0400/1030] loss = 1.124711
[e174 s0450/1030] loss = 1.125275
[e174 s0500/1030] loss = 1.265057
[e174 s0550/1030] loss = 1.283450
[e174 s0600/1030] loss = 1.235301
[e174 s0650/1030] loss = 1.382812
[e174 s0700/1030] loss = 1.455031
[e174 s0750/1030] loss = 1.446177
[e174 s0800/1030] loss = 1.454900
[e174 s0850/1030] loss = 1.492605
[e174 s0900/1030] loss = 1.460527
[e174 s0950/1030] loss = 1.438645
[e174 s1000/1030] loss = 1.403373
Epoch 174: train_loss = 1.409914  MAE/GAME0 = 18.985  RMSE = 23.327  GAME1 = 19.522  GAME2 = 21.018  GAME3 = 21.971  lr = 1.00e-05  time = 7.5s
[e175 s0001/1030] loss = 1.188500
[e175 s0050/1030] loss = 3.425735
[e175 s0100/1030] loss = 2.208883
[e175 s0150/1030] loss = 1.777684
[e175 s0200/1030] loss = 1.530406
[e175 s0250/1030] loss = 1.360605
[e175 s0300/1030] loss = 1.360152
[e175 s0350/1030] loss = 1.305217
[e175 s0400/1030] loss = 1.257347
[e175 s0450/1030] loss = 1.237104
[e175 s0500/1030] loss = 1.209487
[e175 s0550/1030] loss = 1.205284
[e175 s0600/1030] loss = 1.210871
[e175 s0650/1030] loss = 1.187330
[e175 s0700/1030] loss = 1.171554
[e175 s0750/1030] loss = 1.142349
[e175 s0800/1030] loss = 1.122879
[e175 s0850/1030] loss = 1.130822
[e175 s0900/1030] loss = 1.103884
[e175 s0950/1030] loss = 1.093728
[e175 s1000/1030] loss = 1.099097
Epoch 175: train_loss = 1.105687  MAE/GAME0 = 15.238  RMSE = 30.603  GAME1 = 16.139  GAME2 = 17.581  GAME3 = 18.613  lr = 1.00e-05  time = 7.4s
[e176 s0001/1030] loss = 0.554031
[e176 s0050/1030] loss = 1.171348
[e176 s0100/1030] loss = 1.724745
[e176 s0150/1030] loss = 1.497483
[e176 s0200/1030] loss = 1.359733
[e176 s0250/1030] loss = 1.273226
[e176 s0300/1030] loss = 1.223621
[e176 s0350/1030] loss = 1.110233
[e176 s0400/1030] loss = 1.109095
[e176 s0450/1030] loss = 1.278463
[e176 s0500/1030] loss = 1.253627
[e176 s0550/1030] loss = 1.289466
[e176 s0600/1030] loss = 1.232241
[e176 s0650/1030] loss = 1.234440
[e176 s0700/1030] loss = 1.246339
[e176 s0750/1030] loss = 1.275368
[e176 s0800/1030] loss = 1.260497
[e176 s0850/1030] loss = 1.263492
[e176 s0900/1030] loss = 1.255031
[e176 s0950/1030] loss = 1.258690
[e176 s1000/1030] loss = 1.305884
Epoch 176: train_loss = 1.304092  MAE/GAME0 = 9.881  RMSE = 22.539  GAME1 = 11.112  GAME2 = 12.561  GAME3 = 13.403  lr = 1.00e-05  time = 7.6s
[e177 s0001/1030] loss = 0.019322
[e177 s0050/1030] loss = 0.898876
[e177 s0100/1030] loss = 0.884895
[e177 s0150/1030] loss = 0.880200
[e177 s0200/1030] loss = 0.822663
[e177 s0250/1030] loss = 0.798267
[e177 s0300/1030] loss = 1.189630
[e177 s0350/1030] loss = 1.293501
[e177 s0400/1030] loss = 1.254448
[e177 s0450/1030] loss = 1.196363
[e177 s0500/1030] loss = 1.235688
[e177 s0550/1030] loss = 1.216170
[e177 s0600/1030] loss = 1.160459
[e177 s0650/1030] loss = 1.129092
[e177 s0700/1030] loss = 1.126059
[e177 s0750/1030] loss = 1.104834
[e177 s0800/1030] loss = 1.539994
[e177 s0850/1030] loss = 1.541064
[e177 s0900/1030] loss = 1.522451
[e177 s0950/1030] loss = 1.490211
[e177 s1000/1030] loss = 1.453408
Epoch 177: train_loss = 1.433139  MAE/GAME0 = 9.611  RMSE = 17.401  GAME1 = 10.940  GAME2 = 12.292  GAME3 = 13.166  lr = 1.00e-05  time = 7.6s
[e178 s0001/1030] loss = 0.647991
[e178 s0050/1030] loss = 1.179292
[e178 s0100/1030] loss = 1.384683
[e178 s0150/1030] loss = 1.164283
[e178 s0200/1030] loss = 1.127260
[e178 s0250/1030] loss = 1.098677
[e178 s0300/1030] loss = 1.058144
[e178 s0350/1030] loss = 1.004801
[e178 s0400/1030] loss = 0.959145
[e178 s0450/1030] loss = 1.013821
[e178 s0500/1030] loss = 1.121729
[e178 s0550/1030] loss = 1.105397
[e178 s0600/1030] loss = 1.128235
[e178 s0650/1030] loss = 1.109525
[e178 s0700/1030] loss = 1.080679
[e178 s0750/1030] loss = 1.093757
[e178 s0800/1030] loss = 1.206540
[e178 s0850/1030] loss = 1.210934
[e178 s0900/1030] loss = 1.177620
[e178 s0950/1030] loss = 1.225631
[e178 s1000/1030] loss = 1.206171
Epoch 178: train_loss = 1.202954  MAE/GAME0 = 9.708  RMSE = 22.226  GAME1 = 11.147  GAME2 = 12.711  GAME3 = 13.742  lr = 1.00e-05  time = 7.5s
[e179 s0001/1030] loss = 2.219804
[e179 s0050/1030] loss = 0.748618
[e179 s0100/1030] loss = 0.818019
[e179 s0150/1030] loss = 0.910798
[e179 s0200/1030] loss = 0.843773
[e179 s0250/1030] loss = 0.804799
[e179 s0300/1030] loss = 1.232709
[e179 s0350/1030] loss = 1.224413
[e179 s0400/1030] loss = 1.162987
[e179 s0450/1030] loss = 1.205345
[e179 s0500/1030] loss = 1.185299
[e179 s0550/1030] loss = 1.184597
[e179 s0600/1030] loss = 1.184224
[e179 s0650/1030] loss = 1.148217
[e179 s0700/1030] loss = 1.128213
[e179 s0750/1030] loss = 1.108942
[e179 s0800/1030] loss = 1.093347
[e179 s0850/1030] loss = 1.084305
[e179 s0900/1030] loss = 1.103462
[e179 s0950/1030] loss = 1.096626
[e179 s1000/1030] loss = 1.083705
Epoch 179: train_loss = 1.071449  MAE/GAME0 = 9.385  RMSE = 17.467  GAME1 = 10.838  GAME2 = 12.346  GAME3 = 13.314  lr = 1.00e-05  time = 7.6s
[e180 s0001/1030] loss = 3.032502
[e180 s0050/1030] loss = 0.957592
[e180 s0100/1030] loss = 0.805224
[e180 s0150/1030] loss = 1.054285
[e180 s0200/1030] loss = 1.084483
[e180 s0250/1030] loss = 1.023603
[e180 s0300/1030] loss = 1.178861
[e180 s0350/1030] loss = 1.178447
[e180 s0400/1030] loss = 1.185407
[e180 s0450/1030] loss = 1.171963
[e180 s0500/1030] loss = 1.127145
[e180 s0550/1030] loss = 1.096771
[e180 s0600/1030] loss = 1.091390
[e180 s0650/1030] loss = 1.177846
[e180 s0700/1030] loss = 1.190393
[e180 s0750/1030] loss = 1.143441
[e180 s0800/1030] loss = 1.109945
[e180 s0850/1030] loss = 1.092805
[e180 s0900/1030] loss = 1.059952
[e180 s0950/1030] loss = 1.030898
[e180 s1000/1030] loss = 1.047045
Epoch 180: train_loss = 1.049039  MAE/GAME0 = 9.466  RMSE = 17.520  GAME1 = 10.524  GAME2 = 11.709  GAME3 = 12.483  lr = 1.00e-05  time = 7.5s
[e181 s0001/1030] loss = 0.153943
[e181 s0050/1030] loss = 1.357710
[e181 s0100/1030] loss = 0.967730
[e181 s0150/1030] loss = 0.900749
[e181 s0200/1030] loss = 1.176582
[e181 s0250/1030] loss = 1.103970
[e181 s0300/1030] loss = 1.067400
[e181 s0350/1030] loss = 1.017900
[e181 s0400/1030] loss = 1.008789
[e181 s0450/1030] loss = 0.985374
[e181 s0500/1030] loss = 0.966913
[e181 s0550/1030] loss = 0.967446
[e181 s0600/1030] loss = 0.939067
[e181 s0650/1030] loss = 0.953885
[e181 s0700/1030] loss = 0.939496
[e181 s0750/1030] loss = 1.035326
[e181 s0800/1030] loss = 1.032609
[e181 s0850/1030] loss = 1.014873
[e181 s0900/1030] loss = 1.109836
[e181 s0950/1030] loss = 1.117720
[e181 s1000/1030] loss = 1.106699
Epoch 181: train_loss = 1.102756  MAE/GAME0 = 9.584  RMSE = 18.874  GAME1 = 10.848  GAME2 = 12.313  GAME3 = 13.137  lr = 1.00e-05  time = 7.5s
[e182 s0001/1030] loss = 0.249280
[e182 s0050/1030] loss = 1.900405
[e182 s0100/1030] loss = 1.390879
[e182 s0150/1030] loss = 1.205165
[e182 s0200/1030] loss = 1.050763
[e182 s0250/1030] loss = 0.991270
[e182 s0300/1030] loss = 1.007326
[e182 s0350/1030] loss = 1.024035
[e182 s0400/1030] loss = 0.984196
[e182 s0450/1030] loss = 1.163078
[e182 s0500/1030] loss = 1.127771
[e182 s0550/1030] loss = 1.103664
[e182 s0600/1030] loss = 1.092394
[e182 s0650/1030] loss = 1.066976
[e182 s0700/1030] loss = 1.067870
[e182 s0750/1030] loss = 1.033036
[e182 s0800/1030] loss = 1.041292
[e182 s0850/1030] loss = 1.068391
[e182 s0900/1030] loss = 1.065060
[e182 s0950/1030] loss = 1.089577
[e182 s1000/1030] loss = 1.124562
Epoch 182: train_loss = 1.115294  MAE/GAME0 = 10.034  RMSE = 23.650  GAME1 = 11.166  GAME2 = 12.434  GAME3 = 13.171  lr = 1.00e-05  time = 7.6s
[e183 s0001/1030] loss = 0.390457
[e183 s0050/1030] loss = 0.754659
[e183 s0100/1030] loss = 0.731974
[e183 s0150/1030] loss = 0.995920
[e183 s0200/1030] loss = 0.989217
[e183 s0250/1030] loss = 1.075944
[e183 s0300/1030] loss = 1.082585
[e183 s0350/1030] loss = 1.313964
[e183 s0400/1030] loss = 1.227352
[e183 s0450/1030] loss = 1.170145
[e183 s0500/1030] loss = 1.124298
[e183 s0550/1030] loss = 1.076610
[e183 s0600/1030] loss = 1.057945
[e183 s0650/1030] loss = 1.059787
[e183 s0700/1030] loss = 1.032861
[e183 s0750/1030] loss = 1.017532
[e183 s0800/1030] loss = 1.004166
[e183 s0850/1030] loss = 0.991946
[e183 s0900/1030] loss = 0.995590
[e183 s0950/1030] loss = 1.087121
[e183 s1000/1030] loss = 1.066027
Epoch 183: train_loss = 1.055796  MAE/GAME0 = 9.262  RMSE = 18.768  GAME1 = 10.797  GAME2 = 12.317  GAME3 = 13.233  lr = 1.00e-05  time = 7.5s
[e184 s0001/1030] loss = 0.197058
[e184 s0050/1030] loss = 0.706555
[e184 s0100/1030] loss = 0.898949
[e184 s0150/1030] loss = 0.803022
[e184 s0200/1030] loss = 0.875025
[e184 s0250/1030] loss = 0.931680
[e184 s0300/1030] loss = 0.906015
[e184 s0350/1030] loss = 0.873782
[e184 s0400/1030] loss = 0.958528
[e184 s0450/1030] loss = 1.063110
[e184 s0500/1030] loss = 1.079634
[e184 s0550/1030] loss = 1.051639
[e184 s0600/1030] loss = 1.041132
[e184 s0650/1030] loss = 1.036383
[e184 s0700/1030] loss = 1.002741
[e184 s0750/1030] loss = 1.011431
[e184 s0800/1030] loss = 0.997715
[e184 s0850/1030] loss = 1.004205
[e184 s0900/1030] loss = 1.005841
[e184 s0950/1030] loss = 1.027478
[e184 s1000/1030] loss = 1.069147
Epoch 184: train_loss = 1.052729  MAE/GAME0 = 9.637  RMSE = 21.629  GAME1 = 10.874  GAME2 = 12.175  GAME3 = 13.032  lr = 1.00e-05  time = 7.6s
[e185 s0001/1030] loss = 0.783979
[e185 s0050/1030] loss = 1.184124
[e185 s0100/1030] loss = 0.940254
[e185 s0150/1030] loss = 0.918173
[e185 s0200/1030] loss = 0.886935
[e185 s0250/1030] loss = 0.911206
[e185 s0300/1030] loss = 1.021955
[e185 s0350/1030] loss = 1.008743
[e185 s0400/1030] loss = 1.055077
[e185 s0450/1030] loss = 1.120794
[e185 s0500/1030] loss = 1.071106
[e185 s0550/1030] loss = 1.032579
[e185 s0600/1030] loss = 1.093524
[e185 s0650/1030] loss = 1.127046
[e185 s0700/1030] loss = 1.217501
[e185 s0750/1030] loss = 1.203154
[e185 s0800/1030] loss = 1.166031
[e185 s0850/1030] loss = 1.150104
[e185 s0900/1030] loss = 1.138890
[e185 s0950/1030] loss = 1.106507
[e185 s1000/1030] loss = 1.143660
Epoch 185: train_loss = 1.128661  MAE/GAME0 = 9.910  RMSE = 21.476  GAME1 = 11.624  GAME2 = 13.282  GAME3 = 14.377  lr = 1.00e-05  time = 7.5s
[e186 s0001/1030] loss = 0.313347
[e186 s0050/1030] loss = 1.361716
[e186 s0100/1030] loss = 1.076879
[e186 s0150/1030] loss = 0.866679
[e186 s0200/1030] loss = 0.850462
[e186 s0250/1030] loss = 0.899597
[e186 s0300/1030] loss = 1.058899
[e186 s0350/1030] loss = 1.276157
[e186 s0400/1030] loss = 1.320404
[e186 s0450/1030] loss = 1.288759
[e186 s0500/1030] loss = 1.243112
[e186 s0550/1030] loss = 1.221008
[e186 s0600/1030] loss = 1.201532
[e186 s0650/1030] loss = 1.250630
[e186 s0700/1030] loss = 1.209782
[e186 s0750/1030] loss = 1.189658
[e186 s0800/1030] loss = 1.158574
[e186 s0850/1030] loss = 1.149908
[e186 s0900/1030] loss = 1.123662
[e186 s0950/1030] loss = 1.104932
[e186 s1000/1030] loss = 1.091593
Epoch 186: train_loss = 1.072441  MAE/GAME0 = 9.265  RMSE = 20.682  GAME1 = 10.662  GAME2 = 12.076  GAME3 = 12.943  lr = 1.00e-05  time = 7.5s
[e187 s0001/1030] loss = 0.077170
[e187 s0050/1030] loss = 1.287019
[e187 s0100/1030] loss = 1.172477
[e187 s0150/1030] loss = 1.201035
[e187 s0200/1030] loss = 1.102348
[e187 s0250/1030] loss = 1.132555
[e187 s0300/1030] loss = 1.046470
[e187 s0350/1030] loss = 1.045796
[e187 s0400/1030] loss = 1.111107
[e187 s0450/1030] loss = 1.126141
[e187 s0500/1030] loss = 1.130601
[e187 s0550/1030] loss = 1.166544
[e187 s0600/1030] loss = 1.179963
[e187 s0650/1030] loss = 1.153309
[e187 s0700/1030] loss = 1.135826
[e187 s0750/1030] loss = 1.101909
[e187 s0800/1030] loss = 1.086965
[e187 s0850/1030] loss = 1.118752
[e187 s0900/1030] loss = 1.154017
[e187 s0950/1030] loss = 1.156376
[e187 s1000/1030] loss = 1.142444
Epoch 187: train_loss = 1.130035  MAE/GAME0 = 9.611  RMSE = 19.551  GAME1 = 10.965  GAME2 = 12.413  GAME3 = 13.393  lr = 1.00e-05  time = 7.9s
[e188 s0001/1030] loss = 0.030097
[e188 s0050/1030] loss = 1.115114
[e188 s0100/1030] loss = 1.484376
[e188 s0150/1030] loss = 1.334953
[e188 s0200/1030] loss = 1.421710
[e188 s0250/1030] loss = 1.255922
[e188 s0300/1030] loss = 1.265425
[e188 s0350/1030] loss = 1.202902
[e188 s0400/1030] loss = 1.251583
[e188 s0450/1030] loss = 1.260099
[e188 s0500/1030] loss = 1.262767
[e188 s0550/1030] loss = 1.228393
[e188 s0600/1030] loss = 1.242701
[e188 s0650/1030] loss = 1.231033
[e188 s0700/1030] loss = 1.194769
[e188 s0750/1030] loss = 1.168909
[e188 s0800/1030] loss = 1.172379
[e188 s0850/1030] loss = 1.148159
[e188 s0900/1030] loss = 1.121030
[e188 s0950/1030] loss = 1.100661
[e188 s1000/1030] loss = 1.146823
Epoch 188: train_loss = 1.134013  MAE/GAME0 = 9.535  RMSE = 16.221  GAME1 = 10.687  GAME2 = 11.940  GAME3 = 12.617  lr = 1.00e-05  time = 7.5s
[e189 s0001/1030] loss = 0.417043
[e189 s0050/1030] loss = 1.137180
[e189 s0100/1030] loss = 1.019691
[e189 s0150/1030] loss = 0.993409
[e189 s0200/1030] loss = 0.938892
[e189 s0250/1030] loss = 0.940404
[e189 s0300/1030] loss = 0.953853
[e189 s0350/1030] loss = 0.912983
[e189 s0400/1030] loss = 0.910525
[e189 s0450/1030] loss = 0.980030
[e189 s0500/1030] loss = 0.940200
[e189 s0550/1030] loss = 0.987863
[e189 s0600/1030] loss = 1.004134
[e189 s0650/1030] loss = 1.056910
[e189 s0700/1030] loss = 1.021139
[e189 s0750/1030] loss = 0.999275
[e189 s0800/1030] loss = 0.968054
[e189 s0850/1030] loss = 0.946316
[e189 s0900/1030] loss = 0.958011
[e189 s0950/1030] loss = 0.937195
[e189 s1000/1030] loss = 0.946997
Epoch 189: train_loss = 0.948819  MAE/GAME0 = 8.094  RMSE = 12.459  GAME1 = 9.861  GAME2 = 11.500  GAME3 = 12.533  lr = 1.00e-05  time = 7.5s
[e190 s0001/1030] loss = 0.565866
[e190 s0050/1030] loss = 2.154017
[e190 s0100/1030] loss = 1.740008
[e190 s0150/1030] loss = 1.766217
[e190 s0200/1030] loss = 1.546997
[e190 s0250/1030] loss = 1.331457
[e190 s0300/1030] loss = 1.243075
[e190 s0350/1030] loss = 1.152858
[e190 s0400/1030] loss = 1.114081
[e190 s0450/1030] loss = 1.133534
[e190 s0500/1030] loss = 1.183926
[e190 s0550/1030] loss = 1.127914
[e190 s0600/1030] loss = 1.116005
[e190 s0650/1030] loss = 1.109108
[e190 s0700/1030] loss = 1.073881
[e190 s0750/1030] loss = 1.052514
[e190 s0800/1030] loss = 1.043020
[e190 s0850/1030] loss = 1.052956
[e190 s0900/1030] loss = 1.095860
[e190 s0950/1030] loss = 1.074424
[e190 s1000/1030] loss = 1.053443
Epoch 190: train_loss = 1.044571  MAE/GAME0 = 10.133  RMSE = 29.892  GAME1 = 11.524  GAME2 = 12.997  GAME3 = 13.870  lr = 1.00e-05  time = 7.5s
[e191 s0001/1030] loss = 0.628501
[e191 s0050/1030] loss = 6.205079
[e191 s0100/1030] loss = 3.622795
[e191 s0150/1030] loss = 2.676150
[e191 s0200/1030] loss = 2.356354
[e191 s0250/1030] loss = 2.040273
[e191 s0300/1030] loss = 1.796117
[e191 s0350/1030] loss = 1.668863
[e191 s0400/1030] loss = 1.586715
[e191 s0450/1030] loss = 1.493253
[e191 s0500/1030] loss = 1.466068
[e191 s0550/1030] loss = 1.399473
[e191 s0600/1030] loss = 1.335995
[e191 s0650/1030] loss = 1.304957
[e191 s0700/1030] loss = 1.267631
[e191 s0750/1030] loss = 1.241341
[e191 s0800/1030] loss = 1.222973
[e191 s0850/1030] loss = 1.196785
[e191 s0900/1030] loss = 1.164859
[e191 s0950/1030] loss = 1.159970
[e191 s1000/1030] loss = 1.122510
Epoch 191: train_loss = 1.111967  MAE/GAME0 = 9.450  RMSE = 22.548  GAME1 = 10.741  GAME2 = 12.081  GAME3 = 12.916  lr = 1.00e-05  time = 7.6s
[e192 s0001/1030] loss = 0.203234
[e192 s0050/1030] loss = 0.816683
[e192 s0100/1030] loss = 0.866923
[e192 s0150/1030] loss = 0.874701
[e192 s0200/1030] loss = 0.828618
[e192 s0250/1030] loss = 0.920278
[e192 s0300/1030] loss = 0.944939
[e192 s0350/1030] loss = 1.275060
[e192 s0400/1030] loss = 1.224410
[e192 s0450/1030] loss = 1.246940
[e192 s0500/1030] loss = 1.218400
[e192 s0550/1030] loss = 1.160982
[e192 s0600/1030] loss = 1.120721
[e192 s0650/1030] loss = 1.101750
[e192 s0700/1030] loss = 1.074384
[e192 s0750/1030] loss = 1.041919
[e192 s0800/1030] loss = 1.029290
[e192 s0850/1030] loss = 1.021733
[e192 s0900/1030] loss = 1.036153
[e192 s0950/1030] loss = 1.046062
[e192 s1000/1030] loss = 1.034961
Epoch 192: train_loss = 1.062904  MAE/GAME0 = 8.956  RMSE = 19.397  GAME1 = 10.272  GAME2 = 11.606  GAME3 = 12.410  lr = 1.00e-05  time = 7.7s
[e193 s0001/1030] loss = 0.517890
[e193 s0050/1030] loss = 0.383141
[e193 s0100/1030] loss = 0.725856
[e193 s0150/1030] loss = 0.848925
[e193 s0200/1030] loss = 0.804607
[e193 s0250/1030] loss = 0.843858
[e193 s0300/1030] loss = 0.851769
[e193 s0350/1030] loss = 0.860382
[e193 s0400/1030] loss = 0.847037
[e193 s0450/1030] loss = 0.897322
[e193 s0500/1030] loss = 0.931453
[e193 s0550/1030] loss = 0.992820
[e193 s0600/1030] loss = 1.135163
[e193 s0650/1030] loss = 1.155477
[e193 s0700/1030] loss = 1.130677
[e193 s0750/1030] loss = 1.109732
[e193 s0800/1030] loss = 1.112008
[e193 s0850/1030] loss = 1.104132
[e193 s0900/1030] loss = 1.088472
[e193 s0950/1030] loss = 1.081037
[e193 s1000/1030] loss = 1.109468
Epoch 193: train_loss = 1.104465  MAE/GAME0 = 10.950  RMSE = 20.622  GAME1 = 11.734  GAME2 = 12.577  GAME3 = 13.052  lr = 1.00e-05  time = 7.5s
[e194 s0001/1030] loss = 4.483906
[e194 s0050/1030] loss = 1.051562
[e194 s0100/1030] loss = 0.808288
[e194 s0150/1030] loss = 0.794582
[e194 s0200/1030] loss = 0.751438
[e194 s0250/1030] loss = 0.796716
[e194 s0300/1030] loss = 0.866407
[e194 s0350/1030] loss = 0.858134
[e194 s0400/1030] loss = 0.843085
[e194 s0450/1030] loss = 0.975290
[e194 s0500/1030] loss = 0.988975
[e194 s0550/1030] loss = 1.007945
[e194 s0600/1030] loss = 1.014954
[e194 s0650/1030] loss = 1.012326
[e194 s0700/1030] loss = 0.998376
[e194 s0750/1030] loss = 0.990284
[e194 s0800/1030] loss = 0.976630
[e194 s0850/1030] loss = 0.995829
[e194 s0900/1030] loss = 0.983051
[e194 s0950/1030] loss = 1.006810
[e194 s1000/1030] loss = 1.034813
Epoch 194: train_loss = 1.034685  MAE/GAME0 = 9.717  RMSE = 19.942  GAME1 = 10.799  GAME2 = 11.933  GAME3 = 12.651  lr = 1.00e-05  time = 7.7s
[e195 s0001/1030] loss = 0.031130
[e195 s0050/1030] loss = 1.614327
[e195 s0100/1030] loss = 1.607488
[e195 s0150/1030] loss = 1.324996
[e195 s0200/1030] loss = 1.129566
[e195 s0250/1030] loss = 1.103765
[e195 s0300/1030] loss = 1.108446
[e195 s0350/1030] loss = 1.029054
[e195 s0400/1030] loss = 1.058015
[e195 s0450/1030] loss = 1.087062
[e195 s0500/1030] loss = 1.085088
[e195 s0550/1030] loss = 1.062101
[e195 s0600/1030] loss = 1.037812
[e195 s0650/1030] loss = 0.998840
[e195 s0700/1030] loss = 0.978716
[e195 s0750/1030] loss = 0.948615
[e195 s0800/1030] loss = 0.932007
[e195 s0850/1030] loss = 0.932340
[e195 s0900/1030] loss = 0.916286
[e195 s0950/1030] loss = 0.961880
[e195 s1000/1030] loss = 0.946851
Epoch 195: train_loss = 0.955454  MAE/GAME0 = 12.476  RMSE = 19.367  GAME1 = 13.578  GAME2 = 15.051  GAME3 = 16.117  lr = 1.00e-05  time = 7.5s
[e196 s0001/1030] loss = 0.557920
[e196 s0050/1030] loss = 0.846183
[e196 s0100/1030] loss = 0.827361
[e196 s0150/1030] loss = 0.846011
[e196 s0200/1030] loss = 1.118283
[e196 s0250/1030] loss = 1.611305
[e196 s0300/1030] loss = 1.497754
[e196 s0350/1030] loss = 1.468541
[e196 s0400/1030] loss = 1.531408
[e196 s0450/1030] loss = 1.461885
[e196 s0500/1030] loss = 1.400047
[e196 s0550/1030] loss = 1.400789
[e196 s0600/1030] loss = 1.338321
[e196 s0650/1030] loss = 1.319051
[e196 s0700/1030] loss = 1.282136
[e196 s0750/1030] loss = 1.250835
[e196 s0800/1030] loss = 1.299826
[e196 s0850/1030] loss = 1.259136
[e196 s0900/1030] loss = 1.221941
[e196 s0950/1030] loss = 1.195236
[e196 s1000/1030] loss = 1.215683
Epoch 196: train_loss = 1.199761  MAE/GAME0 = 8.910  RMSE = 17.476  GAME1 = 9.970  GAME2 = 11.250  GAME3 = 12.103  lr = 1.00e-05  time = 7.6s
[e197 s0001/1030] loss = 5.680767
[e197 s0050/1030] loss = 1.071954
[e197 s0100/1030] loss = 1.646429
[e197 s0150/1030] loss = 1.381158
[e197 s0200/1030] loss = 1.215083
[e197 s0250/1030] loss = 1.242783
[e197 s0300/1030] loss = 1.297424
[e197 s0350/1030] loss = 1.183749
[e197 s0400/1030] loss = 1.187828
[e197 s0450/1030] loss = 1.192955
[e197 s0500/1030] loss = 1.153932
[e197 s0550/1030] loss = 1.106579
[e197 s0600/1030] loss = 1.113732
[e197 s0650/1030] loss = 1.105381
[e197 s0700/1030] loss = 1.063997
[e197 s0750/1030] loss = 1.059138
[e197 s0800/1030] loss = 1.031195
[e197 s0850/1030] loss = 1.046201
[e197 s0900/1030] loss = 1.041464
[e197 s0950/1030] loss = 1.112150
[e197 s1000/1030] loss = 1.107202
Epoch 197: train_loss = 1.092984  MAE/GAME0 = 9.841  RMSE = 23.240  GAME1 = 11.148  GAME2 = 12.497  GAME3 = 13.261  lr = 1.00e-05  time = 7.6s
[e198 s0001/1030] loss = 0.721679
[e198 s0050/1030] loss = 2.407075
[e198 s0100/1030] loss = 1.652876
[e198 s0150/1030] loss = 1.330083
[e198 s0200/1030] loss = 1.211096
[e198 s0250/1030] loss = 1.206271
[e198 s0300/1030] loss = 1.129975
[e198 s0350/1030] loss = 1.062893
[e198 s0400/1030] loss = 1.016659
[e198 s0450/1030] loss = 1.061675
[e198 s0500/1030] loss = 1.069618
[e198 s0550/1030] loss = 1.035202
[e198 s0600/1030] loss = 0.993984
[e198 s0650/1030] loss = 0.992849
[e198 s0700/1030] loss = 1.034138
[e198 s0750/1030] loss = 1.006806
[e198 s0800/1030] loss = 1.013111
[e198 s0850/1030] loss = 1.033829
[e198 s0900/1030] loss = 1.074768
[e198 s0950/1030] loss = 1.069715
[e198 s1000/1030] loss = 1.095961
Epoch 198: train_loss = 1.081820  MAE/GAME0 = 7.949  RMSE = 12.292  GAME1 = 9.157  GAME2 = 10.526  GAME3 = 11.446  lr = 1.00e-05  time = 7.5s
[e199 s0001/1030] loss = 1.179982
[e199 s0050/1030] loss = 0.849238
[e199 s0100/1030] loss = 1.124474
[e199 s0150/1030] loss = 0.922086
[e199 s0200/1030] loss = 0.860720
[e199 s0250/1030] loss = 1.084602
[e199 s0300/1030] loss = 0.969767
[e199 s0350/1030] loss = 0.986429
[e199 s0400/1030] loss = 0.955260
[e199 s0450/1030] loss = 0.946093
[e199 s0500/1030] loss = 1.004217
[e199 s0550/1030] loss = 1.007298
[e199 s0600/1030] loss = 0.970040
[e199 s0650/1030] loss = 1.002296
[e199 s0700/1030] loss = 0.974563
[e199 s0750/1030] loss = 0.951920
[e199 s0800/1030] loss = 1.009213
[e199 s0850/1030] loss = 1.047657
[e199 s0900/1030] loss = 1.070812
[e199 s0950/1030] loss = 1.073755
[e199 s1000/1030] loss = 1.101803
Epoch 199: train_loss = 1.097004  MAE/GAME0 = 9.329  RMSE = 21.208  GAME1 = 10.689  GAME2 = 11.988  GAME3 = 12.853  lr = 1.00e-05  time = 7.6s
[e200 s0001/1030] loss = 0.051388
[e200 s0050/1030] loss = 1.504526
[e200 s0100/1030] loss = 1.160435
[e200 s0150/1030] loss = 1.163058
[e200 s0200/1030] loss = 1.085394
[e200 s0250/1030] loss = 1.011804
[e200 s0300/1030] loss = 0.919109
[e200 s0350/1030] loss = 0.904908
[e200 s0400/1030] loss = 0.899393
[e200 s0450/1030] loss = 1.077877
[e200 s0500/1030] loss = 1.045347
[e200 s0550/1030] loss = 1.011220
[e200 s0600/1030] loss = 0.984414
[e200 s0650/1030] loss = 0.978115
[e200 s0700/1030] loss = 0.954229
[e200 s0750/1030] loss = 0.944727
[e200 s0800/1030] loss = 0.946319
[e200 s0850/1030] loss = 0.929264
[e200 s0900/1030] loss = 0.923381
[e200 s0950/1030] loss = 0.905747
[e200 s1000/1030] loss = 0.909757
Epoch 200: train_loss = 0.905687  MAE/GAME0 = 8.790  RMSE = 17.608  GAME1 = 9.879  GAME2 = 11.175  GAME3 = 12.041  lr = 1.00e-05  time = 7.5s
[e201 s0001/1030] loss = 1.245606
[e201 s0050/1030] loss = 1.102257
[e201 s0100/1030] loss = 0.757842
[e201 s0150/1030] loss = 0.819283
[e201 s0200/1030] loss = 0.805974
[e201 s0250/1030] loss = 0.835461
[e201 s0300/1030] loss = 0.802940
[e201 s0350/1030] loss = 0.812630
[e201 s0400/1030] loss = 0.796714
[e201 s0450/1030] loss = 0.970986
[e201 s0500/1030] loss = 0.946243
[e201 s0550/1030] loss = 0.927922
[e201 s0600/1030] loss = 0.887431
[e201 s0650/1030] loss = 0.861780
[e201 s0700/1030] loss = 0.859017
[e201 s0750/1030] loss = 0.880177
[e201 s0800/1030] loss = 0.863692
[e201 s0850/1030] loss = 0.849470
[e201 s0900/1030] loss = 0.847185
[e201 s0950/1030] loss = 0.849111
[e201 s1000/1030] loss = 0.860822
Epoch 201: train_loss = 0.855511  MAE/GAME0 = 8.659  RMSE = 19.209  GAME1 = 10.023  GAME2 = 11.393  GAME3 = 12.237  lr = 1.00e-05  time = 7.5s
[e202 s0001/1030] loss = 0.011344
[e202 s0050/1030] loss = 1.038953
[e202 s0100/1030] loss = 1.008629
[e202 s0150/1030] loss = 1.102103
[e202 s0200/1030] loss = 1.174047
[e202 s0250/1030] loss = 1.286897
[e202 s0300/1030] loss = 1.198595
[e202 s0350/1030] loss = 1.117190
[e202 s0400/1030] loss = 1.065167
[e202 s0450/1030] loss = 1.058412
[e202 s0500/1030] loss = 1.072864
[e202 s0550/1030] loss = 1.034035
[e202 s0600/1030] loss = 1.027263
[e202 s0650/1030] loss = 0.989897
[e202 s0700/1030] loss = 0.968323
[e202 s0750/1030] loss = 0.963170
[e202 s0800/1030] loss = 0.961632
[e202 s0850/1030] loss = 0.971845
[e202 s0900/1030] loss = 0.978533
[e202 s0950/1030] loss = 0.978088
[e202 s1000/1030] loss = 1.004952
Epoch 202: train_loss = 0.992490  MAE/GAME0 = 9.664  RMSE = 18.572  GAME1 = 10.646  GAME2 = 11.804  GAME3 = 12.497  lr = 1.00e-05  time = 7.5s
[e203 s0001/1030] loss = 0.144176
[e203 s0050/1030] loss = 0.437300
[e203 s0100/1030] loss = 0.644999
[e203 s0150/1030] loss = 0.764191
[e203 s0200/1030] loss = 0.720108
[e203 s0250/1030] loss = 0.749718
[e203 s0300/1030] loss = 0.743890
[e203 s0350/1030] loss = 0.817695
[e203 s0400/1030] loss = 0.819850
[e203 s0450/1030] loss = 0.839245
[e203 s0500/1030] loss = 0.831080
[e203 s0550/1030] loss = 0.809031
[e203 s0600/1030] loss = 0.821113
[e203 s0650/1030] loss = 0.804014
[e203 s0700/1030] loss = 0.906984
[e203 s0750/1030] loss = 0.899622
[e203 s0800/1030] loss = 0.907546
[e203 s0850/1030] loss = 0.917573
[e203 s0900/1030] loss = 0.899500
[e203 s0950/1030] loss = 0.902328
[e203 s1000/1030] loss = 0.888900
Epoch 203: train_loss = 0.902812  MAE/GAME0 = 10.592  RMSE = 21.384  GAME1 = 11.753  GAME2 = 13.363  GAME3 = 14.308  lr = 1.00e-05  time = 7.5s
[e204 s0001/1030] loss = 0.272049
[e204 s0050/1030] loss = 0.956770
[e204 s0100/1030] loss = 0.819362
[e204 s0150/1030] loss = 0.730781
[e204 s0200/1030] loss = 0.746890
[e204 s0250/1030] loss = 0.766540
[e204 s0300/1030] loss = 0.849482
[e204 s0350/1030] loss = 0.863427
[e204 s0400/1030] loss = 0.922189
[e204 s0450/1030] loss = 0.986658
[e204 s0500/1030] loss = 1.041546
[e204 s0550/1030] loss = 1.041946
[e204 s0600/1030] loss = 1.088950
[e204 s0650/1030] loss = 1.081878
[e204 s0700/1030] loss = 1.140710
[e204 s0750/1030] loss = 1.123199
[e204 s0800/1030] loss = 1.234207
[e204 s0850/1030] loss = 1.196942
[e204 s0900/1030] loss = 1.161525
[e204 s0950/1030] loss = 1.160260
[e204 s1000/1030] loss = 1.122305
Epoch 204: train_loss = 1.136021  MAE/GAME0 = 9.894  RMSE = 21.130  GAME1 = 11.383  GAME2 = 12.853  GAME3 = 13.892  lr = 1.00e-05  time = 7.6s
[e205 s0001/1030] loss = 0.106182
[e205 s0050/1030] loss = 1.458637
[e205 s0100/1030] loss = 1.140194
[e205 s0150/1030] loss = 1.003226
[e205 s0200/1030] loss = 0.950484
[e205 s0250/1030] loss = 0.896898
[e205 s0300/1030] loss = 0.871756
[e205 s0350/1030] loss = 0.855338
[e205 s0400/1030] loss = 0.855136
[e205 s0450/1030] loss = 0.942134
[e205 s0500/1030] loss = 1.076984
[e205 s0550/1030] loss = 1.058141
[e205 s0600/1030] loss = 1.037138
[e205 s0650/1030] loss = 1.029476
[e205 s0700/1030] loss = 0.999937
[e205 s0750/1030] loss = 1.061953
[e205 s0800/1030] loss = 1.033248
[e205 s0850/1030] loss = 1.046581
[e205 s0900/1030] loss = 1.037011
[e205 s0950/1030] loss = 1.008174
[e205 s1000/1030] loss = 1.009762
Epoch 205: train_loss = 1.002196  MAE/GAME0 = 11.069  RMSE = 23.401  GAME1 = 12.319  GAME2 = 13.740  GAME3 = 14.673  lr = 1.00e-05  time = 7.5s
[e206 s0001/1030] loss = 0.238057
[e206 s0050/1030] loss = 0.483112
[e206 s0100/1030] loss = 0.568870
[e206 s0150/1030] loss = 0.603116
[e206 s0200/1030] loss = 0.591185
[e206 s0250/1030] loss = 0.635961
[e206 s0300/1030] loss = 0.695194
[e206 s0350/1030] loss = 0.783381
[e206 s0400/1030] loss = 0.795902
[e206 s0450/1030] loss = 1.087446
[e206 s0500/1030] loss = 1.121982
[e206 s0550/1030] loss = 1.112722
[e206 s0600/1030] loss = 1.069579
[e206 s0650/1030] loss = 1.034948
[e206 s0700/1030] loss = 1.037945
[e206 s0750/1030] loss = 1.022341
[e206 s0800/1030] loss = 1.119046
[e206 s0850/1030] loss = 1.106168
[e206 s0900/1030] loss = 1.095629
[e206 s0950/1030] loss = 1.070095
[e206 s1000/1030] loss = 1.060510
Epoch 206: train_loss = 1.044693  MAE/GAME0 = 9.724  RMSE = 17.496  GAME1 = 10.556  GAME2 = 11.569  GAME3 = 12.179  lr = 1.00e-05  time = 7.8s
[e207 s0001/1030] loss = 0.026485
[e207 s0050/1030] loss = 0.660700
[e207 s0100/1030] loss = 0.939354
[e207 s0150/1030] loss = 0.838139
[e207 s0200/1030] loss = 0.791876
[e207 s0250/1030] loss = 0.758990
[e207 s0300/1030] loss = 0.886364
[e207 s0350/1030] loss = 0.912545
[e207 s0400/1030] loss = 0.894531
[e207 s0450/1030] loss = 0.871263
[e207 s0500/1030] loss = 0.873066
[e207 s0550/1030] loss = 0.888019
[e207 s0600/1030] loss = 0.856229
[e207 s0650/1030] loss = 0.928142
[e207 s0700/1030] loss = 0.917112
[e207 s0750/1030] loss = 1.017571
[e207 s0800/1030] loss = 1.044674
[e207 s0850/1030] loss = 1.036183
[e207 s0900/1030] loss = 1.014418
[e207 s0950/1030] loss = 0.997278
[e207 s1000/1030] loss = 0.986377
Epoch 207: train_loss = 0.979069  MAE/GAME0 = 8.965  RMSE = 17.804  GAME1 = 10.429  GAME2 = 11.921  GAME3 = 12.892  lr = 1.00e-05  time = 7.5s
[e208 s0001/1030] loss = 0.227602
[e208 s0050/1030] loss = 0.690331
[e208 s0100/1030] loss = 0.659747
[e208 s0150/1030] loss = 0.717106
[e208 s0200/1030] loss = 0.794174
[e208 s0250/1030] loss = 0.822694
[e208 s0300/1030] loss = 0.769644
[e208 s0350/1030] loss = 0.793096
[e208 s0400/1030] loss = 0.851690
[e208 s0450/1030] loss = 0.883248
[e208 s0500/1030] loss = 0.931110
[e208 s0550/1030] loss = 0.950812
[e208 s0600/1030] loss = 0.916978
[e208 s0650/1030] loss = 0.951933
[e208 s0700/1030] loss = 0.986657
[e208 s0750/1030] loss = 1.000853
[e208 s0800/1030] loss = 0.974115
[e208 s0850/1030] loss = 0.954976
[e208 s0900/1030] loss = 0.941196
[e208 s0950/1030] loss = 0.935489
[e208 s1000/1030] loss = 0.960641
Epoch 208: train_loss = 0.960224  MAE/GAME0 = 11.341  RMSE = 25.423  GAME1 = 11.997  GAME2 = 12.767  GAME3 = 13.308  lr = 1.00e-05  time = 7.5s
[e209 s0001/1030] loss = 0.103881
[e209 s0050/1030] loss = 0.670750
[e209 s0100/1030] loss = 1.142296
[e209 s0150/1030] loss = 1.022544
[e209 s0200/1030] loss = 0.916119
[e209 s0250/1030] loss = 0.852454
[e209 s0300/1030] loss = 0.859861
[e209 s0350/1030] loss = 0.890728
[e209 s0400/1030] loss = 0.894965
[e209 s0450/1030] loss = 1.009168
[e209 s0500/1030] loss = 0.999081
[e209 s0550/1030] loss = 0.998155
[e209 s0600/1030] loss = 0.994741
[e209 s0650/1030] loss = 0.963587
[e209 s0700/1030] loss = 0.963984
[e209 s0750/1030] loss = 0.941798
[e209 s0800/1030] loss = 0.947472
[e209 s0850/1030] loss = 0.939171
[e209 s0900/1030] loss = 0.924470
[e209 s0950/1030] loss = 0.913379
[e209 s1000/1030] loss = 0.933562
Epoch 209: train_loss = 0.942221  MAE/GAME0 = 8.446  RMSE = 13.615  GAME1 = 9.893  GAME2 = 11.287  GAME3 = 12.298  lr = 1.00e-05  time = 7.6s
[e210 s0001/1030] loss = 0.304646
[e210 s0050/1030] loss = 0.483131
[e210 s0100/1030] loss = 0.602196
[e210 s0150/1030] loss = 0.864757
[e210 s0200/1030] loss = 1.172064
[e210 s0250/1030] loss = 1.042914
[e210 s0300/1030] loss = 1.158631
[e210 s0350/1030] loss = 1.147634
[e210 s0400/1030] loss = 1.114692
[e210 s0450/1030] loss = 1.087905
[e210 s0500/1030] loss = 1.182137
[e210 s0550/1030] loss = 1.135322
[e210 s0600/1030] loss = 1.109748
[e210 s0650/1030] loss = 1.085745
[e210 s0700/1030] loss = 1.070198
[e210 s0750/1030] loss = 1.086043
[e210 s0800/1030] loss = 1.059293
[e210 s0850/1030] loss = 1.028739
[e210 s0900/1030] loss = 1.013257
[e210 s0950/1030] loss = 0.997261
[e210 s1000/1030] loss = 0.986724
Epoch 210: train_loss = 0.973730  MAE/GAME0 = 7.638  RMSE = 12.277  GAME1 = 9.123  GAME2 = 10.516  GAME3 = 11.477  lr = 1.00e-05  time = 7.7s
[e211 s0001/1030] loss = 0.297635
[e211 s0050/1030] loss = 0.971432
[e211 s0100/1030] loss = 0.928576
[e211 s0150/1030] loss = 1.275086
[e211 s0200/1030] loss = 1.145197
[e211 s0250/1030] loss = 1.209866
[e211 s0300/1030] loss = 1.179864
[e211 s0350/1030] loss = 1.124862
[e211 s0400/1030] loss = 1.140470
[e211 s0450/1030] loss = 1.102996
[e211 s0500/1030] loss = 1.077434
[e211 s0550/1030] loss = 1.161124
[e211 s0600/1030] loss = 1.142685
[e211 s0650/1030] loss = 1.120697
[e211 s0700/1030] loss = 1.098609
[e211 s0750/1030] loss = 1.088933
[e211 s0800/1030] loss = 1.080739
[e211 s0850/1030] loss = 1.055598
[e211 s0900/1030] loss = 1.042034
[e211 s0950/1030] loss = 1.019340
[e211 s1000/1030] loss = 1.014486
Epoch 211: train_loss = 1.004647  MAE/GAME0 = 8.094  RMSE = 17.482  GAME1 = 9.402  GAME2 = 10.717  GAME3 = 11.624  lr = 1.00e-05  time = 7.5s
[e212 s0001/1030] loss = 0.077164
[e212 s0050/1030] loss = 0.889600
[e212 s0100/1030] loss = 1.061977
[e212 s0150/1030] loss = 1.097430
[e212 s0200/1030] loss = 1.005946
[e212 s0250/1030] loss = 0.996718
[e212 s0300/1030] loss = 1.094009
[e212 s0350/1030] loss = 1.035439
[e212 s0400/1030] loss = 0.976185
[e212 s0450/1030] loss = 0.941359
[e212 s0500/1030] loss = 0.956490
[e212 s0550/1030] loss = 0.961769
[e212 s0600/1030] loss = 1.048430
[e212 s0650/1030] loss = 1.010870
[e212 s0700/1030] loss = 1.012766
[e212 s0750/1030] loss = 1.035350
[e212 s0800/1030] loss = 1.020981
[e212 s0850/1030] loss = 1.030600
[e212 s0900/1030] loss = 1.019822
[e212 s0950/1030] loss = 0.998619
[e212 s1000/1030] loss = 0.980191
Epoch 212: train_loss = 0.997585  MAE/GAME0 = 12.362  RMSE = 20.322  GAME1 = 13.435  GAME2 = 14.880  GAME3 = 15.917  lr = 1.00e-05  time = 7.6s
[e213 s0001/1030] loss = 0.373885
[e213 s0050/1030] loss = 0.525957
[e213 s0100/1030] loss = 0.612276
[e213 s0150/1030] loss = 0.663664
[e213 s0200/1030] loss = 0.921247
[e213 s0250/1030] loss = 0.993687
[e213 s0300/1030] loss = 1.074982
[e213 s0350/1030] loss = 1.015821
[e213 s0400/1030] loss = 0.962011
[e213 s0450/1030] loss = 0.948137
[e213 s0500/1030] loss = 0.927547
[e213 s0550/1030] loss = 0.956453
[e213 s0600/1030] loss = 0.934320
[e213 s0650/1030] loss = 0.911341
[e213 s0700/1030] loss = 0.893206
[e213 s0750/1030] loss = 0.898283
[e213 s0800/1030] loss = 0.874606
[e213 s0850/1030] loss = 0.866521
[e213 s0900/1030] loss = 0.849230
[e213 s0950/1030] loss = 0.853980
[e213 s1000/1030] loss = 0.873767
Epoch 213: train_loss = 0.865580  MAE/GAME0 = 8.708  RMSE = 18.421  GAME1 = 10.072  GAME2 = 11.310  GAME3 = 12.136  lr = 1.00e-05  time = 7.4s
[e214 s0001/1030] loss = 0.149240
[e214 s0050/1030] loss = 0.777970
[e214 s0100/1030] loss = 0.641363
[e214 s0150/1030] loss = 1.781556
[e214 s0200/1030] loss = 1.613337
[e214 s0250/1030] loss = 1.471942
[e214 s0300/1030] loss = 1.357368
[e214 s0350/1030] loss = 1.375461
[e214 s0400/1030] loss = 1.363798
[e214 s0450/1030] loss = 1.487521
[e214 s0500/1030] loss = 1.573946
[e214 s0550/1030] loss = 1.549794
[e214 s0600/1030] loss = 1.496739
[e214 s0650/1030] loss = 1.451404
[e214 s0700/1030] loss = 1.407655
[e214 s0750/1030] loss = 1.363188
[e214 s0800/1030] loss = 1.323302
[e214 s0850/1030] loss = 1.319387
[e214 s0900/1030] loss = 1.279488
[e214 s0950/1030] loss = 1.241891
[e214 s1000/1030] loss = 1.231886
Epoch 214: train_loss = 1.230689  MAE/GAME0 = 8.170  RMSE = 16.427  GAME1 = 9.633  GAME2 = 10.913  GAME3 = 11.741  lr = 1.00e-05  time = 7.5s
[e215 s0001/1030] loss = 0.282521
[e215 s0050/1030] loss = 0.364568
[e215 s0100/1030] loss = 0.568790
[e215 s0150/1030] loss = 0.529842
[e215 s0200/1030] loss = 0.548471
[e215 s0250/1030] loss = 0.511578
[e215 s0300/1030] loss = 0.650769
[e215 s0350/1030] loss = 0.701606
[e215 s0400/1030] loss = 0.694846
[e215 s0450/1030] loss = 0.795319
[e215 s0500/1030] loss = 0.879352
[e215 s0550/1030] loss = 0.931725
[e215 s0600/1030] loss = 0.995980
[e215 s0650/1030] loss = 0.962323
[e215 s0700/1030] loss = 0.949378
[e215 s0750/1030] loss = 0.946123
[e215 s0800/1030] loss = 0.948722
[e215 s0850/1030] loss = 0.925772
[e215 s0900/1030] loss = 0.920018
[e215 s0950/1030] loss = 0.917458
[e215 s1000/1030] loss = 0.937584
Epoch 215: train_loss = 0.937070  MAE/GAME0 = 9.128  RMSE = 21.122  GAME1 = 10.794  GAME2 = 12.242  GAME3 = 13.184  lr = 1.00e-05  time = 7.6s
[e216 s0001/1030] loss = 0.970276
[e216 s0050/1030] loss = 0.459467
[e216 s0100/1030] loss = 0.433380
[e216 s0150/1030] loss = 0.838545
[e216 s0200/1030] loss = 0.882520
[e216 s0250/1030] loss = 0.903319
[e216 s0300/1030] loss = 0.948816
[e216 s0350/1030] loss = 1.030519
[e216 s0400/1030] loss = 1.012443
[e216 s0450/1030] loss = 0.975075
[e216 s0500/1030] loss = 0.980214
[e216 s0550/1030] loss = 0.956785
[e216 s0600/1030] loss = 0.924558
[e216 s0650/1030] loss = 0.900767
[e216 s0700/1030] loss = 0.885710
[e216 s0750/1030] loss = 0.888374
[e216 s0800/1030] loss = 0.900373
[e216 s0850/1030] loss = 0.890216
[e216 s0900/1030] loss = 0.920147
[e216 s0950/1030] loss = 0.913730
[e216 s1000/1030] loss = 0.899012
Epoch 216: train_loss = 0.890074  MAE/GAME0 = 8.093  RMSE = 15.601  GAME1 = 9.390  GAME2 = 10.587  GAME3 = 11.434  lr = 1.00e-05  time = 7.5s
[e217 s0001/1030] loss = 0.341872
[e217 s0050/1030] loss = 1.363672
[e217 s0100/1030] loss = 1.244875
[e217 s0150/1030] loss = 0.988878
[e217 s0200/1030] loss = 0.885537
[e217 s0250/1030] loss = 1.041416
[e217 s0300/1030] loss = 1.042306
[e217 s0350/1030] loss = 1.005134
[e217 s0400/1030] loss = 1.206289
[e217 s0450/1030] loss = 1.166097
[e217 s0500/1030] loss = 1.194977
[e217 s0550/1030] loss = 1.184040
[e217 s0600/1030] loss = 1.172982
[e217 s0650/1030] loss = 1.144356
[e217 s0700/1030] loss = 1.112986
[e217 s0750/1030] loss = 1.093446
[e217 s0800/1030] loss = 1.084432
[e217 s0850/1030] loss = 1.061518
[e217 s0900/1030] loss = 1.051334
[e217 s0950/1030] loss = 1.053295
[e217 s1000/1030] loss = 1.042031
Epoch 217: train_loss = 1.053401  MAE/GAME0 = 9.678  RMSE = 24.806  GAME1 = 11.040  GAME2 = 12.559  GAME3 = 13.611  lr = 1.00e-05  time = 7.5s
[e218 s0001/1030] loss = 0.201345
[e218 s0050/1030] loss = 0.887272
[e218 s0100/1030] loss = 0.737846
[e218 s0150/1030] loss = 0.749124
[e218 s0200/1030] loss = 0.754344
[e218 s0250/1030] loss = 0.857000
[e218 s0300/1030] loss = 0.859879
[e218 s0350/1030] loss = 0.853549
[e218 s0400/1030] loss = 0.829892
[e218 s0450/1030] loss = 0.788490
[e218 s0500/1030] loss = 0.782259
[e218 s0550/1030] loss = 0.744912
[e218 s0600/1030] loss = 0.768246
[e218 s0650/1030] loss = 0.782544
[e218 s0700/1030] loss = 0.773210
[e218 s0750/1030] loss = 0.811648
[e218 s0800/1030] loss = 0.837948
[e218 s0850/1030] loss = 0.863587
[e218 s0900/1030] loss = 0.859336
[e218 s0950/1030] loss = 0.855954
[e218 s1000/1030] loss = 0.854832
Epoch 218: train_loss = 0.851907  MAE/GAME0 = 8.310  RMSE = 12.211  GAME1 = 9.801  GAME2 = 11.146  GAME3 = 12.243  lr = 1.00e-05  time = 7.5s
[e219 s0001/1030] loss = 1.302995
[e219 s0050/1030] loss = 1.365318
[e219 s0100/1030] loss = 1.896772
[e219 s0150/1030] loss = 1.503948
[e219 s0200/1030] loss = 1.313795
[e219 s0250/1030] loss = 1.201675
[e219 s0300/1030] loss = 1.153507
[e219 s0350/1030] loss = 1.173146
[e219 s0400/1030] loss = 1.146933
[e219 s0450/1030] loss = 1.084343
[e219 s0500/1030] loss = 1.064257
[e219 s0550/1030] loss = 1.062693
[e219 s0600/1030] loss = 1.045868
[e219 s0650/1030] loss = 1.006280
[e219 s0700/1030] loss = 0.972016
[e219 s0750/1030] loss = 0.968813
[e219 s0800/1030] loss = 0.984026
[e219 s0850/1030] loss = 0.986768
[e219 s0900/1030] loss = 0.968155
[e219 s0950/1030] loss = 0.989883
[e219 s1000/1030] loss = 0.974474
Epoch 219: train_loss = 0.975911  MAE/GAME0 = 9.420  RMSE = 12.960  GAME1 = 10.798  GAME2 = 12.165  GAME3 = 13.165  lr = 1.00e-05  time = 7.6s
[e220 s0001/1030] loss = 0.345195
[e220 s0050/1030] loss = 0.812727
[e220 s0100/1030] loss = 0.899293
[e220 s0150/1030] loss = 0.907602
[e220 s0200/1030] loss = 1.027910
[e220 s0250/1030] loss = 0.948433
[e220 s0300/1030] loss = 0.907039
[e220 s0350/1030] loss = 0.956386
[e220 s0400/1030] loss = 0.916563
[e220 s0450/1030] loss = 0.930393
[e220 s0500/1030] loss = 0.993288
[e220 s0550/1030] loss = 0.960019
[e220 s0600/1030] loss = 1.261718
[e220 s0650/1030] loss = 1.302950
[e220 s0700/1030] loss = 1.255555
[e220 s0750/1030] loss = 1.233589
[e220 s0800/1030] loss = 1.204484
[e220 s0850/1030] loss = 1.188918
[e220 s0900/1030] loss = 1.171554
[e220 s0950/1030] loss = 1.134720
[e220 s1000/1030] loss = 1.116785
Epoch 220: train_loss = 1.099295  MAE/GAME0 = 8.796  RMSE = 20.273  GAME1 = 10.016  GAME2 = 11.419  GAME3 = 12.345  lr = 1.00e-05  time = 7.6s
[e221 s0001/1030] loss = 0.738624
[e221 s0050/1030] loss = 0.609555
[e221 s0100/1030] loss = 0.699986
[e221 s0150/1030] loss = 0.713273
[e221 s0200/1030] loss = 0.745291
[e221 s0250/1030] loss = 0.698402
[e221 s0300/1030] loss = 0.707020
[e221 s0350/1030] loss = 0.710841
[e221 s0400/1030] loss = 0.756436
[e221 s0450/1030] loss = 0.742110
[e221 s0500/1030] loss = 0.717996
[e221 s0550/1030] loss = 0.717519
[e221 s0600/1030] loss = 0.711735
[e221 s0650/1030] loss = 0.746553
[e221 s0700/1030] loss = 0.741205
[e221 s0750/1030] loss = 0.739092
[e221 s0800/1030] loss = 0.748358
[e221 s0850/1030] loss = 0.760487
[e221 s0900/1030] loss = 0.772897
[e221 s0950/1030] loss = 0.800184
[e221 s1000/1030] loss = 0.848878
Epoch 221: train_loss = 0.864674  MAE/GAME0 = 15.773  RMSE = 23.204  GAME1 = 15.953  GAME2 = 16.236  GAME3 = 16.379  lr = 1.00e-05  time = 7.5s
[e222 s0001/1030] loss = 1.801407
[e222 s0050/1030] loss = 0.934249
[e222 s0100/1030] loss = 0.976294
[e222 s0150/1030] loss = 0.997720
[e222 s0200/1030] loss = 0.996002
[e222 s0250/1030] loss = 1.044164
[e222 s0300/1030] loss = 1.026506
[e222 s0350/1030] loss = 0.980881
[e222 s0400/1030] loss = 0.928729
[e222 s0450/1030] loss = 0.967592
[e222 s0500/1030] loss = 0.917802
[e222 s0550/1030] loss = 0.910999
[e222 s0600/1030] loss = 0.917290
[e222 s0650/1030] loss = 0.963369
[e222 s0700/1030] loss = 0.968256
[e222 s0750/1030] loss = 0.956479
[e222 s0800/1030] loss = 0.975681
[e222 s0850/1030] loss = 0.964611
[e222 s0900/1030] loss = 0.967193
[e222 s0950/1030] loss = 0.947591
[e222 s1000/1030] loss = 0.947520
Epoch 222: train_loss = 0.940789  MAE/GAME0 = 7.901  RMSE = 14.462  GAME1 = 9.267  GAME2 = 10.645  GAME3 = 11.524  lr = 1.00e-05  time = 7.6s
[e223 s0001/1030] loss = 0.502912
[e223 s0050/1030] loss = 1.154565
[e223 s0100/1030] loss = 1.081539
[e223 s0150/1030] loss = 1.018186
[e223 s0200/1030] loss = 0.902526
[e223 s0250/1030] loss = 0.828463
[e223 s0300/1030] loss = 0.853286
[e223 s0350/1030] loss = 0.880352
[e223 s0400/1030] loss = 0.843963
[e223 s0450/1030] loss = 0.862703
[e223 s0500/1030] loss = 0.850104
[e223 s0550/1030] loss = 0.870902
[e223 s0600/1030] loss = 0.965830
[e223 s0650/1030] loss = 0.945985
[e223 s0700/1030] loss = 0.940694
[e223 s0750/1030] loss = 0.981700
[e223 s0800/1030] loss = 0.968613
[e223 s0850/1030] loss = 0.944699
[e223 s0900/1030] loss = 0.924143
[e223 s0950/1030] loss = 0.927766
[e223 s1000/1030] loss = 0.927848
Epoch 223: train_loss = 0.916822  MAE/GAME0 = 7.624  RMSE = 14.674  GAME1 = 8.814  GAME2 = 9.988  GAME3 = 10.789  lr = 1.00e-05  time = 7.6s
[e224 s0001/1030] loss = 0.082220
[e224 s0050/1030] loss = 1.091984
[e224 s0100/1030] loss = 1.525398
[e224 s0150/1030] loss = 1.421986
[e224 s0200/1030] loss = 1.269233
[e224 s0250/1030] loss = 1.157926
[e224 s0300/1030] loss = 1.060773
[e224 s0350/1030] loss = 0.982292
[e224 s0400/1030] loss = 0.973456
[e224 s0450/1030] loss = 0.963702
[e224 s0500/1030] loss = 0.971849
[e224 s0550/1030] loss = 0.951162
[e224 s0600/1030] loss = 0.925030
[e224 s0650/1030] loss = 0.964986
[e224 s0700/1030] loss = 0.947469
[e224 s0750/1030] loss = 0.941220
[e224 s0800/1030] loss = 0.924451
[e224 s0850/1030] loss = 0.911999
[e224 s0900/1030] loss = 0.914370
[e224 s0950/1030] loss = 0.912457
[e224 s1000/1030] loss = 0.893472
Epoch 224: train_loss = 0.904338  MAE/GAME0 = 10.813  RMSE = 22.140  GAME1 = 12.076  GAME2 = 13.464  GAME3 = 14.547  lr = 1.00e-05  time = 7.5s
[e225 s0001/1030] loss = 0.549431
[e225 s0050/1030] loss = 0.630327
[e225 s0100/1030] loss = 0.860045
[e225 s0150/1030] loss = 1.201068
[e225 s0200/1030] loss = 1.106372
[e225 s0250/1030] loss = 1.013148
[e225 s0300/1030] loss = 0.991200
[e225 s0350/1030] loss = 0.934462
[e225 s0400/1030] loss = 0.958593
[e225 s0450/1030] loss = 0.963191
[e225 s0500/1030] loss = 1.081751
[e225 s0550/1030] loss = 1.025054
[e225 s0600/1030] loss = 0.982539
[e225 s0650/1030] loss = 1.014132
[e225 s0700/1030] loss = 1.002045
[e225 s0750/1030] loss = 1.002353
[e225 s0800/1030] loss = 0.982179
[e225 s0850/1030] loss = 0.952326
[e225 s0900/1030] loss = 0.960611
[e225 s0950/1030] loss = 0.943050
[e225 s1000/1030] loss = 0.924420
Epoch 225: train_loss = 0.911935  MAE/GAME0 = 8.861  RMSE = 20.905  GAME1 = 10.165  GAME2 = 11.240  GAME3 = 11.975  lr = 1.00e-05  time = 7.6s
[e226 s0001/1030] loss = 0.043305
[e226 s0050/1030] loss = 0.631164
[e226 s0100/1030] loss = 1.047491
[e226 s0150/1030] loss = 1.238843
[e226 s0200/1030] loss = 1.194782
[e226 s0250/1030] loss = 1.074355
[e226 s0300/1030] loss = 1.028039
[e226 s0350/1030] loss = 1.044526
[e226 s0400/1030] loss = 1.046053
[e226 s0450/1030] loss = 0.992226
[e226 s0500/1030] loss = 0.967198
[e226 s0550/1030] loss = 0.936789
[e226 s0600/1030] loss = 0.939371
[e226 s0650/1030] loss = 0.909484
[e226 s0700/1030] loss = 0.889034
[e226 s0750/1030] loss = 0.919463
[e226 s0800/1030] loss = 0.905137
[e226 s0850/1030] loss = 0.909001
[e226 s0900/1030] loss = 0.903383
[e226 s0950/1030] loss = 0.966867
[e226 s1000/1030] loss = 0.978887
Epoch 226: train_loss = 0.992627  MAE/GAME0 = 7.966  RMSE = 15.419  GAME1 = 9.271  GAME2 = 10.591  GAME3 = 11.443  lr = 1.00e-05  time = 7.5s
[e227 s0001/1030] loss = 0.507690
[e227 s0050/1030] loss = 0.868126
[e227 s0100/1030] loss = 0.765571
[e227 s0150/1030] loss = 0.730318
[e227 s0200/1030] loss = 0.731441
[e227 s0250/1030] loss = 0.728005
[e227 s0300/1030] loss = 0.780594
[e227 s0350/1030] loss = 0.880117
[e227 s0400/1030] loss = 0.834986
[e227 s0450/1030] loss = 0.869091
[e227 s0500/1030] loss = 0.852744
[e227 s0550/1030] loss = 0.854223
[e227 s0600/1030] loss = 0.824118
[e227 s0650/1030] loss = 0.850129
[e227 s0700/1030] loss = 0.854867
[e227 s0750/1030] loss = 0.876448
[e227 s0800/1030] loss = 0.854725
[e227 s0850/1030] loss = 0.853195
[e227 s0900/1030] loss = 0.834045
[e227 s0950/1030] loss = 0.840123
[e227 s1000/1030] loss = 0.827727
Epoch 227: train_loss = 0.840220  MAE/GAME0 = 12.788  RMSE = 19.035  GAME1 = 13.728  GAME2 = 15.119  GAME3 = 16.084  lr = 1.00e-05  time = 7.5s
[e228 s0001/1030] loss = 0.247947
[e228 s0050/1030] loss = 1.022144
[e228 s0100/1030] loss = 1.022358
[e228 s0150/1030] loss = 0.844399
[e228 s0200/1030] loss = 0.966355
[e228 s0250/1030] loss = 0.881221
[e228 s0300/1030] loss = 0.876047
[e228 s0350/1030] loss = 0.811993
[e228 s0400/1030] loss = 0.770382
[e228 s0450/1030] loss = 0.835247
[e228 s0500/1030] loss = 0.825412
[e228 s0550/1030] loss = 0.816693
[e228 s0600/1030] loss = 0.818046
[e228 s0650/1030] loss = 0.810939
[e228 s0700/1030] loss = 0.807368
[e228 s0750/1030] loss = 0.915076
[e228 s0800/1030] loss = 0.897637
[e228 s0850/1030] loss = 0.905668
[e228 s0900/1030] loss = 0.897112
[e228 s0950/1030] loss = 0.986281
[e228 s1000/1030] loss = 0.984473
Epoch 228: train_loss = 0.982865  MAE/GAME0 = 8.458  RMSE = 13.103  GAME1 = 9.928  GAME2 = 11.333  GAME3 = 12.365  lr = 1.00e-05  time = 7.6s
[e229 s0001/1030] loss = 1.421200
[e229 s0050/1030] loss = 0.928028
[e229 s0100/1030] loss = 0.944983
[e229 s0150/1030] loss = 0.889336
[e229 s0200/1030] loss = 0.855185
[e229 s0250/1030] loss = 0.890933
[e229 s0300/1030] loss = 0.815293
[e229 s0350/1030] loss = 1.015314
[e229 s0400/1030] loss = 1.029716
[e229 s0450/1030] loss = 1.146647
[e229 s0500/1030] loss = 1.173684
[e229 s0550/1030] loss = 1.162018
[e229 s0600/1030] loss = 1.126055
[e229 s0650/1030] loss = 1.133501
[e229 s0700/1030] loss = 1.095245
[e229 s0750/1030] loss = 1.074038
[e229 s0800/1030] loss = 1.061064
[e229 s0850/1030] loss = 1.051535
[e229 s0900/1030] loss = 1.029868
[e229 s0950/1030] loss = 1.003250
[e229 s1000/1030] loss = 1.045342
Epoch 229: train_loss = 1.039218  MAE/GAME0 = 7.844  RMSE = 13.727  GAME1 = 9.337  GAME2 = 10.551  GAME3 = 11.298  lr = 1.00e-05  time = 7.5s
[e230 s0001/1030] loss = 0.080834
[e230 s0050/1030] loss = 0.754998
[e230 s0100/1030] loss = 0.828895
[e230 s0150/1030] loss = 0.990149
[e230 s0200/1030] loss = 0.894029
[e230 s0250/1030] loss = 0.934780
[e230 s0300/1030] loss = 0.954704
[e230 s0350/1030] loss = 0.999023
[e230 s0400/1030] loss = 0.944117
[e230 s0450/1030] loss = 0.967208
[e230 s0500/1030] loss = 0.944275
[e230 s0550/1030] loss = 0.924852
[e230 s0600/1030] loss = 0.903300
[e230 s0650/1030] loss = 0.897478
[e230 s0700/1030] loss = 0.911383
[e230 s0750/1030] loss = 0.963853
[e230 s0800/1030] loss = 0.947905
[e230 s0850/1030] loss = 0.997940
[e230 s0900/1030] loss = 1.014276
[e230 s0950/1030] loss = 0.995840
[e230 s1000/1030] loss = 0.979394
Epoch 230: train_loss = 0.967116  MAE/GAME0 = 9.357  RMSE = 30.058  GAME1 = 10.816  GAME2 = 12.224  GAME3 = 13.092  lr = 1.00e-05  time = 7.6s
[e231 s0001/1030] loss = 0.463110
[e231 s0050/1030] loss = 0.625954
[e231 s0100/1030] loss = 0.655345
[e231 s0150/1030] loss = 0.657368
[e231 s0200/1030] loss = 0.616979
[e231 s0250/1030] loss = 0.657398
[e231 s0300/1030] loss = 0.770327
[e231 s0350/1030] loss = 0.900128
[e231 s0400/1030] loss = 0.903601
[e231 s0450/1030] loss = 0.881800
[e231 s0500/1030] loss = 1.039843
[e231 s0550/1030] loss = 0.999311
[e231 s0600/1030] loss = 0.963499
[e231 s0650/1030] loss = 1.019851
[e231 s0700/1030] loss = 1.015459
[e231 s0750/1030] loss = 1.041414
[e231 s0800/1030] loss = 1.043515
[e231 s0850/1030] loss = 1.017688
[e231 s0900/1030] loss = 1.030772
[e231 s0950/1030] loss = 1.028438
[e231 s1000/1030] loss = 1.038939
Epoch 231: train_loss = 1.035111  MAE/GAME0 = 8.641  RMSE = 24.131  GAME1 = 9.973  GAME2 = 11.173  GAME3 = 11.969  lr = 1.00e-05  time = 7.5s
[e232 s0001/1030] loss = 0.615889
[e232 s0050/1030] loss = 0.729978
[e232 s0100/1030] loss = 0.598818
[e232 s0150/1030] loss = 0.711299
[e232 s0200/1030] loss = 0.704158
[e232 s0250/1030] loss = 0.742310
[e232 s0300/1030] loss = 0.759495
[e232 s0350/1030] loss = 0.950888
[e232 s0400/1030] loss = 0.903641
[e232 s0450/1030] loss = 0.883276
[e232 s0500/1030] loss = 0.931165
[e232 s0550/1030] loss = 0.893830
[e232 s0600/1030] loss = 0.915625
[e232 s0650/1030] loss = 1.058306
[e232 s0700/1030] loss = 1.036900
[e232 s0750/1030] loss = 1.030253
[e232 s0800/1030] loss = 1.014071
[e232 s0850/1030] loss = 1.031288
[e232 s0900/1030] loss = 1.007024
[e232 s0950/1030] loss = 0.990917
[e232 s1000/1030] loss = 0.967873
Epoch 232: train_loss = 0.956262  MAE/GAME0 = 8.297  RMSE = 19.838  GAME1 = 9.606  GAME2 = 10.815  GAME3 = 11.599  lr = 1.00e-05  time = 7.6s
[e233 s0001/1030] loss = 0.164920
[e233 s0050/1030] loss = 0.650835
[e233 s0100/1030] loss = 0.715318
[e233 s0150/1030] loss = 0.768109
[e233 s0200/1030] loss = 0.728115
[e233 s0250/1030] loss = 0.771172
[e233 s0300/1030] loss = 0.789413
[e233 s0350/1030] loss = 0.771803
[e233 s0400/1030] loss = 0.729504
[e233 s0450/1030] loss = 0.724863
[e233 s0500/1030] loss = 0.711469
[e233 s0550/1030] loss = 0.707334
[e233 s0600/1030] loss = 0.831396
[e233 s0650/1030] loss = 0.826383
[e233 s0700/1030] loss = 0.881328
[e233 s0750/1030] loss = 0.876816
[e233 s0800/1030] loss = 0.855589
[e233 s0850/1030] loss = 0.853427
[e233 s0900/1030] loss = 0.828878
[e233 s0950/1030] loss = 0.832341
[e233 s1000/1030] loss = 0.827237
Epoch 233: train_loss = 0.831689  MAE/GAME0 = 8.156  RMSE = 18.230  GAME1 = 9.562  GAME2 = 10.825  GAME3 = 11.719  lr = 1.00e-05  time = 7.6s
[e234 s0001/1030] loss = 0.058940
[e234 s0050/1030] loss = 0.530940
[e234 s0100/1030] loss = 0.795686
[e234 s0150/1030] loss = 1.151600
[e234 s0200/1030] loss = 1.096547
[e234 s0250/1030] loss = 0.989735
[e234 s0300/1030] loss = 1.026406
[e234 s0350/1030] loss = 1.015853
[e234 s0400/1030] loss = 0.977941
[e234 s0450/1030] loss = 0.960800
[e234 s0500/1030] loss = 0.942419
[e234 s0550/1030] loss = 1.006475
[e234 s0600/1030] loss = 0.988289
[e234 s0650/1030] loss = 0.967115
[e234 s0700/1030] loss = 0.957141
[e234 s0750/1030] loss = 0.981721
[e234 s0800/1030] loss = 0.954709
[e234 s0850/1030] loss = 0.971601
[e234 s0900/1030] loss = 0.955139
[e234 s0950/1030] loss = 0.950884
[e234 s1000/1030] loss = 0.942543
Epoch 234: train_loss = 0.933390  MAE/GAME0 = 8.484  RMSE = 16.592  GAME1 = 9.514  GAME2 = 10.497  GAME3 = 11.215  lr = 1.00e-05  time = 7.5s
[e235 s0001/1030] loss = 0.179818
[e235 s0050/1030] loss = 0.634864
[e235 s0100/1030] loss = 0.850358
[e235 s0150/1030] loss = 0.920362
[e235 s0200/1030] loss = 0.892957
[e235 s0250/1030] loss = 0.866394
[e235 s0300/1030] loss = 0.803496
[e235 s0350/1030] loss = 0.815302
[e235 s0400/1030] loss = 0.808317
[e235 s0450/1030] loss = 1.040963
[e235 s0500/1030] loss = 1.048298
[e235 s0550/1030] loss = 1.031599
[e235 s0600/1030] loss = 1.040329
[e235 s0650/1030] loss = 1.056260
[e235 s0700/1030] loss = 1.057100
[e235 s0750/1030] loss = 1.024246
[e235 s0800/1030] loss = 1.016957
[e235 s0850/1030] loss = 1.013059
[e235 s0900/1030] loss = 1.003155
[e235 s0950/1030] loss = 1.000840
[e235 s1000/1030] loss = 1.006401
Epoch 235: train_loss = 1.005991  MAE/GAME0 = 8.323  RMSE = 15.182  GAME1 = 9.635  GAME2 = 10.985  GAME3 = 11.982  lr = 1.00e-05  time = 7.5s
[e236 s0001/1030] loss = 0.191640
[e236 s0050/1030] loss = 0.558415
[e236 s0100/1030] loss = 0.834288
[e236 s0150/1030] loss = 0.950148
[e236 s0200/1030] loss = 0.843978
[e236 s0250/1030] loss = 0.798990
[e236 s0300/1030] loss = 0.764570
[e236 s0350/1030] loss = 0.756747
[e236 s0400/1030] loss = 0.760090
[e236 s0450/1030] loss = 0.763394
[e236 s0500/1030] loss = 0.769228
[e236 s0550/1030] loss = 0.767817
[e236 s0600/1030] loss = 0.965012
[e236 s0650/1030] loss = 0.992309
[e236 s0700/1030] loss = 0.998297
[e236 s0750/1030] loss = 1.016460
[e236 s0800/1030] loss = 0.999803
[e236 s0850/1030] loss = 0.978255
[e236 s0900/1030] loss = 0.984993
[e236 s0950/1030] loss = 0.958507
[e236 s1000/1030] loss = 0.958512
Epoch 236: train_loss = 0.957171  MAE/GAME0 = 8.209  RMSE = 15.391  GAME1 = 9.237  GAME2 = 10.349  GAME3 = 11.183  lr = 1.00e-05  time = 7.8s
[e237 s0001/1030] loss = 0.181632
[e237 s0050/1030] loss = 1.211452
[e237 s0100/1030] loss = 1.166200
[e237 s0150/1030] loss = 0.965090
[e237 s0200/1030] loss = 0.966028
[e237 s0250/1030] loss = 0.950596
[e237 s0300/1030] loss = 0.878586
[e237 s0350/1030] loss = 0.891241
[e237 s0400/1030] loss = 0.968435
[e237 s0450/1030] loss = 0.967315
[e237 s0500/1030] loss = 0.944586
[e237 s0550/1030] loss = 0.950378
[e237 s0600/1030] loss = 0.913966
[e237 s0650/1030] loss = 0.891467
[e237 s0700/1030] loss = 0.861866
[e237 s0750/1030] loss = 0.863147
[e237 s0800/1030] loss = 0.855963
[e237 s0850/1030] loss = 0.867535
[e237 s0900/1030] loss = 0.858615
[e237 s0950/1030] loss = 0.848181
[e237 s1000/1030] loss = 0.848284
Epoch 237: train_loss = 0.844737  MAE/GAME0 = 8.458  RMSE = 22.871  GAME1 = 9.702  GAME2 = 10.994  GAME3 = 11.864  lr = 1.00e-05  time = 7.6s
[e238 s0001/1030] loss = 0.892396
[e238 s0050/1030] loss = 1.009429
[e238 s0100/1030] loss = 1.488982
[e238 s0150/1030] loss = 1.181796
[e238 s0200/1030] loss = 1.034130
[e238 s0250/1030] loss = 0.988535
[e238 s0300/1030] loss = 0.916107
[e238 s0350/1030] loss = 0.913301
[e238 s0400/1030] loss = 0.931313
[e238 s0450/1030] loss = 0.884595
[e238 s0500/1030] loss = 0.852880
[e238 s0550/1030] loss = 0.873601
[e238 s0600/1030] loss = 1.003484
[e238 s0650/1030] loss = 0.977032
[e238 s0700/1030] loss = 0.968973
[e238 s0750/1030] loss = 0.976712
[e238 s0800/1030] loss = 0.952574
[e238 s0850/1030] loss = 0.925326
[e238 s0900/1030] loss = 0.973446
[e238 s0950/1030] loss = 0.968458
[e238 s1000/1030] loss = 0.982157
Epoch 238: train_loss = 0.978751  MAE/GAME0 = 7.977  RMSE = 15.784  GAME1 = 9.513  GAME2 = 11.049  GAME3 = 11.909  lr = 1.00e-05  time = 7.7s
[e239 s0001/1030] loss = 0.026922
[e239 s0050/1030] loss = 0.570471
[e239 s0100/1030] loss = 0.857767
[e239 s0150/1030] loss = 0.862145
[e239 s0200/1030] loss = 0.896755
[e239 s0250/1030] loss = 0.839490
[e239 s0300/1030] loss = 1.040388
[e239 s0350/1030] loss = 1.051305
[e239 s0400/1030] loss = 1.096331
[e239 s0450/1030] loss = 1.056805
[e239 s0500/1030] loss = 0.995874
[e239 s0550/1030] loss = 0.962731
[e239 s0600/1030] loss = 1.001514
[e239 s0650/1030] loss = 0.993183
[e239 s0700/1030] loss = 0.984184
[e239 s0750/1030] loss = 1.000330
[e239 s0800/1030] loss = 1.002850
[e239 s0850/1030] loss = 0.991833
[e239 s0900/1030] loss = 0.962617
[e239 s0950/1030] loss = 0.982610
[e239 s1000/1030] loss = 0.962218
Epoch 239: train_loss = 0.950207  MAE/GAME0 = 7.530  RMSE = 12.988  GAME1 = 9.010  GAME2 = 10.326  GAME3 = 11.215  lr = 1.00e-05  time = 7.5s
[e240 s0001/1030] loss = 0.523270
[e240 s0050/1030] loss = 1.069301
[e240 s0100/1030] loss = 0.835030
[e240 s0150/1030] loss = 0.742596
[e240 s0200/1030] loss = 0.757306
[e240 s0250/1030] loss = 0.764447
[e240 s0300/1030] loss = 0.744326
[e240 s0350/1030] loss = 0.753182
[e240 s0400/1030] loss = 0.740351
[e240 s0450/1030] loss = 0.747313
[e240 s0500/1030] loss = 0.783566
[e240 s0550/1030] loss = 0.776148
[e240 s0600/1030] loss = 0.938674
[e240 s0650/1030] loss = 0.926700
[e240 s0700/1030] loss = 0.887620
[e240 s0750/1030] loss = 0.865406
[e240 s0800/1030] loss = 0.885075
[e240 s0850/1030] loss = 0.884056
[e240 s0900/1030] loss = 0.892781
[e240 s0950/1030] loss = 0.870454
[e240 s1000/1030] loss = 0.862824
Epoch 240: train_loss = 0.862469  MAE/GAME0 = 9.621  RMSE = 16.135  GAME1 = 10.973  GAME2 = 12.508  GAME3 = 13.545  lr = 1.00e-05  time = 7.6s
[e241 s0001/1030] loss = 2.429319
[e241 s0050/1030] loss = 0.787096
[e241 s0100/1030] loss = 0.577579
[e241 s0150/1030] loss = 0.694768
[e241 s0200/1030] loss = 0.655995
[e241 s0250/1030] loss = 0.687531
[e241 s0300/1030] loss = 0.708003
[e241 s0350/1030] loss = 0.698854
[e241 s0400/1030] loss = 0.817838
[e241 s0450/1030] loss = 0.868270
[e241 s0500/1030] loss = 0.858475
[e241 s0550/1030] loss = 0.854597
[e241 s0600/1030] loss = 1.015136
[e241 s0650/1030] loss = 0.979603
[e241 s0700/1030] loss = 0.943610
[e241 s0750/1030] loss = 0.935754
[e241 s0800/1030] loss = 0.915108
[e241 s0850/1030] loss = 0.915595
[e241 s0900/1030] loss = 0.900397
[e241 s0950/1030] loss = 0.892112
[e241 s1000/1030] loss = 0.877480
Epoch 241: train_loss = 0.912520  MAE/GAME0 = 11.757  RMSE = 28.360  GAME1 = 13.038  GAME2 = 14.644  GAME3 = 15.660  lr = 1.00e-05  time = 7.6s
[e242 s0001/1030] loss = 0.208517
[e242 s0050/1030] loss = 0.822598
[e242 s0100/1030] loss = 1.081606
[e242 s0150/1030] loss = 0.983397
[e242 s0200/1030] loss = 1.034146
[e242 s0250/1030] loss = 0.972775
[e242 s0300/1030] loss = 1.050759
[e242 s0350/1030] loss = 0.993775
[e242 s0400/1030] loss = 0.950820
[e242 s0450/1030] loss = 1.389754
[e242 s0500/1030] loss = 1.373907
[e242 s0550/1030] loss = 1.308924
[e242 s0600/1030] loss = 1.252768
[e242 s0650/1030] loss = 1.218342
[e242 s0700/1030] loss = 1.173007
[e242 s0750/1030] loss = 1.163301
[e242 s0800/1030] loss = 1.123316
[e242 s0850/1030] loss = 1.092139
[e242 s0900/1030] loss = 1.074016
[e242 s0950/1030] loss = 1.061815
[e242 s1000/1030] loss = 1.088593
Epoch 242: train_loss = 1.085024  MAE/GAME0 = 8.193  RMSE = 20.173  GAME1 = 9.385  GAME2 = 10.563  GAME3 = 11.325  lr = 1.00e-05  time = 7.5s
[e243 s0001/1030] loss = 0.182947
[e243 s0050/1030] loss = 0.983505
[e243 s0100/1030] loss = 1.192208
[e243 s0150/1030] loss = 1.034321
[e243 s0200/1030] loss = 1.058469
[e243 s0250/1030] loss = 0.986553
[e243 s0300/1030] loss = 0.993147
[e243 s0350/1030] loss = 1.052423
[e243 s0400/1030] loss = 1.018164
[e243 s0450/1030] loss = 0.964021
[e243 s0500/1030] loss = 0.942297
[e243 s0550/1030] loss = 0.897851
[e243 s0600/1030] loss = 0.928812
[e243 s0650/1030] loss = 0.906636
[e243 s0700/1030] loss = 0.918352
[e243 s0750/1030] loss = 0.931340
[e243 s0800/1030] loss = 1.029181
[e243 s0850/1030] loss = 1.051559
[e243 s0900/1030] loss = 1.033424
[e243 s0950/1030] loss = 1.022562
[e243 s1000/1030] loss = 1.016390
Epoch 243: train_loss = 1.014599  MAE/GAME0 = 7.831  RMSE = 11.778  GAME1 = 9.136  GAME2 = 10.569  GAME3 = 11.559  lr = 1.00e-05  time = 7.6s
[e244 s0001/1030] loss = 0.443759
[e244 s0050/1030] loss = 1.377562
[e244 s0100/1030] loss = 1.666198
[e244 s0150/1030] loss = 1.462884
[e244 s0200/1030] loss = 1.387425
[e244 s0250/1030] loss = 1.284975
[e244 s0300/1030] loss = 1.227291
[e244 s0350/1030] loss = 1.163047
[e244 s0400/1030] loss = 1.104614
[e244 s0450/1030] loss = 1.212072
[e244 s0500/1030] loss = 1.209196
[e244 s0550/1030] loss = 1.181064
[e244 s0600/1030] loss = 1.115345
[e244 s0650/1030] loss = 1.090168
[e244 s0700/1030] loss = 1.068649
[e244 s0750/1030] loss = 1.055015
[e244 s0800/1030] loss = 1.035959
[e244 s0850/1030] loss = 1.013899
[e244 s0900/1030] loss = 1.011125
[e244 s0950/1030] loss = 0.991551
[e244 s1000/1030] loss = 0.973202
Epoch 244: train_loss = 0.956368  MAE/GAME0 = 7.802  RMSE = 15.708  GAME1 = 9.220  GAME2 = 10.625  GAME3 = 11.552  lr = 1.00e-05  time = 7.5s
[e245 s0001/1030] loss = 0.408025
[e245 s0050/1030] loss = 1.232285
[e245 s0100/1030] loss = 0.890766
[e245 s0150/1030] loss = 0.745922
[e245 s0200/1030] loss = 0.941581
[e245 s0250/1030] loss = 0.923790
[e245 s0300/1030] loss = 0.910221
[e245 s0350/1030] loss = 0.944507
[e245 s0400/1030] loss = 0.960501
[e245 s0450/1030] loss = 0.908357
[e245 s0500/1030] loss = 0.882687
[e245 s0550/1030] loss = 0.902849
[e245 s0600/1030] loss = 0.936019
[e245 s0650/1030] loss = 0.951039
[e245 s0700/1030] loss = 0.918531
[e245 s0750/1030] loss = 0.907325
[e245 s0800/1030] loss = 0.882698
[e245 s0850/1030] loss = 0.876834
[e245 s0900/1030] loss = 0.888363
[e245 s0950/1030] loss = 0.876644
[e245 s1000/1030] loss = 0.870708
Epoch 245: train_loss = 0.859493  MAE/GAME0 = 7.688  RMSE = 14.603  GAME1 = 8.999  GAME2 = 10.439  GAME3 = 11.395  lr = 1.00e-05  time = 7.6s
[e246 s0001/1030] loss = 0.217153
[e246 s0050/1030] loss = 0.697503
[e246 s0100/1030] loss = 0.824461
[e246 s0150/1030] loss = 0.689702
[e246 s0200/1030] loss = 0.672848
[e246 s0250/1030] loss = 0.708844
[e246 s0300/1030] loss = 0.704294
[e246 s0350/1030] loss = 0.769952
[e246 s0400/1030] loss = 0.804538
[e246 s0450/1030] loss = 0.868649
[e246 s0500/1030] loss = 0.840086
[e246 s0550/1030] loss = 0.812396
[e246 s0600/1030] loss = 0.823685
[e246 s0650/1030] loss = 0.817839
[e246 s0700/1030] loss = 0.808469
[e246 s0750/1030] loss = 0.833268
[e246 s0800/1030] loss = 0.813395
[e246 s0850/1030] loss = 0.883793
[e246 s0900/1030] loss = 0.902399
[e246 s0950/1030] loss = 0.876577
[e246 s1000/1030] loss = 0.866885
Epoch 246: train_loss = 0.877548  MAE/GAME0 = 10.837  RMSE = 15.148  GAME1 = 12.178  GAME2 = 13.665  GAME3 = 14.782  lr = 1.00e-05  time = 7.5s
[e247 s0001/1030] loss = 0.904813
[e247 s0050/1030] loss = 0.527661
[e247 s0100/1030] loss = 0.597419
[e247 s0150/1030] loss = 0.568734
[e247 s0200/1030] loss = 0.715637
[e247 s0250/1030] loss = 0.821632
[e247 s0300/1030] loss = 0.806108
[e247 s0350/1030] loss = 0.741699
[e247 s0400/1030] loss = 0.796879
[e247 s0450/1030] loss = 0.796082
[e247 s0500/1030] loss = 0.777581
[e247 s0550/1030] loss = 0.771759
[e247 s0600/1030] loss = 0.768762
[e247 s0650/1030] loss = 0.775334
[e247 s0700/1030] loss = 0.769312
[e247 s0750/1030] loss = 0.762571
[e247 s0800/1030] loss = 0.784755
[e247 s0850/1030] loss = 0.771126
[e247 s0900/1030] loss = 0.772627
[e247 s0950/1030] loss = 0.774222
[e247 s1000/1030] loss = 0.764625
Epoch 247: train_loss = 0.761525  MAE/GAME0 = 7.917  RMSE = 18.043  GAME1 = 9.414  GAME2 = 10.787  GAME3 = 11.668  lr = 1.00e-05  time = 7.5s
[e248 s0001/1030] loss = 0.103710
[e248 s0050/1030] loss = 1.003978
[e248 s0100/1030] loss = 1.073204
[e248 s0150/1030] loss = 1.044581
[e248 s0200/1030] loss = 0.942883
[e248 s0250/1030] loss = 0.933582
[e248 s0300/1030] loss = 0.914242
[e248 s0350/1030] loss = 0.936271
[e248 s0400/1030] loss = 0.895286
[e248 s0450/1030] loss = 0.873646
[e248 s0500/1030] loss = 1.000392
[e248 s0550/1030] loss = 0.995458
[e248 s0600/1030] loss = 0.971707
[e248 s0650/1030] loss = 0.945810
[e248 s0700/1030] loss = 0.929982
[e248 s0750/1030] loss = 0.933443
[e248 s0800/1030] loss = 0.924494
[e248 s0850/1030] loss = 0.922350
[e248 s0900/1030] loss = 0.904489
[e248 s0950/1030] loss = 0.900368
[e248 s1000/1030] loss = 0.886747
Epoch 248: train_loss = 0.889359  MAE/GAME0 = 7.387  RMSE = 15.413  GAME1 = 8.739  GAME2 = 10.059  GAME3 = 10.932  lr = 1.00e-05  time = 7.5s
[e249 s0001/1030] loss = 0.209865
[e249 s0050/1030] loss = 0.607458
[e249 s0100/1030] loss = 1.232900
[e249 s0150/1030] loss = 2.022143
[e249 s0200/1030] loss = 1.706806
[e249 s0250/1030] loss = 1.555567
[e249 s0300/1030] loss = 1.389523
[e249 s0350/1030] loss = 1.288961
[e249 s0400/1030] loss = 1.189284
[e249 s0450/1030] loss = 1.134815
[e249 s0500/1030] loss = 1.075659
[e249 s0550/1030] loss = 1.052718
[e249 s0600/1030] loss = 0.996429
[e249 s0650/1030] loss = 0.961686
[e249 s0700/1030] loss = 0.928647
[e249 s0750/1030] loss = 0.994711
[e249 s0800/1030] loss = 0.997705
[e249 s0850/1030] loss = 0.989852
[e249 s0900/1030] loss = 0.967763
[e249 s0950/1030] loss = 0.956879
[e249 s1000/1030] loss = 0.953915
Epoch 249: train_loss = 0.935874  MAE/GAME0 = 8.107  RMSE = 21.903  GAME1 = 9.508  GAME2 = 10.684  GAME3 = 11.497  lr = 1.00e-05  time = 7.6s
[e250 s0001/1030] loss = 0.258230
[e250 s0050/1030] loss = 0.709784
[e250 s0100/1030] loss = 0.567388
[e250 s0150/1030] loss = 0.730872
[e250 s0200/1030] loss = 0.760881
[e250 s0250/1030] loss = 0.741531
[e250 s0300/1030] loss = 0.730860
[e250 s0350/1030] loss = 0.841807
[e250 s0400/1030] loss = 0.979882
[e250 s0450/1030] loss = 0.978621
[e250 s0500/1030] loss = 0.970710
[e250 s0550/1030] loss = 0.941395
[e250 s0600/1030] loss = 0.912411
[e250 s0650/1030] loss = 0.875052
[e250 s0700/1030] loss = 0.844023
[e250 s0750/1030] loss = 0.827774
[e250 s0800/1030] loss = 0.809147
[e250 s0850/1030] loss = 0.906899
[e250 s0900/1030] loss = 0.933001
[e250 s0950/1030] loss = 0.912709
[e250 s1000/1030] loss = 0.931313
Epoch 250: train_loss = 0.927456  MAE/GAME0 = 7.885  RMSE = 12.314  GAME1 = 9.319  GAME2 = 10.771  GAME3 = 11.777  lr = 1.00e-05  time = 7.5s
[e251 s0001/1030] loss = 1.684833
[e251 s0050/1030] loss = 0.832940
[e251 s0100/1030] loss = 1.093986
[e251 s0150/1030] loss = 1.143011
[e251 s0200/1030] loss = 1.053862
[e251 s0250/1030] loss = 0.995081
[e251 s0300/1030] loss = 1.009334
[e251 s0350/1030] loss = 1.001894
[e251 s0400/1030] loss = 0.965636
[e251 s0450/1030] loss = 0.914328
[e251 s0500/1030] loss = 0.877908
[e251 s0550/1030] loss = 0.879228
[e251 s0600/1030] loss = 0.842546
[e251 s0650/1030] loss = 0.837360
[e251 s0700/1030] loss = 0.854453
[e251 s0750/1030] loss = 0.850857
[e251 s0800/1030] loss = 0.827536
[e251 s0850/1030] loss = 0.812870
[e251 s0900/1030] loss = 0.806809
[e251 s0950/1030] loss = 0.824193
[e251 s1000/1030] loss = 0.818824
Epoch 251: train_loss = 0.813848  MAE/GAME0 = 7.251  RMSE = 13.739  GAME1 = 8.680  GAME2 = 9.949  GAME3 = 10.814  lr = 1.00e-05  time = 7.6s
[e252 s0001/1030] loss = 0.063544
[e252 s0050/1030] loss = 0.890600
[e252 s0100/1030] loss = 0.835311
[e252 s0150/1030] loss = 0.796179
[e252 s0200/1030] loss = 0.709336
[e252 s0250/1030] loss = 0.756144
[e252 s0300/1030] loss = 0.720964
[e252 s0350/1030] loss = 0.692291
[e252 s0400/1030] loss = 0.718328
[e252 s0450/1030] loss = 0.843950
[e252 s0500/1030] loss = 0.806937
[e252 s0550/1030] loss = 0.857635
[e252 s0600/1030] loss = 0.820716
[e252 s0650/1030] loss = 0.795327
[e252 s0700/1030] loss = 0.785354
[e252 s0750/1030] loss = 0.805448
[e252 s0800/1030] loss = 0.860701
[e252 s0850/1030] loss = 0.860515
[e252 s0900/1030] loss = 0.853440
[e252 s0950/1030] loss = 0.865033
[e252 s1000/1030] loss = 0.878318
Epoch 252: train_loss = 0.871538  MAE/GAME0 = 6.433  RMSE = 11.102  GAME1 = 8.102  GAME2 = 9.530  GAME3 = 10.430  lr = 1.00e-05  time = 7.5s
[e253 s0001/1030] loss = 0.175222
[e253 s0050/1030] loss = 0.683071
[e253 s0100/1030] loss = 0.861070
[e253 s0150/1030] loss = 0.885705
[e253 s0200/1030] loss = 0.897838
[e253 s0250/1030] loss = 0.832212
[e253 s0300/1030] loss = 0.912447
[e253 s0350/1030] loss = 0.950537
[e253 s0400/1030] loss = 0.895662
[e253 s0450/1030] loss = 0.866535
[e253 s0500/1030] loss = 0.838613
[e253 s0550/1030] loss = 0.847673
[e253 s0600/1030] loss = 0.843818
[e253 s0650/1030] loss = 0.825819
[e253 s0700/1030] loss = 0.817683
[e253 s0750/1030] loss = 0.815514
[e253 s0800/1030] loss = 0.794410
[e253 s0850/1030] loss = 0.769032
[e253 s0900/1030] loss = 0.773595
[e253 s0950/1030] loss = 0.753783
[e253 s1000/1030] loss = 0.745643
Epoch 253: train_loss = 0.781913  MAE/GAME0 = 7.672  RMSE = 14.096  GAME1 = 9.197  GAME2 = 10.651  GAME3 = 11.645  lr = 1.00e-05  time = 7.5s
[e254 s0001/1030] loss = 0.243772
[e254 s0050/1030] loss = 0.634228
[e254 s0100/1030] loss = 0.636870
[e254 s0150/1030] loss = 0.918970
[e254 s0200/1030] loss = 0.861858
[e254 s0250/1030] loss = 0.840358
[e254 s0300/1030] loss = 0.873216
[e254 s0350/1030] loss = 0.810086
[e254 s0400/1030] loss = 0.824427
[e254 s0450/1030] loss = 0.836536
[e254 s0500/1030] loss = 0.821998
[e254 s0550/1030] loss = 0.803861
[e254 s0600/1030] loss = 0.790730
[e254 s0650/1030] loss = 0.768137
[e254 s0700/1030] loss = 0.741172
[e254 s0750/1030] loss = 0.728885
[e254 s0800/1030] loss = 0.711431
[e254 s0850/1030] loss = 0.699999
[e254 s0900/1030] loss = 0.695566
[e254 s0950/1030] loss = 0.692521
[e254 s1000/1030] loss = 0.707474
Epoch 254: train_loss = 0.723935  MAE/GAME0 = 7.977  RMSE = 16.096  GAME1 = 9.415  GAME2 = 10.818  GAME3 = 11.768  lr = 1.00e-05  time = 7.5s
[e255 s0001/1030] loss = 0.493827
[e255 s0050/1030] loss = 1.013277
[e255 s0100/1030] loss = 0.854446
[e255 s0150/1030] loss = 0.852157
[e255 s0200/1030] loss = 0.810898
[e255 s0250/1030] loss = 0.740371
[e255 s0300/1030] loss = 0.830477
[e255 s0350/1030] loss = 0.820258
[e255 s0400/1030] loss = 0.800883
[e255 s0450/1030] loss = 0.778899
[e255 s0500/1030] loss = 0.865574
[e255 s0550/1030] loss = 0.848372
[e255 s0600/1030] loss = 0.834788
[e255 s0650/1030] loss = 0.842982
[e255 s0700/1030] loss = 0.850969
[e255 s0750/1030] loss = 0.843698
[e255 s0800/1030] loss = 0.837619
[e255 s0850/1030] loss = 0.824695
[e255 s0900/1030] loss = 0.831761
[e255 s0950/1030] loss = 0.818377
[e255 s1000/1030] loss = 0.802638
Epoch 255: train_loss = 0.835013  MAE/GAME0 = 7.737  RMSE = 17.440  GAME1 = 9.346  GAME2 = 10.833  GAME3 = 11.811  lr = 1.00e-05  time = 7.6s
[e256 s0001/1030] loss = 1.215865
[e256 s0050/1030] loss = 1.014201
[e256 s0100/1030] loss = 0.884263
[e256 s0150/1030] loss = 0.735751
[e256 s0200/1030] loss = 0.743892
[e256 s0250/1030] loss = 0.680624
[e256 s0300/1030] loss = 0.701507
[e256 s0350/1030] loss = 0.738526
[e256 s0400/1030] loss = 0.776782
[e256 s0450/1030] loss = 0.852563
[e256 s0500/1030] loss = 0.849158
[e256 s0550/1030] loss = 0.823857
[e256 s0600/1030] loss = 0.947728
[e256 s0650/1030] loss = 0.917843
[e256 s0700/1030] loss = 0.898739
[e256 s0750/1030] loss = 0.890369
[e256 s0800/1030] loss = 0.888284
[e256 s0850/1030] loss = 0.879344
[e256 s0900/1030] loss = 0.879215
[e256 s0950/1030] loss = 0.867229
[e256 s1000/1030] loss = 0.860082
Epoch 256: train_loss = 0.870088  MAE/GAME0 = 9.325  RMSE = 17.565  GAME1 = 10.637  GAME2 = 12.216  GAME3 = 13.262  lr = 1.00e-05  time = 7.5s
[e257 s0001/1030] loss = 0.155640
[e257 s0050/1030] loss = 0.704123
[e257 s0100/1030] loss = 0.664890
[e257 s0150/1030] loss = 0.672172
[e257 s0200/1030] loss = 0.673136
[e257 s0250/1030] loss = 0.757315
[e257 s0300/1030] loss = 0.762437
[e257 s0350/1030] loss = 0.815088
[e257 s0400/1030] loss = 0.794580
[e257 s0450/1030] loss = 0.754319
[e257 s0500/1030] loss = 0.783095
[e257 s0550/1030] loss = 0.792350
[e257 s0600/1030] loss = 0.784066
[e257 s0650/1030] loss = 0.791676
[e257 s0700/1030] loss = 0.794110
[e257 s0750/1030] loss = 0.765655
[e257 s0800/1030] loss = 0.763907
[e257 s0850/1030] loss = 0.766538
[e257 s0900/1030] loss = 0.750534
[e257 s0950/1030] loss = 0.759658
[e257 s1000/1030] loss = 0.747170
Epoch 257: train_loss = 0.738382  MAE/GAME0 = 7.034  RMSE = 12.546  GAME1 = 8.320  GAME2 = 9.495  GAME3 = 10.300  lr = 1.00e-05  time = 7.5s
[e258 s0001/1030] loss = 0.082876
[e258 s0050/1030] loss = 0.745153
[e258 s0100/1030] loss = 0.862036
[e258 s0150/1030] loss = 0.726246
[e258 s0200/1030] loss = 0.887771
[e258 s0250/1030] loss = 0.852999
[e258 s0300/1030] loss = 0.848401
[e258 s0350/1030] loss = 0.878305
[e258 s0400/1030] loss = 0.860958
[e258 s0450/1030] loss = 0.872852
[e258 s0500/1030] loss = 0.858652
[e258 s0550/1030] loss = 0.861718
[e258 s0600/1030] loss = 0.855966
[e258 s0650/1030] loss = 0.840566
[e258 s0700/1030] loss = 1.012849
[e258 s0750/1030] loss = 0.997070
[e258 s0800/1030] loss = 0.997486
[e258 s0850/1030] loss = 0.978568
[e258 s0900/1030] loss = 0.969233
[e258 s0950/1030] loss = 0.961346
[e258 s1000/1030] loss = 0.961031
Epoch 258: train_loss = 0.955511  MAE/GAME0 = 8.549  RMSE = 26.637  GAME1 = 9.910  GAME2 = 11.212  GAME3 = 12.081  lr = 1.00e-05  time = 7.6s
[e259 s0001/1030] loss = 0.945966
[e259 s0050/1030] loss = 0.805091
[e259 s0100/1030] loss = 0.732194
[e259 s0150/1030] loss = 0.663303
[e259 s0200/1030] loss = 0.680700
[e259 s0250/1030] loss = 0.673801
[e259 s0300/1030] loss = 0.717527
[e259 s0350/1030] loss = 0.720963
[e259 s0400/1030] loss = 0.735368
[e259 s0450/1030] loss = 0.781452
[e259 s0500/1030] loss = 0.754691
[e259 s0550/1030] loss = 1.339377
[e259 s0600/1030] loss = 1.420775
[e259 s0650/1030] loss = 1.471350
[e259 s0700/1030] loss = 1.415910
[e259 s0750/1030] loss = 1.363937
[e259 s0800/1030] loss = 1.319862
[e259 s0850/1030] loss = 1.284589
[e259 s0900/1030] loss = 1.271484
[e259 s0950/1030] loss = 1.242906
[e259 s1000/1030] loss = 1.208951
Epoch 259: train_loss = 1.199906  MAE/GAME0 = 8.104  RMSE = 18.197  GAME1 = 9.620  GAME2 = 10.970  GAME3 = 11.856  lr = 1.00e-05  time = 7.7s
[e260 s0001/1030] loss = 0.072292
[e260 s0050/1030] loss = 0.592252
[e260 s0100/1030] loss = 0.615442
[e260 s0150/1030] loss = 0.641085
[e260 s0200/1030] loss = 0.873324
[e260 s0250/1030] loss = 0.868045
[e260 s0300/1030] loss = 0.817401
[e260 s0350/1030] loss = 0.771946
[e260 s0400/1030] loss = 0.795890
[e260 s0450/1030] loss = 0.790117
[e260 s0500/1030] loss = 0.785638
[e260 s0550/1030] loss = 0.773832
[e260 s0600/1030] loss = 0.769305
[e260 s0650/1030] loss = 0.780935
[e260 s0700/1030] loss = 0.765758
[e260 s0750/1030] loss = 0.759134
[e260 s0800/1030] loss = 0.821362
[e260 s0850/1030] loss = 0.803812
[e260 s0900/1030] loss = 0.793137
[e260 s0950/1030] loss = 0.784773
[e260 s1000/1030] loss = 0.782596
Epoch 260: train_loss = 0.839182  MAE/GAME0 = 11.894  RMSE = 20.705  GAME1 = 12.932  GAME2 = 14.233  GAME3 = 15.175  lr = 1.00e-05  time = 7.6s
[e261 s0001/1030] loss = 1.670357
[e261 s0050/1030] loss = 1.116875
[e261 s0100/1030] loss = 1.053958
[e261 s0150/1030] loss = 0.903253
[e261 s0200/1030] loss = 1.132842
[e261 s0250/1030] loss = 1.164143
[e261 s0300/1030] loss = 1.062238
[e261 s0350/1030] loss = 1.008207
[e261 s0400/1030] loss = 0.961050
[e261 s0450/1030] loss = 0.938093
[e261 s0500/1030] loss = 0.924614
[e261 s0550/1030] loss = 0.900197
[e261 s0600/1030] loss = 0.884597
[e261 s0650/1030] loss = 0.862769
[e261 s0700/1030] loss = 0.848669
[e261 s0750/1030] loss = 0.816086
[e261 s0800/1030] loss = 0.805156
[e261 s0850/1030] loss = 0.784780
[e261 s0900/1030] loss = 0.788604
[e261 s0950/1030] loss = 0.779356
[e261 s1000/1030] loss = 0.840111
Epoch 261: train_loss = 0.829040  MAE/GAME0 = 7.911  RMSE = 14.811  GAME1 = 8.902  GAME2 = 9.876  GAME3 = 10.575  lr = 1.00e-05  time = 7.5s
[e262 s0001/1030] loss = 3.072632
[e262 s0050/1030] loss = 0.705731
[e262 s0100/1030] loss = 0.573924
[e262 s0150/1030] loss = 0.622140
[e262 s0200/1030] loss = 0.683380
[e262 s0250/1030] loss = 0.662586
[e262 s0300/1030] loss = 0.712282
[e262 s0350/1030] loss = 0.704799
[e262 s0400/1030] loss = 0.686624
[e262 s0450/1030] loss = 0.840896
[e262 s0500/1030] loss = 0.794828
[e262 s0550/1030] loss = 0.769791
[e262 s0600/1030] loss = 0.784308
[e262 s0650/1030] loss = 0.809099
[e262 s0700/1030] loss = 0.891752
[e262 s0750/1030] loss = 0.879205
[e262 s0800/1030] loss = 0.866185
[e262 s0850/1030] loss = 0.843063
[e262 s0900/1030] loss = 0.834138
[e262 s0950/1030] loss = 0.929735
[e262 s1000/1030] loss = 0.911513
Epoch 262: train_loss = 0.902710  MAE/GAME0 = 8.091  RMSE = 14.925  GAME1 = 9.825  GAME2 = 11.123  GAME3 = 12.058  lr = 1.00e-05  time = 7.6s
[e263 s0001/1030] loss = 2.198322
[e263 s0050/1030] loss = 0.926125
[e263 s0100/1030] loss = 0.993721
[e263 s0150/1030] loss = 0.871391
[e263 s0200/1030] loss = 0.809557
[e263 s0250/1030] loss = 0.827866
[e263 s0300/1030] loss = 0.922469
[e263 s0350/1030] loss = 0.899414
[e263 s0400/1030] loss = 0.972931
[e263 s0450/1030] loss = 0.939238
[e263 s0500/1030] loss = 0.907816
[e263 s0550/1030] loss = 0.874897
[e263 s0600/1030] loss = 0.906951
[e263 s0650/1030] loss = 0.900539
[e263 s0700/1030] loss = 0.881502
[e263 s0750/1030] loss = 0.875464
[e263 s0800/1030] loss = 0.852750
[e263 s0850/1030] loss = 0.840732
[e263 s0900/1030] loss = 0.829144
[e263 s0950/1030] loss = 0.822922
[e263 s1000/1030] loss = 0.822049
Epoch 263: train_loss = 0.813449  MAE/GAME0 = 7.598  RMSE = 14.490  GAME1 = 9.110  GAME2 = 10.600  GAME3 = 11.512  lr = 1.00e-05  time = 7.5s
[e264 s0001/1030] loss = 0.349925
[e264 s0050/1030] loss = 0.811317
[e264 s0100/1030] loss = 0.735384
[e264 s0150/1030] loss = 0.762063
[e264 s0200/1030] loss = 0.740089
[e264 s0250/1030] loss = 0.770149
[e264 s0300/1030] loss = 0.743303
[e264 s0350/1030] loss = 0.758711
[e264 s0400/1030] loss = 0.741807
[e264 s0450/1030] loss = 0.765125
[e264 s0500/1030] loss = 0.795830
[e264 s0550/1030] loss = 0.838281
[e264 s0600/1030] loss = 0.839256
[e264 s0650/1030] loss = 0.819895
[e264 s0700/1030] loss = 0.813802
[e264 s0750/1030] loss = 0.863524
[e264 s0800/1030] loss = 0.858463
[e264 s0850/1030] loss = 0.839248
[e264 s0900/1030] loss = 0.826943
[e264 s0950/1030] loss = 0.826447
[e264 s1000/1030] loss = 0.820219
Epoch 264: train_loss = 0.814067  MAE/GAME0 = 8.818  RMSE = 16.090  GAME1 = 10.266  GAME2 = 11.812  GAME3 = 12.916  lr = 1.00e-05  time = 7.5s
[e265 s0001/1030] loss = 2.575080
[e265 s0050/1030] loss = 1.032156
[e265 s0100/1030] loss = 0.787275
[e265 s0150/1030] loss = 0.750007
[e265 s0200/1030] loss = 0.735697
[e265 s0250/1030] loss = 0.699770
[e265 s0300/1030] loss = 0.721742
[e265 s0350/1030] loss = 0.672870
[e265 s0400/1030] loss = 0.695609
[e265 s0450/1030] loss = 0.670885
[e265 s0500/1030] loss = 0.645264
[e265 s0550/1030] loss = 0.680249
[e265 s0600/1030] loss = 0.688742
[e265 s0650/1030] loss = 0.770454
[e265 s0700/1030] loss = 0.755496
[e265 s0750/1030] loss = 0.754618
[e265 s0800/1030] loss = 0.737806
[e265 s0850/1030] loss = 0.717272
[e265 s0900/1030] loss = 0.706496
[e265 s0950/1030] loss = 0.710920
[e265 s1000/1030] loss = 0.719234
Epoch 265: train_loss = 0.714954  MAE/GAME0 = 7.414  RMSE = 16.206  GAME1 = 8.791  GAME2 = 10.002  GAME3 = 10.856  lr = 1.00e-05  time = 7.6s
[e266 s0001/1030] loss = 0.202056
[e266 s0050/1030] loss = 0.298156
[e266 s0100/1030] loss = 0.544703
[e266 s0150/1030] loss = 0.763957
[e266 s0200/1030] loss = 0.669099
[e266 s0250/1030] loss = 0.703140
[e266 s0300/1030] loss = 0.729269
[e266 s0350/1030] loss = 0.742000
[e266 s0400/1030] loss = 0.774478
[e266 s0450/1030] loss = 0.780152
[e266 s0500/1030] loss = 0.767200
[e266 s0550/1030] loss = 0.744740
[e266 s0600/1030] loss = 0.735739
[e266 s0650/1030] loss = 0.721149
[e266 s0700/1030] loss = 0.714516
[e266 s0750/1030] loss = 0.810417
[e266 s0800/1030] loss = 0.802979
[e266 s0850/1030] loss = 0.827559
[e266 s0900/1030] loss = 0.824556
[e266 s0950/1030] loss = 0.885550
[e266 s1000/1030] loss = 0.879209
Epoch 266: train_loss = 0.867738  MAE/GAME0 = 7.429  RMSE = 16.769  GAME1 = 8.753  GAME2 = 9.949  GAME3 = 10.759  lr = 1.00e-05  time = 7.5s
[e267 s0001/1030] loss = 1.557480
[e267 s0050/1030] loss = 0.465303
[e267 s0100/1030] loss = 0.592615
[e267 s0150/1030] loss = 0.582021
[e267 s0200/1030] loss = 0.557492
[e267 s0250/1030] loss = 0.556469
[e267 s0300/1030] loss = 0.562871
[e267 s0350/1030] loss = 0.584592
[e267 s0400/1030] loss = 0.568759
[e267 s0450/1030] loss = 0.564695
[e267 s0500/1030] loss = 0.607718
[e267 s0550/1030] loss = 0.597318
[e267 s0600/1030] loss = 0.621058
[e267 s0650/1030] loss = 0.614135
[e267 s0700/1030] loss = 0.618651
[e267 s0750/1030] loss = 0.618402
[e267 s0800/1030] loss = 0.644281
[e267 s0850/1030] loss = 0.654815
[e267 s0900/1030] loss = 0.660098
[e267 s0950/1030] loss = 0.681383
[e267 s1000/1030] loss = 0.687260
Epoch 267: train_loss = 0.685691  MAE/GAME0 = 8.475  RMSE = 16.322  GAME1 = 9.715  GAME2 = 11.070  GAME3 = 12.017  lr = 1.00e-05  time = 7.6s
[e268 s0001/1030] loss = 0.313531
[e268 s0050/1030] loss = 0.723343
[e268 s0100/1030] loss = 0.846695
[e268 s0150/1030] loss = 0.772801
[e268 s0200/1030] loss = 0.713747
[e268 s0250/1030] loss = 0.658950
[e268 s0300/1030] loss = 0.652930
[e268 s0350/1030] loss = 0.762969
[e268 s0400/1030] loss = 0.750140
[e268 s0450/1030] loss = 0.746535
[e268 s0500/1030] loss = 0.746828
[e268 s0550/1030] loss = 0.728791
[e268 s0600/1030] loss = 0.740642
[e268 s0650/1030] loss = 0.752261
[e268 s0700/1030] loss = 0.734094
[e268 s0750/1030] loss = 0.723592
[e268 s0800/1030] loss = 0.795003
[e268 s0850/1030] loss = 0.801001
[e268 s0900/1030] loss = 0.788106
[e268 s0950/1030] loss = 0.780053
[e268 s1000/1030] loss = 0.783092
Epoch 268: train_loss = 0.787148  MAE/GAME0 = 11.956  RMSE = 17.193  GAME1 = 12.864  GAME2 = 14.232  GAME3 = 15.160  lr = 1.00e-05  time = 7.5s
[e269 s0001/1030] loss = 0.157478
[e269 s0050/1030] loss = 1.075675
[e269 s0100/1030] loss = 0.802922
[e269 s0150/1030] loss = 0.789988
[e269 s0200/1030] loss = 0.858705
[e269 s0250/1030] loss = 0.971816
[e269 s0300/1030] loss = 0.947373
[e269 s0350/1030] loss = 0.891345
[e269 s0400/1030] loss = 0.843391
[e269 s0450/1030] loss = 0.797167
[e269 s0500/1030] loss = 0.810085
[e269 s0550/1030] loss = 0.802602
[e269 s0600/1030] loss = 0.781245
[e269 s0650/1030] loss = 0.886815
[e269 s0700/1030] loss = 0.876420
[e269 s0750/1030] loss = 0.865142
[e269 s0800/1030] loss = 0.848397
[e269 s0850/1030] loss = 0.835430
[e269 s0900/1030] loss = 0.816693
[e269 s0950/1030] loss = 0.799849
[e269 s1000/1030] loss = 0.804503
Epoch 269: train_loss = 0.794368  MAE/GAME0 = 6.766  RMSE = 10.812  GAME1 = 8.146  GAME2 = 9.494  GAME3 = 10.463  lr = 1.00e-05  time = 7.5s
[e270 s0001/1030] loss = 0.180224
[e270 s0050/1030] loss = 0.618068
[e270 s0100/1030] loss = 0.554498
[e270 s0150/1030] loss = 0.569129
[e270 s0200/1030] loss = 0.720696
[e270 s0250/1030] loss = 0.798893
[e270 s0300/1030] loss = 0.798104
[e270 s0350/1030] loss = 0.785143
[e270 s0400/1030] loss = 0.763997
[e270 s0450/1030] loss = 0.749693
[e270 s0500/1030] loss = 0.750557
[e270 s0550/1030] loss = 0.754664
[e270 s0600/1030] loss = 0.743547
[e270 s0650/1030] loss = 0.751829
[e270 s0700/1030] loss = 0.734975
[e270 s0750/1030] loss = 0.731230
[e270 s0800/1030] loss = 0.724529
[e270 s0850/1030] loss = 0.724823
[e270 s0900/1030] loss = 0.736247
[e270 s0950/1030] loss = 0.761755
[e270 s1000/1030] loss = 0.997498
Epoch 270: train_loss = 0.982445  MAE/GAME0 = 8.903  RMSE = 23.108  GAME1 = 10.410  GAME2 = 11.781  GAME3 = 12.484  lr = 1.00e-05  time = 7.5s
[e271 s0001/1030] loss = 2.273483
[e271 s0050/1030] loss = 0.811660
[e271 s0100/1030] loss = 0.785542
[e271 s0150/1030] loss = 0.949517
[e271 s0200/1030] loss = 1.076944
[e271 s0250/1030] loss = 1.013434
[e271 s0300/1030] loss = 0.957952
[e271 s0350/1030] loss = 0.919799
[e271 s0400/1030] loss = 0.891007
[e271 s0450/1030] loss = 0.881696
[e271 s0500/1030] loss = 0.868096
[e271 s0550/1030] loss = 0.899672
[e271 s0600/1030] loss = 0.899232
[e271 s0650/1030] loss = 0.906464
[e271 s0700/1030] loss = 0.909892
[e271 s0750/1030] loss = 0.879709
[e271 s0800/1030] loss = 0.881548
[e271 s0850/1030] loss = 0.849984
[e271 s0900/1030] loss = 0.833703
[e271 s0950/1030] loss = 0.822251
[e271 s1000/1030] loss = 0.820422
Epoch 271: train_loss = 0.818171  MAE/GAME0 = 7.197  RMSE = 13.447  GAME1 = 8.355  GAME2 = 9.446  GAME3 = 10.221  lr = 1.00e-05  time = 7.4s
[e272 s0001/1030] loss = 0.801028
[e272 s0050/1030] loss = 0.494798
[e272 s0100/1030] loss = 0.586476
[e272 s0150/1030] loss = 0.647463
[e272 s0200/1030] loss = 0.643165
[e272 s0250/1030] loss = 0.677611
[e272 s0300/1030] loss = 0.709863
[e272 s0350/1030] loss = 0.716099
[e272 s0400/1030] loss = 0.713206
[e272 s0450/1030] loss = 0.726090
[e272 s0500/1030] loss = 0.741893
[e272 s0550/1030] loss = 0.716449
[e272 s0600/1030] loss = 0.722180
[e272 s0650/1030] loss = 0.710988
[e272 s0700/1030] loss = 0.697578
[e272 s0750/1030] loss = 0.704499
[e272 s0800/1030] loss = 0.686144
[e272 s0850/1030] loss = 0.678963
[e272 s0900/1030] loss = 0.689442
[e272 s0950/1030] loss = 0.698189
[e272 s1000/1030] loss = 0.766777
Epoch 272: train_loss = 0.773970  MAE/GAME0 = 6.897  RMSE = 13.591  GAME1 = 8.550  GAME2 = 9.983  GAME3 = 10.925  lr = 1.00e-05  time = 7.5s
[e273 s0001/1030] loss = 0.603065
[e273 s0050/1030] loss = 0.892432
[e273 s0100/1030] loss = 0.817500
[e273 s0150/1030] loss = 0.709430
[e273 s0200/1030] loss = 0.679829
[e273 s0250/1030] loss = 0.724315
[e273 s0300/1030] loss = 0.756239
[e273 s0350/1030] loss = 0.757696
[e273 s0400/1030] loss = 0.726851
[e273 s0450/1030] loss = 0.705490
[e273 s0500/1030] loss = 0.719561
[e273 s0550/1030] loss = 0.714257
[e273 s0600/1030] loss = 0.707927
[e273 s0650/1030] loss = 0.841253
[e273 s0700/1030] loss = 0.837645
[e273 s0750/1030] loss = 0.823584
[e273 s0800/1030] loss = 0.805005
[e273 s0850/1030] loss = 0.801733
[e273 s0900/1030] loss = 0.802467
[e273 s0950/1030] loss = 0.809662
[e273 s1000/1030] loss = 0.794537
Epoch 273: train_loss = 0.789648  MAE/GAME0 = 7.838  RMSE = 12.694  GAME1 = 9.199  GAME2 = 10.546  GAME3 = 11.528  lr = 1.00e-05  time = 7.5s
[e274 s0001/1030] loss = 0.408211
[e274 s0050/1030] loss = 0.616333
[e274 s0100/1030] loss = 0.521085
[e274 s0150/1030] loss = 0.544221
[e274 s0200/1030] loss = 0.589016
[e274 s0250/1030] loss = 0.569457
[e274 s0300/1030] loss = 0.605797
[e274 s0350/1030] loss = 0.619685
[e274 s0400/1030] loss = 0.627119
[e274 s0450/1030] loss = 0.932229
[e274 s0500/1030] loss = 0.927238
[e274 s0550/1030] loss = 0.890403
[e274 s0600/1030] loss = 0.872693
[e274 s0650/1030] loss = 0.853563
[e274 s0700/1030] loss = 0.854694
[e274 s0750/1030] loss = 0.837347
[e274 s0800/1030] loss = 0.839501
[e274 s0850/1030] loss = 0.840506
[e274 s0900/1030] loss = 0.827554
[e274 s0950/1030] loss = 0.816491
[e274 s1000/1030] loss = 0.820857
Epoch 274: train_loss = 0.814476  MAE/GAME0 = 8.704  RMSE = 25.080  GAME1 = 10.240  GAME2 = 11.660  GAME3 = 12.679  lr = 1.00e-05  time = 7.6s
[e275 s0001/1030] loss = 0.050889
[e275 s0050/1030] loss = 0.583213
[e275 s0100/1030] loss = 0.585568
[e275 s0150/1030] loss = 0.640433
[e275 s0200/1030] loss = 0.737902
[e275 s0250/1030] loss = 0.776050
[e275 s0300/1030] loss = 0.721451
[e275 s0350/1030] loss = 0.713740
[e275 s0400/1030] loss = 0.701452
[e275 s0450/1030] loss = 0.809175
[e275 s0500/1030] loss = 0.785025
[e275 s0550/1030] loss = 0.814533
[e275 s0600/1030] loss = 0.842847
[e275 s0650/1030] loss = 0.813019
[e275 s0700/1030] loss = 0.801606
[e275 s0750/1030] loss = 0.781483
[e275 s0800/1030] loss = 0.783449
[e275 s0850/1030] loss = 0.768018
[e275 s0900/1030] loss = 0.770324
[e275 s0950/1030] loss = 0.770782
[e275 s1000/1030] loss = 0.754792
Epoch 275: train_loss = 0.747470  MAE/GAME0 = 8.107  RMSE = 12.749  GAME1 = 9.389  GAME2 = 10.765  GAME3 = 11.682  lr = 1.00e-05  time = 7.6s
[e276 s0001/1030] loss = 0.028404
[e276 s0050/1030] loss = 0.889091
[e276 s0100/1030] loss = 0.820759
[e276 s0150/1030] loss = 0.852845
[e276 s0200/1030] loss = 0.801653
[e276 s0250/1030] loss = 0.754587
[e276 s0300/1030] loss = 0.739638
[e276 s0350/1030] loss = 0.737307
[e276 s0400/1030] loss = 0.711758
[e276 s0450/1030] loss = 0.698250
[e276 s0500/1030] loss = 0.691224
[e276 s0550/1030] loss = 0.671362
[e276 s0600/1030] loss = 0.669543
[e276 s0650/1030] loss = 0.657231
[e276 s0700/1030] loss = 0.649069
[e276 s0750/1030] loss = 0.631186
[e276 s0800/1030] loss = 0.636170
[e276 s0850/1030] loss = 0.636825
[e276 s0900/1030] loss = 0.636279
[e276 s0950/1030] loss = 0.650915
[e276 s1000/1030] loss = 0.653835
Epoch 276: train_loss = 0.650011  MAE/GAME0 = 7.695  RMSE = 16.047  GAME1 = 9.006  GAME2 = 10.368  GAME3 = 11.203  lr = 1.00e-05  time = 7.6s
[e277 s0001/1030] loss = 0.597313
[e277 s0050/1030] loss = 0.366424
[e277 s0100/1030] loss = 0.540679
[e277 s0150/1030] loss = 0.541144
[e277 s0200/1030] loss = 0.615217
[e277 s0250/1030] loss = 0.655353
[e277 s0300/1030] loss = 0.729513
[e277 s0350/1030] loss = 0.741893
[e277 s0400/1030] loss = 0.706307
[e277 s0450/1030] loss = 0.729814
[e277 s0500/1030] loss = 0.858595
[e277 s0550/1030] loss = 0.868837
[e277 s0600/1030] loss = 0.863321
[e277 s0650/1030] loss = 0.847692
[e277 s0700/1030] loss = 0.830702
[e277 s0750/1030] loss = 0.893877
[e277 s0800/1030] loss = 0.898996
[e277 s0850/1030] loss = 0.890248
[e277 s0900/1030] loss = 0.884891
[e277 s0950/1030] loss = 0.902538
[e277 s1000/1030] loss = 0.912786
Epoch 277: train_loss = 0.908815  MAE/GAME0 = 7.467  RMSE = 15.326  GAME1 = 8.843  GAME2 = 10.119  GAME3 = 11.020  lr = 1.00e-05  time = 7.8s
[e278 s0001/1030] loss = 0.608823
[e278 s0050/1030] loss = 0.666786
[e278 s0100/1030] loss = 0.784391
[e278 s0150/1030] loss = 0.770102
[e278 s0200/1030] loss = 0.747407
[e278 s0250/1030] loss = 0.852316
[e278 s0300/1030] loss = 1.081756
[e278 s0350/1030] loss = 1.053227
[e278 s0400/1030] loss = 1.052016
[e278 s0450/1030] loss = 1.007474
[e278 s0500/1030] loss = 0.998849
[e278 s0550/1030] loss = 1.009118
[e278 s0600/1030] loss = 0.985161
[e278 s0650/1030] loss = 0.949240
[e278 s0700/1030] loss = 0.923514
[e278 s0750/1030] loss = 0.901587
[e278 s0800/1030] loss = 0.915418
[e278 s0850/1030] loss = 0.885269
[e278 s0900/1030] loss = 0.880910
[e278 s0950/1030] loss = 0.861182
[e278 s1000/1030] loss = 0.866216
Epoch 278: train_loss = 0.905611  MAE/GAME0 = 7.582  RMSE = 12.410  GAME1 = 8.927  GAME2 = 10.344  GAME3 = 11.341  lr = 1.00e-05  time = 7.6s
[e279 s0001/1030] loss = 0.192138
[e279 s0050/1030] loss = 0.798564
[e279 s0100/1030] loss = 0.665737
[e279 s0150/1030] loss = 0.980516
[e279 s0200/1030] loss = 0.863625
[e279 s0250/1030] loss = 0.866897
[e279 s0300/1030] loss = 0.829340
[e279 s0350/1030] loss = 0.791408
[e279 s0400/1030] loss = 0.799656
[e279 s0450/1030] loss = 0.811871
[e279 s0500/1030] loss = 0.863043
[e279 s0550/1030] loss = 0.855853
[e279 s0600/1030] loss = 0.824754
[e279 s0650/1030] loss = 0.811808
[e279 s0700/1030] loss = 0.826335
[e279 s0750/1030] loss = 0.825992
[e279 s0800/1030] loss = 0.802058
[e279 s0850/1030] loss = 0.805649
[e279 s0900/1030] loss = 0.803902
[e279 s0950/1030] loss = 0.785828
[e279 s1000/1030] loss = 0.781208
Epoch 279: train_loss = 0.775627  MAE/GAME0 = 7.781  RMSE = 21.858  GAME1 = 9.135  GAME2 = 10.411  GAME3 = 11.341  lr = 1.00e-05  time = 7.7s
[e280 s0001/1030] loss = 0.046215
[e280 s0050/1030] loss = 0.589837
[e280 s0100/1030] loss = 0.504402
[e280 s0150/1030] loss = 0.774373
[e280 s0200/1030] loss = 0.789975
[e280 s0250/1030] loss = 0.733247
[e280 s0300/1030] loss = 0.726550
[e280 s0350/1030] loss = 0.697909
[e280 s0400/1030] loss = 0.686007
[e280 s0450/1030] loss = 0.686995
[e280 s0500/1030] loss = 0.665054
[e280 s0550/1030] loss = 0.663355
[e280 s0600/1030] loss = 0.731234
[e280 s0650/1030] loss = 0.708147
[e280 s0700/1030] loss = 0.705159
[e280 s0750/1030] loss = 0.737917
[e280 s0800/1030] loss = 0.744105
[e280 s0850/1030] loss = 0.734545
[e280 s0900/1030] loss = 0.757847
[e280 s0950/1030] loss = 0.759920
[e280 s1000/1030] loss = 0.753158
Epoch 280: train_loss = 0.749400  MAE/GAME0 = 6.307  RMSE = 10.751  GAME1 = 7.714  GAME2 = 9.277  GAME3 = 10.238  lr = 1.00e-05  time = 7.5s
[e281 s0001/1030] loss = 0.900878
[e281 s0050/1030] loss = 0.500503
[e281 s0100/1030] loss = 0.621035
[e281 s0150/1030] loss = 1.822039
[e281 s0200/1030] loss = 1.557126
[e281 s0250/1030] loss = 1.416983
[e281 s0300/1030] loss = 1.277326
[e281 s0350/1030] loss = 1.226193
[e281 s0400/1030] loss = 1.207566
[e281 s0450/1030] loss = 1.131588
[e281 s0500/1030] loss = 1.100149
[e281 s0550/1030] loss = 1.132003
[e281 s0600/1030] loss = 1.238302
[e281 s0650/1030] loss = 1.210362
[e281 s0700/1030] loss = 1.151409
[e281 s0750/1030] loss = 1.131790
[e281 s0800/1030] loss = 1.102169
[e281 s0850/1030] loss = 1.074989
[e281 s0900/1030] loss = 1.050994
[e281 s0950/1030] loss = 1.064849
[e281 s1000/1030] loss = 1.037225
Epoch 281: train_loss = 1.025525  MAE/GAME0 = 8.746  RMSE = 12.910  GAME1 = 9.971  GAME2 = 11.438  GAME3 = 12.313  lr = 1.00e-05  time = 7.5s
[e282 s0001/1030] loss = 0.109390
[e282 s0050/1030] loss = 0.542810
[e282 s0100/1030] loss = 0.521372
[e282 s0150/1030] loss = 0.609391
[e282 s0200/1030] loss = 0.661567
[e282 s0250/1030] loss = 0.652709
[e282 s0300/1030] loss = 0.658840
[e282 s0350/1030] loss = 0.690351
[e282 s0400/1030] loss = 0.671523
[e282 s0450/1030] loss = 0.753490
[e282 s0500/1030] loss = 0.734640
[e282 s0550/1030] loss = 0.712531
[e282 s0600/1030] loss = 0.698535
[e282 s0650/1030] loss = 0.680586
[e282 s0700/1030] loss = 0.668666
[e282 s0750/1030] loss = 0.669200
[e282 s0800/1030] loss = 0.668343
[e282 s0850/1030] loss = 0.673776
[e282 s0900/1030] loss = 0.656304
[e282 s0950/1030] loss = 0.648887
[e282 s1000/1030] loss = 0.641937
Epoch 282: train_loss = 0.644001  MAE/GAME0 = 7.101  RMSE = 13.007  GAME1 = 8.378  GAME2 = 9.789  GAME3 = 10.676  lr = 1.00e-05  time = 7.7s
[e283 s0001/1030] loss = 0.404457
[e283 s0050/1030] loss = 0.669350
[e283 s0100/1030] loss = 0.806769
[e283 s0150/1030] loss = 0.813477
[e283 s0200/1030] loss = 0.755167
[e283 s0250/1030] loss = 0.765608
[e283 s0300/1030] loss = 0.725902
[e283 s0350/1030] loss = 0.701036
[e283 s0400/1030] loss = 0.717717
[e283 s0450/1030] loss = 0.689709
[e283 s0500/1030] loss = 0.684430
[e283 s0550/1030] loss = 0.675151
[e283 s0600/1030] loss = 0.663881
[e283 s0650/1030] loss = 0.654034
[e283 s0700/1030] loss = 0.658077
[e283 s0750/1030] loss = 0.650622
[e283 s0800/1030] loss = 0.650543
[e283 s0850/1030] loss = 0.644657
[e283 s0900/1030] loss = 0.652154
[e283 s0950/1030] loss = 0.666221
[e283 s1000/1030] loss = 0.659677
Epoch 283: train_loss = 0.653994  MAE/GAME0 = 7.720  RMSE = 14.658  GAME1 = 8.698  GAME2 = 9.675  GAME3 = 10.361  lr = 1.00e-05  time = 7.7s
[e284 s0001/1030] loss = 0.208441
[e284 s0050/1030] loss = 0.755351
[e284 s0100/1030] loss = 0.610201
[e284 s0150/1030] loss = 0.677464
[e284 s0200/1030] loss = 0.659305
[e284 s0250/1030] loss = 0.659705
[e284 s0300/1030] loss = 0.715620
[e284 s0350/1030] loss = 0.675065
[e284 s0400/1030] loss = 0.672801
[e284 s0450/1030] loss = 0.647888
[e284 s0500/1030] loss = 0.665307
[e284 s0550/1030] loss = 0.645091
[e284 s0600/1030] loss = 0.655397
[e284 s0650/1030] loss = 0.655309
[e284 s0700/1030] loss = 0.665878
[e284 s0750/1030] loss = 0.693133
[e284 s0800/1030] loss = 0.699804
[e284 s0850/1030] loss = 0.724954
[e284 s0900/1030] loss = 0.718525
[e284 s0950/1030] loss = 0.727056
[e284 s1000/1030] loss = 0.719066
Epoch 284: train_loss = 0.716807  MAE/GAME0 = 7.218  RMSE = 14.338  GAME1 = 8.468  GAME2 = 9.820  GAME3 = 10.799  lr = 1.00e-05  time = 7.6s
[e285 s0001/1030] loss = 0.231490
[e285 s0050/1030] loss = 0.635800
[e285 s0100/1030] loss = 0.635193
[e285 s0150/1030] loss = 0.641418
[e285 s0200/1030] loss = 0.727935
[e285 s0250/1030] loss = 0.677686
[e285 s0300/1030] loss = 0.653533
[e285 s0350/1030] loss = 0.651395
[e285 s0400/1030] loss = 0.654127
[e285 s0450/1030] loss = 0.623081
[e285 s0500/1030] loss = 0.648205
[e285 s0550/1030] loss = 0.642491
[e285 s0600/1030] loss = 0.693400
[e285 s0650/1030] loss = 0.688816
[e285 s0700/1030] loss = 0.671590
[e285 s0750/1030] loss = 0.685958
[e285 s0800/1030] loss = 0.670260
[e285 s0850/1030] loss = 0.675442
[e285 s0900/1030] loss = 0.669810
[e285 s0950/1030] loss = 0.657691
[e285 s1000/1030] loss = 0.677981
Epoch 285: train_loss = 0.669109  MAE/GAME0 = 7.063  RMSE = 14.289  GAME1 = 8.413  GAME2 = 9.672  GAME3 = 10.521  lr = 1.00e-05  time = 7.5s
[e286 s0001/1030] loss = 0.002891
[e286 s0050/1030] loss = 0.291378
[e286 s0100/1030] loss = 0.607765
[e286 s0150/1030] loss = 0.558379
[e286 s0200/1030] loss = 0.621195
[e286 s0250/1030] loss = 0.589765
[e286 s0300/1030] loss = 0.572239
[e286 s0350/1030] loss = 0.554996
[e286 s0400/1030] loss = 0.557777
[e286 s0450/1030] loss = 0.562401
[e286 s0500/1030] loss = 0.575281
[e286 s0550/1030] loss = 0.578523
[e286 s0600/1030] loss = 0.586553
[e286 s0650/1030] loss = 0.660636
[e286 s0700/1030] loss = 0.670142
[e286 s0750/1030] loss = 0.680391
[e286 s0800/1030] loss = 0.663295
[e286 s0850/1030] loss = 0.683788
[e286 s0900/1030] loss = 0.687388
[e286 s0950/1030] loss = 0.691187
[e286 s1000/1030] loss = 0.747077
Epoch 286: train_loss = 0.750868  MAE/GAME0 = 10.348  RMSE = 15.468  GAME1 = 10.784  GAME2 = 11.456  GAME3 = 11.864  lr = 1.00e-05  time = 7.5s
[e287 s0001/1030] loss = 0.072541
[e287 s0050/1030] loss = 0.789169
[e287 s0100/1030] loss = 0.732527
[e287 s0150/1030] loss = 0.718565
[e287 s0200/1030] loss = 0.683595
[e287 s0250/1030] loss = 0.769231
[e287 s0300/1030] loss = 0.747928
[e287 s0350/1030] loss = 0.740292
[e287 s0400/1030] loss = 0.784414
[e287 s0450/1030] loss = 0.767018
[e287 s0500/1030] loss = 0.799587
[e287 s0550/1030] loss = 0.790210
[e287 s0600/1030] loss = 0.775542
[e287 s0650/1030] loss = 0.776146
[e287 s0700/1030] loss = 0.776488
[e287 s0750/1030] loss = 0.772566
[e287 s0800/1030] loss = 0.754458
[e287 s0850/1030] loss = 0.742840
[e287 s0900/1030] loss = 0.725644
[e287 s0950/1030] loss = 0.727076
[e287 s1000/1030] loss = 0.731378
Epoch 287: train_loss = 0.724343  MAE/GAME0 = 7.932  RMSE = 19.149  GAME1 = 9.477  GAME2 = 10.905  GAME3 = 11.845  lr = 1.00e-05  time = 7.5s
[e288 s0001/1030] loss = 6.423713
[e288 s0050/1030] loss = 0.701622
[e288 s0100/1030] loss = 0.579774
[e288 s0150/1030] loss = 0.522919
[e288 s0200/1030] loss = 0.554514
[e288 s0250/1030] loss = 0.783179
[e288 s0300/1030] loss = 0.941992
[e288 s0350/1030] loss = 0.890653
[e288 s0400/1030] loss = 0.909769
[e288 s0450/1030] loss = 0.855377
[e288 s0500/1030] loss = 0.824009
[e288 s0550/1030] loss = 0.798315
[e288 s0600/1030] loss = 0.777626
[e288 s0650/1030] loss = 0.774112
[e288 s0700/1030] loss = 0.764429
[e288 s0750/1030] loss = 0.762465
[e288 s0800/1030] loss = 0.769080
[e288 s0850/1030] loss = 0.784309
[e288 s0900/1030] loss = 0.771795
[e288 s0950/1030] loss = 0.753315
[e288 s1000/1030] loss = 0.739994
Epoch 288: train_loss = 0.737511  MAE/GAME0 = 8.595  RMSE = 14.747  GAME1 = 9.768  GAME2 = 11.242  GAME3 = 12.184  lr = 1.00e-05  time = 7.6s
[e289 s0001/1030] loss = 0.287492
[e289 s0050/1030] loss = 1.059104
[e289 s0100/1030] loss = 0.850955
[e289 s0150/1030] loss = 0.846637
[e289 s0200/1030] loss = 0.794010
[e289 s0250/1030] loss = 0.780858
[e289 s0300/1030] loss = 0.832856
[e289 s0350/1030] loss = 0.794475
[e289 s0400/1030] loss = 0.768233
[e289 s0450/1030] loss = 0.738772
[e289 s0500/1030] loss = 0.717819
[e289 s0550/1030] loss = 0.724142
[e289 s0600/1030] loss = 0.725013
[e289 s0650/1030] loss = 0.715906
[e289 s0700/1030] loss = 0.713017
[e289 s0750/1030] loss = 0.700292
[e289 s0800/1030] loss = 0.775258
[e289 s0850/1030] loss = 0.772172
[e289 s0900/1030] loss = 0.809730
[e289 s0950/1030] loss = 0.842966
[e289 s1000/1030] loss = 0.846941
Epoch 289: train_loss = 0.845198  MAE/GAME0 = 7.822  RMSE = 16.120  GAME1 = 9.231  GAME2 = 10.639  GAME3 = 11.494  lr = 1.00e-05  time = 7.5s
[e290 s0001/1030] loss = 0.721806
[e290 s0050/1030] loss = 3.102924
[e290 s0100/1030] loss = 1.967075
[e290 s0150/1030] loss = 1.534698
[e290 s0200/1030] loss = 1.263908
[e290 s0250/1030] loss = 1.156902
[e290 s0300/1030] loss = 1.090826
[e290 s0350/1030] loss = 1.060680
[e290 s0400/1030] loss = 1.012016
[e290 s0450/1030] loss = 1.013414
[e290 s0500/1030] loss = 0.978497
[e290 s0550/1030] loss = 0.923429
[e290 s0600/1030] loss = 0.869659
[e290 s0650/1030] loss = 0.840710
[e290 s0700/1030] loss = 0.835283
[e290 s0750/1030] loss = 0.818235
[e290 s0800/1030] loss = 0.811811
[e290 s0850/1030] loss = 0.784564
[e290 s0900/1030] loss = 0.781319
[e290 s0950/1030] loss = 0.772313
[e290 s1000/1030] loss = 0.764330
Epoch 290: train_loss = 0.755723  MAE/GAME0 = 7.873  RMSE = 19.088  GAME1 = 9.244  GAME2 = 10.731  GAME3 = 11.613  lr = 1.00e-05  time = 7.5s
[e291 s0001/1030] loss = 0.526386
[e291 s0050/1030] loss = 0.574666
[e291 s0100/1030] loss = 0.645871
[e291 s0150/1030] loss = 0.545733
[e291 s0200/1030] loss = 0.573294
[e291 s0250/1030] loss = 0.565311
[e291 s0300/1030] loss = 0.573546
[e291 s0350/1030] loss = 0.587306
[e291 s0400/1030] loss = 0.584819
[e291 s0450/1030] loss = 0.604078
[e291 s0500/1030] loss = 0.627410
[e291 s0550/1030] loss = 0.630600
[e291 s0600/1030] loss = 0.635877
[e291 s0650/1030] loss = 0.635906
[e291 s0700/1030] loss = 0.629713
[e291 s0750/1030] loss = 0.634111
[e291 s0800/1030] loss = 0.625951
[e291 s0850/1030] loss = 0.637425
[e291 s0900/1030] loss = 0.681641
[e291 s0950/1030] loss = 0.669826
[e291 s1000/1030] loss = 0.670561
Epoch 291: train_loss = 0.673336  MAE/GAME0 = 7.663  RMSE = 13.261  GAME1 = 9.050  GAME2 = 10.571  GAME3 = 11.605  lr = 1.00e-05  time = 7.5s
[e292 s0001/1030] loss = 0.984876
[e292 s0050/1030] loss = 0.782092
[e292 s0100/1030] loss = 0.792192
[e292 s0150/1030] loss = 0.728001
[e292 s0200/1030] loss = 0.656725
[e292 s0250/1030] loss = 0.677160
[e292 s0300/1030] loss = 0.631959
[e292 s0350/1030] loss = 0.614607
[e292 s0400/1030] loss = 0.684876
[e292 s0450/1030] loss = 0.671214
[e292 s0500/1030] loss = 0.699378
[e292 s0550/1030] loss = 0.705405
[e292 s0600/1030] loss = 0.704442
[e292 s0650/1030] loss = 0.719297
[e292 s0700/1030] loss = 0.719660
[e292 s0750/1030] loss = 0.702965
[e292 s0800/1030] loss = 0.691487
[e292 s0850/1030] loss = 0.719863
[e292 s0900/1030] loss = 0.728203
[e292 s0950/1030] loss = 0.717576
[e292 s1000/1030] loss = 0.701145
Epoch 292: train_loss = 0.708140  MAE/GAME0 = 9.058  RMSE = 14.727  GAME1 = 10.391  GAME2 = 11.787  GAME3 = 12.768  lr = 1.00e-05  time = 7.7s
[e293 s0001/1030] loss = 4.614649
[e293 s0050/1030] loss = 0.584887
[e293 s0100/1030] loss = 0.463929
[e293 s0150/1030] loss = 0.536205
[e293 s0200/1030] loss = 0.587707
[e293 s0250/1030] loss = 0.624012
[e293 s0300/1030] loss = 0.740205
[e293 s0350/1030] loss = 0.738945
[e293 s0400/1030] loss = 0.717829
[e293 s0450/1030] loss = 0.690560
[e293 s0500/1030] loss = 0.694548
[e293 s0550/1030] loss = 0.704704
[e293 s0600/1030] loss = 0.673932
[e293 s0650/1030] loss = 0.680006
[e293 s0700/1030] loss = 0.670887
[e293 s0750/1030] loss = 0.677276
[e293 s0800/1030] loss = 0.670303
[e293 s0850/1030] loss = 0.681669
[e293 s0900/1030] loss = 0.668757
[e293 s0950/1030] loss = 0.683273
[e293 s1000/1030] loss = 0.687932
Epoch 293: train_loss = 0.688818  MAE/GAME0 = 8.997  RMSE = 13.902  GAME1 = 10.123  GAME2 = 11.548  GAME3 = 12.474  lr = 1.00e-05  time = 7.6s
[e294 s0001/1030] loss = 0.322055
[e294 s0050/1030] loss = 0.556996
[e294 s0100/1030] loss = 0.573771
[e294 s0150/1030] loss = 0.635368
[e294 s0200/1030] loss = 0.628882
[e294 s0250/1030] loss = 0.611747
[e294 s0300/1030] loss = 0.676685
[e294 s0350/1030] loss = 0.691144
[e294 s0400/1030] loss = 0.695486
[e294 s0450/1030] loss = 0.710483
[e294 s0500/1030] loss = 0.700480
[e294 s0550/1030] loss = 0.698172
[e294 s0600/1030] loss = 0.720054
[e294 s0650/1030] loss = 0.767252
[e294 s0700/1030] loss = 0.924568
[e294 s0750/1030] loss = 0.947642
[e294 s0800/1030] loss = 0.934262
[e294 s0850/1030] loss = 0.956685
[e294 s0900/1030] loss = 0.941726
[e294 s0950/1030] loss = 0.927101
[e294 s1000/1030] loss = 0.920328
Epoch 294: train_loss = 0.919247  MAE/GAME0 = 7.195  RMSE = 11.294  GAME1 = 8.320  GAME2 = 9.688  GAME3 = 10.569  lr = 1.00e-05  time = 7.5s
[e295 s0001/1030] loss = 0.808939
[e295 s0050/1030] loss = 0.817971
[e295 s0100/1030] loss = 0.699502
[e295 s0150/1030] loss = 0.652664
[e295 s0200/1030] loss = 0.672483
[e295 s0250/1030] loss = 0.720584
[e295 s0300/1030] loss = 0.697550
[e295 s0350/1030] loss = 0.731365
[e295 s0400/1030] loss = 0.749276
[e295 s0450/1030] loss = 0.730733
[e295 s0500/1030] loss = 0.717976
[e295 s0550/1030] loss = 0.717943
[e295 s0600/1030] loss = 0.708605
[e295 s0650/1030] loss = 0.716493
[e295 s0700/1030] loss = 0.703098
[e295 s0750/1030] loss = 0.699086
[e295 s0800/1030] loss = 0.682769
[e295 s0850/1030] loss = 0.685646
[e295 s0900/1030] loss = 0.675655
[e295 s0950/1030] loss = 0.689234
[e295 s1000/1030] loss = 0.691778
Epoch 295: train_loss = 0.696653  MAE/GAME0 = 6.906  RMSE = 10.544  GAME1 = 8.148  GAME2 = 9.656  GAME3 = 10.623  lr = 1.00e-05  time = 7.6s
[e296 s0001/1030] loss = 0.202040
[e296 s0050/1030] loss = 0.772837
[e296 s0100/1030] loss = 0.802597
[e296 s0150/1030] loss = 0.784675
[e296 s0200/1030] loss = 0.734825
[e296 s0250/1030] loss = 1.010904
[e296 s0300/1030] loss = 0.916207
[e296 s0350/1030] loss = 0.856739
[e296 s0400/1030] loss = 0.829692
[e296 s0450/1030] loss = 0.817975
[e296 s0500/1030] loss = 0.812097
[e296 s0550/1030] loss = 0.780888
[e296 s0600/1030] loss = 0.776513
[e296 s0650/1030] loss = 0.741951
[e296 s0700/1030] loss = 0.724776
[e296 s0750/1030] loss = 0.740822
[e296 s0800/1030] loss = 0.729066
[e296 s0850/1030] loss = 0.736538
[e296 s0900/1030] loss = 0.736175
[e296 s0950/1030] loss = 0.723637
[e296 s1000/1030] loss = 0.715954
Epoch 296: train_loss = 0.717908  MAE/GAME0 = 8.206  RMSE = 23.160  GAME1 = 9.624  GAME2 = 10.942  GAME3 = 11.785  lr = 1.00e-05  time = 7.6s
[e297 s0001/1030] loss = 0.818298
[e297 s0050/1030] loss = 0.420506
[e297 s0100/1030] loss = 0.502637
[e297 s0150/1030] loss = 0.644543
[e297 s0200/1030] loss = 0.668337
[e297 s0250/1030] loss = 0.850417
[e297 s0300/1030] loss = 0.820035
[e297 s0350/1030] loss = 0.814874
[e297 s0400/1030] loss = 0.766566
[e297 s0450/1030] loss = 0.765321
[e297 s0500/1030] loss = 0.773560
[e297 s0550/1030] loss = 0.770607
[e297 s0600/1030] loss = 0.768288
[e297 s0650/1030] loss = 0.780191
[e297 s0700/1030] loss = 0.764010
[e297 s0750/1030] loss = 0.794201
[e297 s0800/1030] loss = 0.826233
[e297 s0850/1030] loss = 0.829361
[e297 s0900/1030] loss = 0.815555
[e297 s0950/1030] loss = 0.817933
[e297 s1000/1030] loss = 0.857185
Epoch 297: train_loss = 0.840897  MAE/GAME0 = 6.471  RMSE = 12.250  GAME1 = 7.919  GAME2 = 9.202  GAME3 = 10.055  lr = 1.00e-05  time = 7.7s
[e298 s0001/1030] loss = 0.073447
[e298 s0050/1030] loss = 0.924447
[e298 s0100/1030] loss = 0.750740
[e298 s0150/1030] loss = 0.671702
[e298 s0200/1030] loss = 0.603304
[e298 s0250/1030] loss = 0.584261
[e298 s0300/1030] loss = 0.630575
[e298 s0350/1030] loss = 0.652724
[e298 s0400/1030] loss = 0.649494
[e298 s0450/1030] loss = 0.647241
[e298 s0500/1030] loss = 0.637530
[e298 s0550/1030] loss = 0.634913
[e298 s0600/1030] loss = 0.620182
[e298 s0650/1030] loss = 0.681534
[e298 s0700/1030] loss = 0.677469
[e298 s0750/1030] loss = 0.664160
[e298 s0800/1030] loss = 0.665507
[e298 s0850/1030] loss = 0.653961
[e298 s0900/1030] loss = 0.647244
[e298 s0950/1030] loss = 0.641746
[e298 s1000/1030] loss = 0.652967
Epoch 298: train_loss = 0.667624  MAE/GAME0 = 7.399  RMSE = 11.275  GAME1 = 8.904  GAME2 = 10.419  GAME3 = 11.427  lr = 1.00e-05  time = 7.6s
[e299 s0001/1030] loss = 0.937403
[e299 s0050/1030] loss = 0.605063
[e299 s0100/1030] loss = 0.685935
[e299 s0150/1030] loss = 0.832289
[e299 s0200/1030] loss = 0.789828
[e299 s0250/1030] loss = 0.753932
[e299 s0300/1030] loss = 0.713805
[e299 s0350/1030] loss = 0.677291
[e299 s0400/1030] loss = 0.666537
[e299 s0450/1030] loss = 0.694085
[e299 s0500/1030] loss = 0.680835
[e299 s0550/1030] loss = 0.648036
[e299 s0600/1030] loss = 0.633279
[e299 s0650/1030] loss = 0.720538
[e299 s0700/1030] loss = 0.715697
[e299 s0750/1030] loss = 0.709460
[e299 s0800/1030] loss = 0.730653
[e299 s0850/1030] loss = 0.716646
[e299 s0900/1030] loss = 0.696188
[e299 s0950/1030] loss = 0.716248
[e299 s1000/1030] loss = 0.715326
Epoch 299: train_loss = 0.712443  MAE/GAME0 = 9.704  RMSE = 13.609  GAME1 = 10.822  GAME2 = 12.275  GAME3 = 13.263  lr = 1.00e-05  time = 7.5s
[e300 s0001/1030] loss = 1.569311
[e300 s0050/1030] loss = 0.960420
[e300 s0100/1030] loss = 0.637374
[e300 s0150/1030] loss = 0.631740
[e300 s0200/1030] loss = 0.586627
[e300 s0250/1030] loss = 0.573881
[e300 s0300/1030] loss = 0.649309
[e300 s0350/1030] loss = 0.659382
[e300 s0400/1030] loss = 0.659599
[e300 s0450/1030] loss = 0.665171
[e300 s0500/1030] loss = 0.668606
[e300 s0550/1030] loss = 0.648052
[e300 s0600/1030] loss = 0.840978
[e300 s0650/1030] loss = 0.875968
[e300 s0700/1030] loss = 0.858276
[e300 s0750/1030] loss = 0.931099
[e300 s0800/1030] loss = 0.909649
[e300 s0850/1030] loss = 0.907747
[e300 s0900/1030] loss = 0.892690
[e300 s0950/1030] loss = 0.877428
[e300 s1000/1030] loss = 0.863529
Epoch 300: train_loss = 0.858259  MAE/GAME0 = 8.099  RMSE = 19.563  GAME1 = 9.341  GAME2 = 10.649  GAME3 = 11.542  lr = 1.00e-05  time = 7.6s
[e301 s0001/1030] loss = 0.371103
[e301 s0050/1030] loss = 0.569696
[e301 s0100/1030] loss = 0.738303
[e301 s0150/1030] loss = 0.698198
[e301 s0200/1030] loss = 0.804185
[e301 s0250/1030] loss = 0.894749
[e301 s0300/1030] loss = 0.873608
[e301 s0350/1030] loss = 0.796599
[e301 s0400/1030] loss = 0.744377
[e301 s0450/1030] loss = 0.719354
[e301 s0500/1030] loss = 0.763885
[e301 s0550/1030] loss = 0.740028
[e301 s0600/1030] loss = 0.763251
[e301 s0650/1030] loss = 0.788144
[e301 s0700/1030] loss = 0.769085
[e301 s0750/1030] loss = 0.765354
[e301 s0800/1030] loss = 0.739067
[e301 s0850/1030] loss = 0.727634
[e301 s0900/1030] loss = 0.709524
[e301 s0950/1030] loss = 0.692240
[e301 s1000/1030] loss = 0.685885
Epoch 301: train_loss = 0.688528  MAE/GAME0 = 7.230  RMSE = 14.054  GAME1 = 8.539  GAME2 = 9.902  GAME3 = 10.868  lr = 1.00e-05  time = 7.6s
[e302 s0001/1030] loss = 0.039854
[e302 s0050/1030] loss = 0.669390
[e302 s0100/1030] loss = 0.696298
[e302 s0150/1030] loss = 0.569350
[e302 s0200/1030] loss = 0.571693
[e302 s0250/1030] loss = 0.677858
[e302 s0300/1030] loss = 0.645192
[e302 s0350/1030] loss = 0.676253
[e302 s0400/1030] loss = 0.742259
[e302 s0450/1030] loss = 0.721732
[e302 s0500/1030] loss = 0.758506
[e302 s0550/1030] loss = 0.733606
[e302 s0600/1030] loss = 0.712037
[e302 s0650/1030] loss = 0.711835
[e302 s0700/1030] loss = 0.696176
[e302 s0750/1030] loss = 0.746367
[e302 s0800/1030] loss = 0.735829
[e302 s0850/1030] loss = 0.758141
[e302 s0900/1030] loss = 0.743833
[e302 s0950/1030] loss = 0.730750
[e302 s1000/1030] loss = 0.743768
Epoch 302: train_loss = 0.753103  MAE/GAME0 = 14.759  RMSE = 19.890  GAME1 = 15.608  GAME2 = 16.829  GAME3 = 17.682  lr = 1.00e-05  time = 7.6s
[e303 s0001/1030] loss = 2.748173
[e303 s0050/1030] loss = 0.869032
[e303 s0100/1030] loss = 0.717467
[e303 s0150/1030] loss = 0.671354
[e303 s0200/1030] loss = 0.692969
[e303 s0250/1030] loss = 0.680120
[e303 s0300/1030] loss = 0.624114
[e303 s0350/1030] loss = 0.581596
[e303 s0400/1030] loss = 0.620819
[e303 s0450/1030] loss = 0.604315
[e303 s0500/1030] loss = 0.598264
[e303 s0550/1030] loss = 0.596498
[e303 s0600/1030] loss = 0.583881
[e303 s0650/1030] loss = 0.582922
[e303 s0700/1030] loss = 0.572477
[e303 s0750/1030] loss = 0.587748
[e303 s0800/1030] loss = 0.581330
[e303 s0850/1030] loss = 0.581421
[e303 s0900/1030] loss = 0.590971
[e303 s0950/1030] loss = 0.592650
[e303 s1000/1030] loss = 0.598188
Epoch 303: train_loss = 0.590519  MAE/GAME0 = 7.144  RMSE = 16.865  GAME1 = 8.505  GAME2 = 9.688  GAME3 = 10.532  lr = 1.00e-05  time = 7.6s
[e304 s0001/1030] loss = 0.467662
[e304 s0050/1030] loss = 0.646537
[e304 s0100/1030] loss = 0.760387
[e304 s0150/1030] loss = 0.701021
[e304 s0200/1030] loss = 0.935261
[e304 s0250/1030] loss = 0.894769
[e304 s0300/1030] loss = 0.904534
[e304 s0350/1030] loss = 0.875741
[e304 s0400/1030] loss = 0.863302
[e304 s0450/1030] loss = 0.824341
[e304 s0500/1030] loss = 0.786003
[e304 s0550/1030] loss = 0.786522
[e304 s0600/1030] loss = 0.760750
[e304 s0650/1030] loss = 0.733112
[e304 s0700/1030] loss = 0.739170
[e304 s0750/1030] loss = 0.730653
[e304 s0800/1030] loss = 0.727977
[e304 s0850/1030] loss = 0.747155
[e304 s0900/1030] loss = 0.750718
[e304 s0950/1030] loss = 0.754291
[e304 s1000/1030] loss = 0.744746
Epoch 304: train_loss = 0.740259  MAE/GAME0 = 6.616  RMSE = 11.654  GAME1 = 7.867  GAME2 = 9.007  GAME3 = 9.822  lr = 1.00e-05  time = 7.6s
[e305 s0001/1030] loss = 2.334813
[e305 s0050/1030] loss = 0.444657
[e305 s0100/1030] loss = 0.603348
[e305 s0150/1030] loss = 0.619476
[e305 s0200/1030] loss = 0.674819
[e305 s0250/1030] loss = 0.890205
[e305 s0300/1030] loss = 0.834382
[e305 s0350/1030] loss = 0.813740
[e305 s0400/1030] loss = 0.806262
[e305 s0450/1030] loss = 0.782631
[e305 s0500/1030] loss = 0.757456
[e305 s0550/1030] loss = 0.744591
[e305 s0600/1030] loss = 0.751999
[e305 s0650/1030] loss = 0.736069
[e305 s0700/1030] loss = 0.743894
[e305 s0750/1030] loss = 0.743342
[e305 s0800/1030] loss = 0.731764
[e305 s0850/1030] loss = 0.721191
[e305 s0900/1030] loss = 0.709548
[e305 s0950/1030] loss = 0.703457
[e305 s1000/1030] loss = 0.700744
Epoch 305: train_loss = 0.700708  MAE/GAME0 = 7.890  RMSE = 21.109  GAME1 = 9.291  GAME2 = 10.581  GAME3 = 11.385  lr = 1.00e-05  time = 7.5s
[e306 s0001/1030] loss = 0.537266
[e306 s0050/1030] loss = 0.776064
[e306 s0100/1030] loss = 0.807225
[e306 s0150/1030] loss = 0.781970
[e306 s0200/1030] loss = 0.725791
[e306 s0250/1030] loss = 0.724375
[e306 s0300/1030] loss = 0.714288
[e306 s0350/1030] loss = 0.742483
[e306 s0400/1030] loss = 0.721497
[e306 s0450/1030] loss = 0.701827
[e306 s0500/1030] loss = 0.690144
[e306 s0550/1030] loss = 0.714362
[e306 s0600/1030] loss = 0.714050
[e306 s0650/1030] loss = 0.687237
[e306 s0700/1030] loss = 0.677360
[e306 s0750/1030] loss = 0.733748
[e306 s0800/1030] loss = 0.725323
[e306 s0850/1030] loss = 0.755812
[e306 s0900/1030] loss = 0.767478
[e306 s0950/1030] loss = 0.763975
[e306 s1000/1030] loss = 0.759176
Epoch 306: train_loss = 0.752182  MAE/GAME0 = 7.491  RMSE = 17.865  GAME1 = 8.870  GAME2 = 10.114  GAME3 = 10.890  lr = 1.00e-05  time = 7.6s
[e307 s0001/1030] loss = 1.827608
[e307 s0050/1030] loss = 0.612351
[e307 s0100/1030] loss = 0.480245
[e307 s0150/1030] loss = 0.447191
[e307 s0200/1030] loss = 0.482567
[e307 s0250/1030] loss = 0.534329
[e307 s0300/1030] loss = 0.565094
[e307 s0350/1030] loss = 0.553803
[e307 s0400/1030] loss = 0.543215
[e307 s0450/1030] loss = 0.580412
[e307 s0500/1030] loss = 0.561672
[e307 s0550/1030] loss = 0.566506
[e307 s0600/1030] loss = 0.582368
[e307 s0650/1030] loss = 0.595391
[e307 s0700/1030] loss = 0.580123
[e307 s0750/1030] loss = 0.583371
[e307 s0800/1030] loss = 0.597959
[e307 s0850/1030] loss = 0.666374
[e307 s0900/1030] loss = 0.659443
[e307 s0950/1030] loss = 0.649087
[e307 s1000/1030] loss = 0.632471
Epoch 307: train_loss = 0.632679  MAE/GAME0 = 6.567  RMSE = 11.853  GAME1 = 7.980  GAME2 = 9.186  GAME3 = 10.061  lr = 1.00e-05  time = 7.6s
[e308 s0001/1030] loss = 0.086610
[e308 s0050/1030] loss = 0.558590
[e308 s0100/1030] loss = 0.548734
[e308 s0150/1030] loss = 0.593870
[e308 s0200/1030] loss = 0.565341
[e308 s0250/1030] loss = 0.530376
[e308 s0300/1030] loss = 0.542813
[e308 s0350/1030] loss = 0.603213
[e308 s0400/1030] loss = 0.597947
[e308 s0450/1030] loss = 0.600840
[e308 s0500/1030] loss = 0.582250
[e308 s0550/1030] loss = 0.566429
[e308 s0600/1030] loss = 0.589021
[e308 s0650/1030] loss = 0.586448
[e308 s0700/1030] loss = 0.570882
[e308 s0750/1030] loss = 0.575780
[e308 s0800/1030] loss = 0.579944
[e308 s0850/1030] loss = 0.583739
[e308 s0900/1030] loss = 0.595746
[e308 s0950/1030] loss = 0.601808
[e308 s1000/1030] loss = 0.605425
Epoch 308: train_loss = 0.603083  MAE/GAME0 = 5.951  RMSE = 10.704  GAME1 = 7.567  GAME2 = 8.810  GAME3 = 9.666  lr = 1.00e-05  time = 7.7s
[e309 s0001/1030] loss = 0.066481
[e309 s0050/1030] loss = 0.660006
[e309 s0100/1030] loss = 0.597638
[e309 s0150/1030] loss = 1.010567
[e309 s0200/1030] loss = 0.898511
[e309 s0250/1030] loss = 0.835214
[e309 s0300/1030] loss = 0.792846
[e309 s0350/1030] loss = 0.761109
[e309 s0400/1030] loss = 0.759819
[e309 s0450/1030] loss = 0.731147
[e309 s0500/1030] loss = 0.722663
[e309 s0550/1030] loss = 0.698057
[e309 s0600/1030] loss = 0.674069
[e309 s0650/1030] loss = 0.677361
[e309 s0700/1030] loss = 0.720872
[e309 s0750/1030] loss = 0.849775
[e309 s0800/1030] loss = 0.828532
[e309 s0850/1030] loss = 0.816643
[e309 s0900/1030] loss = 0.806599
[e309 s0950/1030] loss = 0.808951
[e309 s1000/1030] loss = 0.803288
Epoch 309: train_loss = 0.796523  MAE/GAME0 = 7.825  RMSE = 21.226  GAME1 = 9.270  GAME2 = 10.730  GAME3 = 11.723  lr = 1.00e-05  time = 7.6s
[e310 s0001/1030] loss = 1.779583
[e310 s0050/1030] loss = 0.351181
[e310 s0100/1030] loss = 0.474180
[e310 s0150/1030] loss = 0.570781
[e310 s0200/1030] loss = 0.623385
[e310 s0250/1030] loss = 0.601511
[e310 s0300/1030] loss = 0.795617
[e310 s0350/1030] loss = 0.874747
[e310 s0400/1030] loss = 0.834320
[e310 s0450/1030] loss = 0.805065
[e310 s0500/1030] loss = 0.771023
[e310 s0550/1030] loss = 0.754797
[e310 s0600/1030] loss = 0.746980
[e310 s0650/1030] loss = 0.731265
[e310 s0700/1030] loss = 0.725301
[e310 s0750/1030] loss = 0.719079
[e310 s0800/1030] loss = 0.707316
[e310 s0850/1030] loss = 0.685897
[e310 s0900/1030] loss = 0.675399
[e310 s0950/1030] loss = 0.669264
[e310 s1000/1030] loss = 0.653572
Epoch 310: train_loss = 0.656329  MAE/GAME0 = 6.593  RMSE = 12.987  GAME1 = 7.863  GAME2 = 9.241  GAME3 = 10.232  lr = 1.00e-05  time = 7.6s
[e311 s0001/1030] loss = 0.851235
[e311 s0050/1030] loss = 0.751788
[e311 s0100/1030] loss = 0.595244
[e311 s0150/1030] loss = 0.574223
[e311 s0200/1030] loss = 0.604250
[e311 s0250/1030] loss = 0.586919
[e311 s0300/1030] loss = 0.550665
[e311 s0350/1030] loss = 0.601581
[e311 s0400/1030] loss = 0.599874
[e311 s0450/1030] loss = 0.586529
[e311 s0500/1030] loss = 0.587191
[e311 s0550/1030] loss = 0.628989
[e311 s0600/1030] loss = 0.649400
[e311 s0650/1030] loss = 0.633399
[e311 s0700/1030] loss = 0.660585
[e311 s0750/1030] loss = 0.654525
[e311 s0800/1030] loss = 0.650680
[e311 s0850/1030] loss = 0.705864
[e311 s0900/1030] loss = 0.727424
[e311 s0950/1030] loss = 0.742649
[e311 s1000/1030] loss = 0.739937
Epoch 311: train_loss = 0.735106  MAE/GAME0 = 7.213  RMSE = 12.106  GAME1 = 8.344  GAME2 = 9.491  GAME3 = 10.329  lr = 1.00e-05  time = 7.6s
[e312 s0001/1030] loss = 0.217163
[e312 s0050/1030] loss = 0.635381
[e312 s0100/1030] loss = 0.597212
[e312 s0150/1030] loss = 1.048804
[e312 s0200/1030] loss = 1.034454
[e312 s0250/1030] loss = 0.966089
[e312 s0300/1030] loss = 0.882405
[e312 s0350/1030] loss = 0.862844
[e312 s0400/1030] loss = 0.803758
[e312 s0450/1030] loss = 0.817620
[e312 s0500/1030] loss = 0.798723
[e312 s0550/1030] loss = 0.790429
[e312 s0600/1030] loss = 0.826175
[e312 s0650/1030] loss = 0.796793
[e312 s0700/1030] loss = 0.787354
[e312 s0750/1030] loss = 0.787199
[e312 s0800/1030] loss = 0.772050
[e312 s0850/1030] loss = 0.755085
[e312 s0900/1030] loss = 0.742864
[e312 s0950/1030] loss = 0.742518
[e312 s1000/1030] loss = 0.735564
Epoch 312: train_loss = 0.737833  MAE/GAME0 = 8.294  RMSE = 24.836  GAME1 = 9.608  GAME2 = 10.870  GAME3 = 11.701  lr = 1.00e-05  time = 7.8s
[e313 s0001/1030] loss = 29.147007
[e313 s0050/1030] loss = 1.550452
[e313 s0100/1030] loss = 1.093149
[e313 s0150/1030] loss = 0.925763
[e313 s0200/1030] loss = 0.838962
[e313 s0250/1030] loss = 0.775320
[e313 s0300/1030] loss = 0.728794
[e313 s0350/1030] loss = 0.725994
[e313 s0400/1030] loss = 0.733625
[e313 s0450/1030] loss = 0.744471
[e313 s0500/1030] loss = 0.812635
[e313 s0550/1030] loss = 0.787882
[e313 s0600/1030] loss = 0.757243
[e313 s0650/1030] loss = 0.861372
[e313 s0700/1030] loss = 0.879793
[e313 s0750/1030] loss = 0.861306
[e313 s0800/1030] loss = 0.843348
[e313 s0850/1030] loss = 0.838697
[e313 s0900/1030] loss = 0.817427
[e313 s0950/1030] loss = 0.831801
[e313 s1000/1030] loss = 0.834339
Epoch 313: train_loss = 0.837649  MAE/GAME0 = 7.504  RMSE = 11.652  GAME1 = 8.847  GAME2 = 10.286  GAME3 = 11.194  lr = 1.00e-05  time = 7.6s
[e314 s0001/1030] loss = 1.956550
[e314 s0050/1030] loss = 0.501584
[e314 s0100/1030] loss = 0.563550
[e314 s0150/1030] loss = 0.946547
[e314 s0200/1030] loss = 0.831155
[e314 s0250/1030] loss = 0.795083
[e314 s0300/1030] loss = 0.759150
[e314 s0350/1030] loss = 0.790572
[e314 s0400/1030] loss = 0.759748
[e314 s0450/1030] loss = 0.789125
[e314 s0500/1030] loss = 0.763806
[e314 s0550/1030] loss = 0.756587
[e314 s0600/1030] loss = 0.730750
[e314 s0650/1030] loss = 0.713795
[e314 s0700/1030] loss = 0.702157
[e314 s0750/1030] loss = 0.682945
[e314 s0800/1030] loss = 0.675797
[e314 s0850/1030] loss = 0.677361
[e314 s0900/1030] loss = 0.668426
[e314 s0950/1030] loss = 0.658575
[e314 s1000/1030] loss = 0.657745
Epoch 314: train_loss = 0.652738  MAE/GAME0 = 7.711  RMSE = 20.617  GAME1 = 9.103  GAME2 = 10.400  GAME3 = 11.269  lr = 1.00e-05  time = 7.7s
[e315 s0001/1030] loss = 0.238572
[e315 s0050/1030] loss = 0.348994
[e315 s0100/1030] loss = 0.721803
[e315 s0150/1030] loss = 0.666557
[e315 s0200/1030] loss = 0.713031
[e315 s0250/1030] loss = 0.663703
[e315 s0300/1030] loss = 0.642662
[e315 s0350/1030] loss = 0.619015
[e315 s0400/1030] loss = 0.596741
[e315 s0450/1030] loss = 0.580091
[e315 s0500/1030] loss = 0.645813
[e315 s0550/1030] loss = 0.656194
[e315 s0600/1030] loss = 0.669118
[e315 s0650/1030] loss = 0.666975
[e315 s0700/1030] loss = 0.666799
[e315 s0750/1030] loss = 0.649930
[e315 s0800/1030] loss = 0.645860
[e315 s0850/1030] loss = 0.701203
[e315 s0900/1030] loss = 0.690147
[e315 s0950/1030] loss = 0.721805
[e315 s1000/1030] loss = 0.725932
Epoch 315: train_loss = 0.716967  MAE/GAME0 = 6.850  RMSE = 13.742  GAME1 = 8.120  GAME2 = 9.256  GAME3 = 10.060  lr = 1.00e-05  time = 7.5s
[e316 s0001/1030] loss = 0.712490
[e316 s0050/1030] loss = 0.745106
[e316 s0100/1030] loss = 0.692107
[e316 s0150/1030] loss = 0.675673
[e316 s0200/1030] loss = 0.596497
[e316 s0250/1030] loss = 0.629954
[e316 s0300/1030] loss = 0.875679
[e316 s0350/1030] loss = 0.839921
[e316 s0400/1030] loss = 0.808136
[e316 s0450/1030] loss = 0.797561
[e316 s0500/1030] loss = 0.746457
[e316 s0550/1030] loss = 0.714833
[e316 s0600/1030] loss = 0.688434
[e316 s0650/1030] loss = 0.677576
[e316 s0700/1030] loss = 0.692614
[e316 s0750/1030] loss = 0.697801
[e316 s0800/1030] loss = 0.684844
[e316 s0850/1030] loss = 0.680066
[e316 s0900/1030] loss = 0.675601
[e316 s0950/1030] loss = 0.668267
[e316 s1000/1030] loss = 0.667895
Epoch 316: train_loss = 0.663902  MAE/GAME0 = 6.854  RMSE = 13.529  GAME1 = 8.300  GAME2 = 9.601  GAME3 = 10.499  lr = 1.00e-05  time = 7.6s
[e317 s0001/1030] loss = 0.237411
[e317 s0050/1030] loss = 0.523065
[e317 s0100/1030] loss = 0.465347
[e317 s0150/1030] loss = 0.531807
[e317 s0200/1030] loss = 0.585924
[e317 s0250/1030] loss = 0.589949
[e317 s0300/1030] loss = 0.579803
[e317 s0350/1030] loss = 0.556674
[e317 s0400/1030] loss = 0.569953
[e317 s0450/1030] loss = 0.553200
[e317 s0500/1030] loss = 0.590537
[e317 s0550/1030] loss = 0.598588
[e317 s0600/1030] loss = 0.601912
[e317 s0650/1030] loss = 0.586664
[e317 s0700/1030] loss = 0.576165
[e317 s0750/1030] loss = 0.594558
[e317 s0800/1030] loss = 0.688821
[e317 s0850/1030] loss = 0.690648
[e317 s0900/1030] loss = 0.696802
[e317 s0950/1030] loss = 0.699956
[e317 s1000/1030] loss = 0.707576
Epoch 317: train_loss = 0.701044  MAE/GAME0 = 7.578  RMSE = 15.161  GAME1 = 8.776  GAME2 = 9.801  GAME3 = 10.555  lr = 1.00e-05  time = 7.7s
[e318 s0001/1030] loss = 0.045216
[e318 s0050/1030] loss = 0.434312
[e318 s0100/1030] loss = 0.518745
[e318 s0150/1030] loss = 0.515943
[e318 s0200/1030] loss = 0.506268
[e318 s0250/1030] loss = 0.526637
[e318 s0300/1030] loss = 0.526144
[e318 s0350/1030] loss = 0.533725
[e318 s0400/1030] loss = 0.530577
[e318 s0450/1030] loss = 0.609424
[e318 s0500/1030] loss = 0.635816
[e318 s0550/1030] loss = 0.637542
[e318 s0600/1030] loss = 0.629846
[e318 s0650/1030] loss = 0.681238
[e318 s0700/1030] loss = 0.674390
[e318 s0750/1030] loss = 0.651071
[e318 s0800/1030] loss = 0.638632
[e318 s0850/1030] loss = 0.640805
[e318 s0900/1030] loss = 0.643043
[e318 s0950/1030] loss = 0.640925
[e318 s1000/1030] loss = 0.647202
Epoch 318: train_loss = 0.643812  MAE/GAME0 = 7.933  RMSE = 12.788  GAME1 = 9.150  GAME2 = 10.727  GAME3 = 11.710  lr = 1.00e-05  time = 7.6s
[e319 s0001/1030] loss = 2.918689
[e319 s0050/1030] loss = 0.704236
[e319 s0100/1030] loss = 0.584655
[e319 s0150/1030] loss = 1.233489
[e319 s0200/1030] loss = 1.122994
[e319 s0250/1030] loss = 1.000472
[e319 s0300/1030] loss = 0.987921
[e319 s0350/1030] loss = 0.945408
[e319 s0400/1030] loss = 1.006047
[e319 s0450/1030] loss = 0.975657
[e319 s0500/1030] loss = 1.059539
[e319 s0550/1030] loss = 1.045286
[e319 s0600/1030] loss = 1.005642
[e319 s0650/1030] loss = 0.969894
[e319 s0700/1030] loss = 0.970682
[e319 s0750/1030] loss = 0.949661
[e319 s0800/1030] loss = 0.923722
[e319 s0850/1030] loss = 0.891166
[e319 s0900/1030] loss = 0.864051
[e319 s0950/1030] loss = 0.849047
[e319 s1000/1030] loss = 0.835831
Epoch 319: train_loss = 0.826787  MAE/GAME0 = 7.804  RMSE = 21.129  GAME1 = 9.088  GAME2 = 10.273  GAME3 = 11.152  lr = 1.00e-05  time = 7.7s
[e320 s0001/1030] loss = 0.475189
[e320 s0050/1030] loss = 0.802246
[e320 s0100/1030] loss = 0.614216
[e320 s0150/1030] loss = 0.604288
[e320 s0200/1030] loss = 0.598809
[e320 s0250/1030] loss = 0.561921
[e320 s0300/1030] loss = 0.577928
[e320 s0350/1030] loss = 0.627543
[e320 s0400/1030] loss = 0.624694
[e320 s0450/1030] loss = 0.628503
[e320 s0500/1030] loss = 0.640048
[e320 s0550/1030] loss = 0.639106
[e320 s0600/1030] loss = 0.632721
[e320 s0650/1030] loss = 0.647746
[e320 s0700/1030] loss = 0.665929
[e320 s0750/1030] loss = 0.665867
[e320 s0800/1030] loss = 0.709412
[e320 s0850/1030] loss = 0.712409
[e320 s0900/1030] loss = 0.705266
[e320 s0950/1030] loss = 0.689469
[e320 s1000/1030] loss = 0.673247
Epoch 320: train_loss = 0.669829  MAE/GAME0 = 7.377  RMSE = 13.296  GAME1 = 8.768  GAME2 = 10.092  GAME3 = 10.950  lr = 1.00e-05  time = 7.6s
[e321 s0001/1030] loss = 0.127343
[e321 s0050/1030] loss = 0.710654
[e321 s0100/1030] loss = 0.837750
[e321 s0150/1030] loss = 0.679144
[e321 s0200/1030] loss = 0.642253
[e321 s0250/1030] loss = 0.607920
[e321 s0300/1030] loss = 0.630411
[e321 s0350/1030] loss = 0.783531
[e321 s0400/1030] loss = 0.811301
[e321 s0450/1030] loss = 0.761941
[e321 s0500/1030] loss = 0.863607
[e321 s0550/1030] loss = 0.864896
[e321 s0600/1030] loss = 0.830028
[e321 s0650/1030] loss = 0.828337
[e321 s0700/1030] loss = 0.810026
[e321 s0750/1030] loss = 0.787744
[e321 s0800/1030] loss = 0.771656
[e321 s0850/1030] loss = 0.762431
[e321 s0900/1030] loss = 0.745182
[e321 s0950/1030] loss = 0.733342
[e321 s1000/1030] loss = 0.732107
Epoch 321: train_loss = 0.719205  MAE/GAME0 = 7.769  RMSE = 21.741  GAME1 = 9.027  GAME2 = 10.162  GAME3 = 11.010  lr = 1.00e-05  time = 7.9s
[e322 s0001/1030] loss = 0.731290
[e322 s0050/1030] loss = 0.384566
[e322 s0100/1030] loss = 0.593303
[e322 s0150/1030] loss = 0.543262
[e322 s0200/1030] loss = 0.552048
[e322 s0250/1030] loss = 0.537345
[e322 s0300/1030] loss = 0.523171
[e322 s0350/1030] loss = 0.525718
[e322 s0400/1030] loss = 0.509743
[e322 s0450/1030] loss = 0.537036
[e322 s0500/1030] loss = 0.558179
[e322 s0550/1030] loss = 0.568107
[e322 s0600/1030] loss = 0.557578
[e322 s0650/1030] loss = 0.563354
[e322 s0700/1030] loss = 0.557310
[e322 s0750/1030] loss = 0.551203
[e322 s0800/1030] loss = 0.547814
[e322 s0850/1030] loss = 0.553985
[e322 s0900/1030] loss = 0.588522
[e322 s0950/1030] loss = 0.579826
[e322 s1000/1030] loss = 0.573681
Epoch 322: train_loss = 0.573589  MAE/GAME0 = 8.003  RMSE = 20.199  GAME1 = 9.330  GAME2 = 10.397  GAME3 = 11.180  lr = 1.00e-05  time = 7.6s
[e323 s0001/1030] loss = 0.087489
[e323 s0050/1030] loss = 1.035333
[e323 s0100/1030] loss = 0.752431
[e323 s0150/1030] loss = 0.725276
[e323 s0200/1030] loss = 0.648197
[e323 s0250/1030] loss = 0.641942
[e323 s0300/1030] loss = 0.690373
[e323 s0350/1030] loss = 0.643322
[e323 s0400/1030] loss = 0.645932
[e323 s0450/1030] loss = 0.615503
[e323 s0500/1030] loss = 0.709962
[e323 s0550/1030] loss = 0.673594
[e323 s0600/1030] loss = 0.679632
[e323 s0650/1030] loss = 0.673048
[e323 s0700/1030] loss = 0.655945
[e323 s0750/1030] loss = 0.707700
[e323 s0800/1030] loss = 0.691477
[e323 s0850/1030] loss = 0.690260
[e323 s0900/1030] loss = 0.689317
[e323 s0950/1030] loss = 0.736811
[e323 s1000/1030] loss = 0.754722
Epoch 323: train_loss = 0.750342  MAE/GAME0 = 6.816  RMSE = 12.689  GAME1 = 8.245  GAME2 = 9.478  GAME3 = 10.249  lr = 1.00e-05  time = 7.6s
[e324 s0001/1030] loss = 0.441624
[e324 s0050/1030] loss = 0.930884
[e324 s0100/1030] loss = 0.812533
[e324 s0150/1030] loss = 0.700443
[e324 s0200/1030] loss = 0.793015
[e324 s0250/1030] loss = 0.742835
[e324 s0300/1030] loss = 0.677953
[e324 s0350/1030] loss = 0.648086
[e324 s0400/1030] loss = 0.642006
[e324 s0450/1030] loss = 0.623561
[e324 s0500/1030] loss = 0.625211
[e324 s0550/1030] loss = 0.629976
[e324 s0600/1030] loss = 0.660037
[e324 s0650/1030] loss = 0.657289
[e324 s0700/1030] loss = 0.673520
[e324 s0750/1030] loss = 0.660484
[e324 s0800/1030] loss = 0.656425
[e324 s0850/1030] loss = 0.657744
[e324 s0900/1030] loss = 0.655018
[e324 s0950/1030] loss = 0.646178
[e324 s1000/1030] loss = 0.651669
Epoch 324: train_loss = 0.645091  MAE/GAME0 = 6.067  RMSE = 9.860  GAME1 = 7.526  GAME2 = 8.916  GAME3 = 9.884  lr = 1.00e-05  time = 7.6s
[e325 s0001/1030] loss = 2.085727
[e325 s0050/1030] loss = 0.484133
[e325 s0100/1030] loss = 0.474832
[e325 s0150/1030] loss = 0.576184
[e325 s0200/1030] loss = 0.872189
[e325 s0250/1030] loss = 0.786625
[e325 s0300/1030] loss = 0.725603
[e325 s0350/1030] loss = 0.982500
[e325 s0400/1030] loss = 0.957988
[e325 s0450/1030] loss = 0.914753
[e325 s0500/1030] loss = 0.902120
[e325 s0550/1030] loss = 0.883049
[e325 s0600/1030] loss = 0.843591
[e325 s0650/1030] loss = 0.837047
[e325 s0700/1030] loss = 0.810543
[e325 s0750/1030] loss = 0.782255
[e325 s0800/1030] loss = 0.771902
[e325 s0850/1030] loss = 0.818925
[e325 s0900/1030] loss = 0.813886
[e325 s0950/1030] loss = 0.801011
[e325 s1000/1030] loss = 0.778652
Epoch 325: train_loss = 0.770509  MAE/GAME0 = 7.445  RMSE = 17.927  GAME1 = 8.751  GAME2 = 10.003  GAME3 = 10.964  lr = 1.00e-05  time = 7.5s
[e326 s0001/1030] loss = 0.053079
[e326 s0050/1030] loss = 0.411610
[e326 s0100/1030] loss = 0.546081
[e326 s0150/1030] loss = 0.664158
[e326 s0200/1030] loss = 0.707085
[e326 s0250/1030] loss = 0.658134
[e326 s0300/1030] loss = 0.637456
[e326 s0350/1030] loss = 0.606267
[e326 s0400/1030] loss = 0.653973
[e326 s0450/1030] loss = 0.646460
[e326 s0500/1030] loss = 0.627113
[e326 s0550/1030] loss = 0.621330
[e326 s0600/1030] loss = 0.623533
[e326 s0650/1030] loss = 0.610322
[e326 s0700/1030] loss = 0.644718
[e326 s0750/1030] loss = 0.650696
[e326 s0800/1030] loss = 0.868280
[e326 s0850/1030] loss = 0.849260
[e326 s0900/1030] loss = 0.830671
[e326 s0950/1030] loss = 0.822096
[e326 s1000/1030] loss = 0.811799
Epoch 326: train_loss = 0.809114  MAE/GAME0 = 7.497  RMSE = 15.684  GAME1 = 8.788  GAME2 = 9.992  GAME3 = 10.837  lr = 1.00e-05  time = 7.6s
[e327 s0001/1030] loss = 0.620184
[e327 s0050/1030] loss = 0.555158
[e327 s0100/1030] loss = 0.503521
[e327 s0150/1030] loss = 0.537823
[e327 s0200/1030] loss = 0.558667
[e327 s0250/1030] loss = 0.614764
[e327 s0300/1030] loss = 0.658142
[e327 s0350/1030] loss = 0.665803
[e327 s0400/1030] loss = 0.670210
[e327 s0450/1030] loss = 0.702817
[e327 s0500/1030] loss = 0.762512
[e327 s0550/1030] loss = 0.726804
[e327 s0600/1030] loss = 0.698561
[e327 s0650/1030] loss = 0.688953
[e327 s0700/1030] loss = 0.677911
[e327 s0750/1030] loss = 0.672901
[e327 s0800/1030] loss = 0.663227
[e327 s0850/1030] loss = 0.654688
[e327 s0900/1030] loss = 0.651737
[e327 s0950/1030] loss = 0.642986
[e327 s1000/1030] loss = 0.636967
Epoch 327: train_loss = 0.633951  MAE/GAME0 = 7.350  RMSE = 18.048  GAME1 = 8.658  GAME2 = 9.954  GAME3 = 10.795  lr = 1.00e-05  time = 7.7s
[e328 s0001/1030] loss = 1.362786
[e328 s0050/1030] loss = 0.654020
[e328 s0100/1030] loss = 0.587423
[e328 s0150/1030] loss = 0.512488
[e328 s0200/1030] loss = 0.528397
[e328 s0250/1030] loss = 0.528919
[e328 s0300/1030] loss = 0.551863
[e328 s0350/1030] loss = 0.544178
[e328 s0400/1030] loss = 0.559099
[e328 s0450/1030] loss = 0.554361
[e328 s0500/1030] loss = 0.598158
[e328 s0550/1030] loss = 0.630506
[e328 s0600/1030] loss = 0.632341
[e328 s0650/1030] loss = 0.647223
[e328 s0700/1030] loss = 0.634303
[e328 s0750/1030] loss = 0.648291
[e328 s0800/1030] loss = 0.630491
[e328 s0850/1030] loss = 0.707958
[e328 s0900/1030] loss = 0.697517
[e328 s0950/1030] loss = 0.678396
[e328 s1000/1030] loss = 0.681138
Epoch 328: train_loss = 0.685531  MAE/GAME0 = 6.933  RMSE = 13.064  GAME1 = 8.272  GAME2 = 9.737  GAME3 = 10.690  lr = 1.00e-05  time = 7.6s
[e329 s0001/1030] loss = 0.024780
[e329 s0050/1030] loss = 0.453371
[e329 s0100/1030] loss = 0.448118
[e329 s0150/1030] loss = 0.705421
[e329 s0200/1030] loss = 0.644025
[e329 s0250/1030] loss = 0.601361
[e329 s0300/1030] loss = 0.595075
[e329 s0350/1030] loss = 0.603054
[e329 s0400/1030] loss = 0.586378
[e329 s0450/1030] loss = 0.597984
[e329 s0500/1030] loss = 0.603541
[e329 s0550/1030] loss = 0.662208
[e329 s0600/1030] loss = 0.637602
[e329 s0650/1030] loss = 0.626762
[e329 s0700/1030] loss = 0.620481
[e329 s0750/1030] loss = 0.609949
[e329 s0800/1030] loss = 0.655331
[e329 s0850/1030] loss = 0.656979
[e329 s0900/1030] loss = 0.662025
[e329 s0950/1030] loss = 0.644594
[e329 s1000/1030] loss = 0.647362
Epoch 329: train_loss = 0.641504  MAE/GAME0 = 7.249  RMSE = 15.800  GAME1 = 8.529  GAME2 = 9.840  GAME3 = 10.678  lr = 1.00e-05  time = 7.6s
[e330 s0001/1030] loss = 0.145212
[e330 s0050/1030] loss = 0.518255
[e330 s0100/1030] loss = 0.550544
[e330 s0150/1030] loss = 0.589614
[e330 s0200/1030] loss = 0.573558
[e330 s0250/1030] loss = 0.567745
[e330 s0300/1030] loss = 0.577589
[e330 s0350/1030] loss = 0.665661
[e330 s0400/1030] loss = 0.664388
[e330 s0450/1030] loss = 0.647253
[e330 s0500/1030] loss = 0.638984
[e330 s0550/1030] loss = 0.663572
[e330 s0600/1030] loss = 0.654574
[e330 s0650/1030] loss = 0.659825
[e330 s0700/1030] loss = 0.675592
[e330 s0750/1030] loss = 0.698389
[e330 s0800/1030] loss = 0.700311
[e330 s0850/1030] loss = 0.695635
[e330 s0900/1030] loss = 0.684858
[e330 s0950/1030] loss = 0.668385
[e330 s1000/1030] loss = 0.656532
Epoch 330: train_loss = 0.681631  MAE/GAME0 = 6.449  RMSE = 10.657  GAME1 = 7.806  GAME2 = 9.162  GAME3 = 10.024  lr = 1.00e-05  time = 7.7s
[e331 s0001/1030] loss = 0.182644
[e331 s0050/1030] loss = 0.550297
[e331 s0100/1030] loss = 0.636706
[e331 s0150/1030] loss = 0.596146
[e331 s0200/1030] loss = 0.573125
[e331 s0250/1030] loss = 0.578379
[e331 s0300/1030] loss = 0.566723
[e331 s0350/1030] loss = 0.579261
[e331 s0400/1030] loss = 0.570106
[e331 s0450/1030] loss = 0.585876
[e331 s0500/1030] loss = 0.587190
[e331 s0550/1030] loss = 0.601313
[e331 s0600/1030] loss = 0.600583
[e331 s0650/1030] loss = 0.638182
[e331 s0700/1030] loss = 0.670568
[e331 s0750/1030] loss = 0.674552
[e331 s0800/1030] loss = 0.672070
[e331 s0850/1030] loss = 0.654648
[e331 s0900/1030] loss = 0.654900
[e331 s0950/1030] loss = 0.644447
[e331 s1000/1030] loss = 0.644571
Epoch 331: train_loss = 0.656344  MAE/GAME0 = 6.997  RMSE = 14.369  GAME1 = 8.386  GAME2 = 9.769  GAME3 = 10.571  lr = 1.00e-05  time = 7.6s
[e332 s0001/1030] loss = 0.097328
[e332 s0050/1030] loss = 0.934692
[e332 s0100/1030] loss = 0.691440
[e332 s0150/1030] loss = 0.636070
[e332 s0200/1030] loss = 0.610991
[e332 s0250/1030] loss = 0.587742
[e332 s0300/1030] loss = 0.568232
[e332 s0350/1030] loss = 0.596149
[e332 s0400/1030] loss = 0.624796
[e332 s0450/1030] loss = 0.643803
[e332 s0500/1030] loss = 0.687806
[e332 s0550/1030] loss = 0.689540
[e332 s0600/1030] loss = 0.680362
[e332 s0650/1030] loss = 0.728890
[e332 s0700/1030] loss = 0.745643
[e332 s0750/1030] loss = 0.731234
[e332 s0800/1030] loss = 0.717045
[e332 s0850/1030] loss = 0.697382
[e332 s0900/1030] loss = 0.681263
[e332 s0950/1030] loss = 0.726519
[e332 s1000/1030] loss = 0.723189
Epoch 332: train_loss = 0.739399  MAE/GAME0 = 7.314  RMSE = 16.051  GAME1 = 8.592  GAME2 = 9.850  GAME3 = 10.599  lr = 1.00e-05  time = 7.5s
[e333 s0001/1030] loss = 0.272159
[e333 s0050/1030] loss = 0.638665
[e333 s0100/1030] loss = 0.605347
[e333 s0150/1030] loss = 0.559464
[e333 s0200/1030] loss = 0.685290
[e333 s0250/1030] loss = 0.747624
[e333 s0300/1030] loss = 0.723525
[e333 s0350/1030] loss = 0.696366
[e333 s0400/1030] loss = 0.680810
[e333 s0450/1030] loss = 0.669426
[e333 s0500/1030] loss = 0.653295
[e333 s0550/1030] loss = 0.656168
[e333 s0600/1030] loss = 0.662073
[e333 s0650/1030] loss = 0.641050
[e333 s0700/1030] loss = 0.622893
[e333 s0750/1030] loss = 0.621413
[e333 s0800/1030] loss = 0.621111
[e333 s0850/1030] loss = 0.615334
[e333 s0900/1030] loss = 0.605994
[e333 s0950/1030] loss = 0.639267
[e333 s1000/1030] loss = 0.658630
Epoch 333: train_loss = 0.657227  MAE/GAME0 = 6.910  RMSE = 15.659  GAME1 = 8.219  GAME2 = 9.369  GAME3 = 10.181  lr = 1.00e-05  time = 7.8s
[e334 s0001/1030] loss = 0.255470
[e334 s0050/1030] loss = 0.489265
[e334 s0100/1030] loss = 0.802614
[e334 s0150/1030] loss = 0.739665
[e334 s0200/1030] loss = 0.674905
[e334 s0250/1030] loss = 0.681512
[e334 s0300/1030] loss = 0.671107
[e334 s0350/1030] loss = 0.662718
[e334 s0400/1030] loss = 0.679228
[e334 s0450/1030] loss = 0.706609
[e334 s0500/1030] loss = 0.674851
[e334 s0550/1030] loss = 0.692427
[e334 s0600/1030] loss = 0.712804
[e334 s0650/1030] loss = 0.694413
[e334 s0700/1030] loss = 0.681579
[e334 s0750/1030] loss = 0.673903
[e334 s0800/1030] loss = 0.654879
[e334 s0850/1030] loss = 0.672936
[e334 s0900/1030] loss = 0.682318
[e334 s0950/1030] loss = 0.667775
[e334 s1000/1030] loss = 0.661105
Epoch 334: train_loss = 0.658618  MAE/GAME0 = 7.937  RMSE = 22.656  GAME1 = 9.162  GAME2 = 10.276  GAME3 = 11.028  lr = 1.00e-05  time = 7.6s
[e335 s0001/1030] loss = 0.133854
[e335 s0050/1030] loss = 0.567105
[e335 s0100/1030] loss = 0.635786
[e335 s0150/1030] loss = 0.569291
[e335 s0200/1030] loss = 0.542520
[e335 s0250/1030] loss = 0.520659
[e335 s0300/1030] loss = 0.506307
[e335 s0350/1030] loss = 0.536605
[e335 s0400/1030] loss = 0.564412
[e335 s0450/1030] loss = 0.612035
[e335 s0500/1030] loss = 0.613279
[e335 s0550/1030] loss = 0.595002
[e335 s0600/1030] loss = 0.596344
[e335 s0650/1030] loss = 0.598009
[e335 s0700/1030] loss = 0.619930
[e335 s0750/1030] loss = 0.612371
[e335 s0800/1030] loss = 0.616672
[e335 s0850/1030] loss = 0.609930
[e335 s0900/1030] loss = 0.599883
[e335 s0950/1030] loss = 0.642956
[e335 s1000/1030] loss = 0.643059
Epoch 335: train_loss = 0.636692  MAE/GAME0 = 6.807  RMSE = 11.755  GAME1 = 7.947  GAME2 = 9.060  GAME3 = 9.856  lr = 1.00e-05  time = 7.6s
[e336 s0001/1030] loss = 0.797630
[e336 s0050/1030] loss = 0.554309
[e336 s0100/1030] loss = 0.528017
[e336 s0150/1030] loss = 0.523249
[e336 s0200/1030] loss = 0.488106
[e336 s0250/1030] loss = 0.498269
[e336 s0300/1030] loss = 0.514420
[e336 s0350/1030] loss = 0.522144
[e336 s0400/1030] loss = 0.497788
[e336 s0450/1030] loss = 0.508571
[e336 s0500/1030] loss = 0.511730
[e336 s0550/1030] loss = 0.508262
[e336 s0600/1030] loss = 0.515299
[e336 s0650/1030] loss = 0.513162
[e336 s0700/1030] loss = 0.537211
[e336 s0750/1030] loss = 0.549464
[e336 s0800/1030] loss = 0.536020
[e336 s0850/1030] loss = 0.545176
[e336 s0900/1030] loss = 0.653026
[e336 s0950/1030] loss = 0.671868
[e336 s1000/1030] loss = 0.684509
Epoch 336: train_loss = 0.696173  MAE/GAME0 = 5.984  RMSE = 10.203  GAME1 = 7.578  GAME2 = 8.841  GAME3 = 9.878  lr = 1.00e-05  time = 7.6s
[e337 s0001/1030] loss = 0.679097
[e337 s0050/1030] loss = 0.730716
[e337 s0100/1030] loss = 0.678811
[e337 s0150/1030] loss = 0.713728
[e337 s0200/1030] loss = 0.650806
[e337 s0250/1030] loss = 0.634417
[e337 s0300/1030] loss = 0.619407
[e337 s0350/1030] loss = 0.604235
[e337 s0400/1030] loss = 0.628605
[e337 s0450/1030] loss = 0.646830
[e337 s0500/1030] loss = 0.645287
[e337 s0550/1030] loss = 0.643520
[e337 s0600/1030] loss = 0.647730
[e337 s0650/1030] loss = 0.633220
[e337 s0700/1030] loss = 0.649684
[e337 s0750/1030] loss = 0.672673
[e337 s0800/1030] loss = 0.670015
[e337 s0850/1030] loss = 0.663594
[e337 s0900/1030] loss = 0.652377
[e337 s0950/1030] loss = 0.670778
[e337 s1000/1030] loss = 0.675920
Epoch 337: train_loss = 0.677817  MAE/GAME0 = 7.327  RMSE = 15.712  GAME1 = 8.586  GAME2 = 9.899  GAME3 = 10.832  lr = 1.00e-05  time = 7.8s
[e338 s0001/1030] loss = 0.749995
[e338 s0050/1030] loss = 0.426681
[e338 s0100/1030] loss = 0.523293
[e338 s0150/1030] loss = 0.551545
[e338 s0200/1030] loss = 0.828832
[e338 s0250/1030] loss = 0.775507
[e338 s0300/1030] loss = 0.767685
[e338 s0350/1030] loss = 0.808177
[e338 s0400/1030] loss = 0.765236
[e338 s0450/1030] loss = 0.733339
[e338 s0500/1030] loss = 0.719156
[e338 s0550/1030] loss = 0.726842
[e338 s0600/1030] loss = 0.730747
[e338 s0650/1030] loss = 0.736325
[e338 s0700/1030] loss = 0.737100
[e338 s0750/1030] loss = 0.722055
[e338 s0800/1030] loss = 0.706289
[e338 s0850/1030] loss = 0.710901
[e338 s0900/1030] loss = 0.698034
[e338 s0950/1030] loss = 0.695185
[e338 s1000/1030] loss = 0.679727
Epoch 338: train_loss = 0.667557  MAE/GAME0 = 6.154  RMSE = 10.824  GAME1 = 7.480  GAME2 = 8.710  GAME3 = 9.596  lr = 1.00e-05  time = 7.6s
[e339 s0001/1030] loss = 0.127631
[e339 s0050/1030] loss = 0.557376
[e339 s0100/1030] loss = 0.522519
[e339 s0150/1030] loss = 0.610477
[e339 s0200/1030] loss = 0.612959
[e339 s0250/1030] loss = 0.625880
[e339 s0300/1030] loss = 0.624746
[e339 s0350/1030] loss = 0.610542
[e339 s0400/1030] loss = 0.643221
[e339 s0450/1030] loss = 0.637140
[e339 s0500/1030] loss = 0.639736
[e339 s0550/1030] loss = 0.623995
[e339 s0600/1030] loss = 0.609668
[e339 s0650/1030] loss = 0.599658
[e339 s0700/1030] loss = 0.582468
[e339 s0750/1030] loss = 0.586820
[e339 s0800/1030] loss = 0.572794
[e339 s0850/1030] loss = 0.578026
[e339 s0900/1030] loss = 0.576417
[e339 s0950/1030] loss = 0.574235
[e339 s1000/1030] loss = 0.613356
Epoch 339: train_loss = 0.628158  MAE/GAME0 = 8.326  RMSE = 19.512  GAME1 = 9.721  GAME2 = 10.933  GAME3 = 11.705  lr = 1.00e-05  time = 7.6s
[e340 s0001/1030] loss = 0.226743
[e340 s0050/1030] loss = 0.601225
[e340 s0100/1030] loss = 0.604059
[e340 s0150/1030] loss = 0.548381
[e340 s0200/1030] loss = 0.500479
[e340 s0250/1030] loss = 0.547811
[e340 s0300/1030] loss = 0.529104
[e340 s0350/1030] loss = 0.802457
[e340 s0400/1030] loss = 0.818563
[e340 s0450/1030] loss = 0.800736
[e340 s0500/1030] loss = 0.803211
[e340 s0550/1030] loss = 0.777517
[e340 s0600/1030] loss = 0.779663
[e340 s0650/1030] loss = 0.753206
[e340 s0700/1030] loss = 0.844146
[e340 s0750/1030] loss = 0.832082
[e340 s0800/1030] loss = 0.800683
[e340 s0850/1030] loss = 0.795201
[e340 s0900/1030] loss = 0.807919
[e340 s0950/1030] loss = 0.800974
[e340 s1000/1030] loss = 0.790431
Epoch 340: train_loss = 0.778201  MAE/GAME0 = 6.736  RMSE = 12.065  GAME1 = 7.888  GAME2 = 8.970  GAME3 = 9.746  lr = 1.00e-05  time = 7.6s
[e341 s0001/1030] loss = 0.382628
[e341 s0050/1030] loss = 0.574001
[e341 s0100/1030] loss = 0.547641
[e341 s0150/1030] loss = 0.596297
[e341 s0200/1030] loss = 0.567726
[e341 s0250/1030] loss = 0.563183
[e341 s0300/1030] loss = 0.574855
[e341 s0350/1030] loss = 0.622818
[e341 s0400/1030] loss = 0.603406
[e341 s0450/1030] loss = 0.589962
[e341 s0500/1030] loss = 0.573026
[e341 s0550/1030] loss = 0.561839
[e341 s0600/1030] loss = 0.555198
[e341 s0650/1030] loss = 0.577744
[e341 s0700/1030] loss = 0.583707
[e341 s0750/1030] loss = 0.578111
[e341 s0800/1030] loss = 0.581188
[e341 s0850/1030] loss = 0.577030
[e341 s0900/1030] loss = 0.573323
[e341 s0950/1030] loss = 0.580150
[e341 s1000/1030] loss = 0.581801
Epoch 341: train_loss = 0.579180  MAE/GAME0 = 7.225  RMSE = 11.094  GAME1 = 8.456  GAME2 = 9.851  GAME3 = 10.756  lr = 1.00e-05  time = 7.6s
[e342 s0001/1030] loss = 1.103343
[e342 s0050/1030] loss = 0.415684
[e342 s0100/1030] loss = 0.445563
[e342 s0150/1030] loss = 0.473540
[e342 s0200/1030] loss = 0.455296
[e342 s0250/1030] loss = 0.627135
[e342 s0300/1030] loss = 0.610685
[e342 s0350/1030] loss = 0.641650
[e342 s0400/1030] loss = 0.694361
[e342 s0450/1030] loss = 0.680267
[e342 s0500/1030] loss = 0.681587
[e342 s0550/1030] loss = 0.670876
[e342 s0600/1030] loss = 0.723961
[e342 s0650/1030] loss = 0.707018
[e342 s0700/1030] loss = 0.698312
[e342 s0750/1030] loss = 0.703025
[e342 s0800/1030] loss = 0.696605
[e342 s0850/1030] loss = 0.695508
[e342 s0900/1030] loss = 0.692320
[e342 s0950/1030] loss = 0.681927
[e342 s1000/1030] loss = 0.676847
Epoch 342: train_loss = 0.663918  MAE/GAME0 = 6.482  RMSE = 12.246  GAME1 = 7.637  GAME2 = 8.759  GAME3 = 9.526  lr = 1.00e-05  time = 7.6s
[e343 s0001/1030] loss = 0.206242
[e343 s0050/1030] loss = 0.424469
[e343 s0100/1030] loss = 0.392991
[e343 s0150/1030] loss = 0.533701
[e343 s0200/1030] loss = 0.680091
[e343 s0250/1030] loss = 0.652895
[e343 s0300/1030] loss = 0.613433
[e343 s0350/1030] loss = 0.579018
[e343 s0400/1030] loss = 0.573303
[e343 s0450/1030] loss = 0.577764
[e343 s0500/1030] loss = 0.606847
[e343 s0550/1030] loss = 0.587193
[e343 s0600/1030] loss = 0.583201
[e343 s0650/1030] loss = 0.570091
[e343 s0700/1030] loss = 0.584011
[e343 s0750/1030] loss = 0.652792
[e343 s0800/1030] loss = 0.638269
[e343 s0850/1030] loss = 0.651279
[e343 s0900/1030] loss = 0.656417
[e343 s0950/1030] loss = 0.643737
[e343 s1000/1030] loss = 0.643782
Epoch 343: train_loss = 0.641707  MAE/GAME0 = 7.799  RMSE = 23.829  GAME1 = 9.053  GAME2 = 10.412  GAME3 = 11.237  lr = 1.00e-05  time = 7.6s
[e344 s0001/1030] loss = 0.571119
[e344 s0050/1030] loss = 0.707062
[e344 s0100/1030] loss = 0.698729
[e344 s0150/1030] loss = 0.675966
[e344 s0200/1030] loss = 1.986289
[e344 s0250/1030] loss = 1.799456
[e344 s0300/1030] loss = 1.632970
[e344 s0350/1030] loss = 1.499657
[e344 s0400/1030] loss = 1.422217
[e344 s0450/1030] loss = 1.371421
[e344 s0500/1030] loss = 1.309469
[e344 s0550/1030] loss = 1.280084
[e344 s0600/1030] loss = 1.221444
[e344 s0650/1030] loss = 1.156164
[e344 s0700/1030] loss = 1.103375
[e344 s0750/1030] loss = 1.064169
[e344 s0800/1030] loss = 1.049680
[e344 s0850/1030] loss = 1.034496
[e344 s0900/1030] loss = 1.026544
[e344 s0950/1030] loss = 0.989845
[e344 s1000/1030] loss = 0.972289
Epoch 344: train_loss = 0.957327  MAE/GAME0 = 6.902  RMSE = 14.319  GAME1 = 8.099  GAME2 = 9.326  GAME3 = 10.125  lr = 1.00e-05  time = 7.6s
[e345 s0001/1030] loss = 0.039707
[e345 s0050/1030] loss = 0.470314
[e345 s0100/1030] loss = 0.705252
[e345 s0150/1030] loss = 0.770167
[e345 s0200/1030] loss = 0.707700
[e345 s0250/1030] loss = 0.665636
[e345 s0300/1030] loss = 0.636696
[e345 s0350/1030] loss = 0.622647
[e345 s0400/1030] loss = 0.645572
[e345 s0450/1030] loss = 0.621345
[e345 s0500/1030] loss = 0.640974
[e345 s0550/1030] loss = 0.639362
[e345 s0600/1030] loss = 0.627719
[e345 s0650/1030] loss = 0.623062
[e345 s0700/1030] loss = 0.630323
[e345 s0750/1030] loss = 0.611346
[e345 s0800/1030] loss = 0.629172
[e345 s0850/1030] loss = 0.630513
[e345 s0900/1030] loss = 0.632378
[e345 s0950/1030] loss = 0.623036
[e345 s1000/1030] loss = 0.610898
Epoch 345: train_loss = 0.604867  MAE/GAME0 = 6.522  RMSE = 12.708  GAME1 = 7.752  GAME2 = 8.946  GAME3 = 9.763  lr = 1.00e-05  time = 7.6s
[e346 s0001/1030] loss = 0.696986
[e346 s0050/1030] loss = 0.399150
[e346 s0100/1030] loss = 0.487240
[e346 s0150/1030] loss = 0.514584
[e346 s0200/1030] loss = 0.473744
[e346 s0250/1030] loss = 0.479932
[e346 s0300/1030] loss = 0.513920
[e346 s0350/1030] loss = 0.490871
[e346 s0400/1030] loss = 0.507503
[e346 s0450/1030] loss = 0.546107
[e346 s0500/1030] loss = 0.555538
[e346 s0550/1030] loss = 0.544285
[e346 s0600/1030] loss = 0.561105
[e346 s0650/1030] loss = 0.593859
[e346 s0700/1030] loss = 0.589253
[e346 s0750/1030] loss = 0.574169
[e346 s0800/1030] loss = 0.559892
[e346 s0850/1030] loss = 0.556509
[e346 s0900/1030] loss = 0.561214
[e346 s0950/1030] loss = 0.566404
[e346 s1000/1030] loss = 0.569251
Epoch 346: train_loss = 0.590097  MAE/GAME0 = 6.846  RMSE = 13.920  GAME1 = 8.320  GAME2 = 9.713  GAME3 = 10.468  lr = 1.00e-05  time = 7.6s
[e347 s0001/1030] loss = 0.638597
[e347 s0050/1030] loss = 0.618110
[e347 s0100/1030] loss = 0.784323
[e347 s0150/1030] loss = 0.725638
[e347 s0200/1030] loss = 0.781988
[e347 s0250/1030] loss = 0.762161
[e347 s0300/1030] loss = 0.719918
[e347 s0350/1030] loss = 0.709810
[e347 s0400/1030] loss = 0.668717
[e347 s0450/1030] loss = 0.658307
[e347 s0500/1030] loss = 0.650678
[e347 s0550/1030] loss = 0.645558
[e347 s0600/1030] loss = 0.632567
[e347 s0650/1030] loss = 0.639024
[e347 s0700/1030] loss = 0.657880
[e347 s0750/1030] loss = 0.647338
[e347 s0800/1030] loss = 0.670961
[e347 s0850/1030] loss = 0.710893
[e347 s0900/1030] loss = 0.702798
[e347 s0950/1030] loss = 0.698074
[e347 s1000/1030] loss = 0.695256
Epoch 347: train_loss = 0.685384  MAE/GAME0 = 7.251  RMSE = 19.481  GAME1 = 8.555  GAME2 = 9.821  GAME3 = 10.624  lr = 1.00e-05  time = 7.5s
[e348 s0001/1030] loss = 0.169272
[e348 s0050/1030] loss = 0.932435
[e348 s0100/1030] loss = 0.725674
[e348 s0150/1030] loss = 0.787505
[e348 s0200/1030] loss = 0.691777
[e348 s0250/1030] loss = 0.723288
[e348 s0300/1030] loss = 0.779323
[e348 s0350/1030] loss = 0.874118
[e348 s0400/1030] loss = 0.829117
[e348 s0450/1030] loss = 0.793059
[e348 s0500/1030] loss = 0.764933
[e348 s0550/1030] loss = 0.736813
[e348 s0600/1030] loss = 0.716867
[e348 s0650/1030] loss = 0.712808
[e348 s0700/1030] loss = 0.702331
[e348 s0750/1030] loss = 0.682324
[e348 s0800/1030] loss = 0.675603
[e348 s0850/1030] loss = 0.674144
[e348 s0900/1030] loss = 0.707529
[e348 s0950/1030] loss = 0.700029
[e348 s1000/1030] loss = 0.691810
Epoch 348: train_loss = 0.688833  MAE/GAME0 = 6.917  RMSE = 11.851  GAME1 = 8.056  GAME2 = 9.220  GAME3 = 10.052  lr = 1.00e-05  time = 7.7s
[e349 s0001/1030] loss = 0.197132
[e349 s0050/1030] loss = 0.567521
[e349 s0100/1030] loss = 0.526923
[e349 s0150/1030] loss = 0.536103
[e349 s0200/1030] loss = 0.540037
[e349 s0250/1030] loss = 0.533841
[e349 s0300/1030] loss = 0.605501
[e349 s0350/1030] loss = 0.562925
[e349 s0400/1030] loss = 0.596114
[e349 s0450/1030] loss = 0.617325
[e349 s0500/1030] loss = 0.610530
[e349 s0550/1030] loss = 0.593276
[e349 s0600/1030] loss = 0.612327
[e349 s0650/1030] loss = 0.603444
[e349 s0700/1030] loss = 0.589506
[e349 s0750/1030] loss = 0.601974
[e349 s0800/1030] loss = 0.629838
[e349 s0850/1030] loss = 0.621906
[e349 s0900/1030] loss = 0.616390
[e349 s0950/1030] loss = 0.610027
[e349 s1000/1030] loss = 0.599864
Epoch 349: train_loss = 0.604900  MAE/GAME0 = 6.214  RMSE = 10.188  GAME1 = 7.488  GAME2 = 8.749  GAME3 = 9.638  lr = 1.00e-05  time = 7.5s
[e350 s0001/1030] loss = 1.366266
[e350 s0050/1030] loss = 0.431564
[e350 s0100/1030] loss = 0.774771
[e350 s0150/1030] loss = 0.754508
[e350 s0200/1030] loss = 0.667204
[e350 s0250/1030] loss = 0.608518
[e350 s0300/1030] loss = 0.679448
[e350 s0350/1030] loss = 0.641380
[e350 s0400/1030] loss = 0.618387
[e350 s0450/1030] loss = 0.621544
[e350 s0500/1030] loss = 0.829440
[e350 s0550/1030] loss = 0.811420
[e350 s0600/1030] loss = 0.781482
[e350 s0650/1030] loss = 0.770152
[e350 s0700/1030] loss = 0.735260
[e350 s0750/1030] loss = 0.725792
[e350 s0800/1030] loss = 0.723054
[e350 s0850/1030] loss = 0.724054
[e350 s0900/1030] loss = 0.714408
[e350 s0950/1030] loss = 0.698243
[e350 s1000/1030] loss = 0.692123
Epoch 350: train_loss = 0.684317  MAE/GAME0 = 8.148  RMSE = 21.542  GAME1 = 9.265  GAME2 = 10.173  GAME3 = 10.866  lr = 1.00e-05  time = 7.5s
[e351 s0001/1030] loss = 0.191879
[e351 s0050/1030] loss = 0.597329
[e351 s0100/1030] loss = 0.530377
[e351 s0150/1030] loss = 0.481277
[e351 s0200/1030] loss = 0.509164
[e351 s0250/1030] loss = 0.564445
[e351 s0300/1030] loss = 0.568122
[e351 s0350/1030] loss = 0.577971
[e351 s0400/1030] loss = 0.608989
[e351 s0450/1030] loss = 0.589374
[e351 s0500/1030] loss = 0.619215
[e351 s0550/1030] loss = 0.610873
[e351 s0600/1030] loss = 0.608008
[e351 s0650/1030] loss = 0.777696
[e351 s0700/1030] loss = 0.752125
[e351 s0750/1030] loss = 0.731023
[e351 s0800/1030] loss = 0.727945
[e351 s0850/1030] loss = 0.709470
[e351 s0900/1030] loss = 0.703075
[e351 s0950/1030] loss = 0.704277
[e351 s1000/1030] loss = 0.703327
Epoch 351: train_loss = 0.709301  MAE/GAME0 = 7.015  RMSE = 15.864  GAME1 = 8.280  GAME2 = 9.374  GAME3 = 10.180  lr = 1.00e-05  time = 7.6s
[e352 s0001/1030] loss = 0.323379
[e352 s0050/1030] loss = 0.517379
[e352 s0100/1030] loss = 0.519684
[e352 s0150/1030] loss = 0.482795
[e352 s0200/1030] loss = 0.517837
[e352 s0250/1030] loss = 0.543103
[e352 s0300/1030] loss = 0.666778
[e352 s0350/1030] loss = 0.646587
[e352 s0400/1030] loss = 0.675711
[e352 s0450/1030] loss = 0.642218
[e352 s0500/1030] loss = 0.623206
[e352 s0550/1030] loss = 0.629514
[e352 s0600/1030] loss = 0.636925
[e352 s0650/1030] loss = 0.618929
[e352 s0700/1030] loss = 0.628621
[e352 s0750/1030] loss = 0.614843
[e352 s0800/1030] loss = 0.606021
[e352 s0850/1030] loss = 0.597456
[e352 s0900/1030] loss = 0.604189
[e352 s0950/1030] loss = 0.614836
[e352 s1000/1030] loss = 0.608389
Epoch 352: train_loss = 0.610954  MAE/GAME0 = 6.524  RMSE = 10.524  GAME1 = 7.792  GAME2 = 9.174  GAME3 = 10.063  lr = 1.00e-05  time = 7.5s
[e353 s0001/1030] loss = 1.360243
[e353 s0050/1030] loss = 0.783382
[e353 s0100/1030] loss = 0.752346
[e353 s0150/1030] loss = 0.656387
[e353 s0200/1030] loss = 0.595060
[e353 s0250/1030] loss = 0.538693
[e353 s0300/1030] loss = 0.604315
[e353 s0350/1030] loss = 0.664059
[e353 s0400/1030] loss = 0.632682
[e353 s0450/1030] loss = 0.615319
[e353 s0500/1030] loss = 0.618924
[e353 s0550/1030] loss = 0.618364
[e353 s0600/1030] loss = 0.597967
[e353 s0650/1030] loss = 0.614696
[e353 s0700/1030] loss = 0.596385
[e353 s0750/1030] loss = 0.588387
[e353 s0800/1030] loss = 0.599670
[e353 s0850/1030] loss = 0.594977
[e353 s0900/1030] loss = 0.609249
[e353 s0950/1030] loss = 0.598051
[e353 s1000/1030] loss = 0.591834
Epoch 353: train_loss = 0.592045  MAE/GAME0 = 7.119  RMSE = 10.643  GAME1 = 8.337  GAME2 = 9.675  GAME3 = 10.534  lr = 1.00e-05  time = 7.6s
[e354 s0001/1030] loss = 0.273238
[e354 s0050/1030] loss = 0.768082
[e354 s0100/1030] loss = 0.899019
[e354 s0150/1030] loss = 0.896210
[e354 s0200/1030] loss = 0.783275
[e354 s0250/1030] loss = 0.718612
[e354 s0300/1030] loss = 0.738670
[e354 s0350/1030] loss = 0.701326
[e354 s0400/1030] loss = 0.663895
[e354 s0450/1030] loss = 0.649680
[e354 s0500/1030] loss = 0.635533
[e354 s0550/1030] loss = 0.669266
[e354 s0600/1030] loss = 0.647195
[e354 s0650/1030] loss = 0.631661
[e354 s0700/1030] loss = 0.628062
[e354 s0750/1030] loss = 0.627076
[e354 s0800/1030] loss = 0.623187
[e354 s0850/1030] loss = 0.616954
[e354 s0900/1030] loss = 0.604493
[e354 s0950/1030] loss = 0.612909
[e354 s1000/1030] loss = 0.609091
Epoch 354: train_loss = 0.604963  MAE/GAME0 = 6.737  RMSE = 12.478  GAME1 = 7.905  GAME2 = 8.929  GAME3 = 9.663  lr = 1.00e-05  time = 7.8s
[e355 s0001/1030] loss = 0.024589
[e355 s0050/1030] loss = 0.396451
[e355 s0100/1030] loss = 0.416307
[e355 s0150/1030] loss = 0.499662
[e355 s0200/1030] loss = 0.523765
[e355 s0250/1030] loss = 0.550138
[e355 s0300/1030] loss = 0.567012
[e355 s0350/1030] loss = 0.551852
[e355 s0400/1030] loss = 0.575590
[e355 s0450/1030] loss = 0.590665
[e355 s0500/1030] loss = 0.613712
[e355 s0550/1030] loss = 0.593437
[e355 s0600/1030] loss = 0.581288
[e355 s0650/1030] loss = 0.574003
[e355 s0700/1030] loss = 0.570196
[e355 s0750/1030] loss = 0.561835
[e355 s0800/1030] loss = 0.563942
[e355 s0850/1030] loss = 0.567964
[e355 s0900/1030] loss = 0.561098
[e355 s0950/1030] loss = 0.579758
[e355 s1000/1030] loss = 0.587008
Epoch 355: train_loss = 0.584289  MAE/GAME0 = 6.896  RMSE = 13.985  GAME1 = 7.955  GAME2 = 8.913  GAME3 = 9.669  lr = 1.00e-05  time = 7.5s
[e356 s0001/1030] loss = 1.883637
[e356 s0050/1030] loss = 0.558720
[e356 s0100/1030] loss = 0.627326
[e356 s0150/1030] loss = 0.527236
[e356 s0200/1030] loss = 0.514508
[e356 s0250/1030] loss = 0.482385
[e356 s0300/1030] loss = 0.485260
[e356 s0350/1030] loss = 0.475447
[e356 s0400/1030] loss = 0.471004
[e356 s0450/1030] loss = 0.469306
[e356 s0500/1030] loss = 0.528873
[e356 s0550/1030] loss = 0.549066
[e356 s0600/1030] loss = 0.567187
[e356 s0650/1030] loss = 0.573640
[e356 s0700/1030] loss = 0.569303
[e356 s0750/1030] loss = 0.584385
[e356 s0800/1030] loss = 0.610332
[e356 s0850/1030] loss = 0.619599
[e356 s0900/1030] loss = 0.625099
[e356 s0950/1030] loss = 0.624705
[e356 s1000/1030] loss = 0.616528
Epoch 356: train_loss = 0.609959  MAE/GAME0 = 6.711  RMSE = 12.821  GAME1 = 7.793  GAME2 = 8.916  GAME3 = 9.696  lr = 1.00e-05  time = 7.8s
[e357 s0001/1030] loss = 0.186997
[e357 s0050/1030] loss = 0.609825
[e357 s0100/1030] loss = 0.569904
[e357 s0150/1030] loss = 0.602980
[e357 s0200/1030] loss = 0.549662
[e357 s0250/1030] loss = 0.510717
[e357 s0300/1030] loss = 0.534440
[e357 s0350/1030] loss = 0.538616
[e357 s0400/1030] loss = 0.552654
[e357 s0450/1030] loss = 0.550500
[e357 s0500/1030] loss = 0.551877
[e357 s0550/1030] loss = 0.554764
[e357 s0600/1030] loss = 0.570948
[e357 s0650/1030] loss = 0.576846
[e357 s0700/1030] loss = 0.569570
[e357 s0750/1030] loss = 0.554267
[e357 s0800/1030] loss = 0.548808
[e357 s0850/1030] loss = 0.545806
[e357 s0900/1030] loss = 0.548053
[e357 s0950/1030] loss = 0.539836
[e357 s1000/1030] loss = 0.538436
Epoch 357: train_loss = 0.538215  MAE/GAME0 = 6.737  RMSE = 11.389  GAME1 = 7.688  GAME2 = 8.695  GAME3 = 9.448  lr = 1.00e-05  time = 7.6s
[e358 s0001/1030] loss = 0.029176
[e358 s0050/1030] loss = 0.338354
[e358 s0100/1030] loss = 0.489760
[e358 s0150/1030] loss = 0.515834
[e358 s0200/1030] loss = 0.537466
[e358 s0250/1030] loss = 0.550450
[e358 s0300/1030] loss = 0.583041
[e358 s0350/1030] loss = 0.584801
[e358 s0400/1030] loss = 0.583919
[e358 s0450/1030] loss = 0.568009
[e358 s0500/1030] loss = 0.558234
[e358 s0550/1030] loss = 0.582561
[e358 s0600/1030] loss = 0.565936
[e358 s0650/1030] loss = 0.699262
[e358 s0700/1030] loss = 0.691678
[e358 s0750/1030] loss = 0.673032
[e358 s0800/1030] loss = 0.670662
[e358 s0850/1030] loss = 0.676677
[e358 s0900/1030] loss = 0.686183
[e358 s0950/1030] loss = 0.686126
[e358 s1000/1030] loss = 0.678345
Epoch 358: train_loss = 0.671862  MAE/GAME0 = 7.740  RMSE = 19.497  GAME1 = 8.909  GAME2 = 10.156  GAME3 = 10.971  lr = 1.00e-05  time = 7.5s
[e359 s0001/1030] loss = 0.067583
[e359 s0050/1030] loss = 0.703409
[e359 s0100/1030] loss = 0.589879
[e359 s0150/1030] loss = 0.523002
[e359 s0200/1030] loss = 0.484931
[e359 s0250/1030] loss = 0.490267
[e359 s0300/1030] loss = 0.690778
[e359 s0350/1030] loss = 0.657063
[e359 s0400/1030] loss = 0.636982
[e359 s0450/1030] loss = 0.622383
[e359 s0500/1030] loss = 0.596602
[e359 s0550/1030] loss = 0.604518
[e359 s0600/1030] loss = 0.599160
[e359 s0650/1030] loss = 0.583949
[e359 s0700/1030] loss = 0.575601
[e359 s0750/1030] loss = 0.568048
[e359 s0800/1030] loss = 0.575099
[e359 s0850/1030] loss = 0.679804
[e359 s0900/1030] loss = 0.673722
[e359 s0950/1030] loss = 0.673721
[e359 s1000/1030] loss = 0.667557
Epoch 359: train_loss = 0.662260  MAE/GAME0 = 6.665  RMSE = 14.076  GAME1 = 7.898  GAME2 = 9.061  GAME3 = 9.902  lr = 1.00e-05  time = 7.5s
[e360 s0001/1030] loss = 1.679175
[e360 s0050/1030] loss = 0.648116
[e360 s0100/1030] loss = 0.675878
[e360 s0150/1030] loss = 0.647083
[e360 s0200/1030] loss = 0.604030
[e360 s0250/1030] loss = 0.584803
[e360 s0300/1030] loss = 0.560808
[e360 s0350/1030] loss = 0.599972
[e360 s0400/1030] loss = 0.602120
[e360 s0450/1030] loss = 0.599390
[e360 s0500/1030] loss = 0.588217
[e360 s0550/1030] loss = 0.620390
[e360 s0600/1030] loss = 0.599401
[e360 s0650/1030] loss = 0.588392
[e360 s0700/1030] loss = 0.605808
[e360 s0750/1030] loss = 0.609609
[e360 s0800/1030] loss = 0.605956
[e360 s0850/1030] loss = 0.596748
[e360 s0900/1030] loss = 0.590785
[e360 s0950/1030] loss = 0.646902
[e360 s1000/1030] loss = 0.646845
Epoch 360: train_loss = 0.666404  MAE/GAME0 = 9.013  RMSE = 12.059  GAME1 = 10.070  GAME2 = 11.404  GAME3 = 12.280  lr = 1.00e-05  time = 7.6s
[e361 s0001/1030] loss = 0.233467
[e361 s0050/1030] loss = 0.381214
[e361 s0100/1030] loss = 0.526340
[e361 s0150/1030] loss = 0.570076
[e361 s0200/1030] loss = 0.530679
[e361 s0250/1030] loss = 0.559755
[e361 s0300/1030] loss = 0.567317
[e361 s0350/1030] loss = 0.580662
[e361 s0400/1030] loss = 0.587737
[e361 s0450/1030] loss = 0.575753
[e361 s0500/1030] loss = 0.569879
[e361 s0550/1030] loss = 0.569305
[e361 s0600/1030] loss = 0.592823
[e361 s0650/1030] loss = 0.589494
[e361 s0700/1030] loss = 0.601689
[e361 s0750/1030] loss = 0.602313
[e361 s0800/1030] loss = 0.600305
[e361 s0850/1030] loss = 0.607059
[e361 s0900/1030] loss = 0.614499
[e361 s0950/1030] loss = 0.606123
[e361 s1000/1030] loss = 0.612362
Epoch 361: train_loss = 0.627574  MAE/GAME0 = 9.144  RMSE = 20.356  GAME1 = 10.215  GAME2 = 11.525  GAME3 = 12.365  lr = 1.00e-05  time = 7.6s
[e362 s0001/1030] loss = 0.184138
[e362 s0050/1030] loss = 0.747292
[e362 s0100/1030] loss = 0.794773
[e362 s0150/1030] loss = 0.710145
[e362 s0200/1030] loss = 0.643602
[e362 s0250/1030] loss = 0.685745
[e362 s0300/1030] loss = 0.664880
[e362 s0350/1030] loss = 0.661999
[e362 s0400/1030] loss = 0.656428
[e362 s0450/1030] loss = 0.644497
[e362 s0500/1030] loss = 0.643528
[e362 s0550/1030] loss = 0.658188
[e362 s0600/1030] loss = 0.652574
[e362 s0650/1030] loss = 0.640876
[e362 s0700/1030] loss = 0.632427
[e362 s0750/1030] loss = 0.630210
[e362 s0800/1030] loss = 0.620904
[e362 s0850/1030] loss = 0.615484
[e362 s0900/1030] loss = 0.605377
[e362 s0950/1030] loss = 0.592771
[e362 s1000/1030] loss = 0.605657
Epoch 362: train_loss = 0.603853  MAE/GAME0 = 6.544  RMSE = 13.683  GAME1 = 7.847  GAME2 = 9.122  GAME3 = 9.959  lr = 1.00e-05  time = 7.5s
[e363 s0001/1030] loss = 0.042261
[e363 s0050/1030] loss = 0.795791
[e363 s0100/1030] loss = 0.628806
[e363 s0150/1030] loss = 0.615170
[e363 s0200/1030] loss = 0.661040
[e363 s0250/1030] loss = 0.615788
[e363 s0300/1030] loss = 0.596759
[e363 s0350/1030] loss = 0.606108
[e363 s0400/1030] loss = 0.589248
[e363 s0450/1030] loss = 0.571577
[e363 s0500/1030] loss = 0.553947
[e363 s0550/1030] loss = 0.543407
[e363 s0600/1030] loss = 0.554309
[e363 s0650/1030] loss = 0.558522
[e363 s0700/1030] loss = 0.542985
[e363 s0750/1030] loss = 0.557194
[e363 s0800/1030] loss = 0.556702
[e363 s0850/1030] loss = 0.550775
[e363 s0900/1030] loss = 0.588915
[e363 s0950/1030] loss = 0.577428
[e363 s1000/1030] loss = 0.578995
Epoch 363: train_loss = 0.576430  MAE/GAME0 = 6.034  RMSE = 11.210  GAME1 = 7.387  GAME2 = 8.617  GAME3 = 9.519  lr = 1.00e-05  time = 7.5s
[e364 s0001/1030] loss = 1.026131
[e364 s0050/1030] loss = 0.870008
[e364 s0100/1030] loss = 0.616816
[e364 s0150/1030] loss = 0.632643
[e364 s0200/1030] loss = 0.583754
[e364 s0250/1030] loss = 0.552834
[e364 s0300/1030] loss = 0.659974
[e364 s0350/1030] loss = 0.656294
[e364 s0400/1030] loss = 0.621069
[e364 s0450/1030] loss = 0.646864
[e364 s0500/1030] loss = 0.650028
[e364 s0550/1030] loss = 0.631318
[e364 s0600/1030] loss = 0.623854
[e364 s0650/1030] loss = 0.625894
[e364 s0700/1030] loss = 0.610212
[e364 s0750/1030] loss = 0.603620
[e364 s0800/1030] loss = 0.607540
[e364 s0850/1030] loss = 0.608134
[e364 s0900/1030] loss = 0.604021
[e364 s0950/1030] loss = 0.598513
[e364 s1000/1030] loss = 0.606213
Epoch 364: train_loss = 0.596462  MAE/GAME0 = 5.994  RMSE = 9.812  GAME1 = 7.289  GAME2 = 8.548  GAME3 = 9.430  lr = 1.00e-05  time = 7.6s
[e365 s0001/1030] loss = 0.234936
[e365 s0050/1030] loss = 0.559593
[e365 s0100/1030] loss = 0.468233
[e365 s0150/1030] loss = 0.521738
[e365 s0200/1030] loss = 0.544652
[e365 s0250/1030] loss = 0.501778
[e365 s0300/1030] loss = 0.510181
[e365 s0350/1030] loss = 0.504303
[e365 s0400/1030] loss = 0.621250
[e365 s0450/1030] loss = 0.654660
[e365 s0500/1030] loss = 0.629833
[e365 s0550/1030] loss = 0.691025
[e365 s0600/1030] loss = 0.670998
[e365 s0650/1030] loss = 0.647892
[e365 s0700/1030] loss = 0.628926
[e365 s0750/1030] loss = 0.619370
[e365 s0800/1030] loss = 0.607871
[e365 s0850/1030] loss = 0.601662
[e365 s0900/1030] loss = 0.599060
[e365 s0950/1030] loss = 0.596809
[e365 s1000/1030] loss = 0.587093
Epoch 365: train_loss = 0.587219  MAE/GAME0 = 6.374  RMSE = 10.036  GAME1 = 7.611  GAME2 = 8.884  GAME3 = 9.800  lr = 1.00e-05  time = 7.6s
[e366 s0001/1030] loss = 0.477721
[e366 s0050/1030] loss = 0.396902
[e366 s0100/1030] loss = 0.396544
[e366 s0150/1030] loss = 0.413647
[e366 s0200/1030] loss = 0.422201
[e366 s0250/1030] loss = 0.448827
[e366 s0300/1030] loss = 0.636010
[e366 s0350/1030] loss = 0.779490
[e366 s0400/1030] loss = 0.766157
[e366 s0450/1030] loss = 0.750589
[e366 s0500/1030] loss = 0.729535
[e366 s0550/1030] loss = 0.716114
[e366 s0600/1030] loss = 0.709423
[e366 s0650/1030] loss = 0.699255
[e366 s0700/1030] loss = 0.697182
[e366 s0750/1030] loss = 0.682475
[e366 s0800/1030] loss = 0.681169
[e366 s0850/1030] loss = 0.692228
[e366 s0900/1030] loss = 0.684599
[e366 s0950/1030] loss = 0.691408
[e366 s1000/1030] loss = 0.680012
Epoch 366: train_loss = 0.676524  MAE/GAME0 = 7.674  RMSE = 23.690  GAME1 = 9.018  GAME2 = 10.068  GAME3 = 10.821  lr = 1.00e-05  time = 7.6s
[e367 s0001/1030] loss = 0.401499
[e367 s0050/1030] loss = 0.497207
[e367 s0100/1030] loss = 0.465951
[e367 s0150/1030] loss = 0.463936
[e367 s0200/1030] loss = 1.725174
[e367 s0250/1030] loss = 1.660020
[e367 s0300/1030] loss = 1.482968
[e367 s0350/1030] loss = 1.338803
[e367 s0400/1030] loss = 1.231770
[e367 s0450/1030] loss = 1.155831
[e367 s0500/1030] loss = 1.147264
[e367 s0550/1030] loss = 1.103705
[e367 s0600/1030] loss = 1.062395
[e367 s0650/1030] loss = 1.018405
[e367 s0700/1030] loss = 0.993103
[e367 s0750/1030] loss = 0.958010
[e367 s0800/1030] loss = 0.940806
[e367 s0850/1030] loss = 0.931662
[e367 s0900/1030] loss = 0.912196
[e367 s0950/1030] loss = 0.913384
[e367 s1000/1030] loss = 0.901630
Epoch 367: train_loss = 0.892288  MAE/GAME0 = 7.431  RMSE = 16.754  GAME1 = 8.423  GAME2 = 9.433  GAME3 = 10.154  lr = 1.00e-05  time = 7.7s
[e368 s0001/1030] loss = 0.819449
[e368 s0050/1030] loss = 0.533582
[e368 s0100/1030] loss = 0.467653
[e368 s0150/1030] loss = 0.531531
[e368 s0200/1030] loss = 0.566660
[e368 s0250/1030] loss = 0.545808
[e368 s0300/1030] loss = 0.554382
[e368 s0350/1030] loss = 0.543204
[e368 s0400/1030] loss = 0.518290
[e368 s0450/1030] loss = 0.507851
[e368 s0500/1030] loss = 0.526365
[e368 s0550/1030] loss = 0.548342
[e368 s0600/1030] loss = 0.633638
[e368 s0650/1030] loss = 0.624786
[e368 s0700/1030] loss = 0.613807
[e368 s0750/1030] loss = 0.607764
[e368 s0800/1030] loss = 0.599234
[e368 s0850/1030] loss = 0.598303
[e368 s0900/1030] loss = 0.603283
[e368 s0950/1030] loss = 0.603061
[e368 s1000/1030] loss = 0.610783
Epoch 368: train_loss = 0.610775  MAE/GAME0 = 6.851  RMSE = 13.450  GAME1 = 8.102  GAME2 = 9.367  GAME3 = 10.225  lr = 1.00e-05  time = 7.6s
[e369 s0001/1030] loss = 0.001203
[e369 s0050/1030] loss = 0.425287
[e369 s0100/1030] loss = 0.514891
[e369 s0150/1030] loss = 0.541433
[e369 s0200/1030] loss = 0.568098
[e369 s0250/1030] loss = 0.552119
[e369 s0300/1030] loss = 0.539639
[e369 s0350/1030] loss = 0.535446
[e369 s0400/1030] loss = 0.572344
[e369 s0450/1030] loss = 0.571407
[e369 s0500/1030] loss = 0.562601
[e369 s0550/1030] loss = 0.564231
[e369 s0600/1030] loss = 0.546391
[e369 s0650/1030] loss = 0.541913
[e369 s0700/1030] loss = 0.543409
[e369 s0750/1030] loss = 0.548433
[e369 s0800/1030] loss = 0.534461
[e369 s0850/1030] loss = 0.541185
[e369 s0900/1030] loss = 0.547656
[e369 s0950/1030] loss = 0.553422
[e369 s1000/1030] loss = 0.546638
Epoch 369: train_loss = 0.569120  MAE/GAME0 = 7.392  RMSE = 13.381  GAME1 = 8.546  GAME2 = 9.781  GAME3 = 10.705  lr = 1.00e-05  time = 7.5s
[e370 s0001/1030] loss = 0.569796
[e370 s0050/1030] loss = 0.300858
[e370 s0100/1030] loss = 0.395789
[e370 s0150/1030] loss = 0.382074
[e370 s0200/1030] loss = 0.370294
[e370 s0250/1030] loss = 0.407851
[e370 s0300/1030] loss = 0.419590
[e370 s0350/1030] loss = 0.423867
[e370 s0400/1030] loss = 0.454140
[e370 s0450/1030] loss = 0.478680
[e370 s0500/1030] loss = 0.500099
[e370 s0550/1030] loss = 0.495292
[e370 s0600/1030] loss = 0.519619
[e370 s0650/1030] loss = 0.517276
[e370 s0700/1030] loss = 0.551765
[e370 s0750/1030] loss = 0.535420
[e370 s0800/1030] loss = 0.526649
[e370 s0850/1030] loss = 0.524952
[e370 s0900/1030] loss = 0.542564
[e370 s0950/1030] loss = 0.554874
[e370 s1000/1030] loss = 0.553266
Epoch 370: train_loss = 0.556967  MAE/GAME0 = 6.916  RMSE = 10.982  GAME1 = 8.232  GAME2 = 9.664  GAME3 = 10.487  lr = 1.00e-05  time = 7.7s
[e371 s0001/1030] loss = 0.474052
[e371 s0050/1030] loss = 0.549419
[e371 s0100/1030] loss = 0.822016
[e371 s0150/1030] loss = 0.725356
[e371 s0200/1030] loss = 0.673976
[e371 s0250/1030] loss = 0.653318
[e371 s0300/1030] loss = 0.644336
[e371 s0350/1030] loss = 0.597210
[e371 s0400/1030] loss = 0.595025
[e371 s0450/1030] loss = 0.585131
[e371 s0500/1030] loss = 0.560345
[e371 s0550/1030] loss = 0.542233
[e371 s0600/1030] loss = 0.550398
[e371 s0650/1030] loss = 0.539213
[e371 s0700/1030] loss = 0.523156
[e371 s0750/1030] loss = 0.544818
[e371 s0800/1030] loss = 0.534976
[e371 s0850/1030] loss = 0.532377
[e371 s0900/1030] loss = 0.590065
[e371 s0950/1030] loss = 0.599300
[e371 s1000/1030] loss = 0.601890
Epoch 371: train_loss = 0.597024  MAE/GAME0 = 7.778  RMSE = 20.376  GAME1 = 9.102  GAME2 = 10.404  GAME3 = 11.304  lr = 1.00e-05  time = 7.5s
[e372 s0001/1030] loss = 0.245100
[e372 s0050/1030] loss = 0.444185
[e372 s0100/1030] loss = 0.680994
[e372 s0150/1030] loss = 0.584176
[e372 s0200/1030] loss = 0.612040
[e372 s0250/1030] loss = 0.640685
[e372 s0300/1030] loss = 0.612834
[e372 s0350/1030] loss = 0.617101
[e372 s0400/1030] loss = 0.594665
[e372 s0450/1030] loss = 0.593718
[e372 s0500/1030] loss = 0.603654
[e372 s0550/1030] loss = 0.608388
[e372 s0600/1030] loss = 0.604888
[e372 s0650/1030] loss = 0.600951
[e372 s0700/1030] loss = 0.601181
[e372 s0750/1030] loss = 0.584501
[e372 s0800/1030] loss = 0.602522
[e372 s0850/1030] loss = 0.597040
[e372 s0900/1030] loss = 0.644155
[e372 s0950/1030] loss = 0.649667
[e372 s1000/1030] loss = 0.647098
Epoch 372: train_loss = 0.649206  MAE/GAME0 = 7.909  RMSE = 17.822  GAME1 = 9.075  GAME2 = 10.368  GAME3 = 11.220  lr = 1.00e-05  time = 7.6s
[e373 s0001/1030] loss = 0.027232
[e373 s0050/1030] loss = 0.340284
[e373 s0100/1030] loss = 0.418405
[e373 s0150/1030] loss = 0.469387
[e373 s0200/1030] loss = 0.487237
[e373 s0250/1030] loss = 0.454372
[e373 s0300/1030] loss = 0.487410
[e373 s0350/1030] loss = 0.494433
[e373 s0400/1030] loss = 0.499408
[e373 s0450/1030] loss = 0.495862
[e373 s0500/1030] loss = 0.542433
[e373 s0550/1030] loss = 0.534399
[e373 s0600/1030] loss = 0.552949
[e373 s0650/1030] loss = 0.554961
[e373 s0700/1030] loss = 0.556017
[e373 s0750/1030] loss = 0.549408
[e373 s0800/1030] loss = 0.539458
[e373 s0850/1030] loss = 0.540677
[e373 s0900/1030] loss = 0.540209
[e373 s0950/1030] loss = 0.539885
[e373 s1000/1030] loss = 0.544271
Epoch 373: train_loss = 0.547940  MAE/GAME0 = 6.818  RMSE = 16.765  GAME1 = 8.204  GAME2 = 9.557  GAME3 = 10.421  lr = 1.00e-05  time = 7.6s
[e374 s0001/1030] loss = 0.069926
[e374 s0050/1030] loss = 0.455550
[e374 s0100/1030] loss = 0.425269
[e374 s0150/1030] loss = 0.402769
[e374 s0200/1030] loss = 0.397781
[e374 s0250/1030] loss = 0.446766
[e374 s0300/1030] loss = 0.450491
[e374 s0350/1030] loss = 0.475633
[e374 s0400/1030] loss = 0.504287
[e374 s0450/1030] loss = 0.514822
[e374 s0500/1030] loss = 0.506844
[e374 s0550/1030] loss = 0.582486
[e374 s0600/1030] loss = 0.591748
[e374 s0650/1030] loss = 0.604645
[e374 s0700/1030] loss = 0.597964
[e374 s0750/1030] loss = 0.593266
[e374 s0800/1030] loss = 0.600473
[e374 s0850/1030] loss = 0.605519
[e374 s0900/1030] loss = 0.600519
[e374 s0950/1030] loss = 0.596626
[e374 s1000/1030] loss = 0.592599
Epoch 374: train_loss = 0.587151  MAE/GAME0 = 6.130  RMSE = 11.155  GAME1 = 7.449  GAME2 = 8.586  GAME3 = 9.409  lr = 1.00e-05  time = 7.5s
[e375 s0001/1030] loss = 0.842278
[e375 s0050/1030] loss = 0.546815
[e375 s0100/1030] loss = 0.678895
[e375 s0150/1030] loss = 0.675444
[e375 s0200/1030] loss = 0.790244
[e375 s0250/1030] loss = 0.967335
[e375 s0300/1030] loss = 0.870332
[e375 s0350/1030] loss = 0.844792
[e375 s0400/1030] loss = 0.798622
[e375 s0450/1030] loss = 0.736277
[e375 s0500/1030] loss = 0.707756
[e375 s0550/1030] loss = 0.679544
[e375 s0600/1030] loss = 0.667248
[e375 s0650/1030] loss = 0.650426
[e375 s0700/1030] loss = 0.646206
[e375 s0750/1030] loss = 0.631637
[e375 s0800/1030] loss = 0.692988
[e375 s0850/1030] loss = 0.682448
[e375 s0900/1030] loss = 0.676581
[e375 s0950/1030] loss = 0.676246
[e375 s1000/1030] loss = 0.679159
Epoch 375: train_loss = 0.669466  MAE/GAME0 = 5.987  RMSE = 9.850  GAME1 = 7.280  GAME2 = 8.540  GAME3 = 9.409  lr = 1.00e-05  time = 7.5s
[e376 s0001/1030] loss = 0.320308
[e376 s0050/1030] loss = 0.592436
[e376 s0100/1030] loss = 0.593725
[e376 s0150/1030] loss = 0.597471
[e376 s0200/1030] loss = 0.580318
[e376 s0250/1030] loss = 0.588996
[e376 s0300/1030] loss = 0.563450
[e376 s0350/1030] loss = 0.563424
[e376 s0400/1030] loss = 0.545340
[e376 s0450/1030] loss = 0.525633
[e376 s0500/1030] loss = 0.506796
[e376 s0550/1030] loss = 0.526227
[e376 s0600/1030] loss = 0.525339
[e376 s0650/1030] loss = 0.542738
[e376 s0700/1030] loss = 0.587232
[e376 s0750/1030] loss = 0.615396
[e376 s0800/1030] loss = 0.613480
[e376 s0850/1030] loss = 0.611772
[e376 s0900/1030] loss = 0.604854
[e376 s0950/1030] loss = 0.598051
[e376 s1000/1030] loss = 0.591147
Epoch 376: train_loss = 0.585807  MAE/GAME0 = 6.238  RMSE = 11.416  GAME1 = 7.454  GAME2 = 8.621  GAME3 = 9.332  lr = 1.00e-05  time = 7.7s
[e377 s0001/1030] loss = 0.203758
[e377 s0050/1030] loss = 0.472335
[e377 s0100/1030] loss = 0.567507
[e377 s0150/1030] loss = 0.593700
[e377 s0200/1030] loss = 0.557054
[e377 s0250/1030] loss = 0.546601
[e377 s0300/1030] loss = 0.534873
[e377 s0350/1030] loss = 0.541122
[e377 s0400/1030] loss = 0.522151
[e377 s0450/1030] loss = 0.523553
[e377 s0500/1030] loss = 0.571199
[e377 s0550/1030] loss = 0.566410
[e377 s0600/1030] loss = 0.560967
[e377 s0650/1030] loss = 0.549420
[e377 s0700/1030] loss = 0.554798
[e377 s0750/1030] loss = 0.604296
[e377 s0800/1030] loss = 0.621158
[e377 s0850/1030] loss = 0.625980
[e377 s0900/1030] loss = 0.629342
[e377 s0950/1030] loss = 0.619982
[e377 s1000/1030] loss = 0.613626
Epoch 377: train_loss = 0.614933  MAE/GAME0 = 7.116  RMSE = 10.609  GAME1 = 8.153  GAME2 = 9.559  GAME3 = 10.485  lr = 1.00e-05  time = 7.5s
[e378 s0001/1030] loss = 0.148411
[e378 s0050/1030] loss = 0.261060
[e378 s0100/1030] loss = 0.548776
[e378 s0150/1030] loss = 0.890654
[e378 s0200/1030] loss = 0.820683
[e378 s0250/1030] loss = 0.718349
[e378 s0300/1030] loss = 0.835319
[e378 s0350/1030] loss = 0.872341
[e378 s0400/1030] loss = 0.888028
[e378 s0450/1030] loss = 0.913932
[e378 s0500/1030] loss = 0.877338
[e378 s0550/1030] loss = 0.851726
[e378 s0600/1030] loss = 0.835658
[e378 s0650/1030] loss = 0.803997
[e378 s0700/1030] loss = 0.780757
[e378 s0750/1030] loss = 0.761391
[e378 s0800/1030] loss = 0.754857
[e378 s0850/1030] loss = 0.734307
[e378 s0900/1030] loss = 0.726810
[e378 s0950/1030] loss = 0.705933
[e378 s1000/1030] loss = 0.689887
Epoch 378: train_loss = 0.682319  MAE/GAME0 = 7.387  RMSE = 21.468  GAME1 = 8.747  GAME2 = 10.014  GAME3 = 10.901  lr = 1.00e-05  time = 7.6s
[e379 s0001/1030] loss = 0.104545
[e379 s0050/1030] loss = 0.538915
[e379 s0100/1030] loss = 0.431725
[e379 s0150/1030] loss = 0.453303
[e379 s0200/1030] loss = 0.450310
[e379 s0250/1030] loss = 0.468054
[e379 s0300/1030] loss = 0.488675
[e379 s0350/1030] loss = 0.473633
[e379 s0400/1030] loss = 0.628938
[e379 s0450/1030] loss = 0.621788
[e379 s0500/1030] loss = 0.589027
[e379 s0550/1030] loss = 0.576586
[e379 s0600/1030] loss = 0.581554
[e379 s0650/1030] loss = 0.571472
[e379 s0700/1030] loss = 0.570975
[e379 s0750/1030] loss = 0.568149
[e379 s0800/1030] loss = 0.568810
[e379 s0850/1030] loss = 0.566997
[e379 s0900/1030] loss = 0.570638
[e379 s0950/1030] loss = 0.572368
[e379 s1000/1030] loss = 0.569993
Epoch 379: train_loss = 0.577305  MAE/GAME0 = 6.198  RMSE = 11.461  GAME1 = 7.537  GAME2 = 8.861  GAME3 = 9.693  lr = 1.00e-05  time = 7.6s
[e380 s0001/1030] loss = 0.216715
[e380 s0050/1030] loss = 0.599128
[e380 s0100/1030] loss = 0.478722
[e380 s0150/1030] loss = 0.455329
[e380 s0200/1030] loss = 0.443999
[e380 s0250/1030] loss = 0.440746
[e380 s0300/1030] loss = 0.433800
[e380 s0350/1030] loss = 0.489573
[e380 s0400/1030] loss = 0.528027
[e380 s0450/1030] loss = 0.509860
[e380 s0500/1030] loss = 0.500391
[e380 s0550/1030] loss = 0.494501
[e380 s0600/1030] loss = 0.489379
[e380 s0650/1030] loss = 0.471108
[e380 s0700/1030] loss = 0.475826
[e380 s0750/1030] loss = 0.468649
[e380 s0800/1030] loss = 0.510999
[e380 s0850/1030] loss = 0.666815
[e380 s0900/1030] loss = 0.682018
[e380 s0950/1030] loss = 0.684796
[e380 s1000/1030] loss = 0.696673
Epoch 380: train_loss = 0.707895  MAE/GAME0 = 9.627  RMSE = 24.046  GAME1 = 10.746  GAME2 = 12.014  GAME3 = 12.906  lr = 1.00e-05  time = 7.5s
[e381 s0001/1030] loss = 0.159288
[e381 s0050/1030] loss = 1.210492
[e381 s0100/1030] loss = 0.945200
[e381 s0150/1030] loss = 0.848560
[e381 s0200/1030] loss = 0.988676
[e381 s0250/1030] loss = 0.889733
[e381 s0300/1030] loss = 0.849203
[e381 s0350/1030] loss = 0.813423
[e381 s0400/1030] loss = 0.773506
[e381 s0450/1030] loss = 0.764696
[e381 s0500/1030] loss = 0.744397
[e381 s0550/1030] loss = 0.714850
[e381 s0600/1030] loss = 0.701911
[e381 s0650/1030] loss = 0.681211
[e381 s0700/1030] loss = 0.679493
[e381 s0750/1030] loss = 0.668600
[e381 s0800/1030] loss = 0.659224
[e381 s0850/1030] loss = 0.654023
[e381 s0900/1030] loss = 0.648641
[e381 s0950/1030] loss = 0.640479
[e381 s1000/1030] loss = 0.636697
Epoch 381: train_loss = 0.628521  MAE/GAME0 = 6.283  RMSE = 11.100  GAME1 = 7.386  GAME2 = 8.620  GAME3 = 9.432  lr = 1.00e-05  time = 7.6s
[e382 s0001/1030] loss = 0.064983
[e382 s0050/1030] loss = 0.532881
[e382 s0100/1030] loss = 0.769494
[e382 s0150/1030] loss = 0.880278
[e382 s0200/1030] loss = 0.839048
[e382 s0250/1030] loss = 0.765961
[e382 s0300/1030] loss = 0.748984
[e382 s0350/1030] loss = 0.717585
[e382 s0400/1030] loss = 0.715908
[e382 s0450/1030] loss = 0.688384
[e382 s0500/1030] loss = 1.055836
[e382 s0550/1030] loss = 1.007691
[e382 s0600/1030] loss = 0.956884
[e382 s0650/1030] loss = 0.926586
[e382 s0700/1030] loss = 0.890518
[e382 s0750/1030] loss = 0.849921
[e382 s0800/1030] loss = 0.829396
[e382 s0850/1030] loss = 0.819289
[e382 s0900/1030] loss = 0.825831
[e382 s0950/1030] loss = 0.800506
[e382 s1000/1030] loss = 0.798621
Epoch 382: train_loss = 0.790232  MAE/GAME0 = 7.644  RMSE = 21.357  GAME1 = 8.974  GAME2 = 10.238  GAME3 = 11.125  lr = 1.00e-05  time = 7.5s
[e383 s0001/1030] loss = 0.040267
[e383 s0050/1030] loss = 0.569722
[e383 s0100/1030] loss = 0.563937
[e383 s0150/1030] loss = 0.603531
[e383 s0200/1030] loss = 0.821420
[e383 s0250/1030] loss = 0.757533
[e383 s0300/1030] loss = 0.698232
[e383 s0350/1030] loss = 0.690521
[e383 s0400/1030] loss = 0.692857
[e383 s0450/1030] loss = 0.666564
[e383 s0500/1030] loss = 0.657572
[e383 s0550/1030] loss = 0.666639
[e383 s0600/1030] loss = 0.668836
[e383 s0650/1030] loss = 0.641697
[e383 s0700/1030] loss = 0.638796
[e383 s0750/1030] loss = 0.643234
[e383 s0800/1030] loss = 0.628873
[e383 s0850/1030] loss = 0.631528
[e383 s0900/1030] loss = 0.616691
[e383 s0950/1030] loss = 0.611805
[e383 s1000/1030] loss = 0.602016
Epoch 383: train_loss = 0.610377  MAE/GAME0 = 6.995  RMSE = 17.975  GAME1 = 8.252  GAME2 = 9.399  GAME3 = 10.211  lr = 1.00e-05  time = 7.5s
[e384 s0001/1030] loss = 0.004563
[e384 s0050/1030] loss = 1.128444
[e384 s0100/1030] loss = 0.822141
[e384 s0150/1030] loss = 0.720157
[e384 s0200/1030] loss = 0.700487
[e384 s0250/1030] loss = 0.706735
[e384 s0300/1030] loss = 0.710088
[e384 s0350/1030] loss = 0.696189
[e384 s0400/1030] loss = 0.651486
[e384 s0450/1030] loss = 0.636688
[e384 s0500/1030] loss = 0.632455
[e384 s0550/1030] loss = 0.621460
[e384 s0600/1030] loss = 0.622413
[e384 s0650/1030] loss = 0.613332
[e384 s0700/1030] loss = 0.591593
[e384 s0750/1030] loss = 0.589266
[e384 s0800/1030] loss = 0.582351
[e384 s0850/1030] loss = 0.596589
[e384 s0900/1030] loss = 0.585165
[e384 s0950/1030] loss = 0.584164
[e384 s1000/1030] loss = 0.590805
Epoch 384: train_loss = 0.596444  MAE/GAME0 = 7.691  RMSE = 16.049  GAME1 = 8.923  GAME2 = 10.257  GAME3 = 11.214  lr = 1.00e-05  time = 7.6s
[e385 s0001/1030] loss = 0.388722
[e385 s0050/1030] loss = 0.613326
[e385 s0100/1030] loss = 0.805032
[e385 s0150/1030] loss = 0.679194
[e385 s0200/1030] loss = 0.639284
[e385 s0250/1030] loss = 0.585437
[e385 s0300/1030] loss = 0.563036
[e385 s0350/1030] loss = 0.562402
[e385 s0400/1030] loss = 0.548797
[e385 s0450/1030] loss = 0.541863
[e385 s0500/1030] loss = 0.529297
[e385 s0550/1030] loss = 0.526394
[e385 s0600/1030] loss = 0.514150
[e385 s0650/1030] loss = 0.509395
[e385 s0700/1030] loss = 0.513620
[e385 s0750/1030] loss = 0.506580
[e385 s0800/1030] loss = 0.503723
[e385 s0850/1030] loss = 0.507061
[e385 s0900/1030] loss = 0.513856
[e385 s0950/1030] loss = 0.571506
[e385 s1000/1030] loss = 0.576044
Epoch 385: train_loss = 0.584857  MAE/GAME0 = 7.424  RMSE = 10.365  GAME1 = 8.613  GAME2 = 9.799  GAME3 = 10.778  lr = 1.00e-05  time = 7.5s
[e386 s0001/1030] loss = 1.312743
[e386 s0050/1030] loss = 0.658998
[e386 s0100/1030] loss = 0.537829
[e386 s0150/1030] loss = 0.528503
[e386 s0200/1030] loss = 0.578992
[e386 s0250/1030] loss = 0.641094
[e386 s0300/1030] loss = 0.663549
[e386 s0350/1030] loss = 0.660140
[e386 s0400/1030] loss = 0.626242
[e386 s0450/1030] loss = 0.612938
[e386 s0500/1030] loss = 0.608881
[e386 s0550/1030] loss = 0.591526
[e386 s0600/1030] loss = 0.594809
[e386 s0650/1030] loss = 0.580737
[e386 s0700/1030] loss = 0.565403
[e386 s0750/1030] loss = 0.555683
[e386 s0800/1030] loss = 0.554792
[e386 s0850/1030] loss = 0.550778
[e386 s0900/1030] loss = 0.547736
[e386 s0950/1030] loss = 0.551706
[e386 s1000/1030] loss = 0.543193
Epoch 386: train_loss = 0.542725  MAE/GAME0 = 6.940  RMSE = 15.216  GAME1 = 8.257  GAME2 = 9.479  GAME3 = 10.402  lr = 1.00e-05  time = 7.5s
[e387 s0001/1030] loss = 0.456876
[e387 s0050/1030] loss = 0.526504
[e387 s0100/1030] loss = 0.536065
[e387 s0150/1030] loss = 0.511375
[e387 s0200/1030] loss = 0.496721
[e387 s0250/1030] loss = 0.483236
[e387 s0300/1030] loss = 0.463649
[e387 s0350/1030] loss = 0.455751
[e387 s0400/1030] loss = 0.474710
[e387 s0450/1030] loss = 0.468774
[e387 s0500/1030] loss = 0.473287
[e387 s0550/1030] loss = 0.469189
[e387 s0600/1030] loss = 0.461303
[e387 s0650/1030] loss = 0.458972
[e387 s0700/1030] loss = 0.480445
[e387 s0750/1030] loss = 0.480849
[e387 s0800/1030] loss = 0.481104
[e387 s0850/1030] loss = 0.490443
[e387 s0900/1030] loss = 0.502658
[e387 s0950/1030] loss = 0.506921
[e387 s1000/1030] loss = 0.510346
Epoch 387: train_loss = 0.551226  MAE/GAME0 = 7.290  RMSE = 13.037  GAME1 = 8.124  GAME2 = 8.872  GAME3 = 9.470  lr = 1.00e-05  time = 7.7s
[e388 s0001/1030] loss = 0.262634
[e388 s0050/1030] loss = 0.422572
[e388 s0100/1030] loss = 0.463544
[e388 s0150/1030] loss = 0.470936
[e388 s0200/1030] loss = 0.517744
[e388 s0250/1030] loss = 0.517766
[e388 s0300/1030] loss = 0.486409
[e388 s0350/1030] loss = 0.488273
[e388 s0400/1030] loss = 0.591808
[e388 s0450/1030] loss = 0.587948
[e388 s0500/1030] loss = 0.576147
[e388 s0550/1030] loss = 0.568440
[e388 s0600/1030] loss = 0.578876
[e388 s0650/1030] loss = 0.580820
[e388 s0700/1030] loss = 0.570794
[e388 s0750/1030] loss = 0.563515
[e388 s0800/1030] loss = 0.554157
[e388 s0850/1030] loss = 0.543350
[e388 s0900/1030] loss = 0.544171
[e388 s0950/1030] loss = 0.546767
[e388 s1000/1030] loss = 0.546025
Epoch 388: train_loss = 0.549055  MAE/GAME0 = 7.388  RMSE = 20.094  GAME1 = 8.582  GAME2 = 9.641  GAME3 = 10.387  lr = 1.00e-05  time = 7.6s
[e389 s0001/1030] loss = 0.463311
[e389 s0050/1030] loss = 0.511958
[e389 s0100/1030] loss = 0.520593
[e389 s0150/1030] loss = 0.516669
[e389 s0200/1030] loss = 0.479228
[e389 s0250/1030] loss = 0.526511
[e389 s0300/1030] loss = 0.534238
[e389 s0350/1030] loss = 0.520807
[e389 s0400/1030] loss = 0.514528
[e389 s0450/1030] loss = 0.504998
[e389 s0500/1030] loss = 0.515869
[e389 s0550/1030] loss = 0.538680
[e389 s0600/1030] loss = 0.570915
[e389 s0650/1030] loss = 0.572305
[e389 s0700/1030] loss = 0.566489
[e389 s0750/1030] loss = 0.565599
[e389 s0800/1030] loss = 0.580160
[e389 s0850/1030] loss = 0.577987
[e389 s0900/1030] loss = 0.599963
[e389 s0950/1030] loss = 0.593179
[e389 s1000/1030] loss = 0.600290
Epoch 389: train_loss = 0.593172  MAE/GAME0 = 7.640  RMSE = 17.733  GAME1 = 8.901  GAME2 = 10.129  GAME3 = 10.993  lr = 1.00e-05  time = 7.5s
[e390 s0001/1030] loss = 0.467234
[e390 s0050/1030] loss = 0.313206
[e390 s0100/1030] loss = 0.388744
[e390 s0150/1030] loss = 0.405341
[e390 s0200/1030] loss = 0.485264
[e390 s0250/1030] loss = 0.488032
[e390 s0300/1030] loss = 0.511089
[e390 s0350/1030] loss = 0.552436
[e390 s0400/1030] loss = 0.571204
[e390 s0450/1030] loss = 0.562825
[e390 s0500/1030] loss = 0.571144
[e390 s0550/1030] loss = 0.571664
[e390 s0600/1030] loss = 0.572834
[e390 s0650/1030] loss = 0.584445
[e390 s0700/1030] loss = 0.650811
[e390 s0750/1030] loss = 0.630745
[e390 s0800/1030] loss = 0.635962
[e390 s0850/1030] loss = 0.620806
[e390 s0900/1030] loss = 0.628345
[e390 s0950/1030] loss = 0.625563
[e390 s1000/1030] loss = 0.620981
Epoch 390: train_loss = 0.615472  MAE/GAME0 = 6.689  RMSE = 14.810  GAME1 = 7.975  GAME2 = 9.200  GAME3 = 10.033  lr = 1.00e-05  time = 7.7s
[e391 s0001/1030] loss = 0.251283
[e391 s0050/1030] loss = 0.978526
[e391 s0100/1030] loss = 1.102594
[e391 s0150/1030] loss = 0.944604
[e391 s0200/1030] loss = 0.868351
[e391 s0250/1030] loss = 0.846297
[e391 s0300/1030] loss = 0.817396
[e391 s0350/1030] loss = 0.768240
[e391 s0400/1030] loss = 0.726119
[e391 s0450/1030] loss = 0.729843
[e391 s0500/1030] loss = 0.707045
[e391 s0550/1030] loss = 0.694969
[e391 s0600/1030] loss = 0.680081
[e391 s0650/1030] loss = 0.669487
[e391 s0700/1030] loss = 0.663608
[e391 s0750/1030] loss = 0.646004
[e391 s0800/1030] loss = 0.681781
[e391 s0850/1030] loss = 0.676829
[e391 s0900/1030] loss = 0.682996
[e391 s0950/1030] loss = 0.663628
[e391 s1000/1030] loss = 0.648123
Epoch 391: train_loss = 0.646597  MAE/GAME0 = 6.608  RMSE = 13.232  GAME1 = 7.856  GAME2 = 9.085  GAME3 = 9.893  lr = 1.00e-05  time = 7.6s
[e392 s0001/1030] loss = 0.529948
[e392 s0050/1030] loss = 0.830615
[e392 s0100/1030] loss = 0.709755
[e392 s0150/1030] loss = 0.637640
[e392 s0200/1030] loss = 0.616714
[e392 s0250/1030] loss = 0.607680
[e392 s0300/1030] loss = 0.638520
[e392 s0350/1030] loss = 0.616847
[e392 s0400/1030] loss = 0.583697
[e392 s0450/1030] loss = 0.561508
[e392 s0500/1030] loss = 0.562885
[e392 s0550/1030] loss = 0.576422
[e392 s0600/1030] loss = 0.599004
[e392 s0650/1030] loss = 0.625115
[e392 s0700/1030] loss = 0.614870
[e392 s0750/1030] loss = 0.626164
[e392 s0800/1030] loss = 0.636167
[e392 s0850/1030] loss = 0.624755
[e392 s0900/1030] loss = 0.615084
[e392 s0950/1030] loss = 0.607648
[e392 s1000/1030] loss = 0.601370
Epoch 392: train_loss = 0.595998  MAE/GAME0 = 6.712  RMSE = 14.204  GAME1 = 7.979  GAME2 = 9.264  GAME3 = 10.128  lr = 1.00e-05  time = 7.6s
[e393 s0001/1030] loss = 0.204316
[e393 s0050/1030] loss = 0.418853
[e393 s0100/1030] loss = 0.712729
[e393 s0150/1030] loss = 0.971693
[e393 s0200/1030] loss = 0.871785
[e393 s0250/1030] loss = 0.833495
[e393 s0300/1030] loss = 0.811792
[e393 s0350/1030] loss = 0.770694
[e393 s0400/1030] loss = 0.735205
[e393 s0450/1030] loss = 0.734556
[e393 s0500/1030] loss = 0.717086
[e393 s0550/1030] loss = 0.693653
[e393 s0600/1030] loss = 0.702421
[e393 s0650/1030] loss = 0.689078
[e393 s0700/1030] loss = 0.695553
[e393 s0750/1030] loss = 0.669926
[e393 s0800/1030] loss = 0.656201
[e393 s0850/1030] loss = 0.656982
[e393 s0900/1030] loss = 0.646485
[e393 s0950/1030] loss = 0.650179
[e393 s1000/1030] loss = 0.644111
Epoch 393: train_loss = 0.641505  MAE/GAME0 = 6.457  RMSE = 11.129  GAME1 = 7.765  GAME2 = 9.031  GAME3 = 9.920  lr = 1.00e-05  time = 7.6s
[e394 s0001/1030] loss = 0.798019
[e394 s0050/1030] loss = 0.443200
[e394 s0100/1030] loss = 0.557865
[e394 s0150/1030] loss = 0.479133
[e394 s0200/1030] loss = 0.619627
[e394 s0250/1030] loss = 0.585356
[e394 s0300/1030] loss = 0.563742
[e394 s0350/1030] loss = 0.551772
[e394 s0400/1030] loss = 0.556802
[e394 s0450/1030] loss = 0.548138
[e394 s0500/1030] loss = 0.532574
[e394 s0550/1030] loss = 0.540699
[e394 s0600/1030] loss = 0.529866
[e394 s0650/1030] loss = 0.532457
[e394 s0700/1030] loss = 0.526001
[e394 s0750/1030] loss = 0.533303
[e394 s0800/1030] loss = 0.526603
[e394 s0850/1030] loss = 0.522249
[e394 s0900/1030] loss = 0.520384
[e394 s0950/1030] loss = 0.520680
[e394 s1000/1030] loss = 0.521548
Epoch 394: train_loss = 0.517861  MAE/GAME0 = 7.092  RMSE = 20.297  GAME1 = 8.362  GAME2 = 9.587  GAME3 = 10.389  lr = 1.00e-05  time = 7.6s
[e395 s0001/1030] loss = 0.116425
[e395 s0050/1030] loss = 0.582384
[e395 s0100/1030] loss = 0.620770
[e395 s0150/1030] loss = 0.586979
[e395 s0200/1030] loss = 0.547451
[e395 s0250/1030] loss = 0.528032
[e395 s0300/1030] loss = 0.500905
[e395 s0350/1030] loss = 0.482609
[e395 s0400/1030] loss = 0.478041
[e395 s0450/1030] loss = 0.485237
[e395 s0500/1030] loss = 0.561121
[e395 s0550/1030] loss = 0.556532
[e395 s0600/1030] loss = 0.539546
[e395 s0650/1030] loss = 0.558943
[e395 s0700/1030] loss = 0.544183
[e395 s0750/1030] loss = 0.543000
[e395 s0800/1030] loss = 0.548826
[e395 s0850/1030] loss = 0.537932
[e395 s0900/1030] loss = 0.533647
[e395 s0950/1030] loss = 0.523807
[e395 s1000/1030] loss = 0.542238
Epoch 395: train_loss = 0.547153  MAE/GAME0 = 6.877  RMSE = 15.920  GAME1 = 8.056  GAME2 = 9.137  GAME3 = 9.961  lr = 1.00e-05  time = 7.5s
[e396 s0001/1030] loss = 0.143416
[e396 s0050/1030] loss = 0.414928
[e396 s0100/1030] loss = 0.484839
[e396 s0150/1030] loss = 0.439167
[e396 s0200/1030] loss = 0.546358
[e396 s0250/1030] loss = 0.558799
[e396 s0300/1030] loss = 0.542595
[e396 s0350/1030] loss = 0.563812
[e396 s0400/1030] loss = 0.558751
[e396 s0450/1030] loss = 0.555262
[e396 s0500/1030] loss = 0.559026
[e396 s0550/1030] loss = 0.622272
[e396 s0600/1030] loss = 0.637794
[e396 s0650/1030] loss = 0.616426
[e396 s0700/1030] loss = 0.617791
[e396 s0750/1030] loss = 0.613787
[e396 s0800/1030] loss = 0.598352
[e396 s0850/1030] loss = 0.584147
[e396 s0900/1030] loss = 0.603960
[e396 s0950/1030] loss = 0.605227
[e396 s1000/1030] loss = 0.599838
Epoch 396: train_loss = 0.596323  MAE/GAME0 = 6.458  RMSE = 13.335  GAME1 = 7.691  GAME2 = 8.757  GAME3 = 9.539  lr = 1.00e-05  time = 7.6s
[e397 s0001/1030] loss = 0.035240
[e397 s0050/1030] loss = 0.337327
[e397 s0100/1030] loss = 0.398319
[e397 s0150/1030] loss = 0.386673
[e397 s0200/1030] loss = 0.364935
[e397 s0250/1030] loss = 0.391997
[e397 s0300/1030] loss = 0.471943
[e397 s0350/1030] loss = 0.561087
[e397 s0400/1030] loss = 0.581363
[e397 s0450/1030] loss = 0.609877
[e397 s0500/1030] loss = 0.591704
[e397 s0550/1030] loss = 0.616556
[e397 s0600/1030] loss = 0.626301
[e397 s0650/1030] loss = 0.619023
[e397 s0700/1030] loss = 0.616961
[e397 s0750/1030] loss = 0.609089
[e397 s0800/1030] loss = 0.593468
[e397 s0850/1030] loss = 0.594698
[e397 s0900/1030] loss = 0.597854
[e397 s0950/1030] loss = 0.589990
[e397 s1000/1030] loss = 0.577126
Epoch 397: train_loss = 0.575096  MAE/GAME0 = 7.236  RMSE = 13.520  GAME1 = 8.404  GAME2 = 9.685  GAME3 = 10.643  lr = 1.00e-05  time = 7.6s
[e398 s0001/1030] loss = 2.940933
[e398 s0050/1030] loss = 0.383805
[e398 s0100/1030] loss = 0.496730
[e398 s0150/1030] loss = 0.460794
[e398 s0200/1030] loss = 0.486493
[e398 s0250/1030] loss = 0.490159
[e398 s0300/1030] loss = 0.494681
[e398 s0350/1030] loss = 0.528966
[e398 s0400/1030] loss = 0.503472
[e398 s0450/1030] loss = 0.499147
[e398 s0500/1030] loss = 0.501885
[e398 s0550/1030] loss = 0.487686
[e398 s0600/1030] loss = 0.470446
[e398 s0650/1030] loss = 0.516104
[e398 s0700/1030] loss = 0.515767
[e398 s0750/1030] loss = 0.522684
[e398 s0800/1030] loss = 0.543280
[e398 s0850/1030] loss = 0.538711
[e398 s0900/1030] loss = 0.536925
[e398 s0950/1030] loss = 0.528089
[e398 s1000/1030] loss = 0.537646
Epoch 398: train_loss = 0.536916  MAE/GAME0 = 7.173  RMSE = 12.342  GAME1 = 8.002  GAME2 = 8.874  GAME3 = 9.550  lr = 1.00e-05  time = 7.5s
[e399 s0001/1030] loss = 3.120135
[e399 s0050/1030] loss = 0.601951
[e399 s0100/1030] loss = 0.830808
[e399 s0150/1030] loss = 0.761398
[e399 s0200/1030] loss = 0.679121
[e399 s0250/1030] loss = 0.649132
[e399 s0300/1030] loss = 0.648461
[e399 s0350/1030] loss = 0.619078
[e399 s0400/1030] loss = 0.585855
[e399 s0450/1030] loss = 0.599113
[e399 s0500/1030] loss = 0.630492
[e399 s0550/1030] loss = 0.623779
[e399 s0600/1030] loss = 0.685889
[e399 s0650/1030] loss = 0.671267
[e399 s0700/1030] loss = 0.657742
[e399 s0750/1030] loss = 0.645398
[e399 s0800/1030] loss = 0.642585
[e399 s0850/1030] loss = 0.630483
[e399 s0900/1030] loss = 0.620776
[e399 s0950/1030] loss = 0.606214
[e399 s1000/1030] loss = 0.613295
Epoch 399: train_loss = 0.630956  MAE/GAME0 = 7.369  RMSE = 16.355  GAME1 = 8.507  GAME2 = 9.900  GAME3 = 10.749  lr = 1.00e-05  time = 7.6s
[e400 s0001/1030] loss = 0.107819
[e400 s0050/1030] loss = 0.420385
[e400 s0100/1030] loss = 0.528053
[e400 s0150/1030] loss = 0.460625
[e400 s0200/1030] loss = 0.498949
[e400 s0250/1030] loss = 0.501242
[e400 s0300/1030] loss = 0.504181
[e400 s0350/1030] loss = 0.504136
[e400 s0400/1030] loss = 0.493762
[e400 s0450/1030] loss = 0.492767
[e400 s0500/1030] loss = 0.487872
[e400 s0550/1030] loss = 0.468146
[e400 s0600/1030] loss = 0.507903
[e400 s0650/1030] loss = 0.506785
[e400 s0700/1030] loss = 0.509007
[e400 s0750/1030] loss = 0.497503
[e400 s0800/1030] loss = 0.505295
[e400 s0850/1030] loss = 0.503799
[e400 s0900/1030] loss = 0.512883
[e400 s0950/1030] loss = 0.518480
[e400 s1000/1030] loss = 0.525564
Epoch 400: train_loss = 0.557863  MAE/GAME0 = 7.795  RMSE = 13.192  GAME1 = 8.986  GAME2 = 10.412  GAME3 = 11.205  lr = 1.00e-05  time = 7.6s
[done] best_mae = 5.951  best_path = /scratch/users/ntu/kenneth0/FYP-SmartObjectCounter/outputs/train_rgbt_base_e400/12849239.pbs101_20260209_130538/best.pth
