[log] /scratch/users/ntu/kenneth0/FYP-SmartObjectCounter/logs/train_rgbt_late_e100_12759944.pbs101_20260120_005018.log
[job] name=train_rgbt_late_e100 id=12759944.pbs101 host=x1000c0s0b0n0 time=Tue Jan 20 00:50:18 +08 2026
[init] device = cuda
[init] train = 1030  val = 200  workers = 4
/scratch/users/ntu/kenneth0/FYP-SmartObjectCounter/scripts/train_rgbt.py:394: FutureWarning: `torch.cuda.amp.GradScaler(args...)` is deprecated. Please use `torch.amp.GradScaler('cuda', args...)` instead.
  scaler = GradScaler(enabled = bool(args.amp))
/app/apps/pytorch/2.6.0-py3-cu11.8/lib/python3.13/site-packages/torchvision/transforms/functional.py:154: UserWarning: The given NumPy array is not writable, and PyTorch does not support non-writable tensors. This means writing to this tensor will result in undefined behavior. You may want to copy the array to protect its data or make it writable before converting it to a tensor. This type of warning will be suppressed for the rest of this program. (Triggered internally at /pytorch/torch/csrc/utils/tensor_numpy.cpp:203.)
  img = torch.from_numpy(pic.transpose((2, 0, 1))).contiguous()
/app/apps/pytorch/2.6.0-py3-cu11.8/lib/python3.13/site-packages/torchvision/transforms/functional.py:154: UserWarning: The given NumPy array is not writable, and PyTorch does not support non-writable tensors. This means writing to this tensor will result in undefined behavior. You may want to copy the array to protect its data or make it writable before converting it to a tensor. This type of warning will be suppressed for the rest of this program. (Triggered internally at /pytorch/torch/csrc/utils/tensor_numpy.cpp:203.)
  img = torch.from_numpy(pic.transpose((2, 0, 1))).contiguous()
/app/apps/pytorch/2.6.0-py3-cu11.8/lib/python3.13/site-packages/torchvision/transforms/functional.py:154: UserWarning: The given NumPy array is not writable, and PyTorch does not support non-writable tensors. This means writing to this tensor will result in undefined behavior. You may want to copy the array to protect its data or make it writable before converting it to a tensor. This type of warning will be suppressed for the rest of this program. (Triggered internally at /pytorch/torch/csrc/utils/tensor_numpy.cpp:203.)
  img = torch.from_numpy(pic.transpose((2, 0, 1))).contiguous()
/app/apps/pytorch/2.6.0-py3-cu11.8/lib/python3.13/site-packages/torchvision/transforms/functional.py:154: UserWarning: The given NumPy array is not writable, and PyTorch does not support non-writable tensors. This means writing to this tensor will result in undefined behavior. You may want to copy the array to protect its data or make it writable before converting it to a tensor. This type of warning will be suppressed for the rest of this program. (Triggered internally at /pytorch/torch/csrc/utils/tensor_numpy.cpp:203.)
  img = torch.from_numpy(pic.transpose((2, 0, 1))).contiguous()
[e001 s0001/1030] loss = 5475.568848
[e001 s0050/1030] loss = 2270.119122
[e001 s0100/1030] loss = 1140.551008
[e001 s0150/1030] loss = 760.511434
[e001 s0200/1030] loss = 570.390812
[e001 s0250/1030] loss = 456.313385
[e001 s0300/1030] loss = 380.261479
[e001 s0350/1030] loss = 325.938582
[e001 s0400/1030] loss = 285.196368
[e001 s0450/1030] loss = 253.507941
[e001 s0500/1030] loss = 228.157192
[e001 s0550/1030] loss = 207.415659
[e001 s0600/1030] loss = 190.131044
[e001 s0650/1030] loss = 175.505594
[e001 s0700/1030] loss = 162.969491
[e001 s0750/1030] loss = 152.104870
[e001 s0800/1030] loss = 142.598324
[e001 s0850/1030] loss = 134.210193
[e001 s0900/1030] loss = 126.754077
[e001 s0950/1030] loss = 120.082815
[e001 s1000/1030] loss = 114.078681
/app/apps/pytorch/2.6.0-py3-cu11.8/lib/python3.13/site-packages/torchvision/transforms/functional.py:154: UserWarning: The given NumPy array is not writable, and PyTorch does not support non-writable tensors. This means writing to this tensor will result in undefined behavior. You may want to copy the array to protect its data or make it writable before converting it to a tensor. This type of warning will be suppressed for the rest of this program. (Triggered internally at /pytorch/torch/csrc/utils/tensor_numpy.cpp:203.)
  img = torch.from_numpy(pic.transpose((2, 0, 1))).contiguous()
/app/apps/pytorch/2.6.0-py3-cu11.8/lib/python3.13/site-packages/torchvision/transforms/functional.py:154: UserWarning: The given NumPy array is not writable, and PyTorch does not support non-writable tensors. This means writing to this tensor will result in undefined behavior. You may want to copy the array to protect its data or make it writable before converting it to a tensor. This type of warning will be suppressed for the rest of this program. (Triggered internally at /pytorch/torch/csrc/utils/tensor_numpy.cpp:203.)
  img = torch.from_numpy(pic.transpose((2, 0, 1))).contiguous()
/app/apps/pytorch/2.6.0-py3-cu11.8/lib/python3.13/site-packages/torchvision/transforms/functional.py:154: UserWarning: The given NumPy array is not writable, and PyTorch does not support non-writable tensors. This means writing to this tensor will result in undefined behavior. You may want to copy the array to protect its data or make it writable before converting it to a tensor. This type of warning will be suppressed for the rest of this program. (Triggered internally at /pytorch/torch/csrc/utils/tensor_numpy.cpp:203.)
  img = torch.from_numpy(pic.transpose((2, 0, 1))).contiguous()
/app/apps/pytorch/2.6.0-py3-cu11.8/lib/python3.13/site-packages/torchvision/transforms/functional.py:154: UserWarning: The given NumPy array is not writable, and PyTorch does not support non-writable tensors. This means writing to this tensor will result in undefined behavior. You may want to copy the array to protect its data or make it writable before converting it to a tensor. This type of warning will be suppressed for the rest of this program. (Triggered internally at /pytorch/torch/csrc/utils/tensor_numpy.cpp:203.)
  img = torch.from_numpy(pic.transpose((2, 0, 1))).contiguous()
Epoch 001: train_loss = 110.756003  MAE/GAME0 = 0.282  RMSE = 0.441  GAME1 = 0.454  GAME2 = 0.757  GAME3 = 1.218  lr = 1.00e-05  time = 21.7s
/app/apps/pytorch/2.6.0-py3-cu11.8/lib/python3.13/site-packages/torchvision/transforms/functional.py:154: UserWarning: The given NumPy array is not writable, and PyTorch does not support non-writable tensors. This means writing to this tensor will result in undefined behavior. You may want to copy the array to protect its data or make it writable before converting it to a tensor. This type of warning will be suppressed for the rest of this program. (Triggered internally at /pytorch/torch/csrc/utils/tensor_numpy.cpp:203.)
  img = torch.from_numpy(pic.transpose((2, 0, 1))).contiguous()
/app/apps/pytorch/2.6.0-py3-cu11.8/lib/python3.13/site-packages/torchvision/transforms/functional.py:154: UserWarning: The given NumPy array is not writable, and PyTorch does not support non-writable tensors. This means writing to this tensor will result in undefined behavior. You may want to copy the array to protect its data or make it writable before converting it to a tensor. This type of warning will be suppressed for the rest of this program. (Triggered internally at /pytorch/torch/csrc/utils/tensor_numpy.cpp:203.)
  img = torch.from_numpy(pic.transpose((2, 0, 1))).contiguous()
/app/apps/pytorch/2.6.0-py3-cu11.8/lib/python3.13/site-packages/torchvision/transforms/functional.py:154: UserWarning: The given NumPy array is not writable, and PyTorch does not support non-writable tensors. This means writing to this tensor will result in undefined behavior. You may want to copy the array to protect its data or make it writable before converting it to a tensor. This type of warning will be suppressed for the rest of this program. (Triggered internally at /pytorch/torch/csrc/utils/tensor_numpy.cpp:203.)
  img = torch.from_numpy(pic.transpose((2, 0, 1))).contiguous()
/app/apps/pytorch/2.6.0-py3-cu11.8/lib/python3.13/site-packages/torchvision/transforms/functional.py:154: UserWarning: The given NumPy array is not writable, and PyTorch does not support non-writable tensors. This means writing to this tensor will result in undefined behavior. You may want to copy the array to protect its data or make it writable before converting it to a tensor. This type of warning will be suppressed for the rest of this program. (Triggered internally at /pytorch/torch/csrc/utils/tensor_numpy.cpp:203.)
  img = torch.from_numpy(pic.transpose((2, 0, 1))).contiguous()
[e002 s0001/1030] loss = 0.000070
[e002 s0050/1030] loss = 0.000053
[e002 s0100/1030] loss = 0.000049
[e002 s0150/1030] loss = 0.000048
[e002 s0200/1030] loss = 0.000044
[e002 s0250/1030] loss = 0.000045
[e002 s0300/1030] loss = 0.000044
[e002 s0350/1030] loss = 0.000041
[e002 s0400/1030] loss = 0.000040
[e002 s0450/1030] loss = 0.000038
[e002 s0500/1030] loss = 0.000037
[e002 s0550/1030] loss = 0.000035
[e002 s0600/1030] loss = 0.000034
[e002 s0650/1030] loss = 0.000033
[e002 s0700/1030] loss = 0.000032
[e002 s0750/1030] loss = 0.000031
[e002 s0800/1030] loss = 0.000030
[e002 s0850/1030] loss = 0.000029
[e002 s0900/1030] loss = 0.000028
[e002 s0950/1030] loss = 0.000027
[e002 s1000/1030] loss = 0.000026
/app/apps/pytorch/2.6.0-py3-cu11.8/lib/python3.13/site-packages/torchvision/transforms/functional.py:154: UserWarning: The given NumPy array is not writable, and PyTorch does not support non-writable tensors. This means writing to this tensor will result in undefined behavior. You may want to copy the array to protect its data or make it writable before converting it to a tensor. This type of warning will be suppressed for the rest of this program. (Triggered internally at /pytorch/torch/csrc/utils/tensor_numpy.cpp:203.)
  img = torch.from_numpy(pic.transpose((2, 0, 1))).contiguous()
/app/apps/pytorch/2.6.0-py3-cu11.8/lib/python3.13/site-packages/torchvision/transforms/functional.py:154: UserWarning: The given NumPy array is not writable, and PyTorch does not support non-writable tensors. This means writing to this tensor will result in undefined behavior. You may want to copy the array to protect its data or make it writable before converting it to a tensor. This type of warning will be suppressed for the rest of this program. (Triggered internally at /pytorch/torch/csrc/utils/tensor_numpy.cpp:203.)
  img = torch.from_numpy(pic.transpose((2, 0, 1))).contiguous()
/app/apps/pytorch/2.6.0-py3-cu11.8/lib/python3.13/site-packages/torchvision/transforms/functional.py:154: UserWarning: The given NumPy array is not writable, and PyTorch does not support non-writable tensors. This means writing to this tensor will result in undefined behavior. You may want to copy the array to protect its data or make it writable before converting it to a tensor. This type of warning will be suppressed for the rest of this program. (Triggered internally at /pytorch/torch/csrc/utils/tensor_numpy.cpp:203.)
  img = torch.from_numpy(pic.transpose((2, 0, 1))).contiguous()
/app/apps/pytorch/2.6.0-py3-cu11.8/lib/python3.13/site-packages/torchvision/transforms/functional.py:154: UserWarning: The given NumPy array is not writable, and PyTorch does not support non-writable tensors. This means writing to this tensor will result in undefined behavior. You may want to copy the array to protect its data or make it writable before converting it to a tensor. This type of warning will be suppressed for the rest of this program. (Triggered internally at /pytorch/torch/csrc/utils/tensor_numpy.cpp:203.)
  img = torch.from_numpy(pic.transpose((2, 0, 1))).contiguous()
Epoch 002: train_loss = 0.000026  MAE/GAME0 = 0.083  RMSE = 0.119  GAME1 = 0.154  GAME2 = 0.266  GAME3 = 0.439  lr = 1.00e-05  time = 16.4s
/app/apps/pytorch/2.6.0-py3-cu11.8/lib/python3.13/site-packages/torchvision/transforms/functional.py:154: UserWarning: The given NumPy array is not writable, and PyTorch does not support non-writable tensors. This means writing to this tensor will result in undefined behavior. You may want to copy the array to protect its data or make it writable before converting it to a tensor. This type of warning will be suppressed for the rest of this program. (Triggered internally at /pytorch/torch/csrc/utils/tensor_numpy.cpp:203.)
  img = torch.from_numpy(pic.transpose((2, 0, 1))).contiguous()
/app/apps/pytorch/2.6.0-py3-cu11.8/lib/python3.13/site-packages/torchvision/transforms/functional.py:154: UserWarning: The given NumPy array is not writable, and PyTorch does not support non-writable tensors. This means writing to this tensor will result in undefined behavior. You may want to copy the array to protect its data or make it writable before converting it to a tensor. This type of warning will be suppressed for the rest of this program. (Triggered internally at /pytorch/torch/csrc/utils/tensor_numpy.cpp:203.)
  img = torch.from_numpy(pic.transpose((2, 0, 1))).contiguous()
/app/apps/pytorch/2.6.0-py3-cu11.8/lib/python3.13/site-packages/torchvision/transforms/functional.py:154: UserWarning: The given NumPy array is not writable, and PyTorch does not support non-writable tensors. This means writing to this tensor will result in undefined behavior. You may want to copy the array to protect its data or make it writable before converting it to a tensor. This type of warning will be suppressed for the rest of this program. (Triggered internally at /pytorch/torch/csrc/utils/tensor_numpy.cpp:203.)
  img = torch.from_numpy(pic.transpose((2, 0, 1))).contiguous()
[e003 s0001/1030] loss = 0.000026
/app/apps/pytorch/2.6.0-py3-cu11.8/lib/python3.13/site-packages/torchvision/transforms/functional.py:154: UserWarning: The given NumPy array is not writable, and PyTorch does not support non-writable tensors. This means writing to this tensor will result in undefined behavior. You may want to copy the array to protect its data or make it writable before converting it to a tensor. This type of warning will be suppressed for the rest of this program. (Triggered internally at /pytorch/torch/csrc/utils/tensor_numpy.cpp:203.)
  img = torch.from_numpy(pic.transpose((2, 0, 1))).contiguous()
[e003 s0050/1030] loss = 0.000010
[e003 s0100/1030] loss = 0.000012
[e003 s0150/1030] loss = 0.000010
[e003 s0200/1030] loss = 0.000010
[e003 s0250/1030] loss = 0.000009
[e003 s0300/1030] loss = 0.000009
[e003 s0350/1030] loss = 0.000009
[e003 s0400/1030] loss = 0.000008
[e003 s0450/1030] loss = 0.000008
[e003 s0500/1030] loss = 0.000008
[e003 s0550/1030] loss = 0.000007
[e003 s0600/1030] loss = 0.000007
[e003 s0650/1030] loss = 0.000007
[e003 s0700/1030] loss = 0.000007
[e003 s0750/1030] loss = 0.000007
[e003 s0800/1030] loss = 0.000007
[e003 s0850/1030] loss = 0.000006
[e003 s0900/1030] loss = 0.000006
[e003 s0950/1030] loss = 0.000006
[e003 s1000/1030] loss = 0.000006
/app/apps/pytorch/2.6.0-py3-cu11.8/lib/python3.13/site-packages/torchvision/transforms/functional.py:154: UserWarning: The given NumPy array is not writable, and PyTorch does not support non-writable tensors. This means writing to this tensor will result in undefined behavior. You may want to copy the array to protect its data or make it writable before converting it to a tensor. This type of warning will be suppressed for the rest of this program. (Triggered internally at /pytorch/torch/csrc/utils/tensor_numpy.cpp:203.)
  img = torch.from_numpy(pic.transpose((2, 0, 1))).contiguous()
/app/apps/pytorch/2.6.0-py3-cu11.8/lib/python3.13/site-packages/torchvision/transforms/functional.py:154: UserWarning: The given NumPy array is not writable, and PyTorch does not support non-writable tensors. This means writing to this tensor will result in undefined behavior. You may want to copy the array to protect its data or make it writable before converting it to a tensor. This type of warning will be suppressed for the rest of this program. (Triggered internally at /pytorch/torch/csrc/utils/tensor_numpy.cpp:203.)
  img = torch.from_numpy(pic.transpose((2, 0, 1))).contiguous()
/app/apps/pytorch/2.6.0-py3-cu11.8/lib/python3.13/site-packages/torchvision/transforms/functional.py:154: UserWarning: The given NumPy array is not writable, and PyTorch does not support non-writable tensors. This means writing to this tensor will result in undefined behavior. You may want to copy the array to protect its data or make it writable before converting it to a tensor. This type of warning will be suppressed for the rest of this program. (Triggered internally at /pytorch/torch/csrc/utils/tensor_numpy.cpp:203.)
  img = torch.from_numpy(pic.transpose((2, 0, 1))).contiguous()
/app/apps/pytorch/2.6.0-py3-cu11.8/lib/python3.13/site-packages/torchvision/transforms/functional.py:154: UserWarning: The given NumPy array is not writable, and PyTorch does not support non-writable tensors. This means writing to this tensor will result in undefined behavior. You may want to copy the array to protect its data or make it writable before converting it to a tensor. This type of warning will be suppressed for the rest of this program. (Triggered internally at /pytorch/torch/csrc/utils/tensor_numpy.cpp:203.)
  img = torch.from_numpy(pic.transpose((2, 0, 1))).contiguous()
Epoch 003: train_loss = 0.000006  MAE/GAME0 = 0.061  RMSE = 0.091  GAME1 = 0.095  GAME2 = 0.146  GAME3 = 0.229  lr = 1.00e-05  time = 16.1s
/app/apps/pytorch/2.6.0-py3-cu11.8/lib/python3.13/site-packages/torchvision/transforms/functional.py:154: UserWarning: The given NumPy array is not writable, and PyTorch does not support non-writable tensors. This means writing to this tensor will result in undefined behavior. You may want to copy the array to protect its data or make it writable before converting it to a tensor. This type of warning will be suppressed for the rest of this program. (Triggered internally at /pytorch/torch/csrc/utils/tensor_numpy.cpp:203.)
  img = torch.from_numpy(pic.transpose((2, 0, 1))).contiguous()
/app/apps/pytorch/2.6.0-py3-cu11.8/lib/python3.13/site-packages/torchvision/transforms/functional.py:154: UserWarning: The given NumPy array is not writable, and PyTorch does not support non-writable tensors. This means writing to this tensor will result in undefined behavior. You may want to copy the array to protect its data or make it writable before converting it to a tensor. This type of warning will be suppressed for the rest of this program. (Triggered internally at /pytorch/torch/csrc/utils/tensor_numpy.cpp:203.)
  img = torch.from_numpy(pic.transpose((2, 0, 1))).contiguous()
/app/apps/pytorch/2.6.0-py3-cu11.8/lib/python3.13/site-packages/torchvision/transforms/functional.py:154: UserWarning: The given NumPy array is not writable, and PyTorch does not support non-writable tensors. This means writing to this tensor will result in undefined behavior. You may want to copy the array to protect its data or make it writable before converting it to a tensor. This type of warning will be suppressed for the rest of this program. (Triggered internally at /pytorch/torch/csrc/utils/tensor_numpy.cpp:203.)
  img = torch.from_numpy(pic.transpose((2, 0, 1))).contiguous()
[e004 s0001/1030] loss = 0.000001
/app/apps/pytorch/2.6.0-py3-cu11.8/lib/python3.13/site-packages/torchvision/transforms/functional.py:154: UserWarning: The given NumPy array is not writable, and PyTorch does not support non-writable tensors. This means writing to this tensor will result in undefined behavior. You may want to copy the array to protect its data or make it writable before converting it to a tensor. This type of warning will be suppressed for the rest of this program. (Triggered internally at /pytorch/torch/csrc/utils/tensor_numpy.cpp:203.)
  img = torch.from_numpy(pic.transpose((2, 0, 1))).contiguous()
[e004 s0050/1030] loss = 0.000003
[e004 s0100/1030] loss = 0.000002
[e004 s0150/1030] loss = 0.000003
[e004 s0200/1030] loss = 0.000003
[e004 s0250/1030] loss = 0.000003
[e004 s0300/1030] loss = 0.000002
[e004 s0350/1030] loss = 0.000002
[e004 s0400/1030] loss = 0.000002
[e004 s0450/1030] loss = 0.000002
[e004 s0500/1030] loss = 0.000002
[e004 s0550/1030] loss = 0.000002
[e004 s0600/1030] loss = 0.000002
[e004 s0650/1030] loss = 0.000002
[e004 s0700/1030] loss = 0.000002
[e004 s0750/1030] loss = 0.000002
[e004 s0800/1030] loss = 0.000002
[e004 s0850/1030] loss = 0.000002
[e004 s0900/1030] loss = 0.000002
[e004 s0950/1030] loss = 0.000002
[e004 s1000/1030] loss = 0.000002
/app/apps/pytorch/2.6.0-py3-cu11.8/lib/python3.13/site-packages/torchvision/transforms/functional.py:154: UserWarning: The given NumPy array is not writable, and PyTorch does not support non-writable tensors. This means writing to this tensor will result in undefined behavior. You may want to copy the array to protect its data or make it writable before converting it to a tensor. This type of warning will be suppressed for the rest of this program. (Triggered internally at /pytorch/torch/csrc/utils/tensor_numpy.cpp:203.)
  img = torch.from_numpy(pic.transpose((2, 0, 1))).contiguous()
/app/apps/pytorch/2.6.0-py3-cu11.8/lib/python3.13/site-packages/torchvision/transforms/functional.py:154: UserWarning: The given NumPy array is not writable, and PyTorch does not support non-writable tensors. This means writing to this tensor will result in undefined behavior. You may want to copy the array to protect its data or make it writable before converting it to a tensor. This type of warning will be suppressed for the rest of this program. (Triggered internally at /pytorch/torch/csrc/utils/tensor_numpy.cpp:203.)
  img = torch.from_numpy(pic.transpose((2, 0, 1))).contiguous()
/app/apps/pytorch/2.6.0-py3-cu11.8/lib/python3.13/site-packages/torchvision/transforms/functional.py:154: UserWarning: The given NumPy array is not writable, and PyTorch does not support non-writable tensors. This means writing to this tensor will result in undefined behavior. You may want to copy the array to protect its data or make it writable before converting it to a tensor. This type of warning will be suppressed for the rest of this program. (Triggered internally at /pytorch/torch/csrc/utils/tensor_numpy.cpp:203.)
  img = torch.from_numpy(pic.transpose((2, 0, 1))).contiguous()
/app/apps/pytorch/2.6.0-py3-cu11.8/lib/python3.13/site-packages/torchvision/transforms/functional.py:154: UserWarning: The given NumPy array is not writable, and PyTorch does not support non-writable tensors. This means writing to this tensor will result in undefined behavior. You may want to copy the array to protect its data or make it writable before converting it to a tensor. This type of warning will be suppressed for the rest of this program. (Triggered internally at /pytorch/torch/csrc/utils/tensor_numpy.cpp:203.)
  img = torch.from_numpy(pic.transpose((2, 0, 1))).contiguous()
Epoch 004: train_loss = 0.000002  MAE/GAME0 = 0.034  RMSE = 0.047  GAME1 = 0.053  GAME2 = 0.081  GAME3 = 0.136  lr = 1.00e-05  time = 16.4s
/app/apps/pytorch/2.6.0-py3-cu11.8/lib/python3.13/site-packages/torchvision/transforms/functional.py:154: UserWarning: The given NumPy array is not writable, and PyTorch does not support non-writable tensors. This means writing to this tensor will result in undefined behavior. You may want to copy the array to protect its data or make it writable before converting it to a tensor. This type of warning will be suppressed for the rest of this program. (Triggered internally at /pytorch/torch/csrc/utils/tensor_numpy.cpp:203.)
  img = torch.from_numpy(pic.transpose((2, 0, 1))).contiguous()
/app/apps/pytorch/2.6.0-py3-cu11.8/lib/python3.13/site-packages/torchvision/transforms/functional.py:154: UserWarning: The given NumPy array is not writable, and PyTorch does not support non-writable tensors. This means writing to this tensor will result in undefined behavior. You may want to copy the array to protect its data or make it writable before converting it to a tensor. This type of warning will be suppressed for the rest of this program. (Triggered internally at /pytorch/torch/csrc/utils/tensor_numpy.cpp:203.)
  img = torch.from_numpy(pic.transpose((2, 0, 1))).contiguous()
/app/apps/pytorch/2.6.0-py3-cu11.8/lib/python3.13/site-packages/torchvision/transforms/functional.py:154: UserWarning: The given NumPy array is not writable, and PyTorch does not support non-writable tensors. This means writing to this tensor will result in undefined behavior. You may want to copy the array to protect its data or make it writable before converting it to a tensor. This type of warning will be suppressed for the rest of this program. (Triggered internally at /pytorch/torch/csrc/utils/tensor_numpy.cpp:203.)
  img = torch.from_numpy(pic.transpose((2, 0, 1))).contiguous()
[e005 s0001/1030] loss = 0.000002
/app/apps/pytorch/2.6.0-py3-cu11.8/lib/python3.13/site-packages/torchvision/transforms/functional.py:154: UserWarning: The given NumPy array is not writable, and PyTorch does not support non-writable tensors. This means writing to this tensor will result in undefined behavior. You may want to copy the array to protect its data or make it writable before converting it to a tensor. This type of warning will be suppressed for the rest of this program. (Triggered internally at /pytorch/torch/csrc/utils/tensor_numpy.cpp:203.)
  img = torch.from_numpy(pic.transpose((2, 0, 1))).contiguous()
[e005 s0050/1030] loss = 0.000001
[e005 s0100/1030] loss = 0.000001
[e005 s0150/1030] loss = 0.000001
[e005 s0200/1030] loss = 0.000001
[e005 s0250/1030] loss = 0.000001
[e005 s0300/1030] loss = 0.000001
[e005 s0350/1030] loss = 1.404246
[e005 s0400/1030] loss = 1.228716
[e005 s0450/1030] loss = 1.092192
[e005 s0500/1030] loss = 0.982973
[e005 s0550/1030] loss = 0.893612
[e005 s0600/1030] loss = 0.819144
[e005 s0650/1030] loss = 0.756133
[e005 s0700/1030] loss = 0.702123
[e005 s0750/1030] loss = 0.655315
[e005 s0800/1030] loss = 0.614358
[e005 s0850/1030] loss = 0.578219
[e005 s0900/1030] loss = 0.546096
[e005 s0950/1030] loss = 0.517354
[e005 s1000/1030] loss = 1.407409
/app/apps/pytorch/2.6.0-py3-cu11.8/lib/python3.13/site-packages/torchvision/transforms/functional.py:154: UserWarning: The given NumPy array is not writable, and PyTorch does not support non-writable tensors. This means writing to this tensor will result in undefined behavior. You may want to copy the array to protect its data or make it writable before converting it to a tensor. This type of warning will be suppressed for the rest of this program. (Triggered internally at /pytorch/torch/csrc/utils/tensor_numpy.cpp:203.)
  img = torch.from_numpy(pic.transpose((2, 0, 1))).contiguous()
/app/apps/pytorch/2.6.0-py3-cu11.8/lib/python3.13/site-packages/torchvision/transforms/functional.py:154: UserWarning: The given NumPy array is not writable, and PyTorch does not support non-writable tensors. This means writing to this tensor will result in undefined behavior. You may want to copy the array to protect its data or make it writable before converting it to a tensor. This type of warning will be suppressed for the rest of this program. (Triggered internally at /pytorch/torch/csrc/utils/tensor_numpy.cpp:203.)
  img = torch.from_numpy(pic.transpose((2, 0, 1))).contiguous()
/app/apps/pytorch/2.6.0-py3-cu11.8/lib/python3.13/site-packages/torchvision/transforms/functional.py:154: UserWarning: The given NumPy array is not writable, and PyTorch does not support non-writable tensors. This means writing to this tensor will result in undefined behavior. You may want to copy the array to protect its data or make it writable before converting it to a tensor. This type of warning will be suppressed for the rest of this program. (Triggered internally at /pytorch/torch/csrc/utils/tensor_numpy.cpp:203.)
  img = torch.from_numpy(pic.transpose((2, 0, 1))).contiguous()
/app/apps/pytorch/2.6.0-py3-cu11.8/lib/python3.13/site-packages/torchvision/transforms/functional.py:154: UserWarning: The given NumPy array is not writable, and PyTorch does not support non-writable tensors. This means writing to this tensor will result in undefined behavior. You may want to copy the array to protect its data or make it writable before converting it to a tensor. This type of warning will be suppressed for the rest of this program. (Triggered internally at /pytorch/torch/csrc/utils/tensor_numpy.cpp:203.)
  img = torch.from_numpy(pic.transpose((2, 0, 1))).contiguous()
Epoch 005: train_loss = 1.366416  MAE/GAME0 = 57.718  RMSE = 815.718  GAME1 = 60.196  GAME2 = 93.724  GAME3 = 98.929  lr = 1.00e-05  time = 16.0s
/app/apps/pytorch/2.6.0-py3-cu11.8/lib/python3.13/site-packages/torchvision/transforms/functional.py:154: UserWarning: The given NumPy array is not writable, and PyTorch does not support non-writable tensors. This means writing to this tensor will result in undefined behavior. You may want to copy the array to protect its data or make it writable before converting it to a tensor. This type of warning will be suppressed for the rest of this program. (Triggered internally at /pytorch/torch/csrc/utils/tensor_numpy.cpp:203.)
  img = torch.from_numpy(pic.transpose((2, 0, 1))).contiguous()
/app/apps/pytorch/2.6.0-py3-cu11.8/lib/python3.13/site-packages/torchvision/transforms/functional.py:154: UserWarning: The given NumPy array is not writable, and PyTorch does not support non-writable tensors. This means writing to this tensor will result in undefined behavior. You may want to copy the array to protect its data or make it writable before converting it to a tensor. This type of warning will be suppressed for the rest of this program. (Triggered internally at /pytorch/torch/csrc/utils/tensor_numpy.cpp:203.)
  img = torch.from_numpy(pic.transpose((2, 0, 1))).contiguous()
/app/apps/pytorch/2.6.0-py3-cu11.8/lib/python3.13/site-packages/torchvision/transforms/functional.py:154: UserWarning: The given NumPy array is not writable, and PyTorch does not support non-writable tensors. This means writing to this tensor will result in undefined behavior. You may want to copy the array to protect its data or make it writable before converting it to a tensor. This type of warning will be suppressed for the rest of this program. (Triggered internally at /pytorch/torch/csrc/utils/tensor_numpy.cpp:203.)
  img = torch.from_numpy(pic.transpose((2, 0, 1))).contiguous()
[e006 s0001/1030] loss = 0.000000
/app/apps/pytorch/2.6.0-py3-cu11.8/lib/python3.13/site-packages/torchvision/transforms/functional.py:154: UserWarning: The given NumPy array is not writable, and PyTorch does not support non-writable tensors. This means writing to this tensor will result in undefined behavior. You may want to copy the array to protect its data or make it writable before converting it to a tensor. This type of warning will be suppressed for the rest of this program. (Triggered internally at /pytorch/torch/csrc/utils/tensor_numpy.cpp:203.)
  img = torch.from_numpy(pic.transpose((2, 0, 1))).contiguous()
[e006 s0050/1030] loss = 0.000000
[e006 s0100/1030] loss = 5.795324
[e006 s0150/1030] loss = 3.863549
[e006 s0200/1030] loss = 3.160666
[e006 s0250/1030] loss = 2.528533
[e006 s0300/1030] loss = 2.207220
[e006 s0350/1030] loss = 1.891903
[e006 s0400/1030] loss = 1.655415
[e006 s0450/1030] loss = 1.471480
[e006 s0500/1030] loss = 1.324332
[e006 s0550/1030] loss = 1.230087
[e006 s0600/1030] loss = 1.127580
[e006 s0650/1030] loss = 1.129563
[e006 s0700/1030] loss = 1.495479
[e006 s0750/1030] loss = 10.143785
[e006 s0800/1030] loss = 10.461485
[e006 s0850/1030] loss = 9.846104
[e006 s0900/1030] loss = 9.299098
[e006 s0950/1030] loss = 8.809672
[e006 s1000/1030] loss = 8.369188
/app/apps/pytorch/2.6.0-py3-cu11.8/lib/python3.13/site-packages/torchvision/transforms/functional.py:154: UserWarning: The given NumPy array is not writable, and PyTorch does not support non-writable tensors. This means writing to this tensor will result in undefined behavior. You may want to copy the array to protect its data or make it writable before converting it to a tensor. This type of warning will be suppressed for the rest of this program. (Triggered internally at /pytorch/torch/csrc/utils/tensor_numpy.cpp:203.)
  img = torch.from_numpy(pic.transpose((2, 0, 1))).contiguous()
/app/apps/pytorch/2.6.0-py3-cu11.8/lib/python3.13/site-packages/torchvision/transforms/functional.py:154: UserWarning: The given NumPy array is not writable, and PyTorch does not support non-writable tensors. This means writing to this tensor will result in undefined behavior. You may want to copy the array to protect its data or make it writable before converting it to a tensor. This type of warning will be suppressed for the rest of this program. (Triggered internally at /pytorch/torch/csrc/utils/tensor_numpy.cpp:203.)
  img = torch.from_numpy(pic.transpose((2, 0, 1))).contiguous()
/app/apps/pytorch/2.6.0-py3-cu11.8/lib/python3.13/site-packages/torchvision/transforms/functional.py:154: UserWarning: The given NumPy array is not writable, and PyTorch does not support non-writable tensors. This means writing to this tensor will result in undefined behavior. You may want to copy the array to protect its data or make it writable before converting it to a tensor. This type of warning will be suppressed for the rest of this program. (Triggered internally at /pytorch/torch/csrc/utils/tensor_numpy.cpp:203.)
  img = torch.from_numpy(pic.transpose((2, 0, 1))).contiguous()
/app/apps/pytorch/2.6.0-py3-cu11.8/lib/python3.13/site-packages/torchvision/transforms/functional.py:154: UserWarning: The given NumPy array is not writable, and PyTorch does not support non-writable tensors. This means writing to this tensor will result in undefined behavior. You may want to copy the array to protect its data or make it writable before converting it to a tensor. This type of warning will be suppressed for the rest of this program. (Triggered internally at /pytorch/torch/csrc/utils/tensor_numpy.cpp:203.)
  img = torch.from_numpy(pic.transpose((2, 0, 1))).contiguous()
Epoch 006: train_loss = 8.125425  MAE/GAME0 = 0.073  RMSE = 0.102  GAME1 = 0.091  GAME2 = 0.117  GAME3 = 0.161  lr = 1.00e-05  time = 16.0s
/app/apps/pytorch/2.6.0-py3-cu11.8/lib/python3.13/site-packages/torchvision/transforms/functional.py:154: UserWarning: The given NumPy array is not writable, and PyTorch does not support non-writable tensors. This means writing to this tensor will result in undefined behavior. You may want to copy the array to protect its data or make it writable before converting it to a tensor. This type of warning will be suppressed for the rest of this program. (Triggered internally at /pytorch/torch/csrc/utils/tensor_numpy.cpp:203.)
  img = torch.from_numpy(pic.transpose((2, 0, 1))).contiguous()
[e007 s0001/1030] loss = 0.000000
/app/apps/pytorch/2.6.0-py3-cu11.8/lib/python3.13/site-packages/torchvision/transforms/functional.py:154: UserWarning: The given NumPy array is not writable, and PyTorch does not support non-writable tensors. This means writing to this tensor will result in undefined behavior. You may want to copy the array to protect its data or make it writable before converting it to a tensor. This type of warning will be suppressed for the rest of this program. (Triggered internally at /pytorch/torch/csrc/utils/tensor_numpy.cpp:203.)
  img = torch.from_numpy(pic.transpose((2, 0, 1))).contiguous()
/app/apps/pytorch/2.6.0-py3-cu11.8/lib/python3.13/site-packages/torchvision/transforms/functional.py:154: UserWarning: The given NumPy array is not writable, and PyTorch does not support non-writable tensors. This means writing to this tensor will result in undefined behavior. You may want to copy the array to protect its data or make it writable before converting it to a tensor. This type of warning will be suppressed for the rest of this program. (Triggered internally at /pytorch/torch/csrc/utils/tensor_numpy.cpp:203.)
  img = torch.from_numpy(pic.transpose((2, 0, 1))).contiguous()
/app/apps/pytorch/2.6.0-py3-cu11.8/lib/python3.13/site-packages/torchvision/transforms/functional.py:154: UserWarning: The given NumPy array is not writable, and PyTorch does not support non-writable tensors. This means writing to this tensor will result in undefined behavior. You may want to copy the array to protect its data or make it writable before converting it to a tensor. This type of warning will be suppressed for the rest of this program. (Triggered internally at /pytorch/torch/csrc/utils/tensor_numpy.cpp:203.)
  img = torch.from_numpy(pic.transpose((2, 0, 1))).contiguous()
[e007 s0050/1030] loss = 0.000000
[e007 s0100/1030] loss = 0.000000
[e007 s0150/1030] loss = 78.256509
[e007 s0200/1030] loss = 58.692382
[e007 s0250/1030] loss = 46.953906
[e007 s0300/1030] loss = 39.128255
[e007 s0350/1030] loss = 49.618624
[e007 s0400/1030] loss = 43.416344
[e007 s0450/1030] loss = 38.592318
[e007 s0500/1030] loss = 34.733095
[e007 s0550/1030] loss = 31.575549
[e007 s0600/1030] loss = 28.944260
[e007 s0650/1030] loss = 26.717784
[e007 s0700/1030] loss = 24.809376
[e007 s0750/1030] loss = 23.155422
[e007 s0800/1030] loss = 21.708212
[e007 s0850/1030] loss = 20.431262
[e007 s0900/1030] loss = 19.296196
[e007 s0950/1030] loss = 18.280610
[e007 s1000/1030] loss = 17.366583
/app/apps/pytorch/2.6.0-py3-cu11.8/lib/python3.13/site-packages/torchvision/transforms/functional.py:154: UserWarning: The given NumPy array is not writable, and PyTorch does not support non-writable tensors. This means writing to this tensor will result in undefined behavior. You may want to copy the array to protect its data or make it writable before converting it to a tensor. This type of warning will be suppressed for the rest of this program. (Triggered internally at /pytorch/torch/csrc/utils/tensor_numpy.cpp:203.)
  img = torch.from_numpy(pic.transpose((2, 0, 1))).contiguous()
/app/apps/pytorch/2.6.0-py3-cu11.8/lib/python3.13/site-packages/torchvision/transforms/functional.py:154: UserWarning: The given NumPy array is not writable, and PyTorch does not support non-writable tensors. This means writing to this tensor will result in undefined behavior. You may want to copy the array to protect its data or make it writable before converting it to a tensor. This type of warning will be suppressed for the rest of this program. (Triggered internally at /pytorch/torch/csrc/utils/tensor_numpy.cpp:203.)
  img = torch.from_numpy(pic.transpose((2, 0, 1))).contiguous()
/app/apps/pytorch/2.6.0-py3-cu11.8/lib/python3.13/site-packages/torchvision/transforms/functional.py:154: UserWarning: The given NumPy array is not writable, and PyTorch does not support non-writable tensors. This means writing to this tensor will result in undefined behavior. You may want to copy the array to protect its data or make it writable before converting it to a tensor. This type of warning will be suppressed for the rest of this program. (Triggered internally at /pytorch/torch/csrc/utils/tensor_numpy.cpp:203.)
  img = torch.from_numpy(pic.transpose((2, 0, 1))).contiguous()
/app/apps/pytorch/2.6.0-py3-cu11.8/lib/python3.13/site-packages/torchvision/transforms/functional.py:154: UserWarning: The given NumPy array is not writable, and PyTorch does not support non-writable tensors. This means writing to this tensor will result in undefined behavior. You may want to copy the array to protect its data or make it writable before converting it to a tensor. This type of warning will be suppressed for the rest of this program. (Triggered internally at /pytorch/torch/csrc/utils/tensor_numpy.cpp:203.)
  img = torch.from_numpy(pic.transpose((2, 0, 1))).contiguous()
Epoch 007: train_loss = 16.860762  MAE/GAME0 = 5.406  RMSE = 5.422  GAME1 = 5.407  GAME2 = 5.407  GAME3 = 5.407  lr = 1.00e-05  time = 15.9s
/app/apps/pytorch/2.6.0-py3-cu11.8/lib/python3.13/site-packages/torchvision/transforms/functional.py:154: UserWarning: The given NumPy array is not writable, and PyTorch does not support non-writable tensors. This means writing to this tensor will result in undefined behavior. You may want to copy the array to protect its data or make it writable before converting it to a tensor. This type of warning will be suppressed for the rest of this program. (Triggered internally at /pytorch/torch/csrc/utils/tensor_numpy.cpp:203.)
  img = torch.from_numpy(pic.transpose((2, 0, 1))).contiguous()
/app/apps/pytorch/2.6.0-py3-cu11.8/lib/python3.13/site-packages/torchvision/transforms/functional.py:154: UserWarning: The given NumPy array is not writable, and PyTorch does not support non-writable tensors. This means writing to this tensor will result in undefined behavior. You may want to copy the array to protect its data or make it writable before converting it to a tensor. This type of warning will be suppressed for the rest of this program. (Triggered internally at /pytorch/torch/csrc/utils/tensor_numpy.cpp:203.)
  img = torch.from_numpy(pic.transpose((2, 0, 1))).contiguous()
[e008 s0001/1030] loss = 0.000065
/app/apps/pytorch/2.6.0-py3-cu11.8/lib/python3.13/site-packages/torchvision/transforms/functional.py:154: UserWarning: The given NumPy array is not writable, and PyTorch does not support non-writable tensors. This means writing to this tensor will result in undefined behavior. You may want to copy the array to protect its data or make it writable before converting it to a tensor. This type of warning will be suppressed for the rest of this program. (Triggered internally at /pytorch/torch/csrc/utils/tensor_numpy.cpp:203.)
  img = torch.from_numpy(pic.transpose((2, 0, 1))).contiguous()
/app/apps/pytorch/2.6.0-py3-cu11.8/lib/python3.13/site-packages/torchvision/transforms/functional.py:154: UserWarning: The given NumPy array is not writable, and PyTorch does not support non-writable tensors. This means writing to this tensor will result in undefined behavior. You may want to copy the array to protect its data or make it writable before converting it to a tensor. This type of warning will be suppressed for the rest of this program. (Triggered internally at /pytorch/torch/csrc/utils/tensor_numpy.cpp:203.)
  img = torch.from_numpy(pic.transpose((2, 0, 1))).contiguous()
[e008 s0050/1030] loss = 0.000063
[e008 s0100/1030] loss = 0.000062
[e008 s0150/1030] loss = 0.000062
[e008 s0200/1030] loss = 0.000062
[e008 s0250/1030] loss = 0.000062
[e008 s0300/1030] loss = 0.000062
[e008 s0350/1030] loss = 0.000062
[e008 s0400/1030] loss = 0.000062
[e008 s0450/1030] loss = 0.000062
[e008 s0500/1030] loss = 0.000062
[e008 s0550/1030] loss = 0.000062
[e008 s0600/1030] loss = 0.000062
[e008 s0650/1030] loss = 0.000061
[e008 s0700/1030] loss = 0.000061
[e008 s0750/1030] loss = 0.000061
[e008 s0800/1030] loss = 0.000060
[e008 s0850/1030] loss = 0.000060
[e008 s0900/1030] loss = 0.000060
[e008 s0950/1030] loss = 0.000060
[e008 s1000/1030] loss = 0.000060
/app/apps/pytorch/2.6.0-py3-cu11.8/lib/python3.13/site-packages/torchvision/transforms/functional.py:154: UserWarning: The given NumPy array is not writable, and PyTorch does not support non-writable tensors. This means writing to this tensor will result in undefined behavior. You may want to copy the array to protect its data or make it writable before converting it to a tensor. This type of warning will be suppressed for the rest of this program. (Triggered internally at /pytorch/torch/csrc/utils/tensor_numpy.cpp:203.)
  img = torch.from_numpy(pic.transpose((2, 0, 1))).contiguous()
/app/apps/pytorch/2.6.0-py3-cu11.8/lib/python3.13/site-packages/torchvision/transforms/functional.py:154: UserWarning: The given NumPy array is not writable, and PyTorch does not support non-writable tensors. This means writing to this tensor will result in undefined behavior. You may want to copy the array to protect its data or make it writable before converting it to a tensor. This type of warning will be suppressed for the rest of this program. (Triggered internally at /pytorch/torch/csrc/utils/tensor_numpy.cpp:203.)
  img = torch.from_numpy(pic.transpose((2, 0, 1))).contiguous()
/app/apps/pytorch/2.6.0-py3-cu11.8/lib/python3.13/site-packages/torchvision/transforms/functional.py:154: UserWarning: The given NumPy array is not writable, and PyTorch does not support non-writable tensors. This means writing to this tensor will result in undefined behavior. You may want to copy the array to protect its data or make it writable before converting it to a tensor. This type of warning will be suppressed for the rest of this program. (Triggered internally at /pytorch/torch/csrc/utils/tensor_numpy.cpp:203.)
  img = torch.from_numpy(pic.transpose((2, 0, 1))).contiguous()
/app/apps/pytorch/2.6.0-py3-cu11.8/lib/python3.13/site-packages/torchvision/transforms/functional.py:154: UserWarning: The given NumPy array is not writable, and PyTorch does not support non-writable tensors. This means writing to this tensor will result in undefined behavior. You may want to copy the array to protect its data or make it writable before converting it to a tensor. This type of warning will be suppressed for the rest of this program. (Triggered internally at /pytorch/torch/csrc/utils/tensor_numpy.cpp:203.)
  img = torch.from_numpy(pic.transpose((2, 0, 1))).contiguous()
Epoch 008: train_loss = 0.000060  MAE/GAME0 = 5.643  RMSE = 5.651  GAME1 = 5.643  GAME2 = 5.643  GAME3 = 5.643  lr = 1.00e-05  time = 16.0s
/app/apps/pytorch/2.6.0-py3-cu11.8/lib/python3.13/site-packages/torchvision/transforms/functional.py:154: UserWarning: The given NumPy array is not writable, and PyTorch does not support non-writable tensors. This means writing to this tensor will result in undefined behavior. You may want to copy the array to protect its data or make it writable before converting it to a tensor. This type of warning will be suppressed for the rest of this program. (Triggered internally at /pytorch/torch/csrc/utils/tensor_numpy.cpp:203.)
  img = torch.from_numpy(pic.transpose((2, 0, 1))).contiguous()
/app/apps/pytorch/2.6.0-py3-cu11.8/lib/python3.13/site-packages/torchvision/transforms/functional.py:154: UserWarning: The given NumPy array is not writable, and PyTorch does not support non-writable tensors. This means writing to this tensor will result in undefined behavior. You may want to copy the array to protect its data or make it writable before converting it to a tensor. This type of warning will be suppressed for the rest of this program. (Triggered internally at /pytorch/torch/csrc/utils/tensor_numpy.cpp:203.)
  img = torch.from_numpy(pic.transpose((2, 0, 1))).contiguous()
[e009 s0001/1030] loss = 0.000060
/app/apps/pytorch/2.6.0-py3-cu11.8/lib/python3.13/site-packages/torchvision/transforms/functional.py:154: UserWarning: The given NumPy array is not writable, and PyTorch does not support non-writable tensors. This means writing to this tensor will result in undefined behavior. You may want to copy the array to protect its data or make it writable before converting it to a tensor. This type of warning will be suppressed for the rest of this program. (Triggered internally at /pytorch/torch/csrc/utils/tensor_numpy.cpp:203.)
  img = torch.from_numpy(pic.transpose((2, 0, 1))).contiguous()
/app/apps/pytorch/2.6.0-py3-cu11.8/lib/python3.13/site-packages/torchvision/transforms/functional.py:154: UserWarning: The given NumPy array is not writable, and PyTorch does not support non-writable tensors. This means writing to this tensor will result in undefined behavior. You may want to copy the array to protect its data or make it writable before converting it to a tensor. This type of warning will be suppressed for the rest of this program. (Triggered internally at /pytorch/torch/csrc/utils/tensor_numpy.cpp:203.)
  img = torch.from_numpy(pic.transpose((2, 0, 1))).contiguous()
[e009 s0050/1030] loss = 0.000060
[e009 s0100/1030] loss = 0.000062
[e009 s0150/1030] loss = 0.000063
[e009 s0200/1030] loss = 0.000064
[e009 s0250/1030] loss = 0.000065
[e009 s0300/1030] loss = 0.000067
[e009 s0350/1030] loss = 0.000069
[e009 s0400/1030] loss = 0.000070
[e009 s0450/1030] loss = 0.000072
[e009 s0500/1030] loss = 0.000074
[e009 s0550/1030] loss = 0.000076
[e009 s0600/1030] loss = 0.000078
[e009 s0650/1030] loss = 0.000080
[e009 s0700/1030] loss = 0.000082
[e009 s0750/1030] loss = 0.000084
[e009 s0800/1030] loss = 0.000087
[e009 s0850/1030] loss = 0.000089
[e009 s0900/1030] loss = 0.000091
[e009 s0950/1030] loss = 0.000093
[e009 s1000/1030] loss = 0.000095
/app/apps/pytorch/2.6.0-py3-cu11.8/lib/python3.13/site-packages/torchvision/transforms/functional.py:154: UserWarning: The given NumPy array is not writable, and PyTorch does not support non-writable tensors. This means writing to this tensor will result in undefined behavior. You may want to copy the array to protect its data or make it writable before converting it to a tensor. This type of warning will be suppressed for the rest of this program. (Triggered internally at /pytorch/torch/csrc/utils/tensor_numpy.cpp:203.)
  img = torch.from_numpy(pic.transpose((2, 0, 1))).contiguous()
/app/apps/pytorch/2.6.0-py3-cu11.8/lib/python3.13/site-packages/torchvision/transforms/functional.py:154: UserWarning: The given NumPy array is not writable, and PyTorch does not support non-writable tensors. This means writing to this tensor will result in undefined behavior. You may want to copy the array to protect its data or make it writable before converting it to a tensor. This type of warning will be suppressed for the rest of this program. (Triggered internally at /pytorch/torch/csrc/utils/tensor_numpy.cpp:203.)
  img = torch.from_numpy(pic.transpose((2, 0, 1))).contiguous()
/app/apps/pytorch/2.6.0-py3-cu11.8/lib/python3.13/site-packages/torchvision/transforms/functional.py:154: UserWarning: The given NumPy array is not writable, and PyTorch does not support non-writable tensors. This means writing to this tensor will result in undefined behavior. You may want to copy the array to protect its data or make it writable before converting it to a tensor. This type of warning will be suppressed for the rest of this program. (Triggered internally at /pytorch/torch/csrc/utils/tensor_numpy.cpp:203.)
  img = torch.from_numpy(pic.transpose((2, 0, 1))).contiguous()
/app/apps/pytorch/2.6.0-py3-cu11.8/lib/python3.13/site-packages/torchvision/transforms/functional.py:154: UserWarning: The given NumPy array is not writable, and PyTorch does not support non-writable tensors. This means writing to this tensor will result in undefined behavior. You may want to copy the array to protect its data or make it writable before converting it to a tensor. This type of warning will be suppressed for the rest of this program. (Triggered internally at /pytorch/torch/csrc/utils/tensor_numpy.cpp:203.)
  img = torch.from_numpy(pic.transpose((2, 0, 1))).contiguous()
Epoch 009: train_loss = 0.000096  MAE/GAME0 = 8.586  RMSE = 8.599  GAME1 = 8.586  GAME2 = 8.586  GAME3 = 8.586  lr = 1.00e-05  time = 16.1s
/app/apps/pytorch/2.6.0-py3-cu11.8/lib/python3.13/site-packages/torchvision/transforms/functional.py:154: UserWarning: The given NumPy array is not writable, and PyTorch does not support non-writable tensors. This means writing to this tensor will result in undefined behavior. You may want to copy the array to protect its data or make it writable before converting it to a tensor. This type of warning will be suppressed for the rest of this program. (Triggered internally at /pytorch/torch/csrc/utils/tensor_numpy.cpp:203.)
  img = torch.from_numpy(pic.transpose((2, 0, 1))).contiguous()
/app/apps/pytorch/2.6.0-py3-cu11.8/lib/python3.13/site-packages/torchvision/transforms/functional.py:154: UserWarning: The given NumPy array is not writable, and PyTorch does not support non-writable tensors. This means writing to this tensor will result in undefined behavior. You may want to copy the array to protect its data or make it writable before converting it to a tensor. This type of warning will be suppressed for the rest of this program. (Triggered internally at /pytorch/torch/csrc/utils/tensor_numpy.cpp:203.)
  img = torch.from_numpy(pic.transpose((2, 0, 1))).contiguous()
[e010 s0001/1030] loss = 0.000162
/app/apps/pytorch/2.6.0-py3-cu11.8/lib/python3.13/site-packages/torchvision/transforms/functional.py:154: UserWarning: The given NumPy array is not writable, and PyTorch does not support non-writable tensors. This means writing to this tensor will result in undefined behavior. You may want to copy the array to protect its data or make it writable before converting it to a tensor. This type of warning will be suppressed for the rest of this program. (Triggered internally at /pytorch/torch/csrc/utils/tensor_numpy.cpp:203.)
  img = torch.from_numpy(pic.transpose((2, 0, 1))).contiguous()
/app/apps/pytorch/2.6.0-py3-cu11.8/lib/python3.13/site-packages/torchvision/transforms/functional.py:154: UserWarning: The given NumPy array is not writable, and PyTorch does not support non-writable tensors. This means writing to this tensor will result in undefined behavior. You may want to copy the array to protect its data or make it writable before converting it to a tensor. This type of warning will be suppressed for the rest of this program. (Triggered internally at /pytorch/torch/csrc/utils/tensor_numpy.cpp:203.)
  img = torch.from_numpy(pic.transpose((2, 0, 1))).contiguous()
[e010 s0050/1030] loss = 0.000141
[e010 s0100/1030] loss = 0.000141
[e010 s0150/1030] loss = 0.000141
[e010 s0200/1030] loss = 0.000141
[e010 s0250/1030] loss = 0.000141
[e010 s0300/1030] loss = 0.000139
[e010 s0350/1030] loss = 0.000138
[e010 s0400/1030] loss = 0.000137
[e010 s0450/1030] loss = 0.000134
[e010 s0500/1030] loss = 0.000131
[e010 s0550/1030] loss = 0.000128
[e010 s0600/1030] loss = 0.000125
[e010 s0650/1030] loss = 0.000121
[e010 s0700/1030] loss = 0.000117
[e010 s0750/1030] loss = 0.000113
[e010 s0800/1030] loss = 0.000109
[e010 s0850/1030] loss = 0.000105
[e010 s0900/1030] loss = 0.000102
[e010 s0950/1030] loss = 0.000098
[e010 s1000/1030] loss = 0.000095
/app/apps/pytorch/2.6.0-py3-cu11.8/lib/python3.13/site-packages/torchvision/transforms/functional.py:154: UserWarning: The given NumPy array is not writable, and PyTorch does not support non-writable tensors. This means writing to this tensor will result in undefined behavior. You may want to copy the array to protect its data or make it writable before converting it to a tensor. This type of warning will be suppressed for the rest of this program. (Triggered internally at /pytorch/torch/csrc/utils/tensor_numpy.cpp:203.)
  img = torch.from_numpy(pic.transpose((2, 0, 1))).contiguous()
/app/apps/pytorch/2.6.0-py3-cu11.8/lib/python3.13/site-packages/torchvision/transforms/functional.py:154: UserWarning: The given NumPy array is not writable, and PyTorch does not support non-writable tensors. This means writing to this tensor will result in undefined behavior. You may want to copy the array to protect its data or make it writable before converting it to a tensor. This type of warning will be suppressed for the rest of this program. (Triggered internally at /pytorch/torch/csrc/utils/tensor_numpy.cpp:203.)
  img = torch.from_numpy(pic.transpose((2, 0, 1))).contiguous()
/app/apps/pytorch/2.6.0-py3-cu11.8/lib/python3.13/site-packages/torchvision/transforms/functional.py:154: UserWarning: The given NumPy array is not writable, and PyTorch does not support non-writable tensors. This means writing to this tensor will result in undefined behavior. You may want to copy the array to protect its data or make it writable before converting it to a tensor. This type of warning will be suppressed for the rest of this program. (Triggered internally at /pytorch/torch/csrc/utils/tensor_numpy.cpp:203.)
  img = torch.from_numpy(pic.transpose((2, 0, 1))).contiguous()
/app/apps/pytorch/2.6.0-py3-cu11.8/lib/python3.13/site-packages/torchvision/transforms/functional.py:154: UserWarning: The given NumPy array is not writable, and PyTorch does not support non-writable tensors. This means writing to this tensor will result in undefined behavior. You may want to copy the array to protect its data or make it writable before converting it to a tensor. This type of warning will be suppressed for the rest of this program. (Triggered internally at /pytorch/torch/csrc/utils/tensor_numpy.cpp:203.)
  img = torch.from_numpy(pic.transpose((2, 0, 1))).contiguous()
Epoch 010: train_loss = 0.000093  MAE/GAME0 = 3.641  RMSE = 3.645  GAME1 = 3.640  GAME2 = 3.640  GAME3 = 3.640  lr = 1.00e-05  time = 15.9s
/app/apps/pytorch/2.6.0-py3-cu11.8/lib/python3.13/site-packages/torchvision/transforms/functional.py:154: UserWarning: The given NumPy array is not writable, and PyTorch does not support non-writable tensors. This means writing to this tensor will result in undefined behavior. You may want to copy the array to protect its data or make it writable before converting it to a tensor. This type of warning will be suppressed for the rest of this program. (Triggered internally at /pytorch/torch/csrc/utils/tensor_numpy.cpp:203.)
  img = torch.from_numpy(pic.transpose((2, 0, 1))).contiguous()
/app/apps/pytorch/2.6.0-py3-cu11.8/lib/python3.13/site-packages/torchvision/transforms/functional.py:154: UserWarning: The given NumPy array is not writable, and PyTorch does not support non-writable tensors. This means writing to this tensor will result in undefined behavior. You may want to copy the array to protect its data or make it writable before converting it to a tensor. This type of warning will be suppressed for the rest of this program. (Triggered internally at /pytorch/torch/csrc/utils/tensor_numpy.cpp:203.)
  img = torch.from_numpy(pic.transpose((2, 0, 1))).contiguous()
/app/apps/pytorch/2.6.0-py3-cu11.8/lib/python3.13/site-packages/torchvision/transforms/functional.py:154: UserWarning: The given NumPy array is not writable, and PyTorch does not support non-writable tensors. This means writing to this tensor will result in undefined behavior. You may want to copy the array to protect its data or make it writable before converting it to a tensor. This type of warning will be suppressed for the rest of this program. (Triggered internally at /pytorch/torch/csrc/utils/tensor_numpy.cpp:203.)
  img = torch.from_numpy(pic.transpose((2, 0, 1))).contiguous()
/app/apps/pytorch/2.6.0-py3-cu11.8/lib/python3.13/site-packages/torchvision/transforms/functional.py:154: UserWarning: The given NumPy array is not writable, and PyTorch does not support non-writable tensors. This means writing to this tensor will result in undefined behavior. You may want to copy the array to protect its data or make it writable before converting it to a tensor. This type of warning will be suppressed for the rest of this program. (Triggered internally at /pytorch/torch/csrc/utils/tensor_numpy.cpp:203.)
  img = torch.from_numpy(pic.transpose((2, 0, 1))).contiguous()
[e011 s0001/1030] loss = 0.000024
[e011 s0050/1030] loss = 0.000022
[e011 s0100/1030] loss = 0.000020
[e011 s0150/1030] loss = 0.000018
[e011 s0200/1030] loss = 0.000017
[e011 s0250/1030] loss = 0.000016
[e011 s0300/1030] loss = 0.000015
[e011 s0350/1030] loss = 0.000014
[e011 s0400/1030] loss = 0.000013
[e011 s0450/1030] loss = 0.000012
[e011 s0500/1030] loss = 0.000012
[e011 s0550/1030] loss = 0.000011
[e011 s0600/1030] loss = 0.000011
[e011 s0650/1030] loss = 0.000010
[e011 s0700/1030] loss = 0.000010
[e011 s0750/1030] loss = 0.000010
[e011 s0800/1030] loss = 0.000009
[e011 s0850/1030] loss = 0.000009
[e011 s0900/1030] loss = 0.000009
[e011 s0950/1030] loss = 0.000008
[e011 s1000/1030] loss = 0.000008
/app/apps/pytorch/2.6.0-py3-cu11.8/lib/python3.13/site-packages/torchvision/transforms/functional.py:154: UserWarning: The given NumPy array is not writable, and PyTorch does not support non-writable tensors. This means writing to this tensor will result in undefined behavior. You may want to copy the array to protect its data or make it writable before converting it to a tensor. This type of warning will be suppressed for the rest of this program. (Triggered internally at /pytorch/torch/csrc/utils/tensor_numpy.cpp:203.)
  img = torch.from_numpy(pic.transpose((2, 0, 1))).contiguous()
/app/apps/pytorch/2.6.0-py3-cu11.8/lib/python3.13/site-packages/torchvision/transforms/functional.py:154: UserWarning: The given NumPy array is not writable, and PyTorch does not support non-writable tensors. This means writing to this tensor will result in undefined behavior. You may want to copy the array to protect its data or make it writable before converting it to a tensor. This type of warning will be suppressed for the rest of this program. (Triggered internally at /pytorch/torch/csrc/utils/tensor_numpy.cpp:203.)
  img = torch.from_numpy(pic.transpose((2, 0, 1))).contiguous()
/app/apps/pytorch/2.6.0-py3-cu11.8/lib/python3.13/site-packages/torchvision/transforms/functional.py:154: UserWarning: The given NumPy array is not writable, and PyTorch does not support non-writable tensors. This means writing to this tensor will result in undefined behavior. You may want to copy the array to protect its data or make it writable before converting it to a tensor. This type of warning will be suppressed for the rest of this program. (Triggered internally at /pytorch/torch/csrc/utils/tensor_numpy.cpp:203.)
  img = torch.from_numpy(pic.transpose((2, 0, 1))).contiguous()
/app/apps/pytorch/2.6.0-py3-cu11.8/lib/python3.13/site-packages/torchvision/transforms/functional.py:154: UserWarning: The given NumPy array is not writable, and PyTorch does not support non-writable tensors. This means writing to this tensor will result in undefined behavior. You may want to copy the array to protect its data or make it writable before converting it to a tensor. This type of warning will be suppressed for the rest of this program. (Triggered internally at /pytorch/torch/csrc/utils/tensor_numpy.cpp:203.)
  img = torch.from_numpy(pic.transpose((2, 0, 1))).contiguous()
Epoch 011: train_loss = 0.000008  MAE/GAME0 = 1.535  RMSE = 1.537  GAME1 = 1.535  GAME2 = 1.535  GAME3 = 1.535  lr = 1.00e-05  time = 15.9s
/app/apps/pytorch/2.6.0-py3-cu11.8/lib/python3.13/site-packages/torchvision/transforms/functional.py:154: UserWarning: The given NumPy array is not writable, and PyTorch does not support non-writable tensors. This means writing to this tensor will result in undefined behavior. You may want to copy the array to protect its data or make it writable before converting it to a tensor. This type of warning will be suppressed for the rest of this program. (Triggered internally at /pytorch/torch/csrc/utils/tensor_numpy.cpp:203.)
  img = torch.from_numpy(pic.transpose((2, 0, 1))).contiguous()
/app/apps/pytorch/2.6.0-py3-cu11.8/lib/python3.13/site-packages/torchvision/transforms/functional.py:154: UserWarning: The given NumPy array is not writable, and PyTorch does not support non-writable tensors. This means writing to this tensor will result in undefined behavior. You may want to copy the array to protect its data or make it writable before converting it to a tensor. This type of warning will be suppressed for the rest of this program. (Triggered internally at /pytorch/torch/csrc/utils/tensor_numpy.cpp:203.)
  img = torch.from_numpy(pic.transpose((2, 0, 1))).contiguous()
/app/apps/pytorch/2.6.0-py3-cu11.8/lib/python3.13/site-packages/torchvision/transforms/functional.py:154: UserWarning: The given NumPy array is not writable, and PyTorch does not support non-writable tensors. This means writing to this tensor will result in undefined behavior. You may want to copy the array to protect its data or make it writable before converting it to a tensor. This type of warning will be suppressed for the rest of this program. (Triggered internally at /pytorch/torch/csrc/utils/tensor_numpy.cpp:203.)
  img = torch.from_numpy(pic.transpose((2, 0, 1))).contiguous()
/app/apps/pytorch/2.6.0-py3-cu11.8/lib/python3.13/site-packages/torchvision/transforms/functional.py:154: UserWarning: The given NumPy array is not writable, and PyTorch does not support non-writable tensors. This means writing to this tensor will result in undefined behavior. You may want to copy the array to protect its data or make it writable before converting it to a tensor. This type of warning will be suppressed for the rest of this program. (Triggered internally at /pytorch/torch/csrc/utils/tensor_numpy.cpp:203.)
  img = torch.from_numpy(pic.transpose((2, 0, 1))).contiguous()
[e012 s0001/1030] loss = 0.000004
[e012 s0050/1030] loss = 0.000004
[e012 s0100/1030] loss = 0.000004
[e012 s0150/1030] loss = 0.000004
[e012 s0200/1030] loss = 0.000004
[e012 s0250/1030] loss = 0.000004
[e012 s0300/1030] loss = 0.000004
[e012 s0350/1030] loss = 0.000004
[e012 s0400/1030] loss = 0.000004
[e012 s0450/1030] loss = 0.000004
[e012 s0500/1030] loss = 0.000004
[e012 s0550/1030] loss = 0.000003
[e012 s0600/1030] loss = 0.000003
[e012 s0650/1030] loss = 0.000003
[e012 s0700/1030] loss = 0.000003
[e012 s0750/1030] loss = 0.000003
[e012 s0800/1030] loss = 0.000003
[e012 s0850/1030] loss = 0.000003
[e012 s0900/1030] loss = 0.000003
[e012 s0950/1030] loss = 0.000003
[e012 s1000/1030] loss = 0.000003
/app/apps/pytorch/2.6.0-py3-cu11.8/lib/python3.13/site-packages/torchvision/transforms/functional.py:154: UserWarning: The given NumPy array is not writable, and PyTorch does not support non-writable tensors. This means writing to this tensor will result in undefined behavior. You may want to copy the array to protect its data or make it writable before converting it to a tensor. This type of warning will be suppressed for the rest of this program. (Triggered internally at /pytorch/torch/csrc/utils/tensor_numpy.cpp:203.)
  img = torch.from_numpy(pic.transpose((2, 0, 1))).contiguous()
/app/apps/pytorch/2.6.0-py3-cu11.8/lib/python3.13/site-packages/torchvision/transforms/functional.py:154: UserWarning: The given NumPy array is not writable, and PyTorch does not support non-writable tensors. This means writing to this tensor will result in undefined behavior. You may want to copy the array to protect its data or make it writable before converting it to a tensor. This type of warning will be suppressed for the rest of this program. (Triggered internally at /pytorch/torch/csrc/utils/tensor_numpy.cpp:203.)
  img = torch.from_numpy(pic.transpose((2, 0, 1))).contiguous()
/app/apps/pytorch/2.6.0-py3-cu11.8/lib/python3.13/site-packages/torchvision/transforms/functional.py:154: UserWarning: The given NumPy array is not writable, and PyTorch does not support non-writable tensors. This means writing to this tensor will result in undefined behavior. You may want to copy the array to protect its data or make it writable before converting it to a tensor. This type of warning will be suppressed for the rest of this program. (Triggered internally at /pytorch/torch/csrc/utils/tensor_numpy.cpp:203.)
  img = torch.from_numpy(pic.transpose((2, 0, 1))).contiguous()
/app/apps/pytorch/2.6.0-py3-cu11.8/lib/python3.13/site-packages/torchvision/transforms/functional.py:154: UserWarning: The given NumPy array is not writable, and PyTorch does not support non-writable tensors. This means writing to this tensor will result in undefined behavior. You may want to copy the array to protect its data or make it writable before converting it to a tensor. This type of warning will be suppressed for the rest of this program. (Triggered internally at /pytorch/torch/csrc/utils/tensor_numpy.cpp:203.)
  img = torch.from_numpy(pic.transpose((2, 0, 1))).contiguous()
Epoch 012: train_loss = 0.000003  MAE/GAME0 = 1.209  RMSE = 1.209  GAME1 = 1.209  GAME2 = 1.209  GAME3 = 1.209  lr = 1.00e-05  time = 16.1s
/app/apps/pytorch/2.6.0-py3-cu11.8/lib/python3.13/site-packages/torchvision/transforms/functional.py:154: UserWarning: The given NumPy array is not writable, and PyTorch does not support non-writable tensors. This means writing to this tensor will result in undefined behavior. You may want to copy the array to protect its data or make it writable before converting it to a tensor. This type of warning will be suppressed for the rest of this program. (Triggered internally at /pytorch/torch/csrc/utils/tensor_numpy.cpp:203.)
  img = torch.from_numpy(pic.transpose((2, 0, 1))).contiguous()
/app/apps/pytorch/2.6.0-py3-cu11.8/lib/python3.13/site-packages/torchvision/transforms/functional.py:154: UserWarning: The given NumPy array is not writable, and PyTorch does not support non-writable tensors. This means writing to this tensor will result in undefined behavior. You may want to copy the array to protect its data or make it writable before converting it to a tensor. This type of warning will be suppressed for the rest of this program. (Triggered internally at /pytorch/torch/csrc/utils/tensor_numpy.cpp:203.)
  img = torch.from_numpy(pic.transpose((2, 0, 1))).contiguous()
[e013 s0001/1030] loss = 0.000002
/app/apps/pytorch/2.6.0-py3-cu11.8/lib/python3.13/site-packages/torchvision/transforms/functional.py:154: UserWarning: The given NumPy array is not writable, and PyTorch does not support non-writable tensors. This means writing to this tensor will result in undefined behavior. You may want to copy the array to protect its data or make it writable before converting it to a tensor. This type of warning will be suppressed for the rest of this program. (Triggered internally at /pytorch/torch/csrc/utils/tensor_numpy.cpp:203.)
  img = torch.from_numpy(pic.transpose((2, 0, 1))).contiguous()
/app/apps/pytorch/2.6.0-py3-cu11.8/lib/python3.13/site-packages/torchvision/transforms/functional.py:154: UserWarning: The given NumPy array is not writable, and PyTorch does not support non-writable tensors. This means writing to this tensor will result in undefined behavior. You may want to copy the array to protect its data or make it writable before converting it to a tensor. This type of warning will be suppressed for the rest of this program. (Triggered internally at /pytorch/torch/csrc/utils/tensor_numpy.cpp:203.)
  img = torch.from_numpy(pic.transpose((2, 0, 1))).contiguous()
[e013 s0050/1030] loss = 0.000002
[e013 s0100/1030] loss = 0.000002
[e013 s0150/1030] loss = 0.000002
[e013 s0200/1030] loss = 0.000002
[e013 s0250/1030] loss = 0.000002
[e013 s0300/1030] loss = 0.000002
[e013 s0350/1030] loss = 0.000002
[e013 s0400/1030] loss = 0.000002
[e013 s0450/1030] loss = 0.000002
[e013 s0500/1030] loss = 0.000002
[e013 s0550/1030] loss = 0.000002
[e013 s0600/1030] loss = 0.000002
[e013 s0650/1030] loss = 0.000002
[e013 s0700/1030] loss = 0.000002
[e013 s0750/1030] loss = 0.000002
[e013 s0800/1030] loss = 0.000002
[e013 s0850/1030] loss = 0.000002
[e013 s0900/1030] loss = 0.000002
[e013 s0950/1030] loss = 0.000002
[e013 s1000/1030] loss = 0.000002
/app/apps/pytorch/2.6.0-py3-cu11.8/lib/python3.13/site-packages/torchvision/transforms/functional.py:154: UserWarning: The given NumPy array is not writable, and PyTorch does not support non-writable tensors. This means writing to this tensor will result in undefined behavior. You may want to copy the array to protect its data or make it writable before converting it to a tensor. This type of warning will be suppressed for the rest of this program. (Triggered internally at /pytorch/torch/csrc/utils/tensor_numpy.cpp:203.)
  img = torch.from_numpy(pic.transpose((2, 0, 1))).contiguous()
/app/apps/pytorch/2.6.0-py3-cu11.8/lib/python3.13/site-packages/torchvision/transforms/functional.py:154: UserWarning: The given NumPy array is not writable, and PyTorch does not support non-writable tensors. This means writing to this tensor will result in undefined behavior. You may want to copy the array to protect its data or make it writable before converting it to a tensor. This type of warning will be suppressed for the rest of this program. (Triggered internally at /pytorch/torch/csrc/utils/tensor_numpy.cpp:203.)
  img = torch.from_numpy(pic.transpose((2, 0, 1))).contiguous()
/app/apps/pytorch/2.6.0-py3-cu11.8/lib/python3.13/site-packages/torchvision/transforms/functional.py:154: UserWarning: The given NumPy array is not writable, and PyTorch does not support non-writable tensors. This means writing to this tensor will result in undefined behavior. You may want to copy the array to protect its data or make it writable before converting it to a tensor. This type of warning will be suppressed for the rest of this program. (Triggered internally at /pytorch/torch/csrc/utils/tensor_numpy.cpp:203.)
  img = torch.from_numpy(pic.transpose((2, 0, 1))).contiguous()
/app/apps/pytorch/2.6.0-py3-cu11.8/lib/python3.13/site-packages/torchvision/transforms/functional.py:154: UserWarning: The given NumPy array is not writable, and PyTorch does not support non-writable tensors. This means writing to this tensor will result in undefined behavior. You may want to copy the array to protect its data or make it writable before converting it to a tensor. This type of warning will be suppressed for the rest of this program. (Triggered internally at /pytorch/torch/csrc/utils/tensor_numpy.cpp:203.)
  img = torch.from_numpy(pic.transpose((2, 0, 1))).contiguous()
Epoch 013: train_loss = 0.000002  MAE/GAME0 = 0.956  RMSE = 0.957  GAME1 = 0.956  GAME2 = 0.956  GAME3 = 0.956  lr = 1.00e-05  time = 16.0s
/app/apps/pytorch/2.6.0-py3-cu11.8/lib/python3.13/site-packages/torchvision/transforms/functional.py:154: UserWarning: The given NumPy array is not writable, and PyTorch does not support non-writable tensors. This means writing to this tensor will result in undefined behavior. You may want to copy the array to protect its data or make it writable before converting it to a tensor. This type of warning will be suppressed for the rest of this program. (Triggered internally at /pytorch/torch/csrc/utils/tensor_numpy.cpp:203.)
  img = torch.from_numpy(pic.transpose((2, 0, 1))).contiguous()
/app/apps/pytorch/2.6.0-py3-cu11.8/lib/python3.13/site-packages/torchvision/transforms/functional.py:154: UserWarning: The given NumPy array is not writable, and PyTorch does not support non-writable tensors. This means writing to this tensor will result in undefined behavior. You may want to copy the array to protect its data or make it writable before converting it to a tensor. This type of warning will be suppressed for the rest of this program. (Triggered internally at /pytorch/torch/csrc/utils/tensor_numpy.cpp:203.)
  img = torch.from_numpy(pic.transpose((2, 0, 1))).contiguous()
[e014 s0001/1030] loss = 0.000002
/app/apps/pytorch/2.6.0-py3-cu11.8/lib/python3.13/site-packages/torchvision/transforms/functional.py:154: UserWarning: The given NumPy array is not writable, and PyTorch does not support non-writable tensors. This means writing to this tensor will result in undefined behavior. You may want to copy the array to protect its data or make it writable before converting it to a tensor. This type of warning will be suppressed for the rest of this program. (Triggered internally at /pytorch/torch/csrc/utils/tensor_numpy.cpp:203.)
  img = torch.from_numpy(pic.transpose((2, 0, 1))).contiguous()
/app/apps/pytorch/2.6.0-py3-cu11.8/lib/python3.13/site-packages/torchvision/transforms/functional.py:154: UserWarning: The given NumPy array is not writable, and PyTorch does not support non-writable tensors. This means writing to this tensor will result in undefined behavior. You may want to copy the array to protect its data or make it writable before converting it to a tensor. This type of warning will be suppressed for the rest of this program. (Triggered internally at /pytorch/torch/csrc/utils/tensor_numpy.cpp:203.)
  img = torch.from_numpy(pic.transpose((2, 0, 1))).contiguous()
[e014 s0050/1030] loss = 0.000001
[e014 s0100/1030] loss = 0.000001
[e014 s0150/1030] loss = 0.000001
[e014 s0200/1030] loss = 0.000001
[e014 s0250/1030] loss = 0.000001
[e014 s0300/1030] loss = 0.000001
[e014 s0350/1030] loss = 0.000001
[e014 s0400/1030] loss = 0.000001
[e014 s0450/1030] loss = 0.000001
[e014 s0500/1030] loss = 0.000001
[e014 s0550/1030] loss = 0.000001
[e014 s0600/1030] loss = 0.000001
[e014 s0650/1030] loss = 0.000001
[e014 s0700/1030] loss = 0.000001
[e014 s0750/1030] loss = 0.000001
[e014 s0800/1030] loss = 0.000001
[e014 s0850/1030] loss = 0.000001
[e014 s0900/1030] loss = 0.000001
[e014 s0950/1030] loss = 0.000001
[e014 s1000/1030] loss = 0.000001
/app/apps/pytorch/2.6.0-py3-cu11.8/lib/python3.13/site-packages/torchvision/transforms/functional.py:154: UserWarning: The given NumPy array is not writable, and PyTorch does not support non-writable tensors. This means writing to this tensor will result in undefined behavior. You may want to copy the array to protect its data or make it writable before converting it to a tensor. This type of warning will be suppressed for the rest of this program. (Triggered internally at /pytorch/torch/csrc/utils/tensor_numpy.cpp:203.)
  img = torch.from_numpy(pic.transpose((2, 0, 1))).contiguous()
/app/apps/pytorch/2.6.0-py3-cu11.8/lib/python3.13/site-packages/torchvision/transforms/functional.py:154: UserWarning: The given NumPy array is not writable, and PyTorch does not support non-writable tensors. This means writing to this tensor will result in undefined behavior. You may want to copy the array to protect its data or make it writable before converting it to a tensor. This type of warning will be suppressed for the rest of this program. (Triggered internally at /pytorch/torch/csrc/utils/tensor_numpy.cpp:203.)
  img = torch.from_numpy(pic.transpose((2, 0, 1))).contiguous()
/app/apps/pytorch/2.6.0-py3-cu11.8/lib/python3.13/site-packages/torchvision/transforms/functional.py:154: UserWarning: The given NumPy array is not writable, and PyTorch does not support non-writable tensors. This means writing to this tensor will result in undefined behavior. You may want to copy the array to protect its data or make it writable before converting it to a tensor. This type of warning will be suppressed for the rest of this program. (Triggered internally at /pytorch/torch/csrc/utils/tensor_numpy.cpp:203.)
  img = torch.from_numpy(pic.transpose((2, 0, 1))).contiguous()
/app/apps/pytorch/2.6.0-py3-cu11.8/lib/python3.13/site-packages/torchvision/transforms/functional.py:154: UserWarning: The given NumPy array is not writable, and PyTorch does not support non-writable tensors. This means writing to this tensor will result in undefined behavior. You may want to copy the array to protect its data or make it writable before converting it to a tensor. This type of warning will be suppressed for the rest of this program. (Triggered internally at /pytorch/torch/csrc/utils/tensor_numpy.cpp:203.)
  img = torch.from_numpy(pic.transpose((2, 0, 1))).contiguous()
Epoch 014: train_loss = 0.000001  MAE/GAME0 = 0.783  RMSE = 0.784  GAME1 = 0.783  GAME2 = 0.783  GAME3 = 0.783  lr = 1.00e-05  time = 15.8s
/app/apps/pytorch/2.6.0-py3-cu11.8/lib/python3.13/site-packages/torchvision/transforms/functional.py:154: UserWarning: The given NumPy array is not writable, and PyTorch does not support non-writable tensors. This means writing to this tensor will result in undefined behavior. You may want to copy the array to protect its data or make it writable before converting it to a tensor. This type of warning will be suppressed for the rest of this program. (Triggered internally at /pytorch/torch/csrc/utils/tensor_numpy.cpp:203.)
  img = torch.from_numpy(pic.transpose((2, 0, 1))).contiguous()
/app/apps/pytorch/2.6.0-py3-cu11.8/lib/python3.13/site-packages/torchvision/transforms/functional.py:154: UserWarning: The given NumPy array is not writable, and PyTorch does not support non-writable tensors. This means writing to this tensor will result in undefined behavior. You may want to copy the array to protect its data or make it writable before converting it to a tensor. This type of warning will be suppressed for the rest of this program. (Triggered internally at /pytorch/torch/csrc/utils/tensor_numpy.cpp:203.)
  img = torch.from_numpy(pic.transpose((2, 0, 1))).contiguous()
/app/apps/pytorch/2.6.0-py3-cu11.8/lib/python3.13/site-packages/torchvision/transforms/functional.py:154: UserWarning: The given NumPy array is not writable, and PyTorch does not support non-writable tensors. This means writing to this tensor will result in undefined behavior. You may want to copy the array to protect its data or make it writable before converting it to a tensor. This type of warning will be suppressed for the rest of this program. (Triggered internally at /pytorch/torch/csrc/utils/tensor_numpy.cpp:203.)
  img = torch.from_numpy(pic.transpose((2, 0, 1))).contiguous()
/app/apps/pytorch/2.6.0-py3-cu11.8/lib/python3.13/site-packages/torchvision/transforms/functional.py:154: UserWarning: The given NumPy array is not writable, and PyTorch does not support non-writable tensors. This means writing to this tensor will result in undefined behavior. You may want to copy the array to protect its data or make it writable before converting it to a tensor. This type of warning will be suppressed for the rest of this program. (Triggered internally at /pytorch/torch/csrc/utils/tensor_numpy.cpp:203.)
  img = torch.from_numpy(pic.transpose((2, 0, 1))).contiguous()
[e015 s0001/1030] loss = 0.000001
[e015 s0050/1030] loss = 0.000001
[e015 s0100/1030] loss = 0.000001
[e015 s0150/1030] loss = 0.000001
[e015 s0200/1030] loss = 0.000001
[e015 s0250/1030] loss = 0.000001
[e015 s0300/1030] loss = 0.000001
[e015 s0350/1030] loss = 0.000001
[e015 s0400/1030] loss = 0.000001
[e015 s0450/1030] loss = 0.000001
[e015 s0500/1030] loss = 0.000001
[e015 s0550/1030] loss = 0.000001
[e015 s0600/1030] loss = 0.000001
[e015 s0650/1030] loss = 0.000001
[e015 s0700/1030] loss = 0.000001
[e015 s0750/1030] loss = 0.000001
[e015 s0800/1030] loss = 0.000001
[e015 s0850/1030] loss = 0.000001
[e015 s0900/1030] loss = 0.000001
[e015 s0950/1030] loss = 0.000001
[e015 s1000/1030] loss = 0.000001
/app/apps/pytorch/2.6.0-py3-cu11.8/lib/python3.13/site-packages/torchvision/transforms/functional.py:154: UserWarning: The given NumPy array is not writable, and PyTorch does not support non-writable tensors. This means writing to this tensor will result in undefined behavior. You may want to copy the array to protect its data or make it writable before converting it to a tensor. This type of warning will be suppressed for the rest of this program. (Triggered internally at /pytorch/torch/csrc/utils/tensor_numpy.cpp:203.)
  img = torch.from_numpy(pic.transpose((2, 0, 1))).contiguous()
/app/apps/pytorch/2.6.0-py3-cu11.8/lib/python3.13/site-packages/torchvision/transforms/functional.py:154: UserWarning: The given NumPy array is not writable, and PyTorch does not support non-writable tensors. This means writing to this tensor will result in undefined behavior. You may want to copy the array to protect its data or make it writable before converting it to a tensor. This type of warning will be suppressed for the rest of this program. (Triggered internally at /pytorch/torch/csrc/utils/tensor_numpy.cpp:203.)
  img = torch.from_numpy(pic.transpose((2, 0, 1))).contiguous()
/app/apps/pytorch/2.6.0-py3-cu11.8/lib/python3.13/site-packages/torchvision/transforms/functional.py:154: UserWarning: The given NumPy array is not writable, and PyTorch does not support non-writable tensors. This means writing to this tensor will result in undefined behavior. You may want to copy the array to protect its data or make it writable before converting it to a tensor. This type of warning will be suppressed for the rest of this program. (Triggered internally at /pytorch/torch/csrc/utils/tensor_numpy.cpp:203.)
  img = torch.from_numpy(pic.transpose((2, 0, 1))).contiguous()
/app/apps/pytorch/2.6.0-py3-cu11.8/lib/python3.13/site-packages/torchvision/transforms/functional.py:154: UserWarning: The given NumPy array is not writable, and PyTorch does not support non-writable tensors. This means writing to this tensor will result in undefined behavior. You may want to copy the array to protect its data or make it writable before converting it to a tensor. This type of warning will be suppressed for the rest of this program. (Triggered internally at /pytorch/torch/csrc/utils/tensor_numpy.cpp:203.)
  img = torch.from_numpy(pic.transpose((2, 0, 1))).contiguous()
Epoch 015: train_loss = 0.000001  MAE/GAME0 = 0.639  RMSE = 0.639  GAME1 = 0.639  GAME2 = 0.639  GAME3 = 0.639  lr = 1.00e-05  time = 16.0s
/app/apps/pytorch/2.6.0-py3-cu11.8/lib/python3.13/site-packages/torchvision/transforms/functional.py:154: UserWarning: The given NumPy array is not writable, and PyTorch does not support non-writable tensors. This means writing to this tensor will result in undefined behavior. You may want to copy the array to protect its data or make it writable before converting it to a tensor. This type of warning will be suppressed for the rest of this program. (Triggered internally at /pytorch/torch/csrc/utils/tensor_numpy.cpp:203.)
  img = torch.from_numpy(pic.transpose((2, 0, 1))).contiguous()
[e016 s0001/1030] loss = 0.000001
/app/apps/pytorch/2.6.0-py3-cu11.8/lib/python3.13/site-packages/torchvision/transforms/functional.py:154: UserWarning: The given NumPy array is not writable, and PyTorch does not support non-writable tensors. This means writing to this tensor will result in undefined behavior. You may want to copy the array to protect its data or make it writable before converting it to a tensor. This type of warning will be suppressed for the rest of this program. (Triggered internally at /pytorch/torch/csrc/utils/tensor_numpy.cpp:203.)
  img = torch.from_numpy(pic.transpose((2, 0, 1))).contiguous()
/app/apps/pytorch/2.6.0-py3-cu11.8/lib/python3.13/site-packages/torchvision/transforms/functional.py:154: UserWarning: The given NumPy array is not writable, and PyTorch does not support non-writable tensors. This means writing to this tensor will result in undefined behavior. You may want to copy the array to protect its data or make it writable before converting it to a tensor. This type of warning will be suppressed for the rest of this program. (Triggered internally at /pytorch/torch/csrc/utils/tensor_numpy.cpp:203.)
  img = torch.from_numpy(pic.transpose((2, 0, 1))).contiguous()
/app/apps/pytorch/2.6.0-py3-cu11.8/lib/python3.13/site-packages/torchvision/transforms/functional.py:154: UserWarning: The given NumPy array is not writable, and PyTorch does not support non-writable tensors. This means writing to this tensor will result in undefined behavior. You may want to copy the array to protect its data or make it writable before converting it to a tensor. This type of warning will be suppressed for the rest of this program. (Triggered internally at /pytorch/torch/csrc/utils/tensor_numpy.cpp:203.)
  img = torch.from_numpy(pic.transpose((2, 0, 1))).contiguous()
[e016 s0050/1030] loss = 0.000001
[e016 s0100/1030] loss = 0.000001
[e016 s0150/1030] loss = 0.000001
[e016 s0200/1030] loss = 0.000001
[e016 s0250/1030] loss = 0.000001
[e016 s0300/1030] loss = 0.000001
[e016 s0350/1030] loss = 0.000001
[e016 s0400/1030] loss = 0.000001
[e016 s0450/1030] loss = 0.000001
[e016 s0500/1030] loss = 0.000001
[e016 s0550/1030] loss = 0.000001
[e016 s0600/1030] loss = 0.000001
[e016 s0650/1030] loss = 0.000001
[e016 s0700/1030] loss = 0.000001
[e016 s0750/1030] loss = 0.000001
[e016 s0800/1030] loss = 0.000001
[e016 s0850/1030] loss = 0.000001
[e016 s0900/1030] loss = 0.000001
[e016 s0950/1030] loss = 0.000001
[e016 s1000/1030] loss = 0.000001
/app/apps/pytorch/2.6.0-py3-cu11.8/lib/python3.13/site-packages/torchvision/transforms/functional.py:154: UserWarning: The given NumPy array is not writable, and PyTorch does not support non-writable tensors. This means writing to this tensor will result in undefined behavior. You may want to copy the array to protect its data or make it writable before converting it to a tensor. This type of warning will be suppressed for the rest of this program. (Triggered internally at /pytorch/torch/csrc/utils/tensor_numpy.cpp:203.)
  img = torch.from_numpy(pic.transpose((2, 0, 1))).contiguous()
/app/apps/pytorch/2.6.0-py3-cu11.8/lib/python3.13/site-packages/torchvision/transforms/functional.py:154: UserWarning: The given NumPy array is not writable, and PyTorch does not support non-writable tensors. This means writing to this tensor will result in undefined behavior. You may want to copy the array to protect its data or make it writable before converting it to a tensor. This type of warning will be suppressed for the rest of this program. (Triggered internally at /pytorch/torch/csrc/utils/tensor_numpy.cpp:203.)
  img = torch.from_numpy(pic.transpose((2, 0, 1))).contiguous()
/app/apps/pytorch/2.6.0-py3-cu11.8/lib/python3.13/site-packages/torchvision/transforms/functional.py:154: UserWarning: The given NumPy array is not writable, and PyTorch does not support non-writable tensors. This means writing to this tensor will result in undefined behavior. You may want to copy the array to protect its data or make it writable before converting it to a tensor. This type of warning will be suppressed for the rest of this program. (Triggered internally at /pytorch/torch/csrc/utils/tensor_numpy.cpp:203.)
  img = torch.from_numpy(pic.transpose((2, 0, 1))).contiguous()
/app/apps/pytorch/2.6.0-py3-cu11.8/lib/python3.13/site-packages/torchvision/transforms/functional.py:154: UserWarning: The given NumPy array is not writable, and PyTorch does not support non-writable tensors. This means writing to this tensor will result in undefined behavior. You may want to copy the array to protect its data or make it writable before converting it to a tensor. This type of warning will be suppressed for the rest of this program. (Triggered internally at /pytorch/torch/csrc/utils/tensor_numpy.cpp:203.)
  img = torch.from_numpy(pic.transpose((2, 0, 1))).contiguous()
Epoch 016: train_loss = 0.000001  MAE/GAME0 = 0.493  RMSE = 0.493  GAME1 = 0.493  GAME2 = 0.493  GAME3 = 0.493  lr = 1.00e-05  time = 16.0s
/app/apps/pytorch/2.6.0-py3-cu11.8/lib/python3.13/site-packages/torchvision/transforms/functional.py:154: UserWarning: The given NumPy array is not writable, and PyTorch does not support non-writable tensors. This means writing to this tensor will result in undefined behavior. You may want to copy the array to protect its data or make it writable before converting it to a tensor. This type of warning will be suppressed for the rest of this program. (Triggered internally at /pytorch/torch/csrc/utils/tensor_numpy.cpp:203.)
  img = torch.from_numpy(pic.transpose((2, 0, 1))).contiguous()
/app/apps/pytorch/2.6.0-py3-cu11.8/lib/python3.13/site-packages/torchvision/transforms/functional.py:154: UserWarning: The given NumPy array is not writable, and PyTorch does not support non-writable tensors. This means writing to this tensor will result in undefined behavior. You may want to copy the array to protect its data or make it writable before converting it to a tensor. This type of warning will be suppressed for the rest of this program. (Triggered internally at /pytorch/torch/csrc/utils/tensor_numpy.cpp:203.)
  img = torch.from_numpy(pic.transpose((2, 0, 1))).contiguous()
/app/apps/pytorch/2.6.0-py3-cu11.8/lib/python3.13/site-packages/torchvision/transforms/functional.py:154: UserWarning: The given NumPy array is not writable, and PyTorch does not support non-writable tensors. This means writing to this tensor will result in undefined behavior. You may want to copy the array to protect its data or make it writable before converting it to a tensor. This type of warning will be suppressed for the rest of this program. (Triggered internally at /pytorch/torch/csrc/utils/tensor_numpy.cpp:203.)
  img = torch.from_numpy(pic.transpose((2, 0, 1))).contiguous()
/app/apps/pytorch/2.6.0-py3-cu11.8/lib/python3.13/site-packages/torchvision/transforms/functional.py:154: UserWarning: The given NumPy array is not writable, and PyTorch does not support non-writable tensors. This means writing to this tensor will result in undefined behavior. You may want to copy the array to protect its data or make it writable before converting it to a tensor. This type of warning will be suppressed for the rest of this program. (Triggered internally at /pytorch/torch/csrc/utils/tensor_numpy.cpp:203.)
  img = torch.from_numpy(pic.transpose((2, 0, 1))).contiguous()
[e017 s0001/1030] loss = 0.000000
[e017 s0050/1030] loss = 0.000000
[e017 s0100/1030] loss = 0.000000
[e017 s0150/1030] loss = 0.000000
[e017 s0200/1030] loss = 0.000000
[e017 s0250/1030] loss = 0.000000
[e017 s0300/1030] loss = 0.000000
[e017 s0350/1030] loss = 0.000000
[e017 s0400/1030] loss = 0.000000
[e017 s0450/1030] loss = 0.000000
[e017 s0500/1030] loss = 0.000000
[e017 s0550/1030] loss = 0.000000
[e017 s0600/1030] loss = 0.000000
[e017 s0650/1030] loss = 0.000000
[e017 s0700/1030] loss = 0.000000
[e017 s0750/1030] loss = 0.000000
[e017 s0800/1030] loss = 0.000000
[e017 s0850/1030] loss = 0.000000
[e017 s0900/1030] loss = 0.000000
[e017 s0950/1030] loss = 0.000000
[e017 s1000/1030] loss = 0.000000
/app/apps/pytorch/2.6.0-py3-cu11.8/lib/python3.13/site-packages/torchvision/transforms/functional.py:154: UserWarning: The given NumPy array is not writable, and PyTorch does not support non-writable tensors. This means writing to this tensor will result in undefined behavior. You may want to copy the array to protect its data or make it writable before converting it to a tensor. This type of warning will be suppressed for the rest of this program. (Triggered internally at /pytorch/torch/csrc/utils/tensor_numpy.cpp:203.)
  img = torch.from_numpy(pic.transpose((2, 0, 1))).contiguous()
/app/apps/pytorch/2.6.0-py3-cu11.8/lib/python3.13/site-packages/torchvision/transforms/functional.py:154: UserWarning: The given NumPy array is not writable, and PyTorch does not support non-writable tensors. This means writing to this tensor will result in undefined behavior. You may want to copy the array to protect its data or make it writable before converting it to a tensor. This type of warning will be suppressed for the rest of this program. (Triggered internally at /pytorch/torch/csrc/utils/tensor_numpy.cpp:203.)
  img = torch.from_numpy(pic.transpose((2, 0, 1))).contiguous()
/app/apps/pytorch/2.6.0-py3-cu11.8/lib/python3.13/site-packages/torchvision/transforms/functional.py:154: UserWarning: The given NumPy array is not writable, and PyTorch does not support non-writable tensors. This means writing to this tensor will result in undefined behavior. You may want to copy the array to protect its data or make it writable before converting it to a tensor. This type of warning will be suppressed for the rest of this program. (Triggered internally at /pytorch/torch/csrc/utils/tensor_numpy.cpp:203.)
  img = torch.from_numpy(pic.transpose((2, 0, 1))).contiguous()
/app/apps/pytorch/2.6.0-py3-cu11.8/lib/python3.13/site-packages/torchvision/transforms/functional.py:154: UserWarning: The given NumPy array is not writable, and PyTorch does not support non-writable tensors. This means writing to this tensor will result in undefined behavior. You may want to copy the array to protect its data or make it writable before converting it to a tensor. This type of warning will be suppressed for the rest of this program. (Triggered internally at /pytorch/torch/csrc/utils/tensor_numpy.cpp:203.)
  img = torch.from_numpy(pic.transpose((2, 0, 1))).contiguous()
Epoch 017: train_loss = 0.000000  MAE/GAME0 = 0.368  RMSE = 0.368  GAME1 = 0.368  GAME2 = 0.368  GAME3 = 0.368  lr = 1.00e-05  time = 16.0s
/app/apps/pytorch/2.6.0-py3-cu11.8/lib/python3.13/site-packages/torchvision/transforms/functional.py:154: UserWarning: The given NumPy array is not writable, and PyTorch does not support non-writable tensors. This means writing to this tensor will result in undefined behavior. You may want to copy the array to protect its data or make it writable before converting it to a tensor. This type of warning will be suppressed for the rest of this program. (Triggered internally at /pytorch/torch/csrc/utils/tensor_numpy.cpp:203.)
  img = torch.from_numpy(pic.transpose((2, 0, 1))).contiguous()
/app/apps/pytorch/2.6.0-py3-cu11.8/lib/python3.13/site-packages/torchvision/transforms/functional.py:154: UserWarning: The given NumPy array is not writable, and PyTorch does not support non-writable tensors. This means writing to this tensor will result in undefined behavior. You may want to copy the array to protect its data or make it writable before converting it to a tensor. This type of warning will be suppressed for the rest of this program. (Triggered internally at /pytorch/torch/csrc/utils/tensor_numpy.cpp:203.)
  img = torch.from_numpy(pic.transpose((2, 0, 1))).contiguous()
/app/apps/pytorch/2.6.0-py3-cu11.8/lib/python3.13/site-packages/torchvision/transforms/functional.py:154: UserWarning: The given NumPy array is not writable, and PyTorch does not support non-writable tensors. This means writing to this tensor will result in undefined behavior. You may want to copy the array to protect its data or make it writable before converting it to a tensor. This type of warning will be suppressed for the rest of this program. (Triggered internally at /pytorch/torch/csrc/utils/tensor_numpy.cpp:203.)
  img = torch.from_numpy(pic.transpose((2, 0, 1))).contiguous()
/app/apps/pytorch/2.6.0-py3-cu11.8/lib/python3.13/site-packages/torchvision/transforms/functional.py:154: UserWarning: The given NumPy array is not writable, and PyTorch does not support non-writable tensors. This means writing to this tensor will result in undefined behavior. You may want to copy the array to protect its data or make it writable before converting it to a tensor. This type of warning will be suppressed for the rest of this program. (Triggered internally at /pytorch/torch/csrc/utils/tensor_numpy.cpp:203.)
  img = torch.from_numpy(pic.transpose((2, 0, 1))).contiguous()
[e018 s0001/1030] loss = 0.000000
[e018 s0050/1030] loss = 0.000000
[e018 s0100/1030] loss = 0.000000
[e018 s0150/1030] loss = 0.000000
[e018 s0200/1030] loss = 0.000000
[e018 s0250/1030] loss = 0.000000
[e018 s0300/1030] loss = 0.000000
[e018 s0350/1030] loss = 0.000000
[e018 s0400/1030] loss = 0.000000
[e018 s0450/1030] loss = 0.000000
[e018 s0500/1030] loss = 0.000000
[e018 s0550/1030] loss = 0.000000
[e018 s0600/1030] loss = 0.000000
[e018 s0650/1030] loss = 0.000000
[e018 s0700/1030] loss = 0.000000
[e018 s0750/1030] loss = 0.000000
[e018 s0800/1030] loss = 0.000000
[e018 s0850/1030] loss = 0.000000
[e018 s0900/1030] loss = 0.000000
[e018 s0950/1030] loss = 0.000000
[e018 s1000/1030] loss = 0.000000
/app/apps/pytorch/2.6.0-py3-cu11.8/lib/python3.13/site-packages/torchvision/transforms/functional.py:154: UserWarning: The given NumPy array is not writable, and PyTorch does not support non-writable tensors. This means writing to this tensor will result in undefined behavior. You may want to copy the array to protect its data or make it writable before converting it to a tensor. This type of warning will be suppressed for the rest of this program. (Triggered internally at /pytorch/torch/csrc/utils/tensor_numpy.cpp:203.)
  img = torch.from_numpy(pic.transpose((2, 0, 1))).contiguous()
/app/apps/pytorch/2.6.0-py3-cu11.8/lib/python3.13/site-packages/torchvision/transforms/functional.py:154: UserWarning: The given NumPy array is not writable, and PyTorch does not support non-writable tensors. This means writing to this tensor will result in undefined behavior. You may want to copy the array to protect its data or make it writable before converting it to a tensor. This type of warning will be suppressed for the rest of this program. (Triggered internally at /pytorch/torch/csrc/utils/tensor_numpy.cpp:203.)
  img = torch.from_numpy(pic.transpose((2, 0, 1))).contiguous()
/app/apps/pytorch/2.6.0-py3-cu11.8/lib/python3.13/site-packages/torchvision/transforms/functional.py:154: UserWarning: The given NumPy array is not writable, and PyTorch does not support non-writable tensors. This means writing to this tensor will result in undefined behavior. You may want to copy the array to protect its data or make it writable before converting it to a tensor. This type of warning will be suppressed for the rest of this program. (Triggered internally at /pytorch/torch/csrc/utils/tensor_numpy.cpp:203.)
  img = torch.from_numpy(pic.transpose((2, 0, 1))).contiguous()
/app/apps/pytorch/2.6.0-py3-cu11.8/lib/python3.13/site-packages/torchvision/transforms/functional.py:154: UserWarning: The given NumPy array is not writable, and PyTorch does not support non-writable tensors. This means writing to this tensor will result in undefined behavior. You may want to copy the array to protect its data or make it writable before converting it to a tensor. This type of warning will be suppressed for the rest of this program. (Triggered internally at /pytorch/torch/csrc/utils/tensor_numpy.cpp:203.)
  img = torch.from_numpy(pic.transpose((2, 0, 1))).contiguous()
Epoch 018: train_loss = 0.000000  MAE/GAME0 = 0.270  RMSE = 0.270  GAME1 = 0.270  GAME2 = 0.270  GAME3 = 0.270  lr = 1.00e-05  time = 16.2s
/app/apps/pytorch/2.6.0-py3-cu11.8/lib/python3.13/site-packages/torchvision/transforms/functional.py:154: UserWarning: The given NumPy array is not writable, and PyTorch does not support non-writable tensors. This means writing to this tensor will result in undefined behavior. You may want to copy the array to protect its data or make it writable before converting it to a tensor. This type of warning will be suppressed for the rest of this program. (Triggered internally at /pytorch/torch/csrc/utils/tensor_numpy.cpp:203.)
  img = torch.from_numpy(pic.transpose((2, 0, 1))).contiguous()
/app/apps/pytorch/2.6.0-py3-cu11.8/lib/python3.13/site-packages/torchvision/transforms/functional.py:154: UserWarning: The given NumPy array is not writable, and PyTorch does not support non-writable tensors. This means writing to this tensor will result in undefined behavior. You may want to copy the array to protect its data or make it writable before converting it to a tensor. This type of warning will be suppressed for the rest of this program. (Triggered internally at /pytorch/torch/csrc/utils/tensor_numpy.cpp:203.)
  img = torch.from_numpy(pic.transpose((2, 0, 1))).contiguous()
/app/apps/pytorch/2.6.0-py3-cu11.8/lib/python3.13/site-packages/torchvision/transforms/functional.py:154: UserWarning: The given NumPy array is not writable, and PyTorch does not support non-writable tensors. This means writing to this tensor will result in undefined behavior. You may want to copy the array to protect its data or make it writable before converting it to a tensor. This type of warning will be suppressed for the rest of this program. (Triggered internally at /pytorch/torch/csrc/utils/tensor_numpy.cpp:203.)
  img = torch.from_numpy(pic.transpose((2, 0, 1))).contiguous()
[e019 s0001/1030] loss = 0.000000
/app/apps/pytorch/2.6.0-py3-cu11.8/lib/python3.13/site-packages/torchvision/transforms/functional.py:154: UserWarning: The given NumPy array is not writable, and PyTorch does not support non-writable tensors. This means writing to this tensor will result in undefined behavior. You may want to copy the array to protect its data or make it writable before converting it to a tensor. This type of warning will be suppressed for the rest of this program. (Triggered internally at /pytorch/torch/csrc/utils/tensor_numpy.cpp:203.)
  img = torch.from_numpy(pic.transpose((2, 0, 1))).contiguous()
[e019 s0050/1030] loss = 0.000000
[e019 s0100/1030] loss = 0.000000
[e019 s0150/1030] loss = 0.000000
[e019 s0200/1030] loss = 0.000000
[e019 s0250/1030] loss = 0.000000
[e019 s0300/1030] loss = 0.000000
[e019 s0350/1030] loss = 0.000000
[e019 s0400/1030] loss = 0.000000
[e019 s0450/1030] loss = 0.000000
[e019 s0500/1030] loss = 0.000000
[e019 s0550/1030] loss = 0.000000
[e019 s0600/1030] loss = 0.000000
[e019 s0650/1030] loss = 0.000000
[e019 s0700/1030] loss = 0.000000
[e019 s0750/1030] loss = 0.000000
[e019 s0800/1030] loss = 0.000000
[e019 s0850/1030] loss = 0.000000
[e019 s0900/1030] loss = 0.000000
[e019 s0950/1030] loss = 0.000000
[e019 s1000/1030] loss = 0.000000
/app/apps/pytorch/2.6.0-py3-cu11.8/lib/python3.13/site-packages/torchvision/transforms/functional.py:154: UserWarning: The given NumPy array is not writable, and PyTorch does not support non-writable tensors. This means writing to this tensor will result in undefined behavior. You may want to copy the array to protect its data or make it writable before converting it to a tensor. This type of warning will be suppressed for the rest of this program. (Triggered internally at /pytorch/torch/csrc/utils/tensor_numpy.cpp:203.)
  img = torch.from_numpy(pic.transpose((2, 0, 1))).contiguous()
/app/apps/pytorch/2.6.0-py3-cu11.8/lib/python3.13/site-packages/torchvision/transforms/functional.py:154: UserWarning: The given NumPy array is not writable, and PyTorch does not support non-writable tensors. This means writing to this tensor will result in undefined behavior. You may want to copy the array to protect its data or make it writable before converting it to a tensor. This type of warning will be suppressed for the rest of this program. (Triggered internally at /pytorch/torch/csrc/utils/tensor_numpy.cpp:203.)
  img = torch.from_numpy(pic.transpose((2, 0, 1))).contiguous()
/app/apps/pytorch/2.6.0-py3-cu11.8/lib/python3.13/site-packages/torchvision/transforms/functional.py:154: UserWarning: The given NumPy array is not writable, and PyTorch does not support non-writable tensors. This means writing to this tensor will result in undefined behavior. You may want to copy the array to protect its data or make it writable before converting it to a tensor. This type of warning will be suppressed for the rest of this program. (Triggered internally at /pytorch/torch/csrc/utils/tensor_numpy.cpp:203.)
  img = torch.from_numpy(pic.transpose((2, 0, 1))).contiguous()
/app/apps/pytorch/2.6.0-py3-cu11.8/lib/python3.13/site-packages/torchvision/transforms/functional.py:154: UserWarning: The given NumPy array is not writable, and PyTorch does not support non-writable tensors. This means writing to this tensor will result in undefined behavior. You may want to copy the array to protect its data or make it writable before converting it to a tensor. This type of warning will be suppressed for the rest of this program. (Triggered internally at /pytorch/torch/csrc/utils/tensor_numpy.cpp:203.)
  img = torch.from_numpy(pic.transpose((2, 0, 1))).contiguous()
Epoch 019: train_loss = 0.000000  MAE/GAME0 = 0.189  RMSE = 0.189  GAME1 = 0.189  GAME2 = 0.189  GAME3 = 0.189  lr = 1.00e-05  time = 15.9s
/app/apps/pytorch/2.6.0-py3-cu11.8/lib/python3.13/site-packages/torchvision/transforms/functional.py:154: UserWarning: The given NumPy array is not writable, and PyTorch does not support non-writable tensors. This means writing to this tensor will result in undefined behavior. You may want to copy the array to protect its data or make it writable before converting it to a tensor. This type of warning will be suppressed for the rest of this program. (Triggered internally at /pytorch/torch/csrc/utils/tensor_numpy.cpp:203.)
  img = torch.from_numpy(pic.transpose((2, 0, 1))).contiguous()
/app/apps/pytorch/2.6.0-py3-cu11.8/lib/python3.13/site-packages/torchvision/transforms/functional.py:154: UserWarning: The given NumPy array is not writable, and PyTorch does not support non-writable tensors. This means writing to this tensor will result in undefined behavior. You may want to copy the array to protect its data or make it writable before converting it to a tensor. This type of warning will be suppressed for the rest of this program. (Triggered internally at /pytorch/torch/csrc/utils/tensor_numpy.cpp:203.)
  img = torch.from_numpy(pic.transpose((2, 0, 1))).contiguous()
/app/apps/pytorch/2.6.0-py3-cu11.8/lib/python3.13/site-packages/torchvision/transforms/functional.py:154: UserWarning: The given NumPy array is not writable, and PyTorch does not support non-writable tensors. This means writing to this tensor will result in undefined behavior. You may want to copy the array to protect its data or make it writable before converting it to a tensor. This type of warning will be suppressed for the rest of this program. (Triggered internally at /pytorch/torch/csrc/utils/tensor_numpy.cpp:203.)
  img = torch.from_numpy(pic.transpose((2, 0, 1))).contiguous()
[e020 s0001/1030] loss = 0.000000
/app/apps/pytorch/2.6.0-py3-cu11.8/lib/python3.13/site-packages/torchvision/transforms/functional.py:154: UserWarning: The given NumPy array is not writable, and PyTorch does not support non-writable tensors. This means writing to this tensor will result in undefined behavior. You may want to copy the array to protect its data or make it writable before converting it to a tensor. This type of warning will be suppressed for the rest of this program. (Triggered internally at /pytorch/torch/csrc/utils/tensor_numpy.cpp:203.)
  img = torch.from_numpy(pic.transpose((2, 0, 1))).contiguous()
[e020 s0050/1030] loss = 0.000000
[e020 s0100/1030] loss = 0.000000
[e020 s0150/1030] loss = 0.000000
[e020 s0200/1030] loss = 0.000000
[e020 s0250/1030] loss = 0.000000
[e020 s0300/1030] loss = 0.000000
[e020 s0350/1030] loss = 0.000000
[e020 s0400/1030] loss = 0.000000
[e020 s0450/1030] loss = 0.000000
[e020 s0500/1030] loss = 0.000000
[e020 s0550/1030] loss = 0.000000
[e020 s0600/1030] loss = 0.000000
[e020 s0650/1030] loss = 0.000000
[e020 s0700/1030] loss = 0.000000
[e020 s0750/1030] loss = 0.000000
[e020 s0800/1030] loss = 0.000000
[e020 s0850/1030] loss = 0.000000
[e020 s0900/1030] loss = 0.000000
[e020 s0950/1030] loss = 0.000000
[e020 s1000/1030] loss = 0.000000
/app/apps/pytorch/2.6.0-py3-cu11.8/lib/python3.13/site-packages/torchvision/transforms/functional.py:154: UserWarning: The given NumPy array is not writable, and PyTorch does not support non-writable tensors. This means writing to this tensor will result in undefined behavior. You may want to copy the array to protect its data or make it writable before converting it to a tensor. This type of warning will be suppressed for the rest of this program. (Triggered internally at /pytorch/torch/csrc/utils/tensor_numpy.cpp:203.)
  img = torch.from_numpy(pic.transpose((2, 0, 1))).contiguous()
/app/apps/pytorch/2.6.0-py3-cu11.8/lib/python3.13/site-packages/torchvision/transforms/functional.py:154: UserWarning: The given NumPy array is not writable, and PyTorch does not support non-writable tensors. This means writing to this tensor will result in undefined behavior. You may want to copy the array to protect its data or make it writable before converting it to a tensor. This type of warning will be suppressed for the rest of this program. (Triggered internally at /pytorch/torch/csrc/utils/tensor_numpy.cpp:203.)
  img = torch.from_numpy(pic.transpose((2, 0, 1))).contiguous()
/app/apps/pytorch/2.6.0-py3-cu11.8/lib/python3.13/site-packages/torchvision/transforms/functional.py:154: UserWarning: The given NumPy array is not writable, and PyTorch does not support non-writable tensors. This means writing to this tensor will result in undefined behavior. You may want to copy the array to protect its data or make it writable before converting it to a tensor. This type of warning will be suppressed for the rest of this program. (Triggered internally at /pytorch/torch/csrc/utils/tensor_numpy.cpp:203.)
  img = torch.from_numpy(pic.transpose((2, 0, 1))).contiguous()
/app/apps/pytorch/2.6.0-py3-cu11.8/lib/python3.13/site-packages/torchvision/transforms/functional.py:154: UserWarning: The given NumPy array is not writable, and PyTorch does not support non-writable tensors. This means writing to this tensor will result in undefined behavior. You may want to copy the array to protect its data or make it writable before converting it to a tensor. This type of warning will be suppressed for the rest of this program. (Triggered internally at /pytorch/torch/csrc/utils/tensor_numpy.cpp:203.)
  img = torch.from_numpy(pic.transpose((2, 0, 1))).contiguous()
Epoch 020: train_loss = 0.000000  MAE/GAME0 = 0.141  RMSE = 0.141  GAME1 = 0.141  GAME2 = 0.141  GAME3 = 0.141  lr = 1.00e-05  time = 15.8s
/app/apps/pytorch/2.6.0-py3-cu11.8/lib/python3.13/site-packages/torchvision/transforms/functional.py:154: UserWarning: The given NumPy array is not writable, and PyTorch does not support non-writable tensors. This means writing to this tensor will result in undefined behavior. You may want to copy the array to protect its data or make it writable before converting it to a tensor. This type of warning will be suppressed for the rest of this program. (Triggered internally at /pytorch/torch/csrc/utils/tensor_numpy.cpp:203.)
  img = torch.from_numpy(pic.transpose((2, 0, 1))).contiguous()
/app/apps/pytorch/2.6.0-py3-cu11.8/lib/python3.13/site-packages/torchvision/transforms/functional.py:154: UserWarning: The given NumPy array is not writable, and PyTorch does not support non-writable tensors. This means writing to this tensor will result in undefined behavior. You may want to copy the array to protect its data or make it writable before converting it to a tensor. This type of warning will be suppressed for the rest of this program. (Triggered internally at /pytorch/torch/csrc/utils/tensor_numpy.cpp:203.)
  img = torch.from_numpy(pic.transpose((2, 0, 1))).contiguous()
/app/apps/pytorch/2.6.0-py3-cu11.8/lib/python3.13/site-packages/torchvision/transforms/functional.py:154: UserWarning: The given NumPy array is not writable, and PyTorch does not support non-writable tensors. This means writing to this tensor will result in undefined behavior. You may want to copy the array to protect its data or make it writable before converting it to a tensor. This type of warning will be suppressed for the rest of this program. (Triggered internally at /pytorch/torch/csrc/utils/tensor_numpy.cpp:203.)
  img = torch.from_numpy(pic.transpose((2, 0, 1))).contiguous()
[e021 s0001/1030] loss = 0.000000
/app/apps/pytorch/2.6.0-py3-cu11.8/lib/python3.13/site-packages/torchvision/transforms/functional.py:154: UserWarning: The given NumPy array is not writable, and PyTorch does not support non-writable tensors. This means writing to this tensor will result in undefined behavior. You may want to copy the array to protect its data or make it writable before converting it to a tensor. This type of warning will be suppressed for the rest of this program. (Triggered internally at /pytorch/torch/csrc/utils/tensor_numpy.cpp:203.)
  img = torch.from_numpy(pic.transpose((2, 0, 1))).contiguous()
[e021 s0050/1030] loss = 0.000000
[e021 s0100/1030] loss = 0.000000
[e021 s0150/1030] loss = 0.000000
[e021 s0200/1030] loss = 0.000000
[e021 s0250/1030] loss = 0.000000
[e021 s0300/1030] loss = 0.000000
[e021 s0350/1030] loss = 0.000000
[e021 s0400/1030] loss = 0.000000
[e021 s0450/1030] loss = 0.000000
[e021 s0500/1030] loss = 0.000000
[e021 s0550/1030] loss = 0.000000
[e021 s0600/1030] loss = 0.000000
[e021 s0650/1030] loss = 0.000000
[e021 s0700/1030] loss = 0.000000
[e021 s0750/1030] loss = 0.000000
[e021 s0800/1030] loss = 0.000000
[e021 s0850/1030] loss = 0.000000
[e021 s0900/1030] loss = 0.000000
[e021 s0950/1030] loss = 0.000000
[e021 s1000/1030] loss = 0.000000
/app/apps/pytorch/2.6.0-py3-cu11.8/lib/python3.13/site-packages/torchvision/transforms/functional.py:154: UserWarning: The given NumPy array is not writable, and PyTorch does not support non-writable tensors. This means writing to this tensor will result in undefined behavior. You may want to copy the array to protect its data or make it writable before converting it to a tensor. This type of warning will be suppressed for the rest of this program. (Triggered internally at /pytorch/torch/csrc/utils/tensor_numpy.cpp:203.)
  img = torch.from_numpy(pic.transpose((2, 0, 1))).contiguous()
/app/apps/pytorch/2.6.0-py3-cu11.8/lib/python3.13/site-packages/torchvision/transforms/functional.py:154: UserWarning: The given NumPy array is not writable, and PyTorch does not support non-writable tensors. This means writing to this tensor will result in undefined behavior. You may want to copy the array to protect its data or make it writable before converting it to a tensor. This type of warning will be suppressed for the rest of this program. (Triggered internally at /pytorch/torch/csrc/utils/tensor_numpy.cpp:203.)
  img = torch.from_numpy(pic.transpose((2, 0, 1))).contiguous()
/app/apps/pytorch/2.6.0-py3-cu11.8/lib/python3.13/site-packages/torchvision/transforms/functional.py:154: UserWarning: The given NumPy array is not writable, and PyTorch does not support non-writable tensors. This means writing to this tensor will result in undefined behavior. You may want to copy the array to protect its data or make it writable before converting it to a tensor. This type of warning will be suppressed for the rest of this program. (Triggered internally at /pytorch/torch/csrc/utils/tensor_numpy.cpp:203.)
  img = torch.from_numpy(pic.transpose((2, 0, 1))).contiguous()
/app/apps/pytorch/2.6.0-py3-cu11.8/lib/python3.13/site-packages/torchvision/transforms/functional.py:154: UserWarning: The given NumPy array is not writable, and PyTorch does not support non-writable tensors. This means writing to this tensor will result in undefined behavior. You may want to copy the array to protect its data or make it writable before converting it to a tensor. This type of warning will be suppressed for the rest of this program. (Triggered internally at /pytorch/torch/csrc/utils/tensor_numpy.cpp:203.)
  img = torch.from_numpy(pic.transpose((2, 0, 1))).contiguous()
Epoch 021: train_loss = 0.000000  MAE/GAME0 = 0.125  RMSE = 0.125  GAME1 = 0.125  GAME2 = 0.125  GAME3 = 0.125  lr = 1.00e-05  time = 16.0s
/app/apps/pytorch/2.6.0-py3-cu11.8/lib/python3.13/site-packages/torchvision/transforms/functional.py:154: UserWarning: The given NumPy array is not writable, and PyTorch does not support non-writable tensors. This means writing to this tensor will result in undefined behavior. You may want to copy the array to protect its data or make it writable before converting it to a tensor. This type of warning will be suppressed for the rest of this program. (Triggered internally at /pytorch/torch/csrc/utils/tensor_numpy.cpp:203.)
  img = torch.from_numpy(pic.transpose((2, 0, 1))).contiguous()
/app/apps/pytorch/2.6.0-py3-cu11.8/lib/python3.13/site-packages/torchvision/transforms/functional.py:154: UserWarning: The given NumPy array is not writable, and PyTorch does not support non-writable tensors. This means writing to this tensor will result in undefined behavior. You may want to copy the array to protect its data or make it writable before converting it to a tensor. This type of warning will be suppressed for the rest of this program. (Triggered internally at /pytorch/torch/csrc/utils/tensor_numpy.cpp:203.)
  img = torch.from_numpy(pic.transpose((2, 0, 1))).contiguous()
/app/apps/pytorch/2.6.0-py3-cu11.8/lib/python3.13/site-packages/torchvision/transforms/functional.py:154: UserWarning: The given NumPy array is not writable, and PyTorch does not support non-writable tensors. This means writing to this tensor will result in undefined behavior. You may want to copy the array to protect its data or make it writable before converting it to a tensor. This type of warning will be suppressed for the rest of this program. (Triggered internally at /pytorch/torch/csrc/utils/tensor_numpy.cpp:203.)
  img = torch.from_numpy(pic.transpose((2, 0, 1))).contiguous()
/app/apps/pytorch/2.6.0-py3-cu11.8/lib/python3.13/site-packages/torchvision/transforms/functional.py:154: UserWarning: The given NumPy array is not writable, and PyTorch does not support non-writable tensors. This means writing to this tensor will result in undefined behavior. You may want to copy the array to protect its data or make it writable before converting it to a tensor. This type of warning will be suppressed for the rest of this program. (Triggered internally at /pytorch/torch/csrc/utils/tensor_numpy.cpp:203.)
  img = torch.from_numpy(pic.transpose((2, 0, 1))).contiguous()
[e022 s0001/1030] loss = 0.000000
[e022 s0050/1030] loss = 0.000000
[e022 s0100/1030] loss = 0.000000
[e022 s0150/1030] loss = 0.000000
[e022 s0200/1030] loss = 0.000000
[e022 s0250/1030] loss = 0.000000
[e022 s0300/1030] loss = 0.000000
[e022 s0350/1030] loss = 0.000000
[e022 s0400/1030] loss = 0.000000
[e022 s0450/1030] loss = 0.000000
[e022 s0500/1030] loss = 0.000000
[e022 s0550/1030] loss = 0.000000
[e022 s0600/1030] loss = 0.000000
[e022 s0650/1030] loss = 0.000000
[e022 s0700/1030] loss = 0.000000
[e022 s0750/1030] loss = 0.000000
[e022 s0800/1030] loss = 0.000000
[e022 s0850/1030] loss = 0.000000
[e022 s0900/1030] loss = 0.000000
[e022 s0950/1030] loss = 0.000000
[e022 s1000/1030] loss = 0.000000
/app/apps/pytorch/2.6.0-py3-cu11.8/lib/python3.13/site-packages/torchvision/transforms/functional.py:154: UserWarning: The given NumPy array is not writable, and PyTorch does not support non-writable tensors. This means writing to this tensor will result in undefined behavior. You may want to copy the array to protect its data or make it writable before converting it to a tensor. This type of warning will be suppressed for the rest of this program. (Triggered internally at /pytorch/torch/csrc/utils/tensor_numpy.cpp:203.)
  img = torch.from_numpy(pic.transpose((2, 0, 1))).contiguous()
/app/apps/pytorch/2.6.0-py3-cu11.8/lib/python3.13/site-packages/torchvision/transforms/functional.py:154: UserWarning: The given NumPy array is not writable, and PyTorch does not support non-writable tensors. This means writing to this tensor will result in undefined behavior. You may want to copy the array to protect its data or make it writable before converting it to a tensor. This type of warning will be suppressed for the rest of this program. (Triggered internally at /pytorch/torch/csrc/utils/tensor_numpy.cpp:203.)
  img = torch.from_numpy(pic.transpose((2, 0, 1))).contiguous()
/app/apps/pytorch/2.6.0-py3-cu11.8/lib/python3.13/site-packages/torchvision/transforms/functional.py:154: UserWarning: The given NumPy array is not writable, and PyTorch does not support non-writable tensors. This means writing to this tensor will result in undefined behavior. You may want to copy the array to protect its data or make it writable before converting it to a tensor. This type of warning will be suppressed for the rest of this program. (Triggered internally at /pytorch/torch/csrc/utils/tensor_numpy.cpp:203.)
  img = torch.from_numpy(pic.transpose((2, 0, 1))).contiguous()
/app/apps/pytorch/2.6.0-py3-cu11.8/lib/python3.13/site-packages/torchvision/transforms/functional.py:154: UserWarning: The given NumPy array is not writable, and PyTorch does not support non-writable tensors. This means writing to this tensor will result in undefined behavior. You may want to copy the array to protect its data or make it writable before converting it to a tensor. This type of warning will be suppressed for the rest of this program. (Triggered internally at /pytorch/torch/csrc/utils/tensor_numpy.cpp:203.)
  img = torch.from_numpy(pic.transpose((2, 0, 1))).contiguous()
Epoch 022: train_loss = 0.000000  MAE/GAME0 = 0.112  RMSE = 0.112  GAME1 = 0.112  GAME2 = 0.112  GAME3 = 0.112  lr = 1.00e-05  time = 16.1s
/app/apps/pytorch/2.6.0-py3-cu11.8/lib/python3.13/site-packages/torchvision/transforms/functional.py:154: UserWarning: The given NumPy array is not writable, and PyTorch does not support non-writable tensors. This means writing to this tensor will result in undefined behavior. You may want to copy the array to protect its data or make it writable before converting it to a tensor. This type of warning will be suppressed for the rest of this program. (Triggered internally at /pytorch/torch/csrc/utils/tensor_numpy.cpp:203.)
  img = torch.from_numpy(pic.transpose((2, 0, 1))).contiguous()
/app/apps/pytorch/2.6.0-py3-cu11.8/lib/python3.13/site-packages/torchvision/transforms/functional.py:154: UserWarning: The given NumPy array is not writable, and PyTorch does not support non-writable tensors. This means writing to this tensor will result in undefined behavior. You may want to copy the array to protect its data or make it writable before converting it to a tensor. This type of warning will be suppressed for the rest of this program. (Triggered internally at /pytorch/torch/csrc/utils/tensor_numpy.cpp:203.)
  img = torch.from_numpy(pic.transpose((2, 0, 1))).contiguous()
[e023 s0001/1030] loss = 0.000000
/app/apps/pytorch/2.6.0-py3-cu11.8/lib/python3.13/site-packages/torchvision/transforms/functional.py:154: UserWarning: The given NumPy array is not writable, and PyTorch does not support non-writable tensors. This means writing to this tensor will result in undefined behavior. You may want to copy the array to protect its data or make it writable before converting it to a tensor. This type of warning will be suppressed for the rest of this program. (Triggered internally at /pytorch/torch/csrc/utils/tensor_numpy.cpp:203.)
  img = torch.from_numpy(pic.transpose((2, 0, 1))).contiguous()
/app/apps/pytorch/2.6.0-py3-cu11.8/lib/python3.13/site-packages/torchvision/transforms/functional.py:154: UserWarning: The given NumPy array is not writable, and PyTorch does not support non-writable tensors. This means writing to this tensor will result in undefined behavior. You may want to copy the array to protect its data or make it writable before converting it to a tensor. This type of warning will be suppressed for the rest of this program. (Triggered internally at /pytorch/torch/csrc/utils/tensor_numpy.cpp:203.)
  img = torch.from_numpy(pic.transpose((2, 0, 1))).contiguous()
[e023 s0050/1030] loss = 0.000000
[e023 s0100/1030] loss = 0.000000
[e023 s0150/1030] loss = 0.000000
[e023 s0200/1030] loss = 0.000000
[e023 s0250/1030] loss = 0.000000
[e023 s0300/1030] loss = 0.000000
[e023 s0350/1030] loss = 0.000000
[e023 s0400/1030] loss = 0.000000
[e023 s0450/1030] loss = 0.000000
[e023 s0500/1030] loss = 0.000000
[e023 s0550/1030] loss = 0.000000
[e023 s0600/1030] loss = 0.000000
[e023 s0650/1030] loss = 0.000000
[e023 s0700/1030] loss = 0.000000
[e023 s0750/1030] loss = 0.000000
[e023 s0800/1030] loss = 0.000000
[e023 s0850/1030] loss = 0.000000
[e023 s0900/1030] loss = 0.000000
[e023 s0950/1030] loss = 0.000000
[e023 s1000/1030] loss = 0.000000
/app/apps/pytorch/2.6.0-py3-cu11.8/lib/python3.13/site-packages/torchvision/transforms/functional.py:154: UserWarning: The given NumPy array is not writable, and PyTorch does not support non-writable tensors. This means writing to this tensor will result in undefined behavior. You may want to copy the array to protect its data or make it writable before converting it to a tensor. This type of warning will be suppressed for the rest of this program. (Triggered internally at /pytorch/torch/csrc/utils/tensor_numpy.cpp:203.)
  img = torch.from_numpy(pic.transpose((2, 0, 1))).contiguous()
/app/apps/pytorch/2.6.0-py3-cu11.8/lib/python3.13/site-packages/torchvision/transforms/functional.py:154: UserWarning: The given NumPy array is not writable, and PyTorch does not support non-writable tensors. This means writing to this tensor will result in undefined behavior. You may want to copy the array to protect its data or make it writable before converting it to a tensor. This type of warning will be suppressed for the rest of this program. (Triggered internally at /pytorch/torch/csrc/utils/tensor_numpy.cpp:203.)
  img = torch.from_numpy(pic.transpose((2, 0, 1))).contiguous()
/app/apps/pytorch/2.6.0-py3-cu11.8/lib/python3.13/site-packages/torchvision/transforms/functional.py:154: UserWarning: The given NumPy array is not writable, and PyTorch does not support non-writable tensors. This means writing to this tensor will result in undefined behavior. You may want to copy the array to protect its data or make it writable before converting it to a tensor. This type of warning will be suppressed for the rest of this program. (Triggered internally at /pytorch/torch/csrc/utils/tensor_numpy.cpp:203.)
  img = torch.from_numpy(pic.transpose((2, 0, 1))).contiguous()
/app/apps/pytorch/2.6.0-py3-cu11.8/lib/python3.13/site-packages/torchvision/transforms/functional.py:154: UserWarning: The given NumPy array is not writable, and PyTorch does not support non-writable tensors. This means writing to this tensor will result in undefined behavior. You may want to copy the array to protect its data or make it writable before converting it to a tensor. This type of warning will be suppressed for the rest of this program. (Triggered internally at /pytorch/torch/csrc/utils/tensor_numpy.cpp:203.)
  img = torch.from_numpy(pic.transpose((2, 0, 1))).contiguous()
Epoch 023: train_loss = 0.000000  MAE/GAME0 = 0.086  RMSE = 0.086  GAME1 = 0.086  GAME2 = 0.086  GAME3 = 0.086  lr = 1.00e-05  time = 16.1s
/app/apps/pytorch/2.6.0-py3-cu11.8/lib/python3.13/site-packages/torchvision/transforms/functional.py:154: UserWarning: The given NumPy array is not writable, and PyTorch does not support non-writable tensors. This means writing to this tensor will result in undefined behavior. You may want to copy the array to protect its data or make it writable before converting it to a tensor. This type of warning will be suppressed for the rest of this program. (Triggered internally at /pytorch/torch/csrc/utils/tensor_numpy.cpp:203.)
  img = torch.from_numpy(pic.transpose((2, 0, 1))).contiguous()
/app/apps/pytorch/2.6.0-py3-cu11.8/lib/python3.13/site-packages/torchvision/transforms/functional.py:154: UserWarning: The given NumPy array is not writable, and PyTorch does not support non-writable tensors. This means writing to this tensor will result in undefined behavior. You may want to copy the array to protect its data or make it writable before converting it to a tensor. This type of warning will be suppressed for the rest of this program. (Triggered internally at /pytorch/torch/csrc/utils/tensor_numpy.cpp:203.)
  img = torch.from_numpy(pic.transpose((2, 0, 1))).contiguous()
/app/apps/pytorch/2.6.0-py3-cu11.8/lib/python3.13/site-packages/torchvision/transforms/functional.py:154: UserWarning: The given NumPy array is not writable, and PyTorch does not support non-writable tensors. This means writing to this tensor will result in undefined behavior. You may want to copy the array to protect its data or make it writable before converting it to a tensor. This type of warning will be suppressed for the rest of this program. (Triggered internally at /pytorch/torch/csrc/utils/tensor_numpy.cpp:203.)
  img = torch.from_numpy(pic.transpose((2, 0, 1))).contiguous()
[e024 s0001/1030] loss = 0.000000
/app/apps/pytorch/2.6.0-py3-cu11.8/lib/python3.13/site-packages/torchvision/transforms/functional.py:154: UserWarning: The given NumPy array is not writable, and PyTorch does not support non-writable tensors. This means writing to this tensor will result in undefined behavior. You may want to copy the array to protect its data or make it writable before converting it to a tensor. This type of warning will be suppressed for the rest of this program. (Triggered internally at /pytorch/torch/csrc/utils/tensor_numpy.cpp:203.)
  img = torch.from_numpy(pic.transpose((2, 0, 1))).contiguous()
[e024 s0050/1030] loss = 0.000000
[e024 s0100/1030] loss = 0.000000
[e024 s0150/1030] loss = 0.000000
[e024 s0200/1030] loss = 0.000000
[e024 s0250/1030] loss = 0.000000
[e024 s0300/1030] loss = 0.000000
[e024 s0350/1030] loss = 0.000000
[e024 s0400/1030] loss = 0.000000
[e024 s0450/1030] loss = 0.000000
[e024 s0500/1030] loss = 0.000000
[e024 s0550/1030] loss = 0.000000
[e024 s0600/1030] loss = 0.000000
[e024 s0650/1030] loss = 0.000000
[e024 s0700/1030] loss = 0.000000
[e024 s0750/1030] loss = 0.000000
[e024 s0800/1030] loss = 0.000000
[e024 s0850/1030] loss = 0.000000
[e024 s0900/1030] loss = 0.000000
[e024 s0950/1030] loss = 0.000000
[e024 s1000/1030] loss = 0.000000
/app/apps/pytorch/2.6.0-py3-cu11.8/lib/python3.13/site-packages/torchvision/transforms/functional.py:154: UserWarning: The given NumPy array is not writable, and PyTorch does not support non-writable tensors. This means writing to this tensor will result in undefined behavior. You may want to copy the array to protect its data or make it writable before converting it to a tensor. This type of warning will be suppressed for the rest of this program. (Triggered internally at /pytorch/torch/csrc/utils/tensor_numpy.cpp:203.)
  img = torch.from_numpy(pic.transpose((2, 0, 1))).contiguous()
/app/apps/pytorch/2.6.0-py3-cu11.8/lib/python3.13/site-packages/torchvision/transforms/functional.py:154: UserWarning: The given NumPy array is not writable, and PyTorch does not support non-writable tensors. This means writing to this tensor will result in undefined behavior. You may want to copy the array to protect its data or make it writable before converting it to a tensor. This type of warning will be suppressed for the rest of this program. (Triggered internally at /pytorch/torch/csrc/utils/tensor_numpy.cpp:203.)
  img = torch.from_numpy(pic.transpose((2, 0, 1))).contiguous()
/app/apps/pytorch/2.6.0-py3-cu11.8/lib/python3.13/site-packages/torchvision/transforms/functional.py:154: UserWarning: The given NumPy array is not writable, and PyTorch does not support non-writable tensors. This means writing to this tensor will result in undefined behavior. You may want to copy the array to protect its data or make it writable before converting it to a tensor. This type of warning will be suppressed for the rest of this program. (Triggered internally at /pytorch/torch/csrc/utils/tensor_numpy.cpp:203.)
  img = torch.from_numpy(pic.transpose((2, 0, 1))).contiguous()
/app/apps/pytorch/2.6.0-py3-cu11.8/lib/python3.13/site-packages/torchvision/transforms/functional.py:154: UserWarning: The given NumPy array is not writable, and PyTorch does not support non-writable tensors. This means writing to this tensor will result in undefined behavior. You may want to copy the array to protect its data or make it writable before converting it to a tensor. This type of warning will be suppressed for the rest of this program. (Triggered internally at /pytorch/torch/csrc/utils/tensor_numpy.cpp:203.)
  img = torch.from_numpy(pic.transpose((2, 0, 1))).contiguous()
Epoch 024: train_loss = 0.000000  MAE/GAME0 = 0.044  RMSE = 0.044  GAME1 = 0.044  GAME2 = 0.044  GAME3 = 0.044  lr = 1.00e-05  time = 16.3s
/app/apps/pytorch/2.6.0-py3-cu11.8/lib/python3.13/site-packages/torchvision/transforms/functional.py:154: UserWarning: The given NumPy array is not writable, and PyTorch does not support non-writable tensors. This means writing to this tensor will result in undefined behavior. You may want to copy the array to protect its data or make it writable before converting it to a tensor. This type of warning will be suppressed for the rest of this program. (Triggered internally at /pytorch/torch/csrc/utils/tensor_numpy.cpp:203.)
  img = torch.from_numpy(pic.transpose((2, 0, 1))).contiguous()
/app/apps/pytorch/2.6.0-py3-cu11.8/lib/python3.13/site-packages/torchvision/transforms/functional.py:154: UserWarning: The given NumPy array is not writable, and PyTorch does not support non-writable tensors. This means writing to this tensor will result in undefined behavior. You may want to copy the array to protect its data or make it writable before converting it to a tensor. This type of warning will be suppressed for the rest of this program. (Triggered internally at /pytorch/torch/csrc/utils/tensor_numpy.cpp:203.)
  img = torch.from_numpy(pic.transpose((2, 0, 1))).contiguous()
/app/apps/pytorch/2.6.0-py3-cu11.8/lib/python3.13/site-packages/torchvision/transforms/functional.py:154: UserWarning: The given NumPy array is not writable, and PyTorch does not support non-writable tensors. This means writing to this tensor will result in undefined behavior. You may want to copy the array to protect its data or make it writable before converting it to a tensor. This type of warning will be suppressed for the rest of this program. (Triggered internally at /pytorch/torch/csrc/utils/tensor_numpy.cpp:203.)
  img = torch.from_numpy(pic.transpose((2, 0, 1))).contiguous()
/app/apps/pytorch/2.6.0-py3-cu11.8/lib/python3.13/site-packages/torchvision/transforms/functional.py:154: UserWarning: The given NumPy array is not writable, and PyTorch does not support non-writable tensors. This means writing to this tensor will result in undefined behavior. You may want to copy the array to protect its data or make it writable before converting it to a tensor. This type of warning will be suppressed for the rest of this program. (Triggered internally at /pytorch/torch/csrc/utils/tensor_numpy.cpp:203.)
  img = torch.from_numpy(pic.transpose((2, 0, 1))).contiguous()
[e025 s0001/1030] loss = 0.000000
[e025 s0050/1030] loss = 0.000000
[e025 s0100/1030] loss = 0.000000
[e025 s0150/1030] loss = 0.000000
[e025 s0200/1030] loss = 0.000000
[e025 s0250/1030] loss = 0.000000
[e025 s0300/1030] loss = 0.000000
[e025 s0350/1030] loss = 0.000000
[e025 s0400/1030] loss = 0.000000
[e025 s0450/1030] loss = 0.000000
[e025 s0500/1030] loss = 0.000000
[e025 s0550/1030] loss = 0.000000
[e025 s0600/1030] loss = 0.000000
[e025 s0650/1030] loss = 0.000000
[e025 s0700/1030] loss = 0.000000
[e025 s0750/1030] loss = 0.000000
[e025 s0800/1030] loss = 0.000000
[e025 s0850/1030] loss = 0.000000
[e025 s0900/1030] loss = 0.000000
[e025 s0950/1030] loss = 0.000000
[e025 s1000/1030] loss = 0.000000
/app/apps/pytorch/2.6.0-py3-cu11.8/lib/python3.13/site-packages/torchvision/transforms/functional.py:154: UserWarning: The given NumPy array is not writable, and PyTorch does not support non-writable tensors. This means writing to this tensor will result in undefined behavior. You may want to copy the array to protect its data or make it writable before converting it to a tensor. This type of warning will be suppressed for the rest of this program. (Triggered internally at /pytorch/torch/csrc/utils/tensor_numpy.cpp:203.)
  img = torch.from_numpy(pic.transpose((2, 0, 1))).contiguous()
/app/apps/pytorch/2.6.0-py3-cu11.8/lib/python3.13/site-packages/torchvision/transforms/functional.py:154: UserWarning: The given NumPy array is not writable, and PyTorch does not support non-writable tensors. This means writing to this tensor will result in undefined behavior. You may want to copy the array to protect its data or make it writable before converting it to a tensor. This type of warning will be suppressed for the rest of this program. (Triggered internally at /pytorch/torch/csrc/utils/tensor_numpy.cpp:203.)
  img = torch.from_numpy(pic.transpose((2, 0, 1))).contiguous()
/app/apps/pytorch/2.6.0-py3-cu11.8/lib/python3.13/site-packages/torchvision/transforms/functional.py:154: UserWarning: The given NumPy array is not writable, and PyTorch does not support non-writable tensors. This means writing to this tensor will result in undefined behavior. You may want to copy the array to protect its data or make it writable before converting it to a tensor. This type of warning will be suppressed for the rest of this program. (Triggered internally at /pytorch/torch/csrc/utils/tensor_numpy.cpp:203.)
  img = torch.from_numpy(pic.transpose((2, 0, 1))).contiguous()
/app/apps/pytorch/2.6.0-py3-cu11.8/lib/python3.13/site-packages/torchvision/transforms/functional.py:154: UserWarning: The given NumPy array is not writable, and PyTorch does not support non-writable tensors. This means writing to this tensor will result in undefined behavior. You may want to copy the array to protect its data or make it writable before converting it to a tensor. This type of warning will be suppressed for the rest of this program. (Triggered internally at /pytorch/torch/csrc/utils/tensor_numpy.cpp:203.)
  img = torch.from_numpy(pic.transpose((2, 0, 1))).contiguous()
Epoch 025: train_loss = 0.000000  MAE/GAME0 = 0.012  RMSE = 0.012  GAME1 = 0.012  GAME2 = 0.012  GAME3 = 0.012  lr = 1.00e-05  time = 16.0s
/app/apps/pytorch/2.6.0-py3-cu11.8/lib/python3.13/site-packages/torchvision/transforms/functional.py:154: UserWarning: The given NumPy array is not writable, and PyTorch does not support non-writable tensors. This means writing to this tensor will result in undefined behavior. You may want to copy the array to protect its data or make it writable before converting it to a tensor. This type of warning will be suppressed for the rest of this program. (Triggered internally at /pytorch/torch/csrc/utils/tensor_numpy.cpp:203.)
  img = torch.from_numpy(pic.transpose((2, 0, 1))).contiguous()
/app/apps/pytorch/2.6.0-py3-cu11.8/lib/python3.13/site-packages/torchvision/transforms/functional.py:154: UserWarning: The given NumPy array is not writable, and PyTorch does not support non-writable tensors. This means writing to this tensor will result in undefined behavior. You may want to copy the array to protect its data or make it writable before converting it to a tensor. This type of warning will be suppressed for the rest of this program. (Triggered internally at /pytorch/torch/csrc/utils/tensor_numpy.cpp:203.)
  img = torch.from_numpy(pic.transpose((2, 0, 1))).contiguous()
/app/apps/pytorch/2.6.0-py3-cu11.8/lib/python3.13/site-packages/torchvision/transforms/functional.py:154: UserWarning: The given NumPy array is not writable, and PyTorch does not support non-writable tensors. This means writing to this tensor will result in undefined behavior. You may want to copy the array to protect its data or make it writable before converting it to a tensor. This type of warning will be suppressed for the rest of this program. (Triggered internally at /pytorch/torch/csrc/utils/tensor_numpy.cpp:203.)
  img = torch.from_numpy(pic.transpose((2, 0, 1))).contiguous()
/app/apps/pytorch/2.6.0-py3-cu11.8/lib/python3.13/site-packages/torchvision/transforms/functional.py:154: UserWarning: The given NumPy array is not writable, and PyTorch does not support non-writable tensors. This means writing to this tensor will result in undefined behavior. You may want to copy the array to protect its data or make it writable before converting it to a tensor. This type of warning will be suppressed for the rest of this program. (Triggered internally at /pytorch/torch/csrc/utils/tensor_numpy.cpp:203.)
  img = torch.from_numpy(pic.transpose((2, 0, 1))).contiguous()
[e026 s0001/1030] loss = 0.000000
[e026 s0050/1030] loss = 0.000000
[e026 s0100/1030] loss = 0.000000
[e026 s0150/1030] loss = 0.000000
[e026 s0200/1030] loss = 0.000000
[e026 s0250/1030] loss = 0.000000
[e026 s0300/1030] loss = 0.000000
[e026 s0350/1030] loss = 0.000000
[e026 s0400/1030] loss = 0.000000
[e026 s0450/1030] loss = 0.000000
[e026 s0500/1030] loss = 0.000000
[e026 s0550/1030] loss = 0.000000
[e026 s0600/1030] loss = 0.000000
[e026 s0650/1030] loss = 0.000000
[e026 s0700/1030] loss = 0.000000
[e026 s0750/1030] loss = 0.000000
[e026 s0800/1030] loss = 0.000000
[e026 s0850/1030] loss = 0.000000
[e026 s0900/1030] loss = 0.000000
[e026 s0950/1030] loss = 0.000000
[e026 s1000/1030] loss = 0.000000
/app/apps/pytorch/2.6.0-py3-cu11.8/lib/python3.13/site-packages/torchvision/transforms/functional.py:154: UserWarning: The given NumPy array is not writable, and PyTorch does not support non-writable tensors. This means writing to this tensor will result in undefined behavior. You may want to copy the array to protect its data or make it writable before converting it to a tensor. This type of warning will be suppressed for the rest of this program. (Triggered internally at /pytorch/torch/csrc/utils/tensor_numpy.cpp:203.)
  img = torch.from_numpy(pic.transpose((2, 0, 1))).contiguous()
/app/apps/pytorch/2.6.0-py3-cu11.8/lib/python3.13/site-packages/torchvision/transforms/functional.py:154: UserWarning: The given NumPy array is not writable, and PyTorch does not support non-writable tensors. This means writing to this tensor will result in undefined behavior. You may want to copy the array to protect its data or make it writable before converting it to a tensor. This type of warning will be suppressed for the rest of this program. (Triggered internally at /pytorch/torch/csrc/utils/tensor_numpy.cpp:203.)
  img = torch.from_numpy(pic.transpose((2, 0, 1))).contiguous()
/app/apps/pytorch/2.6.0-py3-cu11.8/lib/python3.13/site-packages/torchvision/transforms/functional.py:154: UserWarning: The given NumPy array is not writable, and PyTorch does not support non-writable tensors. This means writing to this tensor will result in undefined behavior. You may want to copy the array to protect its data or make it writable before converting it to a tensor. This type of warning will be suppressed for the rest of this program. (Triggered internally at /pytorch/torch/csrc/utils/tensor_numpy.cpp:203.)
  img = torch.from_numpy(pic.transpose((2, 0, 1))).contiguous()
/app/apps/pytorch/2.6.0-py3-cu11.8/lib/python3.13/site-packages/torchvision/transforms/functional.py:154: UserWarning: The given NumPy array is not writable, and PyTorch does not support non-writable tensors. This means writing to this tensor will result in undefined behavior. You may want to copy the array to protect its data or make it writable before converting it to a tensor. This type of warning will be suppressed for the rest of this program. (Triggered internally at /pytorch/torch/csrc/utils/tensor_numpy.cpp:203.)
  img = torch.from_numpy(pic.transpose((2, 0, 1))).contiguous()
Epoch 026: train_loss = 0.000000  MAE/GAME0 = 0.001  RMSE = 0.001  GAME1 = 0.001  GAME2 = 0.001  GAME3 = 0.001  lr = 1.00e-05  time = 15.7s
/app/apps/pytorch/2.6.0-py3-cu11.8/lib/python3.13/site-packages/torchvision/transforms/functional.py:154: UserWarning: The given NumPy array is not writable, and PyTorch does not support non-writable tensors. This means writing to this tensor will result in undefined behavior. You may want to copy the array to protect its data or make it writable before converting it to a tensor. This type of warning will be suppressed for the rest of this program. (Triggered internally at /pytorch/torch/csrc/utils/tensor_numpy.cpp:203.)
  img = torch.from_numpy(pic.transpose((2, 0, 1))).contiguous()
/app/apps/pytorch/2.6.0-py3-cu11.8/lib/python3.13/site-packages/torchvision/transforms/functional.py:154: UserWarning: The given NumPy array is not writable, and PyTorch does not support non-writable tensors. This means writing to this tensor will result in undefined behavior. You may want to copy the array to protect its data or make it writable before converting it to a tensor. This type of warning will be suppressed for the rest of this program. (Triggered internally at /pytorch/torch/csrc/utils/tensor_numpy.cpp:203.)
  img = torch.from_numpy(pic.transpose((2, 0, 1))).contiguous()
[e027 s0001/1030] loss = 0.000000
/app/apps/pytorch/2.6.0-py3-cu11.8/lib/python3.13/site-packages/torchvision/transforms/functional.py:154: UserWarning: The given NumPy array is not writable, and PyTorch does not support non-writable tensors. This means writing to this tensor will result in undefined behavior. You may want to copy the array to protect its data or make it writable before converting it to a tensor. This type of warning will be suppressed for the rest of this program. (Triggered internally at /pytorch/torch/csrc/utils/tensor_numpy.cpp:203.)
  img = torch.from_numpy(pic.transpose((2, 0, 1))).contiguous()
/app/apps/pytorch/2.6.0-py3-cu11.8/lib/python3.13/site-packages/torchvision/transforms/functional.py:154: UserWarning: The given NumPy array is not writable, and PyTorch does not support non-writable tensors. This means writing to this tensor will result in undefined behavior. You may want to copy the array to protect its data or make it writable before converting it to a tensor. This type of warning will be suppressed for the rest of this program. (Triggered internally at /pytorch/torch/csrc/utils/tensor_numpy.cpp:203.)
  img = torch.from_numpy(pic.transpose((2, 0, 1))).contiguous()
[e027 s0050/1030] loss = 0.000000
[e027 s0100/1030] loss = 0.000000
[e027 s0150/1030] loss = 0.000000
[e027 s0200/1030] loss = 0.000000
[e027 s0250/1030] loss = 0.000000
[e027 s0300/1030] loss = 0.000000
[e027 s0350/1030] loss = 0.000000
[e027 s0400/1030] loss = 0.000000
[e027 s0450/1030] loss = 0.000000
[e027 s0500/1030] loss = 0.000000
[e027 s0550/1030] loss = 0.000000
[e027 s0600/1030] loss = 0.000000
[e027 s0650/1030] loss = 0.000000
[e027 s0700/1030] loss = 0.000000
[e027 s0750/1030] loss = 0.000000
[e027 s0800/1030] loss = 0.000000
[e027 s0850/1030] loss = 0.000000
[e027 s0900/1030] loss = 0.000000
[e027 s0950/1030] loss = 0.000000
[e027 s1000/1030] loss = 0.000000
/app/apps/pytorch/2.6.0-py3-cu11.8/lib/python3.13/site-packages/torchvision/transforms/functional.py:154: UserWarning: The given NumPy array is not writable, and PyTorch does not support non-writable tensors. This means writing to this tensor will result in undefined behavior. You may want to copy the array to protect its data or make it writable before converting it to a tensor. This type of warning will be suppressed for the rest of this program. (Triggered internally at /pytorch/torch/csrc/utils/tensor_numpy.cpp:203.)
  img = torch.from_numpy(pic.transpose((2, 0, 1))).contiguous()
/app/apps/pytorch/2.6.0-py3-cu11.8/lib/python3.13/site-packages/torchvision/transforms/functional.py:154: UserWarning: The given NumPy array is not writable, and PyTorch does not support non-writable tensors. This means writing to this tensor will result in undefined behavior. You may want to copy the array to protect its data or make it writable before converting it to a tensor. This type of warning will be suppressed for the rest of this program. (Triggered internally at /pytorch/torch/csrc/utils/tensor_numpy.cpp:203.)
  img = torch.from_numpy(pic.transpose((2, 0, 1))).contiguous()
/app/apps/pytorch/2.6.0-py3-cu11.8/lib/python3.13/site-packages/torchvision/transforms/functional.py:154: UserWarning: The given NumPy array is not writable, and PyTorch does not support non-writable tensors. This means writing to this tensor will result in undefined behavior. You may want to copy the array to protect its data or make it writable before converting it to a tensor. This type of warning will be suppressed for the rest of this program. (Triggered internally at /pytorch/torch/csrc/utils/tensor_numpy.cpp:203.)
  img = torch.from_numpy(pic.transpose((2, 0, 1))).contiguous()
/app/apps/pytorch/2.6.0-py3-cu11.8/lib/python3.13/site-packages/torchvision/transforms/functional.py:154: UserWarning: The given NumPy array is not writable, and PyTorch does not support non-writable tensors. This means writing to this tensor will result in undefined behavior. You may want to copy the array to protect its data or make it writable before converting it to a tensor. This type of warning will be suppressed for the rest of this program. (Triggered internally at /pytorch/torch/csrc/utils/tensor_numpy.cpp:203.)
  img = torch.from_numpy(pic.transpose((2, 0, 1))).contiguous()
Epoch 027: train_loss = 0.000000  MAE/GAME0 = 0.000  RMSE = 0.000  GAME1 = 0.000  GAME2 = 0.000  GAME3 = 0.000  lr = 1.00e-05  time = 15.8s
/app/apps/pytorch/2.6.0-py3-cu11.8/lib/python3.13/site-packages/torchvision/transforms/functional.py:154: UserWarning: The given NumPy array is not writable, and PyTorch does not support non-writable tensors. This means writing to this tensor will result in undefined behavior. You may want to copy the array to protect its data or make it writable before converting it to a tensor. This type of warning will be suppressed for the rest of this program. (Triggered internally at /pytorch/torch/csrc/utils/tensor_numpy.cpp:203.)
  img = torch.from_numpy(pic.transpose((2, 0, 1))).contiguous()
/app/apps/pytorch/2.6.0-py3-cu11.8/lib/python3.13/site-packages/torchvision/transforms/functional.py:154: UserWarning: The given NumPy array is not writable, and PyTorch does not support non-writable tensors. This means writing to this tensor will result in undefined behavior. You may want to copy the array to protect its data or make it writable before converting it to a tensor. This type of warning will be suppressed for the rest of this program. (Triggered internally at /pytorch/torch/csrc/utils/tensor_numpy.cpp:203.)
  img = torch.from_numpy(pic.transpose((2, 0, 1))).contiguous()
/app/apps/pytorch/2.6.0-py3-cu11.8/lib/python3.13/site-packages/torchvision/transforms/functional.py:154: UserWarning: The given NumPy array is not writable, and PyTorch does not support non-writable tensors. This means writing to this tensor will result in undefined behavior. You may want to copy the array to protect its data or make it writable before converting it to a tensor. This type of warning will be suppressed for the rest of this program. (Triggered internally at /pytorch/torch/csrc/utils/tensor_numpy.cpp:203.)
  img = torch.from_numpy(pic.transpose((2, 0, 1))).contiguous()
[e028 s0001/1030] loss = 0.000000
/app/apps/pytorch/2.6.0-py3-cu11.8/lib/python3.13/site-packages/torchvision/transforms/functional.py:154: UserWarning: The given NumPy array is not writable, and PyTorch does not support non-writable tensors. This means writing to this tensor will result in undefined behavior. You may want to copy the array to protect its data or make it writable before converting it to a tensor. This type of warning will be suppressed for the rest of this program. (Triggered internally at /pytorch/torch/csrc/utils/tensor_numpy.cpp:203.)
  img = torch.from_numpy(pic.transpose((2, 0, 1))).contiguous()
[e028 s0050/1030] loss = 0.000000
[e028 s0100/1030] loss = 0.000000
[e028 s0150/1030] loss = 0.000000
[e028 s0200/1030] loss = 0.000000
[e028 s0250/1030] loss = 0.000000
[e028 s0300/1030] loss = 0.000000
[e028 s0350/1030] loss = 0.000000
[e028 s0400/1030] loss = 0.000000
[e028 s0450/1030] loss = 0.000000
[e028 s0500/1030] loss = 0.000000
[e028 s0550/1030] loss = 0.000000
[e028 s0600/1030] loss = 0.000000
[e028 s0650/1030] loss = 0.000000
[e028 s0700/1030] loss = 0.000000
[e028 s0750/1030] loss = 0.000000
[e028 s0800/1030] loss = 0.000000
[e028 s0850/1030] loss = 0.000000
[e028 s0900/1030] loss = 0.000000
[e028 s0950/1030] loss = 0.000000
[e028 s1000/1030] loss = 0.000000
/app/apps/pytorch/2.6.0-py3-cu11.8/lib/python3.13/site-packages/torchvision/transforms/functional.py:154: UserWarning: The given NumPy array is not writable, and PyTorch does not support non-writable tensors. This means writing to this tensor will result in undefined behavior. You may want to copy the array to protect its data or make it writable before converting it to a tensor. This type of warning will be suppressed for the rest of this program. (Triggered internally at /pytorch/torch/csrc/utils/tensor_numpy.cpp:203.)
  img = torch.from_numpy(pic.transpose((2, 0, 1))).contiguous()
/app/apps/pytorch/2.6.0-py3-cu11.8/lib/python3.13/site-packages/torchvision/transforms/functional.py:154: UserWarning: The given NumPy array is not writable, and PyTorch does not support non-writable tensors. This means writing to this tensor will result in undefined behavior. You may want to copy the array to protect its data or make it writable before converting it to a tensor. This type of warning will be suppressed for the rest of this program. (Triggered internally at /pytorch/torch/csrc/utils/tensor_numpy.cpp:203.)
  img = torch.from_numpy(pic.transpose((2, 0, 1))).contiguous()
/app/apps/pytorch/2.6.0-py3-cu11.8/lib/python3.13/site-packages/torchvision/transforms/functional.py:154: UserWarning: The given NumPy array is not writable, and PyTorch does not support non-writable tensors. This means writing to this tensor will result in undefined behavior. You may want to copy the array to protect its data or make it writable before converting it to a tensor. This type of warning will be suppressed for the rest of this program. (Triggered internally at /pytorch/torch/csrc/utils/tensor_numpy.cpp:203.)
  img = torch.from_numpy(pic.transpose((2, 0, 1))).contiguous()
/app/apps/pytorch/2.6.0-py3-cu11.8/lib/python3.13/site-packages/torchvision/transforms/functional.py:154: UserWarning: The given NumPy array is not writable, and PyTorch does not support non-writable tensors. This means writing to this tensor will result in undefined behavior. You may want to copy the array to protect its data or make it writable before converting it to a tensor. This type of warning will be suppressed for the rest of this program. (Triggered internally at /pytorch/torch/csrc/utils/tensor_numpy.cpp:203.)
  img = torch.from_numpy(pic.transpose((2, 0, 1))).contiguous()
Epoch 028: train_loss = 0.000000  MAE/GAME0 = 0.000  RMSE = 0.000  GAME1 = 0.000  GAME2 = 0.000  GAME3 = 0.000  lr = 1.00e-05  time = 15.9s
/app/apps/pytorch/2.6.0-py3-cu11.8/lib/python3.13/site-packages/torchvision/transforms/functional.py:154: UserWarning: The given NumPy array is not writable, and PyTorch does not support non-writable tensors. This means writing to this tensor will result in undefined behavior. You may want to copy the array to protect its data or make it writable before converting it to a tensor. This type of warning will be suppressed for the rest of this program. (Triggered internally at /pytorch/torch/csrc/utils/tensor_numpy.cpp:203.)
  img = torch.from_numpy(pic.transpose((2, 0, 1))).contiguous()
/app/apps/pytorch/2.6.0-py3-cu11.8/lib/python3.13/site-packages/torchvision/transforms/functional.py:154: UserWarning: The given NumPy array is not writable, and PyTorch does not support non-writable tensors. This means writing to this tensor will result in undefined behavior. You may want to copy the array to protect its data or make it writable before converting it to a tensor. This type of warning will be suppressed for the rest of this program. (Triggered internally at /pytorch/torch/csrc/utils/tensor_numpy.cpp:203.)
  img = torch.from_numpy(pic.transpose((2, 0, 1))).contiguous()
[e029 s0001/1030] loss = 0.000000
/app/apps/pytorch/2.6.0-py3-cu11.8/lib/python3.13/site-packages/torchvision/transforms/functional.py:154: UserWarning: The given NumPy array is not writable, and PyTorch does not support non-writable tensors. This means writing to this tensor will result in undefined behavior. You may want to copy the array to protect its data or make it writable before converting it to a tensor. This type of warning will be suppressed for the rest of this program. (Triggered internally at /pytorch/torch/csrc/utils/tensor_numpy.cpp:203.)
  img = torch.from_numpy(pic.transpose((2, 0, 1))).contiguous()
/app/apps/pytorch/2.6.0-py3-cu11.8/lib/python3.13/site-packages/torchvision/transforms/functional.py:154: UserWarning: The given NumPy array is not writable, and PyTorch does not support non-writable tensors. This means writing to this tensor will result in undefined behavior. You may want to copy the array to protect its data or make it writable before converting it to a tensor. This type of warning will be suppressed for the rest of this program. (Triggered internally at /pytorch/torch/csrc/utils/tensor_numpy.cpp:203.)
  img = torch.from_numpy(pic.transpose((2, 0, 1))).contiguous()
[e029 s0050/1030] loss = 0.000000
[e029 s0100/1030] loss = 0.000000
[e029 s0150/1030] loss = 0.000000
[e029 s0200/1030] loss = 0.000000
[e029 s0250/1030] loss = 0.000000
[e029 s0300/1030] loss = 0.000000
[e029 s0350/1030] loss = 0.000000
[e029 s0400/1030] loss = 0.000000
[e029 s0450/1030] loss = 0.000000
[e029 s0500/1030] loss = 0.000000
[e029 s0550/1030] loss = 0.000000
[e029 s0600/1030] loss = 0.000000
[e029 s0650/1030] loss = 0.000000
[e029 s0700/1030] loss = 0.000000
[e029 s0750/1030] loss = 0.000000
[e029 s0800/1030] loss = 0.000000
[e029 s0850/1030] loss = 0.000000
[e029 s0900/1030] loss = 0.000000
[e029 s0950/1030] loss = 0.000000
[e029 s1000/1030] loss = 0.000000
/app/apps/pytorch/2.6.0-py3-cu11.8/lib/python3.13/site-packages/torchvision/transforms/functional.py:154: UserWarning: The given NumPy array is not writable, and PyTorch does not support non-writable tensors. This means writing to this tensor will result in undefined behavior. You may want to copy the array to protect its data or make it writable before converting it to a tensor. This type of warning will be suppressed for the rest of this program. (Triggered internally at /pytorch/torch/csrc/utils/tensor_numpy.cpp:203.)
  img = torch.from_numpy(pic.transpose((2, 0, 1))).contiguous()
/app/apps/pytorch/2.6.0-py3-cu11.8/lib/python3.13/site-packages/torchvision/transforms/functional.py:154: UserWarning: The given NumPy array is not writable, and PyTorch does not support non-writable tensors. This means writing to this tensor will result in undefined behavior. You may want to copy the array to protect its data or make it writable before converting it to a tensor. This type of warning will be suppressed for the rest of this program. (Triggered internally at /pytorch/torch/csrc/utils/tensor_numpy.cpp:203.)
  img = torch.from_numpy(pic.transpose((2, 0, 1))).contiguous()
/app/apps/pytorch/2.6.0-py3-cu11.8/lib/python3.13/site-packages/torchvision/transforms/functional.py:154: UserWarning: The given NumPy array is not writable, and PyTorch does not support non-writable tensors. This means writing to this tensor will result in undefined behavior. You may want to copy the array to protect its data or make it writable before converting it to a tensor. This type of warning will be suppressed for the rest of this program. (Triggered internally at /pytorch/torch/csrc/utils/tensor_numpy.cpp:203.)
  img = torch.from_numpy(pic.transpose((2, 0, 1))).contiguous()
/app/apps/pytorch/2.6.0-py3-cu11.8/lib/python3.13/site-packages/torchvision/transforms/functional.py:154: UserWarning: The given NumPy array is not writable, and PyTorch does not support non-writable tensors. This means writing to this tensor will result in undefined behavior. You may want to copy the array to protect its data or make it writable before converting it to a tensor. This type of warning will be suppressed for the rest of this program. (Triggered internally at /pytorch/torch/csrc/utils/tensor_numpy.cpp:203.)
  img = torch.from_numpy(pic.transpose((2, 0, 1))).contiguous()
Epoch 029: train_loss = 0.000000  MAE/GAME0 = 0.000  RMSE = 0.000  GAME1 = 0.000  GAME2 = 0.000  GAME3 = 0.000  lr = 1.00e-05  time = 15.8s
/app/apps/pytorch/2.6.0-py3-cu11.8/lib/python3.13/site-packages/torchvision/transforms/functional.py:154: UserWarning: The given NumPy array is not writable, and PyTorch does not support non-writable tensors. This means writing to this tensor will result in undefined behavior. You may want to copy the array to protect its data or make it writable before converting it to a tensor. This type of warning will be suppressed for the rest of this program. (Triggered internally at /pytorch/torch/csrc/utils/tensor_numpy.cpp:203.)
  img = torch.from_numpy(pic.transpose((2, 0, 1))).contiguous()
/app/apps/pytorch/2.6.0-py3-cu11.8/lib/python3.13/site-packages/torchvision/transforms/functional.py:154: UserWarning: The given NumPy array is not writable, and PyTorch does not support non-writable tensors. This means writing to this tensor will result in undefined behavior. You may want to copy the array to protect its data or make it writable before converting it to a tensor. This type of warning will be suppressed for the rest of this program. (Triggered internally at /pytorch/torch/csrc/utils/tensor_numpy.cpp:203.)
  img = torch.from_numpy(pic.transpose((2, 0, 1))).contiguous()
/app/apps/pytorch/2.6.0-py3-cu11.8/lib/python3.13/site-packages/torchvision/transforms/functional.py:154: UserWarning: The given NumPy array is not writable, and PyTorch does not support non-writable tensors. This means writing to this tensor will result in undefined behavior. You may want to copy the array to protect its data or make it writable before converting it to a tensor. This type of warning will be suppressed for the rest of this program. (Triggered internally at /pytorch/torch/csrc/utils/tensor_numpy.cpp:203.)
  img = torch.from_numpy(pic.transpose((2, 0, 1))).contiguous()
[e030 s0001/1030] loss = 0.000000
/app/apps/pytorch/2.6.0-py3-cu11.8/lib/python3.13/site-packages/torchvision/transforms/functional.py:154: UserWarning: The given NumPy array is not writable, and PyTorch does not support non-writable tensors. This means writing to this tensor will result in undefined behavior. You may want to copy the array to protect its data or make it writable before converting it to a tensor. This type of warning will be suppressed for the rest of this program. (Triggered internally at /pytorch/torch/csrc/utils/tensor_numpy.cpp:203.)
  img = torch.from_numpy(pic.transpose((2, 0, 1))).contiguous()
[e030 s0050/1030] loss = 0.000000
[e030 s0100/1030] loss = 0.000000
[e030 s0150/1030] loss = 0.000000
[e030 s0200/1030] loss = 0.000000
[e030 s0250/1030] loss = 0.000000
[e030 s0300/1030] loss = 0.000000
[e030 s0350/1030] loss = 0.000000
[e030 s0400/1030] loss = 0.000000
[e030 s0450/1030] loss = 0.000000
[e030 s0500/1030] loss = 0.000000
[e030 s0550/1030] loss = 0.000000
[e030 s0600/1030] loss = 0.000000
[e030 s0650/1030] loss = 0.000000
[e030 s0700/1030] loss = 0.000000
[e030 s0750/1030] loss = 0.000000
[e030 s0800/1030] loss = 0.000000
[e030 s0850/1030] loss = 0.000000
[e030 s0900/1030] loss = 0.000000
[e030 s0950/1030] loss = 0.000000
[e030 s1000/1030] loss = 0.000000
/app/apps/pytorch/2.6.0-py3-cu11.8/lib/python3.13/site-packages/torchvision/transforms/functional.py:154: UserWarning: The given NumPy array is not writable, and PyTorch does not support non-writable tensors. This means writing to this tensor will result in undefined behavior. You may want to copy the array to protect its data or make it writable before converting it to a tensor. This type of warning will be suppressed for the rest of this program. (Triggered internally at /pytorch/torch/csrc/utils/tensor_numpy.cpp:203.)
  img = torch.from_numpy(pic.transpose((2, 0, 1))).contiguous()
/app/apps/pytorch/2.6.0-py3-cu11.8/lib/python3.13/site-packages/torchvision/transforms/functional.py:154: UserWarning: The given NumPy array is not writable, and PyTorch does not support non-writable tensors. This means writing to this tensor will result in undefined behavior. You may want to copy the array to protect its data or make it writable before converting it to a tensor. This type of warning will be suppressed for the rest of this program. (Triggered internally at /pytorch/torch/csrc/utils/tensor_numpy.cpp:203.)
  img = torch.from_numpy(pic.transpose((2, 0, 1))).contiguous()
/app/apps/pytorch/2.6.0-py3-cu11.8/lib/python3.13/site-packages/torchvision/transforms/functional.py:154: UserWarning: The given NumPy array is not writable, and PyTorch does not support non-writable tensors. This means writing to this tensor will result in undefined behavior. You may want to copy the array to protect its data or make it writable before converting it to a tensor. This type of warning will be suppressed for the rest of this program. (Triggered internally at /pytorch/torch/csrc/utils/tensor_numpy.cpp:203.)
  img = torch.from_numpy(pic.transpose((2, 0, 1))).contiguous()
/app/apps/pytorch/2.6.0-py3-cu11.8/lib/python3.13/site-packages/torchvision/transforms/functional.py:154: UserWarning: The given NumPy array is not writable, and PyTorch does not support non-writable tensors. This means writing to this tensor will result in undefined behavior. You may want to copy the array to protect its data or make it writable before converting it to a tensor. This type of warning will be suppressed for the rest of this program. (Triggered internally at /pytorch/torch/csrc/utils/tensor_numpy.cpp:203.)
  img = torch.from_numpy(pic.transpose((2, 0, 1))).contiguous()
Epoch 030: train_loss = 0.000000  MAE/GAME0 = 0.000  RMSE = 0.000  GAME1 = 0.000  GAME2 = 0.000  GAME3 = 0.000  lr = 1.00e-05  time = 15.9s
/app/apps/pytorch/2.6.0-py3-cu11.8/lib/python3.13/site-packages/torchvision/transforms/functional.py:154: UserWarning: The given NumPy array is not writable, and PyTorch does not support non-writable tensors. This means writing to this tensor will result in undefined behavior. You may want to copy the array to protect its data or make it writable before converting it to a tensor. This type of warning will be suppressed for the rest of this program. (Triggered internally at /pytorch/torch/csrc/utils/tensor_numpy.cpp:203.)
  img = torch.from_numpy(pic.transpose((2, 0, 1))).contiguous()
/app/apps/pytorch/2.6.0-py3-cu11.8/lib/python3.13/site-packages/torchvision/transforms/functional.py:154: UserWarning: The given NumPy array is not writable, and PyTorch does not support non-writable tensors. This means writing to this tensor will result in undefined behavior. You may want to copy the array to protect its data or make it writable before converting it to a tensor. This type of warning will be suppressed for the rest of this program. (Triggered internally at /pytorch/torch/csrc/utils/tensor_numpy.cpp:203.)
  img = torch.from_numpy(pic.transpose((2, 0, 1))).contiguous()
/app/apps/pytorch/2.6.0-py3-cu11.8/lib/python3.13/site-packages/torchvision/transforms/functional.py:154: UserWarning: The given NumPy array is not writable, and PyTorch does not support non-writable tensors. This means writing to this tensor will result in undefined behavior. You may want to copy the array to protect its data or make it writable before converting it to a tensor. This type of warning will be suppressed for the rest of this program. (Triggered internally at /pytorch/torch/csrc/utils/tensor_numpy.cpp:203.)
  img = torch.from_numpy(pic.transpose((2, 0, 1))).contiguous()
[e031 s0001/1030] loss = 0.000000
/app/apps/pytorch/2.6.0-py3-cu11.8/lib/python3.13/site-packages/torchvision/transforms/functional.py:154: UserWarning: The given NumPy array is not writable, and PyTorch does not support non-writable tensors. This means writing to this tensor will result in undefined behavior. You may want to copy the array to protect its data or make it writable before converting it to a tensor. This type of warning will be suppressed for the rest of this program. (Triggered internally at /pytorch/torch/csrc/utils/tensor_numpy.cpp:203.)
  img = torch.from_numpy(pic.transpose((2, 0, 1))).contiguous()
[e031 s0050/1030] loss = 0.000000
[e031 s0100/1030] loss = 0.000000
[e031 s0150/1030] loss = 0.000000
[e031 s0200/1030] loss = 0.000000
[e031 s0250/1030] loss = 0.000000
[e031 s0300/1030] loss = 0.000000
[e031 s0350/1030] loss = 0.000000
[e031 s0400/1030] loss = 0.000000
[e031 s0450/1030] loss = 0.000000
[e031 s0500/1030] loss = 0.000000
[e031 s0550/1030] loss = 0.000000
[e031 s0600/1030] loss = 0.000000
[e031 s0650/1030] loss = 0.000000
[e031 s0700/1030] loss = 0.000000
[e031 s0750/1030] loss = 0.000000
[e031 s0800/1030] loss = 0.000000
[e031 s0850/1030] loss = 0.000000
[e031 s0900/1030] loss = 0.000000
[e031 s0950/1030] loss = 0.000000
[e031 s1000/1030] loss = 0.000000
/app/apps/pytorch/2.6.0-py3-cu11.8/lib/python3.13/site-packages/torchvision/transforms/functional.py:154: UserWarning: The given NumPy array is not writable, and PyTorch does not support non-writable tensors. This means writing to this tensor will result in undefined behavior. You may want to copy the array to protect its data or make it writable before converting it to a tensor. This type of warning will be suppressed for the rest of this program. (Triggered internally at /pytorch/torch/csrc/utils/tensor_numpy.cpp:203.)
  img = torch.from_numpy(pic.transpose((2, 0, 1))).contiguous()
/app/apps/pytorch/2.6.0-py3-cu11.8/lib/python3.13/site-packages/torchvision/transforms/functional.py:154: UserWarning: The given NumPy array is not writable, and PyTorch does not support non-writable tensors. This means writing to this tensor will result in undefined behavior. You may want to copy the array to protect its data or make it writable before converting it to a tensor. This type of warning will be suppressed for the rest of this program. (Triggered internally at /pytorch/torch/csrc/utils/tensor_numpy.cpp:203.)
  img = torch.from_numpy(pic.transpose((2, 0, 1))).contiguous()
/app/apps/pytorch/2.6.0-py3-cu11.8/lib/python3.13/site-packages/torchvision/transforms/functional.py:154: UserWarning: The given NumPy array is not writable, and PyTorch does not support non-writable tensors. This means writing to this tensor will result in undefined behavior. You may want to copy the array to protect its data or make it writable before converting it to a tensor. This type of warning will be suppressed for the rest of this program. (Triggered internally at /pytorch/torch/csrc/utils/tensor_numpy.cpp:203.)
  img = torch.from_numpy(pic.transpose((2, 0, 1))).contiguous()
/app/apps/pytorch/2.6.0-py3-cu11.8/lib/python3.13/site-packages/torchvision/transforms/functional.py:154: UserWarning: The given NumPy array is not writable, and PyTorch does not support non-writable tensors. This means writing to this tensor will result in undefined behavior. You may want to copy the array to protect its data or make it writable before converting it to a tensor. This type of warning will be suppressed for the rest of this program. (Triggered internally at /pytorch/torch/csrc/utils/tensor_numpy.cpp:203.)
  img = torch.from_numpy(pic.transpose((2, 0, 1))).contiguous()
Epoch 031: train_loss = 0.000000  MAE/GAME0 = 0.000  RMSE = 0.000  GAME1 = 0.000  GAME2 = 0.000  GAME3 = 0.000  lr = 1.00e-05  time = 16.0s
/app/apps/pytorch/2.6.0-py3-cu11.8/lib/python3.13/site-packages/torchvision/transforms/functional.py:154: UserWarning: The given NumPy array is not writable, and PyTorch does not support non-writable tensors. This means writing to this tensor will result in undefined behavior. You may want to copy the array to protect its data or make it writable before converting it to a tensor. This type of warning will be suppressed for the rest of this program. (Triggered internally at /pytorch/torch/csrc/utils/tensor_numpy.cpp:203.)
  img = torch.from_numpy(pic.transpose((2, 0, 1))).contiguous()
/app/apps/pytorch/2.6.0-py3-cu11.8/lib/python3.13/site-packages/torchvision/transforms/functional.py:154: UserWarning: The given NumPy array is not writable, and PyTorch does not support non-writable tensors. This means writing to this tensor will result in undefined behavior. You may want to copy the array to protect its data or make it writable before converting it to a tensor. This type of warning will be suppressed for the rest of this program. (Triggered internally at /pytorch/torch/csrc/utils/tensor_numpy.cpp:203.)
  img = torch.from_numpy(pic.transpose((2, 0, 1))).contiguous()
/app/apps/pytorch/2.6.0-py3-cu11.8/lib/python3.13/site-packages/torchvision/transforms/functional.py:154: UserWarning: The given NumPy array is not writable, and PyTorch does not support non-writable tensors. This means writing to this tensor will result in undefined behavior. You may want to copy the array to protect its data or make it writable before converting it to a tensor. This type of warning will be suppressed for the rest of this program. (Triggered internally at /pytorch/torch/csrc/utils/tensor_numpy.cpp:203.)
  img = torch.from_numpy(pic.transpose((2, 0, 1))).contiguous()
[e032 s0001/1030] loss = 0.000000
/app/apps/pytorch/2.6.0-py3-cu11.8/lib/python3.13/site-packages/torchvision/transforms/functional.py:154: UserWarning: The given NumPy array is not writable, and PyTorch does not support non-writable tensors. This means writing to this tensor will result in undefined behavior. You may want to copy the array to protect its data or make it writable before converting it to a tensor. This type of warning will be suppressed for the rest of this program. (Triggered internally at /pytorch/torch/csrc/utils/tensor_numpy.cpp:203.)
  img = torch.from_numpy(pic.transpose((2, 0, 1))).contiguous()
[e032 s0050/1030] loss = 0.000000
[e032 s0100/1030] loss = 0.000000
[e032 s0150/1030] loss = 0.000000
[e032 s0200/1030] loss = 0.000000
[e032 s0250/1030] loss = 0.000000
[e032 s0300/1030] loss = 0.000000
[e032 s0350/1030] loss = 0.000000
[e032 s0400/1030] loss = 0.000000
[e032 s0450/1030] loss = 0.000000
[e032 s0500/1030] loss = 0.000000
[e032 s0550/1030] loss = 0.000000
[e032 s0600/1030] loss = 0.000000
[e032 s0650/1030] loss = 0.000000
[e032 s0700/1030] loss = 0.000000
[e032 s0750/1030] loss = 0.000000
[e032 s0800/1030] loss = 0.000000
[e032 s0850/1030] loss = 0.000000
[e032 s0900/1030] loss = 0.000000
[e032 s0950/1030] loss = 0.000000
[e032 s1000/1030] loss = 0.000000
/app/apps/pytorch/2.6.0-py3-cu11.8/lib/python3.13/site-packages/torchvision/transforms/functional.py:154: UserWarning: The given NumPy array is not writable, and PyTorch does not support non-writable tensors. This means writing to this tensor will result in undefined behavior. You may want to copy the array to protect its data or make it writable before converting it to a tensor. This type of warning will be suppressed for the rest of this program. (Triggered internally at /pytorch/torch/csrc/utils/tensor_numpy.cpp:203.)
  img = torch.from_numpy(pic.transpose((2, 0, 1))).contiguous()
/app/apps/pytorch/2.6.0-py3-cu11.8/lib/python3.13/site-packages/torchvision/transforms/functional.py:154: UserWarning: The given NumPy array is not writable, and PyTorch does not support non-writable tensors. This means writing to this tensor will result in undefined behavior. You may want to copy the array to protect its data or make it writable before converting it to a tensor. This type of warning will be suppressed for the rest of this program. (Triggered internally at /pytorch/torch/csrc/utils/tensor_numpy.cpp:203.)
  img = torch.from_numpy(pic.transpose((2, 0, 1))).contiguous()
/app/apps/pytorch/2.6.0-py3-cu11.8/lib/python3.13/site-packages/torchvision/transforms/functional.py:154: UserWarning: The given NumPy array is not writable, and PyTorch does not support non-writable tensors. This means writing to this tensor will result in undefined behavior. You may want to copy the array to protect its data or make it writable before converting it to a tensor. This type of warning will be suppressed for the rest of this program. (Triggered internally at /pytorch/torch/csrc/utils/tensor_numpy.cpp:203.)
  img = torch.from_numpy(pic.transpose((2, 0, 1))).contiguous()
/app/apps/pytorch/2.6.0-py3-cu11.8/lib/python3.13/site-packages/torchvision/transforms/functional.py:154: UserWarning: The given NumPy array is not writable, and PyTorch does not support non-writable tensors. This means writing to this tensor will result in undefined behavior. You may want to copy the array to protect its data or make it writable before converting it to a tensor. This type of warning will be suppressed for the rest of this program. (Triggered internally at /pytorch/torch/csrc/utils/tensor_numpy.cpp:203.)
  img = torch.from_numpy(pic.transpose((2, 0, 1))).contiguous()
Epoch 032: train_loss = 0.000000  MAE/GAME0 = 0.000  RMSE = 0.000  GAME1 = 0.000  GAME2 = 0.000  GAME3 = 0.000  lr = 1.00e-05  time = 15.9s
/app/apps/pytorch/2.6.0-py3-cu11.8/lib/python3.13/site-packages/torchvision/transforms/functional.py:154: UserWarning: The given NumPy array is not writable, and PyTorch does not support non-writable tensors. This means writing to this tensor will result in undefined behavior. You may want to copy the array to protect its data or make it writable before converting it to a tensor. This type of warning will be suppressed for the rest of this program. (Triggered internally at /pytorch/torch/csrc/utils/tensor_numpy.cpp:203.)
  img = torch.from_numpy(pic.transpose((2, 0, 1))).contiguous()
/app/apps/pytorch/2.6.0-py3-cu11.8/lib/python3.13/site-packages/torchvision/transforms/functional.py:154: UserWarning: The given NumPy array is not writable, and PyTorch does not support non-writable tensors. This means writing to this tensor will result in undefined behavior. You may want to copy the array to protect its data or make it writable before converting it to a tensor. This type of warning will be suppressed for the rest of this program. (Triggered internally at /pytorch/torch/csrc/utils/tensor_numpy.cpp:203.)
  img = torch.from_numpy(pic.transpose((2, 0, 1))).contiguous()
[e033 s0001/1030] loss = 0.000000
/app/apps/pytorch/2.6.0-py3-cu11.8/lib/python3.13/site-packages/torchvision/transforms/functional.py:154: UserWarning: The given NumPy array is not writable, and PyTorch does not support non-writable tensors. This means writing to this tensor will result in undefined behavior. You may want to copy the array to protect its data or make it writable before converting it to a tensor. This type of warning will be suppressed for the rest of this program. (Triggered internally at /pytorch/torch/csrc/utils/tensor_numpy.cpp:203.)
  img = torch.from_numpy(pic.transpose((2, 0, 1))).contiguous()
/app/apps/pytorch/2.6.0-py3-cu11.8/lib/python3.13/site-packages/torchvision/transforms/functional.py:154: UserWarning: The given NumPy array is not writable, and PyTorch does not support non-writable tensors. This means writing to this tensor will result in undefined behavior. You may want to copy the array to protect its data or make it writable before converting it to a tensor. This type of warning will be suppressed for the rest of this program. (Triggered internally at /pytorch/torch/csrc/utils/tensor_numpy.cpp:203.)
  img = torch.from_numpy(pic.transpose((2, 0, 1))).contiguous()
[e033 s0050/1030] loss = 0.000000
[e033 s0100/1030] loss = 0.000000
[e033 s0150/1030] loss = 0.000000
[e033 s0200/1030] loss = 0.000000
[e033 s0250/1030] loss = 0.000000
[e033 s0300/1030] loss = 0.000000
[e033 s0350/1030] loss = 0.000000
[e033 s0400/1030] loss = 0.000000
[e033 s0450/1030] loss = 0.000000
[e033 s0500/1030] loss = 0.000000
[e033 s0550/1030] loss = 0.000000
[e033 s0600/1030] loss = 0.000000
[e033 s0650/1030] loss = 0.000000
[e033 s0700/1030] loss = 0.000000
[e033 s0750/1030] loss = 0.000000
[e033 s0800/1030] loss = 0.000000
[e033 s0850/1030] loss = 0.000000
[e033 s0900/1030] loss = 0.000000
[e033 s0950/1030] loss = 0.000000
[e033 s1000/1030] loss = 0.000000
/app/apps/pytorch/2.6.0-py3-cu11.8/lib/python3.13/site-packages/torchvision/transforms/functional.py:154: UserWarning: The given NumPy array is not writable, and PyTorch does not support non-writable tensors. This means writing to this tensor will result in undefined behavior. You may want to copy the array to protect its data or make it writable before converting it to a tensor. This type of warning will be suppressed for the rest of this program. (Triggered internally at /pytorch/torch/csrc/utils/tensor_numpy.cpp:203.)
  img = torch.from_numpy(pic.transpose((2, 0, 1))).contiguous()
/app/apps/pytorch/2.6.0-py3-cu11.8/lib/python3.13/site-packages/torchvision/transforms/functional.py:154: UserWarning: The given NumPy array is not writable, and PyTorch does not support non-writable tensors. This means writing to this tensor will result in undefined behavior. You may want to copy the array to protect its data or make it writable before converting it to a tensor. This type of warning will be suppressed for the rest of this program. (Triggered internally at /pytorch/torch/csrc/utils/tensor_numpy.cpp:203.)
  img = torch.from_numpy(pic.transpose((2, 0, 1))).contiguous()
/app/apps/pytorch/2.6.0-py3-cu11.8/lib/python3.13/site-packages/torchvision/transforms/functional.py:154: UserWarning: The given NumPy array is not writable, and PyTorch does not support non-writable tensors. This means writing to this tensor will result in undefined behavior. You may want to copy the array to protect its data or make it writable before converting it to a tensor. This type of warning will be suppressed for the rest of this program. (Triggered internally at /pytorch/torch/csrc/utils/tensor_numpy.cpp:203.)
  img = torch.from_numpy(pic.transpose((2, 0, 1))).contiguous()
/app/apps/pytorch/2.6.0-py3-cu11.8/lib/python3.13/site-packages/torchvision/transforms/functional.py:154: UserWarning: The given NumPy array is not writable, and PyTorch does not support non-writable tensors. This means writing to this tensor will result in undefined behavior. You may want to copy the array to protect its data or make it writable before converting it to a tensor. This type of warning will be suppressed for the rest of this program. (Triggered internally at /pytorch/torch/csrc/utils/tensor_numpy.cpp:203.)
  img = torch.from_numpy(pic.transpose((2, 0, 1))).contiguous()
Epoch 033: train_loss = 0.000000  MAE/GAME0 = 0.000  RMSE = 0.000  GAME1 = 0.000  GAME2 = 0.000  GAME3 = 0.000  lr = 1.00e-05  time = 16.0s
/app/apps/pytorch/2.6.0-py3-cu11.8/lib/python3.13/site-packages/torchvision/transforms/functional.py:154: UserWarning: The given NumPy array is not writable, and PyTorch does not support non-writable tensors. This means writing to this tensor will result in undefined behavior. You may want to copy the array to protect its data or make it writable before converting it to a tensor. This type of warning will be suppressed for the rest of this program. (Triggered internally at /pytorch/torch/csrc/utils/tensor_numpy.cpp:203.)
  img = torch.from_numpy(pic.transpose((2, 0, 1))).contiguous()
[e034 s0001/1030] loss = 0.000000
/app/apps/pytorch/2.6.0-py3-cu11.8/lib/python3.13/site-packages/torchvision/transforms/functional.py:154: UserWarning: The given NumPy array is not writable, and PyTorch does not support non-writable tensors. This means writing to this tensor will result in undefined behavior. You may want to copy the array to protect its data or make it writable before converting it to a tensor. This type of warning will be suppressed for the rest of this program. (Triggered internally at /pytorch/torch/csrc/utils/tensor_numpy.cpp:203.)
  img = torch.from_numpy(pic.transpose((2, 0, 1))).contiguous()
/app/apps/pytorch/2.6.0-py3-cu11.8/lib/python3.13/site-packages/torchvision/transforms/functional.py:154: UserWarning: The given NumPy array is not writable, and PyTorch does not support non-writable tensors. This means writing to this tensor will result in undefined behavior. You may want to copy the array to protect its data or make it writable before converting it to a tensor. This type of warning will be suppressed for the rest of this program. (Triggered internally at /pytorch/torch/csrc/utils/tensor_numpy.cpp:203.)
  img = torch.from_numpy(pic.transpose((2, 0, 1))).contiguous()
/app/apps/pytorch/2.6.0-py3-cu11.8/lib/python3.13/site-packages/torchvision/transforms/functional.py:154: UserWarning: The given NumPy array is not writable, and PyTorch does not support non-writable tensors. This means writing to this tensor will result in undefined behavior. You may want to copy the array to protect its data or make it writable before converting it to a tensor. This type of warning will be suppressed for the rest of this program. (Triggered internally at /pytorch/torch/csrc/utils/tensor_numpy.cpp:203.)
  img = torch.from_numpy(pic.transpose((2, 0, 1))).contiguous()
[e034 s0050/1030] loss = 0.000000
[e034 s0100/1030] loss = 0.000000
[e034 s0150/1030] loss = 0.000000
[e034 s0200/1030] loss = 0.000000
[e034 s0250/1030] loss = 0.000000
[e034 s0300/1030] loss = 0.000000
[e034 s0350/1030] loss = 0.000000
[e034 s0400/1030] loss = 0.000000
[e034 s0450/1030] loss = 0.000000
[e034 s0500/1030] loss = 0.000000
[e034 s0550/1030] loss = 0.000000
[e034 s0600/1030] loss = 0.000000
[e034 s0650/1030] loss = 0.000000
[e034 s0700/1030] loss = 0.000000
[e034 s0750/1030] loss = 0.000000
[e034 s0800/1030] loss = 0.000000
[e034 s0850/1030] loss = 0.000000
[e034 s0900/1030] loss = 0.000000
[e034 s0950/1030] loss = 0.000000
[e034 s1000/1030] loss = 0.000000
/app/apps/pytorch/2.6.0-py3-cu11.8/lib/python3.13/site-packages/torchvision/transforms/functional.py:154: UserWarning: The given NumPy array is not writable, and PyTorch does not support non-writable tensors. This means writing to this tensor will result in undefined behavior. You may want to copy the array to protect its data or make it writable before converting it to a tensor. This type of warning will be suppressed for the rest of this program. (Triggered internally at /pytorch/torch/csrc/utils/tensor_numpy.cpp:203.)
  img = torch.from_numpy(pic.transpose((2, 0, 1))).contiguous()
/app/apps/pytorch/2.6.0-py3-cu11.8/lib/python3.13/site-packages/torchvision/transforms/functional.py:154: UserWarning: The given NumPy array is not writable, and PyTorch does not support non-writable tensors. This means writing to this tensor will result in undefined behavior. You may want to copy the array to protect its data or make it writable before converting it to a tensor. This type of warning will be suppressed for the rest of this program. (Triggered internally at /pytorch/torch/csrc/utils/tensor_numpy.cpp:203.)
  img = torch.from_numpy(pic.transpose((2, 0, 1))).contiguous()
/app/apps/pytorch/2.6.0-py3-cu11.8/lib/python3.13/site-packages/torchvision/transforms/functional.py:154: UserWarning: The given NumPy array is not writable, and PyTorch does not support non-writable tensors. This means writing to this tensor will result in undefined behavior. You may want to copy the array to protect its data or make it writable before converting it to a tensor. This type of warning will be suppressed for the rest of this program. (Triggered internally at /pytorch/torch/csrc/utils/tensor_numpy.cpp:203.)
  img = torch.from_numpy(pic.transpose((2, 0, 1))).contiguous()
/app/apps/pytorch/2.6.0-py3-cu11.8/lib/python3.13/site-packages/torchvision/transforms/functional.py:154: UserWarning: The given NumPy array is not writable, and PyTorch does not support non-writable tensors. This means writing to this tensor will result in undefined behavior. You may want to copy the array to protect its data or make it writable before converting it to a tensor. This type of warning will be suppressed for the rest of this program. (Triggered internally at /pytorch/torch/csrc/utils/tensor_numpy.cpp:203.)
  img = torch.from_numpy(pic.transpose((2, 0, 1))).contiguous()
Epoch 034: train_loss = 0.000000  MAE/GAME0 = 0.000  RMSE = 0.000  GAME1 = 0.000  GAME2 = 0.000  GAME3 = 0.000  lr = 1.00e-05  time = 16.0s
/app/apps/pytorch/2.6.0-py3-cu11.8/lib/python3.13/site-packages/torchvision/transforms/functional.py:154: UserWarning: The given NumPy array is not writable, and PyTorch does not support non-writable tensors. This means writing to this tensor will result in undefined behavior. You may want to copy the array to protect its data or make it writable before converting it to a tensor. This type of warning will be suppressed for the rest of this program. (Triggered internally at /pytorch/torch/csrc/utils/tensor_numpy.cpp:203.)
  img = torch.from_numpy(pic.transpose((2, 0, 1))).contiguous()
/app/apps/pytorch/2.6.0-py3-cu11.8/lib/python3.13/site-packages/torchvision/transforms/functional.py:154: UserWarning: The given NumPy array is not writable, and PyTorch does not support non-writable tensors. This means writing to this tensor will result in undefined behavior. You may want to copy the array to protect its data or make it writable before converting it to a tensor. This type of warning will be suppressed for the rest of this program. (Triggered internally at /pytorch/torch/csrc/utils/tensor_numpy.cpp:203.)
  img = torch.from_numpy(pic.transpose((2, 0, 1))).contiguous()
/app/apps/pytorch/2.6.0-py3-cu11.8/lib/python3.13/site-packages/torchvision/transforms/functional.py:154: UserWarning: The given NumPy array is not writable, and PyTorch does not support non-writable tensors. This means writing to this tensor will result in undefined behavior. You may want to copy the array to protect its data or make it writable before converting it to a tensor. This type of warning will be suppressed for the rest of this program. (Triggered internally at /pytorch/torch/csrc/utils/tensor_numpy.cpp:203.)
  img = torch.from_numpy(pic.transpose((2, 0, 1))).contiguous()
[e035 s0001/1030] loss = 0.000000
/app/apps/pytorch/2.6.0-py3-cu11.8/lib/python3.13/site-packages/torchvision/transforms/functional.py:154: UserWarning: The given NumPy array is not writable, and PyTorch does not support non-writable tensors. This means writing to this tensor will result in undefined behavior. You may want to copy the array to protect its data or make it writable before converting it to a tensor. This type of warning will be suppressed for the rest of this program. (Triggered internally at /pytorch/torch/csrc/utils/tensor_numpy.cpp:203.)
  img = torch.from_numpy(pic.transpose((2, 0, 1))).contiguous()
[e035 s0050/1030] loss = 0.000000
[e035 s0100/1030] loss = 0.000000
[e035 s0150/1030] loss = 0.000000
[e035 s0200/1030] loss = 0.000000
[e035 s0250/1030] loss = 0.000000
[e035 s0300/1030] loss = 0.000000
[e035 s0350/1030] loss = 0.000000
[e035 s0400/1030] loss = 0.000000
[e035 s0450/1030] loss = 0.000000
[e035 s0500/1030] loss = 0.000000
[e035 s0550/1030] loss = 0.000000
[e035 s0600/1030] loss = 0.000000
[e035 s0650/1030] loss = 0.000000
[e035 s0700/1030] loss = 0.000000
[e035 s0750/1030] loss = 0.000000
[e035 s0800/1030] loss = 0.000000
[e035 s0850/1030] loss = 0.000000
[e035 s0900/1030] loss = 0.000000
[e035 s0950/1030] loss = 0.000000
[e035 s1000/1030] loss = 0.000000
/app/apps/pytorch/2.6.0-py3-cu11.8/lib/python3.13/site-packages/torchvision/transforms/functional.py:154: UserWarning: The given NumPy array is not writable, and PyTorch does not support non-writable tensors. This means writing to this tensor will result in undefined behavior. You may want to copy the array to protect its data or make it writable before converting it to a tensor. This type of warning will be suppressed for the rest of this program. (Triggered internally at /pytorch/torch/csrc/utils/tensor_numpy.cpp:203.)
  img = torch.from_numpy(pic.transpose((2, 0, 1))).contiguous()
/app/apps/pytorch/2.6.0-py3-cu11.8/lib/python3.13/site-packages/torchvision/transforms/functional.py:154: UserWarning: The given NumPy array is not writable, and PyTorch does not support non-writable tensors. This means writing to this tensor will result in undefined behavior. You may want to copy the array to protect its data or make it writable before converting it to a tensor. This type of warning will be suppressed for the rest of this program. (Triggered internally at /pytorch/torch/csrc/utils/tensor_numpy.cpp:203.)
  img = torch.from_numpy(pic.transpose((2, 0, 1))).contiguous()
/app/apps/pytorch/2.6.0-py3-cu11.8/lib/python3.13/site-packages/torchvision/transforms/functional.py:154: UserWarning: The given NumPy array is not writable, and PyTorch does not support non-writable tensors. This means writing to this tensor will result in undefined behavior. You may want to copy the array to protect its data or make it writable before converting it to a tensor. This type of warning will be suppressed for the rest of this program. (Triggered internally at /pytorch/torch/csrc/utils/tensor_numpy.cpp:203.)
  img = torch.from_numpy(pic.transpose((2, 0, 1))).contiguous()
/app/apps/pytorch/2.6.0-py3-cu11.8/lib/python3.13/site-packages/torchvision/transforms/functional.py:154: UserWarning: The given NumPy array is not writable, and PyTorch does not support non-writable tensors. This means writing to this tensor will result in undefined behavior. You may want to copy the array to protect its data or make it writable before converting it to a tensor. This type of warning will be suppressed for the rest of this program. (Triggered internally at /pytorch/torch/csrc/utils/tensor_numpy.cpp:203.)
  img = torch.from_numpy(pic.transpose((2, 0, 1))).contiguous()
Epoch 035: train_loss = 0.000000  MAE/GAME0 = 0.000  RMSE = 0.000  GAME1 = 0.000  GAME2 = 0.000  GAME3 = 0.000  lr = 1.00e-05  time = 15.9s
/app/apps/pytorch/2.6.0-py3-cu11.8/lib/python3.13/site-packages/torchvision/transforms/functional.py:154: UserWarning: The given NumPy array is not writable, and PyTorch does not support non-writable tensors. This means writing to this tensor will result in undefined behavior. You may want to copy the array to protect its data or make it writable before converting it to a tensor. This type of warning will be suppressed for the rest of this program. (Triggered internally at /pytorch/torch/csrc/utils/tensor_numpy.cpp:203.)
  img = torch.from_numpy(pic.transpose((2, 0, 1))).contiguous()
/app/apps/pytorch/2.6.0-py3-cu11.8/lib/python3.13/site-packages/torchvision/transforms/functional.py:154: UserWarning: The given NumPy array is not writable, and PyTorch does not support non-writable tensors. This means writing to this tensor will result in undefined behavior. You may want to copy the array to protect its data or make it writable before converting it to a tensor. This type of warning will be suppressed for the rest of this program. (Triggered internally at /pytorch/torch/csrc/utils/tensor_numpy.cpp:203.)
  img = torch.from_numpy(pic.transpose((2, 0, 1))).contiguous()
/app/apps/pytorch/2.6.0-py3-cu11.8/lib/python3.13/site-packages/torchvision/transforms/functional.py:154: UserWarning: The given NumPy array is not writable, and PyTorch does not support non-writable tensors. This means writing to this tensor will result in undefined behavior. You may want to copy the array to protect its data or make it writable before converting it to a tensor. This type of warning will be suppressed for the rest of this program. (Triggered internally at /pytorch/torch/csrc/utils/tensor_numpy.cpp:203.)
  img = torch.from_numpy(pic.transpose((2, 0, 1))).contiguous()
/app/apps/pytorch/2.6.0-py3-cu11.8/lib/python3.13/site-packages/torchvision/transforms/functional.py:154: UserWarning: The given NumPy array is not writable, and PyTorch does not support non-writable tensors. This means writing to this tensor will result in undefined behavior. You may want to copy the array to protect its data or make it writable before converting it to a tensor. This type of warning will be suppressed for the rest of this program. (Triggered internally at /pytorch/torch/csrc/utils/tensor_numpy.cpp:203.)
  img = torch.from_numpy(pic.transpose((2, 0, 1))).contiguous()
[e036 s0001/1030] loss = 0.000000
[e036 s0050/1030] loss = 0.000000
[e036 s0100/1030] loss = 0.000000
[e036 s0150/1030] loss = 0.000000
[e036 s0200/1030] loss = 0.000000
[e036 s0250/1030] loss = 0.000000
[e036 s0300/1030] loss = 0.000000
[e036 s0350/1030] loss = 0.000000
[e036 s0400/1030] loss = 0.000000
[e036 s0450/1030] loss = 0.000000
[e036 s0500/1030] loss = 0.000000
[e036 s0550/1030] loss = 0.000000
[e036 s0600/1030] loss = 0.000000
[e036 s0650/1030] loss = 0.000000
[e036 s0700/1030] loss = 0.000000
[e036 s0750/1030] loss = 0.000000
[e036 s0800/1030] loss = 0.000000
[e036 s0850/1030] loss = 0.000000
[e036 s0900/1030] loss = 0.000000
[e036 s0950/1030] loss = 0.000000
[e036 s1000/1030] loss = 0.000000
/app/apps/pytorch/2.6.0-py3-cu11.8/lib/python3.13/site-packages/torchvision/transforms/functional.py:154: UserWarning: The given NumPy array is not writable, and PyTorch does not support non-writable tensors. This means writing to this tensor will result in undefined behavior. You may want to copy the array to protect its data or make it writable before converting it to a tensor. This type of warning will be suppressed for the rest of this program. (Triggered internally at /pytorch/torch/csrc/utils/tensor_numpy.cpp:203.)
  img = torch.from_numpy(pic.transpose((2, 0, 1))).contiguous()
/app/apps/pytorch/2.6.0-py3-cu11.8/lib/python3.13/site-packages/torchvision/transforms/functional.py:154: UserWarning: The given NumPy array is not writable, and PyTorch does not support non-writable tensors. This means writing to this tensor will result in undefined behavior. You may want to copy the array to protect its data or make it writable before converting it to a tensor. This type of warning will be suppressed for the rest of this program. (Triggered internally at /pytorch/torch/csrc/utils/tensor_numpy.cpp:203.)
  img = torch.from_numpy(pic.transpose((2, 0, 1))).contiguous()
/app/apps/pytorch/2.6.0-py3-cu11.8/lib/python3.13/site-packages/torchvision/transforms/functional.py:154: UserWarning: The given NumPy array is not writable, and PyTorch does not support non-writable tensors. This means writing to this tensor will result in undefined behavior. You may want to copy the array to protect its data or make it writable before converting it to a tensor. This type of warning will be suppressed for the rest of this program. (Triggered internally at /pytorch/torch/csrc/utils/tensor_numpy.cpp:203.)
  img = torch.from_numpy(pic.transpose((2, 0, 1))).contiguous()
/app/apps/pytorch/2.6.0-py3-cu11.8/lib/python3.13/site-packages/torchvision/transforms/functional.py:154: UserWarning: The given NumPy array is not writable, and PyTorch does not support non-writable tensors. This means writing to this tensor will result in undefined behavior. You may want to copy the array to protect its data or make it writable before converting it to a tensor. This type of warning will be suppressed for the rest of this program. (Triggered internally at /pytorch/torch/csrc/utils/tensor_numpy.cpp:203.)
  img = torch.from_numpy(pic.transpose((2, 0, 1))).contiguous()
Epoch 036: train_loss = 0.000000  MAE/GAME0 = 0.000  RMSE = 0.000  GAME1 = 0.000  GAME2 = 0.000  GAME3 = 0.000  lr = 1.00e-05  time = 15.9s
/app/apps/pytorch/2.6.0-py3-cu11.8/lib/python3.13/site-packages/torchvision/transforms/functional.py:154: UserWarning: The given NumPy array is not writable, and PyTorch does not support non-writable tensors. This means writing to this tensor will result in undefined behavior. You may want to copy the array to protect its data or make it writable before converting it to a tensor. This type of warning will be suppressed for the rest of this program. (Triggered internally at /pytorch/torch/csrc/utils/tensor_numpy.cpp:203.)
  img = torch.from_numpy(pic.transpose((2, 0, 1))).contiguous()
/app/apps/pytorch/2.6.0-py3-cu11.8/lib/python3.13/site-packages/torchvision/transforms/functional.py:154: UserWarning: The given NumPy array is not writable, and PyTorch does not support non-writable tensors. This means writing to this tensor will result in undefined behavior. You may want to copy the array to protect its data or make it writable before converting it to a tensor. This type of warning will be suppressed for the rest of this program. (Triggered internally at /pytorch/torch/csrc/utils/tensor_numpy.cpp:203.)
  img = torch.from_numpy(pic.transpose((2, 0, 1))).contiguous()
/app/apps/pytorch/2.6.0-py3-cu11.8/lib/python3.13/site-packages/torchvision/transforms/functional.py:154: UserWarning: The given NumPy array is not writable, and PyTorch does not support non-writable tensors. This means writing to this tensor will result in undefined behavior. You may want to copy the array to protect its data or make it writable before converting it to a tensor. This type of warning will be suppressed for the rest of this program. (Triggered internally at /pytorch/torch/csrc/utils/tensor_numpy.cpp:203.)
  img = torch.from_numpy(pic.transpose((2, 0, 1))).contiguous()
[e037 s0001/1030] loss = 0.000000
/app/apps/pytorch/2.6.0-py3-cu11.8/lib/python3.13/site-packages/torchvision/transforms/functional.py:154: UserWarning: The given NumPy array is not writable, and PyTorch does not support non-writable tensors. This means writing to this tensor will result in undefined behavior. You may want to copy the array to protect its data or make it writable before converting it to a tensor. This type of warning will be suppressed for the rest of this program. (Triggered internally at /pytorch/torch/csrc/utils/tensor_numpy.cpp:203.)
  img = torch.from_numpy(pic.transpose((2, 0, 1))).contiguous()
[e037 s0050/1030] loss = 0.000000
[e037 s0100/1030] loss = 0.000000
[e037 s0150/1030] loss = 0.000000
[e037 s0200/1030] loss = 0.000000
[e037 s0250/1030] loss = 0.000000
[e037 s0300/1030] loss = 0.000000
[e037 s0350/1030] loss = 0.000000
[e037 s0400/1030] loss = 0.000000
[e037 s0450/1030] loss = 0.000000
[e037 s0500/1030] loss = 0.000000
[e037 s0550/1030] loss = 0.000000
[e037 s0600/1030] loss = 0.000000
[e037 s0650/1030] loss = 0.000000
[e037 s0700/1030] loss = 0.000000
[e037 s0750/1030] loss = 0.000000
[e037 s0800/1030] loss = 0.000000
[e037 s0850/1030] loss = 0.000000
[e037 s0900/1030] loss = 0.000000
[e037 s0950/1030] loss = 0.000000
[e037 s1000/1030] loss = 0.000000
/app/apps/pytorch/2.6.0-py3-cu11.8/lib/python3.13/site-packages/torchvision/transforms/functional.py:154: UserWarning: The given NumPy array is not writable, and PyTorch does not support non-writable tensors. This means writing to this tensor will result in undefined behavior. You may want to copy the array to protect its data or make it writable before converting it to a tensor. This type of warning will be suppressed for the rest of this program. (Triggered internally at /pytorch/torch/csrc/utils/tensor_numpy.cpp:203.)
  img = torch.from_numpy(pic.transpose((2, 0, 1))).contiguous()
/app/apps/pytorch/2.6.0-py3-cu11.8/lib/python3.13/site-packages/torchvision/transforms/functional.py:154: UserWarning: The given NumPy array is not writable, and PyTorch does not support non-writable tensors. This means writing to this tensor will result in undefined behavior. You may want to copy the array to protect its data or make it writable before converting it to a tensor. This type of warning will be suppressed for the rest of this program. (Triggered internally at /pytorch/torch/csrc/utils/tensor_numpy.cpp:203.)
  img = torch.from_numpy(pic.transpose((2, 0, 1))).contiguous()
/app/apps/pytorch/2.6.0-py3-cu11.8/lib/python3.13/site-packages/torchvision/transforms/functional.py:154: UserWarning: The given NumPy array is not writable, and PyTorch does not support non-writable tensors. This means writing to this tensor will result in undefined behavior. You may want to copy the array to protect its data or make it writable before converting it to a tensor. This type of warning will be suppressed for the rest of this program. (Triggered internally at /pytorch/torch/csrc/utils/tensor_numpy.cpp:203.)
  img = torch.from_numpy(pic.transpose((2, 0, 1))).contiguous()
/app/apps/pytorch/2.6.0-py3-cu11.8/lib/python3.13/site-packages/torchvision/transforms/functional.py:154: UserWarning: The given NumPy array is not writable, and PyTorch does not support non-writable tensors. This means writing to this tensor will result in undefined behavior. You may want to copy the array to protect its data or make it writable before converting it to a tensor. This type of warning will be suppressed for the rest of this program. (Triggered internally at /pytorch/torch/csrc/utils/tensor_numpy.cpp:203.)
  img = torch.from_numpy(pic.transpose((2, 0, 1))).contiguous()
Epoch 037: train_loss = 0.000000  MAE/GAME0 = 0.000  RMSE = 0.000  GAME1 = 0.000  GAME2 = 0.000  GAME3 = 0.000  lr = 1.00e-05  time = 15.9s
/app/apps/pytorch/2.6.0-py3-cu11.8/lib/python3.13/site-packages/torchvision/transforms/functional.py:154: UserWarning: The given NumPy array is not writable, and PyTorch does not support non-writable tensors. This means writing to this tensor will result in undefined behavior. You may want to copy the array to protect its data or make it writable before converting it to a tensor. This type of warning will be suppressed for the rest of this program. (Triggered internally at /pytorch/torch/csrc/utils/tensor_numpy.cpp:203.)
  img = torch.from_numpy(pic.transpose((2, 0, 1))).contiguous()
/app/apps/pytorch/2.6.0-py3-cu11.8/lib/python3.13/site-packages/torchvision/transforms/functional.py:154: UserWarning: The given NumPy array is not writable, and PyTorch does not support non-writable tensors. This means writing to this tensor will result in undefined behavior. You may want to copy the array to protect its data or make it writable before converting it to a tensor. This type of warning will be suppressed for the rest of this program. (Triggered internally at /pytorch/torch/csrc/utils/tensor_numpy.cpp:203.)
  img = torch.from_numpy(pic.transpose((2, 0, 1))).contiguous()
/app/apps/pytorch/2.6.0-py3-cu11.8/lib/python3.13/site-packages/torchvision/transforms/functional.py:154: UserWarning: The given NumPy array is not writable, and PyTorch does not support non-writable tensors. This means writing to this tensor will result in undefined behavior. You may want to copy the array to protect its data or make it writable before converting it to a tensor. This type of warning will be suppressed for the rest of this program. (Triggered internally at /pytorch/torch/csrc/utils/tensor_numpy.cpp:203.)
  img = torch.from_numpy(pic.transpose((2, 0, 1))).contiguous()
/app/apps/pytorch/2.6.0-py3-cu11.8/lib/python3.13/site-packages/torchvision/transforms/functional.py:154: UserWarning: The given NumPy array is not writable, and PyTorch does not support non-writable tensors. This means writing to this tensor will result in undefined behavior. You may want to copy the array to protect its data or make it writable before converting it to a tensor. This type of warning will be suppressed for the rest of this program. (Triggered internally at /pytorch/torch/csrc/utils/tensor_numpy.cpp:203.)
  img = torch.from_numpy(pic.transpose((2, 0, 1))).contiguous()
[e038 s0001/1030] loss = 0.000000
[e038 s0050/1030] loss = 0.000000
[e038 s0100/1030] loss = 0.000000
[e038 s0150/1030] loss = 0.000000
[e038 s0200/1030] loss = 0.000000
[e038 s0250/1030] loss = 0.000000
[e038 s0300/1030] loss = 0.000000
[e038 s0350/1030] loss = 0.000000
[e038 s0400/1030] loss = 0.000000
[e038 s0450/1030] loss = 0.000000
[e038 s0500/1030] loss = 0.000000
[e038 s0550/1030] loss = 0.000000
[e038 s0600/1030] loss = 0.000000
[e038 s0650/1030] loss = 0.000000
[e038 s0700/1030] loss = 0.000000
[e038 s0750/1030] loss = 0.000000
[e038 s0800/1030] loss = 0.000000
[e038 s0850/1030] loss = 0.000000
[e038 s0900/1030] loss = 0.000000
[e038 s0950/1030] loss = 0.000000
[e038 s1000/1030] loss = 0.000000
/app/apps/pytorch/2.6.0-py3-cu11.8/lib/python3.13/site-packages/torchvision/transforms/functional.py:154: UserWarning: The given NumPy array is not writable, and PyTorch does not support non-writable tensors. This means writing to this tensor will result in undefined behavior. You may want to copy the array to protect its data or make it writable before converting it to a tensor. This type of warning will be suppressed for the rest of this program. (Triggered internally at /pytorch/torch/csrc/utils/tensor_numpy.cpp:203.)
  img = torch.from_numpy(pic.transpose((2, 0, 1))).contiguous()
/app/apps/pytorch/2.6.0-py3-cu11.8/lib/python3.13/site-packages/torchvision/transforms/functional.py:154: UserWarning: The given NumPy array is not writable, and PyTorch does not support non-writable tensors. This means writing to this tensor will result in undefined behavior. You may want to copy the array to protect its data or make it writable before converting it to a tensor. This type of warning will be suppressed for the rest of this program. (Triggered internally at /pytorch/torch/csrc/utils/tensor_numpy.cpp:203.)
  img = torch.from_numpy(pic.transpose((2, 0, 1))).contiguous()
/app/apps/pytorch/2.6.0-py3-cu11.8/lib/python3.13/site-packages/torchvision/transforms/functional.py:154: UserWarning: The given NumPy array is not writable, and PyTorch does not support non-writable tensors. This means writing to this tensor will result in undefined behavior. You may want to copy the array to protect its data or make it writable before converting it to a tensor. This type of warning will be suppressed for the rest of this program. (Triggered internally at /pytorch/torch/csrc/utils/tensor_numpy.cpp:203.)
  img = torch.from_numpy(pic.transpose((2, 0, 1))).contiguous()
/app/apps/pytorch/2.6.0-py3-cu11.8/lib/python3.13/site-packages/torchvision/transforms/functional.py:154: UserWarning: The given NumPy array is not writable, and PyTorch does not support non-writable tensors. This means writing to this tensor will result in undefined behavior. You may want to copy the array to protect its data or make it writable before converting it to a tensor. This type of warning will be suppressed for the rest of this program. (Triggered internally at /pytorch/torch/csrc/utils/tensor_numpy.cpp:203.)
  img = torch.from_numpy(pic.transpose((2, 0, 1))).contiguous()
Epoch 038: train_loss = 0.000000  MAE/GAME0 = 0.000  RMSE = 0.000  GAME1 = 0.000  GAME2 = 0.000  GAME3 = 0.000  lr = 1.00e-05  time = 15.9s
/app/apps/pytorch/2.6.0-py3-cu11.8/lib/python3.13/site-packages/torchvision/transforms/functional.py:154: UserWarning: The given NumPy array is not writable, and PyTorch does not support non-writable tensors. This means writing to this tensor will result in undefined behavior. You may want to copy the array to protect its data or make it writable before converting it to a tensor. This type of warning will be suppressed for the rest of this program. (Triggered internally at /pytorch/torch/csrc/utils/tensor_numpy.cpp:203.)
  img = torch.from_numpy(pic.transpose((2, 0, 1))).contiguous()
/app/apps/pytorch/2.6.0-py3-cu11.8/lib/python3.13/site-packages/torchvision/transforms/functional.py:154: UserWarning: The given NumPy array is not writable, and PyTorch does not support non-writable tensors. This means writing to this tensor will result in undefined behavior. You may want to copy the array to protect its data or make it writable before converting it to a tensor. This type of warning will be suppressed for the rest of this program. (Triggered internally at /pytorch/torch/csrc/utils/tensor_numpy.cpp:203.)
  img = torch.from_numpy(pic.transpose((2, 0, 1))).contiguous()
[e039 s0001/1030] loss = 0.000000
/app/apps/pytorch/2.6.0-py3-cu11.8/lib/python3.13/site-packages/torchvision/transforms/functional.py:154: UserWarning: The given NumPy array is not writable, and PyTorch does not support non-writable tensors. This means writing to this tensor will result in undefined behavior. You may want to copy the array to protect its data or make it writable before converting it to a tensor. This type of warning will be suppressed for the rest of this program. (Triggered internally at /pytorch/torch/csrc/utils/tensor_numpy.cpp:203.)
  img = torch.from_numpy(pic.transpose((2, 0, 1))).contiguous()
/app/apps/pytorch/2.6.0-py3-cu11.8/lib/python3.13/site-packages/torchvision/transforms/functional.py:154: UserWarning: The given NumPy array is not writable, and PyTorch does not support non-writable tensors. This means writing to this tensor will result in undefined behavior. You may want to copy the array to protect its data or make it writable before converting it to a tensor. This type of warning will be suppressed for the rest of this program. (Triggered internally at /pytorch/torch/csrc/utils/tensor_numpy.cpp:203.)
  img = torch.from_numpy(pic.transpose((2, 0, 1))).contiguous()
[e039 s0050/1030] loss = 0.000000
[e039 s0100/1030] loss = 0.000000
[e039 s0150/1030] loss = 0.000000
[e039 s0200/1030] loss = 0.000000
[e039 s0250/1030] loss = 0.000000
[e039 s0300/1030] loss = 0.000000
[e039 s0350/1030] loss = 0.000000
[e039 s0400/1030] loss = 0.000000
[e039 s0450/1030] loss = 0.000000
[e039 s0500/1030] loss = 0.000000
[e039 s0550/1030] loss = 0.000000
[e039 s0600/1030] loss = 0.000000
[e039 s0650/1030] loss = 0.000000
[e039 s0700/1030] loss = 0.000000
[e039 s0750/1030] loss = 0.000000
[e039 s0800/1030] loss = 0.000000
[e039 s0850/1030] loss = 0.000000
[e039 s0900/1030] loss = 0.000000
[e039 s0950/1030] loss = 0.000000
[e039 s1000/1030] loss = 0.000000
/app/apps/pytorch/2.6.0-py3-cu11.8/lib/python3.13/site-packages/torchvision/transforms/functional.py:154: UserWarning: The given NumPy array is not writable, and PyTorch does not support non-writable tensors. This means writing to this tensor will result in undefined behavior. You may want to copy the array to protect its data or make it writable before converting it to a tensor. This type of warning will be suppressed for the rest of this program. (Triggered internally at /pytorch/torch/csrc/utils/tensor_numpy.cpp:203.)
  img = torch.from_numpy(pic.transpose((2, 0, 1))).contiguous()
/app/apps/pytorch/2.6.0-py3-cu11.8/lib/python3.13/site-packages/torchvision/transforms/functional.py:154: UserWarning: The given NumPy array is not writable, and PyTorch does not support non-writable tensors. This means writing to this tensor will result in undefined behavior. You may want to copy the array to protect its data or make it writable before converting it to a tensor. This type of warning will be suppressed for the rest of this program. (Triggered internally at /pytorch/torch/csrc/utils/tensor_numpy.cpp:203.)
  img = torch.from_numpy(pic.transpose((2, 0, 1))).contiguous()
/app/apps/pytorch/2.6.0-py3-cu11.8/lib/python3.13/site-packages/torchvision/transforms/functional.py:154: UserWarning: The given NumPy array is not writable, and PyTorch does not support non-writable tensors. This means writing to this tensor will result in undefined behavior. You may want to copy the array to protect its data or make it writable before converting it to a tensor. This type of warning will be suppressed for the rest of this program. (Triggered internally at /pytorch/torch/csrc/utils/tensor_numpy.cpp:203.)
  img = torch.from_numpy(pic.transpose((2, 0, 1))).contiguous()
/app/apps/pytorch/2.6.0-py3-cu11.8/lib/python3.13/site-packages/torchvision/transforms/functional.py:154: UserWarning: The given NumPy array is not writable, and PyTorch does not support non-writable tensors. This means writing to this tensor will result in undefined behavior. You may want to copy the array to protect its data or make it writable before converting it to a tensor. This type of warning will be suppressed for the rest of this program. (Triggered internally at /pytorch/torch/csrc/utils/tensor_numpy.cpp:203.)
  img = torch.from_numpy(pic.transpose((2, 0, 1))).contiguous()
Epoch 039: train_loss = 0.000000  MAE/GAME0 = 0.000  RMSE = 0.000  GAME1 = 0.000  GAME2 = 0.000  GAME3 = 0.000  lr = 1.00e-05  time = 16.2s
/app/apps/pytorch/2.6.0-py3-cu11.8/lib/python3.13/site-packages/torchvision/transforms/functional.py:154: UserWarning: The given NumPy array is not writable, and PyTorch does not support non-writable tensors. This means writing to this tensor will result in undefined behavior. You may want to copy the array to protect its data or make it writable before converting it to a tensor. This type of warning will be suppressed for the rest of this program. (Triggered internally at /pytorch/torch/csrc/utils/tensor_numpy.cpp:203.)
  img = torch.from_numpy(pic.transpose((2, 0, 1))).contiguous()
/app/apps/pytorch/2.6.0-py3-cu11.8/lib/python3.13/site-packages/torchvision/transforms/functional.py:154: UserWarning: The given NumPy array is not writable, and PyTorch does not support non-writable tensors. This means writing to this tensor will result in undefined behavior. You may want to copy the array to protect its data or make it writable before converting it to a tensor. This type of warning will be suppressed for the rest of this program. (Triggered internally at /pytorch/torch/csrc/utils/tensor_numpy.cpp:203.)
  img = torch.from_numpy(pic.transpose((2, 0, 1))).contiguous()
/app/apps/pytorch/2.6.0-py3-cu11.8/lib/python3.13/site-packages/torchvision/transforms/functional.py:154: UserWarning: The given NumPy array is not writable, and PyTorch does not support non-writable tensors. This means writing to this tensor will result in undefined behavior. You may want to copy the array to protect its data or make it writable before converting it to a tensor. This type of warning will be suppressed for the rest of this program. (Triggered internally at /pytorch/torch/csrc/utils/tensor_numpy.cpp:203.)
  img = torch.from_numpy(pic.transpose((2, 0, 1))).contiguous()
[e040 s0001/1030] loss = 0.000000
/app/apps/pytorch/2.6.0-py3-cu11.8/lib/python3.13/site-packages/torchvision/transforms/functional.py:154: UserWarning: The given NumPy array is not writable, and PyTorch does not support non-writable tensors. This means writing to this tensor will result in undefined behavior. You may want to copy the array to protect its data or make it writable before converting it to a tensor. This type of warning will be suppressed for the rest of this program. (Triggered internally at /pytorch/torch/csrc/utils/tensor_numpy.cpp:203.)
  img = torch.from_numpy(pic.transpose((2, 0, 1))).contiguous()
[e040 s0050/1030] loss = 0.000000
[e040 s0100/1030] loss = 0.000000
[e040 s0150/1030] loss = 0.000000
[e040 s0200/1030] loss = 0.000000
[e040 s0250/1030] loss = 0.000000
[e040 s0300/1030] loss = 0.000000
[e040 s0350/1030] loss = 0.000000
[e040 s0400/1030] loss = 0.000000
[e040 s0450/1030] loss = 0.000000
[e040 s0500/1030] loss = 0.000000
[e040 s0550/1030] loss = 0.000000
[e040 s0600/1030] loss = 0.000000
[e040 s0650/1030] loss = 0.000000
[e040 s0700/1030] loss = 0.000000
[e040 s0750/1030] loss = 0.000000
[e040 s0800/1030] loss = 0.000000
[e040 s0850/1030] loss = 0.000000
[e040 s0900/1030] loss = 0.000000
[e040 s0950/1030] loss = 0.000000
[e040 s1000/1030] loss = 0.000000
/app/apps/pytorch/2.6.0-py3-cu11.8/lib/python3.13/site-packages/torchvision/transforms/functional.py:154: UserWarning: The given NumPy array is not writable, and PyTorch does not support non-writable tensors. This means writing to this tensor will result in undefined behavior. You may want to copy the array to protect its data or make it writable before converting it to a tensor. This type of warning will be suppressed for the rest of this program. (Triggered internally at /pytorch/torch/csrc/utils/tensor_numpy.cpp:203.)
  img = torch.from_numpy(pic.transpose((2, 0, 1))).contiguous()
/app/apps/pytorch/2.6.0-py3-cu11.8/lib/python3.13/site-packages/torchvision/transforms/functional.py:154: UserWarning: The given NumPy array is not writable, and PyTorch does not support non-writable tensors. This means writing to this tensor will result in undefined behavior. You may want to copy the array to protect its data or make it writable before converting it to a tensor. This type of warning will be suppressed for the rest of this program. (Triggered internally at /pytorch/torch/csrc/utils/tensor_numpy.cpp:203.)
  img = torch.from_numpy(pic.transpose((2, 0, 1))).contiguous()
/app/apps/pytorch/2.6.0-py3-cu11.8/lib/python3.13/site-packages/torchvision/transforms/functional.py:154: UserWarning: The given NumPy array is not writable, and PyTorch does not support non-writable tensors. This means writing to this tensor will result in undefined behavior. You may want to copy the array to protect its data or make it writable before converting it to a tensor. This type of warning will be suppressed for the rest of this program. (Triggered internally at /pytorch/torch/csrc/utils/tensor_numpy.cpp:203.)
  img = torch.from_numpy(pic.transpose((2, 0, 1))).contiguous()
/app/apps/pytorch/2.6.0-py3-cu11.8/lib/python3.13/site-packages/torchvision/transforms/functional.py:154: UserWarning: The given NumPy array is not writable, and PyTorch does not support non-writable tensors. This means writing to this tensor will result in undefined behavior. You may want to copy the array to protect its data or make it writable before converting it to a tensor. This type of warning will be suppressed for the rest of this program. (Triggered internally at /pytorch/torch/csrc/utils/tensor_numpy.cpp:203.)
  img = torch.from_numpy(pic.transpose((2, 0, 1))).contiguous()
Epoch 040: train_loss = 0.000000  MAE/GAME0 = 0.000  RMSE = 0.000  GAME1 = 0.000  GAME2 = 0.000  GAME3 = 0.000  lr = 1.00e-05  time = 16.2s
/app/apps/pytorch/2.6.0-py3-cu11.8/lib/python3.13/site-packages/torchvision/transforms/functional.py:154: UserWarning: The given NumPy array is not writable, and PyTorch does not support non-writable tensors. This means writing to this tensor will result in undefined behavior. You may want to copy the array to protect its data or make it writable before converting it to a tensor. This type of warning will be suppressed for the rest of this program. (Triggered internally at /pytorch/torch/csrc/utils/tensor_numpy.cpp:203.)
  img = torch.from_numpy(pic.transpose((2, 0, 1))).contiguous()
/app/apps/pytorch/2.6.0-py3-cu11.8/lib/python3.13/site-packages/torchvision/transforms/functional.py:154: UserWarning: The given NumPy array is not writable, and PyTorch does not support non-writable tensors. This means writing to this tensor will result in undefined behavior. You may want to copy the array to protect its data or make it writable before converting it to a tensor. This type of warning will be suppressed for the rest of this program. (Triggered internally at /pytorch/torch/csrc/utils/tensor_numpy.cpp:203.)
  img = torch.from_numpy(pic.transpose((2, 0, 1))).contiguous()
/app/apps/pytorch/2.6.0-py3-cu11.8/lib/python3.13/site-packages/torchvision/transforms/functional.py:154: UserWarning: The given NumPy array is not writable, and PyTorch does not support non-writable tensors. This means writing to this tensor will result in undefined behavior. You may want to copy the array to protect its data or make it writable before converting it to a tensor. This type of warning will be suppressed for the rest of this program. (Triggered internally at /pytorch/torch/csrc/utils/tensor_numpy.cpp:203.)
  img = torch.from_numpy(pic.transpose((2, 0, 1))).contiguous()
[e041 s0001/1030] loss = 0.000000
/app/apps/pytorch/2.6.0-py3-cu11.8/lib/python3.13/site-packages/torchvision/transforms/functional.py:154: UserWarning: The given NumPy array is not writable, and PyTorch does not support non-writable tensors. This means writing to this tensor will result in undefined behavior. You may want to copy the array to protect its data or make it writable before converting it to a tensor. This type of warning will be suppressed for the rest of this program. (Triggered internally at /pytorch/torch/csrc/utils/tensor_numpy.cpp:203.)
  img = torch.from_numpy(pic.transpose((2, 0, 1))).contiguous()
[e041 s0050/1030] loss = 0.000000
[e041 s0100/1030] loss = 0.000000
[e041 s0150/1030] loss = 0.000000
[e041 s0200/1030] loss = 0.000000
[e041 s0250/1030] loss = 0.000000
[e041 s0300/1030] loss = 0.000000
[e041 s0350/1030] loss = 0.000000
[e041 s0400/1030] loss = 0.000000
[e041 s0450/1030] loss = 0.000000
[e041 s0500/1030] loss = 0.000000
[e041 s0550/1030] loss = 0.000000
[e041 s0600/1030] loss = 0.000000
[e041 s0650/1030] loss = 0.000000
[e041 s0700/1030] loss = 0.000000
[e041 s0750/1030] loss = 0.000000
[e041 s0800/1030] loss = 0.000000
[e041 s0850/1030] loss = 0.000000
[e041 s0900/1030] loss = 0.000000
[e041 s0950/1030] loss = 0.000000
[e041 s1000/1030] loss = 0.000000
/app/apps/pytorch/2.6.0-py3-cu11.8/lib/python3.13/site-packages/torchvision/transforms/functional.py:154: UserWarning: The given NumPy array is not writable, and PyTorch does not support non-writable tensors. This means writing to this tensor will result in undefined behavior. You may want to copy the array to protect its data or make it writable before converting it to a tensor. This type of warning will be suppressed for the rest of this program. (Triggered internally at /pytorch/torch/csrc/utils/tensor_numpy.cpp:203.)
  img = torch.from_numpy(pic.transpose((2, 0, 1))).contiguous()
/app/apps/pytorch/2.6.0-py3-cu11.8/lib/python3.13/site-packages/torchvision/transforms/functional.py:154: UserWarning: The given NumPy array is not writable, and PyTorch does not support non-writable tensors. This means writing to this tensor will result in undefined behavior. You may want to copy the array to protect its data or make it writable before converting it to a tensor. This type of warning will be suppressed for the rest of this program. (Triggered internally at /pytorch/torch/csrc/utils/tensor_numpy.cpp:203.)
  img = torch.from_numpy(pic.transpose((2, 0, 1))).contiguous()
/app/apps/pytorch/2.6.0-py3-cu11.8/lib/python3.13/site-packages/torchvision/transforms/functional.py:154: UserWarning: The given NumPy array is not writable, and PyTorch does not support non-writable tensors. This means writing to this tensor will result in undefined behavior. You may want to copy the array to protect its data or make it writable before converting it to a tensor. This type of warning will be suppressed for the rest of this program. (Triggered internally at /pytorch/torch/csrc/utils/tensor_numpy.cpp:203.)
  img = torch.from_numpy(pic.transpose((2, 0, 1))).contiguous()
/app/apps/pytorch/2.6.0-py3-cu11.8/lib/python3.13/site-packages/torchvision/transforms/functional.py:154: UserWarning: The given NumPy array is not writable, and PyTorch does not support non-writable tensors. This means writing to this tensor will result in undefined behavior. You may want to copy the array to protect its data or make it writable before converting it to a tensor. This type of warning will be suppressed for the rest of this program. (Triggered internally at /pytorch/torch/csrc/utils/tensor_numpy.cpp:203.)
  img = torch.from_numpy(pic.transpose((2, 0, 1))).contiguous()
Epoch 041: train_loss = 0.000000  MAE/GAME0 = 0.000  RMSE = 0.000  GAME1 = 0.000  GAME2 = 0.000  GAME3 = 0.000  lr = 1.00e-05  time = 16.1s
/app/apps/pytorch/2.6.0-py3-cu11.8/lib/python3.13/site-packages/torchvision/transforms/functional.py:154: UserWarning: The given NumPy array is not writable, and PyTorch does not support non-writable tensors. This means writing to this tensor will result in undefined behavior. You may want to copy the array to protect its data or make it writable before converting it to a tensor. This type of warning will be suppressed for the rest of this program. (Triggered internally at /pytorch/torch/csrc/utils/tensor_numpy.cpp:203.)
  img = torch.from_numpy(pic.transpose((2, 0, 1))).contiguous()
/app/apps/pytorch/2.6.0-py3-cu11.8/lib/python3.13/site-packages/torchvision/transforms/functional.py:154: UserWarning: The given NumPy array is not writable, and PyTorch does not support non-writable tensors. This means writing to this tensor will result in undefined behavior. You may want to copy the array to protect its data or make it writable before converting it to a tensor. This type of warning will be suppressed for the rest of this program. (Triggered internally at /pytorch/torch/csrc/utils/tensor_numpy.cpp:203.)
  img = torch.from_numpy(pic.transpose((2, 0, 1))).contiguous()
/app/apps/pytorch/2.6.0-py3-cu11.8/lib/python3.13/site-packages/torchvision/transforms/functional.py:154: UserWarning: The given NumPy array is not writable, and PyTorch does not support non-writable tensors. This means writing to this tensor will result in undefined behavior. You may want to copy the array to protect its data or make it writable before converting it to a tensor. This type of warning will be suppressed for the rest of this program. (Triggered internally at /pytorch/torch/csrc/utils/tensor_numpy.cpp:203.)
  img = torch.from_numpy(pic.transpose((2, 0, 1))).contiguous()
[e042 s0001/1030] loss = 0.000000
/app/apps/pytorch/2.6.0-py3-cu11.8/lib/python3.13/site-packages/torchvision/transforms/functional.py:154: UserWarning: The given NumPy array is not writable, and PyTorch does not support non-writable tensors. This means writing to this tensor will result in undefined behavior. You may want to copy the array to protect its data or make it writable before converting it to a tensor. This type of warning will be suppressed for the rest of this program. (Triggered internally at /pytorch/torch/csrc/utils/tensor_numpy.cpp:203.)
  img = torch.from_numpy(pic.transpose((2, 0, 1))).contiguous()
[e042 s0050/1030] loss = 0.000000
[e042 s0100/1030] loss = 0.000000
[e042 s0150/1030] loss = 0.000000
[e042 s0200/1030] loss = 0.000000
[e042 s0250/1030] loss = 0.000000
[e042 s0300/1030] loss = 0.000000
[e042 s0350/1030] loss = 0.000000
[e042 s0400/1030] loss = 0.000000
[e042 s0450/1030] loss = 0.000000
[e042 s0500/1030] loss = 0.000000
[e042 s0550/1030] loss = 0.000000
[e042 s0600/1030] loss = 0.000000
[e042 s0650/1030] loss = 0.000000
[e042 s0700/1030] loss = 0.000000
[e042 s0750/1030] loss = 0.000000
[e042 s0800/1030] loss = 0.000000
[e042 s0850/1030] loss = 0.000000
[e042 s0900/1030] loss = 0.000000
[e042 s0950/1030] loss = 0.000000
[e042 s1000/1030] loss = 0.000000
/app/apps/pytorch/2.6.0-py3-cu11.8/lib/python3.13/site-packages/torchvision/transforms/functional.py:154: UserWarning: The given NumPy array is not writable, and PyTorch does not support non-writable tensors. This means writing to this tensor will result in undefined behavior. You may want to copy the array to protect its data or make it writable before converting it to a tensor. This type of warning will be suppressed for the rest of this program. (Triggered internally at /pytorch/torch/csrc/utils/tensor_numpy.cpp:203.)
  img = torch.from_numpy(pic.transpose((2, 0, 1))).contiguous()
/app/apps/pytorch/2.6.0-py3-cu11.8/lib/python3.13/site-packages/torchvision/transforms/functional.py:154: UserWarning: The given NumPy array is not writable, and PyTorch does not support non-writable tensors. This means writing to this tensor will result in undefined behavior. You may want to copy the array to protect its data or make it writable before converting it to a tensor. This type of warning will be suppressed for the rest of this program. (Triggered internally at /pytorch/torch/csrc/utils/tensor_numpy.cpp:203.)
  img = torch.from_numpy(pic.transpose((2, 0, 1))).contiguous()
/app/apps/pytorch/2.6.0-py3-cu11.8/lib/python3.13/site-packages/torchvision/transforms/functional.py:154: UserWarning: The given NumPy array is not writable, and PyTorch does not support non-writable tensors. This means writing to this tensor will result in undefined behavior. You may want to copy the array to protect its data or make it writable before converting it to a tensor. This type of warning will be suppressed for the rest of this program. (Triggered internally at /pytorch/torch/csrc/utils/tensor_numpy.cpp:203.)
  img = torch.from_numpy(pic.transpose((2, 0, 1))).contiguous()
/app/apps/pytorch/2.6.0-py3-cu11.8/lib/python3.13/site-packages/torchvision/transforms/functional.py:154: UserWarning: The given NumPy array is not writable, and PyTorch does not support non-writable tensors. This means writing to this tensor will result in undefined behavior. You may want to copy the array to protect its data or make it writable before converting it to a tensor. This type of warning will be suppressed for the rest of this program. (Triggered internally at /pytorch/torch/csrc/utils/tensor_numpy.cpp:203.)
  img = torch.from_numpy(pic.transpose((2, 0, 1))).contiguous()
Epoch 042: train_loss = 0.000000  MAE/GAME0 = 0.000  RMSE = 0.000  GAME1 = 0.000  GAME2 = 0.000  GAME3 = 0.000  lr = 1.00e-05  time = 15.9s
/app/apps/pytorch/2.6.0-py3-cu11.8/lib/python3.13/site-packages/torchvision/transforms/functional.py:154: UserWarning: The given NumPy array is not writable, and PyTorch does not support non-writable tensors. This means writing to this tensor will result in undefined behavior. You may want to copy the array to protect its data or make it writable before converting it to a tensor. This type of warning will be suppressed for the rest of this program. (Triggered internally at /pytorch/torch/csrc/utils/tensor_numpy.cpp:203.)
  img = torch.from_numpy(pic.transpose((2, 0, 1))).contiguous()
/app/apps/pytorch/2.6.0-py3-cu11.8/lib/python3.13/site-packages/torchvision/transforms/functional.py:154: UserWarning: The given NumPy array is not writable, and PyTorch does not support non-writable tensors. This means writing to this tensor will result in undefined behavior. You may want to copy the array to protect its data or make it writable before converting it to a tensor. This type of warning will be suppressed for the rest of this program. (Triggered internally at /pytorch/torch/csrc/utils/tensor_numpy.cpp:203.)
  img = torch.from_numpy(pic.transpose((2, 0, 1))).contiguous()
/app/apps/pytorch/2.6.0-py3-cu11.8/lib/python3.13/site-packages/torchvision/transforms/functional.py:154: UserWarning: The given NumPy array is not writable, and PyTorch does not support non-writable tensors. This means writing to this tensor will result in undefined behavior. You may want to copy the array to protect its data or make it writable before converting it to a tensor. This type of warning will be suppressed for the rest of this program. (Triggered internally at /pytorch/torch/csrc/utils/tensor_numpy.cpp:203.)
  img = torch.from_numpy(pic.transpose((2, 0, 1))).contiguous()
[e043 s0001/1030] loss = 0.000000
/app/apps/pytorch/2.6.0-py3-cu11.8/lib/python3.13/site-packages/torchvision/transforms/functional.py:154: UserWarning: The given NumPy array is not writable, and PyTorch does not support non-writable tensors. This means writing to this tensor will result in undefined behavior. You may want to copy the array to protect its data or make it writable before converting it to a tensor. This type of warning will be suppressed for the rest of this program. (Triggered internally at /pytorch/torch/csrc/utils/tensor_numpy.cpp:203.)
  img = torch.from_numpy(pic.transpose((2, 0, 1))).contiguous()
[e043 s0050/1030] loss = 0.000000
[e043 s0100/1030] loss = 0.000000
[e043 s0150/1030] loss = 0.000000
[e043 s0200/1030] loss = 0.000000
[e043 s0250/1030] loss = 0.000000
[e043 s0300/1030] loss = 0.000000
[e043 s0350/1030] loss = 0.000000
[e043 s0400/1030] loss = 0.000000
[e043 s0450/1030] loss = 0.000000
[e043 s0500/1030] loss = 0.000000
[e043 s0550/1030] loss = 0.000000
[e043 s0600/1030] loss = 0.000000
[e043 s0650/1030] loss = 0.000000
[e043 s0700/1030] loss = 0.000000
[e043 s0750/1030] loss = 0.000000
[e043 s0800/1030] loss = 0.000000
[e043 s0850/1030] loss = 0.000000
[e043 s0900/1030] loss = 0.000000
[e043 s0950/1030] loss = 0.000000
[e043 s1000/1030] loss = 0.000000
/app/apps/pytorch/2.6.0-py3-cu11.8/lib/python3.13/site-packages/torchvision/transforms/functional.py:154: UserWarning: The given NumPy array is not writable, and PyTorch does not support non-writable tensors. This means writing to this tensor will result in undefined behavior. You may want to copy the array to protect its data or make it writable before converting it to a tensor. This type of warning will be suppressed for the rest of this program. (Triggered internally at /pytorch/torch/csrc/utils/tensor_numpy.cpp:203.)
  img = torch.from_numpy(pic.transpose((2, 0, 1))).contiguous()
/app/apps/pytorch/2.6.0-py3-cu11.8/lib/python3.13/site-packages/torchvision/transforms/functional.py:154: UserWarning: The given NumPy array is not writable, and PyTorch does not support non-writable tensors. This means writing to this tensor will result in undefined behavior. You may want to copy the array to protect its data or make it writable before converting it to a tensor. This type of warning will be suppressed for the rest of this program. (Triggered internally at /pytorch/torch/csrc/utils/tensor_numpy.cpp:203.)
  img = torch.from_numpy(pic.transpose((2, 0, 1))).contiguous()
/app/apps/pytorch/2.6.0-py3-cu11.8/lib/python3.13/site-packages/torchvision/transforms/functional.py:154: UserWarning: The given NumPy array is not writable, and PyTorch does not support non-writable tensors. This means writing to this tensor will result in undefined behavior. You may want to copy the array to protect its data or make it writable before converting it to a tensor. This type of warning will be suppressed for the rest of this program. (Triggered internally at /pytorch/torch/csrc/utils/tensor_numpy.cpp:203.)
  img = torch.from_numpy(pic.transpose((2, 0, 1))).contiguous()
/app/apps/pytorch/2.6.0-py3-cu11.8/lib/python3.13/site-packages/torchvision/transforms/functional.py:154: UserWarning: The given NumPy array is not writable, and PyTorch does not support non-writable tensors. This means writing to this tensor will result in undefined behavior. You may want to copy the array to protect its data or make it writable before converting it to a tensor. This type of warning will be suppressed for the rest of this program. (Triggered internally at /pytorch/torch/csrc/utils/tensor_numpy.cpp:203.)
  img = torch.from_numpy(pic.transpose((2, 0, 1))).contiguous()
Epoch 043: train_loss = 0.000000  MAE/GAME0 = 0.000  RMSE = 0.000  GAME1 = 0.000  GAME2 = 0.000  GAME3 = 0.000  lr = 1.00e-05  time = 16.1s
/app/apps/pytorch/2.6.0-py3-cu11.8/lib/python3.13/site-packages/torchvision/transforms/functional.py:154: UserWarning: The given NumPy array is not writable, and PyTorch does not support non-writable tensors. This means writing to this tensor will result in undefined behavior. You may want to copy the array to protect its data or make it writable before converting it to a tensor. This type of warning will be suppressed for the rest of this program. (Triggered internally at /pytorch/torch/csrc/utils/tensor_numpy.cpp:203.)
  img = torch.from_numpy(pic.transpose((2, 0, 1))).contiguous()
/app/apps/pytorch/2.6.0-py3-cu11.8/lib/python3.13/site-packages/torchvision/transforms/functional.py:154: UserWarning: The given NumPy array is not writable, and PyTorch does not support non-writable tensors. This means writing to this tensor will result in undefined behavior. You may want to copy the array to protect its data or make it writable before converting it to a tensor. This type of warning will be suppressed for the rest of this program. (Triggered internally at /pytorch/torch/csrc/utils/tensor_numpy.cpp:203.)
  img = torch.from_numpy(pic.transpose((2, 0, 1))).contiguous()
/app/apps/pytorch/2.6.0-py3-cu11.8/lib/python3.13/site-packages/torchvision/transforms/functional.py:154: UserWarning: The given NumPy array is not writable, and PyTorch does not support non-writable tensors. This means writing to this tensor will result in undefined behavior. You may want to copy the array to protect its data or make it writable before converting it to a tensor. This type of warning will be suppressed for the rest of this program. (Triggered internally at /pytorch/torch/csrc/utils/tensor_numpy.cpp:203.)
  img = torch.from_numpy(pic.transpose((2, 0, 1))).contiguous()
[e044 s0001/1030] loss = 0.000000
/app/apps/pytorch/2.6.0-py3-cu11.8/lib/python3.13/site-packages/torchvision/transforms/functional.py:154: UserWarning: The given NumPy array is not writable, and PyTorch does not support non-writable tensors. This means writing to this tensor will result in undefined behavior. You may want to copy the array to protect its data or make it writable before converting it to a tensor. This type of warning will be suppressed for the rest of this program. (Triggered internally at /pytorch/torch/csrc/utils/tensor_numpy.cpp:203.)
  img = torch.from_numpy(pic.transpose((2, 0, 1))).contiguous()
[e044 s0050/1030] loss = 0.000000
[e044 s0100/1030] loss = 0.000000
[e044 s0150/1030] loss = 0.000000
[e044 s0200/1030] loss = 0.000000
[e044 s0250/1030] loss = 0.000000
[e044 s0300/1030] loss = 0.000000
[e044 s0350/1030] loss = 0.000000
[e044 s0400/1030] loss = 0.000000
[e044 s0450/1030] loss = 0.000000
[e044 s0500/1030] loss = 0.000000
[e044 s0550/1030] loss = 0.000000
[e044 s0600/1030] loss = 0.000000
[e044 s0650/1030] loss = 0.000000
[e044 s0700/1030] loss = 0.000000
[e044 s0750/1030] loss = 0.000000
[e044 s0800/1030] loss = 0.000000
[e044 s0850/1030] loss = 0.000000
[e044 s0900/1030] loss = 0.000000
[e044 s0950/1030] loss = 0.000000
[e044 s1000/1030] loss = 0.000000
/app/apps/pytorch/2.6.0-py3-cu11.8/lib/python3.13/site-packages/torchvision/transforms/functional.py:154: UserWarning: The given NumPy array is not writable, and PyTorch does not support non-writable tensors. This means writing to this tensor will result in undefined behavior. You may want to copy the array to protect its data or make it writable before converting it to a tensor. This type of warning will be suppressed for the rest of this program. (Triggered internally at /pytorch/torch/csrc/utils/tensor_numpy.cpp:203.)
  img = torch.from_numpy(pic.transpose((2, 0, 1))).contiguous()
/app/apps/pytorch/2.6.0-py3-cu11.8/lib/python3.13/site-packages/torchvision/transforms/functional.py:154: UserWarning: The given NumPy array is not writable, and PyTorch does not support non-writable tensors. This means writing to this tensor will result in undefined behavior. You may want to copy the array to protect its data or make it writable before converting it to a tensor. This type of warning will be suppressed for the rest of this program. (Triggered internally at /pytorch/torch/csrc/utils/tensor_numpy.cpp:203.)
  img = torch.from_numpy(pic.transpose((2, 0, 1))).contiguous()
/app/apps/pytorch/2.6.0-py3-cu11.8/lib/python3.13/site-packages/torchvision/transforms/functional.py:154: UserWarning: The given NumPy array is not writable, and PyTorch does not support non-writable tensors. This means writing to this tensor will result in undefined behavior. You may want to copy the array to protect its data or make it writable before converting it to a tensor. This type of warning will be suppressed for the rest of this program. (Triggered internally at /pytorch/torch/csrc/utils/tensor_numpy.cpp:203.)
  img = torch.from_numpy(pic.transpose((2, 0, 1))).contiguous()
/app/apps/pytorch/2.6.0-py3-cu11.8/lib/python3.13/site-packages/torchvision/transforms/functional.py:154: UserWarning: The given NumPy array is not writable, and PyTorch does not support non-writable tensors. This means writing to this tensor will result in undefined behavior. You may want to copy the array to protect its data or make it writable before converting it to a tensor. This type of warning will be suppressed for the rest of this program. (Triggered internally at /pytorch/torch/csrc/utils/tensor_numpy.cpp:203.)
  img = torch.from_numpy(pic.transpose((2, 0, 1))).contiguous()
Epoch 044: train_loss = 0.000000  MAE/GAME0 = 0.000  RMSE = 0.000  GAME1 = 0.000  GAME2 = 0.000  GAME3 = 0.000  lr = 1.00e-05  time = 15.9s
/app/apps/pytorch/2.6.0-py3-cu11.8/lib/python3.13/site-packages/torchvision/transforms/functional.py:154: UserWarning: The given NumPy array is not writable, and PyTorch does not support non-writable tensors. This means writing to this tensor will result in undefined behavior. You may want to copy the array to protect its data or make it writable before converting it to a tensor. This type of warning will be suppressed for the rest of this program. (Triggered internally at /pytorch/torch/csrc/utils/tensor_numpy.cpp:203.)
  img = torch.from_numpy(pic.transpose((2, 0, 1))).contiguous()
/app/apps/pytorch/2.6.0-py3-cu11.8/lib/python3.13/site-packages/torchvision/transforms/functional.py:154: UserWarning: The given NumPy array is not writable, and PyTorch does not support non-writable tensors. This means writing to this tensor will result in undefined behavior. You may want to copy the array to protect its data or make it writable before converting it to a tensor. This type of warning will be suppressed for the rest of this program. (Triggered internally at /pytorch/torch/csrc/utils/tensor_numpy.cpp:203.)
  img = torch.from_numpy(pic.transpose((2, 0, 1))).contiguous()
/app/apps/pytorch/2.6.0-py3-cu11.8/lib/python3.13/site-packages/torchvision/transforms/functional.py:154: UserWarning: The given NumPy array is not writable, and PyTorch does not support non-writable tensors. This means writing to this tensor will result in undefined behavior. You may want to copy the array to protect its data or make it writable before converting it to a tensor. This type of warning will be suppressed for the rest of this program. (Triggered internally at /pytorch/torch/csrc/utils/tensor_numpy.cpp:203.)
  img = torch.from_numpy(pic.transpose((2, 0, 1))).contiguous()
/app/apps/pytorch/2.6.0-py3-cu11.8/lib/python3.13/site-packages/torchvision/transforms/functional.py:154: UserWarning: The given NumPy array is not writable, and PyTorch does not support non-writable tensors. This means writing to this tensor will result in undefined behavior. You may want to copy the array to protect its data or make it writable before converting it to a tensor. This type of warning will be suppressed for the rest of this program. (Triggered internally at /pytorch/torch/csrc/utils/tensor_numpy.cpp:203.)
  img = torch.from_numpy(pic.transpose((2, 0, 1))).contiguous()
[e045 s0001/1030] loss = 0.000000
[e045 s0050/1030] loss = 0.000000
[e045 s0100/1030] loss = 0.000000
[e045 s0150/1030] loss = 0.000000
[e045 s0200/1030] loss = 0.000000
[e045 s0250/1030] loss = 0.000000
[e045 s0300/1030] loss = 0.000000
[e045 s0350/1030] loss = 0.000000
[e045 s0400/1030] loss = 0.000000
[e045 s0450/1030] loss = 0.000000
[e045 s0500/1030] loss = 0.000000
[e045 s0550/1030] loss = 0.000000
[e045 s0600/1030] loss = 0.000000
[e045 s0650/1030] loss = 0.000000
[e045 s0700/1030] loss = 0.000000
[e045 s0750/1030] loss = 0.000000
[e045 s0800/1030] loss = 0.000000
[e045 s0850/1030] loss = 0.000000
[e045 s0900/1030] loss = 0.000000
[e045 s0950/1030] loss = 0.000000
[e045 s1000/1030] loss = 0.000000
/app/apps/pytorch/2.6.0-py3-cu11.8/lib/python3.13/site-packages/torchvision/transforms/functional.py:154: UserWarning: The given NumPy array is not writable, and PyTorch does not support non-writable tensors. This means writing to this tensor will result in undefined behavior. You may want to copy the array to protect its data or make it writable before converting it to a tensor. This type of warning will be suppressed for the rest of this program. (Triggered internally at /pytorch/torch/csrc/utils/tensor_numpy.cpp:203.)
  img = torch.from_numpy(pic.transpose((2, 0, 1))).contiguous()
/app/apps/pytorch/2.6.0-py3-cu11.8/lib/python3.13/site-packages/torchvision/transforms/functional.py:154: UserWarning: The given NumPy array is not writable, and PyTorch does not support non-writable tensors. This means writing to this tensor will result in undefined behavior. You may want to copy the array to protect its data or make it writable before converting it to a tensor. This type of warning will be suppressed for the rest of this program. (Triggered internally at /pytorch/torch/csrc/utils/tensor_numpy.cpp:203.)
  img = torch.from_numpy(pic.transpose((2, 0, 1))).contiguous()
/app/apps/pytorch/2.6.0-py3-cu11.8/lib/python3.13/site-packages/torchvision/transforms/functional.py:154: UserWarning: The given NumPy array is not writable, and PyTorch does not support non-writable tensors. This means writing to this tensor will result in undefined behavior. You may want to copy the array to protect its data or make it writable before converting it to a tensor. This type of warning will be suppressed for the rest of this program. (Triggered internally at /pytorch/torch/csrc/utils/tensor_numpy.cpp:203.)
  img = torch.from_numpy(pic.transpose((2, 0, 1))).contiguous()
/app/apps/pytorch/2.6.0-py3-cu11.8/lib/python3.13/site-packages/torchvision/transforms/functional.py:154: UserWarning: The given NumPy array is not writable, and PyTorch does not support non-writable tensors. This means writing to this tensor will result in undefined behavior. You may want to copy the array to protect its data or make it writable before converting it to a tensor. This type of warning will be suppressed for the rest of this program. (Triggered internally at /pytorch/torch/csrc/utils/tensor_numpy.cpp:203.)
  img = torch.from_numpy(pic.transpose((2, 0, 1))).contiguous()
Epoch 045: train_loss = 0.000000  MAE/GAME0 = 0.000  RMSE = 0.000  GAME1 = 0.000  GAME2 = 0.000  GAME3 = 0.000  lr = 1.00e-05  time = 15.9s
/app/apps/pytorch/2.6.0-py3-cu11.8/lib/python3.13/site-packages/torchvision/transforms/functional.py:154: UserWarning: The given NumPy array is not writable, and PyTorch does not support non-writable tensors. This means writing to this tensor will result in undefined behavior. You may want to copy the array to protect its data or make it writable before converting it to a tensor. This type of warning will be suppressed for the rest of this program. (Triggered internally at /pytorch/torch/csrc/utils/tensor_numpy.cpp:203.)
  img = torch.from_numpy(pic.transpose((2, 0, 1))).contiguous()
/app/apps/pytorch/2.6.0-py3-cu11.8/lib/python3.13/site-packages/torchvision/transforms/functional.py:154: UserWarning: The given NumPy array is not writable, and PyTorch does not support non-writable tensors. This means writing to this tensor will result in undefined behavior. You may want to copy the array to protect its data or make it writable before converting it to a tensor. This type of warning will be suppressed for the rest of this program. (Triggered internally at /pytorch/torch/csrc/utils/tensor_numpy.cpp:203.)
  img = torch.from_numpy(pic.transpose((2, 0, 1))).contiguous()
[e046 s0001/1030] loss = 0.000000
/app/apps/pytorch/2.6.0-py3-cu11.8/lib/python3.13/site-packages/torchvision/transforms/functional.py:154: UserWarning: The given NumPy array is not writable, and PyTorch does not support non-writable tensors. This means writing to this tensor will result in undefined behavior. You may want to copy the array to protect its data or make it writable before converting it to a tensor. This type of warning will be suppressed for the rest of this program. (Triggered internally at /pytorch/torch/csrc/utils/tensor_numpy.cpp:203.)
  img = torch.from_numpy(pic.transpose((2, 0, 1))).contiguous()
/app/apps/pytorch/2.6.0-py3-cu11.8/lib/python3.13/site-packages/torchvision/transforms/functional.py:154: UserWarning: The given NumPy array is not writable, and PyTorch does not support non-writable tensors. This means writing to this tensor will result in undefined behavior. You may want to copy the array to protect its data or make it writable before converting it to a tensor. This type of warning will be suppressed for the rest of this program. (Triggered internally at /pytorch/torch/csrc/utils/tensor_numpy.cpp:203.)
  img = torch.from_numpy(pic.transpose((2, 0, 1))).contiguous()
[e046 s0050/1030] loss = 0.000000
[e046 s0100/1030] loss = 0.000000
[e046 s0150/1030] loss = 0.000000
[e046 s0200/1030] loss = 0.000000
[e046 s0250/1030] loss = 0.000000
[e046 s0300/1030] loss = 0.000000
[e046 s0350/1030] loss = 0.000000
[e046 s0400/1030] loss = 0.000000
[e046 s0450/1030] loss = 0.000000
[e046 s0500/1030] loss = 0.000000
[e046 s0550/1030] loss = 0.000000
[e046 s0600/1030] loss = 0.000000
[e046 s0650/1030] loss = 0.000000
[e046 s0700/1030] loss = 0.000000
[e046 s0750/1030] loss = 0.000000
[e046 s0800/1030] loss = 0.000000
[e046 s0850/1030] loss = 0.000000
[e046 s0900/1030] loss = 0.000000
[e046 s0950/1030] loss = 0.000000
[e046 s1000/1030] loss = 0.000000
/app/apps/pytorch/2.6.0-py3-cu11.8/lib/python3.13/site-packages/torchvision/transforms/functional.py:154: UserWarning: The given NumPy array is not writable, and PyTorch does not support non-writable tensors. This means writing to this tensor will result in undefined behavior. You may want to copy the array to protect its data or make it writable before converting it to a tensor. This type of warning will be suppressed for the rest of this program. (Triggered internally at /pytorch/torch/csrc/utils/tensor_numpy.cpp:203.)
  img = torch.from_numpy(pic.transpose((2, 0, 1))).contiguous()
/app/apps/pytorch/2.6.0-py3-cu11.8/lib/python3.13/site-packages/torchvision/transforms/functional.py:154: UserWarning: The given NumPy array is not writable, and PyTorch does not support non-writable tensors. This means writing to this tensor will result in undefined behavior. You may want to copy the array to protect its data or make it writable before converting it to a tensor. This type of warning will be suppressed for the rest of this program. (Triggered internally at /pytorch/torch/csrc/utils/tensor_numpy.cpp:203.)
  img = torch.from_numpy(pic.transpose((2, 0, 1))).contiguous()
/app/apps/pytorch/2.6.0-py3-cu11.8/lib/python3.13/site-packages/torchvision/transforms/functional.py:154: UserWarning: The given NumPy array is not writable, and PyTorch does not support non-writable tensors. This means writing to this tensor will result in undefined behavior. You may want to copy the array to protect its data or make it writable before converting it to a tensor. This type of warning will be suppressed for the rest of this program. (Triggered internally at /pytorch/torch/csrc/utils/tensor_numpy.cpp:203.)
  img = torch.from_numpy(pic.transpose((2, 0, 1))).contiguous()
/app/apps/pytorch/2.6.0-py3-cu11.8/lib/python3.13/site-packages/torchvision/transforms/functional.py:154: UserWarning: The given NumPy array is not writable, and PyTorch does not support non-writable tensors. This means writing to this tensor will result in undefined behavior. You may want to copy the array to protect its data or make it writable before converting it to a tensor. This type of warning will be suppressed for the rest of this program. (Triggered internally at /pytorch/torch/csrc/utils/tensor_numpy.cpp:203.)
  img = torch.from_numpy(pic.transpose((2, 0, 1))).contiguous()
Epoch 046: train_loss = 0.000000  MAE/GAME0 = 0.000  RMSE = 0.000  GAME1 = 0.000  GAME2 = 0.000  GAME3 = 0.000  lr = 1.00e-05  time = 15.8s
/app/apps/pytorch/2.6.0-py3-cu11.8/lib/python3.13/site-packages/torchvision/transforms/functional.py:154: UserWarning: The given NumPy array is not writable, and PyTorch does not support non-writable tensors. This means writing to this tensor will result in undefined behavior. You may want to copy the array to protect its data or make it writable before converting it to a tensor. This type of warning will be suppressed for the rest of this program. (Triggered internally at /pytorch/torch/csrc/utils/tensor_numpy.cpp:203.)
  img = torch.from_numpy(pic.transpose((2, 0, 1))).contiguous()
/app/apps/pytorch/2.6.0-py3-cu11.8/lib/python3.13/site-packages/torchvision/transforms/functional.py:154: UserWarning: The given NumPy array is not writable, and PyTorch does not support non-writable tensors. This means writing to this tensor will result in undefined behavior. You may want to copy the array to protect its data or make it writable before converting it to a tensor. This type of warning will be suppressed for the rest of this program. (Triggered internally at /pytorch/torch/csrc/utils/tensor_numpy.cpp:203.)
  img = torch.from_numpy(pic.transpose((2, 0, 1))).contiguous()
/app/apps/pytorch/2.6.0-py3-cu11.8/lib/python3.13/site-packages/torchvision/transforms/functional.py:154: UserWarning: The given NumPy array is not writable, and PyTorch does not support non-writable tensors. This means writing to this tensor will result in undefined behavior. You may want to copy the array to protect its data or make it writable before converting it to a tensor. This type of warning will be suppressed for the rest of this program. (Triggered internally at /pytorch/torch/csrc/utils/tensor_numpy.cpp:203.)
  img = torch.from_numpy(pic.transpose((2, 0, 1))).contiguous()
/app/apps/pytorch/2.6.0-py3-cu11.8/lib/python3.13/site-packages/torchvision/transforms/functional.py:154: UserWarning: The given NumPy array is not writable, and PyTorch does not support non-writable tensors. This means writing to this tensor will result in undefined behavior. You may want to copy the array to protect its data or make it writable before converting it to a tensor. This type of warning will be suppressed for the rest of this program. (Triggered internally at /pytorch/torch/csrc/utils/tensor_numpy.cpp:203.)
  img = torch.from_numpy(pic.transpose((2, 0, 1))).contiguous()
[e047 s0001/1030] loss = 0.000000
[e047 s0050/1030] loss = 0.000000
[e047 s0100/1030] loss = 0.000000
[e047 s0150/1030] loss = 0.000000
[e047 s0200/1030] loss = 0.000000
[e047 s0250/1030] loss = 0.000000
[e047 s0300/1030] loss = 0.000000
[e047 s0350/1030] loss = 0.000000
[e047 s0400/1030] loss = 0.000000
[e047 s0450/1030] loss = 0.000000
[e047 s0500/1030] loss = 0.000000
[e047 s0550/1030] loss = 0.000000
[e047 s0600/1030] loss = 0.000000
[e047 s0650/1030] loss = 0.000000
[e047 s0700/1030] loss = 0.000000
[e047 s0750/1030] loss = 0.000000
[e047 s0800/1030] loss = 0.000000
[e047 s0850/1030] loss = 0.000000
[e047 s0900/1030] loss = 0.000000
[e047 s0950/1030] loss = 0.000000
[e047 s1000/1030] loss = 0.000000
/app/apps/pytorch/2.6.0-py3-cu11.8/lib/python3.13/site-packages/torchvision/transforms/functional.py:154: UserWarning: The given NumPy array is not writable, and PyTorch does not support non-writable tensors. This means writing to this tensor will result in undefined behavior. You may want to copy the array to protect its data or make it writable before converting it to a tensor. This type of warning will be suppressed for the rest of this program. (Triggered internally at /pytorch/torch/csrc/utils/tensor_numpy.cpp:203.)
  img = torch.from_numpy(pic.transpose((2, 0, 1))).contiguous()
/app/apps/pytorch/2.6.0-py3-cu11.8/lib/python3.13/site-packages/torchvision/transforms/functional.py:154: UserWarning: The given NumPy array is not writable, and PyTorch does not support non-writable tensors. This means writing to this tensor will result in undefined behavior. You may want to copy the array to protect its data or make it writable before converting it to a tensor. This type of warning will be suppressed for the rest of this program. (Triggered internally at /pytorch/torch/csrc/utils/tensor_numpy.cpp:203.)
  img = torch.from_numpy(pic.transpose((2, 0, 1))).contiguous()
/app/apps/pytorch/2.6.0-py3-cu11.8/lib/python3.13/site-packages/torchvision/transforms/functional.py:154: UserWarning: The given NumPy array is not writable, and PyTorch does not support non-writable tensors. This means writing to this tensor will result in undefined behavior. You may want to copy the array to protect its data or make it writable before converting it to a tensor. This type of warning will be suppressed for the rest of this program. (Triggered internally at /pytorch/torch/csrc/utils/tensor_numpy.cpp:203.)
  img = torch.from_numpy(pic.transpose((2, 0, 1))).contiguous()
/app/apps/pytorch/2.6.0-py3-cu11.8/lib/python3.13/site-packages/torchvision/transforms/functional.py:154: UserWarning: The given NumPy array is not writable, and PyTorch does not support non-writable tensors. This means writing to this tensor will result in undefined behavior. You may want to copy the array to protect its data or make it writable before converting it to a tensor. This type of warning will be suppressed for the rest of this program. (Triggered internally at /pytorch/torch/csrc/utils/tensor_numpy.cpp:203.)
  img = torch.from_numpy(pic.transpose((2, 0, 1))).contiguous()
Epoch 047: train_loss = 0.000000  MAE/GAME0 = 0.000  RMSE = 0.000  GAME1 = 0.000  GAME2 = 0.000  GAME3 = 0.000  lr = 1.00e-05  time = 16.4s
/app/apps/pytorch/2.6.0-py3-cu11.8/lib/python3.13/site-packages/torchvision/transforms/functional.py:154: UserWarning: The given NumPy array is not writable, and PyTorch does not support non-writable tensors. This means writing to this tensor will result in undefined behavior. You may want to copy the array to protect its data or make it writable before converting it to a tensor. This type of warning will be suppressed for the rest of this program. (Triggered internally at /pytorch/torch/csrc/utils/tensor_numpy.cpp:203.)
  img = torch.from_numpy(pic.transpose((2, 0, 1))).contiguous()
/app/apps/pytorch/2.6.0-py3-cu11.8/lib/python3.13/site-packages/torchvision/transforms/functional.py:154: UserWarning: The given NumPy array is not writable, and PyTorch does not support non-writable tensors. This means writing to this tensor will result in undefined behavior. You may want to copy the array to protect its data or make it writable before converting it to a tensor. This type of warning will be suppressed for the rest of this program. (Triggered internally at /pytorch/torch/csrc/utils/tensor_numpy.cpp:203.)
  img = torch.from_numpy(pic.transpose((2, 0, 1))).contiguous()
[e048 s0001/1030] loss = 0.000000
/app/apps/pytorch/2.6.0-py3-cu11.8/lib/python3.13/site-packages/torchvision/transforms/functional.py:154: UserWarning: The given NumPy array is not writable, and PyTorch does not support non-writable tensors. This means writing to this tensor will result in undefined behavior. You may want to copy the array to protect its data or make it writable before converting it to a tensor. This type of warning will be suppressed for the rest of this program. (Triggered internally at /pytorch/torch/csrc/utils/tensor_numpy.cpp:203.)
  img = torch.from_numpy(pic.transpose((2, 0, 1))).contiguous()
/app/apps/pytorch/2.6.0-py3-cu11.8/lib/python3.13/site-packages/torchvision/transforms/functional.py:154: UserWarning: The given NumPy array is not writable, and PyTorch does not support non-writable tensors. This means writing to this tensor will result in undefined behavior. You may want to copy the array to protect its data or make it writable before converting it to a tensor. This type of warning will be suppressed for the rest of this program. (Triggered internally at /pytorch/torch/csrc/utils/tensor_numpy.cpp:203.)
  img = torch.from_numpy(pic.transpose((2, 0, 1))).contiguous()
[e048 s0050/1030] loss = 0.000000
[e048 s0100/1030] loss = 0.000000
[e048 s0150/1030] loss = 0.000000
[e048 s0200/1030] loss = 0.000000
[e048 s0250/1030] loss = 0.000000
[e048 s0300/1030] loss = 0.000000
[e048 s0350/1030] loss = 0.000000
[e048 s0400/1030] loss = 0.000000
[e048 s0450/1030] loss = 0.000000
[e048 s0500/1030] loss = 0.000000
[e048 s0550/1030] loss = 0.000000
[e048 s0600/1030] loss = 0.000000
[e048 s0650/1030] loss = 0.000000
[e048 s0700/1030] loss = 0.000000
[e048 s0750/1030] loss = 0.000000
[e048 s0800/1030] loss = 0.000000
[e048 s0850/1030] loss = 0.000000
[e048 s0900/1030] loss = 0.000000
[e048 s0950/1030] loss = 0.000000
[e048 s1000/1030] loss = 0.000000
/app/apps/pytorch/2.6.0-py3-cu11.8/lib/python3.13/site-packages/torchvision/transforms/functional.py:154: UserWarning: The given NumPy array is not writable, and PyTorch does not support non-writable tensors. This means writing to this tensor will result in undefined behavior. You may want to copy the array to protect its data or make it writable before converting it to a tensor. This type of warning will be suppressed for the rest of this program. (Triggered internally at /pytorch/torch/csrc/utils/tensor_numpy.cpp:203.)
  img = torch.from_numpy(pic.transpose((2, 0, 1))).contiguous()
/app/apps/pytorch/2.6.0-py3-cu11.8/lib/python3.13/site-packages/torchvision/transforms/functional.py:154: UserWarning: The given NumPy array is not writable, and PyTorch does not support non-writable tensors. This means writing to this tensor will result in undefined behavior. You may want to copy the array to protect its data or make it writable before converting it to a tensor. This type of warning will be suppressed for the rest of this program. (Triggered internally at /pytorch/torch/csrc/utils/tensor_numpy.cpp:203.)
  img = torch.from_numpy(pic.transpose((2, 0, 1))).contiguous()
/app/apps/pytorch/2.6.0-py3-cu11.8/lib/python3.13/site-packages/torchvision/transforms/functional.py:154: UserWarning: The given NumPy array is not writable, and PyTorch does not support non-writable tensors. This means writing to this tensor will result in undefined behavior. You may want to copy the array to protect its data or make it writable before converting it to a tensor. This type of warning will be suppressed for the rest of this program. (Triggered internally at /pytorch/torch/csrc/utils/tensor_numpy.cpp:203.)
  img = torch.from_numpy(pic.transpose((2, 0, 1))).contiguous()
/app/apps/pytorch/2.6.0-py3-cu11.8/lib/python3.13/site-packages/torchvision/transforms/functional.py:154: UserWarning: The given NumPy array is not writable, and PyTorch does not support non-writable tensors. This means writing to this tensor will result in undefined behavior. You may want to copy the array to protect its data or make it writable before converting it to a tensor. This type of warning will be suppressed for the rest of this program. (Triggered internally at /pytorch/torch/csrc/utils/tensor_numpy.cpp:203.)
  img = torch.from_numpy(pic.transpose((2, 0, 1))).contiguous()
Epoch 048: train_loss = 0.000000  MAE/GAME0 = 0.000  RMSE = 0.000  GAME1 = 0.000  GAME2 = 0.000  GAME3 = 0.000  lr = 1.00e-05  time = 16.2s
/app/apps/pytorch/2.6.0-py3-cu11.8/lib/python3.13/site-packages/torchvision/transforms/functional.py:154: UserWarning: The given NumPy array is not writable, and PyTorch does not support non-writable tensors. This means writing to this tensor will result in undefined behavior. You may want to copy the array to protect its data or make it writable before converting it to a tensor. This type of warning will be suppressed for the rest of this program. (Triggered internally at /pytorch/torch/csrc/utils/tensor_numpy.cpp:203.)
  img = torch.from_numpy(pic.transpose((2, 0, 1))).contiguous()
[e049 s0001/1030] loss = 0.000000
/app/apps/pytorch/2.6.0-py3-cu11.8/lib/python3.13/site-packages/torchvision/transforms/functional.py:154: UserWarning: The given NumPy array is not writable, and PyTorch does not support non-writable tensors. This means writing to this tensor will result in undefined behavior. You may want to copy the array to protect its data or make it writable before converting it to a tensor. This type of warning will be suppressed for the rest of this program. (Triggered internally at /pytorch/torch/csrc/utils/tensor_numpy.cpp:203.)
  img = torch.from_numpy(pic.transpose((2, 0, 1))).contiguous()
/app/apps/pytorch/2.6.0-py3-cu11.8/lib/python3.13/site-packages/torchvision/transforms/functional.py:154: UserWarning: The given NumPy array is not writable, and PyTorch does not support non-writable tensors. This means writing to this tensor will result in undefined behavior. You may want to copy the array to protect its data or make it writable before converting it to a tensor. This type of warning will be suppressed for the rest of this program. (Triggered internally at /pytorch/torch/csrc/utils/tensor_numpy.cpp:203.)
  img = torch.from_numpy(pic.transpose((2, 0, 1))).contiguous()
/app/apps/pytorch/2.6.0-py3-cu11.8/lib/python3.13/site-packages/torchvision/transforms/functional.py:154: UserWarning: The given NumPy array is not writable, and PyTorch does not support non-writable tensors. This means writing to this tensor will result in undefined behavior. You may want to copy the array to protect its data or make it writable before converting it to a tensor. This type of warning will be suppressed for the rest of this program. (Triggered internally at /pytorch/torch/csrc/utils/tensor_numpy.cpp:203.)
  img = torch.from_numpy(pic.transpose((2, 0, 1))).contiguous()
[e049 s0050/1030] loss = 0.000000
[e049 s0100/1030] loss = 0.000000
[e049 s0150/1030] loss = 0.000000
[e049 s0200/1030] loss = 0.000000
[e049 s0250/1030] loss = 0.000000
[e049 s0300/1030] loss = 0.000000
[e049 s0350/1030] loss = 0.000000
[e049 s0400/1030] loss = 0.000000
[e049 s0450/1030] loss = 0.000000
[e049 s0500/1030] loss = 0.000000
[e049 s0550/1030] loss = 0.000000
[e049 s0600/1030] loss = 0.000000
[e049 s0650/1030] loss = 0.000000
[e049 s0700/1030] loss = 0.000000
[e049 s0750/1030] loss = 0.000000
[e049 s0800/1030] loss = 0.000000
[e049 s0850/1030] loss = 0.000000
[e049 s0900/1030] loss = 0.000000
[e049 s0950/1030] loss = 0.000000
[e049 s1000/1030] loss = 0.000000
/app/apps/pytorch/2.6.0-py3-cu11.8/lib/python3.13/site-packages/torchvision/transforms/functional.py:154: UserWarning: The given NumPy array is not writable, and PyTorch does not support non-writable tensors. This means writing to this tensor will result in undefined behavior. You may want to copy the array to protect its data or make it writable before converting it to a tensor. This type of warning will be suppressed for the rest of this program. (Triggered internally at /pytorch/torch/csrc/utils/tensor_numpy.cpp:203.)
  img = torch.from_numpy(pic.transpose((2, 0, 1))).contiguous()
/app/apps/pytorch/2.6.0-py3-cu11.8/lib/python3.13/site-packages/torchvision/transforms/functional.py:154: UserWarning: The given NumPy array is not writable, and PyTorch does not support non-writable tensors. This means writing to this tensor will result in undefined behavior. You may want to copy the array to protect its data or make it writable before converting it to a tensor. This type of warning will be suppressed for the rest of this program. (Triggered internally at /pytorch/torch/csrc/utils/tensor_numpy.cpp:203.)
  img = torch.from_numpy(pic.transpose((2, 0, 1))).contiguous()
/app/apps/pytorch/2.6.0-py3-cu11.8/lib/python3.13/site-packages/torchvision/transforms/functional.py:154: UserWarning: The given NumPy array is not writable, and PyTorch does not support non-writable tensors. This means writing to this tensor will result in undefined behavior. You may want to copy the array to protect its data or make it writable before converting it to a tensor. This type of warning will be suppressed for the rest of this program. (Triggered internally at /pytorch/torch/csrc/utils/tensor_numpy.cpp:203.)
  img = torch.from_numpy(pic.transpose((2, 0, 1))).contiguous()
/app/apps/pytorch/2.6.0-py3-cu11.8/lib/python3.13/site-packages/torchvision/transforms/functional.py:154: UserWarning: The given NumPy array is not writable, and PyTorch does not support non-writable tensors. This means writing to this tensor will result in undefined behavior. You may want to copy the array to protect its data or make it writable before converting it to a tensor. This type of warning will be suppressed for the rest of this program. (Triggered internally at /pytorch/torch/csrc/utils/tensor_numpy.cpp:203.)
  img = torch.from_numpy(pic.transpose((2, 0, 1))).contiguous()
Epoch 049: train_loss = 0.000000  MAE/GAME0 = 0.000  RMSE = 0.000  GAME1 = 0.000  GAME2 = 0.000  GAME3 = 0.000  lr = 1.00e-05  time = 16.0s
/app/apps/pytorch/2.6.0-py3-cu11.8/lib/python3.13/site-packages/torchvision/transforms/functional.py:154: UserWarning: The given NumPy array is not writable, and PyTorch does not support non-writable tensors. This means writing to this tensor will result in undefined behavior. You may want to copy the array to protect its data or make it writable before converting it to a tensor. This type of warning will be suppressed for the rest of this program. (Triggered internally at /pytorch/torch/csrc/utils/tensor_numpy.cpp:203.)
  img = torch.from_numpy(pic.transpose((2, 0, 1))).contiguous()
/app/apps/pytorch/2.6.0-py3-cu11.8/lib/python3.13/site-packages/torchvision/transforms/functional.py:154: UserWarning: The given NumPy array is not writable, and PyTorch does not support non-writable tensors. This means writing to this tensor will result in undefined behavior. You may want to copy the array to protect its data or make it writable before converting it to a tensor. This type of warning will be suppressed for the rest of this program. (Triggered internally at /pytorch/torch/csrc/utils/tensor_numpy.cpp:203.)
  img = torch.from_numpy(pic.transpose((2, 0, 1))).contiguous()
/app/apps/pytorch/2.6.0-py3-cu11.8/lib/python3.13/site-packages/torchvision/transforms/functional.py:154: UserWarning: The given NumPy array is not writable, and PyTorch does not support non-writable tensors. This means writing to this tensor will result in undefined behavior. You may want to copy the array to protect its data or make it writable before converting it to a tensor. This type of warning will be suppressed for the rest of this program. (Triggered internally at /pytorch/torch/csrc/utils/tensor_numpy.cpp:203.)
  img = torch.from_numpy(pic.transpose((2, 0, 1))).contiguous()
/app/apps/pytorch/2.6.0-py3-cu11.8/lib/python3.13/site-packages/torchvision/transforms/functional.py:154: UserWarning: The given NumPy array is not writable, and PyTorch does not support non-writable tensors. This means writing to this tensor will result in undefined behavior. You may want to copy the array to protect its data or make it writable before converting it to a tensor. This type of warning will be suppressed for the rest of this program. (Triggered internally at /pytorch/torch/csrc/utils/tensor_numpy.cpp:203.)
  img = torch.from_numpy(pic.transpose((2, 0, 1))).contiguous()
[e050 s0001/1030] loss = 0.000000
[e050 s0050/1030] loss = 0.000000
[e050 s0100/1030] loss = 0.000000
[e050 s0150/1030] loss = 0.000000
[e050 s0200/1030] loss = 0.000000
[e050 s0250/1030] loss = 0.000000
[e050 s0300/1030] loss = 0.000000
[e050 s0350/1030] loss = 0.000000
[e050 s0400/1030] loss = 0.000000
[e050 s0450/1030] loss = 0.000000
[e050 s0500/1030] loss = 0.000000
[e050 s0550/1030] loss = 0.000000
[e050 s0600/1030] loss = 0.000000
[e050 s0650/1030] loss = 0.000000
[e050 s0700/1030] loss = 0.000000
[e050 s0750/1030] loss = 0.000000
[e050 s0800/1030] loss = 0.000000
[e050 s0850/1030] loss = 0.000000
[e050 s0900/1030] loss = 0.000000
[e050 s0950/1030] loss = 0.000000
[e050 s1000/1030] loss = 0.000000
/app/apps/pytorch/2.6.0-py3-cu11.8/lib/python3.13/site-packages/torchvision/transforms/functional.py:154: UserWarning: The given NumPy array is not writable, and PyTorch does not support non-writable tensors. This means writing to this tensor will result in undefined behavior. You may want to copy the array to protect its data or make it writable before converting it to a tensor. This type of warning will be suppressed for the rest of this program. (Triggered internally at /pytorch/torch/csrc/utils/tensor_numpy.cpp:203.)
  img = torch.from_numpy(pic.transpose((2, 0, 1))).contiguous()
/app/apps/pytorch/2.6.0-py3-cu11.8/lib/python3.13/site-packages/torchvision/transforms/functional.py:154: UserWarning: The given NumPy array is not writable, and PyTorch does not support non-writable tensors. This means writing to this tensor will result in undefined behavior. You may want to copy the array to protect its data or make it writable before converting it to a tensor. This type of warning will be suppressed for the rest of this program. (Triggered internally at /pytorch/torch/csrc/utils/tensor_numpy.cpp:203.)
  img = torch.from_numpy(pic.transpose((2, 0, 1))).contiguous()
/app/apps/pytorch/2.6.0-py3-cu11.8/lib/python3.13/site-packages/torchvision/transforms/functional.py:154: UserWarning: The given NumPy array is not writable, and PyTorch does not support non-writable tensors. This means writing to this tensor will result in undefined behavior. You may want to copy the array to protect its data or make it writable before converting it to a tensor. This type of warning will be suppressed for the rest of this program. (Triggered internally at /pytorch/torch/csrc/utils/tensor_numpy.cpp:203.)
  img = torch.from_numpy(pic.transpose((2, 0, 1))).contiguous()
/app/apps/pytorch/2.6.0-py3-cu11.8/lib/python3.13/site-packages/torchvision/transforms/functional.py:154: UserWarning: The given NumPy array is not writable, and PyTorch does not support non-writable tensors. This means writing to this tensor will result in undefined behavior. You may want to copy the array to protect its data or make it writable before converting it to a tensor. This type of warning will be suppressed for the rest of this program. (Triggered internally at /pytorch/torch/csrc/utils/tensor_numpy.cpp:203.)
  img = torch.from_numpy(pic.transpose((2, 0, 1))).contiguous()
Epoch 050: train_loss = 0.000000  MAE/GAME0 = 0.000  RMSE = 0.000  GAME1 = 0.000  GAME2 = 0.000  GAME3 = 0.000  lr = 1.00e-05  time = 16.1s
/app/apps/pytorch/2.6.0-py3-cu11.8/lib/python3.13/site-packages/torchvision/transforms/functional.py:154: UserWarning: The given NumPy array is not writable, and PyTorch does not support non-writable tensors. This means writing to this tensor will result in undefined behavior. You may want to copy the array to protect its data or make it writable before converting it to a tensor. This type of warning will be suppressed for the rest of this program. (Triggered internally at /pytorch/torch/csrc/utils/tensor_numpy.cpp:203.)
  img = torch.from_numpy(pic.transpose((2, 0, 1))).contiguous()
/app/apps/pytorch/2.6.0-py3-cu11.8/lib/python3.13/site-packages/torchvision/transforms/functional.py:154: UserWarning: The given NumPy array is not writable, and PyTorch does not support non-writable tensors. This means writing to this tensor will result in undefined behavior. You may want to copy the array to protect its data or make it writable before converting it to a tensor. This type of warning will be suppressed for the rest of this program. (Triggered internally at /pytorch/torch/csrc/utils/tensor_numpy.cpp:203.)
  img = torch.from_numpy(pic.transpose((2, 0, 1))).contiguous()
/app/apps/pytorch/2.6.0-py3-cu11.8/lib/python3.13/site-packages/torchvision/transforms/functional.py:154: UserWarning: The given NumPy array is not writable, and PyTorch does not support non-writable tensors. This means writing to this tensor will result in undefined behavior. You may want to copy the array to protect its data or make it writable before converting it to a tensor. This type of warning will be suppressed for the rest of this program. (Triggered internally at /pytorch/torch/csrc/utils/tensor_numpy.cpp:203.)
  img = torch.from_numpy(pic.transpose((2, 0, 1))).contiguous()
/app/apps/pytorch/2.6.0-py3-cu11.8/lib/python3.13/site-packages/torchvision/transforms/functional.py:154: UserWarning: The given NumPy array is not writable, and PyTorch does not support non-writable tensors. This means writing to this tensor will result in undefined behavior. You may want to copy the array to protect its data or make it writable before converting it to a tensor. This type of warning will be suppressed for the rest of this program. (Triggered internally at /pytorch/torch/csrc/utils/tensor_numpy.cpp:203.)
  img = torch.from_numpy(pic.transpose((2, 0, 1))).contiguous()
[e051 s0001/1030] loss = 0.000000
[e051 s0050/1030] loss = 0.000000
[e051 s0100/1030] loss = 0.000000
[e051 s0150/1030] loss = 0.000000
[e051 s0200/1030] loss = 0.000000
[e051 s0250/1030] loss = 0.000000
[e051 s0300/1030] loss = 0.000000
[e051 s0350/1030] loss = 0.000000
[e051 s0400/1030] loss = 0.000000
[e051 s0450/1030] loss = 0.000000
[e051 s0500/1030] loss = 0.000000
[e051 s0550/1030] loss = 0.000000
[e051 s0600/1030] loss = 0.000000
[e051 s0650/1030] loss = 0.000000
[e051 s0700/1030] loss = 0.000000
[e051 s0750/1030] loss = 0.000000
[e051 s0800/1030] loss = 0.000000
[e051 s0850/1030] loss = 0.000000
[e051 s0900/1030] loss = 0.000000
[e051 s0950/1030] loss = 0.000000
[e051 s1000/1030] loss = 0.000000
/app/apps/pytorch/2.6.0-py3-cu11.8/lib/python3.13/site-packages/torchvision/transforms/functional.py:154: UserWarning: The given NumPy array is not writable, and PyTorch does not support non-writable tensors. This means writing to this tensor will result in undefined behavior. You may want to copy the array to protect its data or make it writable before converting it to a tensor. This type of warning will be suppressed for the rest of this program. (Triggered internally at /pytorch/torch/csrc/utils/tensor_numpy.cpp:203.)
  img = torch.from_numpy(pic.transpose((2, 0, 1))).contiguous()
/app/apps/pytorch/2.6.0-py3-cu11.8/lib/python3.13/site-packages/torchvision/transforms/functional.py:154: UserWarning: The given NumPy array is not writable, and PyTorch does not support non-writable tensors. This means writing to this tensor will result in undefined behavior. You may want to copy the array to protect its data or make it writable before converting it to a tensor. This type of warning will be suppressed for the rest of this program. (Triggered internally at /pytorch/torch/csrc/utils/tensor_numpy.cpp:203.)
  img = torch.from_numpy(pic.transpose((2, 0, 1))).contiguous()
/app/apps/pytorch/2.6.0-py3-cu11.8/lib/python3.13/site-packages/torchvision/transforms/functional.py:154: UserWarning: The given NumPy array is not writable, and PyTorch does not support non-writable tensors. This means writing to this tensor will result in undefined behavior. You may want to copy the array to protect its data or make it writable before converting it to a tensor. This type of warning will be suppressed for the rest of this program. (Triggered internally at /pytorch/torch/csrc/utils/tensor_numpy.cpp:203.)
  img = torch.from_numpy(pic.transpose((2, 0, 1))).contiguous()
/app/apps/pytorch/2.6.0-py3-cu11.8/lib/python3.13/site-packages/torchvision/transforms/functional.py:154: UserWarning: The given NumPy array is not writable, and PyTorch does not support non-writable tensors. This means writing to this tensor will result in undefined behavior. You may want to copy the array to protect its data or make it writable before converting it to a tensor. This type of warning will be suppressed for the rest of this program. (Triggered internally at /pytorch/torch/csrc/utils/tensor_numpy.cpp:203.)
  img = torch.from_numpy(pic.transpose((2, 0, 1))).contiguous()
Epoch 051: train_loss = 0.000000  MAE/GAME0 = 0.000  RMSE = 0.000  GAME1 = 0.000  GAME2 = 0.000  GAME3 = 0.000  lr = 1.00e-05  time = 15.9s
/app/apps/pytorch/2.6.0-py3-cu11.8/lib/python3.13/site-packages/torchvision/transforms/functional.py:154: UserWarning: The given NumPy array is not writable, and PyTorch does not support non-writable tensors. This means writing to this tensor will result in undefined behavior. You may want to copy the array to protect its data or make it writable before converting it to a tensor. This type of warning will be suppressed for the rest of this program. (Triggered internally at /pytorch/torch/csrc/utils/tensor_numpy.cpp:203.)
  img = torch.from_numpy(pic.transpose((2, 0, 1))).contiguous()
/app/apps/pytorch/2.6.0-py3-cu11.8/lib/python3.13/site-packages/torchvision/transforms/functional.py:154: UserWarning: The given NumPy array is not writable, and PyTorch does not support non-writable tensors. This means writing to this tensor will result in undefined behavior. You may want to copy the array to protect its data or make it writable before converting it to a tensor. This type of warning will be suppressed for the rest of this program. (Triggered internally at /pytorch/torch/csrc/utils/tensor_numpy.cpp:203.)
  img = torch.from_numpy(pic.transpose((2, 0, 1))).contiguous()
/app/apps/pytorch/2.6.0-py3-cu11.8/lib/python3.13/site-packages/torchvision/transforms/functional.py:154: UserWarning: The given NumPy array is not writable, and PyTorch does not support non-writable tensors. This means writing to this tensor will result in undefined behavior. You may want to copy the array to protect its data or make it writable before converting it to a tensor. This type of warning will be suppressed for the rest of this program. (Triggered internally at /pytorch/torch/csrc/utils/tensor_numpy.cpp:203.)
  img = torch.from_numpy(pic.transpose((2, 0, 1))).contiguous()
/app/apps/pytorch/2.6.0-py3-cu11.8/lib/python3.13/site-packages/torchvision/transforms/functional.py:154: UserWarning: The given NumPy array is not writable, and PyTorch does not support non-writable tensors. This means writing to this tensor will result in undefined behavior. You may want to copy the array to protect its data or make it writable before converting it to a tensor. This type of warning will be suppressed for the rest of this program. (Triggered internally at /pytorch/torch/csrc/utils/tensor_numpy.cpp:203.)
  img = torch.from_numpy(pic.transpose((2, 0, 1))).contiguous()
[e052 s0001/1030] loss = 0.000000
[e052 s0050/1030] loss = 0.000000
[e052 s0100/1030] loss = 0.000000
[e052 s0150/1030] loss = 0.000000
[e052 s0200/1030] loss = 0.000000
[e052 s0250/1030] loss = 0.000000
[e052 s0300/1030] loss = 0.000000
[e052 s0350/1030] loss = 0.000000
[e052 s0400/1030] loss = 0.000000
[e052 s0450/1030] loss = 0.000000
[e052 s0500/1030] loss = 0.000000
[e052 s0550/1030] loss = 0.000000
[e052 s0600/1030] loss = 0.000000
[e052 s0650/1030] loss = 0.000000
[e052 s0700/1030] loss = 0.000000
[e052 s0750/1030] loss = 0.000000
[e052 s0800/1030] loss = 0.000000
[e052 s0850/1030] loss = 0.000000
[e052 s0900/1030] loss = 0.000000
[e052 s0950/1030] loss = 0.000000
[e052 s1000/1030] loss = 0.000000
/app/apps/pytorch/2.6.0-py3-cu11.8/lib/python3.13/site-packages/torchvision/transforms/functional.py:154: UserWarning: The given NumPy array is not writable, and PyTorch does not support non-writable tensors. This means writing to this tensor will result in undefined behavior. You may want to copy the array to protect its data or make it writable before converting it to a tensor. This type of warning will be suppressed for the rest of this program. (Triggered internally at /pytorch/torch/csrc/utils/tensor_numpy.cpp:203.)
  img = torch.from_numpy(pic.transpose((2, 0, 1))).contiguous()
/app/apps/pytorch/2.6.0-py3-cu11.8/lib/python3.13/site-packages/torchvision/transforms/functional.py:154: UserWarning: The given NumPy array is not writable, and PyTorch does not support non-writable tensors. This means writing to this tensor will result in undefined behavior. You may want to copy the array to protect its data or make it writable before converting it to a tensor. This type of warning will be suppressed for the rest of this program. (Triggered internally at /pytorch/torch/csrc/utils/tensor_numpy.cpp:203.)
  img = torch.from_numpy(pic.transpose((2, 0, 1))).contiguous()
/app/apps/pytorch/2.6.0-py3-cu11.8/lib/python3.13/site-packages/torchvision/transforms/functional.py:154: UserWarning: The given NumPy array is not writable, and PyTorch does not support non-writable tensors. This means writing to this tensor will result in undefined behavior. You may want to copy the array to protect its data or make it writable before converting it to a tensor. This type of warning will be suppressed for the rest of this program. (Triggered internally at /pytorch/torch/csrc/utils/tensor_numpy.cpp:203.)
  img = torch.from_numpy(pic.transpose((2, 0, 1))).contiguous()
/app/apps/pytorch/2.6.0-py3-cu11.8/lib/python3.13/site-packages/torchvision/transforms/functional.py:154: UserWarning: The given NumPy array is not writable, and PyTorch does not support non-writable tensors. This means writing to this tensor will result in undefined behavior. You may want to copy the array to protect its data or make it writable before converting it to a tensor. This type of warning will be suppressed for the rest of this program. (Triggered internally at /pytorch/torch/csrc/utils/tensor_numpy.cpp:203.)
  img = torch.from_numpy(pic.transpose((2, 0, 1))).contiguous()
Epoch 052: train_loss = 0.000000  MAE/GAME0 = 0.000  RMSE = 0.000  GAME1 = 0.000  GAME2 = 0.000  GAME3 = 0.000  lr = 1.00e-05  time = 16.0s
/app/apps/pytorch/2.6.0-py3-cu11.8/lib/python3.13/site-packages/torchvision/transforms/functional.py:154: UserWarning: The given NumPy array is not writable, and PyTorch does not support non-writable tensors. This means writing to this tensor will result in undefined behavior. You may want to copy the array to protect its data or make it writable before converting it to a tensor. This type of warning will be suppressed for the rest of this program. (Triggered internally at /pytorch/torch/csrc/utils/tensor_numpy.cpp:203.)
  img = torch.from_numpy(pic.transpose((2, 0, 1))).contiguous()
/app/apps/pytorch/2.6.0-py3-cu11.8/lib/python3.13/site-packages/torchvision/transforms/functional.py:154: UserWarning: The given NumPy array is not writable, and PyTorch does not support non-writable tensors. This means writing to this tensor will result in undefined behavior. You may want to copy the array to protect its data or make it writable before converting it to a tensor. This type of warning will be suppressed for the rest of this program. (Triggered internally at /pytorch/torch/csrc/utils/tensor_numpy.cpp:203.)
  img = torch.from_numpy(pic.transpose((2, 0, 1))).contiguous()
/app/apps/pytorch/2.6.0-py3-cu11.8/lib/python3.13/site-packages/torchvision/transforms/functional.py:154: UserWarning: The given NumPy array is not writable, and PyTorch does not support non-writable tensors. This means writing to this tensor will result in undefined behavior. You may want to copy the array to protect its data or make it writable before converting it to a tensor. This type of warning will be suppressed for the rest of this program. (Triggered internally at /pytorch/torch/csrc/utils/tensor_numpy.cpp:203.)
  img = torch.from_numpy(pic.transpose((2, 0, 1))).contiguous()
[e053 s0001/1030] loss = 0.000000
/app/apps/pytorch/2.6.0-py3-cu11.8/lib/python3.13/site-packages/torchvision/transforms/functional.py:154: UserWarning: The given NumPy array is not writable, and PyTorch does not support non-writable tensors. This means writing to this tensor will result in undefined behavior. You may want to copy the array to protect its data or make it writable before converting it to a tensor. This type of warning will be suppressed for the rest of this program. (Triggered internally at /pytorch/torch/csrc/utils/tensor_numpy.cpp:203.)
  img = torch.from_numpy(pic.transpose((2, 0, 1))).contiguous()
[e053 s0050/1030] loss = 0.000000
[e053 s0100/1030] loss = 0.000000
[e053 s0150/1030] loss = 0.000000
[e053 s0200/1030] loss = 0.000000
[e053 s0250/1030] loss = 0.000000
[e053 s0300/1030] loss = 0.000000
[e053 s0350/1030] loss = 0.000000
[e053 s0400/1030] loss = 0.000000
[e053 s0450/1030] loss = 0.000000
[e053 s0500/1030] loss = 0.000000
[e053 s0550/1030] loss = 0.000000
[e053 s0600/1030] loss = 0.000000
[e053 s0650/1030] loss = 0.000000
[e053 s0700/1030] loss = 0.000000
[e053 s0750/1030] loss = 0.000000
[e053 s0800/1030] loss = 0.000000
[e053 s0850/1030] loss = 0.000000
[e053 s0900/1030] loss = 0.000000
[e053 s0950/1030] loss = 0.000000
[e053 s1000/1030] loss = 0.000000
/app/apps/pytorch/2.6.0-py3-cu11.8/lib/python3.13/site-packages/torchvision/transforms/functional.py:154: UserWarning: The given NumPy array is not writable, and PyTorch does not support non-writable tensors. This means writing to this tensor will result in undefined behavior. You may want to copy the array to protect its data or make it writable before converting it to a tensor. This type of warning will be suppressed for the rest of this program. (Triggered internally at /pytorch/torch/csrc/utils/tensor_numpy.cpp:203.)
  img = torch.from_numpy(pic.transpose((2, 0, 1))).contiguous()
/app/apps/pytorch/2.6.0-py3-cu11.8/lib/python3.13/site-packages/torchvision/transforms/functional.py:154: UserWarning: The given NumPy array is not writable, and PyTorch does not support non-writable tensors. This means writing to this tensor will result in undefined behavior. You may want to copy the array to protect its data or make it writable before converting it to a tensor. This type of warning will be suppressed for the rest of this program. (Triggered internally at /pytorch/torch/csrc/utils/tensor_numpy.cpp:203.)
  img = torch.from_numpy(pic.transpose((2, 0, 1))).contiguous()
/app/apps/pytorch/2.6.0-py3-cu11.8/lib/python3.13/site-packages/torchvision/transforms/functional.py:154: UserWarning: The given NumPy array is not writable, and PyTorch does not support non-writable tensors. This means writing to this tensor will result in undefined behavior. You may want to copy the array to protect its data or make it writable before converting it to a tensor. This type of warning will be suppressed for the rest of this program. (Triggered internally at /pytorch/torch/csrc/utils/tensor_numpy.cpp:203.)
  img = torch.from_numpy(pic.transpose((2, 0, 1))).contiguous()
/app/apps/pytorch/2.6.0-py3-cu11.8/lib/python3.13/site-packages/torchvision/transforms/functional.py:154: UserWarning: The given NumPy array is not writable, and PyTorch does not support non-writable tensors. This means writing to this tensor will result in undefined behavior. You may want to copy the array to protect its data or make it writable before converting it to a tensor. This type of warning will be suppressed for the rest of this program. (Triggered internally at /pytorch/torch/csrc/utils/tensor_numpy.cpp:203.)
  img = torch.from_numpy(pic.transpose((2, 0, 1))).contiguous()
Epoch 053: train_loss = 0.000000  MAE/GAME0 = 0.000  RMSE = 0.000  GAME1 = 0.000  GAME2 = 0.000  GAME3 = 0.000  lr = 1.00e-05  time = 16.2s
/app/apps/pytorch/2.6.0-py3-cu11.8/lib/python3.13/site-packages/torchvision/transforms/functional.py:154: UserWarning: The given NumPy array is not writable, and PyTorch does not support non-writable tensors. This means writing to this tensor will result in undefined behavior. You may want to copy the array to protect its data or make it writable before converting it to a tensor. This type of warning will be suppressed for the rest of this program. (Triggered internally at /pytorch/torch/csrc/utils/tensor_numpy.cpp:203.)
  img = torch.from_numpy(pic.transpose((2, 0, 1))).contiguous()
/app/apps/pytorch/2.6.0-py3-cu11.8/lib/python3.13/site-packages/torchvision/transforms/functional.py:154: UserWarning: The given NumPy array is not writable, and PyTorch does not support non-writable tensors. This means writing to this tensor will result in undefined behavior. You may want to copy the array to protect its data or make it writable before converting it to a tensor. This type of warning will be suppressed for the rest of this program. (Triggered internally at /pytorch/torch/csrc/utils/tensor_numpy.cpp:203.)
  img = torch.from_numpy(pic.transpose((2, 0, 1))).contiguous()
/app/apps/pytorch/2.6.0-py3-cu11.8/lib/python3.13/site-packages/torchvision/transforms/functional.py:154: UserWarning: The given NumPy array is not writable, and PyTorch does not support non-writable tensors. This means writing to this tensor will result in undefined behavior. You may want to copy the array to protect its data or make it writable before converting it to a tensor. This type of warning will be suppressed for the rest of this program. (Triggered internally at /pytorch/torch/csrc/utils/tensor_numpy.cpp:203.)
  img = torch.from_numpy(pic.transpose((2, 0, 1))).contiguous()
/app/apps/pytorch/2.6.0-py3-cu11.8/lib/python3.13/site-packages/torchvision/transforms/functional.py:154: UserWarning: The given NumPy array is not writable, and PyTorch does not support non-writable tensors. This means writing to this tensor will result in undefined behavior. You may want to copy the array to protect its data or make it writable before converting it to a tensor. This type of warning will be suppressed for the rest of this program. (Triggered internally at /pytorch/torch/csrc/utils/tensor_numpy.cpp:203.)
  img = torch.from_numpy(pic.transpose((2, 0, 1))).contiguous()
[e054 s0001/1030] loss = 0.000000
[e054 s0050/1030] loss = 0.000000
[e054 s0100/1030] loss = 0.000000
[e054 s0150/1030] loss = 0.000000
[e054 s0200/1030] loss = 0.000000
[e054 s0250/1030] loss = 0.000000
[e054 s0300/1030] loss = 0.000000
[e054 s0350/1030] loss = 0.000000
[e054 s0400/1030] loss = 0.000000
[e054 s0450/1030] loss = 0.000000
[e054 s0500/1030] loss = 0.000000
[e054 s0550/1030] loss = 0.000000
[e054 s0600/1030] loss = 0.000000
[e054 s0650/1030] loss = 0.000000
[e054 s0700/1030] loss = 0.000000
[e054 s0750/1030] loss = 0.000000
[e054 s0800/1030] loss = 0.000000
[e054 s0850/1030] loss = 0.000000
[e054 s0900/1030] loss = 0.000000
[e054 s0950/1030] loss = 0.000000
[e054 s1000/1030] loss = 0.000000
/app/apps/pytorch/2.6.0-py3-cu11.8/lib/python3.13/site-packages/torchvision/transforms/functional.py:154: UserWarning: The given NumPy array is not writable, and PyTorch does not support non-writable tensors. This means writing to this tensor will result in undefined behavior. You may want to copy the array to protect its data or make it writable before converting it to a tensor. This type of warning will be suppressed for the rest of this program. (Triggered internally at /pytorch/torch/csrc/utils/tensor_numpy.cpp:203.)
  img = torch.from_numpy(pic.transpose((2, 0, 1))).contiguous()
/app/apps/pytorch/2.6.0-py3-cu11.8/lib/python3.13/site-packages/torchvision/transforms/functional.py:154: UserWarning: The given NumPy array is not writable, and PyTorch does not support non-writable tensors. This means writing to this tensor will result in undefined behavior. You may want to copy the array to protect its data or make it writable before converting it to a tensor. This type of warning will be suppressed for the rest of this program. (Triggered internally at /pytorch/torch/csrc/utils/tensor_numpy.cpp:203.)
  img = torch.from_numpy(pic.transpose((2, 0, 1))).contiguous()
/app/apps/pytorch/2.6.0-py3-cu11.8/lib/python3.13/site-packages/torchvision/transforms/functional.py:154: UserWarning: The given NumPy array is not writable, and PyTorch does not support non-writable tensors. This means writing to this tensor will result in undefined behavior. You may want to copy the array to protect its data or make it writable before converting it to a tensor. This type of warning will be suppressed for the rest of this program. (Triggered internally at /pytorch/torch/csrc/utils/tensor_numpy.cpp:203.)
  img = torch.from_numpy(pic.transpose((2, 0, 1))).contiguous()
/app/apps/pytorch/2.6.0-py3-cu11.8/lib/python3.13/site-packages/torchvision/transforms/functional.py:154: UserWarning: The given NumPy array is not writable, and PyTorch does not support non-writable tensors. This means writing to this tensor will result in undefined behavior. You may want to copy the array to protect its data or make it writable before converting it to a tensor. This type of warning will be suppressed for the rest of this program. (Triggered internally at /pytorch/torch/csrc/utils/tensor_numpy.cpp:203.)
  img = torch.from_numpy(pic.transpose((2, 0, 1))).contiguous()
Epoch 054: train_loss = 0.000000  MAE/GAME0 = 0.000  RMSE = 0.000  GAME1 = 0.000  GAME2 = 0.000  GAME3 = 0.000  lr = 1.00e-05  time = 15.8s
/app/apps/pytorch/2.6.0-py3-cu11.8/lib/python3.13/site-packages/torchvision/transforms/functional.py:154: UserWarning: The given NumPy array is not writable, and PyTorch does not support non-writable tensors. This means writing to this tensor will result in undefined behavior. You may want to copy the array to protect its data or make it writable before converting it to a tensor. This type of warning will be suppressed for the rest of this program. (Triggered internally at /pytorch/torch/csrc/utils/tensor_numpy.cpp:203.)
  img = torch.from_numpy(pic.transpose((2, 0, 1))).contiguous()
/app/apps/pytorch/2.6.0-py3-cu11.8/lib/python3.13/site-packages/torchvision/transforms/functional.py:154: UserWarning: The given NumPy array is not writable, and PyTorch does not support non-writable tensors. This means writing to this tensor will result in undefined behavior. You may want to copy the array to protect its data or make it writable before converting it to a tensor. This type of warning will be suppressed for the rest of this program. (Triggered internally at /pytorch/torch/csrc/utils/tensor_numpy.cpp:203.)
  img = torch.from_numpy(pic.transpose((2, 0, 1))).contiguous()
/app/apps/pytorch/2.6.0-py3-cu11.8/lib/python3.13/site-packages/torchvision/transforms/functional.py:154: UserWarning: The given NumPy array is not writable, and PyTorch does not support non-writable tensors. This means writing to this tensor will result in undefined behavior. You may want to copy the array to protect its data or make it writable before converting it to a tensor. This type of warning will be suppressed for the rest of this program. (Triggered internally at /pytorch/torch/csrc/utils/tensor_numpy.cpp:203.)
  img = torch.from_numpy(pic.transpose((2, 0, 1))).contiguous()
[e055 s0001/1030] loss = 0.000000
/app/apps/pytorch/2.6.0-py3-cu11.8/lib/python3.13/site-packages/torchvision/transforms/functional.py:154: UserWarning: The given NumPy array is not writable, and PyTorch does not support non-writable tensors. This means writing to this tensor will result in undefined behavior. You may want to copy the array to protect its data or make it writable before converting it to a tensor. This type of warning will be suppressed for the rest of this program. (Triggered internally at /pytorch/torch/csrc/utils/tensor_numpy.cpp:203.)
  img = torch.from_numpy(pic.transpose((2, 0, 1))).contiguous()
[e055 s0050/1030] loss = 0.000000
[e055 s0100/1030] loss = 0.000000
[e055 s0150/1030] loss = 0.000000
[e055 s0200/1030] loss = 0.000000
[e055 s0250/1030] loss = 0.000000
[e055 s0300/1030] loss = 0.000000
[e055 s0350/1030] loss = 0.000000
[e055 s0400/1030] loss = 0.000000
[e055 s0450/1030] loss = 0.000000
[e055 s0500/1030] loss = 0.000000
[e055 s0550/1030] loss = 0.000000
[e055 s0600/1030] loss = 0.000000
[e055 s0650/1030] loss = 0.000000
[e055 s0700/1030] loss = 0.000000
[e055 s0750/1030] loss = 0.000000
[e055 s0800/1030] loss = 0.000000
[e055 s0850/1030] loss = 0.000000
[e055 s0900/1030] loss = 0.000000
[e055 s0950/1030] loss = 0.000000
[e055 s1000/1030] loss = 0.000000
/app/apps/pytorch/2.6.0-py3-cu11.8/lib/python3.13/site-packages/torchvision/transforms/functional.py:154: UserWarning: The given NumPy array is not writable, and PyTorch does not support non-writable tensors. This means writing to this tensor will result in undefined behavior. You may want to copy the array to protect its data or make it writable before converting it to a tensor. This type of warning will be suppressed for the rest of this program. (Triggered internally at /pytorch/torch/csrc/utils/tensor_numpy.cpp:203.)
  img = torch.from_numpy(pic.transpose((2, 0, 1))).contiguous()
/app/apps/pytorch/2.6.0-py3-cu11.8/lib/python3.13/site-packages/torchvision/transforms/functional.py:154: UserWarning: The given NumPy array is not writable, and PyTorch does not support non-writable tensors. This means writing to this tensor will result in undefined behavior. You may want to copy the array to protect its data or make it writable before converting it to a tensor. This type of warning will be suppressed for the rest of this program. (Triggered internally at /pytorch/torch/csrc/utils/tensor_numpy.cpp:203.)
  img = torch.from_numpy(pic.transpose((2, 0, 1))).contiguous()
/app/apps/pytorch/2.6.0-py3-cu11.8/lib/python3.13/site-packages/torchvision/transforms/functional.py:154: UserWarning: The given NumPy array is not writable, and PyTorch does not support non-writable tensors. This means writing to this tensor will result in undefined behavior. You may want to copy the array to protect its data or make it writable before converting it to a tensor. This type of warning will be suppressed for the rest of this program. (Triggered internally at /pytorch/torch/csrc/utils/tensor_numpy.cpp:203.)
  img = torch.from_numpy(pic.transpose((2, 0, 1))).contiguous()
/app/apps/pytorch/2.6.0-py3-cu11.8/lib/python3.13/site-packages/torchvision/transforms/functional.py:154: UserWarning: The given NumPy array is not writable, and PyTorch does not support non-writable tensors. This means writing to this tensor will result in undefined behavior. You may want to copy the array to protect its data or make it writable before converting it to a tensor. This type of warning will be suppressed for the rest of this program. (Triggered internally at /pytorch/torch/csrc/utils/tensor_numpy.cpp:203.)
  img = torch.from_numpy(pic.transpose((2, 0, 1))).contiguous()
Epoch 055: train_loss = 0.000000  MAE/GAME0 = 0.000  RMSE = 0.000  GAME1 = 0.000  GAME2 = 0.000  GAME3 = 0.000  lr = 1.00e-05  time = 16.0s
/app/apps/pytorch/2.6.0-py3-cu11.8/lib/python3.13/site-packages/torchvision/transforms/functional.py:154: UserWarning: The given NumPy array is not writable, and PyTorch does not support non-writable tensors. This means writing to this tensor will result in undefined behavior. You may want to copy the array to protect its data or make it writable before converting it to a tensor. This type of warning will be suppressed for the rest of this program. (Triggered internally at /pytorch/torch/csrc/utils/tensor_numpy.cpp:203.)
  img = torch.from_numpy(pic.transpose((2, 0, 1))).contiguous()
/app/apps/pytorch/2.6.0-py3-cu11.8/lib/python3.13/site-packages/torchvision/transforms/functional.py:154: UserWarning: The given NumPy array is not writable, and PyTorch does not support non-writable tensors. This means writing to this tensor will result in undefined behavior. You may want to copy the array to protect its data or make it writable before converting it to a tensor. This type of warning will be suppressed for the rest of this program. (Triggered internally at /pytorch/torch/csrc/utils/tensor_numpy.cpp:203.)
  img = torch.from_numpy(pic.transpose((2, 0, 1))).contiguous()
/app/apps/pytorch/2.6.0-py3-cu11.8/lib/python3.13/site-packages/torchvision/transforms/functional.py:154: UserWarning: The given NumPy array is not writable, and PyTorch does not support non-writable tensors. This means writing to this tensor will result in undefined behavior. You may want to copy the array to protect its data or make it writable before converting it to a tensor. This type of warning will be suppressed for the rest of this program. (Triggered internally at /pytorch/torch/csrc/utils/tensor_numpy.cpp:203.)
  img = torch.from_numpy(pic.transpose((2, 0, 1))).contiguous()
/app/apps/pytorch/2.6.0-py3-cu11.8/lib/python3.13/site-packages/torchvision/transforms/functional.py:154: UserWarning: The given NumPy array is not writable, and PyTorch does not support non-writable tensors. This means writing to this tensor will result in undefined behavior. You may want to copy the array to protect its data or make it writable before converting it to a tensor. This type of warning will be suppressed for the rest of this program. (Triggered internally at /pytorch/torch/csrc/utils/tensor_numpy.cpp:203.)
  img = torch.from_numpy(pic.transpose((2, 0, 1))).contiguous()
[e056 s0001/1030] loss = 0.000000
[e056 s0050/1030] loss = 0.000000
[e056 s0100/1030] loss = 0.000000
[e056 s0150/1030] loss = 0.000000
[e056 s0200/1030] loss = 0.000000
[e056 s0250/1030] loss = 0.000000
[e056 s0300/1030] loss = 0.000000
[e056 s0350/1030] loss = 0.000000
[e056 s0400/1030] loss = 0.000000
[e056 s0450/1030] loss = 0.000000
[e056 s0500/1030] loss = 0.000000
[e056 s0550/1030] loss = 0.000000
[e056 s0600/1030] loss = 0.000000
[e056 s0650/1030] loss = 0.000000
[e056 s0700/1030] loss = 0.000000
[e056 s0750/1030] loss = 0.000000
[e056 s0800/1030] loss = 0.000000
[e056 s0850/1030] loss = 0.000000
[e056 s0900/1030] loss = 0.000000
[e056 s0950/1030] loss = 0.000000
[e056 s1000/1030] loss = 0.000000
/app/apps/pytorch/2.6.0-py3-cu11.8/lib/python3.13/site-packages/torchvision/transforms/functional.py:154: UserWarning: The given NumPy array is not writable, and PyTorch does not support non-writable tensors. This means writing to this tensor will result in undefined behavior. You may want to copy the array to protect its data or make it writable before converting it to a tensor. This type of warning will be suppressed for the rest of this program. (Triggered internally at /pytorch/torch/csrc/utils/tensor_numpy.cpp:203.)
  img = torch.from_numpy(pic.transpose((2, 0, 1))).contiguous()
/app/apps/pytorch/2.6.0-py3-cu11.8/lib/python3.13/site-packages/torchvision/transforms/functional.py:154: UserWarning: The given NumPy array is not writable, and PyTorch does not support non-writable tensors. This means writing to this tensor will result in undefined behavior. You may want to copy the array to protect its data or make it writable before converting it to a tensor. This type of warning will be suppressed for the rest of this program. (Triggered internally at /pytorch/torch/csrc/utils/tensor_numpy.cpp:203.)
  img = torch.from_numpy(pic.transpose((2, 0, 1))).contiguous()
/app/apps/pytorch/2.6.0-py3-cu11.8/lib/python3.13/site-packages/torchvision/transforms/functional.py:154: UserWarning: The given NumPy array is not writable, and PyTorch does not support non-writable tensors. This means writing to this tensor will result in undefined behavior. You may want to copy the array to protect its data or make it writable before converting it to a tensor. This type of warning will be suppressed for the rest of this program. (Triggered internally at /pytorch/torch/csrc/utils/tensor_numpy.cpp:203.)
  img = torch.from_numpy(pic.transpose((2, 0, 1))).contiguous()
/app/apps/pytorch/2.6.0-py3-cu11.8/lib/python3.13/site-packages/torchvision/transforms/functional.py:154: UserWarning: The given NumPy array is not writable, and PyTorch does not support non-writable tensors. This means writing to this tensor will result in undefined behavior. You may want to copy the array to protect its data or make it writable before converting it to a tensor. This type of warning will be suppressed for the rest of this program. (Triggered internally at /pytorch/torch/csrc/utils/tensor_numpy.cpp:203.)
  img = torch.from_numpy(pic.transpose((2, 0, 1))).contiguous()
Epoch 056: train_loss = 0.000000  MAE/GAME0 = 0.000  RMSE = 0.000  GAME1 = 0.000  GAME2 = 0.000  GAME3 = 0.000  lr = 1.00e-05  time = 15.9s
/app/apps/pytorch/2.6.0-py3-cu11.8/lib/python3.13/site-packages/torchvision/transforms/functional.py:154: UserWarning: The given NumPy array is not writable, and PyTorch does not support non-writable tensors. This means writing to this tensor will result in undefined behavior. You may want to copy the array to protect its data or make it writable before converting it to a tensor. This type of warning will be suppressed for the rest of this program. (Triggered internally at /pytorch/torch/csrc/utils/tensor_numpy.cpp:203.)
  img = torch.from_numpy(pic.transpose((2, 0, 1))).contiguous()
/app/apps/pytorch/2.6.0-py3-cu11.8/lib/python3.13/site-packages/torchvision/transforms/functional.py:154: UserWarning: The given NumPy array is not writable, and PyTorch does not support non-writable tensors. This means writing to this tensor will result in undefined behavior. You may want to copy the array to protect its data or make it writable before converting it to a tensor. This type of warning will be suppressed for the rest of this program. (Triggered internally at /pytorch/torch/csrc/utils/tensor_numpy.cpp:203.)
  img = torch.from_numpy(pic.transpose((2, 0, 1))).contiguous()
/app/apps/pytorch/2.6.0-py3-cu11.8/lib/python3.13/site-packages/torchvision/transforms/functional.py:154: UserWarning: The given NumPy array is not writable, and PyTorch does not support non-writable tensors. This means writing to this tensor will result in undefined behavior. You may want to copy the array to protect its data or make it writable before converting it to a tensor. This type of warning will be suppressed for the rest of this program. (Triggered internally at /pytorch/torch/csrc/utils/tensor_numpy.cpp:203.)
  img = torch.from_numpy(pic.transpose((2, 0, 1))).contiguous()
[e057 s0001/1030] loss = 0.000000
/app/apps/pytorch/2.6.0-py3-cu11.8/lib/python3.13/site-packages/torchvision/transforms/functional.py:154: UserWarning: The given NumPy array is not writable, and PyTorch does not support non-writable tensors. This means writing to this tensor will result in undefined behavior. You may want to copy the array to protect its data or make it writable before converting it to a tensor. This type of warning will be suppressed for the rest of this program. (Triggered internally at /pytorch/torch/csrc/utils/tensor_numpy.cpp:203.)
  img = torch.from_numpy(pic.transpose((2, 0, 1))).contiguous()
[e057 s0050/1030] loss = 0.000000
[e057 s0100/1030] loss = 0.000000
[e057 s0150/1030] loss = 0.000000
[e057 s0200/1030] loss = 0.000000
[e057 s0250/1030] loss = 0.000000
[e057 s0300/1030] loss = 0.000000
[e057 s0350/1030] loss = 0.000000
[e057 s0400/1030] loss = 0.000000
[e057 s0450/1030] loss = 0.000000
[e057 s0500/1030] loss = 0.000000
[e057 s0550/1030] loss = 0.000000
[e057 s0600/1030] loss = 0.000000
[e057 s0650/1030] loss = 0.000000
[e057 s0700/1030] loss = 0.000000
[e057 s0750/1030] loss = 0.000000
[e057 s0800/1030] loss = 0.000000
[e057 s0850/1030] loss = 0.000000
[e057 s0900/1030] loss = 0.000000
[e057 s0950/1030] loss = 0.000000
[e057 s1000/1030] loss = 0.000000
/app/apps/pytorch/2.6.0-py3-cu11.8/lib/python3.13/site-packages/torchvision/transforms/functional.py:154: UserWarning: The given NumPy array is not writable, and PyTorch does not support non-writable tensors. This means writing to this tensor will result in undefined behavior. You may want to copy the array to protect its data or make it writable before converting it to a tensor. This type of warning will be suppressed for the rest of this program. (Triggered internally at /pytorch/torch/csrc/utils/tensor_numpy.cpp:203.)
  img = torch.from_numpy(pic.transpose((2, 0, 1))).contiguous()
/app/apps/pytorch/2.6.0-py3-cu11.8/lib/python3.13/site-packages/torchvision/transforms/functional.py:154: UserWarning: The given NumPy array is not writable, and PyTorch does not support non-writable tensors. This means writing to this tensor will result in undefined behavior. You may want to copy the array to protect its data or make it writable before converting it to a tensor. This type of warning will be suppressed for the rest of this program. (Triggered internally at /pytorch/torch/csrc/utils/tensor_numpy.cpp:203.)
  img = torch.from_numpy(pic.transpose((2, 0, 1))).contiguous()
/app/apps/pytorch/2.6.0-py3-cu11.8/lib/python3.13/site-packages/torchvision/transforms/functional.py:154: UserWarning: The given NumPy array is not writable, and PyTorch does not support non-writable tensors. This means writing to this tensor will result in undefined behavior. You may want to copy the array to protect its data or make it writable before converting it to a tensor. This type of warning will be suppressed for the rest of this program. (Triggered internally at /pytorch/torch/csrc/utils/tensor_numpy.cpp:203.)
  img = torch.from_numpy(pic.transpose((2, 0, 1))).contiguous()
/app/apps/pytorch/2.6.0-py3-cu11.8/lib/python3.13/site-packages/torchvision/transforms/functional.py:154: UserWarning: The given NumPy array is not writable, and PyTorch does not support non-writable tensors. This means writing to this tensor will result in undefined behavior. You may want to copy the array to protect its data or make it writable before converting it to a tensor. This type of warning will be suppressed for the rest of this program. (Triggered internally at /pytorch/torch/csrc/utils/tensor_numpy.cpp:203.)
  img = torch.from_numpy(pic.transpose((2, 0, 1))).contiguous()
Epoch 057: train_loss = 0.000000  MAE/GAME0 = 0.000  RMSE = 0.000  GAME1 = 0.000  GAME2 = 0.000  GAME3 = 0.000  lr = 1.00e-05  time = 15.8s
/app/apps/pytorch/2.6.0-py3-cu11.8/lib/python3.13/site-packages/torchvision/transforms/functional.py:154: UserWarning: The given NumPy array is not writable, and PyTorch does not support non-writable tensors. This means writing to this tensor will result in undefined behavior. You may want to copy the array to protect its data or make it writable before converting it to a tensor. This type of warning will be suppressed for the rest of this program. (Triggered internally at /pytorch/torch/csrc/utils/tensor_numpy.cpp:203.)
  img = torch.from_numpy(pic.transpose((2, 0, 1))).contiguous()
/app/apps/pytorch/2.6.0-py3-cu11.8/lib/python3.13/site-packages/torchvision/transforms/functional.py:154: UserWarning: The given NumPy array is not writable, and PyTorch does not support non-writable tensors. This means writing to this tensor will result in undefined behavior. You may want to copy the array to protect its data or make it writable before converting it to a tensor. This type of warning will be suppressed for the rest of this program. (Triggered internally at /pytorch/torch/csrc/utils/tensor_numpy.cpp:203.)
  img = torch.from_numpy(pic.transpose((2, 0, 1))).contiguous()
/app/apps/pytorch/2.6.0-py3-cu11.8/lib/python3.13/site-packages/torchvision/transforms/functional.py:154: UserWarning: The given NumPy array is not writable, and PyTorch does not support non-writable tensors. This means writing to this tensor will result in undefined behavior. You may want to copy the array to protect its data or make it writable before converting it to a tensor. This type of warning will be suppressed for the rest of this program. (Triggered internally at /pytorch/torch/csrc/utils/tensor_numpy.cpp:203.)
  img = torch.from_numpy(pic.transpose((2, 0, 1))).contiguous()
/app/apps/pytorch/2.6.0-py3-cu11.8/lib/python3.13/site-packages/torchvision/transforms/functional.py:154: UserWarning: The given NumPy array is not writable, and PyTorch does not support non-writable tensors. This means writing to this tensor will result in undefined behavior. You may want to copy the array to protect its data or make it writable before converting it to a tensor. This type of warning will be suppressed for the rest of this program. (Triggered internally at /pytorch/torch/csrc/utils/tensor_numpy.cpp:203.)
  img = torch.from_numpy(pic.transpose((2, 0, 1))).contiguous()
[e058 s0001/1030] loss = 0.000000
[e058 s0050/1030] loss = 0.000000
[e058 s0100/1030] loss = 0.000000
[e058 s0150/1030] loss = 0.000000
[e058 s0200/1030] loss = 0.000000
[e058 s0250/1030] loss = 0.000000
[e058 s0300/1030] loss = 0.000000
[e058 s0350/1030] loss = 0.000000
[e058 s0400/1030] loss = 0.000000
[e058 s0450/1030] loss = 0.000000
[e058 s0500/1030] loss = 0.000000
[e058 s0550/1030] loss = 0.000000
[e058 s0600/1030] loss = 0.000000
[e058 s0650/1030] loss = 0.000000
[e058 s0700/1030] loss = 0.000000
[e058 s0750/1030] loss = 0.000000
[e058 s0800/1030] loss = 0.000000
[e058 s0850/1030] loss = 0.000000
[e058 s0900/1030] loss = 0.000000
[e058 s0950/1030] loss = 0.000000
[e058 s1000/1030] loss = 0.000000
/app/apps/pytorch/2.6.0-py3-cu11.8/lib/python3.13/site-packages/torchvision/transforms/functional.py:154: UserWarning: The given NumPy array is not writable, and PyTorch does not support non-writable tensors. This means writing to this tensor will result in undefined behavior. You may want to copy the array to protect its data or make it writable before converting it to a tensor. This type of warning will be suppressed for the rest of this program. (Triggered internally at /pytorch/torch/csrc/utils/tensor_numpy.cpp:203.)
  img = torch.from_numpy(pic.transpose((2, 0, 1))).contiguous()
/app/apps/pytorch/2.6.0-py3-cu11.8/lib/python3.13/site-packages/torchvision/transforms/functional.py:154: UserWarning: The given NumPy array is not writable, and PyTorch does not support non-writable tensors. This means writing to this tensor will result in undefined behavior. You may want to copy the array to protect its data or make it writable before converting it to a tensor. This type of warning will be suppressed for the rest of this program. (Triggered internally at /pytorch/torch/csrc/utils/tensor_numpy.cpp:203.)
  img = torch.from_numpy(pic.transpose((2, 0, 1))).contiguous()
/app/apps/pytorch/2.6.0-py3-cu11.8/lib/python3.13/site-packages/torchvision/transforms/functional.py:154: UserWarning: The given NumPy array is not writable, and PyTorch does not support non-writable tensors. This means writing to this tensor will result in undefined behavior. You may want to copy the array to protect its data or make it writable before converting it to a tensor. This type of warning will be suppressed for the rest of this program. (Triggered internally at /pytorch/torch/csrc/utils/tensor_numpy.cpp:203.)
  img = torch.from_numpy(pic.transpose((2, 0, 1))).contiguous()
/app/apps/pytorch/2.6.0-py3-cu11.8/lib/python3.13/site-packages/torchvision/transforms/functional.py:154: UserWarning: The given NumPy array is not writable, and PyTorch does not support non-writable tensors. This means writing to this tensor will result in undefined behavior. You may want to copy the array to protect its data or make it writable before converting it to a tensor. This type of warning will be suppressed for the rest of this program. (Triggered internally at /pytorch/torch/csrc/utils/tensor_numpy.cpp:203.)
  img = torch.from_numpy(pic.transpose((2, 0, 1))).contiguous()
Epoch 058: train_loss = 0.000000  MAE/GAME0 = 0.000  RMSE = 0.000  GAME1 = 0.000  GAME2 = 0.000  GAME3 = 0.000  lr = 1.00e-05  time = 16.0s
/app/apps/pytorch/2.6.0-py3-cu11.8/lib/python3.13/site-packages/torchvision/transforms/functional.py:154: UserWarning: The given NumPy array is not writable, and PyTorch does not support non-writable tensors. This means writing to this tensor will result in undefined behavior. You may want to copy the array to protect its data or make it writable before converting it to a tensor. This type of warning will be suppressed for the rest of this program. (Triggered internally at /pytorch/torch/csrc/utils/tensor_numpy.cpp:203.)
  img = torch.from_numpy(pic.transpose((2, 0, 1))).contiguous()
/app/apps/pytorch/2.6.0-py3-cu11.8/lib/python3.13/site-packages/torchvision/transforms/functional.py:154: UserWarning: The given NumPy array is not writable, and PyTorch does not support non-writable tensors. This means writing to this tensor will result in undefined behavior. You may want to copy the array to protect its data or make it writable before converting it to a tensor. This type of warning will be suppressed for the rest of this program. (Triggered internally at /pytorch/torch/csrc/utils/tensor_numpy.cpp:203.)
  img = torch.from_numpy(pic.transpose((2, 0, 1))).contiguous()
/app/apps/pytorch/2.6.0-py3-cu11.8/lib/python3.13/site-packages/torchvision/transforms/functional.py:154: UserWarning: The given NumPy array is not writable, and PyTorch does not support non-writable tensors. This means writing to this tensor will result in undefined behavior. You may want to copy the array to protect its data or make it writable before converting it to a tensor. This type of warning will be suppressed for the rest of this program. (Triggered internally at /pytorch/torch/csrc/utils/tensor_numpy.cpp:203.)
  img = torch.from_numpy(pic.transpose((2, 0, 1))).contiguous()
[e059 s0001/1030] loss = 0.000000
/app/apps/pytorch/2.6.0-py3-cu11.8/lib/python3.13/site-packages/torchvision/transforms/functional.py:154: UserWarning: The given NumPy array is not writable, and PyTorch does not support non-writable tensors. This means writing to this tensor will result in undefined behavior. You may want to copy the array to protect its data or make it writable before converting it to a tensor. This type of warning will be suppressed for the rest of this program. (Triggered internally at /pytorch/torch/csrc/utils/tensor_numpy.cpp:203.)
  img = torch.from_numpy(pic.transpose((2, 0, 1))).contiguous()
[e059 s0050/1030] loss = 0.000000
[e059 s0100/1030] loss = 0.000000
[e059 s0150/1030] loss = 0.000000
[e059 s0200/1030] loss = 0.000000
[e059 s0250/1030] loss = 0.000000
[e059 s0300/1030] loss = 0.000000
[e059 s0350/1030] loss = 0.000000
[e059 s0400/1030] loss = 0.000000
[e059 s0450/1030] loss = 0.000000
[e059 s0500/1030] loss = 0.000000
[e059 s0550/1030] loss = 0.000000
[e059 s0600/1030] loss = 0.000000
[e059 s0650/1030] loss = 0.000000
[e059 s0700/1030] loss = 0.000000
[e059 s0750/1030] loss = 0.000000
[e059 s0800/1030] loss = 0.000000
[e059 s0850/1030] loss = 0.000000
[e059 s0900/1030] loss = 0.000000
[e059 s0950/1030] loss = 0.000000
[e059 s1000/1030] loss = 0.000000
/app/apps/pytorch/2.6.0-py3-cu11.8/lib/python3.13/site-packages/torchvision/transforms/functional.py:154: UserWarning: The given NumPy array is not writable, and PyTorch does not support non-writable tensors. This means writing to this tensor will result in undefined behavior. You may want to copy the array to protect its data or make it writable before converting it to a tensor. This type of warning will be suppressed for the rest of this program. (Triggered internally at /pytorch/torch/csrc/utils/tensor_numpy.cpp:203.)
  img = torch.from_numpy(pic.transpose((2, 0, 1))).contiguous()
/app/apps/pytorch/2.6.0-py3-cu11.8/lib/python3.13/site-packages/torchvision/transforms/functional.py:154: UserWarning: The given NumPy array is not writable, and PyTorch does not support non-writable tensors. This means writing to this tensor will result in undefined behavior. You may want to copy the array to protect its data or make it writable before converting it to a tensor. This type of warning will be suppressed for the rest of this program. (Triggered internally at /pytorch/torch/csrc/utils/tensor_numpy.cpp:203.)
  img = torch.from_numpy(pic.transpose((2, 0, 1))).contiguous()
/app/apps/pytorch/2.6.0-py3-cu11.8/lib/python3.13/site-packages/torchvision/transforms/functional.py:154: UserWarning: The given NumPy array is not writable, and PyTorch does not support non-writable tensors. This means writing to this tensor will result in undefined behavior. You may want to copy the array to protect its data or make it writable before converting it to a tensor. This type of warning will be suppressed for the rest of this program. (Triggered internally at /pytorch/torch/csrc/utils/tensor_numpy.cpp:203.)
  img = torch.from_numpy(pic.transpose((2, 0, 1))).contiguous()
/app/apps/pytorch/2.6.0-py3-cu11.8/lib/python3.13/site-packages/torchvision/transforms/functional.py:154: UserWarning: The given NumPy array is not writable, and PyTorch does not support non-writable tensors. This means writing to this tensor will result in undefined behavior. You may want to copy the array to protect its data or make it writable before converting it to a tensor. This type of warning will be suppressed for the rest of this program. (Triggered internally at /pytorch/torch/csrc/utils/tensor_numpy.cpp:203.)
  img = torch.from_numpy(pic.transpose((2, 0, 1))).contiguous()
Epoch 059: train_loss = 0.000000  MAE/GAME0 = 0.000  RMSE = 0.000  GAME1 = 0.000  GAME2 = 0.000  GAME3 = 0.000  lr = 1.00e-05  time = 16.0s
/app/apps/pytorch/2.6.0-py3-cu11.8/lib/python3.13/site-packages/torchvision/transforms/functional.py:154: UserWarning: The given NumPy array is not writable, and PyTorch does not support non-writable tensors. This means writing to this tensor will result in undefined behavior. You may want to copy the array to protect its data or make it writable before converting it to a tensor. This type of warning will be suppressed for the rest of this program. (Triggered internally at /pytorch/torch/csrc/utils/tensor_numpy.cpp:203.)
  img = torch.from_numpy(pic.transpose((2, 0, 1))).contiguous()
/app/apps/pytorch/2.6.0-py3-cu11.8/lib/python3.13/site-packages/torchvision/transforms/functional.py:154: UserWarning: The given NumPy array is not writable, and PyTorch does not support non-writable tensors. This means writing to this tensor will result in undefined behavior. You may want to copy the array to protect its data or make it writable before converting it to a tensor. This type of warning will be suppressed for the rest of this program. (Triggered internally at /pytorch/torch/csrc/utils/tensor_numpy.cpp:203.)
  img = torch.from_numpy(pic.transpose((2, 0, 1))).contiguous()
/app/apps/pytorch/2.6.0-py3-cu11.8/lib/python3.13/site-packages/torchvision/transforms/functional.py:154: UserWarning: The given NumPy array is not writable, and PyTorch does not support non-writable tensors. This means writing to this tensor will result in undefined behavior. You may want to copy the array to protect its data or make it writable before converting it to a tensor. This type of warning will be suppressed for the rest of this program. (Triggered internally at /pytorch/torch/csrc/utils/tensor_numpy.cpp:203.)
  img = torch.from_numpy(pic.transpose((2, 0, 1))).contiguous()
/app/apps/pytorch/2.6.0-py3-cu11.8/lib/python3.13/site-packages/torchvision/transforms/functional.py:154: UserWarning: The given NumPy array is not writable, and PyTorch does not support non-writable tensors. This means writing to this tensor will result in undefined behavior. You may want to copy the array to protect its data or make it writable before converting it to a tensor. This type of warning will be suppressed for the rest of this program. (Triggered internally at /pytorch/torch/csrc/utils/tensor_numpy.cpp:203.)
  img = torch.from_numpy(pic.transpose((2, 0, 1))).contiguous()
[e060 s0001/1030] loss = 0.000000
[e060 s0050/1030] loss = 0.000000
[e060 s0100/1030] loss = 0.000000
[e060 s0150/1030] loss = 0.000000
[e060 s0200/1030] loss = 0.000000
[e060 s0250/1030] loss = 0.000000
[e060 s0300/1030] loss = 0.000000
[e060 s0350/1030] loss = 0.000000
[e060 s0400/1030] loss = 0.000000
[e060 s0450/1030] loss = 0.000000
[e060 s0500/1030] loss = 0.000000
[e060 s0550/1030] loss = 0.000000
[e060 s0600/1030] loss = 0.000000
[e060 s0650/1030] loss = 0.000000
[e060 s0700/1030] loss = 0.000000
[e060 s0750/1030] loss = 0.000000
[e060 s0800/1030] loss = 0.000000
[e060 s0850/1030] loss = 0.000000
[e060 s0900/1030] loss = 0.000000
[e060 s0950/1030] loss = 0.000000
[e060 s1000/1030] loss = 0.000000
/app/apps/pytorch/2.6.0-py3-cu11.8/lib/python3.13/site-packages/torchvision/transforms/functional.py:154: UserWarning: The given NumPy array is not writable, and PyTorch does not support non-writable tensors. This means writing to this tensor will result in undefined behavior. You may want to copy the array to protect its data or make it writable before converting it to a tensor. This type of warning will be suppressed for the rest of this program. (Triggered internally at /pytorch/torch/csrc/utils/tensor_numpy.cpp:203.)
  img = torch.from_numpy(pic.transpose((2, 0, 1))).contiguous()
/app/apps/pytorch/2.6.0-py3-cu11.8/lib/python3.13/site-packages/torchvision/transforms/functional.py:154: UserWarning: The given NumPy array is not writable, and PyTorch does not support non-writable tensors. This means writing to this tensor will result in undefined behavior. You may want to copy the array to protect its data or make it writable before converting it to a tensor. This type of warning will be suppressed for the rest of this program. (Triggered internally at /pytorch/torch/csrc/utils/tensor_numpy.cpp:203.)
  img = torch.from_numpy(pic.transpose((2, 0, 1))).contiguous()
/app/apps/pytorch/2.6.0-py3-cu11.8/lib/python3.13/site-packages/torchvision/transforms/functional.py:154: UserWarning: The given NumPy array is not writable, and PyTorch does not support non-writable tensors. This means writing to this tensor will result in undefined behavior. You may want to copy the array to protect its data or make it writable before converting it to a tensor. This type of warning will be suppressed for the rest of this program. (Triggered internally at /pytorch/torch/csrc/utils/tensor_numpy.cpp:203.)
  img = torch.from_numpy(pic.transpose((2, 0, 1))).contiguous()
/app/apps/pytorch/2.6.0-py3-cu11.8/lib/python3.13/site-packages/torchvision/transforms/functional.py:154: UserWarning: The given NumPy array is not writable, and PyTorch does not support non-writable tensors. This means writing to this tensor will result in undefined behavior. You may want to copy the array to protect its data or make it writable before converting it to a tensor. This type of warning will be suppressed for the rest of this program. (Triggered internally at /pytorch/torch/csrc/utils/tensor_numpy.cpp:203.)
  img = torch.from_numpy(pic.transpose((2, 0, 1))).contiguous()
Epoch 060: train_loss = 0.000000  MAE/GAME0 = 0.000  RMSE = 0.000  GAME1 = 0.000  GAME2 = 0.000  GAME3 = 0.000  lr = 1.00e-05  time = 15.8s
/app/apps/pytorch/2.6.0-py3-cu11.8/lib/python3.13/site-packages/torchvision/transforms/functional.py:154: UserWarning: The given NumPy array is not writable, and PyTorch does not support non-writable tensors. This means writing to this tensor will result in undefined behavior. You may want to copy the array to protect its data or make it writable before converting it to a tensor. This type of warning will be suppressed for the rest of this program. (Triggered internally at /pytorch/torch/csrc/utils/tensor_numpy.cpp:203.)
  img = torch.from_numpy(pic.transpose((2, 0, 1))).contiguous()
/app/apps/pytorch/2.6.0-py3-cu11.8/lib/python3.13/site-packages/torchvision/transforms/functional.py:154: UserWarning: The given NumPy array is not writable, and PyTorch does not support non-writable tensors. This means writing to this tensor will result in undefined behavior. You may want to copy the array to protect its data or make it writable before converting it to a tensor. This type of warning will be suppressed for the rest of this program. (Triggered internally at /pytorch/torch/csrc/utils/tensor_numpy.cpp:203.)
  img = torch.from_numpy(pic.transpose((2, 0, 1))).contiguous()
/app/apps/pytorch/2.6.0-py3-cu11.8/lib/python3.13/site-packages/torchvision/transforms/functional.py:154: UserWarning: The given NumPy array is not writable, and PyTorch does not support non-writable tensors. This means writing to this tensor will result in undefined behavior. You may want to copy the array to protect its data or make it writable before converting it to a tensor. This type of warning will be suppressed for the rest of this program. (Triggered internally at /pytorch/torch/csrc/utils/tensor_numpy.cpp:203.)
  img = torch.from_numpy(pic.transpose((2, 0, 1))).contiguous()
[e061 s0001/1030] loss = 0.000000
/app/apps/pytorch/2.6.0-py3-cu11.8/lib/python3.13/site-packages/torchvision/transforms/functional.py:154: UserWarning: The given NumPy array is not writable, and PyTorch does not support non-writable tensors. This means writing to this tensor will result in undefined behavior. You may want to copy the array to protect its data or make it writable before converting it to a tensor. This type of warning will be suppressed for the rest of this program. (Triggered internally at /pytorch/torch/csrc/utils/tensor_numpy.cpp:203.)
  img = torch.from_numpy(pic.transpose((2, 0, 1))).contiguous()
[e061 s0050/1030] loss = 0.000000
[e061 s0100/1030] loss = 0.000000
[e061 s0150/1030] loss = 0.000000
[e061 s0200/1030] loss = 0.000000
[e061 s0250/1030] loss = 0.000000
[e061 s0300/1030] loss = 0.000000
[e061 s0350/1030] loss = 0.000000
[e061 s0400/1030] loss = 0.000000
[e061 s0450/1030] loss = 0.000000
[e061 s0500/1030] loss = 0.000000
[e061 s0550/1030] loss = 0.000000
[e061 s0600/1030] loss = 0.000000
[e061 s0650/1030] loss = 0.000000
[e061 s0700/1030] loss = 0.000000
[e061 s0750/1030] loss = 0.000000
[e061 s0800/1030] loss = 0.000000
[e061 s0850/1030] loss = 0.000000
[e061 s0900/1030] loss = 0.000000
[e061 s0950/1030] loss = 0.000000
[e061 s1000/1030] loss = 0.000000
/app/apps/pytorch/2.6.0-py3-cu11.8/lib/python3.13/site-packages/torchvision/transforms/functional.py:154: UserWarning: The given NumPy array is not writable, and PyTorch does not support non-writable tensors. This means writing to this tensor will result in undefined behavior. You may want to copy the array to protect its data or make it writable before converting it to a tensor. This type of warning will be suppressed for the rest of this program. (Triggered internally at /pytorch/torch/csrc/utils/tensor_numpy.cpp:203.)
  img = torch.from_numpy(pic.transpose((2, 0, 1))).contiguous()
/app/apps/pytorch/2.6.0-py3-cu11.8/lib/python3.13/site-packages/torchvision/transforms/functional.py:154: UserWarning: The given NumPy array is not writable, and PyTorch does not support non-writable tensors. This means writing to this tensor will result in undefined behavior. You may want to copy the array to protect its data or make it writable before converting it to a tensor. This type of warning will be suppressed for the rest of this program. (Triggered internally at /pytorch/torch/csrc/utils/tensor_numpy.cpp:203.)
  img = torch.from_numpy(pic.transpose((2, 0, 1))).contiguous()
/app/apps/pytorch/2.6.0-py3-cu11.8/lib/python3.13/site-packages/torchvision/transforms/functional.py:154: UserWarning: The given NumPy array is not writable, and PyTorch does not support non-writable tensors. This means writing to this tensor will result in undefined behavior. You may want to copy the array to protect its data or make it writable before converting it to a tensor. This type of warning will be suppressed for the rest of this program. (Triggered internally at /pytorch/torch/csrc/utils/tensor_numpy.cpp:203.)
  img = torch.from_numpy(pic.transpose((2, 0, 1))).contiguous()
/app/apps/pytorch/2.6.0-py3-cu11.8/lib/python3.13/site-packages/torchvision/transforms/functional.py:154: UserWarning: The given NumPy array is not writable, and PyTorch does not support non-writable tensors. This means writing to this tensor will result in undefined behavior. You may want to copy the array to protect its data or make it writable before converting it to a tensor. This type of warning will be suppressed for the rest of this program. (Triggered internally at /pytorch/torch/csrc/utils/tensor_numpy.cpp:203.)
  img = torch.from_numpy(pic.transpose((2, 0, 1))).contiguous()
Epoch 061: train_loss = 0.000000  MAE/GAME0 = 0.000  RMSE = 0.000  GAME1 = 0.000  GAME2 = 0.000  GAME3 = 0.000  lr = 1.00e-05  time = 16.0s
/app/apps/pytorch/2.6.0-py3-cu11.8/lib/python3.13/site-packages/torchvision/transforms/functional.py:154: UserWarning: The given NumPy array is not writable, and PyTorch does not support non-writable tensors. This means writing to this tensor will result in undefined behavior. You may want to copy the array to protect its data or make it writable before converting it to a tensor. This type of warning will be suppressed for the rest of this program. (Triggered internally at /pytorch/torch/csrc/utils/tensor_numpy.cpp:203.)
  img = torch.from_numpy(pic.transpose((2, 0, 1))).contiguous()
/app/apps/pytorch/2.6.0-py3-cu11.8/lib/python3.13/site-packages/torchvision/transforms/functional.py:154: UserWarning: The given NumPy array is not writable, and PyTorch does not support non-writable tensors. This means writing to this tensor will result in undefined behavior. You may want to copy the array to protect its data or make it writable before converting it to a tensor. This type of warning will be suppressed for the rest of this program. (Triggered internally at /pytorch/torch/csrc/utils/tensor_numpy.cpp:203.)
  img = torch.from_numpy(pic.transpose((2, 0, 1))).contiguous()
/app/apps/pytorch/2.6.0-py3-cu11.8/lib/python3.13/site-packages/torchvision/transforms/functional.py:154: UserWarning: The given NumPy array is not writable, and PyTorch does not support non-writable tensors. This means writing to this tensor will result in undefined behavior. You may want to copy the array to protect its data or make it writable before converting it to a tensor. This type of warning will be suppressed for the rest of this program. (Triggered internally at /pytorch/torch/csrc/utils/tensor_numpy.cpp:203.)
  img = torch.from_numpy(pic.transpose((2, 0, 1))).contiguous()
/app/apps/pytorch/2.6.0-py3-cu11.8/lib/python3.13/site-packages/torchvision/transforms/functional.py:154: UserWarning: The given NumPy array is not writable, and PyTorch does not support non-writable tensors. This means writing to this tensor will result in undefined behavior. You may want to copy the array to protect its data or make it writable before converting it to a tensor. This type of warning will be suppressed for the rest of this program. (Triggered internally at /pytorch/torch/csrc/utils/tensor_numpy.cpp:203.)
  img = torch.from_numpy(pic.transpose((2, 0, 1))).contiguous()
[e062 s0001/1030] loss = 0.000000
[e062 s0050/1030] loss = 0.000000
[e062 s0100/1030] loss = 0.000000
[e062 s0150/1030] loss = 0.000000
[e062 s0200/1030] loss = 0.000000
[e062 s0250/1030] loss = 0.000000
[e062 s0300/1030] loss = 0.000000
[e062 s0350/1030] loss = 0.000000
[e062 s0400/1030] loss = 0.000000
[e062 s0450/1030] loss = 0.000000
[e062 s0500/1030] loss = 0.000000
[e062 s0550/1030] loss = 0.000000
[e062 s0600/1030] loss = 0.000000
[e062 s0650/1030] loss = 0.000000
[e062 s0700/1030] loss = 0.000000
[e062 s0750/1030] loss = 0.000000
[e062 s0800/1030] loss = 0.000000
[e062 s0850/1030] loss = 0.000000
[e062 s0900/1030] loss = 0.000000
[e062 s0950/1030] loss = 0.000000
[e062 s1000/1030] loss = 0.000000
/app/apps/pytorch/2.6.0-py3-cu11.8/lib/python3.13/site-packages/torchvision/transforms/functional.py:154: UserWarning: The given NumPy array is not writable, and PyTorch does not support non-writable tensors. This means writing to this tensor will result in undefined behavior. You may want to copy the array to protect its data or make it writable before converting it to a tensor. This type of warning will be suppressed for the rest of this program. (Triggered internally at /pytorch/torch/csrc/utils/tensor_numpy.cpp:203.)
  img = torch.from_numpy(pic.transpose((2, 0, 1))).contiguous()
/app/apps/pytorch/2.6.0-py3-cu11.8/lib/python3.13/site-packages/torchvision/transforms/functional.py:154: UserWarning: The given NumPy array is not writable, and PyTorch does not support non-writable tensors. This means writing to this tensor will result in undefined behavior. You may want to copy the array to protect its data or make it writable before converting it to a tensor. This type of warning will be suppressed for the rest of this program. (Triggered internally at /pytorch/torch/csrc/utils/tensor_numpy.cpp:203.)
  img = torch.from_numpy(pic.transpose((2, 0, 1))).contiguous()
/app/apps/pytorch/2.6.0-py3-cu11.8/lib/python3.13/site-packages/torchvision/transforms/functional.py:154: UserWarning: The given NumPy array is not writable, and PyTorch does not support non-writable tensors. This means writing to this tensor will result in undefined behavior. You may want to copy the array to protect its data or make it writable before converting it to a tensor. This type of warning will be suppressed for the rest of this program. (Triggered internally at /pytorch/torch/csrc/utils/tensor_numpy.cpp:203.)
  img = torch.from_numpy(pic.transpose((2, 0, 1))).contiguous()
/app/apps/pytorch/2.6.0-py3-cu11.8/lib/python3.13/site-packages/torchvision/transforms/functional.py:154: UserWarning: The given NumPy array is not writable, and PyTorch does not support non-writable tensors. This means writing to this tensor will result in undefined behavior. You may want to copy the array to protect its data or make it writable before converting it to a tensor. This type of warning will be suppressed for the rest of this program. (Triggered internally at /pytorch/torch/csrc/utils/tensor_numpy.cpp:203.)
  img = torch.from_numpy(pic.transpose((2, 0, 1))).contiguous()
Epoch 062: train_loss = 0.000000  MAE/GAME0 = 0.000  RMSE = 0.000  GAME1 = 0.000  GAME2 = 0.000  GAME3 = 0.000  lr = 1.00e-05  time = 16.0s
/app/apps/pytorch/2.6.0-py3-cu11.8/lib/python3.13/site-packages/torchvision/transforms/functional.py:154: UserWarning: The given NumPy array is not writable, and PyTorch does not support non-writable tensors. This means writing to this tensor will result in undefined behavior. You may want to copy the array to protect its data or make it writable before converting it to a tensor. This type of warning will be suppressed for the rest of this program. (Triggered internally at /pytorch/torch/csrc/utils/tensor_numpy.cpp:203.)
  img = torch.from_numpy(pic.transpose((2, 0, 1))).contiguous()
/app/apps/pytorch/2.6.0-py3-cu11.8/lib/python3.13/site-packages/torchvision/transforms/functional.py:154: UserWarning: The given NumPy array is not writable, and PyTorch does not support non-writable tensors. This means writing to this tensor will result in undefined behavior. You may want to copy the array to protect its data or make it writable before converting it to a tensor. This type of warning will be suppressed for the rest of this program. (Triggered internally at /pytorch/torch/csrc/utils/tensor_numpy.cpp:203.)
  img = torch.from_numpy(pic.transpose((2, 0, 1))).contiguous()
/app/apps/pytorch/2.6.0-py3-cu11.8/lib/python3.13/site-packages/torchvision/transforms/functional.py:154: UserWarning: The given NumPy array is not writable, and PyTorch does not support non-writable tensors. This means writing to this tensor will result in undefined behavior. You may want to copy the array to protect its data or make it writable before converting it to a tensor. This type of warning will be suppressed for the rest of this program. (Triggered internally at /pytorch/torch/csrc/utils/tensor_numpy.cpp:203.)
  img = torch.from_numpy(pic.transpose((2, 0, 1))).contiguous()
/app/apps/pytorch/2.6.0-py3-cu11.8/lib/python3.13/site-packages/torchvision/transforms/functional.py:154: UserWarning: The given NumPy array is not writable, and PyTorch does not support non-writable tensors. This means writing to this tensor will result in undefined behavior. You may want to copy the array to protect its data or make it writable before converting it to a tensor. This type of warning will be suppressed for the rest of this program. (Triggered internally at /pytorch/torch/csrc/utils/tensor_numpy.cpp:203.)
  img = torch.from_numpy(pic.transpose((2, 0, 1))).contiguous()
[e063 s0001/1030] loss = 0.000000
[e063 s0050/1030] loss = 0.000000
[e063 s0100/1030] loss = 0.000000
[e063 s0150/1030] loss = 0.000000
[e063 s0200/1030] loss = 0.000000
[e063 s0250/1030] loss = 0.000000
[e063 s0300/1030] loss = 0.000000
[e063 s0350/1030] loss = 0.000000
[e063 s0400/1030] loss = 0.000000
[e063 s0450/1030] loss = 0.000000
[e063 s0500/1030] loss = 0.000000
[e063 s0550/1030] loss = 0.000000
[e063 s0600/1030] loss = 0.000000
[e063 s0650/1030] loss = 0.000000
[e063 s0700/1030] loss = 0.000000
[e063 s0750/1030] loss = 0.000000
[e063 s0800/1030] loss = 0.000000
[e063 s0850/1030] loss = 0.000000
[e063 s0900/1030] loss = 0.000000
[e063 s0950/1030] loss = 0.000000
[e063 s1000/1030] loss = 0.000000
/app/apps/pytorch/2.6.0-py3-cu11.8/lib/python3.13/site-packages/torchvision/transforms/functional.py:154: UserWarning: The given NumPy array is not writable, and PyTorch does not support non-writable tensors. This means writing to this tensor will result in undefined behavior. You may want to copy the array to protect its data or make it writable before converting it to a tensor. This type of warning will be suppressed for the rest of this program. (Triggered internally at /pytorch/torch/csrc/utils/tensor_numpy.cpp:203.)
  img = torch.from_numpy(pic.transpose((2, 0, 1))).contiguous()
/app/apps/pytorch/2.6.0-py3-cu11.8/lib/python3.13/site-packages/torchvision/transforms/functional.py:154: UserWarning: The given NumPy array is not writable, and PyTorch does not support non-writable tensors. This means writing to this tensor will result in undefined behavior. You may want to copy the array to protect its data or make it writable before converting it to a tensor. This type of warning will be suppressed for the rest of this program. (Triggered internally at /pytorch/torch/csrc/utils/tensor_numpy.cpp:203.)
  img = torch.from_numpy(pic.transpose((2, 0, 1))).contiguous()
/app/apps/pytorch/2.6.0-py3-cu11.8/lib/python3.13/site-packages/torchvision/transforms/functional.py:154: UserWarning: The given NumPy array is not writable, and PyTorch does not support non-writable tensors. This means writing to this tensor will result in undefined behavior. You may want to copy the array to protect its data or make it writable before converting it to a tensor. This type of warning will be suppressed for the rest of this program. (Triggered internally at /pytorch/torch/csrc/utils/tensor_numpy.cpp:203.)
  img = torch.from_numpy(pic.transpose((2, 0, 1))).contiguous()
/app/apps/pytorch/2.6.0-py3-cu11.8/lib/python3.13/site-packages/torchvision/transforms/functional.py:154: UserWarning: The given NumPy array is not writable, and PyTorch does not support non-writable tensors. This means writing to this tensor will result in undefined behavior. You may want to copy the array to protect its data or make it writable before converting it to a tensor. This type of warning will be suppressed for the rest of this program. (Triggered internally at /pytorch/torch/csrc/utils/tensor_numpy.cpp:203.)
  img = torch.from_numpy(pic.transpose((2, 0, 1))).contiguous()
Epoch 063: train_loss = 0.000000  MAE/GAME0 = 0.000  RMSE = 0.000  GAME1 = 0.000  GAME2 = 0.000  GAME3 = 0.000  lr = 1.00e-05  time = 15.8s
/app/apps/pytorch/2.6.0-py3-cu11.8/lib/python3.13/site-packages/torchvision/transforms/functional.py:154: UserWarning: The given NumPy array is not writable, and PyTorch does not support non-writable tensors. This means writing to this tensor will result in undefined behavior. You may want to copy the array to protect its data or make it writable before converting it to a tensor. This type of warning will be suppressed for the rest of this program. (Triggered internally at /pytorch/torch/csrc/utils/tensor_numpy.cpp:203.)
  img = torch.from_numpy(pic.transpose((2, 0, 1))).contiguous()
/app/apps/pytorch/2.6.0-py3-cu11.8/lib/python3.13/site-packages/torchvision/transforms/functional.py:154: UserWarning: The given NumPy array is not writable, and PyTorch does not support non-writable tensors. This means writing to this tensor will result in undefined behavior. You may want to copy the array to protect its data or make it writable before converting it to a tensor. This type of warning will be suppressed for the rest of this program. (Triggered internally at /pytorch/torch/csrc/utils/tensor_numpy.cpp:203.)
  img = torch.from_numpy(pic.transpose((2, 0, 1))).contiguous()
[e064 s0001/1030] loss = 0.000000
/app/apps/pytorch/2.6.0-py3-cu11.8/lib/python3.13/site-packages/torchvision/transforms/functional.py:154: UserWarning: The given NumPy array is not writable, and PyTorch does not support non-writable tensors. This means writing to this tensor will result in undefined behavior. You may want to copy the array to protect its data or make it writable before converting it to a tensor. This type of warning will be suppressed for the rest of this program. (Triggered internally at /pytorch/torch/csrc/utils/tensor_numpy.cpp:203.)
  img = torch.from_numpy(pic.transpose((2, 0, 1))).contiguous()
/app/apps/pytorch/2.6.0-py3-cu11.8/lib/python3.13/site-packages/torchvision/transforms/functional.py:154: UserWarning: The given NumPy array is not writable, and PyTorch does not support non-writable tensors. This means writing to this tensor will result in undefined behavior. You may want to copy the array to protect its data or make it writable before converting it to a tensor. This type of warning will be suppressed for the rest of this program. (Triggered internally at /pytorch/torch/csrc/utils/tensor_numpy.cpp:203.)
  img = torch.from_numpy(pic.transpose((2, 0, 1))).contiguous()
[e064 s0050/1030] loss = 0.000000
[e064 s0100/1030] loss = 0.000000
[e064 s0150/1030] loss = 0.000000
[e064 s0200/1030] loss = 0.000000
[e064 s0250/1030] loss = 0.000000
[e064 s0300/1030] loss = 0.000000
[e064 s0350/1030] loss = 0.000000
[e064 s0400/1030] loss = 0.000000
[e064 s0450/1030] loss = 0.000000
[e064 s0500/1030] loss = 0.000000
[e064 s0550/1030] loss = 0.000000
[e064 s0600/1030] loss = 0.000000
[e064 s0650/1030] loss = 0.000000
[e064 s0700/1030] loss = 0.000000
[e064 s0750/1030] loss = 0.000000
[e064 s0800/1030] loss = 0.000000
[e064 s0850/1030] loss = 0.000000
[e064 s0900/1030] loss = 0.000000
[e064 s0950/1030] loss = 0.000000
[e064 s1000/1030] loss = 0.000000
/app/apps/pytorch/2.6.0-py3-cu11.8/lib/python3.13/site-packages/torchvision/transforms/functional.py:154: UserWarning: The given NumPy array is not writable, and PyTorch does not support non-writable tensors. This means writing to this tensor will result in undefined behavior. You may want to copy the array to protect its data or make it writable before converting it to a tensor. This type of warning will be suppressed for the rest of this program. (Triggered internally at /pytorch/torch/csrc/utils/tensor_numpy.cpp:203.)
  img = torch.from_numpy(pic.transpose((2, 0, 1))).contiguous()
/app/apps/pytorch/2.6.0-py3-cu11.8/lib/python3.13/site-packages/torchvision/transforms/functional.py:154: UserWarning: The given NumPy array is not writable, and PyTorch does not support non-writable tensors. This means writing to this tensor will result in undefined behavior. You may want to copy the array to protect its data or make it writable before converting it to a tensor. This type of warning will be suppressed for the rest of this program. (Triggered internally at /pytorch/torch/csrc/utils/tensor_numpy.cpp:203.)
  img = torch.from_numpy(pic.transpose((2, 0, 1))).contiguous()
/app/apps/pytorch/2.6.0-py3-cu11.8/lib/python3.13/site-packages/torchvision/transforms/functional.py:154: UserWarning: The given NumPy array is not writable, and PyTorch does not support non-writable tensors. This means writing to this tensor will result in undefined behavior. You may want to copy the array to protect its data or make it writable before converting it to a tensor. This type of warning will be suppressed for the rest of this program. (Triggered internally at /pytorch/torch/csrc/utils/tensor_numpy.cpp:203.)
  img = torch.from_numpy(pic.transpose((2, 0, 1))).contiguous()
/app/apps/pytorch/2.6.0-py3-cu11.8/lib/python3.13/site-packages/torchvision/transforms/functional.py:154: UserWarning: The given NumPy array is not writable, and PyTorch does not support non-writable tensors. This means writing to this tensor will result in undefined behavior. You may want to copy the array to protect its data or make it writable before converting it to a tensor. This type of warning will be suppressed for the rest of this program. (Triggered internally at /pytorch/torch/csrc/utils/tensor_numpy.cpp:203.)
  img = torch.from_numpy(pic.transpose((2, 0, 1))).contiguous()
Epoch 064: train_loss = 0.000000  MAE/GAME0 = 0.000  RMSE = 0.000  GAME1 = 0.000  GAME2 = 0.000  GAME3 = 0.000  lr = 1.00e-05  time = 16.1s
/app/apps/pytorch/2.6.0-py3-cu11.8/lib/python3.13/site-packages/torchvision/transforms/functional.py:154: UserWarning: The given NumPy array is not writable, and PyTorch does not support non-writable tensors. This means writing to this tensor will result in undefined behavior. You may want to copy the array to protect its data or make it writable before converting it to a tensor. This type of warning will be suppressed for the rest of this program. (Triggered internally at /pytorch/torch/csrc/utils/tensor_numpy.cpp:203.)
  img = torch.from_numpy(pic.transpose((2, 0, 1))).contiguous()
/app/apps/pytorch/2.6.0-py3-cu11.8/lib/python3.13/site-packages/torchvision/transforms/functional.py:154: UserWarning: The given NumPy array is not writable, and PyTorch does not support non-writable tensors. This means writing to this tensor will result in undefined behavior. You may want to copy the array to protect its data or make it writable before converting it to a tensor. This type of warning will be suppressed for the rest of this program. (Triggered internally at /pytorch/torch/csrc/utils/tensor_numpy.cpp:203.)
  img = torch.from_numpy(pic.transpose((2, 0, 1))).contiguous()
/app/apps/pytorch/2.6.0-py3-cu11.8/lib/python3.13/site-packages/torchvision/transforms/functional.py:154: UserWarning: The given NumPy array is not writable, and PyTorch does not support non-writable tensors. This means writing to this tensor will result in undefined behavior. You may want to copy the array to protect its data or make it writable before converting it to a tensor. This type of warning will be suppressed for the rest of this program. (Triggered internally at /pytorch/torch/csrc/utils/tensor_numpy.cpp:203.)
  img = torch.from_numpy(pic.transpose((2, 0, 1))).contiguous()
[e065 s0001/1030] loss = 0.000000
/app/apps/pytorch/2.6.0-py3-cu11.8/lib/python3.13/site-packages/torchvision/transforms/functional.py:154: UserWarning: The given NumPy array is not writable, and PyTorch does not support non-writable tensors. This means writing to this tensor will result in undefined behavior. You may want to copy the array to protect its data or make it writable before converting it to a tensor. This type of warning will be suppressed for the rest of this program. (Triggered internally at /pytorch/torch/csrc/utils/tensor_numpy.cpp:203.)
  img = torch.from_numpy(pic.transpose((2, 0, 1))).contiguous()
[e065 s0050/1030] loss = 0.000000
[e065 s0100/1030] loss = 0.000000
[e065 s0150/1030] loss = 0.000000
[e065 s0200/1030] loss = 0.000000
[e065 s0250/1030] loss = 0.000000
[e065 s0300/1030] loss = 0.000000
[e065 s0350/1030] loss = 0.000000
[e065 s0400/1030] loss = 0.000000
[e065 s0450/1030] loss = 0.000000
[e065 s0500/1030] loss = 0.000000
[e065 s0550/1030] loss = 0.000000
[e065 s0600/1030] loss = 0.000000
[e065 s0650/1030] loss = 0.000000
[e065 s0700/1030] loss = 0.000000
[e065 s0750/1030] loss = 0.000000
[e065 s0800/1030] loss = 0.000000
[e065 s0850/1030] loss = 0.000000
[e065 s0900/1030] loss = 0.000000
[e065 s0950/1030] loss = 0.000000
[e065 s1000/1030] loss = 0.000000
/app/apps/pytorch/2.6.0-py3-cu11.8/lib/python3.13/site-packages/torchvision/transforms/functional.py:154: UserWarning: The given NumPy array is not writable, and PyTorch does not support non-writable tensors. This means writing to this tensor will result in undefined behavior. You may want to copy the array to protect its data or make it writable before converting it to a tensor. This type of warning will be suppressed for the rest of this program. (Triggered internally at /pytorch/torch/csrc/utils/tensor_numpy.cpp:203.)
  img = torch.from_numpy(pic.transpose((2, 0, 1))).contiguous()
/app/apps/pytorch/2.6.0-py3-cu11.8/lib/python3.13/site-packages/torchvision/transforms/functional.py:154: UserWarning: The given NumPy array is not writable, and PyTorch does not support non-writable tensors. This means writing to this tensor will result in undefined behavior. You may want to copy the array to protect its data or make it writable before converting it to a tensor. This type of warning will be suppressed for the rest of this program. (Triggered internally at /pytorch/torch/csrc/utils/tensor_numpy.cpp:203.)
  img = torch.from_numpy(pic.transpose((2, 0, 1))).contiguous()
/app/apps/pytorch/2.6.0-py3-cu11.8/lib/python3.13/site-packages/torchvision/transforms/functional.py:154: UserWarning: The given NumPy array is not writable, and PyTorch does not support non-writable tensors. This means writing to this tensor will result in undefined behavior. You may want to copy the array to protect its data or make it writable before converting it to a tensor. This type of warning will be suppressed for the rest of this program. (Triggered internally at /pytorch/torch/csrc/utils/tensor_numpy.cpp:203.)
  img = torch.from_numpy(pic.transpose((2, 0, 1))).contiguous()
/app/apps/pytorch/2.6.0-py3-cu11.8/lib/python3.13/site-packages/torchvision/transforms/functional.py:154: UserWarning: The given NumPy array is not writable, and PyTorch does not support non-writable tensors. This means writing to this tensor will result in undefined behavior. You may want to copy the array to protect its data or make it writable before converting it to a tensor. This type of warning will be suppressed for the rest of this program. (Triggered internally at /pytorch/torch/csrc/utils/tensor_numpy.cpp:203.)
  img = torch.from_numpy(pic.transpose((2, 0, 1))).contiguous()
Epoch 065: train_loss = 0.000000  MAE/GAME0 = 0.000  RMSE = 0.000  GAME1 = 0.000  GAME2 = 0.000  GAME3 = 0.000  lr = 1.00e-05  time = 16.0s
/app/apps/pytorch/2.6.0-py3-cu11.8/lib/python3.13/site-packages/torchvision/transforms/functional.py:154: UserWarning: The given NumPy array is not writable, and PyTorch does not support non-writable tensors. This means writing to this tensor will result in undefined behavior. You may want to copy the array to protect its data or make it writable before converting it to a tensor. This type of warning will be suppressed for the rest of this program. (Triggered internally at /pytorch/torch/csrc/utils/tensor_numpy.cpp:203.)
  img = torch.from_numpy(pic.transpose((2, 0, 1))).contiguous()
/app/apps/pytorch/2.6.0-py3-cu11.8/lib/python3.13/site-packages/torchvision/transforms/functional.py:154: UserWarning: The given NumPy array is not writable, and PyTorch does not support non-writable tensors. This means writing to this tensor will result in undefined behavior. You may want to copy the array to protect its data or make it writable before converting it to a tensor. This type of warning will be suppressed for the rest of this program. (Triggered internally at /pytorch/torch/csrc/utils/tensor_numpy.cpp:203.)
  img = torch.from_numpy(pic.transpose((2, 0, 1))).contiguous()
/app/apps/pytorch/2.6.0-py3-cu11.8/lib/python3.13/site-packages/torchvision/transforms/functional.py:154: UserWarning: The given NumPy array is not writable, and PyTorch does not support non-writable tensors. This means writing to this tensor will result in undefined behavior. You may want to copy the array to protect its data or make it writable before converting it to a tensor. This type of warning will be suppressed for the rest of this program. (Triggered internally at /pytorch/torch/csrc/utils/tensor_numpy.cpp:203.)
  img = torch.from_numpy(pic.transpose((2, 0, 1))).contiguous()
[e066 s0001/1030] loss = 0.000000
/app/apps/pytorch/2.6.0-py3-cu11.8/lib/python3.13/site-packages/torchvision/transforms/functional.py:154: UserWarning: The given NumPy array is not writable, and PyTorch does not support non-writable tensors. This means writing to this tensor will result in undefined behavior. You may want to copy the array to protect its data or make it writable before converting it to a tensor. This type of warning will be suppressed for the rest of this program. (Triggered internally at /pytorch/torch/csrc/utils/tensor_numpy.cpp:203.)
  img = torch.from_numpy(pic.transpose((2, 0, 1))).contiguous()
[e066 s0050/1030] loss = 0.000000
[e066 s0100/1030] loss = 0.000000
[e066 s0150/1030] loss = 0.000000
[e066 s0200/1030] loss = 0.000000
[e066 s0250/1030] loss = 0.000000
[e066 s0300/1030] loss = 0.000000
[e066 s0350/1030] loss = 0.000000
[e066 s0400/1030] loss = 0.000000
[e066 s0450/1030] loss = 0.000000
[e066 s0500/1030] loss = 0.000000
[e066 s0550/1030] loss = 0.000000
[e066 s0600/1030] loss = 0.000000
[e066 s0650/1030] loss = 0.000000
[e066 s0700/1030] loss = 0.000000
[e066 s0750/1030] loss = 0.000000
[e066 s0800/1030] loss = 0.000000
[e066 s0850/1030] loss = 0.000000
[e066 s0900/1030] loss = 0.000000
[e066 s0950/1030] loss = 0.000000
[e066 s1000/1030] loss = 0.000000
/app/apps/pytorch/2.6.0-py3-cu11.8/lib/python3.13/site-packages/torchvision/transforms/functional.py:154: UserWarning: The given NumPy array is not writable, and PyTorch does not support non-writable tensors. This means writing to this tensor will result in undefined behavior. You may want to copy the array to protect its data or make it writable before converting it to a tensor. This type of warning will be suppressed for the rest of this program. (Triggered internally at /pytorch/torch/csrc/utils/tensor_numpy.cpp:203.)
  img = torch.from_numpy(pic.transpose((2, 0, 1))).contiguous()
/app/apps/pytorch/2.6.0-py3-cu11.8/lib/python3.13/site-packages/torchvision/transforms/functional.py:154: UserWarning: The given NumPy array is not writable, and PyTorch does not support non-writable tensors. This means writing to this tensor will result in undefined behavior. You may want to copy the array to protect its data or make it writable before converting it to a tensor. This type of warning will be suppressed for the rest of this program. (Triggered internally at /pytorch/torch/csrc/utils/tensor_numpy.cpp:203.)
  img = torch.from_numpy(pic.transpose((2, 0, 1))).contiguous()
/app/apps/pytorch/2.6.0-py3-cu11.8/lib/python3.13/site-packages/torchvision/transforms/functional.py:154: UserWarning: The given NumPy array is not writable, and PyTorch does not support non-writable tensors. This means writing to this tensor will result in undefined behavior. You may want to copy the array to protect its data or make it writable before converting it to a tensor. This type of warning will be suppressed for the rest of this program. (Triggered internally at /pytorch/torch/csrc/utils/tensor_numpy.cpp:203.)
  img = torch.from_numpy(pic.transpose((2, 0, 1))).contiguous()
/app/apps/pytorch/2.6.0-py3-cu11.8/lib/python3.13/site-packages/torchvision/transforms/functional.py:154: UserWarning: The given NumPy array is not writable, and PyTorch does not support non-writable tensors. This means writing to this tensor will result in undefined behavior. You may want to copy the array to protect its data or make it writable before converting it to a tensor. This type of warning will be suppressed for the rest of this program. (Triggered internally at /pytorch/torch/csrc/utils/tensor_numpy.cpp:203.)
  img = torch.from_numpy(pic.transpose((2, 0, 1))).contiguous()
Epoch 066: train_loss = 0.000000  MAE/GAME0 = 0.000  RMSE = 0.000  GAME1 = 0.000  GAME2 = 0.000  GAME3 = 0.000  lr = 1.00e-05  time = 16.1s
/app/apps/pytorch/2.6.0-py3-cu11.8/lib/python3.13/site-packages/torchvision/transforms/functional.py:154: UserWarning: The given NumPy array is not writable, and PyTorch does not support non-writable tensors. This means writing to this tensor will result in undefined behavior. You may want to copy the array to protect its data or make it writable before converting it to a tensor. This type of warning will be suppressed for the rest of this program. (Triggered internally at /pytorch/torch/csrc/utils/tensor_numpy.cpp:203.)
  img = torch.from_numpy(pic.transpose((2, 0, 1))).contiguous()
/app/apps/pytorch/2.6.0-py3-cu11.8/lib/python3.13/site-packages/torchvision/transforms/functional.py:154: UserWarning: The given NumPy array is not writable, and PyTorch does not support non-writable tensors. This means writing to this tensor will result in undefined behavior. You may want to copy the array to protect its data or make it writable before converting it to a tensor. This type of warning will be suppressed for the rest of this program. (Triggered internally at /pytorch/torch/csrc/utils/tensor_numpy.cpp:203.)
  img = torch.from_numpy(pic.transpose((2, 0, 1))).contiguous()
[e067 s0001/1030] loss = 0.000000
/app/apps/pytorch/2.6.0-py3-cu11.8/lib/python3.13/site-packages/torchvision/transforms/functional.py:154: UserWarning: The given NumPy array is not writable, and PyTorch does not support non-writable tensors. This means writing to this tensor will result in undefined behavior. You may want to copy the array to protect its data or make it writable before converting it to a tensor. This type of warning will be suppressed for the rest of this program. (Triggered internally at /pytorch/torch/csrc/utils/tensor_numpy.cpp:203.)
  img = torch.from_numpy(pic.transpose((2, 0, 1))).contiguous()
/app/apps/pytorch/2.6.0-py3-cu11.8/lib/python3.13/site-packages/torchvision/transforms/functional.py:154: UserWarning: The given NumPy array is not writable, and PyTorch does not support non-writable tensors. This means writing to this tensor will result in undefined behavior. You may want to copy the array to protect its data or make it writable before converting it to a tensor. This type of warning will be suppressed for the rest of this program. (Triggered internally at /pytorch/torch/csrc/utils/tensor_numpy.cpp:203.)
  img = torch.from_numpy(pic.transpose((2, 0, 1))).contiguous()
[e067 s0050/1030] loss = 0.000000
[e067 s0100/1030] loss = 0.000000
[e067 s0150/1030] loss = 0.000000
[e067 s0200/1030] loss = 0.000000
[e067 s0250/1030] loss = 0.000000
[e067 s0300/1030] loss = 0.000000
[e067 s0350/1030] loss = 0.000000
[e067 s0400/1030] loss = 0.000000
[e067 s0450/1030] loss = 0.000000
[e067 s0500/1030] loss = 0.000000
[e067 s0550/1030] loss = 0.000000
[e067 s0600/1030] loss = 0.000000
[e067 s0650/1030] loss = 0.000000
[e067 s0700/1030] loss = 0.000000
[e067 s0750/1030] loss = 0.000000
[e067 s0800/1030] loss = 0.000000
[e067 s0850/1030] loss = 0.000000
[e067 s0900/1030] loss = 0.000000
[e067 s0950/1030] loss = 0.000000
[e067 s1000/1030] loss = 0.000000
/app/apps/pytorch/2.6.0-py3-cu11.8/lib/python3.13/site-packages/torchvision/transforms/functional.py:154: UserWarning: The given NumPy array is not writable, and PyTorch does not support non-writable tensors. This means writing to this tensor will result in undefined behavior. You may want to copy the array to protect its data or make it writable before converting it to a tensor. This type of warning will be suppressed for the rest of this program. (Triggered internally at /pytorch/torch/csrc/utils/tensor_numpy.cpp:203.)
  img = torch.from_numpy(pic.transpose((2, 0, 1))).contiguous()
/app/apps/pytorch/2.6.0-py3-cu11.8/lib/python3.13/site-packages/torchvision/transforms/functional.py:154: UserWarning: The given NumPy array is not writable, and PyTorch does not support non-writable tensors. This means writing to this tensor will result in undefined behavior. You may want to copy the array to protect its data or make it writable before converting it to a tensor. This type of warning will be suppressed for the rest of this program. (Triggered internally at /pytorch/torch/csrc/utils/tensor_numpy.cpp:203.)
  img = torch.from_numpy(pic.transpose((2, 0, 1))).contiguous()
/app/apps/pytorch/2.6.0-py3-cu11.8/lib/python3.13/site-packages/torchvision/transforms/functional.py:154: UserWarning: The given NumPy array is not writable, and PyTorch does not support non-writable tensors. This means writing to this tensor will result in undefined behavior. You may want to copy the array to protect its data or make it writable before converting it to a tensor. This type of warning will be suppressed for the rest of this program. (Triggered internally at /pytorch/torch/csrc/utils/tensor_numpy.cpp:203.)
  img = torch.from_numpy(pic.transpose((2, 0, 1))).contiguous()
/app/apps/pytorch/2.6.0-py3-cu11.8/lib/python3.13/site-packages/torchvision/transforms/functional.py:154: UserWarning: The given NumPy array is not writable, and PyTorch does not support non-writable tensors. This means writing to this tensor will result in undefined behavior. You may want to copy the array to protect its data or make it writable before converting it to a tensor. This type of warning will be suppressed for the rest of this program. (Triggered internally at /pytorch/torch/csrc/utils/tensor_numpy.cpp:203.)
  img = torch.from_numpy(pic.transpose((2, 0, 1))).contiguous()
Epoch 067: train_loss = 0.000000  MAE/GAME0 = 0.000  RMSE = 0.000  GAME1 = 0.000  GAME2 = 0.000  GAME3 = 0.000  lr = 1.00e-05  time = 16.0s
/app/apps/pytorch/2.6.0-py3-cu11.8/lib/python3.13/site-packages/torchvision/transforms/functional.py:154: UserWarning: The given NumPy array is not writable, and PyTorch does not support non-writable tensors. This means writing to this tensor will result in undefined behavior. You may want to copy the array to protect its data or make it writable before converting it to a tensor. This type of warning will be suppressed for the rest of this program. (Triggered internally at /pytorch/torch/csrc/utils/tensor_numpy.cpp:203.)
  img = torch.from_numpy(pic.transpose((2, 0, 1))).contiguous()
/app/apps/pytorch/2.6.0-py3-cu11.8/lib/python3.13/site-packages/torchvision/transforms/functional.py:154: UserWarning: The given NumPy array is not writable, and PyTorch does not support non-writable tensors. This means writing to this tensor will result in undefined behavior. You may want to copy the array to protect its data or make it writable before converting it to a tensor. This type of warning will be suppressed for the rest of this program. (Triggered internally at /pytorch/torch/csrc/utils/tensor_numpy.cpp:203.)
  img = torch.from_numpy(pic.transpose((2, 0, 1))).contiguous()
[e068 s0001/1030] loss = 0.000000
/app/apps/pytorch/2.6.0-py3-cu11.8/lib/python3.13/site-packages/torchvision/transforms/functional.py:154: UserWarning: The given NumPy array is not writable, and PyTorch does not support non-writable tensors. This means writing to this tensor will result in undefined behavior. You may want to copy the array to protect its data or make it writable before converting it to a tensor. This type of warning will be suppressed for the rest of this program. (Triggered internally at /pytorch/torch/csrc/utils/tensor_numpy.cpp:203.)
  img = torch.from_numpy(pic.transpose((2, 0, 1))).contiguous()
/app/apps/pytorch/2.6.0-py3-cu11.8/lib/python3.13/site-packages/torchvision/transforms/functional.py:154: UserWarning: The given NumPy array is not writable, and PyTorch does not support non-writable tensors. This means writing to this tensor will result in undefined behavior. You may want to copy the array to protect its data or make it writable before converting it to a tensor. This type of warning will be suppressed for the rest of this program. (Triggered internally at /pytorch/torch/csrc/utils/tensor_numpy.cpp:203.)
  img = torch.from_numpy(pic.transpose((2, 0, 1))).contiguous()
[e068 s0050/1030] loss = 0.000000
[e068 s0100/1030] loss = 0.000000
[e068 s0150/1030] loss = 0.000000
[e068 s0200/1030] loss = 0.000000
[e068 s0250/1030] loss = 0.000000
[e068 s0300/1030] loss = 0.000000
[e068 s0350/1030] loss = 0.000000
[e068 s0400/1030] loss = 0.000000
[e068 s0450/1030] loss = 0.000000
[e068 s0500/1030] loss = 0.000000
[e068 s0550/1030] loss = 0.000000
[e068 s0600/1030] loss = 0.000000
[e068 s0650/1030] loss = 0.000000
[e068 s0700/1030] loss = 0.000000
[e068 s0750/1030] loss = 0.000000
[e068 s0800/1030] loss = 0.000000
[e068 s0850/1030] loss = 0.000000
[e068 s0900/1030] loss = 0.000000
[e068 s0950/1030] loss = 0.000000
[e068 s1000/1030] loss = 0.000000
/app/apps/pytorch/2.6.0-py3-cu11.8/lib/python3.13/site-packages/torchvision/transforms/functional.py:154: UserWarning: The given NumPy array is not writable, and PyTorch does not support non-writable tensors. This means writing to this tensor will result in undefined behavior. You may want to copy the array to protect its data or make it writable before converting it to a tensor. This type of warning will be suppressed for the rest of this program. (Triggered internally at /pytorch/torch/csrc/utils/tensor_numpy.cpp:203.)
  img = torch.from_numpy(pic.transpose((2, 0, 1))).contiguous()
/app/apps/pytorch/2.6.0-py3-cu11.8/lib/python3.13/site-packages/torchvision/transforms/functional.py:154: UserWarning: The given NumPy array is not writable, and PyTorch does not support non-writable tensors. This means writing to this tensor will result in undefined behavior. You may want to copy the array to protect its data or make it writable before converting it to a tensor. This type of warning will be suppressed for the rest of this program. (Triggered internally at /pytorch/torch/csrc/utils/tensor_numpy.cpp:203.)
  img = torch.from_numpy(pic.transpose((2, 0, 1))).contiguous()
/app/apps/pytorch/2.6.0-py3-cu11.8/lib/python3.13/site-packages/torchvision/transforms/functional.py:154: UserWarning: The given NumPy array is not writable, and PyTorch does not support non-writable tensors. This means writing to this tensor will result in undefined behavior. You may want to copy the array to protect its data or make it writable before converting it to a tensor. This type of warning will be suppressed for the rest of this program. (Triggered internally at /pytorch/torch/csrc/utils/tensor_numpy.cpp:203.)
  img = torch.from_numpy(pic.transpose((2, 0, 1))).contiguous()
/app/apps/pytorch/2.6.0-py3-cu11.8/lib/python3.13/site-packages/torchvision/transforms/functional.py:154: UserWarning: The given NumPy array is not writable, and PyTorch does not support non-writable tensors. This means writing to this tensor will result in undefined behavior. You may want to copy the array to protect its data or make it writable before converting it to a tensor. This type of warning will be suppressed for the rest of this program. (Triggered internally at /pytorch/torch/csrc/utils/tensor_numpy.cpp:203.)
  img = torch.from_numpy(pic.transpose((2, 0, 1))).contiguous()
Epoch 068: train_loss = 0.000000  MAE/GAME0 = 0.000  RMSE = 0.000  GAME1 = 0.000  GAME2 = 0.000  GAME3 = 0.000  lr = 1.00e-05  time = 16.0s
/app/apps/pytorch/2.6.0-py3-cu11.8/lib/python3.13/site-packages/torchvision/transforms/functional.py:154: UserWarning: The given NumPy array is not writable, and PyTorch does not support non-writable tensors. This means writing to this tensor will result in undefined behavior. You may want to copy the array to protect its data or make it writable before converting it to a tensor. This type of warning will be suppressed for the rest of this program. (Triggered internally at /pytorch/torch/csrc/utils/tensor_numpy.cpp:203.)
  img = torch.from_numpy(pic.transpose((2, 0, 1))).contiguous()
/app/apps/pytorch/2.6.0-py3-cu11.8/lib/python3.13/site-packages/torchvision/transforms/functional.py:154: UserWarning: The given NumPy array is not writable, and PyTorch does not support non-writable tensors. This means writing to this tensor will result in undefined behavior. You may want to copy the array to protect its data or make it writable before converting it to a tensor. This type of warning will be suppressed for the rest of this program. (Triggered internally at /pytorch/torch/csrc/utils/tensor_numpy.cpp:203.)
  img = torch.from_numpy(pic.transpose((2, 0, 1))).contiguous()
/app/apps/pytorch/2.6.0-py3-cu11.8/lib/python3.13/site-packages/torchvision/transforms/functional.py:154: UserWarning: The given NumPy array is not writable, and PyTorch does not support non-writable tensors. This means writing to this tensor will result in undefined behavior. You may want to copy the array to protect its data or make it writable before converting it to a tensor. This type of warning will be suppressed for the rest of this program. (Triggered internally at /pytorch/torch/csrc/utils/tensor_numpy.cpp:203.)
  img = torch.from_numpy(pic.transpose((2, 0, 1))).contiguous()
/app/apps/pytorch/2.6.0-py3-cu11.8/lib/python3.13/site-packages/torchvision/transforms/functional.py:154: UserWarning: The given NumPy array is not writable, and PyTorch does not support non-writable tensors. This means writing to this tensor will result in undefined behavior. You may want to copy the array to protect its data or make it writable before converting it to a tensor. This type of warning will be suppressed for the rest of this program. (Triggered internally at /pytorch/torch/csrc/utils/tensor_numpy.cpp:203.)
  img = torch.from_numpy(pic.transpose((2, 0, 1))).contiguous()
[e069 s0001/1030] loss = 0.000000
[e069 s0050/1030] loss = 0.000000
[e069 s0100/1030] loss = 0.000000
[e069 s0150/1030] loss = 0.000000
[e069 s0200/1030] loss = 0.000000
[e069 s0250/1030] loss = 0.000000
[e069 s0300/1030] loss = 0.000000
[e069 s0350/1030] loss = 0.000000
[e069 s0400/1030] loss = 0.000000
[e069 s0450/1030] loss = 0.000000
[e069 s0500/1030] loss = 0.000000
[e069 s0550/1030] loss = 0.000000
[e069 s0600/1030] loss = 0.000000
[e069 s0650/1030] loss = 0.000000
[e069 s0700/1030] loss = 0.000000
[e069 s0750/1030] loss = 0.000000
[e069 s0800/1030] loss = 0.000000
[e069 s0850/1030] loss = 0.000000
[e069 s0900/1030] loss = 0.000000
[e069 s0950/1030] loss = 0.000000
[e069 s1000/1030] loss = 0.000000
/app/apps/pytorch/2.6.0-py3-cu11.8/lib/python3.13/site-packages/torchvision/transforms/functional.py:154: UserWarning: The given NumPy array is not writable, and PyTorch does not support non-writable tensors. This means writing to this tensor will result in undefined behavior. You may want to copy the array to protect its data or make it writable before converting it to a tensor. This type of warning will be suppressed for the rest of this program. (Triggered internally at /pytorch/torch/csrc/utils/tensor_numpy.cpp:203.)
  img = torch.from_numpy(pic.transpose((2, 0, 1))).contiguous()
/app/apps/pytorch/2.6.0-py3-cu11.8/lib/python3.13/site-packages/torchvision/transforms/functional.py:154: UserWarning: The given NumPy array is not writable, and PyTorch does not support non-writable tensors. This means writing to this tensor will result in undefined behavior. You may want to copy the array to protect its data or make it writable before converting it to a tensor. This type of warning will be suppressed for the rest of this program. (Triggered internally at /pytorch/torch/csrc/utils/tensor_numpy.cpp:203.)
  img = torch.from_numpy(pic.transpose((2, 0, 1))).contiguous()
/app/apps/pytorch/2.6.0-py3-cu11.8/lib/python3.13/site-packages/torchvision/transforms/functional.py:154: UserWarning: The given NumPy array is not writable, and PyTorch does not support non-writable tensors. This means writing to this tensor will result in undefined behavior. You may want to copy the array to protect its data or make it writable before converting it to a tensor. This type of warning will be suppressed for the rest of this program. (Triggered internally at /pytorch/torch/csrc/utils/tensor_numpy.cpp:203.)
  img = torch.from_numpy(pic.transpose((2, 0, 1))).contiguous()
/app/apps/pytorch/2.6.0-py3-cu11.8/lib/python3.13/site-packages/torchvision/transforms/functional.py:154: UserWarning: The given NumPy array is not writable, and PyTorch does not support non-writable tensors. This means writing to this tensor will result in undefined behavior. You may want to copy the array to protect its data or make it writable before converting it to a tensor. This type of warning will be suppressed for the rest of this program. (Triggered internally at /pytorch/torch/csrc/utils/tensor_numpy.cpp:203.)
  img = torch.from_numpy(pic.transpose((2, 0, 1))).contiguous()
Epoch 069: train_loss = 0.000000  MAE/GAME0 = 0.000  RMSE = 0.000  GAME1 = 0.000  GAME2 = 0.000  GAME3 = 0.000  lr = 1.00e-05  time = 16.1s
/app/apps/pytorch/2.6.0-py3-cu11.8/lib/python3.13/site-packages/torchvision/transforms/functional.py:154: UserWarning: The given NumPy array is not writable, and PyTorch does not support non-writable tensors. This means writing to this tensor will result in undefined behavior. You may want to copy the array to protect its data or make it writable before converting it to a tensor. This type of warning will be suppressed for the rest of this program. (Triggered internally at /pytorch/torch/csrc/utils/tensor_numpy.cpp:203.)
  img = torch.from_numpy(pic.transpose((2, 0, 1))).contiguous()
[e070 s0001/1030] loss = 0.000000
/app/apps/pytorch/2.6.0-py3-cu11.8/lib/python3.13/site-packages/torchvision/transforms/functional.py:154: UserWarning: The given NumPy array is not writable, and PyTorch does not support non-writable tensors. This means writing to this tensor will result in undefined behavior. You may want to copy the array to protect its data or make it writable before converting it to a tensor. This type of warning will be suppressed for the rest of this program. (Triggered internally at /pytorch/torch/csrc/utils/tensor_numpy.cpp:203.)
  img = torch.from_numpy(pic.transpose((2, 0, 1))).contiguous()
/app/apps/pytorch/2.6.0-py3-cu11.8/lib/python3.13/site-packages/torchvision/transforms/functional.py:154: UserWarning: The given NumPy array is not writable, and PyTorch does not support non-writable tensors. This means writing to this tensor will result in undefined behavior. You may want to copy the array to protect its data or make it writable before converting it to a tensor. This type of warning will be suppressed for the rest of this program. (Triggered internally at /pytorch/torch/csrc/utils/tensor_numpy.cpp:203.)
  img = torch.from_numpy(pic.transpose((2, 0, 1))).contiguous()
/app/apps/pytorch/2.6.0-py3-cu11.8/lib/python3.13/site-packages/torchvision/transforms/functional.py:154: UserWarning: The given NumPy array is not writable, and PyTorch does not support non-writable tensors. This means writing to this tensor will result in undefined behavior. You may want to copy the array to protect its data or make it writable before converting it to a tensor. This type of warning will be suppressed for the rest of this program. (Triggered internally at /pytorch/torch/csrc/utils/tensor_numpy.cpp:203.)
  img = torch.from_numpy(pic.transpose((2, 0, 1))).contiguous()
[e070 s0050/1030] loss = 0.000000
[e070 s0100/1030] loss = 0.000000
[e070 s0150/1030] loss = 0.000000
[e070 s0200/1030] loss = 0.000000
[e070 s0250/1030] loss = 0.000000
[e070 s0300/1030] loss = 0.000000
[e070 s0350/1030] loss = 0.000000
[e070 s0400/1030] loss = 0.000000
[e070 s0450/1030] loss = 0.000000
[e070 s0500/1030] loss = 0.000000
[e070 s0550/1030] loss = 0.000000
[e070 s0600/1030] loss = 0.000000
[e070 s0650/1030] loss = 0.000000
[e070 s0700/1030] loss = 0.000000
[e070 s0750/1030] loss = 0.000000
[e070 s0800/1030] loss = 0.000000
[e070 s0850/1030] loss = 0.000000
[e070 s0900/1030] loss = 0.000000
[e070 s0950/1030] loss = 0.000000
[e070 s1000/1030] loss = 0.000000
/app/apps/pytorch/2.6.0-py3-cu11.8/lib/python3.13/site-packages/torchvision/transforms/functional.py:154: UserWarning: The given NumPy array is not writable, and PyTorch does not support non-writable tensors. This means writing to this tensor will result in undefined behavior. You may want to copy the array to protect its data or make it writable before converting it to a tensor. This type of warning will be suppressed for the rest of this program. (Triggered internally at /pytorch/torch/csrc/utils/tensor_numpy.cpp:203.)
  img = torch.from_numpy(pic.transpose((2, 0, 1))).contiguous()
/app/apps/pytorch/2.6.0-py3-cu11.8/lib/python3.13/site-packages/torchvision/transforms/functional.py:154: UserWarning: The given NumPy array is not writable, and PyTorch does not support non-writable tensors. This means writing to this tensor will result in undefined behavior. You may want to copy the array to protect its data or make it writable before converting it to a tensor. This type of warning will be suppressed for the rest of this program. (Triggered internally at /pytorch/torch/csrc/utils/tensor_numpy.cpp:203.)
  img = torch.from_numpy(pic.transpose((2, 0, 1))).contiguous()
/app/apps/pytorch/2.6.0-py3-cu11.8/lib/python3.13/site-packages/torchvision/transforms/functional.py:154: UserWarning: The given NumPy array is not writable, and PyTorch does not support non-writable tensors. This means writing to this tensor will result in undefined behavior. You may want to copy the array to protect its data or make it writable before converting it to a tensor. This type of warning will be suppressed for the rest of this program. (Triggered internally at /pytorch/torch/csrc/utils/tensor_numpy.cpp:203.)
  img = torch.from_numpy(pic.transpose((2, 0, 1))).contiguous()
/app/apps/pytorch/2.6.0-py3-cu11.8/lib/python3.13/site-packages/torchvision/transforms/functional.py:154: UserWarning: The given NumPy array is not writable, and PyTorch does not support non-writable tensors. This means writing to this tensor will result in undefined behavior. You may want to copy the array to protect its data or make it writable before converting it to a tensor. This type of warning will be suppressed for the rest of this program. (Triggered internally at /pytorch/torch/csrc/utils/tensor_numpy.cpp:203.)
  img = torch.from_numpy(pic.transpose((2, 0, 1))).contiguous()
Epoch 070: train_loss = 0.000000  MAE/GAME0 = 0.000  RMSE = 0.000  GAME1 = 0.000  GAME2 = 0.000  GAME3 = 0.000  lr = 1.00e-05  time = 15.8s
/app/apps/pytorch/2.6.0-py3-cu11.8/lib/python3.13/site-packages/torchvision/transforms/functional.py:154: UserWarning: The given NumPy array is not writable, and PyTorch does not support non-writable tensors. This means writing to this tensor will result in undefined behavior. You may want to copy the array to protect its data or make it writable before converting it to a tensor. This type of warning will be suppressed for the rest of this program. (Triggered internally at /pytorch/torch/csrc/utils/tensor_numpy.cpp:203.)
  img = torch.from_numpy(pic.transpose((2, 0, 1))).contiguous()
/app/apps/pytorch/2.6.0-py3-cu11.8/lib/python3.13/site-packages/torchvision/transforms/functional.py:154: UserWarning: The given NumPy array is not writable, and PyTorch does not support non-writable tensors. This means writing to this tensor will result in undefined behavior. You may want to copy the array to protect its data or make it writable before converting it to a tensor. This type of warning will be suppressed for the rest of this program. (Triggered internally at /pytorch/torch/csrc/utils/tensor_numpy.cpp:203.)
  img = torch.from_numpy(pic.transpose((2, 0, 1))).contiguous()
[e071 s0001/1030] loss = 0.000000
/app/apps/pytorch/2.6.0-py3-cu11.8/lib/python3.13/site-packages/torchvision/transforms/functional.py:154: UserWarning: The given NumPy array is not writable, and PyTorch does not support non-writable tensors. This means writing to this tensor will result in undefined behavior. You may want to copy the array to protect its data or make it writable before converting it to a tensor. This type of warning will be suppressed for the rest of this program. (Triggered internally at /pytorch/torch/csrc/utils/tensor_numpy.cpp:203.)
  img = torch.from_numpy(pic.transpose((2, 0, 1))).contiguous()
/app/apps/pytorch/2.6.0-py3-cu11.8/lib/python3.13/site-packages/torchvision/transforms/functional.py:154: UserWarning: The given NumPy array is not writable, and PyTorch does not support non-writable tensors. This means writing to this tensor will result in undefined behavior. You may want to copy the array to protect its data or make it writable before converting it to a tensor. This type of warning will be suppressed for the rest of this program. (Triggered internally at /pytorch/torch/csrc/utils/tensor_numpy.cpp:203.)
  img = torch.from_numpy(pic.transpose((2, 0, 1))).contiguous()
[e071 s0050/1030] loss = 0.000000
[e071 s0100/1030] loss = 0.000000
[e071 s0150/1030] loss = 0.000000
[e071 s0200/1030] loss = 0.000000
[e071 s0250/1030] loss = 0.000000
[e071 s0300/1030] loss = 0.000000
[e071 s0350/1030] loss = 0.000000
[e071 s0400/1030] loss = 0.000000
[e071 s0450/1030] loss = 0.000000
[e071 s0500/1030] loss = 0.000000
[e071 s0550/1030] loss = 0.000000
[e071 s0600/1030] loss = 0.000000
[e071 s0650/1030] loss = 0.000000
[e071 s0700/1030] loss = 0.000000
[e071 s0750/1030] loss = 0.000000
[e071 s0800/1030] loss = 0.000000
[e071 s0850/1030] loss = 0.000000
[e071 s0900/1030] loss = 0.000000
[e071 s0950/1030] loss = 0.000000
[e071 s1000/1030] loss = 0.000000
/app/apps/pytorch/2.6.0-py3-cu11.8/lib/python3.13/site-packages/torchvision/transforms/functional.py:154: UserWarning: The given NumPy array is not writable, and PyTorch does not support non-writable tensors. This means writing to this tensor will result in undefined behavior. You may want to copy the array to protect its data or make it writable before converting it to a tensor. This type of warning will be suppressed for the rest of this program. (Triggered internally at /pytorch/torch/csrc/utils/tensor_numpy.cpp:203.)
  img = torch.from_numpy(pic.transpose((2, 0, 1))).contiguous()
/app/apps/pytorch/2.6.0-py3-cu11.8/lib/python3.13/site-packages/torchvision/transforms/functional.py:154: UserWarning: The given NumPy array is not writable, and PyTorch does not support non-writable tensors. This means writing to this tensor will result in undefined behavior. You may want to copy the array to protect its data or make it writable before converting it to a tensor. This type of warning will be suppressed for the rest of this program. (Triggered internally at /pytorch/torch/csrc/utils/tensor_numpy.cpp:203.)
  img = torch.from_numpy(pic.transpose((2, 0, 1))).contiguous()
/app/apps/pytorch/2.6.0-py3-cu11.8/lib/python3.13/site-packages/torchvision/transforms/functional.py:154: UserWarning: The given NumPy array is not writable, and PyTorch does not support non-writable tensors. This means writing to this tensor will result in undefined behavior. You may want to copy the array to protect its data or make it writable before converting it to a tensor. This type of warning will be suppressed for the rest of this program. (Triggered internally at /pytorch/torch/csrc/utils/tensor_numpy.cpp:203.)
  img = torch.from_numpy(pic.transpose((2, 0, 1))).contiguous()
/app/apps/pytorch/2.6.0-py3-cu11.8/lib/python3.13/site-packages/torchvision/transforms/functional.py:154: UserWarning: The given NumPy array is not writable, and PyTorch does not support non-writable tensors. This means writing to this tensor will result in undefined behavior. You may want to copy the array to protect its data or make it writable before converting it to a tensor. This type of warning will be suppressed for the rest of this program. (Triggered internally at /pytorch/torch/csrc/utils/tensor_numpy.cpp:203.)
  img = torch.from_numpy(pic.transpose((2, 0, 1))).contiguous()
Epoch 071: train_loss = 0.000000  MAE/GAME0 = 0.000  RMSE = 0.000  GAME1 = 0.000  GAME2 = 0.000  GAME3 = 0.000  lr = 1.00e-05  time = 16.0s
/app/apps/pytorch/2.6.0-py3-cu11.8/lib/python3.13/site-packages/torchvision/transforms/functional.py:154: UserWarning: The given NumPy array is not writable, and PyTorch does not support non-writable tensors. This means writing to this tensor will result in undefined behavior. You may want to copy the array to protect its data or make it writable before converting it to a tensor. This type of warning will be suppressed for the rest of this program. (Triggered internally at /pytorch/torch/csrc/utils/tensor_numpy.cpp:203.)
  img = torch.from_numpy(pic.transpose((2, 0, 1))).contiguous()
/app/apps/pytorch/2.6.0-py3-cu11.8/lib/python3.13/site-packages/torchvision/transforms/functional.py:154: UserWarning: The given NumPy array is not writable, and PyTorch does not support non-writable tensors. This means writing to this tensor will result in undefined behavior. You may want to copy the array to protect its data or make it writable before converting it to a tensor. This type of warning will be suppressed for the rest of this program. (Triggered internally at /pytorch/torch/csrc/utils/tensor_numpy.cpp:203.)
  img = torch.from_numpy(pic.transpose((2, 0, 1))).contiguous()
/app/apps/pytorch/2.6.0-py3-cu11.8/lib/python3.13/site-packages/torchvision/transforms/functional.py:154: UserWarning: The given NumPy array is not writable, and PyTorch does not support non-writable tensors. This means writing to this tensor will result in undefined behavior. You may want to copy the array to protect its data or make it writable before converting it to a tensor. This type of warning will be suppressed for the rest of this program. (Triggered internally at /pytorch/torch/csrc/utils/tensor_numpy.cpp:203.)
  img = torch.from_numpy(pic.transpose((2, 0, 1))).contiguous()
[e072 s0001/1030] loss = 0.000000
/app/apps/pytorch/2.6.0-py3-cu11.8/lib/python3.13/site-packages/torchvision/transforms/functional.py:154: UserWarning: The given NumPy array is not writable, and PyTorch does not support non-writable tensors. This means writing to this tensor will result in undefined behavior. You may want to copy the array to protect its data or make it writable before converting it to a tensor. This type of warning will be suppressed for the rest of this program. (Triggered internally at /pytorch/torch/csrc/utils/tensor_numpy.cpp:203.)
  img = torch.from_numpy(pic.transpose((2, 0, 1))).contiguous()
[e072 s0050/1030] loss = 0.000000
[e072 s0100/1030] loss = 0.000000
[e072 s0150/1030] loss = 0.000000
[e072 s0200/1030] loss = 0.000000
[e072 s0250/1030] loss = 0.000000
[e072 s0300/1030] loss = 0.000000
[e072 s0350/1030] loss = 0.000000
[e072 s0400/1030] loss = 0.000000
[e072 s0450/1030] loss = 0.000000
[e072 s0500/1030] loss = 0.000000
[e072 s0550/1030] loss = 0.000000
[e072 s0600/1030] loss = 0.000000
[e072 s0650/1030] loss = 0.000000
[e072 s0700/1030] loss = 0.000000
[e072 s0750/1030] loss = 0.000000
[e072 s0800/1030] loss = 0.000000
[e072 s0850/1030] loss = 0.000000
[e072 s0900/1030] loss = 0.000000
[e072 s0950/1030] loss = 0.000000
[e072 s1000/1030] loss = 0.000000
/app/apps/pytorch/2.6.0-py3-cu11.8/lib/python3.13/site-packages/torchvision/transforms/functional.py:154: UserWarning: The given NumPy array is not writable, and PyTorch does not support non-writable tensors. This means writing to this tensor will result in undefined behavior. You may want to copy the array to protect its data or make it writable before converting it to a tensor. This type of warning will be suppressed for the rest of this program. (Triggered internally at /pytorch/torch/csrc/utils/tensor_numpy.cpp:203.)
  img = torch.from_numpy(pic.transpose((2, 0, 1))).contiguous()
/app/apps/pytorch/2.6.0-py3-cu11.8/lib/python3.13/site-packages/torchvision/transforms/functional.py:154: UserWarning: The given NumPy array is not writable, and PyTorch does not support non-writable tensors. This means writing to this tensor will result in undefined behavior. You may want to copy the array to protect its data or make it writable before converting it to a tensor. This type of warning will be suppressed for the rest of this program. (Triggered internally at /pytorch/torch/csrc/utils/tensor_numpy.cpp:203.)
  img = torch.from_numpy(pic.transpose((2, 0, 1))).contiguous()
/app/apps/pytorch/2.6.0-py3-cu11.8/lib/python3.13/site-packages/torchvision/transforms/functional.py:154: UserWarning: The given NumPy array is not writable, and PyTorch does not support non-writable tensors. This means writing to this tensor will result in undefined behavior. You may want to copy the array to protect its data or make it writable before converting it to a tensor. This type of warning will be suppressed for the rest of this program. (Triggered internally at /pytorch/torch/csrc/utils/tensor_numpy.cpp:203.)
  img = torch.from_numpy(pic.transpose((2, 0, 1))).contiguous()
/app/apps/pytorch/2.6.0-py3-cu11.8/lib/python3.13/site-packages/torchvision/transforms/functional.py:154: UserWarning: The given NumPy array is not writable, and PyTorch does not support non-writable tensors. This means writing to this tensor will result in undefined behavior. You may want to copy the array to protect its data or make it writable before converting it to a tensor. This type of warning will be suppressed for the rest of this program. (Triggered internally at /pytorch/torch/csrc/utils/tensor_numpy.cpp:203.)
  img = torch.from_numpy(pic.transpose((2, 0, 1))).contiguous()
Epoch 072: train_loss = 0.000000  MAE/GAME0 = 0.000  RMSE = 0.000  GAME1 = 0.000  GAME2 = 0.000  GAME3 = 0.000  lr = 1.00e-05  time = 15.9s
/app/apps/pytorch/2.6.0-py3-cu11.8/lib/python3.13/site-packages/torchvision/transforms/functional.py:154: UserWarning: The given NumPy array is not writable, and PyTorch does not support non-writable tensors. This means writing to this tensor will result in undefined behavior. You may want to copy the array to protect its data or make it writable before converting it to a tensor. This type of warning will be suppressed for the rest of this program. (Triggered internally at /pytorch/torch/csrc/utils/tensor_numpy.cpp:203.)
  img = torch.from_numpy(pic.transpose((2, 0, 1))).contiguous()
/app/apps/pytorch/2.6.0-py3-cu11.8/lib/python3.13/site-packages/torchvision/transforms/functional.py:154: UserWarning: The given NumPy array is not writable, and PyTorch does not support non-writable tensors. This means writing to this tensor will result in undefined behavior. You may want to copy the array to protect its data or make it writable before converting it to a tensor. This type of warning will be suppressed for the rest of this program. (Triggered internally at /pytorch/torch/csrc/utils/tensor_numpy.cpp:203.)
  img = torch.from_numpy(pic.transpose((2, 0, 1))).contiguous()
/app/apps/pytorch/2.6.0-py3-cu11.8/lib/python3.13/site-packages/torchvision/transforms/functional.py:154: UserWarning: The given NumPy array is not writable, and PyTorch does not support non-writable tensors. This means writing to this tensor will result in undefined behavior. You may want to copy the array to protect its data or make it writable before converting it to a tensor. This type of warning will be suppressed for the rest of this program. (Triggered internally at /pytorch/torch/csrc/utils/tensor_numpy.cpp:203.)
  img = torch.from_numpy(pic.transpose((2, 0, 1))).contiguous()
[e073 s0001/1030] loss = 0.000000
/app/apps/pytorch/2.6.0-py3-cu11.8/lib/python3.13/site-packages/torchvision/transforms/functional.py:154: UserWarning: The given NumPy array is not writable, and PyTorch does not support non-writable tensors. This means writing to this tensor will result in undefined behavior. You may want to copy the array to protect its data or make it writable before converting it to a tensor. This type of warning will be suppressed for the rest of this program. (Triggered internally at /pytorch/torch/csrc/utils/tensor_numpy.cpp:203.)
  img = torch.from_numpy(pic.transpose((2, 0, 1))).contiguous()
[e073 s0050/1030] loss = 0.000000
[e073 s0100/1030] loss = 0.000000
[e073 s0150/1030] loss = 0.000000
[e073 s0200/1030] loss = 0.000000
[e073 s0250/1030] loss = 0.000000
[e073 s0300/1030] loss = 0.000000
[e073 s0350/1030] loss = 0.000000
[e073 s0400/1030] loss = 0.000000
[e073 s0450/1030] loss = 0.000000
[e073 s0500/1030] loss = 0.000000
[e073 s0550/1030] loss = 0.000000
[e073 s0600/1030] loss = 0.000000
[e073 s0650/1030] loss = 0.000000
[e073 s0700/1030] loss = 0.000000
[e073 s0750/1030] loss = 0.000000
[e073 s0800/1030] loss = 0.000000
[e073 s0850/1030] loss = 0.000000
[e073 s0900/1030] loss = 0.000000
[e073 s0950/1030] loss = 0.000000
[e073 s1000/1030] loss = 0.000000
/app/apps/pytorch/2.6.0-py3-cu11.8/lib/python3.13/site-packages/torchvision/transforms/functional.py:154: UserWarning: The given NumPy array is not writable, and PyTorch does not support non-writable tensors. This means writing to this tensor will result in undefined behavior. You may want to copy the array to protect its data or make it writable before converting it to a tensor. This type of warning will be suppressed for the rest of this program. (Triggered internally at /pytorch/torch/csrc/utils/tensor_numpy.cpp:203.)
  img = torch.from_numpy(pic.transpose((2, 0, 1))).contiguous()
/app/apps/pytorch/2.6.0-py3-cu11.8/lib/python3.13/site-packages/torchvision/transforms/functional.py:154: UserWarning: The given NumPy array is not writable, and PyTorch does not support non-writable tensors. This means writing to this tensor will result in undefined behavior. You may want to copy the array to protect its data or make it writable before converting it to a tensor. This type of warning will be suppressed for the rest of this program. (Triggered internally at /pytorch/torch/csrc/utils/tensor_numpy.cpp:203.)
  img = torch.from_numpy(pic.transpose((2, 0, 1))).contiguous()
/app/apps/pytorch/2.6.0-py3-cu11.8/lib/python3.13/site-packages/torchvision/transforms/functional.py:154: UserWarning: The given NumPy array is not writable, and PyTorch does not support non-writable tensors. This means writing to this tensor will result in undefined behavior. You may want to copy the array to protect its data or make it writable before converting it to a tensor. This type of warning will be suppressed for the rest of this program. (Triggered internally at /pytorch/torch/csrc/utils/tensor_numpy.cpp:203.)
  img = torch.from_numpy(pic.transpose((2, 0, 1))).contiguous()
/app/apps/pytorch/2.6.0-py3-cu11.8/lib/python3.13/site-packages/torchvision/transforms/functional.py:154: UserWarning: The given NumPy array is not writable, and PyTorch does not support non-writable tensors. This means writing to this tensor will result in undefined behavior. You may want to copy the array to protect its data or make it writable before converting it to a tensor. This type of warning will be suppressed for the rest of this program. (Triggered internally at /pytorch/torch/csrc/utils/tensor_numpy.cpp:203.)
  img = torch.from_numpy(pic.transpose((2, 0, 1))).contiguous()
Epoch 073: train_loss = 0.000000  MAE/GAME0 = 0.000  RMSE = 0.000  GAME1 = 0.000  GAME2 = 0.000  GAME3 = 0.000  lr = 1.00e-05  time = 16.5s
/app/apps/pytorch/2.6.0-py3-cu11.8/lib/python3.13/site-packages/torchvision/transforms/functional.py:154: UserWarning: The given NumPy array is not writable, and PyTorch does not support non-writable tensors. This means writing to this tensor will result in undefined behavior. You may want to copy the array to protect its data or make it writable before converting it to a tensor. This type of warning will be suppressed for the rest of this program. (Triggered internally at /pytorch/torch/csrc/utils/tensor_numpy.cpp:203.)
  img = torch.from_numpy(pic.transpose((2, 0, 1))).contiguous()
/app/apps/pytorch/2.6.0-py3-cu11.8/lib/python3.13/site-packages/torchvision/transforms/functional.py:154: UserWarning: The given NumPy array is not writable, and PyTorch does not support non-writable tensors. This means writing to this tensor will result in undefined behavior. You may want to copy the array to protect its data or make it writable before converting it to a tensor. This type of warning will be suppressed for the rest of this program. (Triggered internally at /pytorch/torch/csrc/utils/tensor_numpy.cpp:203.)
  img = torch.from_numpy(pic.transpose((2, 0, 1))).contiguous()
/app/apps/pytorch/2.6.0-py3-cu11.8/lib/python3.13/site-packages/torchvision/transforms/functional.py:154: UserWarning: The given NumPy array is not writable, and PyTorch does not support non-writable tensors. This means writing to this tensor will result in undefined behavior. You may want to copy the array to protect its data or make it writable before converting it to a tensor. This type of warning will be suppressed for the rest of this program. (Triggered internally at /pytorch/torch/csrc/utils/tensor_numpy.cpp:203.)
  img = torch.from_numpy(pic.transpose((2, 0, 1))).contiguous()
[e074 s0001/1030] loss = 0.000000
/app/apps/pytorch/2.6.0-py3-cu11.8/lib/python3.13/site-packages/torchvision/transforms/functional.py:154: UserWarning: The given NumPy array is not writable, and PyTorch does not support non-writable tensors. This means writing to this tensor will result in undefined behavior. You may want to copy the array to protect its data or make it writable before converting it to a tensor. This type of warning will be suppressed for the rest of this program. (Triggered internally at /pytorch/torch/csrc/utils/tensor_numpy.cpp:203.)
  img = torch.from_numpy(pic.transpose((2, 0, 1))).contiguous()
[e074 s0050/1030] loss = 0.000000
[e074 s0100/1030] loss = 0.000000
[e074 s0150/1030] loss = 0.000000
[e074 s0200/1030] loss = 0.000000
[e074 s0250/1030] loss = 0.000000
[e074 s0300/1030] loss = 0.000000
[e074 s0350/1030] loss = 0.000000
[e074 s0400/1030] loss = 0.000000
[e074 s0450/1030] loss = 0.000000
[e074 s0500/1030] loss = 0.000000
[e074 s0550/1030] loss = 0.000000
[e074 s0600/1030] loss = 0.000000
[e074 s0650/1030] loss = 0.000000
[e074 s0700/1030] loss = 0.000000
[e074 s0750/1030] loss = 0.000000
[e074 s0800/1030] loss = 0.000000
[e074 s0850/1030] loss = 0.000000
[e074 s0900/1030] loss = 0.000000
[e074 s0950/1030] loss = 0.000000
[e074 s1000/1030] loss = 0.000000
/app/apps/pytorch/2.6.0-py3-cu11.8/lib/python3.13/site-packages/torchvision/transforms/functional.py:154: UserWarning: The given NumPy array is not writable, and PyTorch does not support non-writable tensors. This means writing to this tensor will result in undefined behavior. You may want to copy the array to protect its data or make it writable before converting it to a tensor. This type of warning will be suppressed for the rest of this program. (Triggered internally at /pytorch/torch/csrc/utils/tensor_numpy.cpp:203.)
  img = torch.from_numpy(pic.transpose((2, 0, 1))).contiguous()
/app/apps/pytorch/2.6.0-py3-cu11.8/lib/python3.13/site-packages/torchvision/transforms/functional.py:154: UserWarning: The given NumPy array is not writable, and PyTorch does not support non-writable tensors. This means writing to this tensor will result in undefined behavior. You may want to copy the array to protect its data or make it writable before converting it to a tensor. This type of warning will be suppressed for the rest of this program. (Triggered internally at /pytorch/torch/csrc/utils/tensor_numpy.cpp:203.)
  img = torch.from_numpy(pic.transpose((2, 0, 1))).contiguous()
/app/apps/pytorch/2.6.0-py3-cu11.8/lib/python3.13/site-packages/torchvision/transforms/functional.py:154: UserWarning: The given NumPy array is not writable, and PyTorch does not support non-writable tensors. This means writing to this tensor will result in undefined behavior. You may want to copy the array to protect its data or make it writable before converting it to a tensor. This type of warning will be suppressed for the rest of this program. (Triggered internally at /pytorch/torch/csrc/utils/tensor_numpy.cpp:203.)
  img = torch.from_numpy(pic.transpose((2, 0, 1))).contiguous()
/app/apps/pytorch/2.6.0-py3-cu11.8/lib/python3.13/site-packages/torchvision/transforms/functional.py:154: UserWarning: The given NumPy array is not writable, and PyTorch does not support non-writable tensors. This means writing to this tensor will result in undefined behavior. You may want to copy the array to protect its data or make it writable before converting it to a tensor. This type of warning will be suppressed for the rest of this program. (Triggered internally at /pytorch/torch/csrc/utils/tensor_numpy.cpp:203.)
  img = torch.from_numpy(pic.transpose((2, 0, 1))).contiguous()
Epoch 074: train_loss = 0.000000  MAE/GAME0 = 0.000  RMSE = 0.000  GAME1 = 0.000  GAME2 = 0.000  GAME3 = 0.000  lr = 1.00e-05  time = 15.9s
/app/apps/pytorch/2.6.0-py3-cu11.8/lib/python3.13/site-packages/torchvision/transforms/functional.py:154: UserWarning: The given NumPy array is not writable, and PyTorch does not support non-writable tensors. This means writing to this tensor will result in undefined behavior. You may want to copy the array to protect its data or make it writable before converting it to a tensor. This type of warning will be suppressed for the rest of this program. (Triggered internally at /pytorch/torch/csrc/utils/tensor_numpy.cpp:203.)
  img = torch.from_numpy(pic.transpose((2, 0, 1))).contiguous()
/app/apps/pytorch/2.6.0-py3-cu11.8/lib/python3.13/site-packages/torchvision/transforms/functional.py:154: UserWarning: The given NumPy array is not writable, and PyTorch does not support non-writable tensors. This means writing to this tensor will result in undefined behavior. You may want to copy the array to protect its data or make it writable before converting it to a tensor. This type of warning will be suppressed for the rest of this program. (Triggered internally at /pytorch/torch/csrc/utils/tensor_numpy.cpp:203.)
  img = torch.from_numpy(pic.transpose((2, 0, 1))).contiguous()
/app/apps/pytorch/2.6.0-py3-cu11.8/lib/python3.13/site-packages/torchvision/transforms/functional.py:154: UserWarning: The given NumPy array is not writable, and PyTorch does not support non-writable tensors. This means writing to this tensor will result in undefined behavior. You may want to copy the array to protect its data or make it writable before converting it to a tensor. This type of warning will be suppressed for the rest of this program. (Triggered internally at /pytorch/torch/csrc/utils/tensor_numpy.cpp:203.)
  img = torch.from_numpy(pic.transpose((2, 0, 1))).contiguous()
/app/apps/pytorch/2.6.0-py3-cu11.8/lib/python3.13/site-packages/torchvision/transforms/functional.py:154: UserWarning: The given NumPy array is not writable, and PyTorch does not support non-writable tensors. This means writing to this tensor will result in undefined behavior. You may want to copy the array to protect its data or make it writable before converting it to a tensor. This type of warning will be suppressed for the rest of this program. (Triggered internally at /pytorch/torch/csrc/utils/tensor_numpy.cpp:203.)
  img = torch.from_numpy(pic.transpose((2, 0, 1))).contiguous()
[e075 s0001/1030] loss = 0.000000
[e075 s0050/1030] loss = 0.000000
[e075 s0100/1030] loss = 0.000000
[e075 s0150/1030] loss = 0.000000
[e075 s0200/1030] loss = 0.000000
[e075 s0250/1030] loss = 0.000000
[e075 s0300/1030] loss = 0.000000
[e075 s0350/1030] loss = 0.000000
[e075 s0400/1030] loss = 0.000000
[e075 s0450/1030] loss = 0.000000
[e075 s0500/1030] loss = 0.000000
[e075 s0550/1030] loss = 0.000000
[e075 s0600/1030] loss = 0.000000
[e075 s0650/1030] loss = 0.000000
[e075 s0700/1030] loss = 0.000000
[e075 s0750/1030] loss = 0.000000
[e075 s0800/1030] loss = 0.000000
[e075 s0850/1030] loss = 0.000000
[e075 s0900/1030] loss = 0.000000
[e075 s0950/1030] loss = 0.000000
[e075 s1000/1030] loss = 0.000000
/app/apps/pytorch/2.6.0-py3-cu11.8/lib/python3.13/site-packages/torchvision/transforms/functional.py:154: UserWarning: The given NumPy array is not writable, and PyTorch does not support non-writable tensors. This means writing to this tensor will result in undefined behavior. You may want to copy the array to protect its data or make it writable before converting it to a tensor. This type of warning will be suppressed for the rest of this program. (Triggered internally at /pytorch/torch/csrc/utils/tensor_numpy.cpp:203.)
  img = torch.from_numpy(pic.transpose((2, 0, 1))).contiguous()
/app/apps/pytorch/2.6.0-py3-cu11.8/lib/python3.13/site-packages/torchvision/transforms/functional.py:154: UserWarning: The given NumPy array is not writable, and PyTorch does not support non-writable tensors. This means writing to this tensor will result in undefined behavior. You may want to copy the array to protect its data or make it writable before converting it to a tensor. This type of warning will be suppressed for the rest of this program. (Triggered internally at /pytorch/torch/csrc/utils/tensor_numpy.cpp:203.)
  img = torch.from_numpy(pic.transpose((2, 0, 1))).contiguous()
/app/apps/pytorch/2.6.0-py3-cu11.8/lib/python3.13/site-packages/torchvision/transforms/functional.py:154: UserWarning: The given NumPy array is not writable, and PyTorch does not support non-writable tensors. This means writing to this tensor will result in undefined behavior. You may want to copy the array to protect its data or make it writable before converting it to a tensor. This type of warning will be suppressed for the rest of this program. (Triggered internally at /pytorch/torch/csrc/utils/tensor_numpy.cpp:203.)
  img = torch.from_numpy(pic.transpose((2, 0, 1))).contiguous()
/app/apps/pytorch/2.6.0-py3-cu11.8/lib/python3.13/site-packages/torchvision/transforms/functional.py:154: UserWarning: The given NumPy array is not writable, and PyTorch does not support non-writable tensors. This means writing to this tensor will result in undefined behavior. You may want to copy the array to protect its data or make it writable before converting it to a tensor. This type of warning will be suppressed for the rest of this program. (Triggered internally at /pytorch/torch/csrc/utils/tensor_numpy.cpp:203.)
  img = torch.from_numpy(pic.transpose((2, 0, 1))).contiguous()
Epoch 075: train_loss = 0.000000  MAE/GAME0 = 0.000  RMSE = 0.000  GAME1 = 0.000  GAME2 = 0.000  GAME3 = 0.000  lr = 1.00e-05  time = 15.9s
/app/apps/pytorch/2.6.0-py3-cu11.8/lib/python3.13/site-packages/torchvision/transforms/functional.py:154: UserWarning: The given NumPy array is not writable, and PyTorch does not support non-writable tensors. This means writing to this tensor will result in undefined behavior. You may want to copy the array to protect its data or make it writable before converting it to a tensor. This type of warning will be suppressed for the rest of this program. (Triggered internally at /pytorch/torch/csrc/utils/tensor_numpy.cpp:203.)
  img = torch.from_numpy(pic.transpose((2, 0, 1))).contiguous()
/app/apps/pytorch/2.6.0-py3-cu11.8/lib/python3.13/site-packages/torchvision/transforms/functional.py:154: UserWarning: The given NumPy array is not writable, and PyTorch does not support non-writable tensors. This means writing to this tensor will result in undefined behavior. You may want to copy the array to protect its data or make it writable before converting it to a tensor. This type of warning will be suppressed for the rest of this program. (Triggered internally at /pytorch/torch/csrc/utils/tensor_numpy.cpp:203.)
  img = torch.from_numpy(pic.transpose((2, 0, 1))).contiguous()
/app/apps/pytorch/2.6.0-py3-cu11.8/lib/python3.13/site-packages/torchvision/transforms/functional.py:154: UserWarning: The given NumPy array is not writable, and PyTorch does not support non-writable tensors. This means writing to this tensor will result in undefined behavior. You may want to copy the array to protect its data or make it writable before converting it to a tensor. This type of warning will be suppressed for the rest of this program. (Triggered internally at /pytorch/torch/csrc/utils/tensor_numpy.cpp:203.)
  img = torch.from_numpy(pic.transpose((2, 0, 1))).contiguous()
[e076 s0001/1030] loss = 0.000000
/app/apps/pytorch/2.6.0-py3-cu11.8/lib/python3.13/site-packages/torchvision/transforms/functional.py:154: UserWarning: The given NumPy array is not writable, and PyTorch does not support non-writable tensors. This means writing to this tensor will result in undefined behavior. You may want to copy the array to protect its data or make it writable before converting it to a tensor. This type of warning will be suppressed for the rest of this program. (Triggered internally at /pytorch/torch/csrc/utils/tensor_numpy.cpp:203.)
  img = torch.from_numpy(pic.transpose((2, 0, 1))).contiguous()
[e076 s0050/1030] loss = 0.000000
[e076 s0100/1030] loss = 0.000000
[e076 s0150/1030] loss = 0.000000
[e076 s0200/1030] loss = 0.000000
[e076 s0250/1030] loss = 0.000000
[e076 s0300/1030] loss = 0.000000
[e076 s0350/1030] loss = 0.000000
[e076 s0400/1030] loss = 0.000000
[e076 s0450/1030] loss = 0.000000
[e076 s0500/1030] loss = 0.000000
[e076 s0550/1030] loss = 0.000000
[e076 s0600/1030] loss = 0.000000
[e076 s0650/1030] loss = 0.000000
[e076 s0700/1030] loss = 0.000000
[e076 s0750/1030] loss = 0.000000
[e076 s0800/1030] loss = 0.000000
[e076 s0850/1030] loss = 0.000000
[e076 s0900/1030] loss = 0.000000
[e076 s0950/1030] loss = 0.000000
[e076 s1000/1030] loss = 0.000000
/app/apps/pytorch/2.6.0-py3-cu11.8/lib/python3.13/site-packages/torchvision/transforms/functional.py:154: UserWarning: The given NumPy array is not writable, and PyTorch does not support non-writable tensors. This means writing to this tensor will result in undefined behavior. You may want to copy the array to protect its data or make it writable before converting it to a tensor. This type of warning will be suppressed for the rest of this program. (Triggered internally at /pytorch/torch/csrc/utils/tensor_numpy.cpp:203.)
  img = torch.from_numpy(pic.transpose((2, 0, 1))).contiguous()
/app/apps/pytorch/2.6.0-py3-cu11.8/lib/python3.13/site-packages/torchvision/transforms/functional.py:154: UserWarning: The given NumPy array is not writable, and PyTorch does not support non-writable tensors. This means writing to this tensor will result in undefined behavior. You may want to copy the array to protect its data or make it writable before converting it to a tensor. This type of warning will be suppressed for the rest of this program. (Triggered internally at /pytorch/torch/csrc/utils/tensor_numpy.cpp:203.)
  img = torch.from_numpy(pic.transpose((2, 0, 1))).contiguous()
/app/apps/pytorch/2.6.0-py3-cu11.8/lib/python3.13/site-packages/torchvision/transforms/functional.py:154: UserWarning: The given NumPy array is not writable, and PyTorch does not support non-writable tensors. This means writing to this tensor will result in undefined behavior. You may want to copy the array to protect its data or make it writable before converting it to a tensor. This type of warning will be suppressed for the rest of this program. (Triggered internally at /pytorch/torch/csrc/utils/tensor_numpy.cpp:203.)
  img = torch.from_numpy(pic.transpose((2, 0, 1))).contiguous()
/app/apps/pytorch/2.6.0-py3-cu11.8/lib/python3.13/site-packages/torchvision/transforms/functional.py:154: UserWarning: The given NumPy array is not writable, and PyTorch does not support non-writable tensors. This means writing to this tensor will result in undefined behavior. You may want to copy the array to protect its data or make it writable before converting it to a tensor. This type of warning will be suppressed for the rest of this program. (Triggered internally at /pytorch/torch/csrc/utils/tensor_numpy.cpp:203.)
  img = torch.from_numpy(pic.transpose((2, 0, 1))).contiguous()
Epoch 076: train_loss = 0.000000  MAE/GAME0 = 0.000  RMSE = 0.000  GAME1 = 0.000  GAME2 = 0.000  GAME3 = 0.000  lr = 1.00e-05  time = 16.1s
/app/apps/pytorch/2.6.0-py3-cu11.8/lib/python3.13/site-packages/torchvision/transforms/functional.py:154: UserWarning: The given NumPy array is not writable, and PyTorch does not support non-writable tensors. This means writing to this tensor will result in undefined behavior. You may want to copy the array to protect its data or make it writable before converting it to a tensor. This type of warning will be suppressed for the rest of this program. (Triggered internally at /pytorch/torch/csrc/utils/tensor_numpy.cpp:203.)
  img = torch.from_numpy(pic.transpose((2, 0, 1))).contiguous()
/app/apps/pytorch/2.6.0-py3-cu11.8/lib/python3.13/site-packages/torchvision/transforms/functional.py:154: UserWarning: The given NumPy array is not writable, and PyTorch does not support non-writable tensors. This means writing to this tensor will result in undefined behavior. You may want to copy the array to protect its data or make it writable before converting it to a tensor. This type of warning will be suppressed for the rest of this program. (Triggered internally at /pytorch/torch/csrc/utils/tensor_numpy.cpp:203.)
  img = torch.from_numpy(pic.transpose((2, 0, 1))).contiguous()
/app/apps/pytorch/2.6.0-py3-cu11.8/lib/python3.13/site-packages/torchvision/transforms/functional.py:154: UserWarning: The given NumPy array is not writable, and PyTorch does not support non-writable tensors. This means writing to this tensor will result in undefined behavior. You may want to copy the array to protect its data or make it writable before converting it to a tensor. This type of warning will be suppressed for the rest of this program. (Triggered internally at /pytorch/torch/csrc/utils/tensor_numpy.cpp:203.)
  img = torch.from_numpy(pic.transpose((2, 0, 1))).contiguous()
[e077 s0001/1030] loss = 0.000000
/app/apps/pytorch/2.6.0-py3-cu11.8/lib/python3.13/site-packages/torchvision/transforms/functional.py:154: UserWarning: The given NumPy array is not writable, and PyTorch does not support non-writable tensors. This means writing to this tensor will result in undefined behavior. You may want to copy the array to protect its data or make it writable before converting it to a tensor. This type of warning will be suppressed for the rest of this program. (Triggered internally at /pytorch/torch/csrc/utils/tensor_numpy.cpp:203.)
  img = torch.from_numpy(pic.transpose((2, 0, 1))).contiguous()
[e077 s0050/1030] loss = 0.000000
[e077 s0100/1030] loss = 0.000000
[e077 s0150/1030] loss = 0.000000
[e077 s0200/1030] loss = 0.000000
[e077 s0250/1030] loss = 0.000000
[e077 s0300/1030] loss = 0.000000
[e077 s0350/1030] loss = 0.000000
[e077 s0400/1030] loss = 0.000000
[e077 s0450/1030] loss = 0.000000
[e077 s0500/1030] loss = 0.000000
[e077 s0550/1030] loss = 0.000000
[e077 s0600/1030] loss = 0.000000
[e077 s0650/1030] loss = 0.000000
[e077 s0700/1030] loss = 0.000000
[e077 s0750/1030] loss = 0.000000
[e077 s0800/1030] loss = 0.000000
[e077 s0850/1030] loss = 0.000000
[e077 s0900/1030] loss = 0.000000
[e077 s0950/1030] loss = 0.000000
[e077 s1000/1030] loss = 0.000000
/app/apps/pytorch/2.6.0-py3-cu11.8/lib/python3.13/site-packages/torchvision/transforms/functional.py:154: UserWarning: The given NumPy array is not writable, and PyTorch does not support non-writable tensors. This means writing to this tensor will result in undefined behavior. You may want to copy the array to protect its data or make it writable before converting it to a tensor. This type of warning will be suppressed for the rest of this program. (Triggered internally at /pytorch/torch/csrc/utils/tensor_numpy.cpp:203.)
  img = torch.from_numpy(pic.transpose((2, 0, 1))).contiguous()
/app/apps/pytorch/2.6.0-py3-cu11.8/lib/python3.13/site-packages/torchvision/transforms/functional.py:154: UserWarning: The given NumPy array is not writable, and PyTorch does not support non-writable tensors. This means writing to this tensor will result in undefined behavior. You may want to copy the array to protect its data or make it writable before converting it to a tensor. This type of warning will be suppressed for the rest of this program. (Triggered internally at /pytorch/torch/csrc/utils/tensor_numpy.cpp:203.)
  img = torch.from_numpy(pic.transpose((2, 0, 1))).contiguous()
/app/apps/pytorch/2.6.0-py3-cu11.8/lib/python3.13/site-packages/torchvision/transforms/functional.py:154: UserWarning: The given NumPy array is not writable, and PyTorch does not support non-writable tensors. This means writing to this tensor will result in undefined behavior. You may want to copy the array to protect its data or make it writable before converting it to a tensor. This type of warning will be suppressed for the rest of this program. (Triggered internally at /pytorch/torch/csrc/utils/tensor_numpy.cpp:203.)
  img = torch.from_numpy(pic.transpose((2, 0, 1))).contiguous()
/app/apps/pytorch/2.6.0-py3-cu11.8/lib/python3.13/site-packages/torchvision/transforms/functional.py:154: UserWarning: The given NumPy array is not writable, and PyTorch does not support non-writable tensors. This means writing to this tensor will result in undefined behavior. You may want to copy the array to protect its data or make it writable before converting it to a tensor. This type of warning will be suppressed for the rest of this program. (Triggered internally at /pytorch/torch/csrc/utils/tensor_numpy.cpp:203.)
  img = torch.from_numpy(pic.transpose((2, 0, 1))).contiguous()
Epoch 077: train_loss = 0.000000  MAE/GAME0 = 0.000  RMSE = 0.000  GAME1 = 0.000  GAME2 = 0.000  GAME3 = 0.000  lr = 1.00e-05  time = 16.0s
/app/apps/pytorch/2.6.0-py3-cu11.8/lib/python3.13/site-packages/torchvision/transforms/functional.py:154: UserWarning: The given NumPy array is not writable, and PyTorch does not support non-writable tensors. This means writing to this tensor will result in undefined behavior. You may want to copy the array to protect its data or make it writable before converting it to a tensor. This type of warning will be suppressed for the rest of this program. (Triggered internally at /pytorch/torch/csrc/utils/tensor_numpy.cpp:203.)
  img = torch.from_numpy(pic.transpose((2, 0, 1))).contiguous()
/app/apps/pytorch/2.6.0-py3-cu11.8/lib/python3.13/site-packages/torchvision/transforms/functional.py:154: UserWarning: The given NumPy array is not writable, and PyTorch does not support non-writable tensors. This means writing to this tensor will result in undefined behavior. You may want to copy the array to protect its data or make it writable before converting it to a tensor. This type of warning will be suppressed for the rest of this program. (Triggered internally at /pytorch/torch/csrc/utils/tensor_numpy.cpp:203.)
  img = torch.from_numpy(pic.transpose((2, 0, 1))).contiguous()
/app/apps/pytorch/2.6.0-py3-cu11.8/lib/python3.13/site-packages/torchvision/transforms/functional.py:154: UserWarning: The given NumPy array is not writable, and PyTorch does not support non-writable tensors. This means writing to this tensor will result in undefined behavior. You may want to copy the array to protect its data or make it writable before converting it to a tensor. This type of warning will be suppressed for the rest of this program. (Triggered internally at /pytorch/torch/csrc/utils/tensor_numpy.cpp:203.)
  img = torch.from_numpy(pic.transpose((2, 0, 1))).contiguous()
/app/apps/pytorch/2.6.0-py3-cu11.8/lib/python3.13/site-packages/torchvision/transforms/functional.py:154: UserWarning: The given NumPy array is not writable, and PyTorch does not support non-writable tensors. This means writing to this tensor will result in undefined behavior. You may want to copy the array to protect its data or make it writable before converting it to a tensor. This type of warning will be suppressed for the rest of this program. (Triggered internally at /pytorch/torch/csrc/utils/tensor_numpy.cpp:203.)
  img = torch.from_numpy(pic.transpose((2, 0, 1))).contiguous()
[e078 s0001/1030] loss = 0.000000
[e078 s0050/1030] loss = 0.000000
[e078 s0100/1030] loss = 0.000000
[e078 s0150/1030] loss = 0.000000
[e078 s0200/1030] loss = 0.000000
[e078 s0250/1030] loss = 0.000000
[e078 s0300/1030] loss = 0.000000
[e078 s0350/1030] loss = 0.000000
[e078 s0400/1030] loss = 0.000000
[e078 s0450/1030] loss = 0.000000
[e078 s0500/1030] loss = 0.000000
[e078 s0550/1030] loss = 0.000000
[e078 s0600/1030] loss = 0.000000
[e078 s0650/1030] loss = 0.000000
[e078 s0700/1030] loss = 0.000000
[e078 s0750/1030] loss = 0.000000
[e078 s0800/1030] loss = 0.000000
[e078 s0850/1030] loss = 0.000000
[e078 s0900/1030] loss = 0.000000
[e078 s0950/1030] loss = 0.000000
[e078 s1000/1030] loss = 0.000000
/app/apps/pytorch/2.6.0-py3-cu11.8/lib/python3.13/site-packages/torchvision/transforms/functional.py:154: UserWarning: The given NumPy array is not writable, and PyTorch does not support non-writable tensors. This means writing to this tensor will result in undefined behavior. You may want to copy the array to protect its data or make it writable before converting it to a tensor. This type of warning will be suppressed for the rest of this program. (Triggered internally at /pytorch/torch/csrc/utils/tensor_numpy.cpp:203.)
  img = torch.from_numpy(pic.transpose((2, 0, 1))).contiguous()
/app/apps/pytorch/2.6.0-py3-cu11.8/lib/python3.13/site-packages/torchvision/transforms/functional.py:154: UserWarning: The given NumPy array is not writable, and PyTorch does not support non-writable tensors. This means writing to this tensor will result in undefined behavior. You may want to copy the array to protect its data or make it writable before converting it to a tensor. This type of warning will be suppressed for the rest of this program. (Triggered internally at /pytorch/torch/csrc/utils/tensor_numpy.cpp:203.)
  img = torch.from_numpy(pic.transpose((2, 0, 1))).contiguous()
/app/apps/pytorch/2.6.0-py3-cu11.8/lib/python3.13/site-packages/torchvision/transforms/functional.py:154: UserWarning: The given NumPy array is not writable, and PyTorch does not support non-writable tensors. This means writing to this tensor will result in undefined behavior. You may want to copy the array to protect its data or make it writable before converting it to a tensor. This type of warning will be suppressed for the rest of this program. (Triggered internally at /pytorch/torch/csrc/utils/tensor_numpy.cpp:203.)
  img = torch.from_numpy(pic.transpose((2, 0, 1))).contiguous()
/app/apps/pytorch/2.6.0-py3-cu11.8/lib/python3.13/site-packages/torchvision/transforms/functional.py:154: UserWarning: The given NumPy array is not writable, and PyTorch does not support non-writable tensors. This means writing to this tensor will result in undefined behavior. You may want to copy the array to protect its data or make it writable before converting it to a tensor. This type of warning will be suppressed for the rest of this program. (Triggered internally at /pytorch/torch/csrc/utils/tensor_numpy.cpp:203.)
  img = torch.from_numpy(pic.transpose((2, 0, 1))).contiguous()
Epoch 078: train_loss = 0.000000  MAE/GAME0 = 0.000  RMSE = 0.000  GAME1 = 0.000  GAME2 = 0.000  GAME3 = 0.000  lr = 1.00e-05  time = 15.9s
/app/apps/pytorch/2.6.0-py3-cu11.8/lib/python3.13/site-packages/torchvision/transforms/functional.py:154: UserWarning: The given NumPy array is not writable, and PyTorch does not support non-writable tensors. This means writing to this tensor will result in undefined behavior. You may want to copy the array to protect its data or make it writable before converting it to a tensor. This type of warning will be suppressed for the rest of this program. (Triggered internally at /pytorch/torch/csrc/utils/tensor_numpy.cpp:203.)
  img = torch.from_numpy(pic.transpose((2, 0, 1))).contiguous()
/app/apps/pytorch/2.6.0-py3-cu11.8/lib/python3.13/site-packages/torchvision/transforms/functional.py:154: UserWarning: The given NumPy array is not writable, and PyTorch does not support non-writable tensors. This means writing to this tensor will result in undefined behavior. You may want to copy the array to protect its data or make it writable before converting it to a tensor. This type of warning will be suppressed for the rest of this program. (Triggered internally at /pytorch/torch/csrc/utils/tensor_numpy.cpp:203.)
  img = torch.from_numpy(pic.transpose((2, 0, 1))).contiguous()
/app/apps/pytorch/2.6.0-py3-cu11.8/lib/python3.13/site-packages/torchvision/transforms/functional.py:154: UserWarning: The given NumPy array is not writable, and PyTorch does not support non-writable tensors. This means writing to this tensor will result in undefined behavior. You may want to copy the array to protect its data or make it writable before converting it to a tensor. This type of warning will be suppressed for the rest of this program. (Triggered internally at /pytorch/torch/csrc/utils/tensor_numpy.cpp:203.)
  img = torch.from_numpy(pic.transpose((2, 0, 1))).contiguous()
[e079 s0001/1030] loss = 0.000000
/app/apps/pytorch/2.6.0-py3-cu11.8/lib/python3.13/site-packages/torchvision/transforms/functional.py:154: UserWarning: The given NumPy array is not writable, and PyTorch does not support non-writable tensors. This means writing to this tensor will result in undefined behavior. You may want to copy the array to protect its data or make it writable before converting it to a tensor. This type of warning will be suppressed for the rest of this program. (Triggered internally at /pytorch/torch/csrc/utils/tensor_numpy.cpp:203.)
  img = torch.from_numpy(pic.transpose((2, 0, 1))).contiguous()
[e079 s0050/1030] loss = 0.000000
[e079 s0100/1030] loss = 0.000000
[e079 s0150/1030] loss = 0.000000
[e079 s0200/1030] loss = 0.000000
[e079 s0250/1030] loss = 0.000000
[e079 s0300/1030] loss = 0.000000
[e079 s0350/1030] loss = 0.000000
[e079 s0400/1030] loss = 0.000000
[e079 s0450/1030] loss = 0.000000
[e079 s0500/1030] loss = 0.000000
[e079 s0550/1030] loss = 0.000000
[e079 s0600/1030] loss = 0.000000
[e079 s0650/1030] loss = 0.000000
[e079 s0700/1030] loss = 0.000000
[e079 s0750/1030] loss = 0.000000
[e079 s0800/1030] loss = 0.000000
[e079 s0850/1030] loss = 0.000000
[e079 s0900/1030] loss = 0.000000
[e079 s0950/1030] loss = 0.000000
[e079 s1000/1030] loss = 0.000000
/app/apps/pytorch/2.6.0-py3-cu11.8/lib/python3.13/site-packages/torchvision/transforms/functional.py:154: UserWarning: The given NumPy array is not writable, and PyTorch does not support non-writable tensors. This means writing to this tensor will result in undefined behavior. You may want to copy the array to protect its data or make it writable before converting it to a tensor. This type of warning will be suppressed for the rest of this program. (Triggered internally at /pytorch/torch/csrc/utils/tensor_numpy.cpp:203.)
  img = torch.from_numpy(pic.transpose((2, 0, 1))).contiguous()
/app/apps/pytorch/2.6.0-py3-cu11.8/lib/python3.13/site-packages/torchvision/transforms/functional.py:154: UserWarning: The given NumPy array is not writable, and PyTorch does not support non-writable tensors. This means writing to this tensor will result in undefined behavior. You may want to copy the array to protect its data or make it writable before converting it to a tensor. This type of warning will be suppressed for the rest of this program. (Triggered internally at /pytorch/torch/csrc/utils/tensor_numpy.cpp:203.)
  img = torch.from_numpy(pic.transpose((2, 0, 1))).contiguous()
/app/apps/pytorch/2.6.0-py3-cu11.8/lib/python3.13/site-packages/torchvision/transforms/functional.py:154: UserWarning: The given NumPy array is not writable, and PyTorch does not support non-writable tensors. This means writing to this tensor will result in undefined behavior. You may want to copy the array to protect its data or make it writable before converting it to a tensor. This type of warning will be suppressed for the rest of this program. (Triggered internally at /pytorch/torch/csrc/utils/tensor_numpy.cpp:203.)
  img = torch.from_numpy(pic.transpose((2, 0, 1))).contiguous()
/app/apps/pytorch/2.6.0-py3-cu11.8/lib/python3.13/site-packages/torchvision/transforms/functional.py:154: UserWarning: The given NumPy array is not writable, and PyTorch does not support non-writable tensors. This means writing to this tensor will result in undefined behavior. You may want to copy the array to protect its data or make it writable before converting it to a tensor. This type of warning will be suppressed for the rest of this program. (Triggered internally at /pytorch/torch/csrc/utils/tensor_numpy.cpp:203.)
  img = torch.from_numpy(pic.transpose((2, 0, 1))).contiguous()
Epoch 079: train_loss = 0.000000  MAE/GAME0 = 0.000  RMSE = 0.000  GAME1 = 0.000  GAME2 = 0.000  GAME3 = 0.000  lr = 1.00e-05  time = 16.0s
/app/apps/pytorch/2.6.0-py3-cu11.8/lib/python3.13/site-packages/torchvision/transforms/functional.py:154: UserWarning: The given NumPy array is not writable, and PyTorch does not support non-writable tensors. This means writing to this tensor will result in undefined behavior. You may want to copy the array to protect its data or make it writable before converting it to a tensor. This type of warning will be suppressed for the rest of this program. (Triggered internally at /pytorch/torch/csrc/utils/tensor_numpy.cpp:203.)
  img = torch.from_numpy(pic.transpose((2, 0, 1))).contiguous()
/app/apps/pytorch/2.6.0-py3-cu11.8/lib/python3.13/site-packages/torchvision/transforms/functional.py:154: UserWarning: The given NumPy array is not writable, and PyTorch does not support non-writable tensors. This means writing to this tensor will result in undefined behavior. You may want to copy the array to protect its data or make it writable before converting it to a tensor. This type of warning will be suppressed for the rest of this program. (Triggered internally at /pytorch/torch/csrc/utils/tensor_numpy.cpp:203.)
  img = torch.from_numpy(pic.transpose((2, 0, 1))).contiguous()
/app/apps/pytorch/2.6.0-py3-cu11.8/lib/python3.13/site-packages/torchvision/transforms/functional.py:154: UserWarning: The given NumPy array is not writable, and PyTorch does not support non-writable tensors. This means writing to this tensor will result in undefined behavior. You may want to copy the array to protect its data or make it writable before converting it to a tensor. This type of warning will be suppressed for the rest of this program. (Triggered internally at /pytorch/torch/csrc/utils/tensor_numpy.cpp:203.)
  img = torch.from_numpy(pic.transpose((2, 0, 1))).contiguous()
[e080 s0001/1030] loss = 0.000000
/app/apps/pytorch/2.6.0-py3-cu11.8/lib/python3.13/site-packages/torchvision/transforms/functional.py:154: UserWarning: The given NumPy array is not writable, and PyTorch does not support non-writable tensors. This means writing to this tensor will result in undefined behavior. You may want to copy the array to protect its data or make it writable before converting it to a tensor. This type of warning will be suppressed for the rest of this program. (Triggered internally at /pytorch/torch/csrc/utils/tensor_numpy.cpp:203.)
  img = torch.from_numpy(pic.transpose((2, 0, 1))).contiguous()
[e080 s0050/1030] loss = 0.000000
[e080 s0100/1030] loss = 0.000000
[e080 s0150/1030] loss = 0.000000
[e080 s0200/1030] loss = 0.000000
[e080 s0250/1030] loss = 0.000000
[e080 s0300/1030] loss = 0.000000
[e080 s0350/1030] loss = 0.000000
[e080 s0400/1030] loss = 0.000000
[e080 s0450/1030] loss = 0.000000
[e080 s0500/1030] loss = 0.000000
[e080 s0550/1030] loss = 0.000000
[e080 s0600/1030] loss = 0.000000
[e080 s0650/1030] loss = 0.000000
[e080 s0700/1030] loss = 0.000000
[e080 s0750/1030] loss = 0.000000
[e080 s0800/1030] loss = 0.000000
[e080 s0850/1030] loss = 0.000000
[e080 s0900/1030] loss = 0.000000
[e080 s0950/1030] loss = 0.000000
[e080 s1000/1030] loss = 0.000000
/app/apps/pytorch/2.6.0-py3-cu11.8/lib/python3.13/site-packages/torchvision/transforms/functional.py:154: UserWarning: The given NumPy array is not writable, and PyTorch does not support non-writable tensors. This means writing to this tensor will result in undefined behavior. You may want to copy the array to protect its data or make it writable before converting it to a tensor. This type of warning will be suppressed for the rest of this program. (Triggered internally at /pytorch/torch/csrc/utils/tensor_numpy.cpp:203.)
  img = torch.from_numpy(pic.transpose((2, 0, 1))).contiguous()
/app/apps/pytorch/2.6.0-py3-cu11.8/lib/python3.13/site-packages/torchvision/transforms/functional.py:154: UserWarning: The given NumPy array is not writable, and PyTorch does not support non-writable tensors. This means writing to this tensor will result in undefined behavior. You may want to copy the array to protect its data or make it writable before converting it to a tensor. This type of warning will be suppressed for the rest of this program. (Triggered internally at /pytorch/torch/csrc/utils/tensor_numpy.cpp:203.)
  img = torch.from_numpy(pic.transpose((2, 0, 1))).contiguous()
/app/apps/pytorch/2.6.0-py3-cu11.8/lib/python3.13/site-packages/torchvision/transforms/functional.py:154: UserWarning: The given NumPy array is not writable, and PyTorch does not support non-writable tensors. This means writing to this tensor will result in undefined behavior. You may want to copy the array to protect its data or make it writable before converting it to a tensor. This type of warning will be suppressed for the rest of this program. (Triggered internally at /pytorch/torch/csrc/utils/tensor_numpy.cpp:203.)
  img = torch.from_numpy(pic.transpose((2, 0, 1))).contiguous()
/app/apps/pytorch/2.6.0-py3-cu11.8/lib/python3.13/site-packages/torchvision/transforms/functional.py:154: UserWarning: The given NumPy array is not writable, and PyTorch does not support non-writable tensors. This means writing to this tensor will result in undefined behavior. You may want to copy the array to protect its data or make it writable before converting it to a tensor. This type of warning will be suppressed for the rest of this program. (Triggered internally at /pytorch/torch/csrc/utils/tensor_numpy.cpp:203.)
  img = torch.from_numpy(pic.transpose((2, 0, 1))).contiguous()
Epoch 080: train_loss = 0.000000  MAE/GAME0 = 0.000  RMSE = 0.000  GAME1 = 0.000  GAME2 = 0.000  GAME3 = 0.000  lr = 1.00e-05  time = 15.9s
/app/apps/pytorch/2.6.0-py3-cu11.8/lib/python3.13/site-packages/torchvision/transforms/functional.py:154: UserWarning: The given NumPy array is not writable, and PyTorch does not support non-writable tensors. This means writing to this tensor will result in undefined behavior. You may want to copy the array to protect its data or make it writable before converting it to a tensor. This type of warning will be suppressed for the rest of this program. (Triggered internally at /pytorch/torch/csrc/utils/tensor_numpy.cpp:203.)
  img = torch.from_numpy(pic.transpose((2, 0, 1))).contiguous()
/app/apps/pytorch/2.6.0-py3-cu11.8/lib/python3.13/site-packages/torchvision/transforms/functional.py:154: UserWarning: The given NumPy array is not writable, and PyTorch does not support non-writable tensors. This means writing to this tensor will result in undefined behavior. You may want to copy the array to protect its data or make it writable before converting it to a tensor. This type of warning will be suppressed for the rest of this program. (Triggered internally at /pytorch/torch/csrc/utils/tensor_numpy.cpp:203.)
  img = torch.from_numpy(pic.transpose((2, 0, 1))).contiguous()
/app/apps/pytorch/2.6.0-py3-cu11.8/lib/python3.13/site-packages/torchvision/transforms/functional.py:154: UserWarning: The given NumPy array is not writable, and PyTorch does not support non-writable tensors. This means writing to this tensor will result in undefined behavior. You may want to copy the array to protect its data or make it writable before converting it to a tensor. This type of warning will be suppressed for the rest of this program. (Triggered internally at /pytorch/torch/csrc/utils/tensor_numpy.cpp:203.)
  img = torch.from_numpy(pic.transpose((2, 0, 1))).contiguous()
/app/apps/pytorch/2.6.0-py3-cu11.8/lib/python3.13/site-packages/torchvision/transforms/functional.py:154: UserWarning: The given NumPy array is not writable, and PyTorch does not support non-writable tensors. This means writing to this tensor will result in undefined behavior. You may want to copy the array to protect its data or make it writable before converting it to a tensor. This type of warning will be suppressed for the rest of this program. (Triggered internally at /pytorch/torch/csrc/utils/tensor_numpy.cpp:203.)
  img = torch.from_numpy(pic.transpose((2, 0, 1))).contiguous()
[e081 s0001/1030] loss = 0.000000
[e081 s0050/1030] loss = 0.000000
[e081 s0100/1030] loss = 0.000000
[e081 s0150/1030] loss = 0.000000
[e081 s0200/1030] loss = 0.000000
[e081 s0250/1030] loss = 0.000000
[e081 s0300/1030] loss = 0.000000
[e081 s0350/1030] loss = 0.000000
[e081 s0400/1030] loss = 0.000000
[e081 s0450/1030] loss = 0.000000
[e081 s0500/1030] loss = 0.000000
[e081 s0550/1030] loss = 0.000000
[e081 s0600/1030] loss = 0.000000
[e081 s0650/1030] loss = 0.000000
[e081 s0700/1030] loss = 0.000000
[e081 s0750/1030] loss = 0.000000
[e081 s0800/1030] loss = 0.000000
[e081 s0850/1030] loss = 0.000000
[e081 s0900/1030] loss = 0.000000
[e081 s0950/1030] loss = 0.000000
[e081 s1000/1030] loss = 0.000000
/app/apps/pytorch/2.6.0-py3-cu11.8/lib/python3.13/site-packages/torchvision/transforms/functional.py:154: UserWarning: The given NumPy array is not writable, and PyTorch does not support non-writable tensors. This means writing to this tensor will result in undefined behavior. You may want to copy the array to protect its data or make it writable before converting it to a tensor. This type of warning will be suppressed for the rest of this program. (Triggered internally at /pytorch/torch/csrc/utils/tensor_numpy.cpp:203.)
  img = torch.from_numpy(pic.transpose((2, 0, 1))).contiguous()
/app/apps/pytorch/2.6.0-py3-cu11.8/lib/python3.13/site-packages/torchvision/transforms/functional.py:154: UserWarning: The given NumPy array is not writable, and PyTorch does not support non-writable tensors. This means writing to this tensor will result in undefined behavior. You may want to copy the array to protect its data or make it writable before converting it to a tensor. This type of warning will be suppressed for the rest of this program. (Triggered internally at /pytorch/torch/csrc/utils/tensor_numpy.cpp:203.)
  img = torch.from_numpy(pic.transpose((2, 0, 1))).contiguous()
/app/apps/pytorch/2.6.0-py3-cu11.8/lib/python3.13/site-packages/torchvision/transforms/functional.py:154: UserWarning: The given NumPy array is not writable, and PyTorch does not support non-writable tensors. This means writing to this tensor will result in undefined behavior. You may want to copy the array to protect its data or make it writable before converting it to a tensor. This type of warning will be suppressed for the rest of this program. (Triggered internally at /pytorch/torch/csrc/utils/tensor_numpy.cpp:203.)
  img = torch.from_numpy(pic.transpose((2, 0, 1))).contiguous()
/app/apps/pytorch/2.6.0-py3-cu11.8/lib/python3.13/site-packages/torchvision/transforms/functional.py:154: UserWarning: The given NumPy array is not writable, and PyTorch does not support non-writable tensors. This means writing to this tensor will result in undefined behavior. You may want to copy the array to protect its data or make it writable before converting it to a tensor. This type of warning will be suppressed for the rest of this program. (Triggered internally at /pytorch/torch/csrc/utils/tensor_numpy.cpp:203.)
  img = torch.from_numpy(pic.transpose((2, 0, 1))).contiguous()
Epoch 081: train_loss = 0.000000  MAE/GAME0 = 0.000  RMSE = 0.000  GAME1 = 0.000  GAME2 = 0.000  GAME3 = 0.000  lr = 1.00e-05  time = 15.9s
/app/apps/pytorch/2.6.0-py3-cu11.8/lib/python3.13/site-packages/torchvision/transforms/functional.py:154: UserWarning: The given NumPy array is not writable, and PyTorch does not support non-writable tensors. This means writing to this tensor will result in undefined behavior. You may want to copy the array to protect its data or make it writable before converting it to a tensor. This type of warning will be suppressed for the rest of this program. (Triggered internally at /pytorch/torch/csrc/utils/tensor_numpy.cpp:203.)
  img = torch.from_numpy(pic.transpose((2, 0, 1))).contiguous()
/app/apps/pytorch/2.6.0-py3-cu11.8/lib/python3.13/site-packages/torchvision/transforms/functional.py:154: UserWarning: The given NumPy array is not writable, and PyTorch does not support non-writable tensors. This means writing to this tensor will result in undefined behavior. You may want to copy the array to protect its data or make it writable before converting it to a tensor. This type of warning will be suppressed for the rest of this program. (Triggered internally at /pytorch/torch/csrc/utils/tensor_numpy.cpp:203.)
  img = torch.from_numpy(pic.transpose((2, 0, 1))).contiguous()
/app/apps/pytorch/2.6.0-py3-cu11.8/lib/python3.13/site-packages/torchvision/transforms/functional.py:154: UserWarning: The given NumPy array is not writable, and PyTorch does not support non-writable tensors. This means writing to this tensor will result in undefined behavior. You may want to copy the array to protect its data or make it writable before converting it to a tensor. This type of warning will be suppressed for the rest of this program. (Triggered internally at /pytorch/torch/csrc/utils/tensor_numpy.cpp:203.)
  img = torch.from_numpy(pic.transpose((2, 0, 1))).contiguous()
[e082 s0001/1030] loss = 0.000000
/app/apps/pytorch/2.6.0-py3-cu11.8/lib/python3.13/site-packages/torchvision/transforms/functional.py:154: UserWarning: The given NumPy array is not writable, and PyTorch does not support non-writable tensors. This means writing to this tensor will result in undefined behavior. You may want to copy the array to protect its data or make it writable before converting it to a tensor. This type of warning will be suppressed for the rest of this program. (Triggered internally at /pytorch/torch/csrc/utils/tensor_numpy.cpp:203.)
  img = torch.from_numpy(pic.transpose((2, 0, 1))).contiguous()
[e082 s0050/1030] loss = 0.000000
[e082 s0100/1030] loss = 0.000000
[e082 s0150/1030] loss = 0.000000
[e082 s0200/1030] loss = 0.000000
[e082 s0250/1030] loss = 0.000000
[e082 s0300/1030] loss = 0.000000
[e082 s0350/1030] loss = 0.000000
[e082 s0400/1030] loss = 0.000000
[e082 s0450/1030] loss = 0.000000
[e082 s0500/1030] loss = 0.000000
[e082 s0550/1030] loss = 0.000000
[e082 s0600/1030] loss = 0.000000
[e082 s0650/1030] loss = 0.000000
[e082 s0700/1030] loss = 0.000000
[e082 s0750/1030] loss = 0.000000
[e082 s0800/1030] loss = 0.000000
[e082 s0850/1030] loss = 0.000000
[e082 s0900/1030] loss = 0.000000
[e082 s0950/1030] loss = 0.000000
[e082 s1000/1030] loss = 0.000000
/app/apps/pytorch/2.6.0-py3-cu11.8/lib/python3.13/site-packages/torchvision/transforms/functional.py:154: UserWarning: The given NumPy array is not writable, and PyTorch does not support non-writable tensors. This means writing to this tensor will result in undefined behavior. You may want to copy the array to protect its data or make it writable before converting it to a tensor. This type of warning will be suppressed for the rest of this program. (Triggered internally at /pytorch/torch/csrc/utils/tensor_numpy.cpp:203.)
  img = torch.from_numpy(pic.transpose((2, 0, 1))).contiguous()
/app/apps/pytorch/2.6.0-py3-cu11.8/lib/python3.13/site-packages/torchvision/transforms/functional.py:154: UserWarning: The given NumPy array is not writable, and PyTorch does not support non-writable tensors. This means writing to this tensor will result in undefined behavior. You may want to copy the array to protect its data or make it writable before converting it to a tensor. This type of warning will be suppressed for the rest of this program. (Triggered internally at /pytorch/torch/csrc/utils/tensor_numpy.cpp:203.)
  img = torch.from_numpy(pic.transpose((2, 0, 1))).contiguous()
/app/apps/pytorch/2.6.0-py3-cu11.8/lib/python3.13/site-packages/torchvision/transforms/functional.py:154: UserWarning: The given NumPy array is not writable, and PyTorch does not support non-writable tensors. This means writing to this tensor will result in undefined behavior. You may want to copy the array to protect its data or make it writable before converting it to a tensor. This type of warning will be suppressed for the rest of this program. (Triggered internally at /pytorch/torch/csrc/utils/tensor_numpy.cpp:203.)
  img = torch.from_numpy(pic.transpose((2, 0, 1))).contiguous()
/app/apps/pytorch/2.6.0-py3-cu11.8/lib/python3.13/site-packages/torchvision/transforms/functional.py:154: UserWarning: The given NumPy array is not writable, and PyTorch does not support non-writable tensors. This means writing to this tensor will result in undefined behavior. You may want to copy the array to protect its data or make it writable before converting it to a tensor. This type of warning will be suppressed for the rest of this program. (Triggered internally at /pytorch/torch/csrc/utils/tensor_numpy.cpp:203.)
  img = torch.from_numpy(pic.transpose((2, 0, 1))).contiguous()
Epoch 082: train_loss = 0.000000  MAE/GAME0 = 0.000  RMSE = 0.000  GAME1 = 0.000  GAME2 = 0.000  GAME3 = 0.000  lr = 1.00e-05  time = 16.0s
/app/apps/pytorch/2.6.0-py3-cu11.8/lib/python3.13/site-packages/torchvision/transforms/functional.py:154: UserWarning: The given NumPy array is not writable, and PyTorch does not support non-writable tensors. This means writing to this tensor will result in undefined behavior. You may want to copy the array to protect its data or make it writable before converting it to a tensor. This type of warning will be suppressed for the rest of this program. (Triggered internally at /pytorch/torch/csrc/utils/tensor_numpy.cpp:203.)
  img = torch.from_numpy(pic.transpose((2, 0, 1))).contiguous()
/app/apps/pytorch/2.6.0-py3-cu11.8/lib/python3.13/site-packages/torchvision/transforms/functional.py:154: UserWarning: The given NumPy array is not writable, and PyTorch does not support non-writable tensors. This means writing to this tensor will result in undefined behavior. You may want to copy the array to protect its data or make it writable before converting it to a tensor. This type of warning will be suppressed for the rest of this program. (Triggered internally at /pytorch/torch/csrc/utils/tensor_numpy.cpp:203.)
  img = torch.from_numpy(pic.transpose((2, 0, 1))).contiguous()
/app/apps/pytorch/2.6.0-py3-cu11.8/lib/python3.13/site-packages/torchvision/transforms/functional.py:154: UserWarning: The given NumPy array is not writable, and PyTorch does not support non-writable tensors. This means writing to this tensor will result in undefined behavior. You may want to copy the array to protect its data or make it writable before converting it to a tensor. This type of warning will be suppressed for the rest of this program. (Triggered internally at /pytorch/torch/csrc/utils/tensor_numpy.cpp:203.)
  img = torch.from_numpy(pic.transpose((2, 0, 1))).contiguous()
/app/apps/pytorch/2.6.0-py3-cu11.8/lib/python3.13/site-packages/torchvision/transforms/functional.py:154: UserWarning: The given NumPy array is not writable, and PyTorch does not support non-writable tensors. This means writing to this tensor will result in undefined behavior. You may want to copy the array to protect its data or make it writable before converting it to a tensor. This type of warning will be suppressed for the rest of this program. (Triggered internally at /pytorch/torch/csrc/utils/tensor_numpy.cpp:203.)
  img = torch.from_numpy(pic.transpose((2, 0, 1))).contiguous()
[e083 s0001/1030] loss = 0.000000
[e083 s0050/1030] loss = 0.000000
[e083 s0100/1030] loss = 0.000000
[e083 s0150/1030] loss = 0.000000
[e083 s0200/1030] loss = 0.000000
[e083 s0250/1030] loss = 0.000000
[e083 s0300/1030] loss = 0.000000
[e083 s0350/1030] loss = 0.000000
[e083 s0400/1030] loss = 0.000000
[e083 s0450/1030] loss = 0.000000
[e083 s0500/1030] loss = 0.000000
[e083 s0550/1030] loss = 0.000000
[e083 s0600/1030] loss = 0.000000
[e083 s0650/1030] loss = 0.000000
[e083 s0700/1030] loss = 0.000000
[e083 s0750/1030] loss = 0.000000
[e083 s0800/1030] loss = 0.000000
[e083 s0850/1030] loss = 0.000000
[e083 s0900/1030] loss = 0.000000
[e083 s0950/1030] loss = 0.000000
[e083 s1000/1030] loss = 0.000000
/app/apps/pytorch/2.6.0-py3-cu11.8/lib/python3.13/site-packages/torchvision/transforms/functional.py:154: UserWarning: The given NumPy array is not writable, and PyTorch does not support non-writable tensors. This means writing to this tensor will result in undefined behavior. You may want to copy the array to protect its data or make it writable before converting it to a tensor. This type of warning will be suppressed for the rest of this program. (Triggered internally at /pytorch/torch/csrc/utils/tensor_numpy.cpp:203.)
  img = torch.from_numpy(pic.transpose((2, 0, 1))).contiguous()
/app/apps/pytorch/2.6.0-py3-cu11.8/lib/python3.13/site-packages/torchvision/transforms/functional.py:154: UserWarning: The given NumPy array is not writable, and PyTorch does not support non-writable tensors. This means writing to this tensor will result in undefined behavior. You may want to copy the array to protect its data or make it writable before converting it to a tensor. This type of warning will be suppressed for the rest of this program. (Triggered internally at /pytorch/torch/csrc/utils/tensor_numpy.cpp:203.)
  img = torch.from_numpy(pic.transpose((2, 0, 1))).contiguous()
/app/apps/pytorch/2.6.0-py3-cu11.8/lib/python3.13/site-packages/torchvision/transforms/functional.py:154: UserWarning: The given NumPy array is not writable, and PyTorch does not support non-writable tensors. This means writing to this tensor will result in undefined behavior. You may want to copy the array to protect its data or make it writable before converting it to a tensor. This type of warning will be suppressed for the rest of this program. (Triggered internally at /pytorch/torch/csrc/utils/tensor_numpy.cpp:203.)
  img = torch.from_numpy(pic.transpose((2, 0, 1))).contiguous()
/app/apps/pytorch/2.6.0-py3-cu11.8/lib/python3.13/site-packages/torchvision/transforms/functional.py:154: UserWarning: The given NumPy array is not writable, and PyTorch does not support non-writable tensors. This means writing to this tensor will result in undefined behavior. You may want to copy the array to protect its data or make it writable before converting it to a tensor. This type of warning will be suppressed for the rest of this program. (Triggered internally at /pytorch/torch/csrc/utils/tensor_numpy.cpp:203.)
  img = torch.from_numpy(pic.transpose((2, 0, 1))).contiguous()
Epoch 083: train_loss = 0.000000  MAE/GAME0 = 0.000  RMSE = 0.000  GAME1 = 0.000  GAME2 = 0.000  GAME3 = 0.000  lr = 1.00e-05  time = 16.1s
/app/apps/pytorch/2.6.0-py3-cu11.8/lib/python3.13/site-packages/torchvision/transforms/functional.py:154: UserWarning: The given NumPy array is not writable, and PyTorch does not support non-writable tensors. This means writing to this tensor will result in undefined behavior. You may want to copy the array to protect its data or make it writable before converting it to a tensor. This type of warning will be suppressed for the rest of this program. (Triggered internally at /pytorch/torch/csrc/utils/tensor_numpy.cpp:203.)
  img = torch.from_numpy(pic.transpose((2, 0, 1))).contiguous()
/app/apps/pytorch/2.6.0-py3-cu11.8/lib/python3.13/site-packages/torchvision/transforms/functional.py:154: UserWarning: The given NumPy array is not writable, and PyTorch does not support non-writable tensors. This means writing to this tensor will result in undefined behavior. You may want to copy the array to protect its data or make it writable before converting it to a tensor. This type of warning will be suppressed for the rest of this program. (Triggered internally at /pytorch/torch/csrc/utils/tensor_numpy.cpp:203.)
  img = torch.from_numpy(pic.transpose((2, 0, 1))).contiguous()
/app/apps/pytorch/2.6.0-py3-cu11.8/lib/python3.13/site-packages/torchvision/transforms/functional.py:154: UserWarning: The given NumPy array is not writable, and PyTorch does not support non-writable tensors. This means writing to this tensor will result in undefined behavior. You may want to copy the array to protect its data or make it writable before converting it to a tensor. This type of warning will be suppressed for the rest of this program. (Triggered internally at /pytorch/torch/csrc/utils/tensor_numpy.cpp:203.)
  img = torch.from_numpy(pic.transpose((2, 0, 1))).contiguous()
/app/apps/pytorch/2.6.0-py3-cu11.8/lib/python3.13/site-packages/torchvision/transforms/functional.py:154: UserWarning: The given NumPy array is not writable, and PyTorch does not support non-writable tensors. This means writing to this tensor will result in undefined behavior. You may want to copy the array to protect its data or make it writable before converting it to a tensor. This type of warning will be suppressed for the rest of this program. (Triggered internally at /pytorch/torch/csrc/utils/tensor_numpy.cpp:203.)
  img = torch.from_numpy(pic.transpose((2, 0, 1))).contiguous()
[e084 s0001/1030] loss = 0.000000
[e084 s0050/1030] loss = 0.000000
[e084 s0100/1030] loss = 0.000000
[e084 s0150/1030] loss = 0.000000
[e084 s0200/1030] loss = 0.000000
[e084 s0250/1030] loss = 0.000000
[e084 s0300/1030] loss = 0.000000
[e084 s0350/1030] loss = 0.000000
[e084 s0400/1030] loss = 0.000000
[e084 s0450/1030] loss = 0.000000
[e084 s0500/1030] loss = 0.000000
[e084 s0550/1030] loss = 0.000000
[e084 s0600/1030] loss = 0.000000
[e084 s0650/1030] loss = 0.000000
[e084 s0700/1030] loss = 0.000000
[e084 s0750/1030] loss = 0.000000
[e084 s0800/1030] loss = 0.000000
[e084 s0850/1030] loss = 0.000000
[e084 s0900/1030] loss = 0.000000
[e084 s0950/1030] loss = 0.000000
[e084 s1000/1030] loss = 0.000000
/app/apps/pytorch/2.6.0-py3-cu11.8/lib/python3.13/site-packages/torchvision/transforms/functional.py:154: UserWarning: The given NumPy array is not writable, and PyTorch does not support non-writable tensors. This means writing to this tensor will result in undefined behavior. You may want to copy the array to protect its data or make it writable before converting it to a tensor. This type of warning will be suppressed for the rest of this program. (Triggered internally at /pytorch/torch/csrc/utils/tensor_numpy.cpp:203.)
  img = torch.from_numpy(pic.transpose((2, 0, 1))).contiguous()
/app/apps/pytorch/2.6.0-py3-cu11.8/lib/python3.13/site-packages/torchvision/transforms/functional.py:154: UserWarning: The given NumPy array is not writable, and PyTorch does not support non-writable tensors. This means writing to this tensor will result in undefined behavior. You may want to copy the array to protect its data or make it writable before converting it to a tensor. This type of warning will be suppressed for the rest of this program. (Triggered internally at /pytorch/torch/csrc/utils/tensor_numpy.cpp:203.)
  img = torch.from_numpy(pic.transpose((2, 0, 1))).contiguous()
/app/apps/pytorch/2.6.0-py3-cu11.8/lib/python3.13/site-packages/torchvision/transforms/functional.py:154: UserWarning: The given NumPy array is not writable, and PyTorch does not support non-writable tensors. This means writing to this tensor will result in undefined behavior. You may want to copy the array to protect its data or make it writable before converting it to a tensor. This type of warning will be suppressed for the rest of this program. (Triggered internally at /pytorch/torch/csrc/utils/tensor_numpy.cpp:203.)
  img = torch.from_numpy(pic.transpose((2, 0, 1))).contiguous()
/app/apps/pytorch/2.6.0-py3-cu11.8/lib/python3.13/site-packages/torchvision/transforms/functional.py:154: UserWarning: The given NumPy array is not writable, and PyTorch does not support non-writable tensors. This means writing to this tensor will result in undefined behavior. You may want to copy the array to protect its data or make it writable before converting it to a tensor. This type of warning will be suppressed for the rest of this program. (Triggered internally at /pytorch/torch/csrc/utils/tensor_numpy.cpp:203.)
  img = torch.from_numpy(pic.transpose((2, 0, 1))).contiguous()
Epoch 084: train_loss = 0.000000  MAE/GAME0 = 0.000  RMSE = 0.000  GAME1 = 0.000  GAME2 = 0.000  GAME3 = 0.000  lr = 1.00e-05  time = 15.9s
/app/apps/pytorch/2.6.0-py3-cu11.8/lib/python3.13/site-packages/torchvision/transforms/functional.py:154: UserWarning: The given NumPy array is not writable, and PyTorch does not support non-writable tensors. This means writing to this tensor will result in undefined behavior. You may want to copy the array to protect its data or make it writable before converting it to a tensor. This type of warning will be suppressed for the rest of this program. (Triggered internally at /pytorch/torch/csrc/utils/tensor_numpy.cpp:203.)
  img = torch.from_numpy(pic.transpose((2, 0, 1))).contiguous()
/app/apps/pytorch/2.6.0-py3-cu11.8/lib/python3.13/site-packages/torchvision/transforms/functional.py:154: UserWarning: The given NumPy array is not writable, and PyTorch does not support non-writable tensors. This means writing to this tensor will result in undefined behavior. You may want to copy the array to protect its data or make it writable before converting it to a tensor. This type of warning will be suppressed for the rest of this program. (Triggered internally at /pytorch/torch/csrc/utils/tensor_numpy.cpp:203.)
  img = torch.from_numpy(pic.transpose((2, 0, 1))).contiguous()
/app/apps/pytorch/2.6.0-py3-cu11.8/lib/python3.13/site-packages/torchvision/transforms/functional.py:154: UserWarning: The given NumPy array is not writable, and PyTorch does not support non-writable tensors. This means writing to this tensor will result in undefined behavior. You may want to copy the array to protect its data or make it writable before converting it to a tensor. This type of warning will be suppressed for the rest of this program. (Triggered internally at /pytorch/torch/csrc/utils/tensor_numpy.cpp:203.)
  img = torch.from_numpy(pic.transpose((2, 0, 1))).contiguous()
[e085 s0001/1030] loss = 0.000000
/app/apps/pytorch/2.6.0-py3-cu11.8/lib/python3.13/site-packages/torchvision/transforms/functional.py:154: UserWarning: The given NumPy array is not writable, and PyTorch does not support non-writable tensors. This means writing to this tensor will result in undefined behavior. You may want to copy the array to protect its data or make it writable before converting it to a tensor. This type of warning will be suppressed for the rest of this program. (Triggered internally at /pytorch/torch/csrc/utils/tensor_numpy.cpp:203.)
  img = torch.from_numpy(pic.transpose((2, 0, 1))).contiguous()
[e085 s0050/1030] loss = 0.000000
[e085 s0100/1030] loss = 0.000000
[e085 s0150/1030] loss = 0.000000
[e085 s0200/1030] loss = 0.000000
[e085 s0250/1030] loss = 0.000000
[e085 s0300/1030] loss = 0.000000
[e085 s0350/1030] loss = 0.000000
[e085 s0400/1030] loss = 0.000000
[e085 s0450/1030] loss = 0.000000
[e085 s0500/1030] loss = 0.000000
[e085 s0550/1030] loss = 0.000000
[e085 s0600/1030] loss = 0.000000
[e085 s0650/1030] loss = 0.000000
[e085 s0700/1030] loss = 0.000000
[e085 s0750/1030] loss = 0.000000
[e085 s0800/1030] loss = 0.000000
[e085 s0850/1030] loss = 0.000000
[e085 s0900/1030] loss = 0.000000
[e085 s0950/1030] loss = 0.000000
[e085 s1000/1030] loss = 0.000000
/app/apps/pytorch/2.6.0-py3-cu11.8/lib/python3.13/site-packages/torchvision/transforms/functional.py:154: UserWarning: The given NumPy array is not writable, and PyTorch does not support non-writable tensors. This means writing to this tensor will result in undefined behavior. You may want to copy the array to protect its data or make it writable before converting it to a tensor. This type of warning will be suppressed for the rest of this program. (Triggered internally at /pytorch/torch/csrc/utils/tensor_numpy.cpp:203.)
  img = torch.from_numpy(pic.transpose((2, 0, 1))).contiguous()
/app/apps/pytorch/2.6.0-py3-cu11.8/lib/python3.13/site-packages/torchvision/transforms/functional.py:154: UserWarning: The given NumPy array is not writable, and PyTorch does not support non-writable tensors. This means writing to this tensor will result in undefined behavior. You may want to copy the array to protect its data or make it writable before converting it to a tensor. This type of warning will be suppressed for the rest of this program. (Triggered internally at /pytorch/torch/csrc/utils/tensor_numpy.cpp:203.)
  img = torch.from_numpy(pic.transpose((2, 0, 1))).contiguous()
/app/apps/pytorch/2.6.0-py3-cu11.8/lib/python3.13/site-packages/torchvision/transforms/functional.py:154: UserWarning: The given NumPy array is not writable, and PyTorch does not support non-writable tensors. This means writing to this tensor will result in undefined behavior. You may want to copy the array to protect its data or make it writable before converting it to a tensor. This type of warning will be suppressed for the rest of this program. (Triggered internally at /pytorch/torch/csrc/utils/tensor_numpy.cpp:203.)
  img = torch.from_numpy(pic.transpose((2, 0, 1))).contiguous()
/app/apps/pytorch/2.6.0-py3-cu11.8/lib/python3.13/site-packages/torchvision/transforms/functional.py:154: UserWarning: The given NumPy array is not writable, and PyTorch does not support non-writable tensors. This means writing to this tensor will result in undefined behavior. You may want to copy the array to protect its data or make it writable before converting it to a tensor. This type of warning will be suppressed for the rest of this program. (Triggered internally at /pytorch/torch/csrc/utils/tensor_numpy.cpp:203.)
  img = torch.from_numpy(pic.transpose((2, 0, 1))).contiguous()
Epoch 085: train_loss = 0.000000  MAE/GAME0 = 0.000  RMSE = 0.000  GAME1 = 0.000  GAME2 = 0.000  GAME3 = 0.000  lr = 1.00e-05  time = 15.8s
/app/apps/pytorch/2.6.0-py3-cu11.8/lib/python3.13/site-packages/torchvision/transforms/functional.py:154: UserWarning: The given NumPy array is not writable, and PyTorch does not support non-writable tensors. This means writing to this tensor will result in undefined behavior. You may want to copy the array to protect its data or make it writable before converting it to a tensor. This type of warning will be suppressed for the rest of this program. (Triggered internally at /pytorch/torch/csrc/utils/tensor_numpy.cpp:203.)
  img = torch.from_numpy(pic.transpose((2, 0, 1))).contiguous()
/app/apps/pytorch/2.6.0-py3-cu11.8/lib/python3.13/site-packages/torchvision/transforms/functional.py:154: UserWarning: The given NumPy array is not writable, and PyTorch does not support non-writable tensors. This means writing to this tensor will result in undefined behavior. You may want to copy the array to protect its data or make it writable before converting it to a tensor. This type of warning will be suppressed for the rest of this program. (Triggered internally at /pytorch/torch/csrc/utils/tensor_numpy.cpp:203.)
  img = torch.from_numpy(pic.transpose((2, 0, 1))).contiguous()
/app/apps/pytorch/2.6.0-py3-cu11.8/lib/python3.13/site-packages/torchvision/transforms/functional.py:154: UserWarning: The given NumPy array is not writable, and PyTorch does not support non-writable tensors. This means writing to this tensor will result in undefined behavior. You may want to copy the array to protect its data or make it writable before converting it to a tensor. This type of warning will be suppressed for the rest of this program. (Triggered internally at /pytorch/torch/csrc/utils/tensor_numpy.cpp:203.)
  img = torch.from_numpy(pic.transpose((2, 0, 1))).contiguous()
[e086 s0001/1030] loss = 0.000000
/app/apps/pytorch/2.6.0-py3-cu11.8/lib/python3.13/site-packages/torchvision/transforms/functional.py:154: UserWarning: The given NumPy array is not writable, and PyTorch does not support non-writable tensors. This means writing to this tensor will result in undefined behavior. You may want to copy the array to protect its data or make it writable before converting it to a tensor. This type of warning will be suppressed for the rest of this program. (Triggered internally at /pytorch/torch/csrc/utils/tensor_numpy.cpp:203.)
  img = torch.from_numpy(pic.transpose((2, 0, 1))).contiguous()
[e086 s0050/1030] loss = 0.000000
[e086 s0100/1030] loss = 0.000000
[e086 s0150/1030] loss = 0.000000
[e086 s0200/1030] loss = 0.000000
[e086 s0250/1030] loss = 0.000000
[e086 s0300/1030] loss = 0.000000
[e086 s0350/1030] loss = 0.000000
[e086 s0400/1030] loss = 0.000000
[e086 s0450/1030] loss = 0.000000
[e086 s0500/1030] loss = 0.000000
[e086 s0550/1030] loss = 0.000000
[e086 s0600/1030] loss = 0.000000
[e086 s0650/1030] loss = 0.000000
[e086 s0700/1030] loss = 0.000000
[e086 s0750/1030] loss = 0.000000
[e086 s0800/1030] loss = 0.000000
[e086 s0850/1030] loss = 0.000000
[e086 s0900/1030] loss = 0.000000
[e086 s0950/1030] loss = 0.000000
[e086 s1000/1030] loss = 0.000000
/app/apps/pytorch/2.6.0-py3-cu11.8/lib/python3.13/site-packages/torchvision/transforms/functional.py:154: UserWarning: The given NumPy array is not writable, and PyTorch does not support non-writable tensors. This means writing to this tensor will result in undefined behavior. You may want to copy the array to protect its data or make it writable before converting it to a tensor. This type of warning will be suppressed for the rest of this program. (Triggered internally at /pytorch/torch/csrc/utils/tensor_numpy.cpp:203.)
  img = torch.from_numpy(pic.transpose((2, 0, 1))).contiguous()
/app/apps/pytorch/2.6.0-py3-cu11.8/lib/python3.13/site-packages/torchvision/transforms/functional.py:154: UserWarning: The given NumPy array is not writable, and PyTorch does not support non-writable tensors. This means writing to this tensor will result in undefined behavior. You may want to copy the array to protect its data or make it writable before converting it to a tensor. This type of warning will be suppressed for the rest of this program. (Triggered internally at /pytorch/torch/csrc/utils/tensor_numpy.cpp:203.)
  img = torch.from_numpy(pic.transpose((2, 0, 1))).contiguous()
/app/apps/pytorch/2.6.0-py3-cu11.8/lib/python3.13/site-packages/torchvision/transforms/functional.py:154: UserWarning: The given NumPy array is not writable, and PyTorch does not support non-writable tensors. This means writing to this tensor will result in undefined behavior. You may want to copy the array to protect its data or make it writable before converting it to a tensor. This type of warning will be suppressed for the rest of this program. (Triggered internally at /pytorch/torch/csrc/utils/tensor_numpy.cpp:203.)
  img = torch.from_numpy(pic.transpose((2, 0, 1))).contiguous()
/app/apps/pytorch/2.6.0-py3-cu11.8/lib/python3.13/site-packages/torchvision/transforms/functional.py:154: UserWarning: The given NumPy array is not writable, and PyTorch does not support non-writable tensors. This means writing to this tensor will result in undefined behavior. You may want to copy the array to protect its data or make it writable before converting it to a tensor. This type of warning will be suppressed for the rest of this program. (Triggered internally at /pytorch/torch/csrc/utils/tensor_numpy.cpp:203.)
  img = torch.from_numpy(pic.transpose((2, 0, 1))).contiguous()
Epoch 086: train_loss = 0.000000  MAE/GAME0 = 0.000  RMSE = 0.000  GAME1 = 0.000  GAME2 = 0.000  GAME3 = 0.000  lr = 1.00e-05  time = 16.2s
/app/apps/pytorch/2.6.0-py3-cu11.8/lib/python3.13/site-packages/torchvision/transforms/functional.py:154: UserWarning: The given NumPy array is not writable, and PyTorch does not support non-writable tensors. This means writing to this tensor will result in undefined behavior. You may want to copy the array to protect its data or make it writable before converting it to a tensor. This type of warning will be suppressed for the rest of this program. (Triggered internally at /pytorch/torch/csrc/utils/tensor_numpy.cpp:203.)
  img = torch.from_numpy(pic.transpose((2, 0, 1))).contiguous()
/app/apps/pytorch/2.6.0-py3-cu11.8/lib/python3.13/site-packages/torchvision/transforms/functional.py:154: UserWarning: The given NumPy array is not writable, and PyTorch does not support non-writable tensors. This means writing to this tensor will result in undefined behavior. You may want to copy the array to protect its data or make it writable before converting it to a tensor. This type of warning will be suppressed for the rest of this program. (Triggered internally at /pytorch/torch/csrc/utils/tensor_numpy.cpp:203.)
  img = torch.from_numpy(pic.transpose((2, 0, 1))).contiguous()
/app/apps/pytorch/2.6.0-py3-cu11.8/lib/python3.13/site-packages/torchvision/transforms/functional.py:154: UserWarning: The given NumPy array is not writable, and PyTorch does not support non-writable tensors. This means writing to this tensor will result in undefined behavior. You may want to copy the array to protect its data or make it writable before converting it to a tensor. This type of warning will be suppressed for the rest of this program. (Triggered internally at /pytorch/torch/csrc/utils/tensor_numpy.cpp:203.)
  img = torch.from_numpy(pic.transpose((2, 0, 1))).contiguous()
/app/apps/pytorch/2.6.0-py3-cu11.8/lib/python3.13/site-packages/torchvision/transforms/functional.py:154: UserWarning: The given NumPy array is not writable, and PyTorch does not support non-writable tensors. This means writing to this tensor will result in undefined behavior. You may want to copy the array to protect its data or make it writable before converting it to a tensor. This type of warning will be suppressed for the rest of this program. (Triggered internally at /pytorch/torch/csrc/utils/tensor_numpy.cpp:203.)
  img = torch.from_numpy(pic.transpose((2, 0, 1))).contiguous()
[e087 s0001/1030] loss = 0.000000
[e087 s0050/1030] loss = 0.000000
[e087 s0100/1030] loss = 0.000000
[e087 s0150/1030] loss = 0.000000
[e087 s0200/1030] loss = 0.000000
[e087 s0250/1030] loss = 0.000000
[e087 s0300/1030] loss = 0.000000
[e087 s0350/1030] loss = 0.000000
[e087 s0400/1030] loss = 0.000000
[e087 s0450/1030] loss = 0.000000
[e087 s0500/1030] loss = 0.000000
[e087 s0550/1030] loss = 0.000000
[e087 s0600/1030] loss = 0.000000
[e087 s0650/1030] loss = 0.000000
[e087 s0700/1030] loss = 0.000000
[e087 s0750/1030] loss = 0.000000
[e087 s0800/1030] loss = 0.000000
[e087 s0850/1030] loss = 0.000000
[e087 s0900/1030] loss = 0.000000
[e087 s0950/1030] loss = 0.000000
[e087 s1000/1030] loss = 0.000000
/app/apps/pytorch/2.6.0-py3-cu11.8/lib/python3.13/site-packages/torchvision/transforms/functional.py:154: UserWarning: The given NumPy array is not writable, and PyTorch does not support non-writable tensors. This means writing to this tensor will result in undefined behavior. You may want to copy the array to protect its data or make it writable before converting it to a tensor. This type of warning will be suppressed for the rest of this program. (Triggered internally at /pytorch/torch/csrc/utils/tensor_numpy.cpp:203.)
  img = torch.from_numpy(pic.transpose((2, 0, 1))).contiguous()
/app/apps/pytorch/2.6.0-py3-cu11.8/lib/python3.13/site-packages/torchvision/transforms/functional.py:154: UserWarning: The given NumPy array is not writable, and PyTorch does not support non-writable tensors. This means writing to this tensor will result in undefined behavior. You may want to copy the array to protect its data or make it writable before converting it to a tensor. This type of warning will be suppressed for the rest of this program. (Triggered internally at /pytorch/torch/csrc/utils/tensor_numpy.cpp:203.)
  img = torch.from_numpy(pic.transpose((2, 0, 1))).contiguous()
/app/apps/pytorch/2.6.0-py3-cu11.8/lib/python3.13/site-packages/torchvision/transforms/functional.py:154: UserWarning: The given NumPy array is not writable, and PyTorch does not support non-writable tensors. This means writing to this tensor will result in undefined behavior. You may want to copy the array to protect its data or make it writable before converting it to a tensor. This type of warning will be suppressed for the rest of this program. (Triggered internally at /pytorch/torch/csrc/utils/tensor_numpy.cpp:203.)
  img = torch.from_numpy(pic.transpose((2, 0, 1))).contiguous()
/app/apps/pytorch/2.6.0-py3-cu11.8/lib/python3.13/site-packages/torchvision/transforms/functional.py:154: UserWarning: The given NumPy array is not writable, and PyTorch does not support non-writable tensors. This means writing to this tensor will result in undefined behavior. You may want to copy the array to protect its data or make it writable before converting it to a tensor. This type of warning will be suppressed for the rest of this program. (Triggered internally at /pytorch/torch/csrc/utils/tensor_numpy.cpp:203.)
  img = torch.from_numpy(pic.transpose((2, 0, 1))).contiguous()
Epoch 087: train_loss = 0.000000  MAE/GAME0 = 0.000  RMSE = 0.000  GAME1 = 0.000  GAME2 = 0.000  GAME3 = 0.000  lr = 1.00e-05  time = 16.0s
/app/apps/pytorch/2.6.0-py3-cu11.8/lib/python3.13/site-packages/torchvision/transforms/functional.py:154: UserWarning: The given NumPy array is not writable, and PyTorch does not support non-writable tensors. This means writing to this tensor will result in undefined behavior. You may want to copy the array to protect its data or make it writable before converting it to a tensor. This type of warning will be suppressed for the rest of this program. (Triggered internally at /pytorch/torch/csrc/utils/tensor_numpy.cpp:203.)
  img = torch.from_numpy(pic.transpose((2, 0, 1))).contiguous()
/app/apps/pytorch/2.6.0-py3-cu11.8/lib/python3.13/site-packages/torchvision/transforms/functional.py:154: UserWarning: The given NumPy array is not writable, and PyTorch does not support non-writable tensors. This means writing to this tensor will result in undefined behavior. You may want to copy the array to protect its data or make it writable before converting it to a tensor. This type of warning will be suppressed for the rest of this program. (Triggered internally at /pytorch/torch/csrc/utils/tensor_numpy.cpp:203.)
  img = torch.from_numpy(pic.transpose((2, 0, 1))).contiguous()
/app/apps/pytorch/2.6.0-py3-cu11.8/lib/python3.13/site-packages/torchvision/transforms/functional.py:154: UserWarning: The given NumPy array is not writable, and PyTorch does not support non-writable tensors. This means writing to this tensor will result in undefined behavior. You may want to copy the array to protect its data or make it writable before converting it to a tensor. This type of warning will be suppressed for the rest of this program. (Triggered internally at /pytorch/torch/csrc/utils/tensor_numpy.cpp:203.)
  img = torch.from_numpy(pic.transpose((2, 0, 1))).contiguous()
[e088 s0001/1030] loss = 0.000000
/app/apps/pytorch/2.6.0-py3-cu11.8/lib/python3.13/site-packages/torchvision/transforms/functional.py:154: UserWarning: The given NumPy array is not writable, and PyTorch does not support non-writable tensors. This means writing to this tensor will result in undefined behavior. You may want to copy the array to protect its data or make it writable before converting it to a tensor. This type of warning will be suppressed for the rest of this program. (Triggered internally at /pytorch/torch/csrc/utils/tensor_numpy.cpp:203.)
  img = torch.from_numpy(pic.transpose((2, 0, 1))).contiguous()
[e088 s0050/1030] loss = 0.000000
[e088 s0100/1030] loss = 0.000000
[e088 s0150/1030] loss = 0.000000
[e088 s0200/1030] loss = 0.000000
[e088 s0250/1030] loss = 0.000000
[e088 s0300/1030] loss = 0.000000
[e088 s0350/1030] loss = 0.000000
[e088 s0400/1030] loss = 0.000000
[e088 s0450/1030] loss = 0.000000
[e088 s0500/1030] loss = 0.000000
[e088 s0550/1030] loss = 0.000000
[e088 s0600/1030] loss = 0.000000
[e088 s0650/1030] loss = 0.000000
[e088 s0700/1030] loss = 0.000000
[e088 s0750/1030] loss = 0.000000
[e088 s0800/1030] loss = 0.000000
[e088 s0850/1030] loss = 0.000000
[e088 s0900/1030] loss = 0.000000
[e088 s0950/1030] loss = 0.000000
[e088 s1000/1030] loss = 0.000000
/app/apps/pytorch/2.6.0-py3-cu11.8/lib/python3.13/site-packages/torchvision/transforms/functional.py:154: UserWarning: The given NumPy array is not writable, and PyTorch does not support non-writable tensors. This means writing to this tensor will result in undefined behavior. You may want to copy the array to protect its data or make it writable before converting it to a tensor. This type of warning will be suppressed for the rest of this program. (Triggered internally at /pytorch/torch/csrc/utils/tensor_numpy.cpp:203.)
  img = torch.from_numpy(pic.transpose((2, 0, 1))).contiguous()
/app/apps/pytorch/2.6.0-py3-cu11.8/lib/python3.13/site-packages/torchvision/transforms/functional.py:154: UserWarning: The given NumPy array is not writable, and PyTorch does not support non-writable tensors. This means writing to this tensor will result in undefined behavior. You may want to copy the array to protect its data or make it writable before converting it to a tensor. This type of warning will be suppressed for the rest of this program. (Triggered internally at /pytorch/torch/csrc/utils/tensor_numpy.cpp:203.)
  img = torch.from_numpy(pic.transpose((2, 0, 1))).contiguous()
/app/apps/pytorch/2.6.0-py3-cu11.8/lib/python3.13/site-packages/torchvision/transforms/functional.py:154: UserWarning: The given NumPy array is not writable, and PyTorch does not support non-writable tensors. This means writing to this tensor will result in undefined behavior. You may want to copy the array to protect its data or make it writable before converting it to a tensor. This type of warning will be suppressed for the rest of this program. (Triggered internally at /pytorch/torch/csrc/utils/tensor_numpy.cpp:203.)
  img = torch.from_numpy(pic.transpose((2, 0, 1))).contiguous()
/app/apps/pytorch/2.6.0-py3-cu11.8/lib/python3.13/site-packages/torchvision/transforms/functional.py:154: UserWarning: The given NumPy array is not writable, and PyTorch does not support non-writable tensors. This means writing to this tensor will result in undefined behavior. You may want to copy the array to protect its data or make it writable before converting it to a tensor. This type of warning will be suppressed for the rest of this program. (Triggered internally at /pytorch/torch/csrc/utils/tensor_numpy.cpp:203.)
  img = torch.from_numpy(pic.transpose((2, 0, 1))).contiguous()
Epoch 088: train_loss = 0.000000  MAE/GAME0 = 0.000  RMSE = 0.000  GAME1 = 0.000  GAME2 = 0.000  GAME3 = 0.000  lr = 1.00e-05  time = 16.2s
/app/apps/pytorch/2.6.0-py3-cu11.8/lib/python3.13/site-packages/torchvision/transforms/functional.py:154: UserWarning: The given NumPy array is not writable, and PyTorch does not support non-writable tensors. This means writing to this tensor will result in undefined behavior. You may want to copy the array to protect its data or make it writable before converting it to a tensor. This type of warning will be suppressed for the rest of this program. (Triggered internally at /pytorch/torch/csrc/utils/tensor_numpy.cpp:203.)
  img = torch.from_numpy(pic.transpose((2, 0, 1))).contiguous()
/app/apps/pytorch/2.6.0-py3-cu11.8/lib/python3.13/site-packages/torchvision/transforms/functional.py:154: UserWarning: The given NumPy array is not writable, and PyTorch does not support non-writable tensors. This means writing to this tensor will result in undefined behavior. You may want to copy the array to protect its data or make it writable before converting it to a tensor. This type of warning will be suppressed for the rest of this program. (Triggered internally at /pytorch/torch/csrc/utils/tensor_numpy.cpp:203.)
  img = torch.from_numpy(pic.transpose((2, 0, 1))).contiguous()
/app/apps/pytorch/2.6.0-py3-cu11.8/lib/python3.13/site-packages/torchvision/transforms/functional.py:154: UserWarning: The given NumPy array is not writable, and PyTorch does not support non-writable tensors. This means writing to this tensor will result in undefined behavior. You may want to copy the array to protect its data or make it writable before converting it to a tensor. This type of warning will be suppressed for the rest of this program. (Triggered internally at /pytorch/torch/csrc/utils/tensor_numpy.cpp:203.)
  img = torch.from_numpy(pic.transpose((2, 0, 1))).contiguous()
/app/apps/pytorch/2.6.0-py3-cu11.8/lib/python3.13/site-packages/torchvision/transforms/functional.py:154: UserWarning: The given NumPy array is not writable, and PyTorch does not support non-writable tensors. This means writing to this tensor will result in undefined behavior. You may want to copy the array to protect its data or make it writable before converting it to a tensor. This type of warning will be suppressed for the rest of this program. (Triggered internally at /pytorch/torch/csrc/utils/tensor_numpy.cpp:203.)
  img = torch.from_numpy(pic.transpose((2, 0, 1))).contiguous()
[e089 s0001/1030] loss = 0.000000
[e089 s0050/1030] loss = 0.000000
[e089 s0100/1030] loss = 0.000000
[e089 s0150/1030] loss = 0.000000
[e089 s0200/1030] loss = 0.000000
[e089 s0250/1030] loss = 0.000000
[e089 s0300/1030] loss = 0.000000
[e089 s0350/1030] loss = 0.000000
[e089 s0400/1030] loss = 0.000000
[e089 s0450/1030] loss = 0.000000
[e089 s0500/1030] loss = 0.000000
[e089 s0550/1030] loss = 0.000000
[e089 s0600/1030] loss = 0.000000
[e089 s0650/1030] loss = 0.000000
[e089 s0700/1030] loss = 0.000000
[e089 s0750/1030] loss = 0.000000
[e089 s0800/1030] loss = 0.000000
[e089 s0850/1030] loss = 0.000000
[e089 s0900/1030] loss = 0.000000
[e089 s0950/1030] loss = 0.000000
[e089 s1000/1030] loss = 0.000000
/app/apps/pytorch/2.6.0-py3-cu11.8/lib/python3.13/site-packages/torchvision/transforms/functional.py:154: UserWarning: The given NumPy array is not writable, and PyTorch does not support non-writable tensors. This means writing to this tensor will result in undefined behavior. You may want to copy the array to protect its data or make it writable before converting it to a tensor. This type of warning will be suppressed for the rest of this program. (Triggered internally at /pytorch/torch/csrc/utils/tensor_numpy.cpp:203.)
  img = torch.from_numpy(pic.transpose((2, 0, 1))).contiguous()
/app/apps/pytorch/2.6.0-py3-cu11.8/lib/python3.13/site-packages/torchvision/transforms/functional.py:154: UserWarning: The given NumPy array is not writable, and PyTorch does not support non-writable tensors. This means writing to this tensor will result in undefined behavior. You may want to copy the array to protect its data or make it writable before converting it to a tensor. This type of warning will be suppressed for the rest of this program. (Triggered internally at /pytorch/torch/csrc/utils/tensor_numpy.cpp:203.)
  img = torch.from_numpy(pic.transpose((2, 0, 1))).contiguous()
/app/apps/pytorch/2.6.0-py3-cu11.8/lib/python3.13/site-packages/torchvision/transforms/functional.py:154: UserWarning: The given NumPy array is not writable, and PyTorch does not support non-writable tensors. This means writing to this tensor will result in undefined behavior. You may want to copy the array to protect its data or make it writable before converting it to a tensor. This type of warning will be suppressed for the rest of this program. (Triggered internally at /pytorch/torch/csrc/utils/tensor_numpy.cpp:203.)
  img = torch.from_numpy(pic.transpose((2, 0, 1))).contiguous()
/app/apps/pytorch/2.6.0-py3-cu11.8/lib/python3.13/site-packages/torchvision/transforms/functional.py:154: UserWarning: The given NumPy array is not writable, and PyTorch does not support non-writable tensors. This means writing to this tensor will result in undefined behavior. You may want to copy the array to protect its data or make it writable before converting it to a tensor. This type of warning will be suppressed for the rest of this program. (Triggered internally at /pytorch/torch/csrc/utils/tensor_numpy.cpp:203.)
  img = torch.from_numpy(pic.transpose((2, 0, 1))).contiguous()
Epoch 089: train_loss = 0.000000  MAE/GAME0 = 0.000  RMSE = 0.000  GAME1 = 0.000  GAME2 = 0.000  GAME3 = 0.000  lr = 1.00e-05  time = 16.0s
/app/apps/pytorch/2.6.0-py3-cu11.8/lib/python3.13/site-packages/torchvision/transforms/functional.py:154: UserWarning: The given NumPy array is not writable, and PyTorch does not support non-writable tensors. This means writing to this tensor will result in undefined behavior. You may want to copy the array to protect its data or make it writable before converting it to a tensor. This type of warning will be suppressed for the rest of this program. (Triggered internally at /pytorch/torch/csrc/utils/tensor_numpy.cpp:203.)
  img = torch.from_numpy(pic.transpose((2, 0, 1))).contiguous()
/app/apps/pytorch/2.6.0-py3-cu11.8/lib/python3.13/site-packages/torchvision/transforms/functional.py:154: UserWarning: The given NumPy array is not writable, and PyTorch does not support non-writable tensors. This means writing to this tensor will result in undefined behavior. You may want to copy the array to protect its data or make it writable before converting it to a tensor. This type of warning will be suppressed for the rest of this program. (Triggered internally at /pytorch/torch/csrc/utils/tensor_numpy.cpp:203.)
  img = torch.from_numpy(pic.transpose((2, 0, 1))).contiguous()
[e090 s0001/1030] loss = 0.000000
/app/apps/pytorch/2.6.0-py3-cu11.8/lib/python3.13/site-packages/torchvision/transforms/functional.py:154: UserWarning: The given NumPy array is not writable, and PyTorch does not support non-writable tensors. This means writing to this tensor will result in undefined behavior. You may want to copy the array to protect its data or make it writable before converting it to a tensor. This type of warning will be suppressed for the rest of this program. (Triggered internally at /pytorch/torch/csrc/utils/tensor_numpy.cpp:203.)
  img = torch.from_numpy(pic.transpose((2, 0, 1))).contiguous()
/app/apps/pytorch/2.6.0-py3-cu11.8/lib/python3.13/site-packages/torchvision/transforms/functional.py:154: UserWarning: The given NumPy array is not writable, and PyTorch does not support non-writable tensors. This means writing to this tensor will result in undefined behavior. You may want to copy the array to protect its data or make it writable before converting it to a tensor. This type of warning will be suppressed for the rest of this program. (Triggered internally at /pytorch/torch/csrc/utils/tensor_numpy.cpp:203.)
  img = torch.from_numpy(pic.transpose((2, 0, 1))).contiguous()
[e090 s0050/1030] loss = 0.000000
[e090 s0100/1030] loss = 0.000000
[e090 s0150/1030] loss = 0.000000
[e090 s0200/1030] loss = 0.000000
[e090 s0250/1030] loss = 0.000000
[e090 s0300/1030] loss = 0.000000
[e090 s0350/1030] loss = 0.000000
[e090 s0400/1030] loss = 0.000000
[e090 s0450/1030] loss = 0.000000
[e090 s0500/1030] loss = 0.000000
[e090 s0550/1030] loss = 0.000000
[e090 s0600/1030] loss = 0.000000
[e090 s0650/1030] loss = 0.000000
[e090 s0700/1030] loss = 0.000000
[e090 s0750/1030] loss = 0.000000
[e090 s0800/1030] loss = 0.000000
[e090 s0850/1030] loss = 0.000000
[e090 s0900/1030] loss = 0.000000
[e090 s0950/1030] loss = 0.000000
[e090 s1000/1030] loss = 0.000000
/app/apps/pytorch/2.6.0-py3-cu11.8/lib/python3.13/site-packages/torchvision/transforms/functional.py:154: UserWarning: The given NumPy array is not writable, and PyTorch does not support non-writable tensors. This means writing to this tensor will result in undefined behavior. You may want to copy the array to protect its data or make it writable before converting it to a tensor. This type of warning will be suppressed for the rest of this program. (Triggered internally at /pytorch/torch/csrc/utils/tensor_numpy.cpp:203.)
  img = torch.from_numpy(pic.transpose((2, 0, 1))).contiguous()
/app/apps/pytorch/2.6.0-py3-cu11.8/lib/python3.13/site-packages/torchvision/transforms/functional.py:154: UserWarning: The given NumPy array is not writable, and PyTorch does not support non-writable tensors. This means writing to this tensor will result in undefined behavior. You may want to copy the array to protect its data or make it writable before converting it to a tensor. This type of warning will be suppressed for the rest of this program. (Triggered internally at /pytorch/torch/csrc/utils/tensor_numpy.cpp:203.)
  img = torch.from_numpy(pic.transpose((2, 0, 1))).contiguous()
/app/apps/pytorch/2.6.0-py3-cu11.8/lib/python3.13/site-packages/torchvision/transforms/functional.py:154: UserWarning: The given NumPy array is not writable, and PyTorch does not support non-writable tensors. This means writing to this tensor will result in undefined behavior. You may want to copy the array to protect its data or make it writable before converting it to a tensor. This type of warning will be suppressed for the rest of this program. (Triggered internally at /pytorch/torch/csrc/utils/tensor_numpy.cpp:203.)
  img = torch.from_numpy(pic.transpose((2, 0, 1))).contiguous()
/app/apps/pytorch/2.6.0-py3-cu11.8/lib/python3.13/site-packages/torchvision/transforms/functional.py:154: UserWarning: The given NumPy array is not writable, and PyTorch does not support non-writable tensors. This means writing to this tensor will result in undefined behavior. You may want to copy the array to protect its data or make it writable before converting it to a tensor. This type of warning will be suppressed for the rest of this program. (Triggered internally at /pytorch/torch/csrc/utils/tensor_numpy.cpp:203.)
  img = torch.from_numpy(pic.transpose((2, 0, 1))).contiguous()
Epoch 090: train_loss = 0.000000  MAE/GAME0 = 0.000  RMSE = 0.000  GAME1 = 0.000  GAME2 = 0.000  GAME3 = 0.000  lr = 1.00e-05  time = 16.3s
/app/apps/pytorch/2.6.0-py3-cu11.8/lib/python3.13/site-packages/torchvision/transforms/functional.py:154: UserWarning: The given NumPy array is not writable, and PyTorch does not support non-writable tensors. This means writing to this tensor will result in undefined behavior. You may want to copy the array to protect its data or make it writable before converting it to a tensor. This type of warning will be suppressed for the rest of this program. (Triggered internally at /pytorch/torch/csrc/utils/tensor_numpy.cpp:203.)
  img = torch.from_numpy(pic.transpose((2, 0, 1))).contiguous()
/app/apps/pytorch/2.6.0-py3-cu11.8/lib/python3.13/site-packages/torchvision/transforms/functional.py:154: UserWarning: The given NumPy array is not writable, and PyTorch does not support non-writable tensors. This means writing to this tensor will result in undefined behavior. You may want to copy the array to protect its data or make it writable before converting it to a tensor. This type of warning will be suppressed for the rest of this program. (Triggered internally at /pytorch/torch/csrc/utils/tensor_numpy.cpp:203.)
  img = torch.from_numpy(pic.transpose((2, 0, 1))).contiguous()
/app/apps/pytorch/2.6.0-py3-cu11.8/lib/python3.13/site-packages/torchvision/transforms/functional.py:154: UserWarning: The given NumPy array is not writable, and PyTorch does not support non-writable tensors. This means writing to this tensor will result in undefined behavior. You may want to copy the array to protect its data or make it writable before converting it to a tensor. This type of warning will be suppressed for the rest of this program. (Triggered internally at /pytorch/torch/csrc/utils/tensor_numpy.cpp:203.)
  img = torch.from_numpy(pic.transpose((2, 0, 1))).contiguous()
/app/apps/pytorch/2.6.0-py3-cu11.8/lib/python3.13/site-packages/torchvision/transforms/functional.py:154: UserWarning: The given NumPy array is not writable, and PyTorch does not support non-writable tensors. This means writing to this tensor will result in undefined behavior. You may want to copy the array to protect its data or make it writable before converting it to a tensor. This type of warning will be suppressed for the rest of this program. (Triggered internally at /pytorch/torch/csrc/utils/tensor_numpy.cpp:203.)
  img = torch.from_numpy(pic.transpose((2, 0, 1))).contiguous()
[e091 s0001/1030] loss = 0.000000
[e091 s0050/1030] loss = 0.000000
[e091 s0100/1030] loss = 0.000000
[e091 s0150/1030] loss = 0.000000
[e091 s0200/1030] loss = 0.000000
[e091 s0250/1030] loss = 0.000000
[e091 s0300/1030] loss = 0.000000
[e091 s0350/1030] loss = 0.000000
[e091 s0400/1030] loss = 0.000000
[e091 s0450/1030] loss = 0.000000
[e091 s0500/1030] loss = 0.000000
[e091 s0550/1030] loss = 0.000000
[e091 s0600/1030] loss = 0.000000
[e091 s0650/1030] loss = 0.000000
[e091 s0700/1030] loss = 0.000000
[e091 s0750/1030] loss = 0.000000
[e091 s0800/1030] loss = 0.000000
[e091 s0850/1030] loss = 0.000000
[e091 s0900/1030] loss = 0.000000
[e091 s0950/1030] loss = 0.000000
[e091 s1000/1030] loss = 0.000000
/app/apps/pytorch/2.6.0-py3-cu11.8/lib/python3.13/site-packages/torchvision/transforms/functional.py:154: UserWarning: The given NumPy array is not writable, and PyTorch does not support non-writable tensors. This means writing to this tensor will result in undefined behavior. You may want to copy the array to protect its data or make it writable before converting it to a tensor. This type of warning will be suppressed for the rest of this program. (Triggered internally at /pytorch/torch/csrc/utils/tensor_numpy.cpp:203.)
  img = torch.from_numpy(pic.transpose((2, 0, 1))).contiguous()
/app/apps/pytorch/2.6.0-py3-cu11.8/lib/python3.13/site-packages/torchvision/transforms/functional.py:154: UserWarning: The given NumPy array is not writable, and PyTorch does not support non-writable tensors. This means writing to this tensor will result in undefined behavior. You may want to copy the array to protect its data or make it writable before converting it to a tensor. This type of warning will be suppressed for the rest of this program. (Triggered internally at /pytorch/torch/csrc/utils/tensor_numpy.cpp:203.)
  img = torch.from_numpy(pic.transpose((2, 0, 1))).contiguous()
/app/apps/pytorch/2.6.0-py3-cu11.8/lib/python3.13/site-packages/torchvision/transforms/functional.py:154: UserWarning: The given NumPy array is not writable, and PyTorch does not support non-writable tensors. This means writing to this tensor will result in undefined behavior. You may want to copy the array to protect its data or make it writable before converting it to a tensor. This type of warning will be suppressed for the rest of this program. (Triggered internally at /pytorch/torch/csrc/utils/tensor_numpy.cpp:203.)
  img = torch.from_numpy(pic.transpose((2, 0, 1))).contiguous()
/app/apps/pytorch/2.6.0-py3-cu11.8/lib/python3.13/site-packages/torchvision/transforms/functional.py:154: UserWarning: The given NumPy array is not writable, and PyTorch does not support non-writable tensors. This means writing to this tensor will result in undefined behavior. You may want to copy the array to protect its data or make it writable before converting it to a tensor. This type of warning will be suppressed for the rest of this program. (Triggered internally at /pytorch/torch/csrc/utils/tensor_numpy.cpp:203.)
  img = torch.from_numpy(pic.transpose((2, 0, 1))).contiguous()
Epoch 091: train_loss = 0.000000  MAE/GAME0 = 0.000  RMSE = 0.000  GAME1 = 0.000  GAME2 = 0.000  GAME3 = 0.000  lr = 1.00e-05  time = 16.0s
/app/apps/pytorch/2.6.0-py3-cu11.8/lib/python3.13/site-packages/torchvision/transforms/functional.py:154: UserWarning: The given NumPy array is not writable, and PyTorch does not support non-writable tensors. This means writing to this tensor will result in undefined behavior. You may want to copy the array to protect its data or make it writable before converting it to a tensor. This type of warning will be suppressed for the rest of this program. (Triggered internally at /pytorch/torch/csrc/utils/tensor_numpy.cpp:203.)
  img = torch.from_numpy(pic.transpose((2, 0, 1))).contiguous()
[e092 s0001/1030] loss = 0.000000
/app/apps/pytorch/2.6.0-py3-cu11.8/lib/python3.13/site-packages/torchvision/transforms/functional.py:154: UserWarning: The given NumPy array is not writable, and PyTorch does not support non-writable tensors. This means writing to this tensor will result in undefined behavior. You may want to copy the array to protect its data or make it writable before converting it to a tensor. This type of warning will be suppressed for the rest of this program. (Triggered internally at /pytorch/torch/csrc/utils/tensor_numpy.cpp:203.)
  img = torch.from_numpy(pic.transpose((2, 0, 1))).contiguous()
/app/apps/pytorch/2.6.0-py3-cu11.8/lib/python3.13/site-packages/torchvision/transforms/functional.py:154: UserWarning: The given NumPy array is not writable, and PyTorch does not support non-writable tensors. This means writing to this tensor will result in undefined behavior. You may want to copy the array to protect its data or make it writable before converting it to a tensor. This type of warning will be suppressed for the rest of this program. (Triggered internally at /pytorch/torch/csrc/utils/tensor_numpy.cpp:203.)
  img = torch.from_numpy(pic.transpose((2, 0, 1))).contiguous()
/app/apps/pytorch/2.6.0-py3-cu11.8/lib/python3.13/site-packages/torchvision/transforms/functional.py:154: UserWarning: The given NumPy array is not writable, and PyTorch does not support non-writable tensors. This means writing to this tensor will result in undefined behavior. You may want to copy the array to protect its data or make it writable before converting it to a tensor. This type of warning will be suppressed for the rest of this program. (Triggered internally at /pytorch/torch/csrc/utils/tensor_numpy.cpp:203.)
  img = torch.from_numpy(pic.transpose((2, 0, 1))).contiguous()
[e092 s0050/1030] loss = 0.000000
[e092 s0100/1030] loss = 0.000000
[e092 s0150/1030] loss = 0.000000
[e092 s0200/1030] loss = 0.000000
[e092 s0250/1030] loss = 0.000000
[e092 s0300/1030] loss = 0.000000
[e092 s0350/1030] loss = 0.000000
[e092 s0400/1030] loss = 0.000000
[e092 s0450/1030] loss = 0.000000
[e092 s0500/1030] loss = 0.000000
[e092 s0550/1030] loss = 0.000000
[e092 s0600/1030] loss = 0.000000
[e092 s0650/1030] loss = 0.000000
[e092 s0700/1030] loss = 0.000000
[e092 s0750/1030] loss = 0.000000
[e092 s0800/1030] loss = 0.000000
[e092 s0850/1030] loss = 0.000000
[e092 s0900/1030] loss = 0.000000
[e092 s0950/1030] loss = 0.000000
[e092 s1000/1030] loss = 0.000000
/app/apps/pytorch/2.6.0-py3-cu11.8/lib/python3.13/site-packages/torchvision/transforms/functional.py:154: UserWarning: The given NumPy array is not writable, and PyTorch does not support non-writable tensors. This means writing to this tensor will result in undefined behavior. You may want to copy the array to protect its data or make it writable before converting it to a tensor. This type of warning will be suppressed for the rest of this program. (Triggered internally at /pytorch/torch/csrc/utils/tensor_numpy.cpp:203.)
  img = torch.from_numpy(pic.transpose((2, 0, 1))).contiguous()
/app/apps/pytorch/2.6.0-py3-cu11.8/lib/python3.13/site-packages/torchvision/transforms/functional.py:154: UserWarning: The given NumPy array is not writable, and PyTorch does not support non-writable tensors. This means writing to this tensor will result in undefined behavior. You may want to copy the array to protect its data or make it writable before converting it to a tensor. This type of warning will be suppressed for the rest of this program. (Triggered internally at /pytorch/torch/csrc/utils/tensor_numpy.cpp:203.)
  img = torch.from_numpy(pic.transpose((2, 0, 1))).contiguous()
/app/apps/pytorch/2.6.0-py3-cu11.8/lib/python3.13/site-packages/torchvision/transforms/functional.py:154: UserWarning: The given NumPy array is not writable, and PyTorch does not support non-writable tensors. This means writing to this tensor will result in undefined behavior. You may want to copy the array to protect its data or make it writable before converting it to a tensor. This type of warning will be suppressed for the rest of this program. (Triggered internally at /pytorch/torch/csrc/utils/tensor_numpy.cpp:203.)
  img = torch.from_numpy(pic.transpose((2, 0, 1))).contiguous()
/app/apps/pytorch/2.6.0-py3-cu11.8/lib/python3.13/site-packages/torchvision/transforms/functional.py:154: UserWarning: The given NumPy array is not writable, and PyTorch does not support non-writable tensors. This means writing to this tensor will result in undefined behavior. You may want to copy the array to protect its data or make it writable before converting it to a tensor. This type of warning will be suppressed for the rest of this program. (Triggered internally at /pytorch/torch/csrc/utils/tensor_numpy.cpp:203.)
  img = torch.from_numpy(pic.transpose((2, 0, 1))).contiguous()
Epoch 092: train_loss = 0.000000  MAE/GAME0 = 0.000  RMSE = 0.000  GAME1 = 0.000  GAME2 = 0.000  GAME3 = 0.000  lr = 1.00e-05  time = 16.0s
/app/apps/pytorch/2.6.0-py3-cu11.8/lib/python3.13/site-packages/torchvision/transforms/functional.py:154: UserWarning: The given NumPy array is not writable, and PyTorch does not support non-writable tensors. This means writing to this tensor will result in undefined behavior. You may want to copy the array to protect its data or make it writable before converting it to a tensor. This type of warning will be suppressed for the rest of this program. (Triggered internally at /pytorch/torch/csrc/utils/tensor_numpy.cpp:203.)
  img = torch.from_numpy(pic.transpose((2, 0, 1))).contiguous()
/app/apps/pytorch/2.6.0-py3-cu11.8/lib/python3.13/site-packages/torchvision/transforms/functional.py:154: UserWarning: The given NumPy array is not writable, and PyTorch does not support non-writable tensors. This means writing to this tensor will result in undefined behavior. You may want to copy the array to protect its data or make it writable before converting it to a tensor. This type of warning will be suppressed for the rest of this program. (Triggered internally at /pytorch/torch/csrc/utils/tensor_numpy.cpp:203.)
  img = torch.from_numpy(pic.transpose((2, 0, 1))).contiguous()
[e093 s0001/1030] loss = 0.000000
/app/apps/pytorch/2.6.0-py3-cu11.8/lib/python3.13/site-packages/torchvision/transforms/functional.py:154: UserWarning: The given NumPy array is not writable, and PyTorch does not support non-writable tensors. This means writing to this tensor will result in undefined behavior. You may want to copy the array to protect its data or make it writable before converting it to a tensor. This type of warning will be suppressed for the rest of this program. (Triggered internally at /pytorch/torch/csrc/utils/tensor_numpy.cpp:203.)
  img = torch.from_numpy(pic.transpose((2, 0, 1))).contiguous()
/app/apps/pytorch/2.6.0-py3-cu11.8/lib/python3.13/site-packages/torchvision/transforms/functional.py:154: UserWarning: The given NumPy array is not writable, and PyTorch does not support non-writable tensors. This means writing to this tensor will result in undefined behavior. You may want to copy the array to protect its data or make it writable before converting it to a tensor. This type of warning will be suppressed for the rest of this program. (Triggered internally at /pytorch/torch/csrc/utils/tensor_numpy.cpp:203.)
  img = torch.from_numpy(pic.transpose((2, 0, 1))).contiguous()
[e093 s0050/1030] loss = 0.000000
[e093 s0100/1030] loss = 0.000000
[e093 s0150/1030] loss = 0.000000
[e093 s0200/1030] loss = 0.000000
[e093 s0250/1030] loss = 0.000000
[e093 s0300/1030] loss = 0.000000
[e093 s0350/1030] loss = 0.000000
[e093 s0400/1030] loss = 0.000000
[e093 s0450/1030] loss = 0.000000
[e093 s0500/1030] loss = 0.000000
[e093 s0550/1030] loss = 0.000000
[e093 s0600/1030] loss = 0.000000
[e093 s0650/1030] loss = 0.000000
[e093 s0700/1030] loss = 0.000000
[e093 s0750/1030] loss = 0.000000
[e093 s0800/1030] loss = 0.000000
[e093 s0850/1030] loss = 0.000000
[e093 s0900/1030] loss = 0.000000
[e093 s0950/1030] loss = 0.000000
[e093 s1000/1030] loss = 0.000000
/app/apps/pytorch/2.6.0-py3-cu11.8/lib/python3.13/site-packages/torchvision/transforms/functional.py:154: UserWarning: The given NumPy array is not writable, and PyTorch does not support non-writable tensors. This means writing to this tensor will result in undefined behavior. You may want to copy the array to protect its data or make it writable before converting it to a tensor. This type of warning will be suppressed for the rest of this program. (Triggered internally at /pytorch/torch/csrc/utils/tensor_numpy.cpp:203.)
  img = torch.from_numpy(pic.transpose((2, 0, 1))).contiguous()
/app/apps/pytorch/2.6.0-py3-cu11.8/lib/python3.13/site-packages/torchvision/transforms/functional.py:154: UserWarning: The given NumPy array is not writable, and PyTorch does not support non-writable tensors. This means writing to this tensor will result in undefined behavior. You may want to copy the array to protect its data or make it writable before converting it to a tensor. This type of warning will be suppressed for the rest of this program. (Triggered internally at /pytorch/torch/csrc/utils/tensor_numpy.cpp:203.)
  img = torch.from_numpy(pic.transpose((2, 0, 1))).contiguous()
/app/apps/pytorch/2.6.0-py3-cu11.8/lib/python3.13/site-packages/torchvision/transforms/functional.py:154: UserWarning: The given NumPy array is not writable, and PyTorch does not support non-writable tensors. This means writing to this tensor will result in undefined behavior. You may want to copy the array to protect its data or make it writable before converting it to a tensor. This type of warning will be suppressed for the rest of this program. (Triggered internally at /pytorch/torch/csrc/utils/tensor_numpy.cpp:203.)
  img = torch.from_numpy(pic.transpose((2, 0, 1))).contiguous()
/app/apps/pytorch/2.6.0-py3-cu11.8/lib/python3.13/site-packages/torchvision/transforms/functional.py:154: UserWarning: The given NumPy array is not writable, and PyTorch does not support non-writable tensors. This means writing to this tensor will result in undefined behavior. You may want to copy the array to protect its data or make it writable before converting it to a tensor. This type of warning will be suppressed for the rest of this program. (Triggered internally at /pytorch/torch/csrc/utils/tensor_numpy.cpp:203.)
  img = torch.from_numpy(pic.transpose((2, 0, 1))).contiguous()
Epoch 093: train_loss = 0.000000  MAE/GAME0 = 0.000  RMSE = 0.000  GAME1 = 0.000  GAME2 = 0.000  GAME3 = 0.000  lr = 1.00e-05  time = 16.0s
/app/apps/pytorch/2.6.0-py3-cu11.8/lib/python3.13/site-packages/torchvision/transforms/functional.py:154: UserWarning: The given NumPy array is not writable, and PyTorch does not support non-writable tensors. This means writing to this tensor will result in undefined behavior. You may want to copy the array to protect its data or make it writable before converting it to a tensor. This type of warning will be suppressed for the rest of this program. (Triggered internally at /pytorch/torch/csrc/utils/tensor_numpy.cpp:203.)
  img = torch.from_numpy(pic.transpose((2, 0, 1))).contiguous()
/app/apps/pytorch/2.6.0-py3-cu11.8/lib/python3.13/site-packages/torchvision/transforms/functional.py:154: UserWarning: The given NumPy array is not writable, and PyTorch does not support non-writable tensors. This means writing to this tensor will result in undefined behavior. You may want to copy the array to protect its data or make it writable before converting it to a tensor. This type of warning will be suppressed for the rest of this program. (Triggered internally at /pytorch/torch/csrc/utils/tensor_numpy.cpp:203.)
  img = torch.from_numpy(pic.transpose((2, 0, 1))).contiguous()
/app/apps/pytorch/2.6.0-py3-cu11.8/lib/python3.13/site-packages/torchvision/transforms/functional.py:154: UserWarning: The given NumPy array is not writable, and PyTorch does not support non-writable tensors. This means writing to this tensor will result in undefined behavior. You may want to copy the array to protect its data or make it writable before converting it to a tensor. This type of warning will be suppressed for the rest of this program. (Triggered internally at /pytorch/torch/csrc/utils/tensor_numpy.cpp:203.)
  img = torch.from_numpy(pic.transpose((2, 0, 1))).contiguous()
[e094 s0001/1030] loss = 0.000000
/app/apps/pytorch/2.6.0-py3-cu11.8/lib/python3.13/site-packages/torchvision/transforms/functional.py:154: UserWarning: The given NumPy array is not writable, and PyTorch does not support non-writable tensors. This means writing to this tensor will result in undefined behavior. You may want to copy the array to protect its data or make it writable before converting it to a tensor. This type of warning will be suppressed for the rest of this program. (Triggered internally at /pytorch/torch/csrc/utils/tensor_numpy.cpp:203.)
  img = torch.from_numpy(pic.transpose((2, 0, 1))).contiguous()
[e094 s0050/1030] loss = 0.000000
[e094 s0100/1030] loss = 0.000000
[e094 s0150/1030] loss = 0.000000
[e094 s0200/1030] loss = 0.000000
[e094 s0250/1030] loss = 0.000000
[e094 s0300/1030] loss = 0.000000
[e094 s0350/1030] loss = 0.000000
[e094 s0400/1030] loss = 0.000000
[e094 s0450/1030] loss = 0.000000
[e094 s0500/1030] loss = 0.000000
[e094 s0550/1030] loss = 0.000000
[e094 s0600/1030] loss = 0.000000
[e094 s0650/1030] loss = 0.000000
[e094 s0700/1030] loss = 0.000000
[e094 s0750/1030] loss = 0.000000
[e094 s0800/1030] loss = 0.000000
[e094 s0850/1030] loss = 0.000000
[e094 s0900/1030] loss = 0.000000
[e094 s0950/1030] loss = 0.000000
[e094 s1000/1030] loss = 0.000000
/app/apps/pytorch/2.6.0-py3-cu11.8/lib/python3.13/site-packages/torchvision/transforms/functional.py:154: UserWarning: The given NumPy array is not writable, and PyTorch does not support non-writable tensors. This means writing to this tensor will result in undefined behavior. You may want to copy the array to protect its data or make it writable before converting it to a tensor. This type of warning will be suppressed for the rest of this program. (Triggered internally at /pytorch/torch/csrc/utils/tensor_numpy.cpp:203.)
  img = torch.from_numpy(pic.transpose((2, 0, 1))).contiguous()
/app/apps/pytorch/2.6.0-py3-cu11.8/lib/python3.13/site-packages/torchvision/transforms/functional.py:154: UserWarning: The given NumPy array is not writable, and PyTorch does not support non-writable tensors. This means writing to this tensor will result in undefined behavior. You may want to copy the array to protect its data or make it writable before converting it to a tensor. This type of warning will be suppressed for the rest of this program. (Triggered internally at /pytorch/torch/csrc/utils/tensor_numpy.cpp:203.)
  img = torch.from_numpy(pic.transpose((2, 0, 1))).contiguous()
/app/apps/pytorch/2.6.0-py3-cu11.8/lib/python3.13/site-packages/torchvision/transforms/functional.py:154: UserWarning: The given NumPy array is not writable, and PyTorch does not support non-writable tensors. This means writing to this tensor will result in undefined behavior. You may want to copy the array to protect its data or make it writable before converting it to a tensor. This type of warning will be suppressed for the rest of this program. (Triggered internally at /pytorch/torch/csrc/utils/tensor_numpy.cpp:203.)
  img = torch.from_numpy(pic.transpose((2, 0, 1))).contiguous()
/app/apps/pytorch/2.6.0-py3-cu11.8/lib/python3.13/site-packages/torchvision/transforms/functional.py:154: UserWarning: The given NumPy array is not writable, and PyTorch does not support non-writable tensors. This means writing to this tensor will result in undefined behavior. You may want to copy the array to protect its data or make it writable before converting it to a tensor. This type of warning will be suppressed for the rest of this program. (Triggered internally at /pytorch/torch/csrc/utils/tensor_numpy.cpp:203.)
  img = torch.from_numpy(pic.transpose((2, 0, 1))).contiguous()
Epoch 094: train_loss = 0.000000  MAE/GAME0 = 0.000  RMSE = 0.000  GAME1 = 0.000  GAME2 = 0.000  GAME3 = 0.000  lr = 1.00e-05  time = 15.9s
/app/apps/pytorch/2.6.0-py3-cu11.8/lib/python3.13/site-packages/torchvision/transforms/functional.py:154: UserWarning: The given NumPy array is not writable, and PyTorch does not support non-writable tensors. This means writing to this tensor will result in undefined behavior. You may want to copy the array to protect its data or make it writable before converting it to a tensor. This type of warning will be suppressed for the rest of this program. (Triggered internally at /pytorch/torch/csrc/utils/tensor_numpy.cpp:203.)
  img = torch.from_numpy(pic.transpose((2, 0, 1))).contiguous()
/app/apps/pytorch/2.6.0-py3-cu11.8/lib/python3.13/site-packages/torchvision/transforms/functional.py:154: UserWarning: The given NumPy array is not writable, and PyTorch does not support non-writable tensors. This means writing to this tensor will result in undefined behavior. You may want to copy the array to protect its data or make it writable before converting it to a tensor. This type of warning will be suppressed for the rest of this program. (Triggered internally at /pytorch/torch/csrc/utils/tensor_numpy.cpp:203.)
  img = torch.from_numpy(pic.transpose((2, 0, 1))).contiguous()
[e095 s0001/1030] loss = 0.000000
/app/apps/pytorch/2.6.0-py3-cu11.8/lib/python3.13/site-packages/torchvision/transforms/functional.py:154: UserWarning: The given NumPy array is not writable, and PyTorch does not support non-writable tensors. This means writing to this tensor will result in undefined behavior. You may want to copy the array to protect its data or make it writable before converting it to a tensor. This type of warning will be suppressed for the rest of this program. (Triggered internally at /pytorch/torch/csrc/utils/tensor_numpy.cpp:203.)
  img = torch.from_numpy(pic.transpose((2, 0, 1))).contiguous()
/app/apps/pytorch/2.6.0-py3-cu11.8/lib/python3.13/site-packages/torchvision/transforms/functional.py:154: UserWarning: The given NumPy array is not writable, and PyTorch does not support non-writable tensors. This means writing to this tensor will result in undefined behavior. You may want to copy the array to protect its data or make it writable before converting it to a tensor. This type of warning will be suppressed for the rest of this program. (Triggered internally at /pytorch/torch/csrc/utils/tensor_numpy.cpp:203.)
  img = torch.from_numpy(pic.transpose((2, 0, 1))).contiguous()
[e095 s0050/1030] loss = 0.000000
[e095 s0100/1030] loss = 0.000000
[e095 s0150/1030] loss = 0.000000
[e095 s0200/1030] loss = 0.000000
[e095 s0250/1030] loss = 0.000000
[e095 s0300/1030] loss = 0.000000
[e095 s0350/1030] loss = 0.000000
[e095 s0400/1030] loss = 0.000000
[e095 s0450/1030] loss = 0.000000
[e095 s0500/1030] loss = 0.000000
[e095 s0550/1030] loss = 0.000000
[e095 s0600/1030] loss = 0.000000
[e095 s0650/1030] loss = 0.000000
[e095 s0700/1030] loss = 0.000000
[e095 s0750/1030] loss = 0.000000
[e095 s0800/1030] loss = 0.000000
[e095 s0850/1030] loss = 0.000000
[e095 s0900/1030] loss = 0.000000
[e095 s0950/1030] loss = 0.000000
[e095 s1000/1030] loss = 0.000000
/app/apps/pytorch/2.6.0-py3-cu11.8/lib/python3.13/site-packages/torchvision/transforms/functional.py:154: UserWarning: The given NumPy array is not writable, and PyTorch does not support non-writable tensors. This means writing to this tensor will result in undefined behavior. You may want to copy the array to protect its data or make it writable before converting it to a tensor. This type of warning will be suppressed for the rest of this program. (Triggered internally at /pytorch/torch/csrc/utils/tensor_numpy.cpp:203.)
  img = torch.from_numpy(pic.transpose((2, 0, 1))).contiguous()
/app/apps/pytorch/2.6.0-py3-cu11.8/lib/python3.13/site-packages/torchvision/transforms/functional.py:154: UserWarning: The given NumPy array is not writable, and PyTorch does not support non-writable tensors. This means writing to this tensor will result in undefined behavior. You may want to copy the array to protect its data or make it writable before converting it to a tensor. This type of warning will be suppressed for the rest of this program. (Triggered internally at /pytorch/torch/csrc/utils/tensor_numpy.cpp:203.)
  img = torch.from_numpy(pic.transpose((2, 0, 1))).contiguous()
/app/apps/pytorch/2.6.0-py3-cu11.8/lib/python3.13/site-packages/torchvision/transforms/functional.py:154: UserWarning: The given NumPy array is not writable, and PyTorch does not support non-writable tensors. This means writing to this tensor will result in undefined behavior. You may want to copy the array to protect its data or make it writable before converting it to a tensor. This type of warning will be suppressed for the rest of this program. (Triggered internally at /pytorch/torch/csrc/utils/tensor_numpy.cpp:203.)
  img = torch.from_numpy(pic.transpose((2, 0, 1))).contiguous()
/app/apps/pytorch/2.6.0-py3-cu11.8/lib/python3.13/site-packages/torchvision/transforms/functional.py:154: UserWarning: The given NumPy array is not writable, and PyTorch does not support non-writable tensors. This means writing to this tensor will result in undefined behavior. You may want to copy the array to protect its data or make it writable before converting it to a tensor. This type of warning will be suppressed for the rest of this program. (Triggered internally at /pytorch/torch/csrc/utils/tensor_numpy.cpp:203.)
  img = torch.from_numpy(pic.transpose((2, 0, 1))).contiguous()
Epoch 095: train_loss = 0.000000  MAE/GAME0 = 0.000  RMSE = 0.000  GAME1 = 0.000  GAME2 = 0.000  GAME3 = 0.000  lr = 1.00e-05  time = 15.9s
/app/apps/pytorch/2.6.0-py3-cu11.8/lib/python3.13/site-packages/torchvision/transforms/functional.py:154: UserWarning: The given NumPy array is not writable, and PyTorch does not support non-writable tensors. This means writing to this tensor will result in undefined behavior. You may want to copy the array to protect its data or make it writable before converting it to a tensor. This type of warning will be suppressed for the rest of this program. (Triggered internally at /pytorch/torch/csrc/utils/tensor_numpy.cpp:203.)
  img = torch.from_numpy(pic.transpose((2, 0, 1))).contiguous()
[e096 s0001/1030] loss = 0.000000
/app/apps/pytorch/2.6.0-py3-cu11.8/lib/python3.13/site-packages/torchvision/transforms/functional.py:154: UserWarning: The given NumPy array is not writable, and PyTorch does not support non-writable tensors. This means writing to this tensor will result in undefined behavior. You may want to copy the array to protect its data or make it writable before converting it to a tensor. This type of warning will be suppressed for the rest of this program. (Triggered internally at /pytorch/torch/csrc/utils/tensor_numpy.cpp:203.)
  img = torch.from_numpy(pic.transpose((2, 0, 1))).contiguous()
/app/apps/pytorch/2.6.0-py3-cu11.8/lib/python3.13/site-packages/torchvision/transforms/functional.py:154: UserWarning: The given NumPy array is not writable, and PyTorch does not support non-writable tensors. This means writing to this tensor will result in undefined behavior. You may want to copy the array to protect its data or make it writable before converting it to a tensor. This type of warning will be suppressed for the rest of this program. (Triggered internally at /pytorch/torch/csrc/utils/tensor_numpy.cpp:203.)
  img = torch.from_numpy(pic.transpose((2, 0, 1))).contiguous()
/app/apps/pytorch/2.6.0-py3-cu11.8/lib/python3.13/site-packages/torchvision/transforms/functional.py:154: UserWarning: The given NumPy array is not writable, and PyTorch does not support non-writable tensors. This means writing to this tensor will result in undefined behavior. You may want to copy the array to protect its data or make it writable before converting it to a tensor. This type of warning will be suppressed for the rest of this program. (Triggered internally at /pytorch/torch/csrc/utils/tensor_numpy.cpp:203.)
  img = torch.from_numpy(pic.transpose((2, 0, 1))).contiguous()
[e096 s0050/1030] loss = 0.000000
[e096 s0100/1030] loss = 0.000000
[e096 s0150/1030] loss = 0.000000
[e096 s0200/1030] loss = 0.000000
[e096 s0250/1030] loss = 0.000000
[e096 s0300/1030] loss = 0.000000
[e096 s0350/1030] loss = 0.000000
[e096 s0400/1030] loss = 0.000000
[e096 s0450/1030] loss = 0.000000
[e096 s0500/1030] loss = 0.000000
[e096 s0550/1030] loss = 0.000000
[e096 s0600/1030] loss = 0.000000
[e096 s0650/1030] loss = 0.000000
[e096 s0700/1030] loss = 0.000000
[e096 s0750/1030] loss = 0.000000
[e096 s0800/1030] loss = 0.000000
[e096 s0850/1030] loss = 0.000000
[e096 s0900/1030] loss = 0.000000
[e096 s0950/1030] loss = 0.000000
[e096 s1000/1030] loss = 0.000000
/app/apps/pytorch/2.6.0-py3-cu11.8/lib/python3.13/site-packages/torchvision/transforms/functional.py:154: UserWarning: The given NumPy array is not writable, and PyTorch does not support non-writable tensors. This means writing to this tensor will result in undefined behavior. You may want to copy the array to protect its data or make it writable before converting it to a tensor. This type of warning will be suppressed for the rest of this program. (Triggered internally at /pytorch/torch/csrc/utils/tensor_numpy.cpp:203.)
  img = torch.from_numpy(pic.transpose((2, 0, 1))).contiguous()
/app/apps/pytorch/2.6.0-py3-cu11.8/lib/python3.13/site-packages/torchvision/transforms/functional.py:154: UserWarning: The given NumPy array is not writable, and PyTorch does not support non-writable tensors. This means writing to this tensor will result in undefined behavior. You may want to copy the array to protect its data or make it writable before converting it to a tensor. This type of warning will be suppressed for the rest of this program. (Triggered internally at /pytorch/torch/csrc/utils/tensor_numpy.cpp:203.)
  img = torch.from_numpy(pic.transpose((2, 0, 1))).contiguous()
/app/apps/pytorch/2.6.0-py3-cu11.8/lib/python3.13/site-packages/torchvision/transforms/functional.py:154: UserWarning: The given NumPy array is not writable, and PyTorch does not support non-writable tensors. This means writing to this tensor will result in undefined behavior. You may want to copy the array to protect its data or make it writable before converting it to a tensor. This type of warning will be suppressed for the rest of this program. (Triggered internally at /pytorch/torch/csrc/utils/tensor_numpy.cpp:203.)
  img = torch.from_numpy(pic.transpose((2, 0, 1))).contiguous()
/app/apps/pytorch/2.6.0-py3-cu11.8/lib/python3.13/site-packages/torchvision/transforms/functional.py:154: UserWarning: The given NumPy array is not writable, and PyTorch does not support non-writable tensors. This means writing to this tensor will result in undefined behavior. You may want to copy the array to protect its data or make it writable before converting it to a tensor. This type of warning will be suppressed for the rest of this program. (Triggered internally at /pytorch/torch/csrc/utils/tensor_numpy.cpp:203.)
  img = torch.from_numpy(pic.transpose((2, 0, 1))).contiguous()
Epoch 096: train_loss = 0.000000  MAE/GAME0 = 0.000  RMSE = 0.000  GAME1 = 0.000  GAME2 = 0.000  GAME3 = 0.000  lr = 1.00e-05  time = 15.8s
/app/apps/pytorch/2.6.0-py3-cu11.8/lib/python3.13/site-packages/torchvision/transforms/functional.py:154: UserWarning: The given NumPy array is not writable, and PyTorch does not support non-writable tensors. This means writing to this tensor will result in undefined behavior. You may want to copy the array to protect its data or make it writable before converting it to a tensor. This type of warning will be suppressed for the rest of this program. (Triggered internally at /pytorch/torch/csrc/utils/tensor_numpy.cpp:203.)
  img = torch.from_numpy(pic.transpose((2, 0, 1))).contiguous()
[e097 s0001/1030] loss = 0.000000
/app/apps/pytorch/2.6.0-py3-cu11.8/lib/python3.13/site-packages/torchvision/transforms/functional.py:154: UserWarning: The given NumPy array is not writable, and PyTorch does not support non-writable tensors. This means writing to this tensor will result in undefined behavior. You may want to copy the array to protect its data or make it writable before converting it to a tensor. This type of warning will be suppressed for the rest of this program. (Triggered internally at /pytorch/torch/csrc/utils/tensor_numpy.cpp:203.)
  img = torch.from_numpy(pic.transpose((2, 0, 1))).contiguous()
/app/apps/pytorch/2.6.0-py3-cu11.8/lib/python3.13/site-packages/torchvision/transforms/functional.py:154: UserWarning: The given NumPy array is not writable, and PyTorch does not support non-writable tensors. This means writing to this tensor will result in undefined behavior. You may want to copy the array to protect its data or make it writable before converting it to a tensor. This type of warning will be suppressed for the rest of this program. (Triggered internally at /pytorch/torch/csrc/utils/tensor_numpy.cpp:203.)
  img = torch.from_numpy(pic.transpose((2, 0, 1))).contiguous()
/app/apps/pytorch/2.6.0-py3-cu11.8/lib/python3.13/site-packages/torchvision/transforms/functional.py:154: UserWarning: The given NumPy array is not writable, and PyTorch does not support non-writable tensors. This means writing to this tensor will result in undefined behavior. You may want to copy the array to protect its data or make it writable before converting it to a tensor. This type of warning will be suppressed for the rest of this program. (Triggered internally at /pytorch/torch/csrc/utils/tensor_numpy.cpp:203.)
  img = torch.from_numpy(pic.transpose((2, 0, 1))).contiguous()
[e097 s0050/1030] loss = 0.000000
[e097 s0100/1030] loss = 0.000000
[e097 s0150/1030] loss = 0.000000
[e097 s0200/1030] loss = 0.000000
[e097 s0250/1030] loss = 0.000000
[e097 s0300/1030] loss = 0.000000
[e097 s0350/1030] loss = 0.000000
[e097 s0400/1030] loss = 0.000000
[e097 s0450/1030] loss = 0.000000
[e097 s0500/1030] loss = 0.000000
[e097 s0550/1030] loss = 0.000000
[e097 s0600/1030] loss = 0.000000
[e097 s0650/1030] loss = 0.000000
[e097 s0700/1030] loss = 0.000000
[e097 s0750/1030] loss = 0.000000
[e097 s0800/1030] loss = 0.000000
[e097 s0850/1030] loss = 0.000000
[e097 s0900/1030] loss = 0.000000
[e097 s0950/1030] loss = 0.000000
[e097 s1000/1030] loss = 0.000000
/app/apps/pytorch/2.6.0-py3-cu11.8/lib/python3.13/site-packages/torchvision/transforms/functional.py:154: UserWarning: The given NumPy array is not writable, and PyTorch does not support non-writable tensors. This means writing to this tensor will result in undefined behavior. You may want to copy the array to protect its data or make it writable before converting it to a tensor. This type of warning will be suppressed for the rest of this program. (Triggered internally at /pytorch/torch/csrc/utils/tensor_numpy.cpp:203.)
  img = torch.from_numpy(pic.transpose((2, 0, 1))).contiguous()
/app/apps/pytorch/2.6.0-py3-cu11.8/lib/python3.13/site-packages/torchvision/transforms/functional.py:154: UserWarning: The given NumPy array is not writable, and PyTorch does not support non-writable tensors. This means writing to this tensor will result in undefined behavior. You may want to copy the array to protect its data or make it writable before converting it to a tensor. This type of warning will be suppressed for the rest of this program. (Triggered internally at /pytorch/torch/csrc/utils/tensor_numpy.cpp:203.)
  img = torch.from_numpy(pic.transpose((2, 0, 1))).contiguous()
/app/apps/pytorch/2.6.0-py3-cu11.8/lib/python3.13/site-packages/torchvision/transforms/functional.py:154: UserWarning: The given NumPy array is not writable, and PyTorch does not support non-writable tensors. This means writing to this tensor will result in undefined behavior. You may want to copy the array to protect its data or make it writable before converting it to a tensor. This type of warning will be suppressed for the rest of this program. (Triggered internally at /pytorch/torch/csrc/utils/tensor_numpy.cpp:203.)
  img = torch.from_numpy(pic.transpose((2, 0, 1))).contiguous()
/app/apps/pytorch/2.6.0-py3-cu11.8/lib/python3.13/site-packages/torchvision/transforms/functional.py:154: UserWarning: The given NumPy array is not writable, and PyTorch does not support non-writable tensors. This means writing to this tensor will result in undefined behavior. You may want to copy the array to protect its data or make it writable before converting it to a tensor. This type of warning will be suppressed for the rest of this program. (Triggered internally at /pytorch/torch/csrc/utils/tensor_numpy.cpp:203.)
  img = torch.from_numpy(pic.transpose((2, 0, 1))).contiguous()
Epoch 097: train_loss = 0.000000  MAE/GAME0 = 0.000  RMSE = 0.000  GAME1 = 0.000  GAME2 = 0.000  GAME3 = 0.000  lr = 1.00e-05  time = 16.0s
/app/apps/pytorch/2.6.0-py3-cu11.8/lib/python3.13/site-packages/torchvision/transforms/functional.py:154: UserWarning: The given NumPy array is not writable, and PyTorch does not support non-writable tensors. This means writing to this tensor will result in undefined behavior. You may want to copy the array to protect its data or make it writable before converting it to a tensor. This type of warning will be suppressed for the rest of this program. (Triggered internally at /pytorch/torch/csrc/utils/tensor_numpy.cpp:203.)
  img = torch.from_numpy(pic.transpose((2, 0, 1))).contiguous()
/app/apps/pytorch/2.6.0-py3-cu11.8/lib/python3.13/site-packages/torchvision/transforms/functional.py:154: UserWarning: The given NumPy array is not writable, and PyTorch does not support non-writable tensors. This means writing to this tensor will result in undefined behavior. You may want to copy the array to protect its data or make it writable before converting it to a tensor. This type of warning will be suppressed for the rest of this program. (Triggered internally at /pytorch/torch/csrc/utils/tensor_numpy.cpp:203.)
  img = torch.from_numpy(pic.transpose((2, 0, 1))).contiguous()
/app/apps/pytorch/2.6.0-py3-cu11.8/lib/python3.13/site-packages/torchvision/transforms/functional.py:154: UserWarning: The given NumPy array is not writable, and PyTorch does not support non-writable tensors. This means writing to this tensor will result in undefined behavior. You may want to copy the array to protect its data or make it writable before converting it to a tensor. This type of warning will be suppressed for the rest of this program. (Triggered internally at /pytorch/torch/csrc/utils/tensor_numpy.cpp:203.)
  img = torch.from_numpy(pic.transpose((2, 0, 1))).contiguous()
[e098 s0001/1030] loss = 0.000000
/app/apps/pytorch/2.6.0-py3-cu11.8/lib/python3.13/site-packages/torchvision/transforms/functional.py:154: UserWarning: The given NumPy array is not writable, and PyTorch does not support non-writable tensors. This means writing to this tensor will result in undefined behavior. You may want to copy the array to protect its data or make it writable before converting it to a tensor. This type of warning will be suppressed for the rest of this program. (Triggered internally at /pytorch/torch/csrc/utils/tensor_numpy.cpp:203.)
  img = torch.from_numpy(pic.transpose((2, 0, 1))).contiguous()
[e098 s0050/1030] loss = 0.000000
[e098 s0100/1030] loss = 0.000000
[e098 s0150/1030] loss = 0.000000
[e098 s0200/1030] loss = 0.000000
[e098 s0250/1030] loss = 0.000000
[e098 s0300/1030] loss = 0.000000
[e098 s0350/1030] loss = 0.000000
[e098 s0400/1030] loss = 0.000000
[e098 s0450/1030] loss = 0.000000
[e098 s0500/1030] loss = 0.000000
[e098 s0550/1030] loss = 0.000000
[e098 s0600/1030] loss = 0.000000
[e098 s0650/1030] loss = 0.000000
[e098 s0700/1030] loss = 0.000000
[e098 s0750/1030] loss = 0.000000
[e098 s0800/1030] loss = 0.000000
[e098 s0850/1030] loss = 0.000000
[e098 s0900/1030] loss = 0.000000
[e098 s0950/1030] loss = 0.000000
[e098 s1000/1030] loss = 0.000000
/app/apps/pytorch/2.6.0-py3-cu11.8/lib/python3.13/site-packages/torchvision/transforms/functional.py:154: UserWarning: The given NumPy array is not writable, and PyTorch does not support non-writable tensors. This means writing to this tensor will result in undefined behavior. You may want to copy the array to protect its data or make it writable before converting it to a tensor. This type of warning will be suppressed for the rest of this program. (Triggered internally at /pytorch/torch/csrc/utils/tensor_numpy.cpp:203.)
  img = torch.from_numpy(pic.transpose((2, 0, 1))).contiguous()
/app/apps/pytorch/2.6.0-py3-cu11.8/lib/python3.13/site-packages/torchvision/transforms/functional.py:154: UserWarning: The given NumPy array is not writable, and PyTorch does not support non-writable tensors. This means writing to this tensor will result in undefined behavior. You may want to copy the array to protect its data or make it writable before converting it to a tensor. This type of warning will be suppressed for the rest of this program. (Triggered internally at /pytorch/torch/csrc/utils/tensor_numpy.cpp:203.)
  img = torch.from_numpy(pic.transpose((2, 0, 1))).contiguous()
/app/apps/pytorch/2.6.0-py3-cu11.8/lib/python3.13/site-packages/torchvision/transforms/functional.py:154: UserWarning: The given NumPy array is not writable, and PyTorch does not support non-writable tensors. This means writing to this tensor will result in undefined behavior. You may want to copy the array to protect its data or make it writable before converting it to a tensor. This type of warning will be suppressed for the rest of this program. (Triggered internally at /pytorch/torch/csrc/utils/tensor_numpy.cpp:203.)
  img = torch.from_numpy(pic.transpose((2, 0, 1))).contiguous()
/app/apps/pytorch/2.6.0-py3-cu11.8/lib/python3.13/site-packages/torchvision/transforms/functional.py:154: UserWarning: The given NumPy array is not writable, and PyTorch does not support non-writable tensors. This means writing to this tensor will result in undefined behavior. You may want to copy the array to protect its data or make it writable before converting it to a tensor. This type of warning will be suppressed for the rest of this program. (Triggered internally at /pytorch/torch/csrc/utils/tensor_numpy.cpp:203.)
  img = torch.from_numpy(pic.transpose((2, 0, 1))).contiguous()
Epoch 098: train_loss = 0.000000  MAE/GAME0 = 0.000  RMSE = 0.000  GAME1 = 0.000  GAME2 = 0.000  GAME3 = 0.000  lr = 1.00e-05  time = 16.0s
/app/apps/pytorch/2.6.0-py3-cu11.8/lib/python3.13/site-packages/torchvision/transforms/functional.py:154: UserWarning: The given NumPy array is not writable, and PyTorch does not support non-writable tensors. This means writing to this tensor will result in undefined behavior. You may want to copy the array to protect its data or make it writable before converting it to a tensor. This type of warning will be suppressed for the rest of this program. (Triggered internally at /pytorch/torch/csrc/utils/tensor_numpy.cpp:203.)
  img = torch.from_numpy(pic.transpose((2, 0, 1))).contiguous()
/app/apps/pytorch/2.6.0-py3-cu11.8/lib/python3.13/site-packages/torchvision/transforms/functional.py:154: UserWarning: The given NumPy array is not writable, and PyTorch does not support non-writable tensors. This means writing to this tensor will result in undefined behavior. You may want to copy the array to protect its data or make it writable before converting it to a tensor. This type of warning will be suppressed for the rest of this program. (Triggered internally at /pytorch/torch/csrc/utils/tensor_numpy.cpp:203.)
  img = torch.from_numpy(pic.transpose((2, 0, 1))).contiguous()
/app/apps/pytorch/2.6.0-py3-cu11.8/lib/python3.13/site-packages/torchvision/transforms/functional.py:154: UserWarning: The given NumPy array is not writable, and PyTorch does not support non-writable tensors. This means writing to this tensor will result in undefined behavior. You may want to copy the array to protect its data or make it writable before converting it to a tensor. This type of warning will be suppressed for the rest of this program. (Triggered internally at /pytorch/torch/csrc/utils/tensor_numpy.cpp:203.)
  img = torch.from_numpy(pic.transpose((2, 0, 1))).contiguous()
/app/apps/pytorch/2.6.0-py3-cu11.8/lib/python3.13/site-packages/torchvision/transforms/functional.py:154: UserWarning: The given NumPy array is not writable, and PyTorch does not support non-writable tensors. This means writing to this tensor will result in undefined behavior. You may want to copy the array to protect its data or make it writable before converting it to a tensor. This type of warning will be suppressed for the rest of this program. (Triggered internally at /pytorch/torch/csrc/utils/tensor_numpy.cpp:203.)
  img = torch.from_numpy(pic.transpose((2, 0, 1))).contiguous()
[e099 s0001/1030] loss = 0.000000
[e099 s0050/1030] loss = 0.000000
[e099 s0100/1030] loss = 0.000000
[e099 s0150/1030] loss = 0.000000
[e099 s0200/1030] loss = 0.000000
[e099 s0250/1030] loss = 0.000000
[e099 s0300/1030] loss = 0.000000
[e099 s0350/1030] loss = 0.000000
[e099 s0400/1030] loss = 0.000000
[e099 s0450/1030] loss = 0.000000
[e099 s0500/1030] loss = 0.000000
[e099 s0550/1030] loss = 0.000000
[e099 s0600/1030] loss = 0.000000
[e099 s0650/1030] loss = 0.000000
[e099 s0700/1030] loss = 0.000000
[e099 s0750/1030] loss = 0.000000
[e099 s0800/1030] loss = 0.000000
[e099 s0850/1030] loss = 0.000000
[e099 s0900/1030] loss = 0.000000
[e099 s0950/1030] loss = 0.000000
[e099 s1000/1030] loss = 0.000000
/app/apps/pytorch/2.6.0-py3-cu11.8/lib/python3.13/site-packages/torchvision/transforms/functional.py:154: UserWarning: The given NumPy array is not writable, and PyTorch does not support non-writable tensors. This means writing to this tensor will result in undefined behavior. You may want to copy the array to protect its data or make it writable before converting it to a tensor. This type of warning will be suppressed for the rest of this program. (Triggered internally at /pytorch/torch/csrc/utils/tensor_numpy.cpp:203.)
  img = torch.from_numpy(pic.transpose((2, 0, 1))).contiguous()
/app/apps/pytorch/2.6.0-py3-cu11.8/lib/python3.13/site-packages/torchvision/transforms/functional.py:154: UserWarning: The given NumPy array is not writable, and PyTorch does not support non-writable tensors. This means writing to this tensor will result in undefined behavior. You may want to copy the array to protect its data or make it writable before converting it to a tensor. This type of warning will be suppressed for the rest of this program. (Triggered internally at /pytorch/torch/csrc/utils/tensor_numpy.cpp:203.)
  img = torch.from_numpy(pic.transpose((2, 0, 1))).contiguous()
/app/apps/pytorch/2.6.0-py3-cu11.8/lib/python3.13/site-packages/torchvision/transforms/functional.py:154: UserWarning: The given NumPy array is not writable, and PyTorch does not support non-writable tensors. This means writing to this tensor will result in undefined behavior. You may want to copy the array to protect its data or make it writable before converting it to a tensor. This type of warning will be suppressed for the rest of this program. (Triggered internally at /pytorch/torch/csrc/utils/tensor_numpy.cpp:203.)
  img = torch.from_numpy(pic.transpose((2, 0, 1))).contiguous()
/app/apps/pytorch/2.6.0-py3-cu11.8/lib/python3.13/site-packages/torchvision/transforms/functional.py:154: UserWarning: The given NumPy array is not writable, and PyTorch does not support non-writable tensors. This means writing to this tensor will result in undefined behavior. You may want to copy the array to protect its data or make it writable before converting it to a tensor. This type of warning will be suppressed for the rest of this program. (Triggered internally at /pytorch/torch/csrc/utils/tensor_numpy.cpp:203.)
  img = torch.from_numpy(pic.transpose((2, 0, 1))).contiguous()
Epoch 099: train_loss = 0.000000  MAE/GAME0 = 0.000  RMSE = 0.000  GAME1 = 0.000  GAME2 = 0.000  GAME3 = 0.000  lr = 1.00e-05  time = 15.9s
/app/apps/pytorch/2.6.0-py3-cu11.8/lib/python3.13/site-packages/torchvision/transforms/functional.py:154: UserWarning: The given NumPy array is not writable, and PyTorch does not support non-writable tensors. This means writing to this tensor will result in undefined behavior. You may want to copy the array to protect its data or make it writable before converting it to a tensor. This type of warning will be suppressed for the rest of this program. (Triggered internally at /pytorch/torch/csrc/utils/tensor_numpy.cpp:203.)
  img = torch.from_numpy(pic.transpose((2, 0, 1))).contiguous()
/app/apps/pytorch/2.6.0-py3-cu11.8/lib/python3.13/site-packages/torchvision/transforms/functional.py:154: UserWarning: The given NumPy array is not writable, and PyTorch does not support non-writable tensors. This means writing to this tensor will result in undefined behavior. You may want to copy the array to protect its data or make it writable before converting it to a tensor. This type of warning will be suppressed for the rest of this program. (Triggered internally at /pytorch/torch/csrc/utils/tensor_numpy.cpp:203.)
  img = torch.from_numpy(pic.transpose((2, 0, 1))).contiguous()
/app/apps/pytorch/2.6.0-py3-cu11.8/lib/python3.13/site-packages/torchvision/transforms/functional.py:154: UserWarning: The given NumPy array is not writable, and PyTorch does not support non-writable tensors. This means writing to this tensor will result in undefined behavior. You may want to copy the array to protect its data or make it writable before converting it to a tensor. This type of warning will be suppressed for the rest of this program. (Triggered internally at /pytorch/torch/csrc/utils/tensor_numpy.cpp:203.)
  img = torch.from_numpy(pic.transpose((2, 0, 1))).contiguous()
/app/apps/pytorch/2.6.0-py3-cu11.8/lib/python3.13/site-packages/torchvision/transforms/functional.py:154: UserWarning: The given NumPy array is not writable, and PyTorch does not support non-writable tensors. This means writing to this tensor will result in undefined behavior. You may want to copy the array to protect its data or make it writable before converting it to a tensor. This type of warning will be suppressed for the rest of this program. (Triggered internally at /pytorch/torch/csrc/utils/tensor_numpy.cpp:203.)
  img = torch.from_numpy(pic.transpose((2, 0, 1))).contiguous()
[e100 s0001/1030] loss = 0.000000
[e100 s0050/1030] loss = 0.000000
[e100 s0100/1030] loss = 0.000000
[e100 s0150/1030] loss = 0.000000
[e100 s0200/1030] loss = 0.000000
[e100 s0250/1030] loss = 0.000000
[e100 s0300/1030] loss = 0.000000
[e100 s0350/1030] loss = 0.000000
[e100 s0400/1030] loss = 0.000000
[e100 s0450/1030] loss = 0.000000
[e100 s0500/1030] loss = 0.000000
[e100 s0550/1030] loss = 0.000000
[e100 s0600/1030] loss = 0.000000
[e100 s0650/1030] loss = 0.000000
[e100 s0700/1030] loss = 0.000000
[e100 s0750/1030] loss = 0.000000
[e100 s0800/1030] loss = 0.000000
[e100 s0850/1030] loss = 0.000000
[e100 s0900/1030] loss = 0.000000
[e100 s0950/1030] loss = 0.000000
[e100 s1000/1030] loss = 0.000000
/app/apps/pytorch/2.6.0-py3-cu11.8/lib/python3.13/site-packages/torchvision/transforms/functional.py:154: UserWarning: The given NumPy array is not writable, and PyTorch does not support non-writable tensors. This means writing to this tensor will result in undefined behavior. You may want to copy the array to protect its data or make it writable before converting it to a tensor. This type of warning will be suppressed for the rest of this program. (Triggered internally at /pytorch/torch/csrc/utils/tensor_numpy.cpp:203.)
  img = torch.from_numpy(pic.transpose((2, 0, 1))).contiguous()
/app/apps/pytorch/2.6.0-py3-cu11.8/lib/python3.13/site-packages/torchvision/transforms/functional.py:154: UserWarning: The given NumPy array is not writable, and PyTorch does not support non-writable tensors. This means writing to this tensor will result in undefined behavior. You may want to copy the array to protect its data or make it writable before converting it to a tensor. This type of warning will be suppressed for the rest of this program. (Triggered internally at /pytorch/torch/csrc/utils/tensor_numpy.cpp:203.)
  img = torch.from_numpy(pic.transpose((2, 0, 1))).contiguous()
/app/apps/pytorch/2.6.0-py3-cu11.8/lib/python3.13/site-packages/torchvision/transforms/functional.py:154: UserWarning: The given NumPy array is not writable, and PyTorch does not support non-writable tensors. This means writing to this tensor will result in undefined behavior. You may want to copy the array to protect its data or make it writable before converting it to a tensor. This type of warning will be suppressed for the rest of this program. (Triggered internally at /pytorch/torch/csrc/utils/tensor_numpy.cpp:203.)
  img = torch.from_numpy(pic.transpose((2, 0, 1))).contiguous()
/app/apps/pytorch/2.6.0-py3-cu11.8/lib/python3.13/site-packages/torchvision/transforms/functional.py:154: UserWarning: The given NumPy array is not writable, and PyTorch does not support non-writable tensors. This means writing to this tensor will result in undefined behavior. You may want to copy the array to protect its data or make it writable before converting it to a tensor. This type of warning will be suppressed for the rest of this program. (Triggered internally at /pytorch/torch/csrc/utils/tensor_numpy.cpp:203.)
  img = torch.from_numpy(pic.transpose((2, 0, 1))).contiguous()
Epoch 100: train_loss = 0.000000  MAE/GAME0 = 0.000  RMSE = 0.000  GAME1 = 0.000  GAME2 = 0.000  GAME3 = 0.000  lr = 1.00e-05  time = 16.0s
[done] best_mae = 0.000  best_path = /scratch/users/ntu/kenneth0/FYP-SmartObjectCounter/outputs/rgbt_late_e100/12759944.pbs101_20260120_005018/best.pth
